RIAL,RIAR,RIBL,RIM,RIBR,sensory,,,,,,velocity,speed,odor,upp_cam_index,RIAL_x,RIAL_y,RIAR_x,RIAR_y,RIBL_x,RIBL_y,RIM_x,RIM_y,RIBR_x,RIBR_y,sensory_x,sensory_y,Speed_3,Speed_5,Speed_10
0,0,0,0,0,0,0.00E+00,0.00E+00,0.00E+00,0.00E+00,0.00E+00,-1.50397153458744,4.30E+01,0,46,0.00E+00,0.00E+00,0.00E+00,0.00E+00,0.00E+00,0.00E+00,0.00E+00,0.00E+00,0.00E+00,0.00E+00,0.00E+00,0.00E+00,2.27E+01,4.68E+01,4.35E+01
0,0,0,0,0,0,0.00E+00,0.00E+00,0.00E+00,0.00E+00,0.00E+00,-1.00630773940328,3.65E+00,0,49,0.00E+00,0.00E+00,0.00E+00,0.00E+00,0.00E+00,0.00E+00,0.00E+00,0.00E+00,0.00E+00,0.00E+00,0.00E+00,0.00E+00,2.16E+01,2.39E+01,8.60E+01
0,0,0,0,0,0,0.00E+00,0.00E+00,0.00E+00,0.00E+00,0.00E+00,0.178565289539043,1.09E+00,0,52,0.00E+00,0.00E+00,0.00E+00,0.00E+00,0.00E+00,0.00E+00,0.00E+00,0.00E+00,0.00E+00,0.00E+00,0.00E+00,0.00E+00,4.04E+00,2.82E+01,1.34E+02
0,0,0,0,0,0,0.00E+00,0.00E+00,0.00E+00,0.00E+00,0.00E+00,11.2704120916779,2.12E+01,0,54,0.00E+00,0.00E+00,0.00E+00,0.00E+00,0.00E+00,0.00E+00,0.00E+00,0.00E+00,0.00E+00,0.00E+00,0.00E+00,0.00E+00,2.59E+00,1.80E+01,1.71E+02
0,0,0,0,0,0,0.00E+00,0.00E+00,0.00E+00,0.00E+00,0.00E+00,-1.99480416442744,2.63E+00,0,57,0.00E+00,0.00E+00,0.00E+00,0.00E+00,0.00E+00,0.00E+00,0.00E+00,0.00E+00,0.00E+00,0.00E+00,0.00E+00,0.00E+00,1.07E+01,6.38E+00,2.25E+02
0,0,0,0,0,0,0.00E+00,0.00E+00,0.00E+00,0.00E+00,0.00E+00,4.84523757855723,1.36E+01,0,60,0.00E+00,0.00E+00,0.00E+00,0.00E+00,0.00E+00,0.00E+00,0.00E+00,0.00E+00,0.00E+00,0.00E+00,0.00E+00,0.00E+00,1.72E+00,1.20E+01,2.63E+02
0,0,0,0,0,0,0.00E+00,0.00E+00,0.00E+00,0.00E+00,0.00E+00,-1.23894587734128,2.73E+00,0,63,0.00E+00,0.00E+00,0.00E+00,0.00E+00,0.00E+00,0.00E+00,0.00E+00,0.00E+00,0.00E+00,0.00E+00,0.00E+00,0.00E+00,1.74E+00,9.59E+00,2.84E+02
0,0,0,0,0,0,0.00E+00,0.00E+00,0.00E+00,0.00E+00,0.00E+00,1.54768584204589,4.84E+00,0,66,0.00E+00,0.00E+00,0.00E+00,0.00E+00,0.00E+00,0.00E+00,0.00E+00,0.00E+00,0.00E+00,0.00E+00,0.00E+00,0.00E+00,2.08E+00,7.58E+00,2.78E+02
0,0,0,0,0,0,0.00E+00,0.00E+00,0.00E+00,0.00E+00,0.00E+00,-2.34873982978377,8.64E+00,0,68,0.00E+00,0.00E+00,0.00E+00,0.00E+00,0.00E+00,0.00E+00,0.00E+00,0.00E+00,0.00E+00,0.00E+00,0.00E+00,0.00E+00,8.49E+00,9.06E+00,2.68E+02
0,0,0,0,0,0,0.00E+00,0.00E+00,0.00E+00,0.00E+00,0.00E+00,8.49351759216186,1.17E+01,0,71,0.00E+00,0.00E+00,0.00E+00,0.00E+00,0.00E+00,0.00E+00,0.00E+00,0.00E+00,0.00E+00,0.00E+00,0.00E+00,0.00E+00,2.37E+00,1.26E+01,2.34E+02
0,0,0,0,0,0,0.00E+00,0.00E+00,0.00E+00,0.00E+00,0.00E+00,-1.0027706637309,8.47E+00,0,74,0.00E+00,0.00E+00,0.00E+00,0.00E+00,0.00E+00,0.00E+00,0.00E+00,0.00E+00,0.00E+00,0.00E+00,0.00E+00,0.00E+00,7.15E+00,1.54E+01,1.93E+02
0,0,0,0,0,0,0.00E+00,0.00E+00,0.00E+00,0.00E+00,0.00E+00,3.77961554327948,2.05E+00,0,77,0.00E+00,0.00E+00,0.00E+00,0.00E+00,0.00E+00,0.00E+00,0.00E+00,0.00E+00,0.00E+00,0.00E+00,0.00E+00,0.00E+00,6.88E+00,1.05E+01,1.64E+02
0,0,0,0,0,0,0.00E+00,0.00E+00,0.00E+00,0.00E+00,0.00E+00,-15.3194247525596,3.81E+01,0,80,0.00E+00,0.00E+00,0.00E+00,0.00E+00,0.00E+00,0.00E+00,0.00E+00,0.00E+00,0.00E+00,0.00E+00,0.00E+00,0.00E+00,2.34E+01,1.18E+01,1.38E+02
0,0,0,0,0,0,0.00E+00,0.00E+00,0.00E+00,0.00E+00,0.00E+00,15.967480717495,2.26E+01,0,82,0.00E+00,0.00E+00,0.00E+00,0.00E+00,0.00E+00,0.00E+00,0.00E+00,0.00E+00,0.00E+00,0.00E+00,0.00E+00,0.00E+00,2.25E+01,1.89E+01,1.39E+02
0,0,0,0,0,0,0.00E+00,0.00E+00,0.00E+00,0.00E+00,0.00E+00,-0.462349355831178,3.42E+00,0,85,0.00E+00,0.00E+00,0.00E+00,0.00E+00,0.00E+00,0.00E+00,0.00E+00,0.00E+00,0.00E+00,0.00E+00,0.00E+00,0.00E+00,5.60E+00,2.27E+01,1.42E+02
0.436470448970795,0.297478556632996,1.16233003139496,1.05618822574615,1.04144847393036,1.01715636253357,7.73E-01,7.16E-01,7.72E-01,7.17E-01,6.92E-01,1.3290695633985,8.43E+00,0,88,2.52E+02,5.97E+02,2.18E+02,5.53E+02,2.91E+02,4.87E+02,2.30E+02,4.50E+02,2.70E+02,5.02E+02,2.31E+02,4.91E+02,8.56E+00,6.98E+00,1.50E+02
0.432173103094101,0.288092881441116,1.12119054794312,1.04841184616089,1.00833857059479,1.04204976558685,7.99E-01,7.34E-01,8.05E-01,7.26E-01,6.91E-01,-1.93803195188151,5.27E+00,0,91,2.78E+02,5.83E+02,2.54E+02,5.62E+02,3.20E+02,4.86E+02,2.56E+02,4.57E+02,3.01E+02,5.02E+02,2.65E+02,4.96E+02,3.88E+00,1.07E+01,1.60E+02
0.411679148674011,0.265751957893372,1.10408675670624,1.05672800540924,1.06919515132904,1.04184806346893,7.48E-01,7.15E-01,7.93E-01,7.14E-01,6.91E-01,-0.021631766586271,1.55E+01,0,94,3.31E+02,4.65E+02,2.90E+02,4.31E+02,3.44E+02,3.43E+02,2.74E+02,3.26E+02,3.27E+02,3.64E+02,2.89E+02,3.66E+02,5.24E+00,8.60E+00,1.73E+02
0.417514830827713,0.261213093996048,1.0843551158905,1.05322158336639,1.01885104179382,1.04296433925629,8.12E-01,6.98E-01,8.08E-01,7.26E-01,6.96E-01,0.357993094652889,3.19E-01,0,96,3.52E+02,4.74E+02,3.24E+02,4.55E+02,3.67E+02,3.59E+02,3.01E+02,3.52E+02,3.54E+02,3.82E+02,3.19E+02,3.89E+02,7.20E+00,4.06E+00,1.63E+02
0.427547931671143,0.266532063484192,1.11411988735199,1.06817030906677,1.21838760375977,1.04521572589874,7.42E-01,6.86E-01,8.14E-01,6.88E-01,6.68E-01,-0.177696884392791,2.90E+00,0,99,4.17E+02,5.04E+02,3.80E+02,4.79E+02,4.10E+02,3.78E+02,3.44E+02,3.76E+02,4.00E+02,4.03E+02,3.67E+02,4.15E+02,6.68E-01,5.28E+00,1.55E+02
0.418935477733612,0.255092948675156,1.09752249717712,1.0682076215744,1.19653415679932,1.08600354194641,7.65E-01,6.78E-01,8.16E-01,7.14E-01,6.81E-01,-0.072395319810758,8.50E-01,0,102,4.28E+02,5.15E+02,4.02E+02,4.99E+02,4.29E+02,3.94E+02,3.66E+02,3.97E+02,4.21E+02,4.23E+02,3.90E+02,4.35E+02,1.20E+00,3.89E+00,1.30E+02
0.43139722943306,0.264684677124023,1.12258100509644,1.06685829162598,1.04430568218231,1.07587838172913,7.70E-01,7.07E-01,7.92E-01,6.93E-01,7.13E-01,-1.11238552909359,3.97E+00,0,105,4.64E+02,5.49E+02,4.30E+02,5.24E+02,4.59E+02,4.19E+02,3.93E+02,4.20E+02,4.48E+02,4.47E+02,4.17E+02,4.59E+02,1.22E+00,4.31E-01,9.39E+01
0.432374000549316,0.269885957241058,1.13881433010101,1.07391250133514,1.59331655502319,1.0800187587738,7.71E-01,7.06E-01,8.14E-01,6.98E-01,7.21E-01,-0.151498783881075,1.60E+00,0,108,4.65E+02,5.56E+02,4.33E+02,5.35E+02,4.61E+02,4.31E+02,3.95E+02,4.32E+02,4.52E+02,4.60E+02,4.20E+02,4.71E+02,2.10E+00,8.41E-02,6.20E+01
0.44101870059967,0.264834642410278,1.11096704006195,1.09330499172211,1.19321525096893,1.04098773002625,7.78E-01,6.98E-01,8.07E-01,6.99E-01,7.01E-01,1.07126662503601,1.10E+00,0,110,4.73E+02,5.65E+02,4.40E+02,5.42E+02,4.68E+02,4.37E+02,4.01E+02,4.39E+02,4.58E+02,4.64E+02,4.27E+02,4.77E+02,1.24E+00,7.97E-01,4.80E+01
0.433748751878738,0.268174707889557,1.10755527019501,1.11228764057159,1.18542456626892,1.0697478055954,8.08E-01,7.03E-01,8.03E-01,6.95E-01,7.12E-01,0.003024600114349,2.02E-01,0,113,4.70E+02,5.65E+02,4.35E+02,5.43E+02,4.62E+02,4.39E+02,3.92E+02,4.39E+02,4.52E+02,4.66E+02,4.18E+02,4.75E+02,1.24E+00,5.83E-01,3.06E+01
0.433473885059357,0.268454432487488,1.15031707286835,1.07002127170563,1.17825245857239,1.02762794494629,7.74E-01,6.95E-01,8.28E-01,7.11E-01,7.19E-01,-0.12371971440294,1.16E+00,0,116,4.49E+02,5.66E+02,4.23E+02,5.43E+02,4.51E+02,4.39E+02,3.89E+02,4.39E+02,4.43E+02,4.66E+02,4.16E+02,4.77E+02,2.49E+00,1.77E+00,3.26E+01
0.426440119743347,0.262736260890961,1.11101543903351,1.06449902057648,1.03500318527222,1.05473339557648,7.93E-01,7.16E-01,8.15E-01,7.21E-01,7.14E-01,1.2051299668022,9.60E-01,0,119,4.46E+02,5.69E+02,4.18E+02,5.48E+02,4.48E+02,4.45E+02,3.82E+02,4.42E+02,4.38E+02,4.70E+02,4.08E+02,4.81E+02,1.39E+00,2.17E+00,3.60E+01
0.449427545070648,0.268410831689835,1.15896761417389,1.0800713300705,1.26310539245605,1.04247772693634,8.00E-01,7.15E-01,8.04E-01,6.89E-01,7.26E-01,0.590049701332871,1.81E+00,0,122,4.32E+02,5.43E+02,4.16E+02,5.22E+02,4.46E+02,4.21E+02,3.78E+02,4.18E+02,4.37E+02,4.46E+02,4.03E+02,4.54E+02,1.31E+00,9.49E-01,3.36E+01
0,0,0,0,0,0,0.00E+00,0.00E+00,0.00E+00,0.00E+00,0.00E+00,-0.282255966863597,1.88E+01,0,124,0.00E+00,0.00E+00,0.00E+00,0.00E+00,0.00E+00,0.00E+00,0.00E+00,0.00E+00,0.00E+00,0.00E+00,0.00E+00,0.00E+00,7.73E+00,4.89E+00,3.07E+01
0.459466546773911,0.28966099023819,0,0,1.02473521232605,1.02922213077545,7.90E-01,7.17E-01,8.54E-01,7.09E-01,7.01E-01,2.65451730401828,1.45E+00,0,127,2.86E+02,1.29E+02,2.52E+02,7.16E+01,0.00E+00,0.00E+00,0.00E+00,0.00E+00,2.98E+02,9.33E+00,2.65E+02,1.07E+01,1.93E+00,5.75E+00,2.93E+01
0.479191422462463,0.309372991323471,1.20999622344971,0,0.987025797367096,0.996605634689331,8.08E-01,7.39E-01,8.12E-01,7.13E-01,7.68E-01,8.05850229717642,2.11E+00,0,130,2.86E+02,1.13E+02,2.65E+02,6.88E+01,3.30E+02,7.01E+00,0.00E+00,0.00E+00,3.11E+02,1.94E+01,2.80E+02,1.26E+01,3.86E+00,1.25E+00,2.62E+01
0.455344915390015,0.279484272003174,1.19821083545685,1.05785369873047,0.993693292140961,1.00387406349182,8.15E-01,7.11E-01,8.15E-01,7.68E-01,7.46E-01,-1.18818227971692,4.12E+00,0,133,2.91E+02,3.83E+02,2.67E+02,3.47E+02,3.32E+02,2.73E+02,2.66E+02,2.42E+02,3.13E+02,2.91E+02,2.79E+02,2.87E+02,1.12E+01,1.07E+01,1.98E+01
0.448983818292618,0.277982383966446,1.20095133781433,1.04590499401093,0.992595911026001,1.02725839614868,8.11E-01,7.49E-01,8.10E-01,7.76E-01,7.45E-01,0.436969231363022,2.61E+00,0,136,2.94E+02,3.92E+02,2.71E+02,3.64E+02,3.34E+02,2.86E+02,2.68E+02,2.61E+02,3.15E+02,3.04E+02,2.80E+02,3.01E+02,2.88E+00,1.56E+01,1.20E+01
0.434775620698929,0.272652953863144,1.18004274368286,1.042520403862,1.02548003196716,1.01758849620819,7.96E-01,7.36E-01,7.80E-01,7.78E-01,7.08E-01,-0.085816291057468,4.95E-01,0,138,3.05E+02,4.57E+02,2.80E+02,4.21E+02,3.37E+02,3.41E+02,2.72E+02,3.15E+02,3.21E+02,3.58E+02,2.84E+02,3.54E+02,3.40E+00,1.54E+01,4.54E+00
0.432745397090912,0.270714908838272,1.18212652206421,1.05613434314728,1.0281867980957,1.03956663608551,8.16E-01,7.33E-01,8.27E-01,7.63E-01,7.60E-01,-0.218569419274712,1.80E+00,0,141,3.08E+02,4.69E+02,2.85E+02,4.43E+02,3.43E+02,3.58E+02,2.75E+02,3.37E+02,3.26E+02,3.79E+02,2.90E+02,3.77E+02,9.93E-01,7.27E+00,1.55E+01
0.421635627746582,0.272821456193924,1.22889113426209,1.04985642433167,1.01996302604675,1.03451287746429,7.82E-01,7.42E-01,8.05E-01,7.75E-01,7.27E-01,0.061632262160493,5.91E-01,0,144,3.11E+02,4.85E+02,2.87E+02,4.54E+02,3.44E+02,3.67E+02,2.80E+02,3.45E+02,3.28E+02,3.88E+02,2.93E+02,3.88E+02,1.04E+00,1.28E+00,3.52E+01
0.418196111917496,0.278629988431931,1.15963685512543,1.06675040721893,1.31921970844269,1.05164647102356,8.13E-01,7.34E-01,8.13E-01,7.38E-01,7.15E-01,-0.47097239073707,2.00E+00,0,147,3.07E+02,4.79E+02,2.77E+02,4.25E+02,3.38E+02,3.42E+02,2.74E+02,3.12E+02,3.22E+02,3.64E+02,2.87E+02,3.57E+02,8.86E-01,6.01E-01,5.92E+01
0.450940370559692,0.281261056661606,1.20281958580017,1.07102060317993,0.99157726764679,1.05041038990021,7.80E-01,7.39E-01,8.39E-01,7.74E-01,7.55E-01,0.019444147434159,2.06E+00,0,150,2.75E+02,3.10E+02,2.55E+02,2.87E+02,3.29E+02,2.16E+02,2.67E+02,1.85E+02,3.09E+02,2.33E+02,2.76E+02,2.24E+02,2.19E+00,5.95E-01,7.69E+01
0.462838470935822,0.284093052148819,1.25988435745239,1.06831777095795,1.11101257801056,0.997083485126495,8.05E-01,7.12E-01,7.92E-01,7.42E-01,7.73E-01,-0.373487207009915,2.86E-01,0,152,2.75E+02,2.55E+02,2.55E+02,2.10E+02,3.37E+02,1.51E+02,2.75E+02,1.09E+02,3.14E+02,1.66E+02,2.80E+02,1.50E+02,6.73E+00,6.44E-01,8.75E+01
0.469712018966675,0.285230189561844,1.26276433467865,1.0700136423111,1.13250207901001,0.992741942405701,8.03E-01,7.45E-01,8.14E-01,7.83E-01,7.70E-01,3.23056449291621,4.56E+00,0,155,2.72E+02,2.46E+02,2.53E+02,2.11E+02,3.34E+02,1.46E+02,2.75E+02,1.09E+02,3.11E+02,1.63E+02,2.77E+02,1.48E+02,6.49E+00,6.49E-01,9.32E+01
0.457099109888077,0.281156629323959,1.21783113479614,1.06469643115997,1.10480725765228,1.01673805713654,7.87E-01,7.23E-01,8.18E-01,7.81E-01,7.58E-01,-0.013630199877566,1.39E+00,0,158,2.74E+02,2.59E+02,2.56E+02,2.28E+02,3.38E+02,1.62E+02,2.76E+02,1.23E+02,3.13E+02,1.76E+02,2.80E+02,1.65E+02,1.54E+00,2.49E+00,8.58E+01
0.442631721496582,0.282661586999893,1.22844672203064,1.0705634355545,1.04423105716705,1.02407288551331,7.89E-01,6.94E-01,7.96E-01,7.40E-01,7.22E-01,-0.064583408882462,4.56E-02,0,161,2.76E+02,2.90E+02,2.57E+02,2.48E+02,3.36E+02,1.74E+02,2.76E+02,1.39E+02,3.13E+02,1.92E+02,2.80E+02,1.83E+02,3.17E+00,6.12E+00,7.19E+01
0.43804794549942,0.271656721830368,1.18461084365845,1.05763530731201,1.11343193054199,1.02352166175842,7.98E-01,6.89E-01,8.05E-01,7.46E-01,7.40E-01,0.043144985747928,2.51E+00,0,164,2.80E+02,3.06E+02,2.61E+02,2.77E+02,3.36E+02,1.99E+02,2.76E+02,1.67E+02,3.15E+02,2.18E+02,2.82E+02,2.10E+02,3.53E+00,7.92E+00,5.80E+01
0.447517693042755,0.2702976167202,1.18516051769257,1.05434191226959,1.22145414352417,1.02455985546112,8.03E-01,7.08E-01,7.96E-01,7.28E-01,7.13E-01,-0.117406247975809,2.62E+00,0,166,2.83E+02,3.31E+02,2.62E+02,2.92E+02,3.37E+02,2.15E+02,2.76E+02,1.81E+02,3.16E+02,2.33E+02,2.81E+02,2.25E+02,3.67E+00,5.44E+00,4.64E+01
0.434049159288406,0.264121115207672,1.18992841243744,1.05151116847992,1.09168338775635,1.01247823238373,8.28E-01,6.97E-01,7.87E-01,7.45E-01,7.12E-01,-0.044179972983389,4.55E+00,0,169,2.86E+02,3.44E+02,2.65E+02,3.11E+02,3.37E+02,2.32E+02,2.81E+02,1.98E+02,3.17E+02,2.50E+02,2.82E+02,2.43E+02,3.51E+00,6.67E+00,3.66E+01
0.422521889209747,0.267188251018524,1.19643890857697,1.08565723896027,1.17194628715515,1.01747488975525,8.24E-01,7.18E-01,8.13E-01,7.08E-01,6.75E-01,-0.025787884871681,1.15E+00,0,172,3.54E+02,3.75E+02,3.21E+02,3.39E+02,3.86E+02,2.52E+02,3.23E+02,2.25E+02,3.68E+02,2.73E+02,3.31E+02,2.70E+02,4.66E+00,8.32E+00,3.56E+01
0.414983719587326,0.2664455473423,1.18558537960053,1.08237934112549,1.10679054260254,1.04095935821533,7.90E-01,6.92E-01,7.99E-01,7.24E-01,6.90E-01,0.351150276526202,3.03E-01,0,175,4.07E+02,3.89E+02,3.94E+02,3.62E+02,4.49E+02,2.70E+02,3.88E+02,2.51E+02,4.33E+02,2.92E+02,3.99E+02,2.94E+02,2.50E+00,8.28E+00,4.08E+01
0.427415460348129,0.257453292608261,1.17723882198334,1.06469368934631,1.12265729904175,1.00622928142548,8.09E-01,6.85E-01,7.85E-01,6.81E-01,7.18E-01,-1.03269814730197,1.52E+00,0,178,5.10E+02,4.02E+02,4.60E+02,3.74E+02,5.02E+02,2.75E+02,4.36E+02,2.62E+02,4.92E+02,3.00E+02,4.52E+02,3.04E+02,1.25E+00,7.67E+00,4.81E+01
0.431186556816101,0.259301573038101,1.17373168468475,1.12075841426849,1.02147161960602,1.04599785804749,7.67E-01,6.88E-01,7.98E-01,7.02E-01,7.03E-01,-0.697987520326878,2.32E-01,0,180,5.31E+02,4.04E+02,5.03E+02,3.81E+02,5.44E+02,2.80E+02,4.81E+02,2.70E+02,5.31E+02,3.05E+02,4.98E+02,3.10E+02,9.31E-01,5.48E+00,5.37E+01
0.421824365854263,0.256957530975342,1.17381322383881,1.07885193824768,1.10855162143707,1.0036928653717,7.81E-01,6.94E-01,7.87E-01,6.86E-01,6.92E-01,0.379108533053615,6.69E-01,0,183,5.40E+02,4.10E+02,5.07E+02,3.84E+02,5.48E+02,2.84E+02,4.84E+02,2.72E+02,5.37E+02,3.09E+02,5.01E+02,3.15E+02,7.13E-01,3.00E+00,6.39E+01
0.427379727363586,0.262510597705841,1.16454386711121,1.12377846240997,1.03736627101898,1.0119731426239,7.75E-01,6.40E-01,8.00E-01,8.16E-01,6.72E-01,0.177517397740657,4.47E-01,0,186,5.46E+02,4.11E+02,5.27E+02,3.81E+02,5.66E+02,2.80E+02,5.09E+02,2.76E+02,5.54E+02,3.08E+02,5.23E+02,3.16E+02,8.06E-01,1.74E+00,7.36E+01
0.418164074420929,0.258575558662415,1.18557131290436,1.0844898223877,1.12885320186615,1.02172553539276,8.00E-01,7.03E-01,7.99E-01,7.13E-01,7.44E-01,0.178146528612263,1.03E+00,0,189,5.51E+02,4.04E+02,5.32E+02,3.77E+02,5.72E+02,2.78E+02,5.10E+02,2.69E+02,5.61E+02,3.04E+02,5.28E+02,3.09E+02,9.11E-01,1.30E+00,8.05E+01
0.415732681751251,0.256859749555588,1.1861457824707,1.08458375930786,1.11208856105804,1.01339876651764,7.94E-01,7.11E-01,8.11E-01,7.31E-01,7.53E-01,0.474196698357196,3.82E+00,0,192,5.38E+02,4.07E+02,5.13E+02,3.84E+02,5.55E+02,2.83E+02,4.93E+02,2.74E+02,5.43E+02,3.09E+02,5.10E+02,3.16E+02,1.33E+00,4.78E-01,8.23E+01
0.421917498111725,0.253443330526352,1.17980515956879,1.10553431510925,1.06599926948547,1.02994859218597,7.75E-01,7.07E-01,8.16E-01,6.98E-01,7.17E-01,0.08526454106895,2.68E-01,0,194,5.70E+02,4.10E+02,5.35E+02,3.87E+02,5.76E+02,2.85E+02,5.10E+02,2.77E+02,5.64E+02,3.10E+02,5.31E+02,3.17E+02,2.40E+00,1.21E+00,8.13E+01
0.423761278390884,0.252535104751587,1.17818236351013,1.10031318664551,1.07421398162842,1.01434230804443,8.04E-01,7.09E-01,8.02E-01,7.19E-01,7.25E-01,0.112826464232938,1.71E+00,0,197,5.86E+02,4.02E+02,5.55E+02,3.77E+02,5.95E+02,2.72E+02,5.31E+02,2.66E+02,5.83E+02,3.00E+02,5.52E+02,3.08E+02,3.15E+00,4.48E+00,7.18E+01
0.429982662200928,0.257513105869293,1.17474341392517,1.07466053962708,1.08139431476593,1.0328916311264,7.67E-01,7.12E-01,8.09E-01,7.12E-01,7.23E-01,0.449333579519676,4.24E-01,0,200,6.03E+02,3.99E+02,5.73E+02,3.74E+02,6.11E+02,2.68E+02,5.44E+02,2.65E+02,6.00E+02,2.96E+02,5.67E+02,3.05E+02,1.85E+00,6.40E+00,5.81E+01
0.424725085496902,0.260733991861343,1.18564689159393,1.09124660491943,1.00010943412781,1.01380252838135,8.02E-01,7.10E-01,8.12E-01,7.14E-01,7.61E-01,-0.00556056992994,1.71E+00,0,203,6.01E+02,3.98E+02,5.68E+02,3.73E+02,6.06E+02,2.69E+02,5.42E+02,2.63E+02,5.95E+02,2.96E+02,5.64E+02,3.05E+02,9.96E-01,5.10E+00,3.97E+01
0.427015841007233,0.254990130662918,1.17182791233063,1.09875702857971,1.03594279289246,1.00256073474884,8.00E-01,7.06E-01,8.26E-01,7.31E-01,7.50E-01,-0.041311152772229,4.01E+00,0,206,6.03E+02,3.99E+02,5.71E+02,3.73E+02,6.11E+02,2.69E+02,5.44E+02,2.63E+02,5.99E+02,2.96E+02,5.66E+02,3.06E+02,1.09E+00,2.38E+00,2.25E+01
0.431992709636688,0.261495590209961,1.16261148452759,1.08453810214996,1.17857551574707,1.02125561237335,8.07E-01,7.12E-01,8.14E-01,7.14E-01,7.38E-01,0.068809932120106,3.31E+00,0,208,6.06E+02,3.99E+02,5.80E+02,3.74E+02,6.18E+02,2.68E+02,5.52E+02,2.63E+02,6.08E+02,2.96E+02,5.75E+02,3.03E+02,1.89E+00,1.23E+00,1.73E+01
0.438695758581162,0.2616306245327,1.17145013809204,1.08170139789581,1.03851652145386,1.01363956928253,7.88E-01,7.13E-01,8.00E-01,7.12E-01,7.46E-01,0.425228692227393,2.19E-01,0,211,6.11E+02,4.01E+02,5.84E+02,3.75E+02,6.22E+02,2.69E+02,5.58E+02,2.64E+02,6.11E+02,2.98E+02,5.81E+02,3.07E+02,1.91E+00,6.73E-01,2.47E+01
0,0,0,0,0,0,0.00E+00,0.00E+00,0.00E+00,0.00E+00,0.00E+00,0.638454514042442,8.31E-01,0,214,0.00E+00,0.00E+00,0.00E+00,0.00E+00,0.00E+00,0.00E+00,0.00E+00,0.00E+00,0.00E+00,0.00E+00,0.00E+00,0.00E+00,3.50E-01,3.56E-01,3.48E+01
0.430323570966721,0.262214958667755,1.18029224872589,1.13077437877655,1.18400430679321,1.03190505504608,7.81E-01,7.14E-01,8.06E-01,6.98E-01,7.27E-01,-0.319206604355338,6.93E-01,0,217,5.04E+02,3.92E+02,4.70E+02,3.69E+02,5.10E+02,2.66E+02,4.45E+02,2.57E+02,4.98E+02,2.92E+02,4.66E+02,3.01E+02,1.73E+00,1.47E+00,4.09E+01
0,0,0,0,0,0,0.00E+00,0.00E+00,0.00E+00,0.00E+00,0.00E+00,-0.326602107284291,8.59E+00,0,220,0.00E+00,0.00E+00,0.00E+00,0.00E+00,0.00E+00,0.00E+00,0.00E+00,0.00E+00,0.00E+00,0.00E+00,0.00E+00,0.00E+00,2.74E+00,1.54E+00,4.20E+01
0.444675773382187,0.287172198295593,1.1950935125351,1.07785320281982,1.12692582607269,0.999581873416901,7.87E-01,6.88E-01,7.86E-01,7.07E-01,7.45E-01,0.428557418400733,5.31E+00,0,222,3.25E+02,4.02E+02,3.14E+02,3.74E+02,3.69E+02,2.82E+02,3.09E+02,2.64E+02,3.55E+02,3.06E+02,3.21E+02,3.08E+02,3.15E+00,3.30E+00,4.16E+01
0.458078920841217,0.303131431341171,1.17406737804413,1.10634326934814,1.02916157245636,0.991290152072907,8.09E-01,7.24E-01,8.10E-01,7.47E-01,7.62E-01,-0.597467030772785,5.79E+00,0,225,1.72E+02,4.04E+02,1.49E+02,3.78E+02,2.03E+02,2.82E+02,1.43E+02,2.67E+02,1.89E+02,3.06E+02,1.60E+02,3.09E+02,1.70E+00,1.09E+00,3.55E+01
0,0,0,0,0,0,0.00E+00,0.00E+00,0.00E+00,0.00E+00,0.00E+00,0.202446270502415,5.57E+01,0,228,0.00E+00,0.00E+00,0.00E+00,0.00E+00,0.00E+00,0.00E+00,0.00E+00,0.00E+00,0.00E+00,0.00E+00,0.00E+00,0.00E+00,2.17E+01,1.07E+01,3.10E+01
0,0,0,0,0,0,0.00E+00,0.00E+00,0.00E+00,0.00E+00,0.00E+00,0.484467631570469,1.93E+01,0,231,0.00E+00,0.00E+00,0.00E+00,0.00E+00,0.00E+00,0.00E+00,0.00E+00,0.00E+00,0.00E+00,0.00E+00,0.00E+00,0.00E+00,5.93E+00,1.34E+01,2.40E+01
0.427892684936523,0.258842200040817,1.19355654716492,1.07750725746155,1.23267209529877,1.0434558391571,7.65E-01,6.95E-01,7.79E-01,6.77E-01,7.05E-01,3.31E-06,2.14E-01,0,234,5.55E+02,3.94E+02,5.18E+02,3.72E+02,5.60E+02,2.67E+02,4.96E+02,2.57E+02,5.48E+02,2.95E+02,5.17E+02,3.02E+02,6.59E+00,5.09E+00,1.83E+01
0,0,0,0,0,0,0.00E+00,0.00E+00,0.00E+00,0.00E+00,0.00E+00,1.99026645781297,2.30E+00,0,236,0.00E+00,0.00E+00,0.00E+00,0.00E+00,0.00E+00,0.00E+00,0.00E+00,0.00E+00,0.00E+00,0.00E+00,0.00E+00,0.00E+00,1.03E+00,7.10E+00,1.70E+01
0.465997099876404,0.308960407972336,1.19116961956024,1.05931544303894,1.09878957271576,1.02247393131256,8.36E-01,7.29E-01,8.20E-01,7.49E-01,7.59E-01,-0.039595419603826,8.88E-01,0,239,1.11E+02,3.22E+02,1.18E+02,3.03E+02,2.01E+02,2.25E+02,1.46E+02,1.93E+02,1.79E+02,2.45E+02,1.48E+02,2.41E+02,3.86E+00,7.85E+00,1.95E+01
0.464913040399551,0.315940976142883,1.17621839046478,1.0817494392395,1.11229991912842,1.00376129150391,8.46E-01,7.10E-01,7.95E-01,7.35E-01,7.47E-01,-0.018935882609353,3.31E-01,0,242,1.18E+02,2.58E+02,1.01E+02,2.02E+02,1.88E+02,1.33E+02,1.31E+02,9.61E+01,1.65E+02,1.50E+02,1.32E+02,1.38E+02,8.36E-01,7.29E+00,2.77E+01
0.464023351669312,0.320788592100143,1.19281327724457,1.04730772972107,1.05514991283417,0.99605792760849,8.27E-01,7.11E-01,7.75E-01,7.68E-01,7.39E-01,-0.938089016431166,5.27E+00,0,245,1.81E+02,2.07E+02,1.48E+02,1.75E+02,2.36E+02,1.11E+02,1.67E+02,7.61E+01,2.11E+02,1.28E+02,1.66E+02,1.15E+02,3.12E+00,8.13E+00,2.87E+01
0,0,0,0,0,0,0.00E+00,0.00E+00,0.00E+00,0.00E+00,0.00E+00,0.018606470019487,9.27E+00,0,248,0.00E+00,0.00E+00,0.00E+00,0.00E+00,0.00E+00,0.00E+00,0.00E+00,0.00E+00,0.00E+00,0.00E+00,0.00E+00,0.00E+00,7.92E-01,7.39E+00,3.49E+01
0.46193727850914,0.305011302232742,1.22007143497467,1.06057345867157,1.06974768638611,1.02110707759857,8.29E-01,6.68E-01,8.15E-01,7.70E-01,7.40E-01,-0.795342301023457,9.51E-02,0,250,1.85E+02,2.92E+02,1.49E+02,2.45E+02,2.32E+02,1.81E+02,1.69E+02,1.43E+02,2.07E+02,1.98E+02,1.71E+02,1.89E+02,4.75E+00,3.17E+00,3.36E+01
0.444242119789124,0.305545389652252,1.22131729125977,1.06309354305267,1.34001338481903,0.990523934364319,8.34E-01,7.24E-01,8.44E-01,7.77E-01,7.18E-01,0.063943114157709,7.77E-01,0,253,2.09E+02,3.08E+02,1.90E+02,2.72E+02,2.77E+02,2.04E+02,2.20E+02,1.68E+02,2.54E+02,2.23E+02,2.19E+02,2.09E+02,1.01E+00,2.86E+00,3.36E+01
0.437669843435288,0.303631216287613,1.24598097801209,1.08459115028381,1.32963073253632,1.03060638904572,8.15E-01,7.28E-01,8.39E-01,7.41E-01,7.27E-01,-0.696948124640887,7.01E-01,0,256,2.08E+02,3.24E+02,1.88E+02,2.83E+02,2.75E+02,2.14E+02,2.20E+02,1.77E+02,2.52E+02,2.33E+02,2.20E+02,2.22E+02,6.72E-01,1.52E+00,3.65E+01
0.436815410852432,0.303062528371811,1.23314487934113,1.03788197040558,1.11155784130096,0.982492744922638,8.39E-01,7.38E-01,8.39E-01,7.80E-01,7.11E-01,0.028057940591624,9.45E-01,0,259,2.35E+02,3.20E+02,2.17E+02,2.83E+02,3.02E+02,2.14E+02,2.45E+02,1.78E+02,2.78E+02,2.32E+02,2.45E+02,2.22E+02,2.40E+00,1.14E+00,4.15E+01
0.453336328268051,0.311520248651505,1.18304574489594,1.01807177066803,1.09979891777039,0.996487736701965,8.50E-01,7.42E-01,8.24E-01,7.61E-01,7.08E-01,-0.039534575096235,1.25E+00,0,262,2.49E+02,3.07E+02,2.24E+02,2.63E+02,3.06E+02,2.03E+02,2.47E+02,1.62E+02,2.84E+02,2.18E+02,2.47E+02,2.03E+02,2.27E+00,1.96E+00,4.31E+01
0.42449751496315,0.293188095092773,1.23624730110168,1.06274330615997,1.19621360301971,0.987450540065765,8.75E-01,7.16E-01,8.17E-01,7.88E-01,7.26E-01,-0.314961275616585,1.46E+00,0,264,2.51E+02,3.22E+02,2.48E+02,2.84E+02,3.35E+02,2.20E+02,2.76E+02,1.83E+02,3.12E+02,2.37E+02,2.75E+02,2.24E+02,1.39E+00,7.73E-01,4.47E+01
0.440611451864243,0.292647361755371,1.20735514163971,1.04854369163513,1.42947053909302,0.997263252735138,8.41E-01,7.39E-01,8.23E-01,7.99E-01,7.28E-01,0.593334182997537,4.52E-01,0,267,2.72E+02,3.35E+02,2.49E+02,2.94E+02,3.35E+02,2.28E+02,2.78E+02,1.92E+02,3.13E+02,2.46E+02,2.78E+02,2.36E+02,4.06E-01,8.78E-01,4.12E+01
0.430936187505722,0.292484134435654,1.20728719234467,1.0611207485199,1.13122582435608,0.979258716106415,8.19E-01,7.05E-01,8.24E-01,7.98E-01,7.21E-01,-0.288298804958098,7.09E-02,0,270,2.78E+02,3.42E+02,2.57E+02,3.04E+02,3.42E+02,2.34E+02,2.86E+02,1.99E+02,3.21E+02,2.52E+02,2.84E+02,2.42E+02,2.42E+00,1.82E+00,3.74E+01
0.442245036363602,0.294263899326324,1.20971059799194,1.05937170982361,1.51241683959961,1.02747797966003,8.12E-01,7.32E-01,8.24E-01,7.81E-01,7.26E-01,0.128477702398701,2.64E-01,0,273,2.85E+02,3.51E+02,2.62E+02,3.10E+02,3.48E+02,2.38E+02,2.92E+02,2.03E+02,3.26E+02,2.60E+02,2.92E+02,2.51E+02,2.20E+00,2.24E+00,2.65E+01
0.438585191965103,0.298617511987686,1.2037764787674,1.06663405895233,1.29264831542969,1.03695523738861,8.13E-01,7.14E-01,8.03E-01,7.54E-01,7.04E-01,1.1195952431078,5.54E-01,0,276,2.96E+02,3.57E+02,2.76E+02,3.21E+02,3.60E+02,2.45E+02,3.06E+02,2.11E+02,3.39E+02,2.66E+02,3.07E+02,2.58E+02,2.72E+00,3.39E-01,1.61E+01
0.445805698633194,0.299596399068832,1.23666870594025,1.07741045951843,1.42144191265106,1.03056871891022,7.93E-01,7.29E-01,8.11E-01,7.58E-01,6.89E-01,-1.78605411810405,2.34E-01,0,278,3.08E+02,3.66E+02,2.84E+02,3.26E+02,3.66E+02,2.49E+02,3.09E+02,2.17E+02,3.45E+02,2.71E+02,3.12E+02,2.63E+02,7.79E-01,9.84E-01,1.22E+01
0.437769919633865,0.302854299545288,1.22818541526794,1.07777142524719,1.10604727268219,1.04515254497528,8.05E-01,7.17E-01,8.02E-01,7.50E-01,7.12E-01,-0.00534290197453,2.66E-02,0,281,3.16E+02,3.70E+02,2.95E+02,3.34E+02,3.75E+02,2.54E+02,3.21E+02,2.22E+02,3.54E+02,2.75E+02,3.23E+02,2.70E+02,9.51E-01,1.17E+00,9.00E+00
0.430522680282593,0.293928354978561,1.21690714359283,1.07789897918701,1.5648010969162,1.05766928195953,7.92E-01,7.13E-01,7.83E-01,7.23E-01,6.91E-01,-0.00913668798342,5.02E-02,0,284,3.31E+02,3.75E+02,3.06E+02,3.39E+02,3.84E+02,2.57E+02,3.28E+02,2.25E+02,3.64E+02,2.81E+02,3.31E+02,2.76E+02,2.16E+00,1.64E-01,1.23E+01
0.434667468070984,0.295282006263733,1.21708917617798,1.08361268043518,1.21982550621033,1.0316995382309,8.17E-01,6.97E-01,7.78E-01,7.13E-01,6.76E-01,0.241982950621663,1.43E-01,0,287,3.37E+02,3.77E+02,3.13E+02,3.43E+02,3.91E+02,2.61E+02,3.35E+02,2.29E+02,3.70E+02,2.83E+02,3.40E+02,2.76E+02,4.40E-01,2.32E+00,1.40E+01
0.432851374149323,0.289838194847107,1.21475100517273,1.06300902366638,1.54016256332397,1.04318392276764,7.97E-01,7.09E-01,7.96E-01,7.16E-01,6.81E-01,-1.24164716166136,6.10E-01,0,290,3.46E+02,3.79E+02,3.19E+02,3.45E+02,3.96E+02,2.61E+02,3.39E+02,2.31E+02,3.76E+02,2.85E+02,3.44E+02,2.80E+02,8.32E-01,1.82E+00,1.50E+01
0.43004098534584,0.292974203824997,1.22142148017883,1.07603466510773,1.40414988994598,1.02481269836426,8.44E-01,6.94E-01,7.98E-01,7.01E-01,6.69E-01,0.021538517747175,2.49E-01,0,292,3.53E+02,3.78E+02,3.30E+02,3.44E+02,4.05E+02,2.60E+02,3.49E+02,2.31E+02,3.85E+02,2.83E+02,3.53E+02,2.77E+02,1.21E+00,2.11E+00,1.31E+01
0.435652732849121,0.288108915090561,1.24416863918304,1.07639622688293,1.27046310901642,1.00650310516357,8.11E-01,7.12E-01,7.93E-01,7.06E-01,6.73E-01,0.339833335495779,1.79E+00,0,295,3.68E+02,3.78E+02,3.38E+02,3.45E+02,4.12E+02,2.59E+02,3.54E+02,2.30E+02,3.92E+02,2.82E+02,3.59E+02,2.78E+02,2.03E+00,2.41E+00,8.88E+00
0.436182111501694,0.295165121555328,1.20681369304657,1.08500111103058,1.31147682666779,1.01892757415771,8.11E-01,6.80E-01,7.82E-01,7.16E-01,6.81E-01,0.207078553443389,2.46E-01,0,298,3.76E+02,3.78E+02,3.48E+02,3.47E+02,4.21E+02,2.61E+02,3.62E+02,2.32E+02,4.01E+02,2.84E+02,3.69E+02,2.80E+02,1.45E+00,3.75E+00,4.12E+00
0.437449365854263,0.290033757686615,1.21812748908997,1.09134709835053,1.13578271865845,1.02616393566132,8.20E-01,6.88E-01,7.80E-01,7.03E-01,6.72E-01,1.04335200105195,1.27E+00,0,301,3.86E+02,3.79E+02,3.55E+02,3.49E+02,4.26E+02,2.62E+02,3.66E+02,2.33E+02,4.07E+02,2.84E+02,3.74E+02,2.82E+02,1.61E+00,3.37E+00,6.76E+00
0.433561146259308,0.290406078100204,1.19108164310455,1.07854616641998,1.34913039207459,1.02900624275208,8.11E-01,6.86E-01,7.79E-01,7.06E-01,6.70E-01,0.197615001830935,2.46E-01,0,304,3.96E+02,3.80E+02,3.66E+02,3.50E+02,4.36E+02,2.61E+02,3.78E+02,2.35E+02,4.17E+02,2.85E+02,3.84E+02,2.83E+02,2.08E+00,2.60E+00,1.41E+01
0.431686758995056,0.291639655828476,1.1984611749649,1.06386125087738,1.39120721817017,1.04979860782623,8.07E-01,6.78E-01,7.68E-01,7.03E-01,6.68E-01,-0.362739308741729,6.97E-01,0,306,4.08E+02,3.81E+02,3.73E+02,3.51E+02,4.40E+02,2.61E+02,3.82E+02,2.34E+02,4.23E+02,2.85E+02,3.90E+02,2.84E+02,5.85E-01,2.13E+00,1.88E+01
0.432236403226852,0.295554637908936,1.1815824508667,1.09176182746887,1.29438304901123,1.02251183986664,7.93E-01,6.99E-01,7.73E-01,6.82E-01,6.61E-01,-0.071405234523285,6.72E-02,0,309,4.16E+02,3.82E+02,3.84E+02,3.53E+02,4.51E+02,2.62E+02,3.90E+02,2.38E+02,4.32E+02,2.87E+02,3.99E+02,2.85E+02,9.12E-01,1.95E+00,2.48E+01
0.433659195899963,0.293920487165451,1.17917358875275,1.10851836204529,1.37312829494476,1.03302431106567,8.16E-01,6.79E-01,7.78E-01,7.34E-01,6.54E-01,-0.025481397394525,1.02E+00,0,312,4.27E+02,3.83E+02,3.91E+02,3.55E+02,4.57E+02,2.61E+02,3.96E+02,2.39E+02,4.39E+02,2.87E+02,4.05E+02,2.87E+02,2.21E-01,1.78E+00,2.98E+01
0.43900454044342,0.294362902641296,1.19554328918457,1.09694695472717,1.17184293270111,1.03012466430664,7.85E-01,6.96E-01,7.62E-01,6.87E-01,6.69E-01,0.373177724259629,6.40E-01,0,315,4.35E+02,3.84E+02,4.02E+02,3.57E+02,4.65E+02,2.62E+02,4.03E+02,2.40E+02,4.48E+02,2.87E+02,4.15E+02,2.88E+02,1.34E+00,1.48E+00,3.38E+01
0.43022632598877,0.291206538677216,1.18921411037445,1.07456398010254,1.07947897911072,1.05038118362427,8.01E-01,6.78E-01,7.69E-01,7.27E-01,6.61E-01,0.03186119200752,5.12E-01,0,318,4.45E+02,3.84E+02,4.09E+02,3.58E+02,4.72E+02,2.64E+02,4.10E+02,2.41E+02,4.54E+02,2.88E+02,4.22E+02,2.91E+02,9.77E-01,1.24E+00,3.55E+01
0.424667656421661,0.293091297149658,1.18148076534271,1.08785247802734,1.39184510707855,1.01725435256958,7.79E-01,6.92E-01,7.58E-01,6.94E-01,6.80E-01,-0.187769842304401,4.96E-01,0,320,4.45E+02,3.84E+02,4.13E+02,3.57E+02,4.74E+02,2.63E+02,4.13E+02,2.42E+02,4.59E+02,2.89E+02,4.24E+02,2.90E+02,7.17E-01,7.79E-01,3.59E+01
0.430677980184555,0.293075770139694,1.19971454143524,1.08459484577179,1.13200640678406,1.0237889289856,7.92E-01,6.86E-01,7.52E-01,7.28E-01,6.74E-01,0,0.00E+00,0,323,4.60E+02,3.86E+02,4.22E+02,3.59E+02,4.83E+02,2.64E+02,4.20E+02,2.43E+02,4.66E+02,2.88E+02,4.32E+02,2.92E+02,7.01E-01,4.16E-01,3.45E+01
0.42924502491951,0.292459458112717,1.20169198513031,1.08049786090851,1.34891700744629,1.04363656044006,7.75E-01,6.93E-01,7.76E-01,6.82E-01,6.72E-01,0.441639162136614,1.25E+00,0,326,4.68E+02,3.85E+02,4.33E+02,3.60E+02,4.90E+02,2.64E+02,4.28E+02,2.44E+02,4.76E+02,2.89E+02,4.43E+02,2.92E+02,1.14E+00,1.74E-01,3.15E+01
0.432390153408051,0.293630301952362,1.1631715297699,1.08683240413666,1.11628460884094,1.01104211807251,7.95E-01,6.82E-01,8.09E-01,7.25E-01,6.74E-01,-0.283475392811629,4.71E-01,0,329,4.83E+02,3.85E+02,4.43E+02,3.61E+02,4.99E+02,2.63E+02,4.35E+02,2.46E+02,4.84E+02,2.88E+02,4.50E+02,2.94E+02,1.02E+00,1.44E+00,2.77E+01
0.427833169698715,0.288675874471664,1.18551516532898,1.09296584129334,1.16738975048065,1.02693831920624,7.64E-01,6.92E-01,7.84E-01,6.76E-01,6.68E-01,-0.004092665715238,3.05E-01,0,332,4.94E+02,3.84E+02,4.58E+02,3.61E+02,5.12E+02,2.61E+02,4.48E+02,2.46E+02,4.97E+02,2.87E+02,4.64E+02,2.92E+02,4.87E-01,1.30E+00,2.31E+01
0.431828022003174,0.288734138011932,1.17717885971069,1.06607925891876,1.09984946250916,1.01083946228027,7.92E-01,6.75E-01,7.65E-01,7.10E-01,6.74E-01,-0.000987467978947,2.20E-01,0,334,5.15E+02,3.83E+02,4.72E+02,3.61E+02,5.22E+02,2.61E+02,4.58E+02,2.46E+02,5.08E+02,2.86E+02,4.74E+02,2.94E+02,8.14E-01,8.71E-01,2.04E+01
0.428344130516052,0.28575187921524,1.17224955558777,1.08254039287567,1.3290433883667,1.01106011867523,8.07E-01,6.78E-01,7.53E-01,6.92E-01,6.83E-01,0.007009891537498,1.34E-01,0,337,5.44E+02,3.79E+02,5.08E+02,3.58E+02,5.51E+02,2.53E+02,4.87E+02,2.43E+02,5.40E+02,2.81E+02,5.06E+02,2.88E+02,4.21E-01,5.24E-01,1.72E+01
0.424095958471298,0.282634556293488,1.15781104564667,1.06267845630646,1.15216279029846,1.01375353336334,7.85E-01,6.91E-01,7.68E-01,7.00E-01,6.57E-01,-0.021067677817315,2.39E-01,0,340,5.60E+02,3.76E+02,5.19E+02,3.56E+02,5.60E+02,2.52E+02,4.94E+02,2.41E+02,5.48E+02,2.79E+02,5.16E+02,2.88E+02,4.81E-01,6.81E-01,1.42E+01
0.432426363229752,0.283611297607422,1.18123078346252,1.09090316295624,1.14390194416046,1.03200829029083,7.92E-01,6.80E-01,7.66E-01,7.00E-01,6.64E-01,-0.074276609634117,7.71E-01,0,343,5.61E+02,3.76E+02,5.21E+02,3.57E+02,5.62E+02,2.53E+02,4.97E+02,2.43E+02,5.51E+02,2.79E+02,5.18E+02,2.87E+02,9.92E-01,6.42E-01,1.20E+01
0.427029252052307,0.285785645246506,1.17565381526947,1.08994841575623,1.23569583892822,1.01587748527527,8.02E-01,6.89E-01,7.60E-01,7.02E-01,6.55E-01,-0.086447771481362,2.65E+00,0,346,5.65E+02,3.77E+02,5.24E+02,3.58E+02,5.64E+02,2.54E+02,4.99E+02,2.45E+02,5.53E+02,2.81E+02,5.19E+02,2.89E+02,1.91E+00,7.99E-01,1.04E+01
0.428755015134811,0.286214381456375,1.19381427764893,1.07570862770081,1.13354980945587,1.00107061862946,7.82E-01,6.92E-01,7.69E-01,6.97E-01,6.54E-01,-0.004341711366615,4.19E-01,0,348,5.66E+02,3.76E+02,5.26E+02,3.56E+02,5.66E+02,2.51E+02,5.01E+02,2.44E+02,5.56E+02,2.78E+02,5.20E+02,2.87E+02,1.36E+00,1.31E+00,9.27E+00
0.433138340711594,0.284738808870316,1.20054113864899,1.09286105632782,1.10901880264282,1.02261161804199,7.90E-01,6.98E-01,7.57E-01,7.19E-01,6.45E-01,0.198306498578422,2.12E+00,0,351,5.69E+02,3.76E+02,5.28E+02,3.57E+02,5.68E+02,2.52E+02,5.03E+02,2.45E+02,5.57E+02,2.79E+02,5.25E+02,2.90E+02,7.09E-01,1.99E+00,7.36E+00
0.433213025331497,0.286029696464539,1.19701266288757,1.09862399101257,1.11146378517151,1.03353893756866,7.86E-01,7.02E-01,7.75E-01,6.69E-01,6.63E-01,0.307449324407014,2.01E-01,0,354,5.72E+02,3.76E+02,5.32E+02,3.56E+02,5.73E+02,2.51E+02,5.07E+02,2.43E+02,5.61E+02,2.78E+02,5.29E+02,2.89E+02,1.27E+00,1.12E+00,4.89E+00
0.438102751970291,0.288616716861725,1.18573927879334,1.10564231872559,1.09005355834961,1.0257465839386,7.97E-01,6.91E-01,7.51E-01,6.96E-01,6.41E-01,-0.042577507139076,6.51E-01,0,357,5.76E+02,3.76E+02,5.34E+02,3.56E+02,5.74E+02,2.52E+02,5.09E+02,2.45E+02,5.63E+02,2.79E+02,5.31E+02,2.91E+02,2.19E-01,1.30E+00,2.82E+00
0.436348617076874,0.284537464380264,1.20954811573029,1.07768487930298,1.16054975986481,1.04787790775299,7.85E-01,7.05E-01,7.66E-01,6.69E-01,6.49E-01,0.671844665768358,1.18E+00,0,360,5.78E+02,3.76E+02,5.38E+02,3.57E+02,5.78E+02,2.52E+02,5.13E+02,2.44E+02,5.67E+02,2.79E+02,5.34E+02,2.87E+02,7.33E-01,1.12E+00,4.53E+00
0.438953459262848,0.289337247610092,1.19378280639648,1.08821702003479,1.21697080135345,1.03444683551788,8.03E-01,6.93E-01,7.57E-01,7.10E-01,6.50E-01,1.39050288881457,3.36E-01,0,362,5.80E+02,3.77E+02,5.39E+02,3.58E+02,5.79E+02,2.53E+02,5.13E+02,2.45E+02,5.68E+02,2.81E+02,5.36E+02,2.90E+02,4.10E-01,9.21E-01,5.60E+00
0,0,0,0,0,0,0.00E+00,0.00E+00,0.00E+00,0.00E+00,0.00E+00,1.97427640353682,2.95E+00,0,365,0.00E+00,0.00E+00,0.00E+00,0.00E+00,0.00E+00,0.00E+00,0.00E+00,0.00E+00,0.00E+00,0.00E+00,0.00E+00,0.00E+00,2.05E+00,1.85E+00,6.80E+00
0.443395137786865,0.293964982032776,1.17889511585236,1.10896623134613,1.11754643917084,1.04076862335205,7.69E-01,7.03E-01,7.68E-01,7.22E-01,6.56E-01,0.030910711986953,3.07E+00,0,368,4.86E+02,3.78E+02,4.45E+02,3.60E+02,4.85E+02,2.55E+02,4.19E+02,2.48E+02,4.74E+02,2.83E+02,4.40E+02,2.92E+02,5.17E-01,2.61E+00,6.71E+00
0.439976781606674,0.296072423458099,1.16448521614075,1.10478293895721,1.08658576011658,1.04178583621979,7.78E-01,6.96E-01,8.00E-01,6.88E-01,6.65E-01,-0.253189140803415,7.38E-01,0,371,4.87E+02,3.78E+02,4.47E+02,3.61E+02,4.87E+02,2.57E+02,4.23E+02,2.47E+02,4.77E+02,2.83E+02,4.44E+02,2.93E+02,1.26E+00,1.23E+00,5.33E+00
0.441054672002792,0.296067982912064,1.17023611068726,1.08858168125153,1.17087137699127,1.03058004379272,7.63E-01,6.98E-01,7.73E-01,6.99E-01,6.70E-01,0.247972463602956,6.86E-01,0,374,4.90E+02,3.80E+02,4.49E+02,3.61E+02,4.89E+02,2.57E+02,4.23E+02,2.48E+02,4.78E+02,2.84E+02,4.45E+02,2.92E+02,1.66E+00,1.24E+00,3.41E+00
0.43951141834259,0.290967226028442,1.17382431030273,1.06455373764038,1.13555204868317,1.02289509773254,7.84E-01,6.99E-01,7.81E-01,7.04E-01,6.67E-01,0,0.00E+00,0,376,4.92E+02,3.80E+02,4.52E+02,3.62E+02,4.91E+02,2.58E+02,4.26E+02,2.49E+02,4.81E+02,2.84E+02,4.48E+02,2.94E+02,9.05E-01,1.74E+00,4.64E+00
0.440208613872528,0.294078469276428,1.17989444732666,1.09548723697662,1.09109222888947,1.01085996627808,7.54E-01,6.87E-01,7.66E-01,7.06E-01,6.63E-01,-0.232673032881027,8.03E-01,0,379,4.94E+02,3.81E+02,4.53E+02,3.62E+02,4.92E+02,2.59E+02,4.26E+02,2.51E+02,4.82E+02,2.85E+02,4.48E+02,2.95E+02,3.69E-01,1.16E+00,6.29E+00
0.443449586629868,0.292419731616974,1.1629843711853,1.08547866344452,1.14024341106415,1.03902101516724,7.89E-01,6.92E-01,7.94E-01,7.00E-01,6.66E-01,-0.366447558226043,2.88E-01,0,382,4.96E+02,3.80E+02,4.55E+02,3.63E+02,4.95E+02,2.58E+02,4.31E+02,2.51E+02,4.84E+02,2.85E+02,4.53E+02,2.95E+02,1.09E+00,3.60E-01,7.47E+00
0.439332723617554,0.292646437883377,1.1833484172821,1.08792674541473,1.21148657798767,1.0275182723999,7.54E-01,6.88E-01,7.87E-01,7.08E-01,6.56E-01,-0.358808809051805,4.79E-01,0,385,4.99E+02,3.81E+02,4.58E+02,3.63E+02,4.98E+02,2.59E+02,4.32E+02,2.51E+02,4.87E+02,2.87E+02,4.54E+02,2.96E+02,1.45E+00,1.31E+00,8.57E+00
0.445133686065674,0.286938548088074,1.16310131549835,1.07663571834564,1.15859198570251,1.01846218109131,7.91E-01,7.00E-01,7.86E-01,6.97E-01,6.66E-01,0.017923443294991,1.50E+00,0,388,5.01E+02,3.81E+02,4.61E+02,3.64E+02,5.00E+02,2.58E+02,4.34E+02,2.51E+02,4.90E+02,2.86E+02,4.57E+02,2.96E+02,1.87E-01,6.95E-01,6.45E+00
0.439350783824921,0.286325752735138,1.15516042709351,1.06642353534698,1.0601292848587,1.04276096820831,7.65E-01,6.82E-01,7.77E-01,6.96E-01,6.67E-01,-0.324764450530353,3.63E-01,0,390,5.03E+02,3.82E+02,4.62E+02,3.64E+02,5.01E+02,2.58E+02,4.37E+02,2.52E+02,4.91E+02,2.86E+02,4.57E+02,2.95E+02,5.30E-01,7.31E-01,5.28E+00
0.441360503435135,0.288933455944061,1.16843342781067,1.07916975021362,1.15349233150482,1.03756237030029,7.94E-01,6.88E-01,7.89E-01,6.75E-01,6.66E-01,0.170959571839927,2.26E-01,0,393,5.05E+02,3.81E+02,4.66E+02,3.64E+02,5.04E+02,2.59E+02,4.40E+02,2.53E+02,4.95E+02,2.87E+02,4.62E+02,2.96E+02,8.51E-01,9.42E-01,3.38E+00
0.439162462949753,0.287878960371017,1.15779066085815,1.08853387832642,1.07533180713654,1.0418221950531,7.65E-01,6.78E-01,7.65E-01,6.98E-01,6.68E-01,0.250824442173832,2.55E-01,0,396,5.09E+02,3.83E+02,4.68E+02,3.66E+02,5.07E+02,2.60E+02,4.43E+02,2.52E+02,4.97E+02,2.88E+02,4.65E+02,2.98E+02,1.31E+00,4.50E-01,1.78E+00
0.438860595226288,0.286536693572998,1.14961862564087,1.07983541488647,1.13847863674164,1.00170695781708,8.06E-01,6.92E-01,7.71E-01,6.91E-01,6.64E-01,0.154235802482453,1.35E+00,0,399,5.10E+02,3.83E+02,4.70E+02,3.66E+02,5.08E+02,2.62E+02,4.44E+02,2.54E+02,4.99E+02,2.89E+02,4.65E+02,2.98E+02,2.16E+00,6.59E-01,1.78E+00
0.441043227910996,0.289129257202148,1.17144548892975,1.08795213699341,1.13567733764648,1.02149057388306,7.74E-01,6.81E-01,7.86E-01,7.05E-01,6.66E-01,0.100427224070367,4.04E-01,0,402,5.10E+02,3.84E+02,4.69E+02,3.67E+02,5.09E+02,2.60E+02,4.43E+02,2.55E+02,4.99E+02,2.89E+02,4.64E+02,2.98E+02,1.88E+00,1.63E+00,3.72E+00
0.441447108983994,0.286117762327194,1.17520415782928,1.09476518630981,1.14610850811005,1.01267600059509,7.99E-01,6.84E-01,7.76E-01,6.84E-01,6.62E-01,-0.723516776290706,1.41E+00,0,404,5.10E+02,3.84E+02,4.71E+02,3.67E+02,5.09E+02,2.61E+02,4.45E+02,2.55E+02,5.00E+02,2.89E+02,4.67E+02,2.99E+02,8.75E-01,2.11E+00,4.95E+00
0.437439382076263,0.290803134441376,1.16273057460785,1.07531249523163,1.10381770133972,1.03647005558014,7.72E-01,6.81E-01,7.64E-01,6.98E-01,6.56E-01,0.007552239746307,8.56E-02,0,407,5.12E+02,3.83E+02,4.71E+02,3.66E+02,5.11E+02,2.61E+02,4.45E+02,2.56E+02,5.00E+02,2.89E+02,4.67E+02,2.97E+02,4.75E-01,1.90E+00,8.18E+00
0.440392255783081,0.288473516702652,1.17790114879608,1.07787656784058,1.14195418357849,1.02540564537048,8.01E-01,6.95E-01,7.76E-01,6.89E-01,6.66E-01,0.102230012714262,8.23E-01,0,410,5.12E+02,3.83E+02,4.72E+02,3.66E+02,5.11E+02,2.61E+02,4.46E+02,2.55E+02,5.00E+02,2.88E+02,4.67E+02,2.98E+02,3.91E-01,9.96E-01,1.10E+01
0.438810259103775,0.290613174438477,1.16117715835571,1.07983016967773,1.0839262008667,1.04405784606934,7.64E-01,6.78E-01,7.40E-01,7.16E-01,6.50E-01,0,0.00E+00,0,413,5.12E+02,3.84E+02,4.72E+02,3.66E+02,5.11E+02,2.61E+02,4.46E+02,2.56E+02,5.00E+02,2.89E+02,4.68E+02,2.98E+02,1.64E+00,2.25E-01,1.38E+01
0.440443813800812,0.283490419387817,1.16605865955353,1.07066655158997,1.14256322383881,1.03729319572449,8.02E-01,6.85E-01,7.66E-01,6.81E-01,6.70E-01,0.063389341037309,2.08E-01,0,416,5.12E+02,3.83E+02,4.72E+02,3.66E+02,5.11E+02,2.62E+02,4.46E+02,2.55E+02,5.01E+02,2.89E+02,4.67E+02,2.97E+02,1.05E+00,1.03E+00,1.50E+01
0.434325963258743,0.285756468772888,1.138258934021,1.10682928562164,1.12633061408997,1.03548550605774,7.68E-01,6.70E-01,7.59E-01,7.12E-01,6.62E-01,0.012405381654009,2.83E-01,0,418,5.13E+02,3.83E+02,4.73E+02,3.66E+02,5.12E+02,2.59E+02,4.48E+02,2.54E+02,5.01E+02,2.89E+02,4.68E+02,2.97E+02,2.94E-01,8.12E-01,1.60E+01
0.43698525428772,0.286492437124252,1.16373753547668,1.0737144947052,1.17742657661438,1.0453085899353,8.08E-01,6.86E-01,7.67E-01,6.92E-01,6.62E-01,-0.075798875612351,2.83E-01,0,421,5.13E+02,3.83E+02,4.73E+02,3.66E+02,5.11E+02,2.62E+02,4.47E+02,2.56E+02,5.02E+02,2.89E+02,4.68E+02,2.98E+02,7.87E-01,1.20E+00,1.53E+01
0.440438538789749,0.288314759731293,1.16420710086823,1.08799481391907,1.1082911491394,1.04094183444977,7.78E-01,6.79E-01,7.61E-01,7.09E-01,6.57E-01,0.048710486780813,1.48E-01,0,424,5.13E+02,3.84E+02,4.72E+02,3.67E+02,5.11E+02,2.61E+02,4.46E+02,2.56E+02,5.01E+02,2.89E+02,4.67E+02,2.98E+02,2.39E+00,3.47E-01,1.34E+01
0.44066521525383,0.284137547016144,1.15881776809692,1.0702029466629,1.17913210391998,1.01877045631409,8.13E-01,6.90E-01,7.51E-01,6.61E-01,6.65E-01,-0.088409130922648,2.20E-01,0,427,5.13E+02,3.84E+02,4.73E+02,3.67E+02,5.12E+02,2.63E+02,4.47E+02,2.55E+02,5.02E+02,2.90E+02,4.68E+02,2.99E+02,2.86E+00,4.81E-01,1.03E+01
0.438337177038193,0.285762548446655,1.1496410369873,1.08365762233734,1.09190285205841,1.03477931022644,7.79E-01,6.78E-01,7.48E-01,7.12E-01,6.66E-01,-0.302395436262145,5.18E-01,0,430,5.14E+02,3.84E+02,4.74E+02,3.67E+02,5.13E+02,2.63E+02,4.48E+02,2.56E+02,5.03E+02,2.89E+02,4.70E+02,3.00E+02,1.61E+00,1.31E+00,6.59E+00
0.43807777762413,0.285356253385544,1.15670585632324,1.08249616622925,1.14495289325714,1.01666593551636,7.95E-01,6.94E-01,7.72E-01,6.82E-01,6.71E-01,0.292326617136909,6.70E-01,0,432,5.14E+02,3.83E+02,4.74E+02,3.67E+02,5.13E+02,2.62E+02,4.48E+02,2.56E+02,5.03E+02,2.89E+02,4.69E+02,2.99E+02,1.23E+00,4.30E-01,4.54E+00
0.435404688119888,0.286021828651428,1.14718663692474,1.08563339710236,1.05847012996674,1.03206539154053,7.89E-01,6.85E-01,7.54E-01,6.98E-01,6.68E-01,0.011242674787066,4.25E-01,0,435,5.14E+02,3.84E+02,4.73E+02,3.67E+02,5.13E+02,2.62E+02,4.48E+02,2.55E+02,5.02E+02,2.89E+02,4.68E+02,2.98E+02,2.96E-01,3.38E-01,3.42E+00
0.43805792927742,0.285878121852875,1.1471996307373,1.08052659034729,1.1107063293457,1.04178047180176,8.11E-01,6.88E-01,7.72E-01,6.69E-01,6.64E-01,-0.089411331780398,5.02E-01,0,438,5.13E+02,3.84E+02,4.73E+02,3.67E+02,5.12E+02,2.62E+02,4.48E+02,2.54E+02,5.02E+02,2.89E+02,4.69E+02,2.98E+02,6.25E-01,8.70E-01,2.74E+00
0.434350281953812,0.285973429679871,1.14038336277008,1.08232772350311,1.14073896408081,1.05605792999268,7.65E-01,6.76E-01,7.65E-01,7.22E-01,6.50E-01,0.144001199101471,6.32E-01,0,441,5.13E+02,3.84E+02,4.73E+02,3.67E+02,5.12E+02,2.62E+02,4.47E+02,2.56E+02,5.02E+02,2.90E+02,4.70E+02,2.99E+02,1.48E+00,3.35E-01,4.52E+00
0.439101964235306,0.283242076635361,1.14565873146057,1.07310259342194,1.12787139415741,1.01749622821808,8.13E-01,6.96E-01,7.58E-01,6.85E-01,6.74E-01,0.085799617986678,7.86E-01,0,444,5.14E+02,3.84E+02,4.75E+02,3.67E+02,5.14E+02,2.63E+02,4.49E+02,2.56E+02,5.04E+02,2.89E+02,4.70E+02,2.98E+02,1.45E+00,7.98E-01,3.32E+00
0.438179671764374,0.2855304479599,1.14465916156769,1.0894101858139,1.05536663532257,1.03698694705963,7.73E-01,6.78E-01,7.72E-01,7.09E-01,6.57E-01,0.711980836422268,9.21E-01,0,446,5.14E+02,3.84E+02,4.74E+02,3.67E+02,5.12E+02,2.62E+02,4.48E+02,2.57E+02,5.03E+02,2.89E+02,4.70E+02,2.99E+02,1.08E+00,4.36E-01,2.93E+00
0.438476771116257,0.283561497926712,1.14255177974701,1.07702267169952,1.16262912750244,1.00220847129822,8.11E-01,7.01E-01,7.77E-01,6.91E-01,6.72E-01,-0.588671658698637,4.74E-01,0,449,5.15E+02,3.84E+02,4.72E+02,3.68E+02,5.11E+02,2.64E+02,4.45E+02,2.57E+02,5.01E+02,2.91E+02,4.65E+02,2.98E+02,5.51E-01,2.88E-01,2.07E+00
0.43605962395668,0.287404179573059,1.11241233348846,1.08071148395538,1.07053875923157,1.02165269851685,7.88E-01,6.68E-01,7.66E-01,7.19E-01,6.61E-01,-0.040900863148967,4.75E-01,0,452,5.10E+02,3.85E+02,4.70E+02,3.69E+02,5.09E+02,2.65E+02,4.44E+02,2.58E+02,5.00E+02,2.91E+02,4.66E+02,3.00E+02,7.69E-01,1.05E+00,1.42E+00
0.440101832151413,0.282861053943634,1.1344507932663,1.0724937915802,1.10460495948792,1.00711107254028,8.21E-01,6.91E-01,7.66E-01,6.88E-01,6.66E-01,-0.141809746503797,2.07E-01,0,455,5.11E+02,3.85E+02,4.71E+02,3.68E+02,5.10E+02,2.63E+02,4.45E+02,2.56E+02,5.00E+02,2.90E+02,4.67E+02,2.99E+02,1.35E+00,8.52E-01,1.33E+00
0.440244048833847,0.284320861101151,1.13932991027832,1.08722221851349,1.01658856868744,1.03467106819153,7.77E-01,6.74E-01,7.48E-01,6.94E-01,6.63E-01,-0.05049119222173,4.65E-01,0,458,5.10E+02,3.86E+02,4.70E+02,3.69E+02,5.10E+02,2.64E+02,4.44E+02,2.58E+02,4.99E+02,2.90E+02,4.66E+02,3.00E+02,1.54E+00,2.84E-01,3.03E+00
0.44248154759407,0.282048881053925,1.1229031085968,1.07194972038269,1.03476047515869,1.01036155223846,8.13E-01,6.97E-01,7.71E-01,6.84E-01,6.57E-01,-0.038279565439064,7.66E-01,0,460,5.09E+02,3.86E+02,4.70E+02,3.69E+02,5.08E+02,2.64E+02,4.44E+02,2.58E+02,4.98E+02,2.91E+02,4.65E+02,2.99E+02,1.79E-01,6.89E-01,3.74E+00
0.466630280017853,0.296215832233429,1.14980256557465,1.04504287242889,1.04998695850372,1.01678657531738,7.88E-01,6.70E-01,7.86E-01,6.83E-01,6.48E-01,0.087340956500548,4.08E-01,0,463,5.02E+02,3.73E+02,4.60E+02,3.56E+02,5.04E+02,2.60E+02,4.35E+02,2.52E+02,4.92E+02,2.85E+02,4.55E+02,2.92E+02,4.85E-01,5.18E-01,4.89E+00
0.433954268693924,0.287827163934708,1.14730930328369,1.05953562259674,1.02543902397156,1.01193523406982,8.01E-01,6.91E-01,7.69E-01,7.03E-01,7.01E-01,0.012366659267971,7.12E-01,0,466,5.25E+02,3.72E+02,4.77E+02,3.59E+02,5.17E+02,2.56E+02,4.49E+02,2.54E+02,5.06E+02,2.84E+02,4.70E+02,2.93E+02,8.14E-01,3.66E-01,6.83E+00
0.439437329769135,0.285830795764923,1.13338351249695,1.06966912746429,1.02704894542694,1.02756321430206,7.85E-01,6.73E-01,7.55E-01,7.17E-01,7.42E-01,-0.592413214892919,5.73E-01,0,469,5.10E+02,3.85E+02,4.70E+02,3.67E+02,5.10E+02,2.63E+02,4.44E+02,2.57E+02,4.99E+02,2.90E+02,4.66E+02,2.99E+02,9.73E-01,9.19E-01,6.37E+00
0.440990000963211,0.28252786397934,1.13199722766876,1.05296456813812,1.07436513900757,1.00998210906982,8.14E-01,6.97E-01,7.75E-01,6.98E-01,7.30E-01,1.28124876303374,8.36E-01,0,472,5.10E+02,3.86E+02,4.69E+02,3.69E+02,5.09E+02,2.65E+02,4.46E+02,2.57E+02,4.99E+02,2.92E+02,4.65E+02,3.00E+02,1.18E+00,3.73E-01,6.48E+00
0.438213974237442,0.285425186157227,1.12923812866211,1.08452129364014,1.01939034461975,1.01061987876892,7.72E-01,6.72E-01,7.74E-01,7.23E-01,7.21E-01,-0.011620142470103,4.35E-01,0,474,5.09E+02,3.86E+02,4.69E+02,3.69E+02,5.09E+02,2.64E+02,4.44E+02,2.60E+02,4.98E+02,2.91E+02,4.65E+02,3.01E+02,1.30E+00,4.50E-01,6.21E+00
0.437989890575409,0.284711539745331,1.13053631782532,1.05819296836853,1.03833699226379,1.02225959300995,8.15E-01,6.93E-01,7.83E-01,7.02E-01,7.03E-01,-0.747474740281577,1.09E+00,0,477,5.10E+02,3.86E+02,4.70E+02,3.69E+02,5.09E+02,2.64E+02,4.44E+02,2.58E+02,4.99E+02,2.91E+02,4.66E+02,3.00E+02,6.65E-01,4.16E-01,4.27E+00
0.437880218029022,0.28467121720314,1.12357842922211,1.0903867483139,1.0049090385437,1.02594387531281,7.88E-01,6.89E-01,7.70E-01,7.15E-01,7.06E-01,-0.371431771936367,8.44E-01,0,480,5.09E+02,3.86E+02,4.69E+02,3.69E+02,5.09E+02,2.64E+02,4.43E+02,2.59E+02,4.98E+02,2.91E+02,4.65E+02,3.01E+02,5.35E-01,8.55E-01,2.46E+00
0.434206008911133,0.283988207578659,1.12316656112671,1.06564128398895,1.03773748874664,1.02154505252838,8.05E-01,6.88E-01,7.69E-01,6.97E-01,6.97E-01,0.121509107694867,5.47E-01,0,483,5.09E+02,3.86E+02,4.69E+02,3.69E+02,5.08E+02,2.64E+02,4.43E+02,2.57E+02,4.98E+02,2.91E+02,4.66E+02,3.00E+02,1.78E+00,1.10E+00,1.62E+00
0.437848478555679,0.286323130130768,1.11718213558197,1.09360992908478,1.04319846630096,1.01978123188019,7.79E-01,6.86E-01,7.56E-01,7.22E-01,6.89E-01,0.595685906863674,5.65E+00,0,486,5.09E+02,3.88E+02,4.69E+02,3.70E+02,5.09E+02,2.66E+02,4.44E+02,2.60E+02,4.98E+02,2.93E+02,4.65E+02,3.02E+02,2.97E+00,7.54E-01,7.24E-01
0.441393911838532,0.286048114299774,1.12008011341095,1.07082831859589,1.14467394351959,1.01587843894959,7.99E-01,6.92E-01,7.69E-01,6.98E-01,6.72E-01,-0.031449596460904,2.78E+00,0,488,5.09E+02,3.88E+02,4.70E+02,3.71E+02,5.09E+02,2.67E+02,4.44E+02,2.61E+02,4.99E+02,2.93E+02,4.66E+02,3.04E+02,4.94E+00,2.87E+00,1.36E+00
0.438612520694733,0.286833733320236,1.14111173152924,1.08969175815582,1.05224049091339,1.02176082134247,7.81E-01,6.82E-01,7.60E-01,7.19E-01,6.82E-01,-0.109973151766275,5.52E-01,0,491,5.09E+02,3.89E+02,4.69E+02,3.72E+02,5.08E+02,2.67E+02,4.43E+02,2.62E+02,4.99E+02,2.94E+02,4.64E+02,3.03E+02,1.44E+00,6.53E+00,2.49E+00
0,0,0,0,0,0,0.00E+00,0.00E+00,0.00E+00,0.00E+00,0.00E+00,-0.296315233379507,4.79E+00,0,494,0.00E+00,0.00E+00,0.00E+00,0.00E+00,0.00E+00,0.00E+00,0.00E+00,0.00E+00,0.00E+00,0.00E+00,0.00E+00,0.00E+00,4.70E+00,7.13E+00,6.27E+00
0.461278825998306,0.299459308385849,1.13755989074707,1.04289615154266,1.04651379585266,1.03244686126709,7.88E-01,7.17E-01,7.92E-01,7.23E-01,7.47E-01,0.711247844926399,6.54E-01,0,497,3.85E+02,1.77E+02,3.51E+02,1.49E+02,4.11E+02,5.27E+01,3.47E+02,3.66E+01,3.95E+02,7.69E+01,3.60E+02,7.99E+01,7.26E+00,7.19E+00,1.28E+01
0.449981421232224,0.298802673816681,1.12502765655518,1.07738971710205,1.06192660331726,1.00356495380402,7.86E-01,7.29E-01,7.97E-01,7.40E-01,7.24E-01,0.701919257953848,7.61E-01,0,500,3.90E+02,1.85E+02,3.61E+02,1.65E+02,4.21E+02,6.77E+01,3.58E+02,5.24E+01,4.05E+02,9.30E+01,3.69E+02,9.92E+01,3.32E+00,8.75E+00,2.31E+01
0.456480234861374,0.29768630862236,1.11716902256012,1.04398238658905,1.03460574150085,1.05748403072357,7.92E-01,7.18E-01,7.81E-01,7.11E-01,7.20E-01,0.000227174106172,3.21E-02,0,502,4.10E+02,1.93E+02,3.76E+02,1.71E+02,4.31E+02,7.36E+01,3.68E+02,5.63E+01,4.16E+02,9.69E+01,3.84E+02,1.03E+02,8.82E-01,1.05E+01,3.21E+01
0.453027576208115,0.29542088508606,1.11111116409302,1.09382879734039,1.04114663600922,1.00826525688171,7.88E-01,7.19E-01,7.98E-01,7.26E-01,7.17E-01,-0.435367493442825,2.95E-01,0,505,4.17E+02,1.94E+02,3.88E+02,1.75E+02,4.41E+02,7.36E+01,3.77E+02,6.25E+01,4.27E+02,9.98E+01,3.92E+02,1.08E+02,4.83E+00,5.95E+00,4.68E+01
0.458778023719788,0.2931849360466,1.11024236679077,1.06094992160797,1.00050055980682,1.01266777515411,7.94E-01,7.24E-01,7.68E-01,7.19E-01,7.02E-01,0.007309097783186,1.14E+00,0,508,4.27E+02,1.93E+02,3.94E+02,1.73E+02,4.45E+02,7.20E+01,3.82E+02,6.22E+01,4.30E+02,9.80E+01,3.96E+02,1.06E+02,2.40E+00,1.42E+00,5.94E+01
0.458620518445969,0.297267138957977,1.11935830116272,1.07820916175842,0.997615694999695,1.02439630031586,7.89E-01,7.18E-01,7.81E-01,7.19E-01,6.92E-01,0.000298445305192,3.02E+00,0,511,4.30E+02,1.93E+02,3.98E+02,1.74E+02,4.47E+02,7.11E+01,3.84E+02,6.11E+01,4.34E+02,9.79E+01,4.01E+02,1.06E+02,3.89E+00,2.89E+00,6.84E+01
0.458965122699738,0.292828947305679,1.11587512493134,1.06460297107697,0.995545029640198,1.01287293434143,8.04E-01,7.23E-01,7.87E-01,7.18E-01,6.86E-01,-0.003001379488818,8.76E-01,0,514,4.33E+02,1.95E+02,4.00E+02,1.75E+02,4.49E+02,7.36E+01,3.85E+02,6.28E+01,4.35E+02,9.91E+01,4.01E+02,1.06E+02,2.41E+00,3.99E+00,7.12E+01
0.460491985082626,0.297313928604126,1.11090266704559,1.0765026807785,1.01527237892151,1.01465034484863,7.85E-01,7.15E-01,7.80E-01,7.26E-01,6.99E-01,0.123811180546549,1.23E-01,0,516,4.36E+02,1.96E+02,4.03E+02,1.78E+02,4.51E+02,7.73E+01,3.87E+02,6.53E+01,4.37E+02,1.02E+02,4.03E+02,1.09E+02,8.37E-01,3.41E+00,6.89E+01
0.453614115715027,0.295943409204483,1.13083827495575,1.09839916229248,1.0404257774353,1.0104056596756,7.89E-01,7.25E-01,7.74E-01,7.14E-01,6.90E-01,0.381212886149276,2.40E+00,0,519,4.37E+02,1.99E+02,4.03E+02,1.80E+02,4.51E+02,7.82E+01,3.87E+02,6.93E+01,4.37E+02,1.04E+02,4.03E+02,1.12E+02,2.80E+00,3.44E+00,5.69E+01
0.458880722522736,0.295048892498016,1.10670101642609,1.0726991891861,1.04442226886749,1.02376365661621,7.84E-01,7.23E-01,7.90E-01,7.35E-01,6.83E-01,-0.018877080828526,8.50E-01,0,522,4.40E+02,2.01E+02,4.05E+02,1.85E+02,4.53E+02,8.22E+01,3.89E+02,7.37E+01,4.39E+02,1.09E+02,4.03E+02,1.17E+02,3.23E+00,4.34E+00,4.05E+01
0.452852457761765,0.294847339391708,1.11656153202057,1.07526695728302,1.0345174074173,1.02990448474884,7.77E-01,7.18E-01,7.81E-01,7.05E-01,6.73E-01,-0.288198817268924,1.48E+00,0,525,4.40E+02,2.21E+02,4.05E+02,2.00E+02,4.54E+02,9.78E+01,3.88E+02,8.83E+01,4.40E+02,1.25E+02,4.06E+02,1.32E+02,3.43E+00,6.36E+00,1.79E+01
0.451956003904343,0.3009053170681,1.13091945648193,1.08794283866882,1.0287652015686,1.01013028621674,7.75E-01,7.16E-01,7.83E-01,7.22E-01,6.69E-01,0.042318700830268,1.95E+00,0,528,4.41E+02,2.25E+02,4.04E+02,2.08E+02,4.52E+02,1.05E+02,3.87E+02,9.53E+01,4.39E+02,1.32E+02,4.04E+02,1.42E+02,1.91E+00,4.68E+00,1.13E+01
0.457558929920197,0.299500674009323,1.12609148025513,1.08600533008575,1.02196574211121,1.01430714130402,7.97E-01,7.15E-01,7.80E-01,7.05E-01,6.77E-01,0.050563304029005,5.15E-02,0,530,4.19E+02,1.83E+02,3.83E+02,1.56E+02,4.34E+02,5.67E+01,3.68E+02,4.36E+01,4.21E+02,8.10E+01,3.86E+02,8.71E+01,5.82E-01,3.57E+00,2.36E+01
0.462462097406387,0.302661448717117,1.1218945980072,1.06822955608368,1.04594027996063,1.02731764316559,7.77E-01,7.20E-01,7.94E-01,7.35E-01,6.79E-01,0.033794930382374,1.85E+00,0,533,4.23E+02,1.79E+02,3.89E+02,1.59E+02,4.40E+02,5.85E+01,3.74E+02,4.51E+01,4.26E+02,8.40E+01,3.92E+02,9.16E+01,1.12E+00,1.16E+00,4.20E+01
0.456978619098663,0.299472779035568,1.14371991157532,1.07366096973419,1.04510831832886,1.0179682970047,7.94E-01,7.14E-01,7.75E-01,7.24E-01,6.75E-01,0.244095831959534,6.94E-01,0,536,4.24E+02,1.78E+02,3.90E+02,1.59E+02,4.40E+02,5.80E+01,3.74E+02,4.69E+01,4.27E+02,8.39E+01,3.91E+02,8.97E+01,3.65E+00,2.92E+00,5.31E+01
0.461160212755203,0.29943186044693,1.13955545425415,1.06890153884888,0.99948525428772,1.00938725471497,7.88E-01,7.21E-01,7.93E-01,7.21E-01,6.75E-01,-0.484967515589406,3.52E+00,0,539,4.25E+02,1.78E+02,3.90E+02,1.59E+02,4.40E+02,5.78E+01,3.77E+02,4.52E+01,4.26E+02,8.34E+01,3.93E+02,9.07E+01,2.03E+00,4.83E+00,5.79E+01
0.458374381065369,0.292738378047943,1.13464331626892,1.0705019235611,1.0035537481308,1.03299510478973,8.00E-01,7.10E-01,7.87E-01,7.25E-01,6.81E-01,-0.015254669134711,1.21E-01,0,542,4.23E+02,1.77E+02,3.89E+02,1.59E+02,4.41E+02,5.68E+01,3.75E+02,4.62E+01,4.26E+02,8.28E+01,3.92E+02,9.04E+01,2.43E+00,4.59E+00,5.45E+01
0.456821769475937,0.297077834606171,1.1512668132782,1.07064247131348,0.996098339557648,0.997530877590179,7.88E-01,7.22E-01,7.97E-01,7.26E-01,6.63E-01,0.015982492871429,2.70E-01,0,544,4.25E+02,1.77E+02,3.90E+02,1.59E+02,4.41E+02,5.61E+01,3.77E+02,4.65E+01,4.26E+02,8.29E+01,3.93E+02,9.09E+01,1.26E-01,4.03E+00,4.99E+01
0.457485914230347,0.294215053319931,1.14747071266174,1.09623241424561,0.986926376819611,1.02441668510437,7.93E-01,7.22E-01,7.93E-01,7.37E-01,6.77E-01,0.02589322791261,2.03E-02,0,547,4.24E+02,1.78E+02,3.90E+02,1.59E+02,4.40E+02,5.82E+01,3.76E+02,4.50E+01,4.25E+02,8.30E+01,3.90E+02,8.72E+01,8.61E-01,1.94E+00,3.90E+01
0.463647961616516,0.2937051653862,1.14041864871979,1.06668961048126,1.03012049198151,1.03502810001373,7.98E-01,7.22E-01,7.89E-01,7.32E-01,6.78E-01,-0.08268310147068,5.69E-01,0,550,4.25E+02,1.78E+02,3.90E+02,1.59E+02,4.41E+02,5.61E+01,3.77E+02,4.59E+01,4.26E+02,8.41E+01,4.01E+02,9.59E+01,2.47E+00,6.77E-01,2.68E+01
0.451801180839539,0.291950702667236,1.11523056030273,1.07151806354523,1.00043904781342,1.03770339488983,8.03E-01,7.10E-01,7.82E-01,6.95E-01,6.76E-01,0.154665192442065,3.32E-01,0,553,4.24E+02,1.77E+02,3.90E+02,1.58E+02,4.41E+02,5.62E+01,3.75E+02,4.61E+01,4.27E+02,8.25E+01,3.92E+02,8.93E+01,2.61E+00,7.52E-01,2.00E+01
0.456388384103775,0.294772416353226,1.16008388996124,1.06813514232636,1.03206098079681,1.0131117105484,7.84E-01,7.12E-01,7.77E-01,7.38E-01,6.70E-01,-0.005697057729868,6.10E-02,0,556,4.25E+02,1.78E+02,3.90E+02,1.59E+02,4.41E+02,5.88E+01,3.77E+02,4.68E+01,4.26E+02,8.40E+01,3.92E+02,9.01E+01,2.27E+00,3.90E-01,2.28E+01
0.451633721590042,0.290647208690643,1.1404709815979,1.06546354293823,1.03393399715424,1.02216517925262,7.99E-01,7.21E-01,7.87E-01,7.10E-01,6.76E-01,-0.040045592699977,2.05E-01,0,558,4.25E+02,1.76E+02,3.90E+02,1.57E+02,4.41E+02,5.74E+01,3.74E+02,4.57E+01,4.26E+02,8.26E+01,3.92E+02,8.93E+01,5.24E-01,1.11E+00,2.52E+01
0.453794926404953,0.296711206436157,1.11446619033813,1.07074427604675,1.00114250183105,1.04312241077423,7.81E-01,7.10E-01,7.82E-01,7.24E-01,6.65E-01,0.116474301335373,8.40E-02,0,561,4.25E+02,1.76E+02,3.90E+02,1.58E+02,4.40E+02,5.45E+01,3.75E+02,4.37E+01,4.26E+02,8.20E+01,3.92E+02,8.98E+01,7.97E-01,1.12E+00,2.67E+01
0.450145155191422,0.29106017947197,1.11835217475891,1.06988203525543,1.02181625366211,1.01461970806122,7.98E-01,7.15E-01,7.77E-01,7.06E-01,6.77E-01,-0.013871398247125,1.18E+00,0,564,4.24E+02,1.76E+02,3.90E+02,1.57E+02,4.40E+02,5.57E+01,3.76E+02,4.45E+01,4.25E+02,8.25E+01,3.90E+02,8.62E+01,7.35E-01,1.11E+00,2.31E+01
0.457170069217682,0.294452548027039,1.12389266490936,1.06352877616882,1.01679158210754,1.03412020206451,7.80E-01,7.11E-01,7.74E-01,7.34E-01,6.71E-01,-0.053600083562758,1.28E+00,0,567,4.26E+02,1.76E+02,3.90E+02,1.58E+02,4.40E+02,5.64E+01,3.76E+02,4.52E+01,4.26E+02,8.29E+01,3.95E+02,8.95E+01,1.23E+00,6.56E-01,1.75E+01
0.445668816566467,0.291972935199738,1.11471724510193,1.08804249763489,1.04091680049896,1.02808380126953,7.77E-01,7.12E-01,7.70E-01,7.28E-01,6.77E-01,0.740029130916993,5.95E+00,0,570,4.25E+02,2.36E+02,3.90E+02,2.13E+02,4.40E+02,1.09E+02,3.74E+02,9.13E+01,4.27E+02,1.38E+02,3.93E+02,1.37E+02,6.56E+00,2.81E+00,1.12E+01
0.445713996887207,0.290334224700928,1.14864563941956,1.06618773937225,1.00863790512085,1.02510607242584,7.73E-01,7.14E-01,7.66E-01,7.22E-01,6.68E-01,0.074454502413573,1.04E+00,0,572,4.26E+02,2.36E+02,3.90E+02,2.17E+02,4.40E+02,1.17E+02,3.76E+02,1.06E+02,4.26E+02,1.42E+02,3.92E+02,1.50E+02,2.98E+00,5.42E+00,6.94E+00
0.445319503545761,0.285799145698547,1.14786958694458,1.08549976348877,1.0370317697525,1.00696086883545,7.89E-01,7.14E-01,7.85E-01,6.88E-01,6.70E-01,-0.017926278933694,2.36E-01,0,575,4.27E+02,2.37E+02,3.93E+02,2.18E+02,4.43E+02,1.17E+02,3.76E+02,1.07E+02,4.28E+02,1.43E+02,3.92E+02,1.48E+02,1.31E+00,7.51E+00,4.78E+00
0,0,0,0,0,0,0.00E+00,0.00E+00,0.00E+00,0.00E+00,0.00E+00,-2.3786232466621,7.50E+00,0,578,0.00E+00,0.00E+00,0.00E+00,0.00E+00,0.00E+00,0.00E+00,0.00E+00,0.00E+00,0.00E+00,0.00E+00,0.00E+00,0.00E+00,2.02E+00,6.26E+00,9.75E+00
0.448431670665741,0.290958434343338,1.12729346752167,1.07029008865356,1.17811632156372,1.03416240215302,8.03E-01,6.91E-01,7.77E-01,6.34E-01,6.42E-01,-0.979022064831178,2.34E+00,0,581,4.26E+02,3.82E+02,3.92E+02,3.38E+02,4.41E+02,2.34E+02,3.76E+02,2.15E+02,4.28E+02,2.62E+02,3.94E+02,2.65E+02,3.35E+00,4.23E+00,1.68E+01
0.44682452082634,0.288018494844437,1.12852144241333,1.08132064342499,1.02999699115753,1.04664504528046,8.03E-01,7.07E-01,7.57E-01,7.31E-01,6.62E-01,0.198381583478281,9.16E-01,0,584,4.28E+02,3.82E+02,3.92E+02,3.64E+02,4.42E+02,2.62E+02,3.77E+02,2.52E+02,4.29E+02,2.89E+02,3.94E+02,2.96E+02,5.64E-01,3.92E+00,2.82E+01
0.443176567554474,0.286430329084396,1.15068364143372,1.05436182022095,1.03569352626801,1.00066065788269,7.82E-01,7.09E-01,7.66E-01,7.03E-01,6.60E-01,0.214502891855322,5.08E-01,0,586,4.29E+02,3.82E+02,3.94E+02,3.64E+02,4.42E+02,2.63E+02,3.78E+02,2.51E+02,4.29E+02,2.89E+02,3.94E+02,2.95E+02,7.20E-01,1.53E+00,3.66E+01
0.446100205183029,0.287783920764923,1.11526048183441,1.06682705879211,1.00251257419586,1.05134165287018,7.69E-01,6.96E-01,7.78E-01,7.08E-01,6.59E-01,0.416937637400211,4.32E-01,0,589,4.29E+02,3.82E+02,3.93E+02,3.64E+02,4.42E+02,2.61E+02,3.78E+02,2.50E+02,4.28E+02,2.89E+02,3.95E+02,2.95E+02,8.65E-01,7.65E-01,4.63E+01
0.44225212931633,0.286243379116058,1.14397287368774,1.06305837631226,1.0298810005188,1.01598012447357,7.77E-01,7.08E-01,7.70E-01,6.96E-01,6.76E-01,0.252460355839194,7.79E-01,0,592,4.28E+02,3.83E+02,3.93E+02,3.64E+02,4.42E+02,2.62E+02,3.77E+02,2.53E+02,4.29E+02,2.89E+02,3.93E+02,2.96E+02,4.50E-01,1.15E+00,5.28E+01
0.448696494102478,0.288892567157745,1.11684679985046,1.06724071502686,1.00910604000092,1.0467004776001,7.88E-01,7.07E-01,7.65E-01,7.37E-01,6.85E-01,0.714020929042669,4.43E-01,0,595,4.29E+02,3.83E+02,3.94E+02,3.65E+02,4.42E+02,2.62E+02,3.78E+02,2.51E+02,4.29E+02,2.89E+02,3.96E+02,2.96E+02,7.07E-01,4.48E-01,5.50E+01
0.445465385913849,0.28490737080574,1.12352633476257,1.05861413478851,1.07542598247528,1.02426326274872,7.81E-01,7.09E-01,7.65E-01,7.12E-01,6.83E-01,1.24619911665665,6.45E-01,0,598,4.29E+02,3.82E+02,3.94E+02,3.64E+02,4.43E+02,2.61E+02,3.78E+02,2.51E+02,4.30E+02,2.88E+02,3.94E+02,2.96E+02,7.35E-01,4.03E-01,5.04E+01
0.449158728122711,0.285052984952927,1.15843760967255,1.07188951969147,1.01863169670105,1.03838467597961,7.96E-01,7.03E-01,7.58E-01,7.25E-01,6.73E-01,-0.590636908044307,1.08E+00,0,600,4.31E+02,3.82E+02,3.95E+02,3.65E+02,4.43E+02,2.64E+02,3.79E+02,2.52E+02,4.29E+02,2.89E+02,3.96E+02,2.95E+02,9.25E-01,3.96E-01,4.46E+01
0.443329423666,0.284118860960007,1.13423216342926,1.08020758628845,1.06292271614075,1.01725506782532,7.75E-01,7.05E-01,7.70E-01,7.14E-01,6.64E-01,-0.211831014033586,8.12E-02,0,603,4.29E+02,3.83E+02,3.94E+02,3.65E+02,4.43E+02,2.63E+02,3.78E+02,2.52E+02,4.29E+02,2.90E+02,3.93E+02,2.96E+02,5.23E-01,1.57E-01,3.47E+01
0.443754822015762,0.28621906042099,1.13776636123657,1.08144533634186,1.03972017765045,1.0536390542984,7.97E-01,6.89E-01,7.76E-01,7.12E-01,6.62E-01,-0.082658997351465,2.05E-01,0,606,4.30E+02,3.83E+02,3.94E+02,3.65E+02,4.42E+02,2.64E+02,3.78E+02,2.52E+02,4.30E+02,2.90E+02,3.97E+02,2.98E+02,4.59E-01,3.27E-01,2.34E+01
0.441766113042831,0.28678485751152,1.14039146900177,1.07343888282776,1.13095617294312,1.03014755249023,7.77E-01,7.10E-01,7.77E-01,6.90E-01,6.72E-01,0.582144166109096,7.19E-01,0,609,4.29E+02,3.83E+02,3.94E+02,3.64E+02,4.43E+02,2.62E+02,3.77E+02,2.52E+02,4.29E+02,2.90E+02,3.94E+02,2.96E+02,3.34E-01,5.01E-01,1.32E+01
0.449397325515747,0.288006007671356,1.10844898223877,1.08431100845337,1.07007706165314,1.0772078037262,7.96E-01,6.99E-01,7.82E-01,7.36E-01,6.59E-01,1.11325942405343,1.41E+00,0,612,4.29E+02,3.82E+02,3.93E+02,3.64E+02,4.42E+02,2.62E+02,3.78E+02,2.52E+02,4.29E+02,2.89E+02,3.95E+02,2.97E+02,2.27E-01,4.26E-01,5.76E+00
0.444850355386734,0.284288078546524,1.10994565486908,1.0852484703064,1.03569686412811,1.04191505908966,7.89E-01,7.10E-01,7.76E-01,7.09E-01,6.71E-01,0.321208343366928,2.50E+00,0,614,4.27E+02,3.84E+02,3.93E+02,3.65E+02,4.42E+02,2.63E+02,3.77E+02,2.53E+02,4.29E+02,2.90E+02,3.94E+02,2.96E+02,9.24E-01,4.24E-01,2.58E+00
0.446854412555695,0.287677884101868,1.1357878446579,1.06776797771454,1.03524971008301,1.07482993602753,7.94E-01,7.04E-01,7.59E-01,7.25E-01,6.67E-01,-0.589011397705608,1.41E+00,0,617,4.26E+02,3.83E+02,3.87E+02,3.65E+02,4.36E+02,2.64E+02,3.71E+02,2.51E+02,4.23E+02,2.90E+02,3.89E+02,2.97E+02,1.13E+00,1.46E+00,1.16E+00
0.44071426987648,0.291842043399811,1.12998139858246,1.06315195560455,1.04998958110809,1.06136274337769,8.03E-01,6.92E-01,7.70E-01,7.28E-01,6.79E-01,-0.052854220673621,2.35E+00,0,620,3.57E+02,2.71E+02,3.23E+02,2.45E+02,3.87E+02,1.54E+02,3.25E+02,1.34E+02,3.70E+02,1.77E+02,3.34E+02,1.78E+02,2.55E+00,2.96E+00,1.93E+00
0.443086177110672,0.293787062168121,1.15670692920685,1.03884935379028,1.06386113166809,1.02224051952362,8.19E-01,7.01E-01,7.85E-01,7.33E-01,6.81E-01,1.65607271749994,6.10E-01,0,623,3.35E+02,2.49E+02,3.05E+02,2.19E+02,3.77E+02,1.33E+02,3.14E+02,1.10E+02,3.58E+02,1.56E+02,3.22E+02,1.55E+02,1.37E+00,3.84E+00,2.42E+00
0.444562673568726,0.290002942085266,1.16950190067291,1.0369565486908,1.09286653995514,1.05377650260925,8.23E-01,6.98E-01,7.88E-01,7.72E-01,7.27E-01,0.267416604165478,4.42E-01,0,626,3.44E+02,2.47E+02,3.12E+02,2.20E+02,3.83E+02,1.32E+02,3.20E+02,1.09E+02,3.64E+02,1.55E+02,3.28E+02,1.53E+02,2.04E+00,3.74E+00,5.85E+00
0.446742951869965,0.292892128229141,1.15481495857239,1.05142652988434,1.10381317138672,1.01278758049011,8.09E-01,7.11E-01,7.77E-01,7.41E-01,7.11E-01,-1.22127146653866,9.71E-01,0,628,3.50E+02,2.50E+02,3.22E+02,2.26E+02,3.89E+02,1.34E+02,3.27E+02,1.14E+02,3.71E+02,1.58E+02,3.33E+02,1.54E+02,2.89E+00,2.40E+00,8.50E+00
0.445945352315903,0.288727760314941,1.17372131347656,1.05654716491699,1.0741171836853,1.03488779067993,8.44E-01,7.31E-01,8.24E-01,7.69E-01,7.03E-01,0.224539718532443,1.56E+00,0,631,4.12E+02,2.39E+02,3.76E+02,2.20E+02,4.15E+02,1.23E+02,3.47E+02,1.13E+02,4.02E+02,1.48E+02,3.66E+02,1.54E+02,1.69E+00,3.44E-01,1.39E+01
0.451738804578781,0.293737709522247,1.17590570449829,1.06797695159912,1.07303738594055,1.04439103603363,8.46E-01,7.55E-01,8.15E-01,8.44E-01,7.04E-01,0.694916064062889,2.00E+00,0,634,3.99E+02,2.46E+02,3.55E+02,2.25E+02,4.10E+02,1.34E+02,3.41E+02,1.20E+02,3.93E+02,1.58E+02,3.55E+02,1.60E+02,3.06E+00,2.55E+00,1.94E+01
0.442680537700653,0.295922607183456,1.1888290643692,1.06244874000549,1.13186061382294,1.05779945850372,8.61E-01,7.22E-01,8.51E-01,7.97E-01,7.68E-01,1.25664201715987,1.12E+00,0,637,3.47E+02,2.13E+02,3.24E+02,2.02E+02,3.94E+02,1.27E+02,3.21E+02,1.01E+02,3.72E+02,1.45E+02,3.29E+02,1.44E+02,4.29E-01,3.38E+00,2.34E+01
0.440485298633575,0.296971172094345,1.19243323802948,1.0397264957428,1.07629585266113,1.04327464103699,8.50E-01,7.33E-01,8.07E-01,8.21E-01,7.70E-01,0.345231497653147,2.49E+00,0,640,3.44E+02,1.86E+02,3.12E+02,1.60E+02,3.85E+02,7.91E+01,3.21E+02,5.35E+01,3.64E+02,1.00E+02,3.22E+02,9.99E+01,2.04E+00,2.30E+00,2.50E+01
0.387020111083984,0.29021480679512,1.26425111293793,1.04578840732574,1.04223740100861,1.07431089878082,7.97E-01,7.36E-01,8.28E-01,8.21E-01,7.59E-01,-0.183182994541036,1.03E-01,0,642,3.83E+02,1.64E+02,3.24E+02,1.45E+02,3.86E+02,6.42E+01,3.15E+02,3.65E+01,3.66E+02,7.96E+01,3.24E+02,7.80E+01,1.12E+00,2.39E+00,2.46E+01
0.385062605142593,0.291719704866409,1.19295454025269,1.03963363170624,1.03470587730408,1.09190428256989,8.16E-01,7.53E-01,8.42E-01,8.00E-01,7.29E-01,-2.62210270925996,6.05E+00,0,645,4.01E+02,1.62E+02,3.56E+02,1.55E+02,4.02E+02,5.96E+01,3.29E+02,4.87E+01,3.84E+02,8.24E+01,3.45E+02,9.19E+01,1.19E+00,1.48E+00,2.26E+01
0.452028453350067,0.306810110807419,1.17573845386505,1.04537427425385,1.11475324630737,1.10698509216309,8.41E-01,7.32E-01,8.22E-01,8.02E-01,7.11E-01,-0.467373523517978,1.02E+01,0,648,3.98E+02,2.74E+02,3.63E+02,2.33E+02,4.08E+02,1.31E+02,3.36E+02,1.17E+02,3.93E+02,1.58E+02,3.54E+02,1.57E+02,1.88E+00,1.92E+00,2.06E+01
0.460258185863495,0.286333829164505,1.21038603782654,1.06621420383453,1.02688872814178,1.08193612098694,8.24E-01,7.35E-01,8.46E-01,8.42E-01,7.48E-01,-0.242951675927157,1.35E+00,0,651,3.99E+02,2.82E+02,3.65E+02,2.75E+02,4.13E+02,1.84E+02,3.46E+02,1.71E+02,3.99E+02,2.08E+02,3.61E+02,2.12E+02,1.35E+00,3.77E+00,1.84E+01
0.464269787073135,0.28763422369957,1.20645892620087,1.05552756786346,1.0194845199585,1.06414067745209,8.37E-01,7.49E-01,8.19E-01,8.12E-01,7.39E-01,0.41345697108169,1.73E+00,0,654,4.03E+02,3.85E+02,3.67E+02,3.67E+02,4.16E+02,2.69E+02,3.50E+02,2.55E+02,4.02E+02,2.94E+02,3.65E+02,2.96E+02,6.84E-01,4.09E+00,1.61E+01
0.459576159715652,0.284724354743958,1.20948266983032,1.05282068252563,1.01172804832459,1.08914172649384,8.39E-01,7.33E-01,8.34E-01,8.22E-01,7.31E-01,-0.266693809151903,1.17E+00,0,656,4.02E+02,3.95E+02,3.64E+02,3.81E+02,4.16E+02,2.86E+02,3.49E+02,2.73E+02,4.02E+02,3.09E+02,3.66E+02,3.16E+02,1.14E+00,5.15E+00,1.21E+01
0.446899175643921,0.282350063323975,1.18588209152222,1.05460512638092,1.0708144903183,1.07069265842438,8.28E-01,7.48E-01,8.34E-01,8.05E-01,7.45E-01,0.35207028179292,2.16E+00,0,659,3.98E+02,4.21E+02,3.61E+02,4.00E+02,4.14E+02,3.02E+02,3.49E+02,2.88E+02,4.01E+02,3.27E+02,3.66E+02,3.31E+02,1.02E+00,4.19E+00,5.22E+00
0.44527342915535,0.287354648113251,1.17186546325684,1.06308960914612,1.0836489200592,1.06277430057526,8.16E-01,7.37E-01,8.14E-01,8.08E-01,7.43E-01,-0.017022255121496,6.70E-01,0,662,3.93E+02,4.30E+02,3.52E+02,4.14E+02,4.09E+02,3.18E+02,3.45E+02,3.01E+02,3.94E+02,3.42E+02,3.57E+02,3.45E+02,3.20E-01,2.36E+00,6.42E+00
0.458955764770508,0.285042226314545,1.19754314422607,1.06722414493561,1.02581417560577,1.04049217700958,8.16E-01,7.37E-01,8.05E-01,7.34E-01,7.50E-01,4.03668150530084,6.83E+00,0,665,3.40E+02,4.06E+02,3.25E+02,4.05E+02,3.92E+02,3.16E+02,3.29E+02,2.98E+02,3.75E+02,3.37E+02,3.39E+02,3.42E+02,1.04E+00,1.25E+00,1.79E+01
0.455565989017487,0.29454094171524,1.18498742580414,1.04530489444733,1.11630320549011,1.0401177406311,8.17E-01,7.21E-01,8.19E-01,7.87E-01,7.28E-01,2.36061251155807,8.66E+00,0,668,3.43E+02,3.76E+02,3.08E+02,3.50E+02,3.79E+02,2.64E+02,3.16E+02,2.39E+02,3.59E+02,2.87E+02,3.22E+02,2.82E+02,2.88E+00,8.49E-01,2.74E+01
0.453229784965515,0.293789058923721,1.20435738563538,1.04411292076111,1.21041059494019,1.03802514076233,8.17E-01,7.18E-01,7.80E-01,7.65E-01,7.24E-01,-0.295273702555096,1.56E+00,0,670,3.38E+02,3.61E+02,2.99E+02,3.34E+02,3.72E+02,2.48E+02,3.10E+02,2.24E+02,3.54E+02,2.72E+02,3.18E+02,2.68E+02,1.97E+00,2.28E+00,3.40E+01
0.45126149058342,0.291353136301041,1.21361839771271,1.04763376712799,1.13929295539856,1.04317235946655,8.29E-01,7.11E-01,8.04E-01,7.68E-01,7.15E-01,0.034392529187381,2.31E-01,0,673,3.47E+02,3.67E+02,3.12E+02,3.46E+02,3.80E+02,2.60E+02,3.19E+02,2.38E+02,3.63E+02,2.81E+02,3.27E+02,2.80E+02,1.95E+00,1.20E+00,3.91E+01
0.450646281242371,0.284254968166351,1.23888194561005,1.04021608829498,1.18492543697357,1.03109121322632,8.14E-01,7.33E-01,8.09E-01,7.62E-01,7.00E-01,1.29720039698966,3.93E+00,0,676,3.65E+02,3.69E+02,3.23E+02,3.42E+02,3.87E+02,2.56E+02,3.22E+02,2.34E+02,3.70E+02,2.79E+02,3.33E+02,2.78E+02,2.52E+00,1.34E+00,3.92E+01
0.449071258306503,0.286208033561707,1.24419474601746,1.05375814437866,1.15685367584229,1.029545545578,8.09E-01,7.26E-01,7.89E-01,7.62E-01,6.99E-01,0.099427670476566,2.16E+00,0,679,3.67E+02,3.76E+02,3.28E+02,3.56E+02,3.91E+02,2.66E+02,3.27E+02,2.46E+02,3.75E+02,2.90E+02,3.38E+02,2.89E+02,1.55E+00,1.18E+00,3.50E+01
0.444925278425217,0.279386907815933,1.23509383201599,1.06022465229034,1.17654156684875,1.02583777904511,8.00E-01,7.26E-01,7.64E-01,7.70E-01,6.96E-01,0.875970037263208,1.71E+00,0,682,3.71E+02,3.90E+02,3.32E+02,3.67E+02,3.95E+02,2.74E+02,3.31E+02,2.56E+02,3.78E+02,2.99E+02,3.42E+02,3.02E+02,1.12E+00,1.35E+00,2.93E+01
0.444675147533417,0.284136205911636,1.26368761062622,1.07232701778412,1.10930395126343,1.03143799304962,8.00E-01,7.11E-01,7.51E-01,7.73E-01,6.92E-01,2.82059179755576,2.25E+00,0,684,3.73E+02,3.93E+02,3.36E+02,3.73E+02,3.97E+02,2.78E+02,3.35E+02,2.62E+02,3.81E+02,3.04E+02,3.45E+02,3.07E+02,1.61E+00,1.30E+00,2.30E+01
0.441479027271271,0.27830907702446,1.24412202835083,1.0772510766983,1.04292094707489,1.02847921848297,7.97E-01,7.17E-01,7.59E-01,7.72E-01,6.72E-01,1.36437499729915,5.76E+00,0,687,3.87E+02,4.04E+02,3.47E+02,3.84E+02,4.05E+02,2.88E+02,3.41E+02,2.73E+02,3.89E+02,3.12E+02,3.54E+02,3.16E+02,2.66E+00,2.76E+00,1.59E+01
0.438958406448364,0.280170351266861,1.25712645053864,1.0618371963501,1.06438255310059,1.03643989562988,7.95E-01,7.12E-01,7.86E-01,7.38E-01,6.74E-01,0.224633791722784,1.03E+00,0,690,3.88E+02,4.06E+02,3.50E+02,3.88E+02,4.07E+02,2.92E+02,3.45E+02,2.77E+02,3.92E+02,3.17E+02,3.57E+02,3.21E+02,1.92E+00,2.20E+00,8.35E+00
0.438871711492538,0.275533586740494,1.24298679828644,1.07754993438721,1.07363188266754,1.0135760307312,7.90E-01,7.16E-01,7.72E-01,7.57E-01,6.74E-01,0.452521664689738,2.19E+00,0,693,3.96E+02,4.13E+02,3.56E+02,3.93E+02,4.11E+02,2.96E+02,3.48E+02,2.80E+02,3.97E+02,3.21E+02,3.60E+02,3.25E+02,2.72E+00,6.23E-01,4.78E+00
0.442165404558182,0.27569392323494,1.23980474472046,1.07575488090515,1.07206189632416,1.01863145828247,7.97E-01,7.07E-01,7.75E-01,7.45E-01,6.74E-01,0.283896555840155,2.13E+00,0,696,3.98E+02,4.14E+02,3.59E+02,3.96E+02,4.13E+02,2.98E+02,3.50E+02,2.85E+02,3.99E+02,3.23E+02,3.63E+02,3.28E+02,7.23E-01,3.20E+00,4.40E+00
0.439148157835007,0.27679505944252,1.23836970329285,1.07236993312836,1.12228143215179,1.00463724136353,7.91E-01,7.16E-01,7.77E-01,7.25E-01,6.75E-01,2.82062370313894,5.54E+00,0,698,4.02E+02,4.18E+02,3.61E+02,3.97E+02,4.15E+02,2.99E+02,3.50E+02,2.86E+02,4.00E+02,3.25E+02,3.64E+02,3.28E+02,2.61E+00,4.28E+00,4.84E+00
0.434864729642868,0.281544387340546,1.21559023857117,1.0711385011673,1.06496691703796,1.03110802173615,8.01E-01,7.19E-01,7.79E-01,7.35E-01,6.69E-01,0.01128436048992,2.24E-01,0,701,4.02E+02,4.22E+02,3.62E+02,4.06E+02,4.16E+02,3.08E+02,3.52E+02,2.94E+02,4.02E+02,3.34E+02,3.67E+02,3.40E+02,1.07E+00,1.50E+00,2.65E+00
0.434806376695633,0.275586932897568,1.19750821590424,1.04548752307892,1.05817401409149,1.00008738040924,7.81E-01,7.17E-01,7.76E-01,7.35E-01,6.68E-01,0.977273767168088,5.08E+00,0,704,4.03E+02,4.39E+02,3.64E+02,4.19E+02,4.17E+02,3.20E+02,3.53E+02,3.07E+02,4.02E+02,3.45E+02,3.67E+02,3.52E+02,8.27E-01,7.30E-01,4.72E-01
0.437553286552429,0.278288722038269,1.17871749401093,1.06026875972748,1.11040484905243,1.02688789367676,7.79E-01,7.08E-01,7.65E-01,7.44E-01,6.76E-01,0.526262247024694,1.47E+00,0,707,4.04E+02,4.41E+02,3.65E+02,4.24E+02,4.18E+02,3.26E+02,3.54E+02,3.12E+02,4.04E+02,3.52E+02,3.68E+02,3.57E+02,1.84E+00,8.44E-01,4.66E+00
0.429652154445648,0.274052262306213,1.19713568687439,1.06642377376556,1.11546468734741,0.993328928947449,7.84E-01,6.99E-01,7.53E-01,7.24E-01,6.57E-01,0.527158829708231,2.90E+00,0,710,4.04E+02,4.51E+02,3.65E+02,4.30E+02,4.19E+02,3.31E+02,3.54E+02,3.18E+02,4.04E+02,3.57E+02,3.68E+02,3.61E+02,1.01E+00,5.04E-01,9.76E+00
0.430768847465515,0.278213977813721,1.18391633033752,1.06029224395752,1.01886475086212,1.02641379833221,7.88E-01,6.96E-01,7.72E-01,7.22E-01,6.73E-01,-0.760038057302223,1.36E+00,0,712,4.06E+02,4.52E+02,3.66E+02,4.35E+02,4.20E+02,3.36E+02,3.55E+02,3.23E+02,4.05E+02,3.61E+02,3.72E+02,3.67E+02,1.00E+00,3.89E-01,1.31E+01
0.430384308099747,0.273184299468994,1.18267571926117,1.06405556201935,1.07694292068481,0.984599888324738,7.79E-01,6.97E-01,7.81E-01,7.14E-01,6.75E-01,0.258081280890105,1.06E+00,0,715,4.05E+02,4.61E+02,3.66E+02,4.41E+02,4.19E+02,3.42E+02,3.55E+02,3.28E+02,4.05E+02,3.68E+02,3.69E+02,3.73E+02,3.46E-01,6.73E-01,1.56E+01
0.433936029672623,0.274873226881027,1.18662464618683,1.06739282608032,1.12228322029114,1.03703618049622,7.73E-01,6.80E-01,7.70E-01,7.18E-01,6.74E-01,-0.387530677019171,4.91E-01,0,718,4.06E+02,4.62E+02,3.67E+02,4.45E+02,4.20E+02,3.46E+02,3.56E+02,3.34E+02,4.06E+02,3.73E+02,3.72E+02,3.78E+02,2.09E-01,4.93E-01,1.56E+01
0.432671338319778,0.269903749227524,1.17337441444397,1.07105445861816,1.10927283763886,0.982184588909149,7.73E-01,6.96E-01,7.81E-01,7.14E-01,6.74E-01,0.536445535597804,2.99E+00,0,721,4.07E+02,4.69E+02,3.67E+02,4.50E+02,4.20E+02,3.51E+02,3.56E+02,3.38E+02,4.06E+02,3.77E+02,3.68E+02,3.81E+02,5.84E-01,5.19E-01,1.38E+01
0.437088817358017,0.274139612913132,1.18728816509247,1.04151916503906,1.07994747161865,1.02581322193146,7.90E-01,6.86E-01,7.53E-01,7.13E-01,6.76E-01,0.642535342821851,3.20E+00,0,724,4.06E+02,4.69E+02,3.66E+02,4.50E+02,4.20E+02,3.54E+02,3.55E+02,3.40E+02,4.05E+02,3.79E+02,3.70E+02,3.84E+02,1.51E+00,6.62E-01,9.40E+00
0.434469878673553,0.272437334060669,1.20095264911652,1.05141031742096,1.07815957069397,1.01774024963379,7.85E-01,7.04E-01,7.67E-01,7.22E-01,7.14E-01,-0.145056756217637,1.17E+00,0,726,4.08E+02,4.74E+02,3.68E+02,4.54E+02,4.22E+02,3.56E+02,3.57E+02,3.43E+02,4.07E+02,3.82E+02,3.71E+02,3.86E+02,9.94E-01,1.70E-01,6.11E+00
0.436256736516953,0.273560166358948,1.17481338977814,1.04556047916412,1.09008634090424,1.01300966739655,8.02E-01,6.91E-01,7.63E-01,6.95E-01,7.00E-01,0.000918759394146,2.53E-01,0,729,4.09E+02,4.74E+02,3.70E+02,4.56E+02,4.23E+02,3.56E+02,3.58E+02,3.44E+02,4.08E+02,3.84E+02,3.73E+02,3.91E+02,6.48E-01,9.90E-01,2.10E+00
0.435392796993256,0.270679324865341,1.16832649707794,1.0662750005722,1.15905332565308,0.992714703083038,7.72E-01,6.95E-01,7.60E-01,7.06E-01,6.94E-01,0.030693263000435,8.22E-01,0,732,4.09E+02,4.80E+02,3.70E+02,4.61E+02,4.22E+02,3.62E+02,3.58E+02,3.50E+02,4.08E+02,3.89E+02,3.71E+02,3.93E+02,8.13E-01,7.09E-01,1.24E+00
0.440635025501251,0.272906482219696,1.18649172782898,1.06996655464172,1.06543123722076,1.01970195770264,7.87E-01,6.85E-01,7.67E-01,7.01E-01,6.89E-01,-0.259285936034658,9.95E-01,0,735,4.11E+02,4.81E+02,3.72E+02,4.63E+02,4.24E+02,3.65E+02,3.60E+02,3.53E+02,4.10E+02,3.90E+02,3.75E+02,3.97E+02,2.67E+00,2.04E+00,2.42E+00
0.433244466781616,0.269153863191605,1.18301224708557,1.07098579406738,1.06097209453583,1.00102591514587,7.67E-01,6.97E-01,7.75E-01,6.96E-01,6.83E-01,0.428998788880941,6.64E-01,0,738,4.11E+02,4.89E+02,3.71E+02,4.70E+02,4.24E+02,3.71E+02,3.58E+02,3.58E+02,4.09E+02,3.96E+02,3.75E+02,4.03E+02,2.14E+00,3.61E+00,1.28E+00
0.438299715518951,0.271683722734451,1.17670524120331,1.06826055049896,1.04664969444275,1.02191150188446,7.66E-01,6.88E-01,7.76E-01,7.31E-01,6.80E-01,1.52147425035674,4.23E+00,0,740,4.13E+02,4.92E+02,3.73E+02,4.74E+02,4.25E+02,3.76E+02,3.61E+02,3.63E+02,4.11E+02,4.01E+02,3.76E+02,4.07E+02,2.06E+00,4.10E+00,1.80E+00
0.440733373165131,0.26955384016037,1.14900124073029,1.0748336315155,1.0369176864624,1.00617623329163,7.73E-01,7.01E-01,7.81E-01,7.19E-01,6.92E-01,0.171657328116762,2.62E-01,0,743,4.13E+02,4.98E+02,3.73E+02,4.78E+02,4.25E+02,3.79E+02,3.60E+02,3.67E+02,4.10E+02,4.04E+02,3.76E+02,4.11E+02,2.00E+00,3.81E+00,4.28E+00
0.441279023885727,0.273978859186172,1.15399634838104,1.07095122337341,1.05694770812988,1.02791583538055,7.75E-01,6.91E-01,7.80E-01,7.29E-01,6.83E-01,0.188001433597958,1.65E+00,0,746,4.14E+02,4.99E+02,3.75E+02,4.82E+02,4.26E+02,3.82E+02,3.62E+02,3.70E+02,4.12E+02,4.09E+02,3.77E+02,4.16E+02,9.22E-01,3.49E+00,9.48E+00
0.438492447137833,0.268693596124649,1.14870917797089,1.06309676170349,1.05890619754791,1.02446234226227,7.65E-01,6.94E-01,7.81E-01,7.06E-01,6.83E-01,1.07561028387486,3.49E+00,0,749,4.15E+02,5.04E+02,3.76E+02,4.84E+02,4.27E+02,3.85E+02,3.62E+02,3.73E+02,4.13E+02,4.10E+02,3.78E+02,4.15E+02,1.32E+00,1.64E+00,1.54E+01
0.443692445755005,0.272913455963135,1.1515496969223,1.07677340507507,1.02788496017456,1.03303861618042,7.94E-01,6.97E-01,7.94E-01,7.52E-01,6.94E-01,-0.243957641847649,2.43E+00,0,752,4.16E+02,5.06E+02,3.76E+02,4.90E+02,4.27E+02,3.90E+02,3.64E+02,3.79E+02,4.14E+02,4.16E+02,3.79E+02,4.22E+02,5.96E-01,7.52E-02,2.09E+01
0.442296832799912,0.270107060670853,1.16833817958832,1.0571848154068,1.07644331455231,0.997916162014008,7.68E-01,6.90E-01,7.91E-01,7.30E-01,6.87E-01,0.159665814729953,2.77E+00,0,754,4.16E+02,5.13E+02,3.76E+02,4.94E+02,4.27E+02,3.94E+02,3.62E+02,3.82E+02,4.14E+02,4.20E+02,3.78E+02,4.25E+02,1.66E+00,5.29E-01,2.36E+01
0.443406045436859,0.274120807647705,1.16137325763702,1.07534801959991,1.06726086139679,1.03817188739777,7.80E-01,6.85E-01,7.68E-01,7.28E-01,6.83E-01,0.09152589254716,4.40E-01,0,757,4.15E+02,5.12E+02,3.73E+02,4.93E+02,4.26E+02,3.95E+02,3.62E+02,3.83E+02,4.12E+02,4.21E+02,3.77E+02,4.27E+02,1.18E+00,9.03E-01,2.65E+01
0.441010653972626,0.27028900384903,1.17273223400116,1.06369662284851,1.04679977893829,1.00310015678406,7.62E-01,6.98E-01,7.93E-01,7.29E-01,7.13E-01,0.451729992891695,3.51E+00,0,760,4.22E+02,5.14E+02,3.78E+02,4.98E+02,4.28E+02,3.97E+02,3.63E+02,3.88E+02,4.15E+02,4.24E+02,3.80E+02,4.31E+02,1.71E+00,1.20E+00,2.70E+01
0.443988025188446,0.272760182619095,1.17370188236237,1.06134355068207,1.04724884033203,1.03162956237793,7.84E-01,6.95E-01,7.93E-01,7.41E-01,6.99E-01,0.038427154938823,1.44E+00,0,763,4.25E+02,5.14E+02,3.81E+02,5.00E+02,4.30E+02,4.00E+02,3.65E+02,3.90E+02,4.17E+02,4.27E+02,3.82E+02,4.34E+02,4.66E-01,1.80E+00,2.47E+01
0.4417844414711,0.271560877561569,1.18228662014008,1.07868468761444,1.06165742874146,0.990146160125732,7.66E-01,7.05E-01,7.94E-01,7.10E-01,7.08E-01,1.22463771640737,3.31E+00,0,766,4.18E+02,5.21E+02,3.78E+02,5.03E+02,4.29E+02,4.03E+02,3.64E+02,3.92E+02,4.15E+02,4.29E+02,3.79E+02,4.35E+02,2.22E+00,1.31E+00,2.20E+01
0.443374276161194,0.274151533842087,1.17773151397705,1.06547713279724,1.06062245368958,1.03695714473724,7.89E-01,6.99E-01,7.95E-01,7.30E-01,7.00E-01,0.662865518850105,3.41E+00,0,768,4.20E+02,5.22E+02,3.79E+02,5.04E+02,4.30E+02,4.04E+02,3.66E+02,3.92E+02,4.16E+02,4.30E+02,3.82E+02,4.36E+02,1.07E+00,1.40E+00,1.91E+01
0.440935075283051,0.273210644721985,1.17194795608521,1.07360410690308,1.09094095230103,1.00888395309448,7.60E-01,7.02E-01,8.01E-01,7.28E-01,6.97E-01,-0.982250571838888,7.68E-01,0,771,4.18E+02,5.23E+02,3.78E+02,5.05E+02,4.30E+02,4.05E+02,3.64E+02,3.95E+02,4.15E+02,4.31E+02,3.82E+02,4.36E+02,3.26E-01,1.28E+00,1.58E+01
0.443772047758102,0.275656402111053,1.17464900016785,1.07260930538178,1.02915930747986,1.03825879096985,7.82E-01,6.95E-01,7.79E-01,7.30E-01,6.87E-01,-0.067767837448332,1.69E+00,0,774,4.19E+02,5.23E+02,3.78E+02,5.05E+02,4.29E+02,4.05E+02,3.65E+02,3.94E+02,4.16E+02,4.32E+02,3.82E+02,4.38E+02,3.94E-01,6.60E-01,1.29E+01
0.440210282802582,0.271765321493149,1.17182493209839,1.07502353191376,1.12364590167999,1.00185632705688,7.74E-01,7.01E-01,7.72E-01,7.35E-01,6.95E-01,1.44920551708733,3.30E+00,0,777,4.20E+02,5.25E+02,3.80E+02,5.07E+02,4.30E+02,4.07E+02,3.65E+02,3.95E+02,4.17E+02,4.33E+02,3.81E+02,4.39E+02,1.63E+00,1.35E+00,1.18E+01
0.438364207744598,0.272164791822433,1.17909502983093,1.05402743816376,1.05131602287292,1.0301947593689,7.71E-01,6.98E-01,7.78E-01,7.45E-01,6.92E-01,0.376020412830105,3.98E+00,0,780,4.20E+02,5.24E+02,3.79E+02,5.07E+02,4.30E+02,4.07E+02,3.66E+02,3.95E+02,4.16E+02,4.33E+02,3.82E+02,4.39E+02,6.95E-01,1.09E+00,1.14E+01
0.439167618751526,0.269048452377319,1.16065561771393,1.07909572124481,1.1012898683548,1.01277577877045,7.74E-01,7.05E-01,7.78E-01,7.16E-01,6.85E-01,1.95831213815126,1.36E+00,0,782,4.20E+02,5.26E+02,3.79E+02,5.08E+02,4.30E+02,4.08E+02,3.66E+02,3.97E+02,4.16E+02,4.34E+02,3.81E+02,4.39E+02,1.69E+00,3.39E-01,1.16E+01
0.444410592317581,0.273057699203491,1.17016649246216,1.06852746009827,1.03054797649384,1.03646743297577,7.89E-01,6.98E-01,7.88E-01,7.45E-01,6.79E-01,-0.249278151137008,1.78E-01,0,785,4.20E+02,5.26E+02,3.79E+02,5.09E+02,4.30E+02,4.09E+02,3.66E+02,3.97E+02,4.16E+02,4.34E+02,3.83E+02,4.41E+02,2.53E+00,1.63E+00,1.13E+01
0.445239931344986,0.272045105695724,1.15717434883118,1.05423867702484,1.07275438308716,1.02319228649139,7.70E-01,7.09E-01,7.77E-01,7.48E-01,6.89E-01,0.398382602777185,2.96E+00,0,788,4.20E+02,5.27E+02,3.79E+02,5.09E+02,4.30E+02,4.09E+02,3.64E+02,3.98E+02,4.16E+02,4.35E+02,3.82E+02,4.40E+02,1.80E+00,2.45E+00,1.10E+01
0.447530508041382,0.274135082960129,1.17733705043793,1.07563900947571,1.06099367141724,1.03300309181213,7.80E-01,6.97E-01,7.73E-01,7.43E-01,6.84E-01,-0.34491067459409,5.47E-01,0,791,4.20E+02,5.28E+02,3.80E+02,5.11E+02,4.30E+02,4.11E+02,3.66E+02,3.99E+02,4.17E+02,4.37E+02,3.82E+02,4.43E+02,9.46E-01,1.15E+00,9.41E+00
0.443837493658066,0.269989997148514,1.15226209163666,1.0724538564682,1.08694326877594,0.977210521697998,7.76E-01,7.01E-01,7.81E-01,7.32E-01,6.85E-01,1.38025109018875,2.28E+00,0,794,4.21E+02,5.31E+02,3.80E+02,5.13E+02,4.30E+02,4.13E+02,3.65E+02,4.02E+02,4.17E+02,4.39E+02,3.83E+02,4.46E+02,5.90E-01,1.01E+00,8.08E+00
0.447467058897018,0.274142682552338,1.16666662693024,1.0589382648468,1.04379379749298,1.03361165523529,7.85E-01,7.04E-01,7.84E-01,7.43E-01,6.83E-01,0.505948251399283,5.98E-01,0,796,4.22E+02,5.31E+02,3.81E+02,5.14E+02,4.32E+02,4.14E+02,3.67E+02,4.02E+02,4.17E+02,4.40E+02,3.84E+02,4.45E+02,5.99E-01,4.63E-01,6.49E+00
0.445972561836243,0.270704656839371,1.15781915187836,1.08578407764435,1.09249699115753,1.00861084461212,7.81E-01,6.99E-01,7.91E-01,7.15E-01,7.02E-01,1.36568095856012,1.32E+00,0,799,4.21E+02,5.34E+02,3.81E+02,5.15E+02,4.31E+02,4.16E+02,3.66E+02,4.03E+02,4.17E+02,4.42E+02,3.83E+02,4.46E+02,9.18E-01,3.53E-01,6.41E+00
0.451076447963715,0.278867244720459,1.16760087013245,1.05099129676819,1.00867450237274,1.02146828174591,7.92E-01,6.96E-01,7.82E-01,7.48E-01,6.93E-01,2.06856220690073,4.82E+00,0,802,4.22E+02,5.36E+02,3.81E+02,5.18E+02,4.33E+02,4.18E+02,3.68E+02,4.08E+02,4.19E+02,4.45E+02,3.83E+02,4.52E+02,1.55E+00,2.01E+00,4.89E+00
0.443836569786072,0.275239706039429,1.16067838668823,1.08670651912689,1.04489850997925,1.00301730632782,7.93E-01,6.95E-01,7.85E-01,7.31E-01,6.89E-01,3.15816719692323,5.49E+00,0,805,4.24E+02,5.42E+02,3.84E+02,5.24E+02,4.34E+02,4.24E+02,3.68E+02,4.13E+02,4.20E+02,4.49E+02,3.84E+02,4.56E+02,2.65E+00,3.19E+00,5.28E+00
0.446442872285843,0.279361873865128,1.18059909343719,1.05138266086578,1.03239250183105,1.02307081222534,7.83E-01,7.17E-01,7.86E-01,7.38E-01,6.84E-01,1.49444421242537,6.00E+00,0,808,4.25E+02,5.43E+02,3.85E+02,5.27E+02,4.35E+02,4.27E+02,3.71E+02,4.15E+02,4.21E+02,4.53E+02,3.86E+02,4.60E+02,1.79E+00,4.17E+00,1.94E+00
0.441725015640259,0.277591794729233,1.15222144126892,1.07750868797302,1.04982554912567,0.999910831451416,7.86E-01,6.99E-01,7.76E-01,7.17E-01,6.77E-01,1.17668385801441,3.54E+00,0,810,4.25E+02,5.48E+02,3.85E+02,5.30E+02,4.36E+02,4.30E+02,3.70E+02,4.18E+02,4.22E+02,4.56E+02,3.85E+02,4.63E+02,4.35E+00,3.61E+00,3.89E+00
0.458895683288574,0.279904156923294,1.14650332927704,1.04959332942963,1.00538265705109,1.02008593082428,7.82E-01,7.16E-01,7.95E-01,7.38E-01,6.75E-01,-0.175290878756059,1.03E+00,0,813,4.25E+02,5.49E+02,3.85E+02,5.31E+02,4.35E+02,4.30E+02,3.71E+02,4.18E+02,4.22E+02,4.57E+02,3.86E+02,4.63E+02,1.34E+00,2.18E+00,8.96E+00
0.444455355405808,0.27261471748352,1.14280939102173,1.07586514949799,1.05886101722717,0.992118775844574,7.87E-01,7.00E-01,7.63E-01,7.10E-01,6.79E-01,1.64535405345798,5.30E+00,0,816,4.25E+02,5.49E+02,3.85E+02,5.30E+02,4.35E+02,4.31E+02,3.70E+02,4.20E+02,4.21E+02,4.57E+02,3.85E+02,4.60E+02,1.66E+00,1.00E+00,1.62E+01
0.446040749549866,0.277814239263535,1.15238058567047,1.06198382377625,1.03126776218414,1.03851234912872,7.79E-01,7.08E-01,7.84E-01,7.42E-01,6.80E-01,-0.243398802385698,3.17E+00,0,819,4.26E+02,5.49E+02,3.87E+02,5.32E+02,4.37E+02,4.31E+02,3.72E+02,4.20E+02,4.23E+02,4.58E+02,3.89E+02,4.65E+02,1.85E+00,3.47E-01,2.35E+01
0.441679507493973,0.277937710285187,1.16939377784729,1.07078492641449,1.04376614093781,1.01108527183533,7.88E-01,7.06E-01,7.66E-01,7.14E-01,6.75E-01,0.724202038528843,2.94E+00,0,822,4.26E+02,5.50E+02,3.87E+02,5.32E+02,4.36E+02,4.32E+02,3.72E+02,4.20E+02,4.24E+02,4.58E+02,3.89E+02,4.65E+02,1.32E+00,5.30E-01,2.80E+01
0.445609092712402,0.279134333133697,1.16519606113434,1.0517144203186,1.0098363161087,1.04558718204498,7.78E-01,7.11E-01,7.72E-01,7.43E-01,6.71E-01,-0.004374760353145,4.53E-01,0,824,4.26E+02,5.50E+02,3.86E+02,5.32E+02,4.37E+02,4.31E+02,3.72E+02,4.21E+02,4.23E+02,4.58E+02,3.90E+02,4.65E+02,9.99E-02,9.82E-01,3.10E+01
0.455536484718323,0.275697618722916,1.15046775341034,1.06885135173798,1.04062330722809,1.00843489170074,7.96E-01,7.05E-01,7.83E-01,7.31E-01,6.84E-01,-0.164285820088879,8.65E-01,0,827,4.25E+02,5.49E+02,3.85E+02,5.30E+02,4.36E+02,4.31E+02,3.70E+02,4.18E+02,4.23E+02,4.56E+02,3.86E+02,4.61E+02,3.35E-01,5.54E-01,3.15E+01
0.445262521505356,0.280114769935608,1.16480815410614,1.06971490383148,1.04761123657227,1.0493677854538,7.82E-01,7.15E-01,7.78E-01,7.45E-01,6.76E-01,0.855500188062969,5.36E-01,0,830,4.26E+02,5.50E+02,3.88E+02,5.33E+02,4.37E+02,4.33E+02,3.72E+02,4.21E+02,4.24E+02,4.59E+02,3.90E+02,4.65E+02,5.49E-01,5.52E-01,3.12E+01
0.441100597381592,0.276400357484817,1.16824126243591,1.07109344005585,1.05875730514526,1.01259648799896,7.91E-01,7.10E-01,7.83E-01,7.18E-01,6.89E-01,1.39974281113073,3.64E+00,0,833,4.27E+02,5.51E+02,3.88E+02,5.33E+02,4.38E+02,4.31E+02,3.72E+02,4.21E+02,4.24E+02,4.59E+02,3.89E+02,4.65E+02,6.04E-01,5.56E-01,2.69E+01
0.447054862976074,0.280710369348526,1.16036868095398,1.07198488712311,1.03285574913025,1.03605806827545,7.91E-01,7.13E-01,7.80E-01,7.39E-01,6.68E-01,0.603385866763139,1.92E+00,0,836,4.26E+02,5.51E+02,3.86E+02,5.31E+02,4.36E+02,4.32E+02,3.71E+02,4.16E+02,4.23E+02,4.57E+02,3.86E+02,4.61E+02,9.33E-01,5.64E-01,2.25E+01
0.44307753443718,0.277883172035217,1.13455188274384,1.06770598888397,1.04421627521515,1.01098263263702,7.80E-01,7.12E-01,7.78E-01,7.24E-01,6.83E-01,-0.145007082002605,1.88E+00,0,838,4.26E+02,5.52E+02,3.88E+02,5.34E+02,4.38E+02,4.33E+02,3.73E+02,4.23E+02,4.24E+02,4.60E+02,3.89E+02,4.67E+02,8.44E-01,4.98E-01,2.09E+01
0.444992244243622,0.276655554771423,1.14676129817963,1.07399952411652,0.996963024139404,1.03108751773834,7.82E-01,7.08E-01,7.87E-01,7.36E-01,6.89E-01,0.117876744252324,1.28E+00,0,841,4.27E+02,5.52E+02,3.88E+02,5.35E+02,4.38E+02,4.35E+02,3.75E+02,4.22E+02,4.24E+02,4.60E+02,3.92E+02,4.68E+02,2.55E-01,6.14E-01,1.55E+01
0.445044994354248,0.276349663734436,1.13230323791504,1.08097410202026,1.05905747413635,1.00371050834656,7.79E-01,7.10E-01,7.78E-01,7.13E-01,6.79E-01,-0.003455125781957,1.82E+00,0,844,4.27E+02,5.54E+02,3.89E+02,5.36E+02,4.38E+02,4.34E+02,3.74E+02,4.24E+02,4.26E+02,4.61E+02,3.92E+02,4.68E+02,1.40E-01,6.28E-01,1.26E+01
0.446449369192123,0.279824495315552,1.12890219688416,1.08287036418915,1.02050340175629,1.04834020137787,7.81E-01,7.18E-01,7.92E-01,7.37E-01,6.87E-01,1.5273431323756,6.52E-01,0,847,4.27E+02,5.53E+02,3.89E+02,5.35E+02,4.38E+02,4.36E+02,3.75E+02,4.24E+02,4.26E+02,4.61E+02,3.92E+02,4.68E+02,6.41E-01,6.08E-01,1.11E+01
0.443079560995102,0.276137739419937,1.14379000663757,1.0842547416687,1.02974545955658,1.00790119171143,7.79E-01,7.11E-01,7.93E-01,7.29E-01,6.81E-01,0.001337708314086,1.23E+00,0,850,4.27E+02,5.54E+02,3.89E+02,5.36E+02,4.39E+02,4.36E+02,3.74E+02,4.24E+02,4.25E+02,4.62E+02,3.91E+02,4.68E+02,2.65E-01,8.52E-01,7.98E+00
0.45067623257637,0.278012901544571,1.14077377319336,1.07950901985168,0.99229097366333,1.057985663414,7.78E-01,7.07E-01,7.75E-01,7.39E-01,6.85E-01,0.191452106527642,3.64E+00,0,853,4.27E+02,5.53E+02,3.89E+02,5.35E+02,4.39E+02,4.35E+02,3.75E+02,4.22E+02,4.26E+02,4.61E+02,3.93E+02,4.67E+02,7.87E-01,5.54E-01,7.03E+00
0.446614533662796,0.273731678724289,1.14582300186157,1.08534038066864,1.04190301895142,1.00081980228424,7.86E-01,7.11E-01,7.79E-01,7.26E-01,6.83E-01,0.008130193910531,1.12E+00,0,855,4.27E+02,5.54E+02,3.89E+02,5.36E+02,4.39E+02,4.36E+02,3.74E+02,4.25E+02,4.25E+02,4.61E+02,3.90E+02,4.68E+02,6.80E-01,8.87E-01,4.88E+00
0.454186111688614,0.280615776777267,1.12428438663483,1.06861138343811,1.01683306694031,1.05218732357025,7.91E-01,7.10E-01,7.93E-01,7.33E-01,6.78E-01,0.361407503849266,1.42E+00,0,858,4.28E+02,5.53E+02,3.90E+02,5.35E+02,4.39E+02,4.35E+02,3.75E+02,4.23E+02,4.26E+02,4.61E+02,3.93E+02,4.68E+02,9.60E-01,2.76E-01,3.48E+00
0.446812689304352,0.278355717658997,1.13854014873505,1.06648218631744,1.01385951042175,1.03358733654022,7.88E-01,7.04E-01,7.92E-01,7.13E-01,6.77E-01,1.03486291682876,2.95E+00,0,861,4.26E+02,5.53E+02,3.89E+02,5.35E+02,4.39E+02,4.36E+02,3.74E+02,4.24E+02,4.25E+02,4.61E+02,3.92E+02,4.66E+02,3.36E-01,5.38E-01,1.13E+00
0.451019942760468,0.281714141368866,1.12453293800354,1.06851089000702,0.985432863235474,1.06154656410217,7.96E-01,7.18E-01,7.89E-01,7.28E-01,6.80E-01,0.568949439374458,2.02E+00,0,864,4.27E+02,5.53E+02,3.89E+02,5.35E+02,4.39E+02,4.33E+02,3.75E+02,4.23E+02,4.25E+02,4.61E+02,3.92E+02,4.68E+02,3.96E-01,3.54E-01,6.59E-01
0.447292447090149,0.278036773204803,1.14888560771942,1.08746945858002,1.07681000232697,1.03211462497711,7.98E-01,7.13E-01,7.76E-01,7.29E-01,6.89E-01,0.130059646197379,2.26E+00,0,867,4.26E+02,5.55E+02,3.88E+02,5.37E+02,4.38E+02,4.36E+02,3.74E+02,4.25E+02,4.25E+02,4.62E+02,3.91E+02,4.69E+02,2.71E+00,1.32E+00,8.83E-01
0.45380824804306,0.277715981006622,1.13586866855621,1.06075286865234,0.982757747173309,1.07337355613709,7.97E-01,7.18E-01,7.99E-01,7.29E-01,6.87E-01,0.141417169098842,2.24E+00,0,869,4.27E+02,5.54E+02,3.89E+02,5.36E+02,4.38E+02,4.36E+02,3.74E+02,4.24E+02,4.25E+02,4.61E+02,3.92E+02,4.68E+02,2.44E+00,2.43E+00,9.67E-01
0.453140288591385,0.279276221990585,1.14978289604187,1.07539844512939,1.0097850561142,1.02742862701416,7.97E-01,7.10E-01,7.93E-01,7.16E-01,6.87E-01,1.15222849745784,6.77E-01,0,872,4.26E+02,5.54E+02,3.89E+02,5.36E+02,4.38E+02,4.37E+02,3.73E+02,4.25E+02,4.25E+02,4.61E+02,3.91E+02,4.68E+02,5.70E-01,3.14E+00,2.36E+00
0.454592555761337,0.281681299209595,1.13481712341309,1.07380139827728,0.999490916728973,1.08331096172333,7.84E-01,7.21E-01,7.89E-01,7.18E-01,6.87E-01,1.49562110894109,3.44E+00,0,875,4.27E+02,5.53E+02,3.90E+02,5.36E+02,4.39E+02,4.36E+02,3.75E+02,4.24E+02,4.25E+02,4.61E+02,3.94E+02,4.68E+02,7.27E-01,1.42E+00,4.97E+00
0.448263734579086,0.280120551586151,1.132568359375,1.07777166366577,1.04858803749084,1.07760202884674,7.91E-01,7.16E-01,7.73E-01,7.19E-01,6.81E-01,0.745549650604287,9.69E-01,0,878,4.26E+02,5.54E+02,3.89E+02,5.35E+02,4.39E+02,4.34E+02,3.75E+02,4.24E+02,4.25E+02,4.61E+02,3.92E+02,4.69E+02,2.00E+00,1.26E+00,7.98E+00
0.452544391155243,0.280447006225586,1.13984704017639,1.07873725891113,0.988248407840729,1.08937382698059,7.88E-01,7.21E-01,7.96E-01,7.32E-01,6.84E-01,0.873272313756117,8.62E-01,0,881,4.27E+02,5.53E+02,3.89E+02,5.35E+02,4.38E+02,4.35E+02,3.74E+02,4.23E+02,4.24E+02,4.61E+02,3.91E+02,4.67E+02,2.47E-01,1.97E+00,1.13E+01
0.449729293584824,0.279068320989609,1.12838065624237,1.06622052192688,1.01471650600433,1.06474375724792,7.84E-01,7.22E-01,7.85E-01,7.34E-01,6.81E-01,0.90279700631489,1.73E+00,0,883,4.27E+02,5.53E+02,3.89E+02,5.35E+02,4.39E+02,4.36E+02,3.74E+02,4.24E+02,4.25E+02,4.61E+02,3.92E+02,4.68E+02,4.95E-01,1.32E+00,1.22E+01
0.448534369468689,0.280077993869781,1.11064386367798,1.05778288841248,1.00791931152344,1.10784685611725,7.83E-01,7.19E-01,7.90E-01,7.38E-01,6.76E-01,-0.5893632224888,1.56E+00,0,886,4.27E+02,5.53E+02,3.89E+02,5.35E+02,4.38E+02,4.36E+02,3.74E+02,4.22E+02,4.24E+02,4.61E+02,3.92E+02,4.68E+02,7.40E-01,2.91E-01,1.34E+01
0.449319928884506,0.278704106807709,1.12514984607697,1.05282127857208,1.00792229175568,1.08011221885681,7.88E-01,7.09E-01,7.98E-01,7.13E-01,6.90E-01,0.003165993559558,5.34E-01,0,889,4.27E+02,5.52E+02,3.89E+02,5.34E+02,4.39E+02,4.33E+02,3.74E+02,4.23E+02,4.24E+02,4.60E+02,3.92E+02,4.67E+02,1.58E+00,1.33E+00,1.30E+01
0.454612284898758,0.281328827142715,1.14893341064453,1.06039500236511,0.982969403266907,1.10672640800476,7.87E-01,7.21E-01,7.82E-01,7.23E-01,6.72E-01,2.02479515337854,1.15E+00,0,892,4.27E+02,5.52E+02,3.89E+02,5.34E+02,4.38E+02,4.32E+02,3.74E+02,4.22E+02,4.24E+02,4.60E+02,3.92E+02,4.67E+02,1.49E+00,1.15E+00,1.16E+01
0.453313261270523,0.277788668870926,1.14800906181335,1.07697761058807,1.04352796077728,1.10643720626831,7.80E-01,7.21E-01,7.87E-01,7.11E-01,6.85E-01,0.368309156617719,8.46E-01,0,895,4.28E+02,5.55E+02,3.91E+02,5.36E+02,4.41E+02,4.36E+02,3.75E+02,4.24E+02,4.26E+02,4.62E+02,3.93E+02,4.68E+02,1.53E+00,1.09E+00,9.04E+00
0.456268131732941,0.281306713819504,1.11881566047668,1.06481683254242,1.01014018058777,1.11016261577606,7.91E-01,7.25E-01,7.74E-01,7.39E-01,6.96E-01,-0.142052302001786,1.73E-01,0,897,4.30E+02,5.57E+02,3.92E+02,5.40E+02,4.40E+02,4.40E+02,3.77E+02,4.28E+02,4.27E+02,4.67E+02,3.95E+02,4.73E+02,2.40E+00,2.84E+00,7.42E+00
0.452705651521683,0.280159145593643,1.13526022434235,1.0695184469223,1.02125573158264,1.07424569129944,7.91E-01,7.08E-01,7.67E-01,7.33E-01,6.98E-01,0.592542746582892,2.34E+00,0,900,4.29E+02,5.61E+02,3.91E+02,5.43E+02,4.41E+02,4.42E+02,3.75E+02,4.32E+02,4.27E+02,4.68E+02,3.92E+02,4.75E+02,1.68E+00,3.10E+00,4.29E+00
0.454806715250015,0.282989978790283,1.1243554353714,1.04230427742004,0.987843692302704,1.12421524524689,7.86E-01,7.27E-01,7.63E-01,7.29E-01,6.92E-01,-0.649936806119361,1.88E+00,0,903,4.31E+02,5.61E+02,3.93E+02,5.44E+02,4.42E+02,4.44E+02,3.79E+02,4.32E+02,4.29E+02,4.69E+02,3.96E+02,4.75E+02,5.32E-01,2.39E+00,2.23E+00
0.452265053987503,0.279870331287384,1.13081610202789,1.07790279388428,1.0059267282486,1.07294118404388,7.85E-01,7.08E-01,7.79E-01,7.18E-01,6.89E-01,-0.13189112246015,1.67E+00,0,906,4.30E+02,5.63E+02,3.93E+02,5.45E+02,4.42E+02,4.45E+02,3.77E+02,4.35E+02,4.28E+02,4.70E+02,3.93E+02,4.75E+02,1.13E+00,6.20E-01,3.32E+00
0.459597319364548,0.285068333148956,1.12100481987,1.0449126958847,0.997244536876678,1.11642813682556,7.86E-01,7.14E-01,7.81E-01,7.31E-01,6.76E-01,0.825129155425822,3.84E+00,0,909,4.31E+02,5.63E+02,3.94E+02,5.45E+02,4.43E+02,4.45E+02,3.79E+02,4.33E+02,4.29E+02,4.70E+02,3.95E+02,4.77E+02,7.91E-01,8.55E-01,7.16E+00
0.453531861305237,0.2792629301548,1.12580931186676,1.07004821300507,1.00550031661987,1.10842096805573,7.92E-01,7.06E-01,7.76E-01,7.20E-01,6.70E-01,0.737935369228102,9.94E-01,0,911,4.31E+02,5.64E+02,3.93E+02,5.46E+02,4.42E+02,4.46E+02,3.78E+02,4.35E+02,4.28E+02,4.71E+02,3.95E+02,4.76E+02,1.27E+00,1.62E+00,9.11E+00
0.455043405294418,0.284411430358887,1.11931717395782,1.07130634784698,0.997536540031433,1.12388944625855,7.76E-01,7.13E-01,7.74E-01,7.44E-01,6.73E-01,-0.208563623466793,1.80E-01,1,914,4.32E+02,5.63E+02,3.94E+02,5.46E+02,4.42E+02,4.47E+02,3.79E+02,4.34E+02,4.29E+02,4.71E+02,3.95E+02,4.77E+02,5.94E-01,1.15E+00,1.32E+01
0.461623936891556,0.283162802457809,1.11619901657105,1.06541466712952,1.00837337970734,1.10786151885986,7.99E-01,7.14E-01,7.85E-01,7.13E-01,6.89E-01,0.642337705541009,4.33E+00,1,917,4.31E+02,5.72E+02,3.96E+02,5.53E+02,4.45E+02,4.53E+02,3.81E+02,4.42E+02,4.31E+02,4.78E+02,3.98E+02,4.84E+02,1.17E+00,9.56E-02,1.59E+01
0.465267568826675,0.28193798661232,1.1470742225647,1.03600895404816,0.980535924434662,1.15052580833435,7.88E-01,6.99E-01,7.91E-01,6.98E-01,6.68E-01,1.05646433484615,3.95E+00,1,920,4.15E+02,5.35E+02,3.72E+02,4.99E+02,4.28E+02,4.10E+02,3.58E+02,3.93E+02,4.11E+02,4.33E+02,3.72E+02,4.32E+02,1.18E+01,7.98E+00,1.35E+01
0.470803707838059,0.27360475063324,1.13488399982452,1.04180240631104,0.961971580982208,1.13155472278595,7.25E-01,6.75E-01,7.76E-01,7.06E-01,7.10E-01,1.21955250234045,5.96E+00,1,923,3.94E+02,4.45E+02,3.53E+02,4.22E+02,4.06E+02,3.56E+02,3.35E+02,3.26E+02,3.87E+02,3.67E+02,3.51E+02,3.62E+02,4.47E+00,1.38E+01,8.91E+00
0.450992494821548,0.281779527664185,1.1529586315155,1.0369930267334,1.00758075714111,1.22964000701904,7.78E-01,6.82E-01,8.00E-01,7.14E-01,6.84E-01,-1.01663476568209,2.02E+00,1,925,4.14E+02,4.32E+02,3.90E+02,4.25E+02,4.31E+02,3.46E+02,3.58E+02,3.29E+02,4.14E+02,3.60E+02,3.89E+02,3.67E+02,4.17E+00,1.26E+01,3.90E+00
0.481543958187103,0.271785944700241,1.1341233253479,1.05470263957977,1.0378565788269,1.34963810443878,8.12E-01,7.16E-01,8.73E-01,7.10E-01,7.45E-01,0.378523022913917,1.71E+00,1,928,5.22E+02,4.52E+02,4.61E+02,4.49E+02,4.85E+02,3.66E+02,4.05E+02,3.65E+02,4.70E+02,3.82E+02,4.40E+02,3.91E+02,9.75E+00,3.22E+00,1.40E+01
0.472159564495087,0.273130029439926,1.12878620624542,1.02995443344116,1.07935416698456,1.46704435348511,8.16E-01,7.34E-01,8.44E-01,7.78E-01,7.55E-01,0.158425905166514,2.65E+00,1,931,5.51E+02,4.49E+02,5.09E+02,4.49E+02,5.16E+02,3.63E+02,4.38E+02,3.77E+02,5.05E+02,3.83E+02,4.77E+02,3.98E+02,2.82E+00,1.28E+01,2.38E+01
0.5258629322052,0.268250226974487,1.14500570297241,1.01173603534698,1.15144205093384,1.56546819210053,8.03E-01,6.87E-01,8.63E-01,7.95E-01,7.77E-01,0.062077730619922,6.38E-01,1,934,5.76E+02,4.51E+02,5.28E+02,4.36E+02,5.31E+02,3.55E+02,4.50E+02,3.76E+02,5.20E+02,3.75E+02,4.86E+02,3.98E+02,2.64E+00,4.20E+00,3.44E+01
0.50564706325531,0.264752596616745,1.15462028980255,1.04551589488983,1.20405995845795,1.77001130580902,8.23E-01,7.05E-01,8.78E-01,8.31E-01,8.39E-01,-1.34650354380213,2.64E+00,1,937,5.76E+02,4.79E+02,5.32E+02,4.88E+02,5.41E+02,4.05E+02,4.59E+02,4.22E+02,5.30E+02,4.25E+02,4.96E+02,4.44E+02,9.79E-01,5.06E+00,3.63E+01
0.434182405471802,0.266617089509964,1.13466107845306,1.05118584632874,1.2549192905426,1.87881910800934,8.07E-01,7.10E-01,8.34E-01,8.13E-01,8.05E-01,1.63837578314163,2.34E+00,1,939,6.27E+02,5.17E+02,5.71E+02,5.21E+02,5.71E+02,4.31E+02,4.88E+02,4.59E+02,5.59E+02,4.51E+02,5.26E+02,4.75E+02,3.35E+00,4.82E+00,3.53E+01
0,0,0,0,0,0,0.00E+00,0.00E+00,0.00E+00,0.00E+00,0.00E+00,1.3854886413821,2.75E+01,1,942,0.00E+00,0.00E+00,0.00E+00,0.00E+00,0.00E+00,0.00E+00,0.00E+00,0.00E+00,0.00E+00,0.00E+00,0.00E+00,0.00E+00,4.42E+00,2.22E+00,2.51E+01
0,0,0,0,0,0,0.00E+00,0.00E+00,0.00E+00,0.00E+00,0.00E+00,-4.288137456554,3.39E+01,1,945,0.00E+00,0.00E+00,0.00E+00,0.00E+00,0.00E+00,0.00E+00,0.00E+00,0.00E+00,0.00E+00,0.00E+00,0.00E+00,0.00E+00,6.55E+00,6.77E+00,1.86E+01
0,0,0,0,0,0,0.00E+00,0.00E+00,0.00E+00,0.00E+00,0.00E+00,4.2410655756739,2.53E+00,1,948,0.00E+00,0.00E+00,0.00E+00,0.00E+00,0.00E+00,0.00E+00,0.00E+00,0.00E+00,0.00E+00,0.00E+00,0.00E+00,0.00E+00,2.32E+01,1.57E+01,1.83E+01
0.440897554159164,0.295024544000626,0,0,0,1.00899624824524,8.62E-01,7.54E-01,8.82E-01,8.20E-01,7.90E-01,0.267143449681704,2.01E+00,1,951,3.47E+02,6.94E+01,3.15E+02,5.63E+01,0.00E+00,0.00E+00,0.00E+00,0.00E+00,0.00E+00,0.00E+00,2.98E+02,6.02E+00,6.72E+00,1.99E+01,2.86E+01
0,0,0,0,0,0,0.00E+00,0.00E+00,0.00E+00,0.00E+00,0.00E+00,0.340692693187347,4.05E+00,1,953,0.00E+00,0.00E+00,0.00E+00,0.00E+00,0.00E+00,0.00E+00,0.00E+00,0.00E+00,0.00E+00,0.00E+00,0.00E+00,0.00E+00,3.01E+00,1.12E+01,3.94E+01
0.509713292121887,0.282913893461227,1.1599634885788,1.02417409420013,1.42015480995178,2.15369725227356,8.41E-01,7.80E-01,9.05E-01,8.40E-01,8.37E-01,0.222682715160648,7.98E-01,1,956,3.91E+02,2.14E+02,3.56E+02,2.38E+02,3.57E+02,1.55E+02,2.71E+02,1.86E+02,3.47E+02,1.74E+02,3.19E+02,1.93E+02,2.44E+00,2.47E+00,6.01E+01
0.434442132711411,0.293388217687607,1.11225056648254,1.05532991886139,1.49071204662323,1.9482296705246,8.32E-01,7.60E-01,8.28E-01,8.17E-01,7.77E-01,2.49608366480667,4.41E+00,1,959,3.93E+02,1.88E+02,3.55E+02,2.42E+02,3.61E+02,1.45E+02,2.70E+02,1.72E+02,3.51E+02,1.67E+02,3.19E+02,1.91E+02,1.33E+00,4.63E+00,7.70E+01
0.523458778858185,0.281502664089203,1.14794099330902,1.04382169246674,1.51134955883026,2.04902410507202,8.18E-01,7.74E-01,8.79E-01,8.43E-01,8.37E-01,0.790806206252931,2.26E+00,1,962,4.13E+02,3.39E+02,3.80E+02,2.95E+02,4.00E+02,2.20E+02,3.06E+02,2.38E+02,3.86E+02,2.33E+02,3.57E+02,2.40E+02,5.41E+00,2.82E+00,9.59E+01
0.53671658039093,0.284561425447464,1.15170550346375,1.01620399951935,1.48387908935547,2.04507160186768,8.18E-01,7.66E-01,8.56E-01,8.21E-01,8.24E-01,-0.329041682360906,2.07E+00,1,965,4.37E+02,3.70E+02,3.83E+02,4.00E+02,3.98E+02,3.17E+02,3.10E+02,3.35E+02,3.87E+02,3.34E+02,3.56E+02,3.50E+02,1.01E+00,5.59E+00,1.00E+02
0.439872980117798,0.273133665323257,1.14384520053864,1.03611958026886,1.62745094299316,2.21601462364197,8.14E-01,7.51E-01,8.39E-01,8.24E-01,7.91E-01,0.025345933355057,1.60E+00,1,967,4.65E+02,4.21E+02,4.06E+02,4.36E+02,3.95E+02,3.48E+02,3.15E+02,3.93E+02,3.86E+02,3.69E+02,3.58E+02,3.90E+02,1.65E+00,5.14E+00,1.03E+02
0.411003559827805,0.272273391485214,1.16056609153748,1.05911886692047,1.83941006660461,2.32875490188599,7.64E-01,7.45E-01,8.09E-01,7.98E-01,7.88E-01,0.010199108644152,1.06E+00,1,970,4.72E+02,4.33E+02,4.51E+02,4.71E+02,4.27E+02,3.87E+02,3.49E+02,4.47E+02,4.21E+02,4.06E+02,3.98E+02,4.40E+02,1.55E+00,1.76E+00,8.89E+01
0.453068524599075,0.270892739295959,1.1908130645752,1.06701612472534,1.84475684165955,2.1978554725647,7.78E-01,7.22E-01,8.25E-01,7.89E-01,7.86E-01,-1.18460201895312,6.46E+00,1,973,4.95E+02,4.47E+02,4.71E+02,4.74E+02,4.44E+02,3.96E+02,3.71E+02,4.62E+02,4.41E+02,4.17E+02,4.19E+02,4.49E+02,6.97E+00,6.33E+00,7.05E+01
0,0,0,0,0,0,0.00E+00,0.00E+00,0.00E+00,0.00E+00,0.00E+00,4.02163778921213,1.45E+01,1,976,0.00E+00,0.00E+00,0.00E+00,0.00E+00,0.00E+00,0.00E+00,0.00E+00,0.00E+00,0.00E+00,0.00E+00,0.00E+00,0.00E+00,2.73E+01,2.37E+01,5.54E+01
0.461867928504944,0.291066080331802,1.13262343406677,1.05564117431641,1.83340167999268,2.15789771080017,7.96E-01,8.08E-01,8.49E-01,7.96E-01,7.74E-01,0.031239655813607,2.55E+00,1,979,1.75E+02,4.49E+02,1.57E+02,4.75E+02,1.20E+02,4.04E+02,6.20E+01,4.92E+02,1.18E+02,4.24E+02,1.02E+02,4.64E+02,1.41E+01,4.27E+01,5.66E+01
0.487206280231476,0.292556017637253,1.11856353282928,1.0440114736557,1.93407726287842,1.96208727359772,8.24E-01,8.11E-01,8.44E-01,8.05E-01,7.80E-01,-0.454027636887586,3.03E-01,1,981,1.92E+02,4.60E+02,1.90E+02,4.90E+02,1.63E+02,4.23E+02,9.79E+01,5.04E+02,1.61E+02,4.44E+02,1.43E+02,4.76E+02,2.52E+00,4.65E+01,7.21E+01
0.539242148399353,0.299041390419006,1.14488816261292,1.04049301147461,1.94691240787506,1.9998072385788,8.02E-01,1.01E+00,8.71E-01,7.89E-01,8.21E-01,0.342663105473329,4.62E+00,1,984,2.76E+02,4.38E+02,2.36E+02,4.69E+02,2.17E+02,3.97E+02,1.53E+02,4.73E+02,2.14E+02,4.14E+02,1.88E+02,4.45E+02,2.35E+00,2.89E+01,1.07E+02
0.540674090385437,0.284627437591553,1.15139019489288,1.09778809547424,1.91273927688599,2.05466437339783,8.42E-01,8.15E-01,8.62E-01,7.77E-01,8.28E-01,0.328513884195621,1.19E+00,1,987,2.96E+02,4.33E+02,2.77E+02,4.51E+02,2.57E+02,3.80E+02,1.95E+02,4.56E+02,2.56E+02,3.99E+02,2.28E+02,4.25E+02,2.49E+00,8.34E+00,1.54E+02
0.506521642208099,0.284009277820587,1.14323604106903,1.09672582149506,1.99384987354279,2.02193856239319,8.31E-01,7.56E-01,8.58E-01,7.60E-01,8.28E-01,1.23899530227176,1.53E+00,1,990,3.41E+02,4.35E+02,3.06E+02,4.56E+02,2.74E+02,3.88E+02,2.18E+02,4.63E+02,2.76E+02,4.05E+02,2.50E+02,4.30E+02,4.30E-01,3.99E+00,2.13E+02
0.575386881828308,0.281301885843277,1.13455653190613,1.14377546310425,1.94232475757599,2.06693267822266,8.05E-01,7.86E-01,8.78E-01,7.61E-01,8.58E-01,0.228768014992775,6.77E-01,1,993,3.82E+02,4.39E+02,3.77E+02,4.48E+02,3.26E+02,3.89E+02,2.85E+02,4.53E+02,3.32E+02,4.06E+02,3.17E+02,4.27E+02,1.78E+00,3.28E+00,2.57E+02
0.60898220539093,0.280686110258102,1.13959932327271,1.15973579883575,1.96463465690613,2.04241061210632,8.56E-01,8.39E-01,8.52E-01,7.59E-01,8.98E-01,0.146556551250227,2.02E+00,0,995,4.35E+02,4.41E+02,3.99E+02,4.46E+02,3.34E+02,3.85E+02,3.01E+02,4.49E+02,3.45E+02,4.05E+02,3.33E+02,4.25E+02,2.10E+00,3.57E+00,2.84E+02
0.623759508132935,0.274769216775894,1.13142371177673,1.0987982749939,1.88907647132874,1.91653370857239,8.67E-01,8.43E-01,8.38E-01,7.82E-01,8.81E-01,-0.301968452698044,9.07E-01,0,998,4.50E+02,4.40E+02,4.31E+02,4.45E+02,3.48E+02,3.95E+02,3.20E+02,4.53E+02,3.67E+02,4.13E+02,3.60E+02,4.29E+02,8.20E-01,2.93E+00,2.94E+02
0.545545756816864,0.283049494028091,1.15873086452484,1.12347805500031,1.84469783306122,1.99979960918427,8.74E-01,7.78E-01,8.76E-01,7.86E-01,8.51E-01,-0.118135390643938,2.63E+00,0,1001,3.57E+02,4.38E+02,3.86E+02,4.43E+02,3.21E+02,4.03E+02,3.04E+02,4.72E+02,3.31E+02,4.17E+02,3.27E+02,4.39E+02,1.02E+00,2.00E+00,2.78E+02
0.533426642417908,0.28624239563942,1.16012334823608,1.08309161663055,1.76300692558289,1.86403298377991,9.10E-01,7.71E-01,8.73E-01,7.73E-01,8.59E-01,0.048869000097198,4.37E+00,0,1004,3.43E+02,4.42E+02,3.19E+02,4.57E+02,2.68E+02,4.12E+02,2.37E+02,4.94E+02,2.78E+02,4.27E+02,2.65E+02,4.52E+02,1.77E+00,1.64E+00,2.36E+02
0.467424929141998,0.293836861848831,1.11613535881042,1.08843088150024,1.85373640060425,1.81175053119659,8.57E-01,7.53E-01,8.48E-01,7.80E-01,8.40E-01,1.21217495051903,2.31E+00,0,1007,3.30E+02,4.35E+02,2.98E+02,4.64E+02,2.53E+02,4.11E+02,2.18E+02,4.99E+02,2.59E+02,4.27E+02,2.43E+02,4.57E+02,3.60E+00,3.83E+00,1.81E+02
0.526451170444489,0.294083535671234,1.11006796360016,1.10913419723511,1.86790573596954,1.81457328796387,8.76E-01,7.62E-01,8.50E-01,7.52E-01,8.58E-01,0.022958671931105,3.71E-01,0,1009,3.37E+02,4.40E+02,3.10E+02,4.59E+02,2.68E+02,4.05E+02,2.28E+02,4.93E+02,2.73E+02,4.23E+02,2.52E+02,4.55E+02,9.40E-01,4.02E+00,1.42E+02
0.530387341976166,0.287423610687256,1.14257979393005,1.10457968711853,1.92838537693024,1.69190847873688,8.62E-01,7.95E-01,8.71E-01,7.46E-01,8.62E-01,-0.02100609480278,1.54E+00,0,1012,3.16E+02,4.57E+02,2.88E+02,4.68E+02,2.50E+02,4.17E+02,2.11E+02,5.10E+02,2.52E+02,4.34E+02,2.35E+02,4.68E+02,3.42E+00,1.41E+00,9.27E+01
0.520005762577057,0.286479830741882,1.13786625862122,1.13858950138092,1.92711615562439,1.72553956508636,8.46E-01,7.76E-01,8.32E-01,7.42E-01,8.09E-01,0.04412378741006,1.19E-01,0,1015,3.03E+02,4.63E+02,2.92E+02,4.72E+02,2.48E+02,4.18E+02,2.11E+02,5.10E+02,2.53E+02,4.35E+02,2.38E+02,4.66E+02,7.57E-01,2.96E+00,5.33E+01
0.466013759374619,0.287472665309906,1.18290793895721,1.12728655338287,1.88274705410004,1.67775940895081,8.32E-01,7.24E-01,8.14E-01,7.49E-01,8.48E-01,-0.159265484536011,1.74E+00,0,1018,3.50E+02,4.37E+02,3.22E+02,4.60E+02,2.81E+02,4.04E+02,2.41E+02,4.92E+02,2.85E+02,4.20E+02,2.66E+02,4.48E+02,4.48E-01,2.60E+00,3.09E+01
0,0,0,0,0,0,0.00E+00,0.00E+00,0.00E+00,0.00E+00,0.00E+00,1.41242816854885,3.80E+01,0,1021,0.00E+00,0.00E+00,0.00E+00,0.00E+00,0.00E+00,0.00E+00,0.00E+00,0.00E+00,0.00E+00,0.00E+00,0.00E+00,0.00E+00,2.44E+01,1.42E+01,2.24E+01
0.604334592819214,0.344203799962997,1.14231777191162,1.00971460342407,1.88585686683655,1.35923647880554,8.02E-01,7.12E-01,8.54E-01,7.72E-01,8.64E-01,0.784123613533947,1.12E+01,0,1023,1.49E+02,4.32E+02,1.42E+02,4.08E+02,1.18E+02,3.60E+02,5.07E+01,4.24E+02,1.18E+02,3.76E+02,9.89E+01,4.12E+02,3.42E+01,2.91E+01,2.56E+01
0,0,0,0,0,0,0.00E+00,0.00E+00,0.00E+00,0.00E+00,0.00E+00,6.71454536106036,8.60E+00,0,1026,0.00E+00,0.00E+00,0.00E+00,0.00E+00,0.00E+00,0.00E+00,0.00E+00,0.00E+00,0.00E+00,0.00E+00,0.00E+00,0.00E+00,7.55E+00,4.38E+01,3.97E+01
0,0,0,0,0,0,0.00E+00,0.00E+00,0.00E+00,0.00E+00,0.00E+00,0.180791067202092,2.97E+00,0,1029,0.00E+00,0.00E+00,0.00E+00,0.00E+00,0.00E+00,0.00E+00,0.00E+00,0.00E+00,0.00E+00,0.00E+00,0.00E+00,0.00E+00,4.91E+00,3.37E+01,7.48E+01
0,0,0,0,0,0,0.00E+00,0.00E+00,0.00E+00,0.00E+00,0.00E+00,-0.263783744868598,2.22E+00,0,1032,0.00E+00,0.00E+00,0.00E+00,0.00E+00,0.00E+00,0.00E+00,0.00E+00,0.00E+00,0.00E+00,0.00E+00,0.00E+00,0.00E+00,1.71E+00,1.41E+01,1.18E+02
0,0,0,0,0,0,0.00E+00,0.00E+00,0.00E+00,0.00E+00,0.00E+00,-0.760296007792256,3.64E+00,0,1035,0.00E+00,0.00E+00,0.00E+00,0.00E+00,0.00E+00,0.00E+00,0.00E+00,0.00E+00,0.00E+00,0.00E+00,0.00E+00,0.00E+00,6.24E-01,4.80E+00,1.71E+02
0.468311339616776,0.326713293790817,1.27446341514587,1.12561726570129,1.75717723369598,1.41077303886414,7.77E-01,6.72E-01,7.78E-01,7.31E-01,8.00E-01,-0.825070194206139,2.49E+00,0,1037,3.29E+02,5.38E+02,3.70E+02,5.48E+02,3.11E+02,4.89E+02,2.58E+02,5.48E+02,3.21E+02,5.10E+02,3.21E+02,5.43E+02,3.88E+00,1.99E+00,2.06E+02
0.436879903078079,0.3150694668293,1.21930706501007,1.13015747070313,1.94290566444397,1.31014454364777,8.13E-01,6.80E-01,8.34E-01,7.66E-01,7.93E-01,-2.40872709674419,3.73E+00,0,1040,5.47E+02,5.72E+02,5.60E+02,6.11E+02,4.72E+02,6.09E+02,4.62E+02,6.79E+02,4.93E+02,6.14E+02,5.07E+02,6.46E+02,2.05E+00,5.98E+00,2.48E+02
0.441332757472992,0.314424425363541,1.20234382152557,1.14517378807068,1.87969386577606,1.2485808134079,8.07E-01,7.04E-01,7.92E-01,7.72E-01,7.78E-01,-4.17462599940171,7.67E+00,0,1043,5.49E+02,5.71E+02,5.61E+02,5.92E+02,4.75E+02,5.96E+02,4.71E+02,6.65E+02,4.97E+02,5.98E+02,5.12E+02,6.26E+02,4.50E+00,9.63E+00,2.71E+02
0.500486791133881,0.326669335365295,1.14188861846924,1.16782176494598,1.81587731838226,1.2310026884079,8.61E-01,7.75E-01,8.33E-01,7.20E-01,8.13E-01,5.45108497179106,7.81E+00,0,1046,6.07E+02,3.11E+02,6.48E+02,3.59E+02,5.93E+02,4.33E+02,6.32E+02,4.85E+02,6.09E+02,4.17E+02,6.43E+02,4.26E+02,1.85E+01,1.85E+01,2.57E+02
0,0,0,0,0,0,0.00E+00,0.00E+00,0.00E+00,0.00E+00,0.00E+00,9.86732432815223,2.23E+01,0,1049,0.00E+00,0.00E+00,0.00E+00,0.00E+00,0.00E+00,0.00E+00,0.00E+00,0.00E+00,0.00E+00,0.00E+00,0.00E+00,0.00E+00,7.45E+00,1.98E+01,2.21E+02
0,0,0,0,0,0,0.00E+00,0.00E+00,0.00E+00,0.00E+00,0.00E+00,4.66629459707852,1.66E+01,0,1051,0.00E+00,0.00E+00,0.00E+00,0.00E+00,0.00E+00,0.00E+00,0.00E+00,0.00E+00,0.00E+00,0.00E+00,0.00E+00,0.00E+00,1.18E+01,1.44E+01,1.77E+02
0,0,0,0,0,0,0.00E+00,0.00E+00,0.00E+00,0.00E+00,0.00E+00,0.420057296412796,8.21E+00,0,1054,0.00E+00,0.00E+00,0.00E+00,0.00E+00,0.00E+00,0.00E+00,0.00E+00,0.00E+00,0.00E+00,0.00E+00,0.00E+00,0.00E+00,1.26E+01,7.27E+00,9.72E+01
0,0,0,0,0,0,0.00E+00,0.00E+00,0.00E+00,0.00E+00,0.00E+00,0.589510899029475,3.42E+01,0,1057,0.00E+00,0.00E+00,0.00E+00,0.00E+00,0.00E+00,0.00E+00,0.00E+00,0.00E+00,0.00E+00,0.00E+00,0.00E+00,0.00E+00,9.30E+00,1.48E+01,2.53E+01
0,0,0,0,0,0,0.00E+00,0.00E+00,0.00E+00,0.00E+00,0.00E+00,1.60875278537899,1.04E+01,0,1060,0.00E+00,0.00E+00,0.00E+00,0.00E+00,0.00E+00,0.00E+00,0.00E+00,0.00E+00,0.00E+00,0.00E+00,0.00E+00,0.00E+00,8.33E+00,6.02E+00,3.62E+01
0,0,0,0,0,0,0.00E+00,0.00E+00,0.00E+00,0.00E+00,0.00E+00,-5.97961781434574,1.06E+01,0,1063,0.00E+00,0.00E+00,0.00E+00,0.00E+00,0.00E+00,0.00E+00,0.00E+00,0.00E+00,0.00E+00,0.00E+00,0.00E+00,0.00E+00,1.39E+01,1.04E+01,7.34E+01
0,0,0,0,0,0,0.00E+00,0.00E+00,0.00E+00,0.00E+00,0.00E+00,0.689793967754688,1.67E+00,0,1065,0.00E+00,0.00E+00,0.00E+00,0.00E+00,0.00E+00,0.00E+00,0.00E+00,0.00E+00,0.00E+00,0.00E+00,0.00E+00,0.00E+00,8.32E+00,2.10E+01,8.00E+01
0,0,0,0,0,0,0.00E+00,0.00E+00,0.00E+00,0.00E+00,0.00E+00,-1.61902485913506,6.68E+00,0,1068,0.00E+00,0.00E+00,0.00E+00,0.00E+00,0.00E+00,0.00E+00,0.00E+00,0.00E+00,0.00E+00,0.00E+00,0.00E+00,0.00E+00,4.31E+00,2.26E+01,9.04E+01
0,0,0,0,0,0,0.00E+00,0.00E+00,0.00E+00,0.00E+00,0.00E+00,-8.81742457684725,1.51E+01,0,1071,0.00E+00,0.00E+00,0.00E+00,0.00E+00,0.00E+00,0.00E+00,0.00E+00,0.00E+00,0.00E+00,0.00E+00,0.00E+00,0.00E+00,9.82E+00,2.02E+01,8.62E+01
0.481990844011307,0.295392602682114,1.27687561511993,1.09185981750488,1.71595072746277,1.14930558204651,8.81E-01,7.50E-01,8.75E-01,7.89E-01,8.41E-01,-3.91651445168028,6.45E+00,0,1074,2.73E+02,5.12E+02,2.97E+02,5.23E+02,3.47E+02,6.09E+02,4.02E+02,5.64E+02,3.34E+02,5.85E+02,3.47E+02,5.69E+02,3.64E+00,1.83E+01,9.47E+01
0.499255895614624,0.287388980388641,1.25274896621704,1.08943486213684,1.77186405658722,1.09721839427948,8.72E-01,7.47E-01,7.43E-01,7.83E-01,7.28E-01,-0.795215403337748,7.01E+00,0,1077,2.16E+02,4.80E+02,2.02E+02,4.61E+02,2.35E+02,5.68E+02,2.88E+02,5.28E+02,2.24E+02,5.41E+02,2.38E+02,5.15E+02,5.90E+00,1.50E+01,1.12E+02
0.51246964931488,0.302291452884674,1.26069104671478,1.08085954189301,1.63550519943237,1.08215427398682,9.22E-01,7.68E-01,8.77E-01,8.24E-01,8.07E-01,-4.16109656056274,9.43E-01,0,1079,2.14E+02,4.64E+02,2.03E+02,4.39E+02,2.37E+02,5.52E+02,2.89E+02,5.07E+02,2.25E+02,5.21E+02,2.39E+02,4.96E+02,5.33E+00,1.56E+01,1.34E+02
0,0,0,0,0,0,0.00E+00,0.00E+00,0.00E+00,0.00E+00,0.00E+00,-1.96114406125552,5.01E+00,0,1082,0.00E+00,0.00E+00,0.00E+00,0.00E+00,0.00E+00,0.00E+00,0.00E+00,0.00E+00,0.00E+00,0.00E+00,0.00E+00,0.00E+00,7.86E+00,1.40E+01,1.67E+02
0,0,0,0,0,0,0.00E+00,0.00E+00,0.00E+00,0.00E+00,0.00E+00,-3.52972170058374,9.33E-01,0,1085,0.00E+00,0.00E+00,0.00E+00,0.00E+00,0.00E+00,0.00E+00,0.00E+00,0.00E+00,0.00E+00,0.00E+00,0.00E+00,0.00E+00,1.49E+00,1.18E+01,2.05E+02
0,0,0,0,0,0,0.00E+00,0.00E+00,0.00E+00,0.00E+00,0.00E+00,-3.54291845397436,2.53E+00,0,1088,0.00E+00,0.00E+00,0.00E+00,0.00E+00,0.00E+00,0.00E+00,0.00E+00,0.00E+00,0.00E+00,0.00E+00,0.00E+00,0.00E+00,3.23E+00,7.56E+00,2.31E+02
0.525862276554108,0.310833632946014,1.43917775154114,1.06893420219421,1.07835817337036,1.03178656101227,8.79E-01,8.13E-01,8.58E-01,8.37E-01,8.95E-01,-1.61632304981791,3.49E+00,0,1091,2.34E+02,7.10E+02,2.47E+02,6.84E+02,3.30E+02,6.99E+02,3.49E+02,6.36E+02,3.18E+02,6.90E+02,3.14E+02,6.69E+02,2.41E+00,7.19E+00,2.44E+02
0,0,0,0,0,0,0.00E+00,0.00E+00,0.00E+00,0.00E+00,0.00E+00,0.237552599260202,4.28E+00,0,1093,0.00E+00,0.00E+00,0.00E+00,0.00E+00,0.00E+00,0.00E+00,0.00E+00,0.00E+00,0.00E+00,0.00E+00,0.00E+00,0.00E+00,8.63E+00,6.16E+00,2.41E+02
0,0,0,0,0,0,0.00E+00,0.00E+00,0.00E+00,0.00E+00,0.00E+00,-0.539177109280638,6.57E+00,0,1096,0.00E+00,0.00E+00,0.00E+00,0.00E+00,0.00E+00,0.00E+00,0.00E+00,0.00E+00,0.00E+00,0.00E+00,0.00E+00,0.00E+00,5.84E+00,1.03E+01,2.29E+02
0.528846144676209,0.299211025238037,1.28010201454163,1.08607196807861,1.81702268123627,0.982465147972107,8.12E-01,7.32E-01,8.73E-01,8.32E-01,7.77E-01,19.9039363962008,1.22E+01,0,1099,5.65E+02,1.14E+02,6.25E+02,8.63E+01,6.69E+02,1.56E+02,7.19E+02,1.05E+02,6.62E+02,1.37E+02,6.77E+02,1.05E+02,1.71E+01,2.20E+01,1.91E+02
0.518331170082092,0.292032450437546,1.29956185817719,1.09855091571808,1.80533790588379,1.00968325138092,7.95E-01,6.48E-01,8.21E-01,7.61E-01,7.41E-01,-5.45026081871339,5.54E+00,0,1102,5.82E+02,1.53E+02,6.42E+02,9.48E+01,6.82E+02,1.70E+02,7.40E+02,1.15E+02,6.74E+02,1.49E+02,6.95E+02,1.16E+02,4.64E+00,2.68E+01,1.38E+02
0.496776640415192,0.276243686676025,1.1638468503952,0,0.779318392276764,0.772656261920929,6.88E-01,6.08E-01,0.00E+00,6.41E-01,6.00E-01,-2.24672516323048,2.57E+00,0,1105,7.40E+02,2.80E+02,7.56E+02,2.25E+02,6.70E+02,3.37E+02,0.00E+00,0.00E+00,7.15E+02,2.89E+02,7.16E+02,2.64E+02,1.50E+00,1.50E+01,8.27E+01
0,0,0,0,0,0,0.00E+00,0.00E+00,0.00E+00,0.00E+00,0.00E+00,2.78158648863842,9.34E+00,0,1107,0.00E+00,0.00E+00,0.00E+00,0.00E+00,0.00E+00,0.00E+00,0.00E+00,0.00E+00,0.00E+00,0.00E+00,0.00E+00,0.00E+00,2.31E+00,1.11E+01,4.89E+01
0.477138817310333,0.289539813995361,1.33696496486664,1.11001455783844,1.45881998538971,1.06032192707062,8.46E-01,7.23E-01,8.02E-01,6.90E-01,7.19E-01,-0.300406340571869,1.47E+00,0,1110,3.72E+02,2.86E+02,3.66E+02,2.79E+02,4.61E+02,2.97E+02,4.57E+02,2.25E+02,4.36E+02,2.90E+02,4.25E+02,2.67E+02,3.90E+00,3.14E+00,6.27E+01
0.481676936149597,0.28527507185936,1.35703778266907,1.10370016098022,1.45124995708466,1.07462894916534,8.09E-01,7.62E-01,8.46E-01,7.77E-01,7.47E-01,-0.513282469669475,2.84E-01,0,1113,3.56E+02,3.41E+02,3.67E+02,3.11E+02,4.64E+02,3.35E+02,4.61E+02,2.58E+02,4.37E+02,3.26E+02,4.31E+02,3.01E+02,2.45E+00,8.54E-01,1.13E+02
0,0,0,0,0,0,0.00E+00,0.00E+00,0.00E+00,0.00E+00,0.00E+00,0.959772107649464,6.43E+00,0,1116,0.00E+00,0.00E+00,0.00E+00,0.00E+00,0.00E+00,0.00E+00,0.00E+00,0.00E+00,0.00E+00,0.00E+00,0.00E+00,0.00E+00,1.31E+00,1.87E+00,1.51E+02
0,0,0,0,0,0,0.00E+00,0.00E+00,0.00E+00,0.00E+00,0.00E+00,10.1003879925208,5.49E+00,0,1119,0.00E+00,0.00E+00,0.00E+00,0.00E+00,0.00E+00,0.00E+00,0.00E+00,0.00E+00,0.00E+00,0.00E+00,0.00E+00,0.00E+00,5.10E+00,2.14E+00,1.72E+02
0,0,0,0,0,0,0.00E+00,0.00E+00,0.00E+00,0.00E+00,0.00E+00,10.3989903748968,4.70E+00,0,1121,0.00E+00,0.00E+00,0.00E+00,0.00E+00,0.00E+00,0.00E+00,0.00E+00,0.00E+00,0.00E+00,0.00E+00,0.00E+00,0.00E+00,3.08E+00,4.60E+00,1.73E+02
0,0,0,0,0,0,0.00E+00,0.00E+00,0.00E+00,0.00E+00,0.00E+00,-0.179254270027627,3.86E+00,0,1124,0.00E+00,0.00E+00,0.00E+00,0.00E+00,0.00E+00,0.00E+00,0.00E+00,0.00E+00,0.00E+00,0.00E+00,0.00E+00,0.00E+00,1.07E+01,3.79E+00,1.56E+02
0.510200083255768,0.294067621231079,1.3676700592041,1.05287826061249,1.3509327173233,1.02734923362732,7.57E-01,6.19E-01,8.41E-01,7.59E-01,7.66E-01,-1.57947675823373,3.20E+01,0,1127,4.44E+02,2.28E+02,4.44E+02,2.71E+02,4.37E+02,1.75E+02,3.65E+02,2.01E+02,4.36E+02,2.01E+02,4.14E+02,2.28E+02,1.21E+01,6.60E-01,1.31E+02
0.473754674196243,0.286545753479004,1.34901547431946,1.07520961761475,1.33403885364532,1.01424789428711,8.99E-01,7.37E-01,8.17E-01,7.85E-01,8.13E-01,-1.50738742669305,2.08E+00,0,1130,5.17E+02,2.20E+02,4.70E+02,2.32E+02,4.73E+02,1.51E+02,3.92E+02,1.72E+02,4.65E+02,1.70E+02,4.44E+02,1.91E+02,1.42E+01,1.12E+01,9.78E+01
0.519361674785614,0.283468186855316,1.38263821601868,1.05740439891815,1.32750809192657,1.07610380649567,8.70E-01,7.32E-01,8.54E-01,7.46E-01,7.82E-01,-3.30192882433028,9.42E+00,0,1133,4.69E+02,2.62E+02,4.40E+02,2.98E+02,4.40E+02,2.09E+02,3.63E+02,2.23E+02,4.34E+02,2.31E+02,4.07E+02,2.47E+02,2.02E+00,1.62E+01,6.96E+01
0.492594659328461,0.284831017255783,1.39377224445343,1.11042869091034,1.44804108142853,1.00722289085388,8.49E-01,7.28E-01,8.76E-01,7.76E-01,8.01E-01,0.165581683652654,3.68E+00,0,1135,5.56E+02,3.32E+02,5.12E+02,3.55E+02,4.89E+02,2.68E+02,4.17E+02,3.00E+02,4.90E+02,2.91E+02,4.58E+02,3.14E+02,1.69E+01,6.51E+00,5.58E+01
0.515767991542816,0.273200899362564,1.43347370624542,1.10461819171906,1.54873108863831,1.10396862030029,8.18E-01,6.81E-01,8.55E-01,7.66E-01,7.52E-01,1.97715202113384,2.33E+01,0,1138,6.32E+02,3.57E+02,5.43E+02,3.94E+02,5.01E+02,3.02E+02,4.41E+02,3.55E+02,5.05E+02,3.29E+02,4.87E+02,3.62E+02,3.49E+00,1.43E+01,3.90E+01
0,0,0,0,0,0,0.00E+00,0.00E+00,0.00E+00,0.00E+00,0.00E+00,1.17182879655694,9.11E+00,0,1141,0.00E+00,0.00E+00,0.00E+00,0.00E+00,0.00E+00,0.00E+00,0.00E+00,0.00E+00,0.00E+00,0.00E+00,0.00E+00,0.00E+00,1.11E+01,1.04E+01,3.50E+01
0,0,0,0,0,0,0.00E+00,0.00E+00,0.00E+00,0.00E+00,0.00E+00,0.138612253185678,1.21E+01,0,1144,0.00E+00,0.00E+00,0.00E+00,0.00E+00,0.00E+00,0.00E+00,0.00E+00,0.00E+00,0.00E+00,0.00E+00,0.00E+00,0.00E+00,1.82E+01,7.62E+00,3.65E+01
0,0,0,0,0,0,0.00E+00,0.00E+00,0.00E+00,0.00E+00,0.00E+00,1.49988520039351,1.14E+01,0,1147,0.00E+00,0.00E+00,0.00E+00,0.00E+00,0.00E+00,0.00E+00,0.00E+00,0.00E+00,0.00E+00,0.00E+00,0.00E+00,0.00E+00,1.31E+00,1.82E+01,4.83E+01
0.511702597141266,0.320957183837891,1.39391887187958,1.07819974422455,1.34210681915283,1.06169211864471,8.66E-01,7.21E-01,8.23E-01,7.09E-01,7.68E-01,-0.833814883641863,2.80E+00,0,1149,1.10E+02,1.32E+02,1.10E+02,1.20E+02,2.06E+02,1.10E+02,1.78E+02,4.10E+01,1.80E+02,1.12E+02,1.62E+02,9.26E+01,6.34E+00,1.58E+01,5.17E+01
0,0,0,0,0,0,0.00E+00,0.00E+00,0.00E+00,0.00E+00,0.00E+00,-0.154667780051157,1.94E+01,0,1152,0.00E+00,0.00E+00,0.00E+00,0.00E+00,0.00E+00,0.00E+00,0.00E+00,0.00E+00,0.00E+00,0.00E+00,0.00E+00,0.00E+00,7.85E+00,2.48E+00,6.25E+01
0,0,0,0,0,0,0.00E+00,0.00E+00,0.00E+00,0.00E+00,0.00E+00,-0.723439931610489,6.42E+00,1,1155,0.00E+00,0.00E+00,0.00E+00,0.00E+00,0.00E+00,0.00E+00,0.00E+00,0.00E+00,0.00E+00,0.00E+00,0.00E+00,0.00E+00,5.71E+00,9.92E+00,6.56E+01
0,0,0,0,0,0,0.00E+00,0.00E+00,0.00E+00,0.00E+00,0.00E+00,0.260276187318702,1.50E+01,1,1158,0.00E+00,0.00E+00,0.00E+00,0.00E+00,0.00E+00,0.00E+00,0.00E+00,0.00E+00,0.00E+00,0.00E+00,0.00E+00,0.00E+00,1.92E+00,8.78E+00,6.83E+01
0.576999425888062,0.325181752443314,1.443523645401,1.06763923168182,1.38730025291443,0.99005514383316,8.28E-01,6.92E-01,8.76E-01,7.76E-01,7.86E-01,3.48327632689683,1.45E+01,1,1161,6.22E+02,1.49E+02,6.13E+02,1.34E+02,6.95E+02,1.27E+02,6.63E+02,5.96E+01,6.75E+02,1.23E+02,6.48E+02,1.04E+02,6.91E+00,3.87E+00,6.16E+01
0,0,0,0,0,0,0.00E+00,0.00E+00,0.00E+00,0.00E+00,0.00E+00,4.72914472873171,1.36E+00,1,1163,0.00E+00,0.00E+00,0.00E+00,0.00E+00,0.00E+00,0.00E+00,0.00E+00,0.00E+00,0.00E+00,0.00E+00,0.00E+00,0.00E+00,8.09E+00,9.96E+00,6.06E+01
0,0,0,0,0,0,0.00E+00,0.00E+00,0.00E+00,0.00E+00,0.00E+00,0.475072720721642,8.28E+00,1,1166,0.00E+00,0.00E+00,0.00E+00,0.00E+00,0.00E+00,0.00E+00,0.00E+00,0.00E+00,0.00E+00,0.00E+00,0.00E+00,0.00E+00,2.19E+00,1.38E+01,4.97E+01
0.47930708527565,0.278326779603958,0,1.11794114112854,0,1.37601828575134,7.76E-01,7.84E-01,8.85E-01,7.99E-01,7.91E-01,-3.00613902696762,5.55E+00,1,1169,7.26E+02,4.34E+02,7.39E+02,3.97E+02,0.00E+00,0.00E+00,7.50E+02,2.90E+02,0.00E+00,0.00E+00,7.67E+02,3.46E+02,4.11E+00,1.18E+01,4.28E+01
0.505693674087524,0.305045127868652,1.35616528987885,1.1033650636673,1.25825953483582,1.3950914144516,6.85E-01,7.47E-01,8.50E-01,8.12E-01,8.26E-01,0.474519896915299,3.13E+00,1,1172,6.71E+02,4.44E+02,6.22E+02,4.63E+02,6.75E+02,3.70E+02,6.09E+02,3.55E+02,6.59E+02,3.94E+02,6.36E+02,4.04E+02,3.14E+00,3.82E+00,4.30E+01
0.546143174171448,0.304580092430115,1.34753513336182,1.12554788589478,1.29868113994598,1.46591556072235,8.34E-01,7.13E-01,9.05E-01,7.66E-01,8.12E-01,-0.390508727853487,4.63E+00,1,1175,6.69E+02,5.57E+02,6.19E+02,5.32E+02,6.64E+02,4.37E+02,5.84E+02,4.30E+02,6.52E+02,4.62E+02,6.11E+02,4.71E+02,1.79E+00,2.53E+00,5.79E+01
0,0,0,0,0,0,0.00E+00,0.00E+00,0.00E+00,0.00E+00,0.00E+00,-1.40523025523346,1.22E+00,1,1177,0.00E+00,0.00E+00,0.00E+00,0.00E+00,0.00E+00,0.00E+00,0.00E+00,0.00E+00,0.00E+00,0.00E+00,0.00E+00,0.00E+00,2.06E+00,1.87E+00,6.76E+01
0,0,0,0,0,0,0.00E+00,0.00E+00,0.00E+00,0.00E+00,0.00E+00,-3.27441119138601,4.04E+00,1,1180,0.00E+00,0.00E+00,0.00E+00,0.00E+00,0.00E+00,0.00E+00,0.00E+00,0.00E+00,0.00E+00,0.00E+00,0.00E+00,0.00E+00,4.20E+00,3.90E+00,7.68E+01
0,0,0,0,0,0,0.00E+00,0.00E+00,0.00E+00,0.00E+00,0.00E+00,-0.020691909780342,2.93E+01,1,1183,0.00E+00,0.00E+00,0.00E+00,0.00E+00,0.00E+00,0.00E+00,0.00E+00,0.00E+00,0.00E+00,0.00E+00,0.00E+00,0.00E+00,1.11E+01,8.47E+00,7.52E+01
0.49335378408432,0.284408122301102,1.39711630344391,1.12066507339478,1.40556573867798,1.77612900733948,7.99E-01,7.06E-01,8.73E-01,7.87E-01,7.84E-01,0.09448180755424,5.89E+00,1,1186,4.15E+02,4.99E+02,3.62E+02,5.21E+02,3.75E+02,4.25E+02,2.92E+02,4.34E+02,3.66E+02,4.50E+02,3.35E+02,4.69E+02,1.11E+01,1.23E+01,6.73E+01
0,0,0,0,0,0,0.00E+00,0.00E+00,0.00E+00,0.00E+00,0.00E+00,-0.195587754422508,1.69E+01,1,1189,0.00E+00,0.00E+00,0.00E+00,0.00E+00,0.00E+00,0.00E+00,0.00E+00,0.00E+00,0.00E+00,0.00E+00,0.00E+00,0.00E+00,1.15E+01,1.50E+01,4.85E+01
0,0,0,0,0,0,0.00E+00,0.00E+00,0.00E+00,0.00E+00,0.00E+00,-1.1611047062723,4.36E+00,1,1191,0.00E+00,0.00E+00,0.00E+00,0.00E+00,0.00E+00,0.00E+00,0.00E+00,0.00E+00,0.00E+00,0.00E+00,0.00E+00,0.00E+00,6.37E+00,1.24E+01,3.09E+01
0.467698156833649,0.297505289316177,1.34432363510132,1.12073612213135,1.27906978130341,1.8158506155014,7.28E-01,8.04E-01,8.24E-01,7.84E-01,8.40E-01,4.12827753395242,1.45E+01,1,1194,6.71E+02,3.82E+02,6.43E+02,3.71E+02,7.12E+02,2.95E+02,6.43E+02,2.62E+02,6.92E+02,3.14E+02,6.58E+02,3.13E+02,8.50E+00,1.27E+01,3.94E+00
0,0,0,0,0,0,0.00E+00,0.00E+00,0.00E+00,0.00E+00,0.00E+00,-0.074613039833349,1.70E+00,1,1197,0.00E+00,0.00E+00,0.00E+00,0.00E+00,0.00E+00,0.00E+00,0.00E+00,0.00E+00,0.00E+00,0.00E+00,0.00E+00,0.00E+00,1.27E+00,1.08E+01,3.47E+01
0,0,0,0,0,0,0.00E+00,0.00E+00,0.00E+00,0.00E+00,0.00E+00,2.42163196573979,7.90E+00,1,1200,0.00E+00,0.00E+00,0.00E+00,0.00E+00,0.00E+00,0.00E+00,0.00E+00,0.00E+00,0.00E+00,0.00E+00,0.00E+00,0.00E+00,5.58E+00,2.18E+00,6.70E+01
0,0,0,0,0,0,0.00E+00,0.00E+00,0.00E+00,0.00E+00,0.00E+00,-6.44386513083287,1.82E+01,1,1203,0.00E+00,0.00E+00,0.00E+00,0.00E+00,0.00E+00,0.00E+00,0.00E+00,0.00E+00,0.00E+00,0.00E+00,0.00E+00,0.00E+00,8.62E+00,7.08E+00,9.31E+01
0,0,0,0,0,0,0.00E+00,0.00E+00,0.00E+00,0.00E+00,0.00E+00,-0.734332554516119,3.35E+00,1,1205,0.00E+00,0.00E+00,0.00E+00,0.00E+00,0.00E+00,0.00E+00,0.00E+00,0.00E+00,0.00E+00,0.00E+00,0.00E+00,0.00E+00,5.91E+00,8.32E+00,1.07E+02
0.501727938652039,0.293526977300644,1.27757239341736,1.0949627161026,1.21345639228821,1.73099052906036,8.27E-01,7.38E-01,8.71E-01,8.35E-01,8.07E-01,0.326557545430013,8.09E+00,1,1208,6.59E+02,2.98E+02,6.38E+02,2.64E+02,6.69E+02,1.67E+02,5.94E+02,1.62E+02,6.59E+02,1.91E+02,6.26E+02,2.00E+02,5.85E+00,6.76E+00,1.15E+02
0,0,0,0,0,0,0.00E+00,0.00E+00,0.00E+00,0.00E+00,0.00E+00,-0.223933312133345,1.78E+00,1,1211,0.00E+00,0.00E+00,0.00E+00,0.00E+00,0.00E+00,0.00E+00,0.00E+00,0.00E+00,0.00E+00,0.00E+00,0.00E+00,0.00E+00,2.56E+00,3.11E+00,1.09E+02
0.560040950775147,0,0,0,0,0,8.54E-01,7.85E-01,8.71E-01,8.38E-01,8.08E-01,0.988229709433334,5.77E+00,1,1214,1.55E+02,6.78E+01,0.00E+00,0.00E+00,0.00E+00,0.00E+00,0.00E+00,0.00E+00,0.00E+00,0.00E+00,0.00E+00,0.00E+00,6.22E+00,5.00E+00,8.94E+01
0,0,0,0,0,0,0.00E+00,0.00E+00,0.00E+00,0.00E+00,0.00E+00,1.26715345819625,5.64E+00,1,1217,0.00E+00,0.00E+00,0.00E+00,0.00E+00,0.00E+00,0.00E+00,0.00E+00,0.00E+00,0.00E+00,0.00E+00,0.00E+00,0.00E+00,1.34E+00,6.81E+00,5.90E+01
0,0,0,0,0,0,0.00E+00,0.00E+00,0.00E+00,0.00E+00,0.00E+00,6.02373269941616,1.01E+01,1,1219,0.00E+00,0.00E+00,0.00E+00,0.00E+00,0.00E+00,0.00E+00,0.00E+00,0.00E+00,0.00E+00,0.00E+00,0.00E+00,0.00E+00,6.84E+00,7.97E+00,3.98E+01
0,0,0,0,0,0,0.00E+00,0.00E+00,0.00E+00,0.00E+00,0.00E+00,12.1616083355738,7.38E+00,1,1222,0.00E+00,0.00E+00,0.00E+00,0.00E+00,0.00E+00,0.00E+00,0.00E+00,0.00E+00,0.00E+00,0.00E+00,0.00E+00,0.00E+00,7.48E+00,6.25E+00,9.65E+00
0,0,0,0,0,0,0.00E+00,0.00E+00,0.00E+00,0.00E+00,0.00E+00,-1.77525657982029,1.19E+01,1,1225,0.00E+00,0.00E+00,0.00E+00,0.00E+00,0.00E+00,0.00E+00,0.00E+00,0.00E+00,0.00E+00,0.00E+00,0.00E+00,0.00E+00,9.32E+00,1.41E+01,3.46E+01
0,0,0,0,0,0,0.00E+00,0.00E+00,0.00E+00,0.00E+00,0.00E+00,-1.09332882664918,1.50E+01,1,1228,0.00E+00,0.00E+00,0.00E+00,0.00E+00,0.00E+00,0.00E+00,0.00E+00,0.00E+00,0.00E+00,0.00E+00,0.00E+00,0.00E+00,2.30E+00,1.52E+01,6.31E+01
0.482002943754196,0.29982778429985,1.31160426139832,1.13437151908875,1.22686624526978,1.7665753364563,8.24E-01,7.34E-01,8.40E-01,7.85E-01,8.10E-01,-1.00414897826293,5.27E+00,1,1231,4.04E+02,5.44E+02,3.76E+02,5.54E+02,3.79E+02,4.50E+02,3.09E+02,4.62E+02,3.74E+02,4.76E+02,3.47E+02,4.94E+02,4.03E+00,7.77E+00,8.73E+01
0.424094647169113,0.282694756984711,1.29495418071747,1.12800514698029,1.26507449150085,1.72748839855194,8.78E-01,7.05E-01,8.15E-01,8.57E-01,8.06E-01,-0.809520506184521,3.68E+00,1,1233,4.26E+02,5.19E+02,3.90E+02,5.32E+02,3.96E+02,4.42E+02,3.12E+02,4.54E+02,3.87E+02,4.62E+02,3.58E+02,4.75E+02,4.17E+00,1.16E+01,1.04E+02
0.441206067800522,0.295111268758774,1.27055931091309,1.10344564914703,1.25371611118317,1.6953729391098,8.57E-01,7.29E-01,8.43E-01,8.12E-01,7.90E-01,-0.01018938945438,9.98E-01,0,1236,4.13E+02,5.19E+02,3.61E+02,5.35E+02,3.76E+02,4.47E+02,2.89E+02,4.50E+02,3.65E+02,4.65E+02,3.34E+02,4.80E+02,2.93E+00,1.16E+01,1.17E+02
0.49506801366806,0.302830308675766,1.31141710281372,1.09699583053589,1.33662557601929,1.62248301506042,8.76E-01,7.48E-01,8.28E-01,8.02E-01,8.27E-01,0,0.00E+00,0,1239,4.70E+02,6.28E+02,4.39E+02,6.60E+02,4.25E+02,5.68E+02,3.51E+02,5.90E+02,4.23E+02,5.90E+02,3.95E+02,6.11E+02,6.44E+00,9.90E+00,1.27E+02
0,0,0,0,0,0,0.00E+00,0.00E+00,0.00E+00,0.00E+00,0.00E+00,0.170572458792629,4.57E+00,0,1242,0.00E+00,0.00E+00,0.00E+00,0.00E+00,0.00E+00,0.00E+00,0.00E+00,0.00E+00,0.00E+00,0.00E+00,0.00E+00,0.00E+00,5.78E+00,5.92E+00,1.27E+02
0,0,0,0,0,0,0.00E+00,0.00E+00,0.00E+00,0.00E+00,0.00E+00,0.034596864361832,1.39E+00,0,1245,0.00E+00,0.00E+00,0.00E+00,0.00E+00,0.00E+00,0.00E+00,0.00E+00,0.00E+00,0.00E+00,0.00E+00,0.00E+00,0.00E+00,4.53E+00,1.90E+00,1.19E+02
0,0,0,0,0,0,0.00E+00,0.00E+00,0.00E+00,0.00E+00,0.00E+00,0.092101035298121,1.79E+01,0,1247,0.00E+00,0.00E+00,0.00E+00,0.00E+00,0.00E+00,0.00E+00,0.00E+00,0.00E+00,0.00E+00,0.00E+00,0.00E+00,0.00E+00,8.88E+00,4.55E+00,1.09E+02
0,0,0,0,0,0,0.00E+00,0.00E+00,0.00E+00,0.00E+00,0.00E+00,1.05202525141536,1.49E+00,0,1250,0.00E+00,0.00E+00,0.00E+00,0.00E+00,0.00E+00,0.00E+00,0.00E+00,0.00E+00,0.00E+00,0.00E+00,0.00E+00,0.00E+00,3.70E+00,2.23E+00,9.04E+01
0,0,0,0,0,0,0.00E+00,0.00E+00,0.00E+00,0.00E+00,0.00E+00,0.323712293689867,1.07E+01,0,1253,0.00E+00,0.00E+00,0.00E+00,0.00E+00,0.00E+00,0.00E+00,0.00E+00,0.00E+00,0.00E+00,0.00E+00,0.00E+00,0.00E+00,1.93E+00,3.94E+00,6.84E+01
0,0,0,0,0,0,0.00E+00,0.00E+00,0.00E+00,0.00E+00,0.00E+00,-0.492402040414697,1.76E+01,0,1256,0.00E+00,0.00E+00,0.00E+00,0.00E+00,0.00E+00,0.00E+00,0.00E+00,0.00E+00,0.00E+00,0.00E+00,0.00E+00,0.00E+00,6.41E+00,4.74E+00,5.62E+01
0,0,0,0,0,0,0.00E+00,0.00E+00,0.00E+00,0.00E+00,0.00E+00,-0.352657994038542,1.33E+01,0,1259,0.00E+00,0.00E+00,0.00E+00,0.00E+00,0.00E+00,0.00E+00,0.00E+00,0.00E+00,0.00E+00,0.00E+00,0.00E+00,0.00E+00,1.15E+01,1.21E+01,4.28E+01
0,0,0,0,0,0,0.00E+00,0.00E+00,0.00E+00,0.00E+00,0.00E+00,-0.048942372573245,4.61E-01,0,1261,0.00E+00,0.00E+00,0.00E+00,0.00E+00,0.00E+00,0.00E+00,0.00E+00,0.00E+00,0.00E+00,0.00E+00,0.00E+00,0.00E+00,4.69E+00,1.31E+01,3.52E+01
0,0,0,0,0,0,0.00E+00,0.00E+00,0.00E+00,0.00E+00,0.00E+00,1.76892697605967,6.21E+00,0,1264,0.00E+00,0.00E+00,0.00E+00,0.00E+00,0.00E+00,0.00E+00,0.00E+00,0.00E+00,0.00E+00,0.00E+00,0.00E+00,0.00E+00,5.03E+00,1.31E+01,2.15E+01
0,0,0,0,0,0,0.00E+00,0.00E+00,0.00E+00,0.00E+00,0.00E+00,1.78993758653629,2.12E+01,0,1267,0.00E+00,0.00E+00,0.00E+00,0.00E+00,0.00E+00,0.00E+00,0.00E+00,0.00E+00,0.00E+00,0.00E+00,0.00E+00,0.00E+00,1.47E+01,1.45E+01,1.63E+01
0,0,0,0,0,0,0.00E+00,0.00E+00,0.00E+00,0.00E+00,0.00E+00,0.181748395909714,5.87E+00,0,1270,0.00E+00,0.00E+00,0.00E+00,0.00E+00,0.00E+00,0.00E+00,0.00E+00,0.00E+00,0.00E+00,0.00E+00,0.00E+00,0.00E+00,1.29E+01,2.30E+01,4.44E+01
0.536175906658173,0.378684967756271,0,0,0,0,8.36E-01,8.00E-01,8.59E-01,7.76E-01,8.11E-01,0.856294075371024,1.03E+00,0,1273,3.27E+02,2.80E+02,2.92E+02,2.63E+02,0.00E+00,0.00E+00,0.00E+00,0.00E+00,0.00E+00,0.00E+00,0.00E+00,0.00E+00,5.21E+00,2.51E+01,8.07E+01
0,0,0,0,0,0,0.00E+00,0.00E+00,0.00E+00,0.00E+00,0.00E+00,5.11281568294676,5.17E+00,0,1275,0.00E+00,0.00E+00,0.00E+00,0.00E+00,0.00E+00,0.00E+00,0.00E+00,0.00E+00,0.00E+00,0.00E+00,0.00E+00,0.00E+00,7.29E+00,2.45E+01,1.11E+02
0,0,0,0,0,0,0.00E+00,0.00E+00,0.00E+00,0.00E+00,0.00E+00,4.34511909255857,1.41E+01,0,1278,0.00E+00,0.00E+00,0.00E+00,0.00E+00,0.00E+00,0.00E+00,0.00E+00,0.00E+00,0.00E+00,0.00E+00,0.00E+00,0.00E+00,1.55E+01,2.33E+01,1.60E+02
0,0,0,0,0,0,0.00E+00,0.00E+00,0.00E+00,0.00E+00,0.00E+00,0.222327073851001,7.76E+00,0,1281,0.00E+00,0.00E+00,0.00E+00,0.00E+00,0.00E+00,0.00E+00,0.00E+00,0.00E+00,0.00E+00,0.00E+00,0.00E+00,0.00E+00,9.66E+00,2.70E+01,2.09E+02
0,0,0,0,0,0,0.00E+00,0.00E+00,0.00E+00,0.00E+00,0.00E+00,-1.93066273659176,5.22E+00,0,1284,0.00E+00,0.00E+00,0.00E+00,0.00E+00,0.00E+00,0.00E+00,0.00E+00,0.00E+00,0.00E+00,0.00E+00,0.00E+00,0.00E+00,2.03E+00,2.33E+01,2.52E+02
0,0,0,0,0,0,0.00E+00,0.00E+00,0.00E+00,0.00E+00,0.00E+00,-5.12509512471715,9.60E+00,0,1287,0.00E+00,0.00E+00,0.00E+00,0.00E+00,0.00E+00,0.00E+00,0.00E+00,0.00E+00,0.00E+00,0.00E+00,0.00E+00,0.00E+00,9.57E+00,1.83E+01,2.91E+02
0,0,0,0,0,0,0.00E+00,0.00E+00,0.00E+00,0.00E+00,0.00E+00,-22.6572473716414,1.16E+01,0,1289,0.00E+00,0.00E+00,0.00E+00,0.00E+00,0.00E+00,0.00E+00,0.00E+00,0.00E+00,0.00E+00,0.00E+00,0.00E+00,0.00E+00,6.73E+00,1.20E+01,3.08E+02
0,0,0,0,0,0,0.00E+00,0.00E+00,0.00E+00,0.00E+00,0.00E+00,1.66776449329272,2.76E+00,0,1292,0.00E+00,0.00E+00,0.00E+00,0.00E+00,0.00E+00,0.00E+00,0.00E+00,0.00E+00,0.00E+00,0.00E+00,0.00E+00,0.00E+00,1.07E+01,2.82E+00,3.24E+02
0,0,0,0,0,0,0.00E+00,0.00E+00,0.00E+00,0.00E+00,0.00E+00,1.86799224891984,5.86E+00,0,1295,0.00E+00,0.00E+00,0.00E+00,0.00E+00,0.00E+00,0.00E+00,0.00E+00,0.00E+00,0.00E+00,0.00E+00,0.00E+00,0.00E+00,4.63E+00,4.72E+00,3.20E+02
0,0,0,0,0,0,0.00E+00,0.00E+00,0.00E+00,0.00E+00,0.00E+00,-4.27562968876322,1.50E+01,0,1298,0.00E+00,0.00E+00,0.00E+00,0.00E+00,0.00E+00,0.00E+00,0.00E+00,0.00E+00,0.00E+00,0.00E+00,0.00E+00,0.00E+00,8.91E+00,5.70E+00,3.00E+02
0,0,0,0,0,0,0.00E+00,0.00E+00,0.00E+00,0.00E+00,0.00E+00,-1.42526500887813,1.94E+01,0,1301,0.00E+00,0.00E+00,0.00E+00,0.00E+00,0.00E+00,0.00E+00,0.00E+00,0.00E+00,0.00E+00,0.00E+00,0.00E+00,0.00E+00,8.54E+00,1.14E+01,2.67E+02
0,0,0,0,0,0,0.00E+00,0.00E+00,0.00E+00,0.00E+00,0.00E+00,10.4773741309681,3.80E+00,0,1303,0.00E+00,0.00E+00,0.00E+00,0.00E+00,0.00E+00,0.00E+00,0.00E+00,0.00E+00,0.00E+00,0.00E+00,0.00E+00,0.00E+00,1.43E+01,1.01E+01,2.32E+02
0,0,0,0,0,0,0.00E+00,0.00E+00,0.00E+00,0.00E+00,0.00E+00,0.669756464848203,9.71E+01,0,1306,0.00E+00,0.00E+00,0.00E+00,0.00E+00,0.00E+00,0.00E+00,0.00E+00,0.00E+00,0.00E+00,0.00E+00,0.00E+00,0.00E+00,6.46E+01,4.95E+01,1.67E+02
0,0,0,0,0,0,0.00E+00,0.00E+00,0.00E+00,0.00E+00,0.00E+00,-3.71537720030135,1.27E+01,0,1309,0.00E+00,0.00E+00,0.00E+00,0.00E+00,0.00E+00,0.00E+00,0.00E+00,0.00E+00,0.00E+00,0.00E+00,0.00E+00,0.00E+00,3.33E+01,8.82E+01,1.01E+02
0,0,0,0,0,0,0.00E+00,0.00E+00,0.00E+00,0.00E+00,0.00E+00,16.2913480290363,1.92E+01,0,1312,0.00E+00,0.00E+00,0.00E+00,0.00E+00,0.00E+00,0.00E+00,0.00E+00,0.00E+00,0.00E+00,0.00E+00,0.00E+00,0.00E+00,9.50E+00,6.66E+01,5.99E+01
0,0,0,0,0,0,0.00E+00,0.00E+00,0.00E+00,0.00E+00,0.00E+00,-6.61881975022046,2.04E+01,0,1315,0.00E+00,0.00E+00,0.00E+00,0.00E+00,0.00E+00,0.00E+00,0.00E+00,0.00E+00,0.00E+00,0.00E+00,0.00E+00,0.00E+00,7.40E+00,1.90E+01,1.34E+02
0,0,0,0,0,0,0.00E+00,0.00E+00,0.00E+00,0.00E+00,0.00E+00,5.31051702479376,2.06E+01,0,1317,0.00E+00,0.00E+00,0.00E+00,0.00E+00,0.00E+00,0.00E+00,0.00E+00,0.00E+00,0.00E+00,0.00E+00,0.00E+00,0.00E+00,3.75E+00,1.16E+01,2.01E+02
0,0,0,0,0,0,0.00E+00,0.00E+00,0.00E+00,0.00E+00,0.00E+00,2.6705316525134,6.13E+00,0,1320,0.00E+00,0.00E+00,0.00E+00,0.00E+00,0.00E+00,0.00E+00,0.00E+00,0.00E+00,0.00E+00,0.00E+00,0.00E+00,0.00E+00,7.42E+00,1.32E+01,3.07E+02
0,0,0,0,0,0,0.00E+00,0.00E+00,0.00E+00,0.00E+00,0.00E+00,25.7040585630867,2.10E+01,0,1323,0.00E+00,0.00E+00,0.00E+00,0.00E+00,0.00E+00,0.00E+00,0.00E+00,0.00E+00,0.00E+00,0.00E+00,0.00E+00,0.00E+00,9.27E+00,1.29E+01,3.84E+02
0,0,0,0,0,0,0.00E+00,0.00E+00,0.00E+00,0.00E+00,0.00E+00,-4.6033679605209,5.49E+00,0,1326,0.00E+00,0.00E+00,0.00E+00,0.00E+00,0.00E+00,0.00E+00,0.00E+00,0.00E+00,0.00E+00,0.00E+00,0.00E+00,0.00E+00,7.80E+00,4.30E+00,4.26E+02
0,0,0,0,0,0,0.00E+00,0.00E+00,0.00E+00,0.00E+00,0.00E+00,-9.10905812136796,1.31E+01,0,1329,0.00E+00,0.00E+00,0.00E+00,0.00E+00,0.00E+00,0.00E+00,0.00E+00,0.00E+00,0.00E+00,0.00E+00,0.00E+00,0.00E+00,8.49E+00,5.14E+00,4.26E+02
0,0,0,0,0,0,0.00E+00,0.00E+00,0.00E+00,0.00E+00,0.00E+00,-4.34878659142001,6.95E+00,0,1331,0.00E+00,0.00E+00,0.00E+00,0.00E+00,0.00E+00,0.00E+00,0.00E+00,0.00E+00,0.00E+00,0.00E+00,0.00E+00,0.00E+00,1.44E+00,7.14E+00,3.90E+02
0,0,0,0,0,0,0.00E+00,0.00E+00,0.00E+00,0.00E+00,0.00E+00,-0.633566876048033,6.43E+00,0,1334,0.00E+00,0.00E+00,0.00E+00,0.00E+00,0.00E+00,0.00E+00,0.00E+00,0.00E+00,0.00E+00,0.00E+00,0.00E+00,0.00E+00,2.33E+00,6.26E+00,3.30E+02
0,0,0,0,0,0,0.00E+00,0.00E+00,0.00E+00,0.00E+00,0.00E+00,-0.084046502003801,5.58E+00,0,1337,0.00E+00,0.00E+00,0.00E+00,0.00E+00,0.00E+00,0.00E+00,0.00E+00,0.00E+00,0.00E+00,0.00E+00,0.00E+00,0.00E+00,2.95E+00,2.59E+00,2.48E+02
0,0,0,0,0,0,0.00E+00,0.00E+00,0.00E+00,0.00E+00,0.00E+00,-17.7435024556239,1.92E+01,0,1340,0.00E+00,0.00E+00,0.00E+00,0.00E+00,0.00E+00,0.00E+00,0.00E+00,0.00E+00,0.00E+00,0.00E+00,0.00E+00,0.00E+00,3.93E+00,2.09E+00,1.74E+02
0,0,0,0,0,0,0.00E+00,0.00E+00,0.00E+00,0.00E+00,0.00E+00,12.6758144619218,1.68E+01,0,1343,0.00E+00,0.00E+00,0.00E+00,0.00E+00,0.00E+00,0.00E+00,0.00E+00,0.00E+00,0.00E+00,0.00E+00,0.00E+00,0.00E+00,1.36E+01,8.18E+00,1.13E+02
0,0,0,0,0,0,0.00E+00,0.00E+00,0.00E+00,0.00E+00,0.00E+00,-0.106860418114292,7.85E+00,0,1345,0.00E+00,0.00E+00,0.00E+00,0.00E+00,0.00E+00,0.00E+00,0.00E+00,0.00E+00,0.00E+00,0.00E+00,0.00E+00,0.00E+00,4.84E+00,1.47E+01,8.56E+01
0,0,0,0,0,0,0.00E+00,0.00E+00,0.00E+00,0.00E+00,0.00E+00,8.34433888781762,3.09E+01,0,1348,0.00E+00,0.00E+00,0.00E+00,0.00E+00,0.00E+00,0.00E+00,0.00E+00,0.00E+00,0.00E+00,0.00E+00,0.00E+00,0.00E+00,9.47E+00,2.08E+01,6.32E+01
0,0,0,0,0,0,0.00E+00,0.00E+00,0.00E+00,0.00E+00,0.00E+00,10.1957261831237,1.15E+01,0,1351,0.00E+00,0.00E+00,0.00E+00,0.00E+00,0.00E+00,0.00E+00,0.00E+00,0.00E+00,0.00E+00,0.00E+00,0.00E+00,0.00E+00,1.11E+01,2.02E+01,6.72E+01
0,0,0,0,0,0,0.00E+00,0.00E+00,0.00E+00,0.00E+00,0.00E+00,0.572711744573583,3.44E+01,0,1354,0.00E+00,0.00E+00,0.00E+00,0.00E+00,0.00E+00,0.00E+00,0.00E+00,0.00E+00,0.00E+00,0.00E+00,0.00E+00,0.00E+00,1.25E+01,7.82E+00,7.65E+01
0,0,0,0,0,0,0.00E+00,0.00E+00,0.00E+00,0.00E+00,0.00E+00,18.200413795287,1.13E+01,0,1357,0.00E+00,0.00E+00,0.00E+00,0.00E+00,0.00E+00,0.00E+00,0.00E+00,0.00E+00,0.00E+00,0.00E+00,0.00E+00,0.00E+00,3.47E+00,1.49E+01,1.05E+02
0,0,0,0,0,0,0.00E+00,0.00E+00,0.00E+00,0.00E+00,0.00E+00,-45.527163385586,9.28E+00,0,1359,0.00E+00,0.00E+00,0.00E+00,0.00E+00,0.00E+00,0.00E+00,0.00E+00,0.00E+00,0.00E+00,0.00E+00,0.00E+00,0.00E+00,8.79E+00,2.21E+01,1.06E+02
0,0,0,0,0,0,0.00E+00,0.00E+00,0.00E+00,0.00E+00,0.00E+00,29.4484400304936,2.33E+01,0,1362,0.00E+00,0.00E+00,0.00E+00,0.00E+00,0.00E+00,0.00E+00,0.00E+00,0.00E+00,0.00E+00,0.00E+00,0.00E+00,0.00E+00,9.51E+00,1.76E+01,1.09E+02
0,0,0,0,0,0,0.00E+00,0.00E+00,0.00E+00,0.00E+00,0.00E+00,-3.77327890733428,7.90E+00,0,1365,0.00E+00,0.00E+00,0.00E+00,0.00E+00,0.00E+00,0.00E+00,0.00E+00,0.00E+00,0.00E+00,0.00E+00,0.00E+00,0.00E+00,1.23E+01,1.19E+01,9.86E+01
0,0,0,0,0,0,0.00E+00,0.00E+00,0.00E+00,0.00E+00,0.00E+00,-19.6044898099415,1.46E+01,0,1368,0.00E+00,0.00E+00,0.00E+00,0.00E+00,0.00E+00,0.00E+00,0.00E+00,0.00E+00,0.00E+00,0.00E+00,0.00E+00,0.00E+00,2.42E+01,2.33E+01,7.58E+01
0,0,0,0,0,0,0.00E+00,0.00E+00,0.00E+00,0.00E+00,0.00E+00,34.5949937750675,1.01E+01,0,1371,0.00E+00,0.00E+00,0.00E+00,0.00E+00,0.00E+00,0.00E+00,0.00E+00,0.00E+00,0.00E+00,0.00E+00,0.00E+00,0.00E+00,1.10E+01,3.38E+01,4.24E+01
0,0,0,0,0,0,0.00E+00,0.00E+00,0.00E+00,0.00E+00,0.00E+00,-23.4999670009074,2.13E+01,0,1373,0.00E+00,0.00E+00,0.00E+00,0.00E+00,0.00E+00,0.00E+00,0.00E+00,0.00E+00,0.00E+00,0.00E+00,0.00E+00,0.00E+00,8.89E+00,1.99E+01,1.86E+01
0,0,0,0,0,0,0.00E+00,0.00E+00,0.00E+00,0.00E+00,0.00E+00,1.33716126343074,3.27E+01,0,1376,0.00E+00,0.00E+00,0.00E+00,0.00E+00,0.00E+00,0.00E+00,0.00E+00,0.00E+00,0.00E+00,0.00E+00,0.00E+00,0.00E+00,1.17E+01,1.28E+01,3.18E+01
0,0,0,0,0,0,0.00E+00,0.00E+00,0.00E+00,0.00E+00,0.00E+00,8.25582065295462,1.28E+01,0,1379,0.00E+00,0.00E+00,0.00E+00,0.00E+00,0.00E+00,0.00E+00,0.00E+00,0.00E+00,0.00E+00,0.00E+00,0.00E+00,0.00E+00,3.63E+00,8.19E+00,7.02E+01
0,0,0,0,0,0,0.00E+00,0.00E+00,0.00E+00,0.00E+00,0.00E+00,3.99786067515037,2.50E+01,0,1382,0.00E+00,0.00E+00,0.00E+00,0.00E+00,0.00E+00,0.00E+00,0.00E+00,0.00E+00,0.00E+00,0.00E+00,0.00E+00,0.00E+00,1.77E+01,1.19E+01,1.22E+02
0,0,0,0,0,0,0.00E+00,0.00E+00,0.00E+00,0.00E+00,0.00E+00,0.552815643689471,8.75E+00,0,1385,0.00E+00,0.00E+00,0.00E+00,0.00E+00,0.00E+00,0.00E+00,0.00E+00,0.00E+00,0.00E+00,0.00E+00,0.00E+00,0.00E+00,2.71E+01,2.76E+01,1.54E+02
0,0,0,0,0,0,0.00E+00,0.00E+00,0.00E+00,0.00E+00,0.00E+00,-2.29893607388091,1.02E+00,0,1387,0.00E+00,0.00E+00,0.00E+00,0.00E+00,0.00E+00,0.00E+00,0.00E+00,0.00E+00,0.00E+00,0.00E+00,0.00E+00,0.00E+00,4.56E+00,4.59E+01,1.76E+02
0,0,0,0,0,0,0.00E+00,0.00E+00,0.00E+00,0.00E+00,0.00E+00,47.0748969956144,4.13E+01,0,1390,0.00E+00,0.00E+00,0.00E+00,0.00E+00,0.00E+00,0.00E+00,0.00E+00,0.00E+00,0.00E+00,0.00E+00,0.00E+00,0.00E+00,1.34E+01,3.25E+01,1.99E+02
0,0,0,0,0,0,0.00E+00,0.00E+00,0.00E+00,0.00E+00,0.00E+00,37.8260863017319,2.05E+01,0,1393,0.00E+00,0.00E+00,0.00E+00,0.00E+00,0.00E+00,0.00E+00,0.00E+00,0.00E+00,0.00E+00,0.00E+00,0.00E+00,0.00E+00,2.59E+01,9.95E+00,2.14E+02
0,0,0,0,0,0,0.00E+00,0.00E+00,0.00E+00,0.00E+00,0.00E+00,-6.35261210749373,4.29E+01,1,1396,0.00E+00,0.00E+00,0.00E+00,0.00E+00,0.00E+00,0.00E+00,0.00E+00,0.00E+00,0.00E+00,0.00E+00,0.00E+00,0.00E+00,6.88E+00,2.74E+01,2.15E+02
0,0,0,0,0,0,0.00E+00,0.00E+00,0.00E+00,0.00E+00,0.00E+00,-7.42601419593986,1.03E+00,1,1399,0.00E+00,0.00E+00,0.00E+00,0.00E+00,0.00E+00,0.00E+00,0.00E+00,0.00E+00,0.00E+00,0.00E+00,0.00E+00,0.00E+00,1.25E+00,2.29E+01,2.08E+02
0,0,0,0,0,0,0.00E+00,0.00E+00,0.00E+00,0.00E+00,0.00E+00,-7.71336339445034,3.73E+01,1,1401,0.00E+00,0.00E+00,0.00E+00,0.00E+00,0.00E+00,0.00E+00,0.00E+00,0.00E+00,0.00E+00,0.00E+00,0.00E+00,0.00E+00,1.71E+01,2.84E+01,1.92E+02
0,0,0,0,0,0,0.00E+00,0.00E+00,0.00E+00,0.00E+00,0.00E+00,8.74287000836159,9.44E+00,1,1404,0.00E+00,0.00E+00,0.00E+00,0.00E+00,0.00E+00,0.00E+00,0.00E+00,0.00E+00,0.00E+00,0.00E+00,0.00E+00,0.00E+00,3.64E-01,2.00E+01,1.63E+02
0,0,0,0,0,0,0.00E+00,0.00E+00,0.00E+00,0.00E+00,0.00E+00,-11.5176380102344,2.98E+00,1,1407,0.00E+00,0.00E+00,0.00E+00,0.00E+00,0.00E+00,0.00E+00,0.00E+00,0.00E+00,0.00E+00,0.00E+00,0.00E+00,0.00E+00,6.41E+00,1.38E+01,9.50E+01
0,0,0,0,0,0,0.00E+00,0.00E+00,0.00E+00,0.00E+00,0.00E+00,-16.4254051907702,7.70E+00,1,1410,0.00E+00,0.00E+00,0.00E+00,0.00E+00,0.00E+00,0.00E+00,0.00E+00,0.00E+00,0.00E+00,0.00E+00,0.00E+00,0.00E+00,6.75E+00,6.07E+00,3.88E+01
0,0,0,0,0,0,0.00E+00,0.00E+00,0.00E+00,0.00E+00,0.00E+00,20.8762127734293,2.78E+01,1,1413,0.00E+00,0.00E+00,0.00E+00,0.00E+00,0.00E+00,0.00E+00,0.00E+00,0.00E+00,0.00E+00,0.00E+00,0.00E+00,0.00E+00,8.68E+00,3.05E+00,5.85E+01
0,0,0,0,0,0,0.00E+00,0.00E+00,0.00E+00,0.00E+00,0.00E+00,-59.40656905193,1.11E+01,1,1415,0.00E+00,0.00E+00,0.00E+00,0.00E+00,0.00E+00,0.00E+00,0.00E+00,0.00E+00,0.00E+00,0.00E+00,0.00E+00,0.00E+00,6.47E+00,4.13E-01,1.06E+02
0,0,0,0,0,0,0.00E+00,0.00E+00,0.00E+00,0.00E+00,0.00E+00,5.18474347227488,1.98E+01,1,1418,0.00E+00,0.00E+00,0.00E+00,0.00E+00,0.00E+00,0.00E+00,0.00E+00,0.00E+00,0.00E+00,0.00E+00,0.00E+00,0.00E+00,2.36E+01,1.18E+01,1.42E+02
0,0,0,0,0,0,0.00E+00,0.00E+00,0.00E+00,0.00E+00,0.00E+00,-0.163812016636552,1.99E+00,1,1421,0.00E+00,0.00E+00,0.00E+00,0.00E+00,0.00E+00,0.00E+00,0.00E+00,0.00E+00,0.00E+00,0.00E+00,0.00E+00,0.00E+00,1.49E+01,2.35E+01,1.61E+02
0,0,0,0,0,0,0.00E+00,0.00E+00,0.00E+00,0.00E+00,0.00E+00,-0.17228556820808,1.37E+00,1,1424,0.00E+00,0.00E+00,0.00E+00,0.00E+00,0.00E+00,0.00E+00,0.00E+00,0.00E+00,0.00E+00,0.00E+00,0.00E+00,0.00E+00,3.31E-01,2.54E+01,1.62E+02
0,0,0,0,0,0,0.00E+00,0.00E+00,0.00E+00,0.00E+00,0.00E+00,-3.37398447120785,2.30E+01,1,1427,0.00E+00,0.00E+00,0.00E+00,0.00E+00,0.00E+00,0.00E+00,0.00E+00,0.00E+00,0.00E+00,0.00E+00,0.00E+00,0.00E+00,6.04E+00,1.82E+01,1.69E+02
0,0,0,0,0,0,0.00E+00,0.00E+00,0.00E+00,0.00E+00,0.00E+00,-6.76685503431337,6.97E+00,1,1429,0.00E+00,0.00E+00,0.00E+00,0.00E+00,0.00E+00,0.00E+00,0.00E+00,0.00E+00,0.00E+00,0.00E+00,0.00E+00,0.00E+00,8.11E+00,6.68E+00,1.63E+02
0,0,0,0,0,0,0.00E+00,0.00E+00,0.00E+00,0.00E+00,0.00E+00,-1.11705195060915,1.45E+00,1,1432,0.00E+00,0.00E+00,0.00E+00,0.00E+00,0.00E+00,0.00E+00,0.00E+00,0.00E+00,0.00E+00,0.00E+00,0.00E+00,0.00E+00,7.91E-01,7.15E+00,1.75E+02
0,0,0,0,0,0,0.00E+00,0.00E+00,0.00E+00,0.00E+00,0.00E+00,-1.79271001233542,1.40E+00,1,1435,0.00E+00,0.00E+00,0.00E+00,0.00E+00,0.00E+00,0.00E+00,0.00E+00,0.00E+00,0.00E+00,0.00E+00,0.00E+00,0.00E+00,1.45E-01,2.48E+00,1.95E+02
0.457074165344238,0.322330623865128,1.42073333263397,1.13811957836151,2.155189037323,1.24565589427948,9.72E-01,8.02E-01,7.93E-01,8.43E-01,8.30E-01,0.391795967761819,7.36E-01,1,1438,4.04E+02,2.96E+02,3.58E+02,2.60E+02,3.78E+02,1.80E+02,2.86E+02,2.08E+02,3.64E+02,1.95E+02,3.29E+02,2.07E+02,8.78E-01,2.78E+00,2.03E+02
0.466835021972656,0.291551440954208,1.39571225643158,1.1796954870224,2.00205016136169,1.49707388877869,9.49E-01,7.86E-01,7.86E-01,8.06E-01,7.94E-01,-0.975974277835385,1.39E+00,1,1441,4.07E+02,3.04E+02,3.64E+02,3.21E+02,3.75E+02,2.34E+02,2.81E+02,2.70E+02,3.59E+02,2.47E+02,3.27E+02,2.70E+02,6.32E-01,2.86E+00,2.05E+02
0.532961547374725,0.307617127895355,1.30907094478607,1.15741062164307,1.91183638572693,1.38907563686371,9.83E-01,7.84E-01,8.90E-01,8.21E-01,8.61E-01,1.42795048765843,1.83E+00,1,1443,4.96E+02,3.77E+02,4.59E+02,4.03E+02,4.27E+02,3.26E+02,3.67E+02,3.86E+02,4.31E+02,3.48E+02,4.07E+02,3.77E+02,6.09E-01,1.02E+00,2.01E+02
0.54303252696991,0.328125894069672,1.36773228645325,1.18191707134247,2.18828105926514,1.48470401763916,1.01E+00,7.87E-01,9.04E-01,7.88E-01,8.74E-01,-0.2162184355755,1.23E+00,1,1446,4.95E+02,3.97E+02,4.60E+02,4.32E+02,4.22E+02,3.74E+02,3.73E+02,4.38E+02,4.26E+02,3.91E+02,4.08E+02,4.26E+02,1.78E+00,1.48E+00,1.78E+02
0.538605213165283,0.310423940420151,1.36053931713104,1.13680934906006,1.97497534751892,1.37128341197968,9.07E-01,8.03E-01,9.05E-01,8.14E-01,8.65E-01,-3.42520319513933,1.61E+00,1,1449,4.91E+02,3.82E+02,4.51E+02,4.04E+02,4.26E+02,3.33E+02,3.64E+02,3.99E+02,4.25E+02,3.52E+02,4.00E+02,3.80E+02,1.13E+00,2.98E+00,1.45E+02
0,0,0,0,0,0,0.00E+00,0.00E+00,0.00E+00,0.00E+00,0.00E+00,-3.21376011732051,4.43E+00,1,1452,0.00E+00,0.00E+00,0.00E+00,0.00E+00,0.00E+00,0.00E+00,0.00E+00,0.00E+00,0.00E+00,0.00E+00,0.00E+00,0.00E+00,1.80E+00,1.01E+00,1.06E+02
0,0,0,0,0,0,0.00E+00,0.00E+00,0.00E+00,0.00E+00,0.00E+00,0.147207207383845,1.64E+00,1,1455,0.00E+00,0.00E+00,0.00E+00,0.00E+00,0.00E+00,0.00E+00,0.00E+00,0.00E+00,0.00E+00,0.00E+00,0.00E+00,0.00E+00,2.11E+00,2.13E+00,7.11E+01
0.554128289222717,0.300654143095016,1.39424741268158,1.16080129146576,2.06482076644897,1.42013037204742,9.05E-01,7.92E-01,9.22E-01,7.95E-01,8.69E-01,0.022371702676131,3.93E-01,1,1457,4.61E+02,3.47E+02,4.12E+02,3.64E+02,4.23E+02,2.86E+02,3.40E+02,3.07E+02,4.15E+02,3.01E+02,3.84E+02,3.16E+02,5.22E-01,3.04E+00,5.17E+01
0.485041260719299,0.328300267457962,1.30050563812256,1.16289591789246,1.7876193523407,1.46113419532776,1.13E+00,7.98E-01,8.07E-01,8.17E-01,8.25E-01,-0.259286462367821,3.47E-01,1,1460,4.16E+02,2.36E+02,3.76E+02,2.62E+02,4.00E+02,1.82E+02,3.06E+02,1.98E+02,3.88E+02,1.98E+02,3.68E+02,2.10E+02,1.18E+00,2.65E+00,2.59E+01
0.443903923034668,0.300123959779739,1.39038515090942,1.2702751159668,2.11842250823975,1.64272439479828,8.08E-01,7.45E-01,7.76E-01,7.76E-01,8.21E-01,-0.064112595066923,1.89E+00,1,1463,4.16E+02,2.93E+02,3.69E+02,3.31E+02,3.91E+02,2.44E+02,3.01E+02,2.52E+02,3.76E+02,2.55E+02,3.45E+02,2.67E+02,7.99E-01,2.06E+00,1.11E+01
0.442917466163635,0.308354824781418,1.35033881664276,1.23971104621887,2.04581236839294,1.57324194908142,0.00E+00,8.03E-01,7.89E-01,7.65E-01,7.86E-01,1.24949577826309,2.39E+00,1,1466,4.20E+02,2.67E+02,3.74E+02,3.68E+02,3.91E+02,2.67E+02,2.96E+02,2.88E+02,3.74E+02,2.88E+02,3.41E+02,3.10E+02,1.47E+00,1.94E+00,2.38E+00
0.543080270290375,0.338314056396484,1.3407975435257,1.18246614933014,2.19770503044128,1.33903229236603,9.86E-01,7.79E-01,8.92E-01,7.85E-01,8.59E-01,-0.39362209537257,4.21E+00,1,1469,4.97E+02,3.80E+02,4.67E+02,4.08E+02,4.41E+02,3.39E+02,3.79E+02,3.69E+02,4.42E+02,3.57E+02,4.15E+02,3.87E+02,2.18E+00,1.78E+00,6.39E+00
0.575469970703125,0.32047563791275,1.32637631893158,1.18193292617798,2.04281854629517,1.50167500972748,9.28E-01,7.90E-01,8.70E-01,8.31E-01,8.90E-01,-0.670351178742477,8.23E-01,1,1471,5.27E+02,3.88E+02,5.01E+02,4.11E+02,4.56E+02,3.45E+02,4.09E+02,4.05E+02,4.65E+02,3.64E+02,4.44E+02,3.99E+02,1.70E+00,1.87E+00,9.83E+00
0,0,0,0,0,0,0.00E+00,0.00E+00,0.00E+00,0.00E+00,0.00E+00,0.038953635012534,1.72E+00,0,1474,0.00E+00,0.00E+00,0.00E+00,0.00E+00,0.00E+00,0.00E+00,0.00E+00,0.00E+00,0.00E+00,0.00E+00,0.00E+00,0.00E+00,2.96E+00,1.19E+00,1.51E+01
0,0,0,0,0,0,0.00E+00,0.00E+00,0.00E+00,0.00E+00,0.00E+00,0.141092047060037,1.63E+00,0,1477,0.00E+00,0.00E+00,0.00E+00,0.00E+00,0.00E+00,0.00E+00,0.00E+00,0.00E+00,0.00E+00,0.00E+00,0.00E+00,0.00E+00,2.69E+00,1.98E+00,1.66E+01
0,0,0,0,0,0,0.00E+00,0.00E+00,0.00E+00,0.00E+00,0.00E+00,0.53722468216098,4.67E+00,0,1480,0.00E+00,0.00E+00,0.00E+00,0.00E+00,0.00E+00,0.00E+00,0.00E+00,0.00E+00,0.00E+00,0.00E+00,0.00E+00,0.00E+00,1.87E+00,3.99E+00,1.87E+01
0.440066337585449,0.295555680990219,1.36690020561218,1.24579226970673,1.97951543331146,1.61922752857208,1.10E+00,7.63E-01,7.96E-01,8.26E-01,8.37E-01,1.40511458240868,1.18E+00,0,1483,4.00E+02,2.55E+02,3.40E+02,2.50E+02,3.72E+02,1.74E+02,2.74E+02,1.83E+02,3.55E+02,1.87E+02,3.26E+02,1.91E+02,2.17E+00,2.75E+00,1.83E+01
0.5365851521492,0.302298307418823,1.32537043094635,1.264777302742,1.83192694187164,1.3845419883728,9.18E-01,8.12E-01,8.57E-01,7.35E-01,8.60E-01,-0.001764157510431,4.71E-01,0,1485,4.26E+02,2.93E+02,4.01E+02,3.20E+02,4.15E+02,2.44E+02,3.34E+02,2.59E+02,4.07E+02,2.61E+02,3.81E+02,2.71E+02,8.22E-01,2.45E+00,1.71E+01
0.480540037155151,0.329313188791275,1.38366079330444,1.27070868015289,1.80295848846436,1.39374196529388,1.15E+00,7.73E-01,8.12E-01,7.74E-01,8.06E-01,7.43648206842727,9.27E+00,0,1488,3.31E+02,1.49E+02,3.05E+02,1.72E+02,3.11E+02,8.68E+01,2.18E+02,1.17E+02,3.05E+02,1.12E+02,2.79E+02,1.35E+02,4.21E+00,4.43E+00,1.89E+01
0,0,0,0,0,0,0.00E+00,0.00E+00,0.00E+00,0.00E+00,0.00E+00,-7.39895626479841,2.30E+00,0,1491,0.00E+00,0.00E+00,0.00E+00,0.00E+00,0.00E+00,0.00E+00,0.00E+00,0.00E+00,0.00E+00,0.00E+00,0.00E+00,0.00E+00,3.47E+00,5.62E+00,1.97E+01
0.588938534259796,0.324759572744369,1.38106107711792,1.25613307952881,1.71392810344696,1.18539083003998,1.09E+00,7.37E-01,8.33E-01,8.33E-01,8.43E-01,4.9128424669591,1.98E+01,0,1494,3.07E+02,6.89E+02,3.04E+02,6.24E+02,4.01E+02,5.89E+02,3.44E+02,5.39E+02,3.77E+02,6.03E+02,3.48E+02,5.77E+02,5.13E+00,4.06E+00,2.33E+01
0,0,0,0,0,0,0.00E+00,0.00E+00,0.00E+00,0.00E+00,0.00E+00,22.9704855491771,1.83E+01,0,1497,0.00E+00,0.00E+00,0.00E+00,0.00E+00,0.00E+00,0.00E+00,0.00E+00,0.00E+00,0.00E+00,0.00E+00,0.00E+00,0.00E+00,7.06E+00,3.81E+00,2.94E+01
0.549046099185944,0.340514689683914,1.41358268260956,1.30506253242493,1.81436276435852,1.36115384101868,1.04E+00,7.80E-01,8.59E-01,8.26E-01,8.36E-01,0.93951520372625,6.22E+00,0,1499,3.07E+02,7.49E+02,2.90E+02,6.97E+02,3.73E+02,6.49E+02,3.20E+02,5.95E+02,3.49E+02,6.61E+02,3.17E+02,6.45E+02,8.59E+00,6.62E+00,3.20E+01
0,0,0,0,0,0,0.00E+00,0.00E+00,0.00E+00,0.00E+00,0.00E+00,0.27771091649274,1.19E+01,0,1502,0.00E+00,0.00E+00,0.00E+00,0.00E+00,0.00E+00,0.00E+00,0.00E+00,0.00E+00,0.00E+00,0.00E+00,0.00E+00,0.00E+00,4.39E+00,6.23E+00,3.53E+01
0,0,0,0,0,0,0.00E+00,0.00E+00,0.00E+00,0.00E+00,0.00E+00,0.39861665723644,1.51E+01,0,1505,0.00E+00,0.00E+00,0.00E+00,0.00E+00,0.00E+00,0.00E+00,0.00E+00,0.00E+00,0.00E+00,0.00E+00,0.00E+00,0.00E+00,9.45E+00,9.71E+00,2.97E+01
0,0,0,0,0,0,0.00E+00,0.00E+00,0.00E+00,0.00E+00,0.00E+00,-0.541960731318717,1.54E+01,0,1508,0.00E+00,0.00E+00,0.00E+00,0.00E+00,0.00E+00,0.00E+00,0.00E+00,0.00E+00,0.00E+00,0.00E+00,0.00E+00,0.00E+00,7.96E+00,1.28E+01,2.15E+01
0.595317900180817,0.332211136817932,1.35759031772614,1.2000595331192,1.91876316070557,1.24733519554138,1.05E+00,7.78E-01,8.75E-01,7.99E-01,8.48E-01,-4.01634769692339,6.13E+00,0,1511,3.29E+02,3.88E+02,3.12E+02,3.08E+02,3.67E+02,2.46E+02,3.22E+02,2.05E+02,3.52E+02,2.58E+02,3.10E+02,2.43E+02,9.57E+00,1.46E+01,9.36E+00
0.575107991695404,0.324323743581772,1.3136397600174,1.31372547149658,1.80951106548309,1.02011048793793,1.07E+00,7.24E-01,8.45E-01,8.18E-01,8.01E-01,-0.064067955957276,2.23E+00,0,1513,3.31E+02,3.14E+02,2.74E+02,2.94E+02,3.55E+02,2.60E+02,3.01E+02,1.95E+02,3.31E+02,2.65E+02,2.95E+02,2.44E+02,2.56E+00,1.20E+01,1.47E+01
0,0,0,0,0,0,0.00E+00,0.00E+00,0.00E+00,0.00E+00,0.00E+00,4.38479477748802,1.53E+01,0,1516,0.00E+00,0.00E+00,0.00E+00,0.00E+00,0.00E+00,0.00E+00,0.00E+00,0.00E+00,0.00E+00,0.00E+00,0.00E+00,0.00E+00,5.10E+00,7.14E+00,4.17E+01
0.533692896366119,0.304946810007095,1.41100013256073,1.26087462902069,2.03629279136658,1.21426498889923,8.48E-01,7.23E-01,8.22E-01,7.62E-01,7.77E-01,0.143768882317997,6.91E-01,0,1519,4.76E+02,3.33E+02,4.79E+02,2.98E+02,5.42E+02,2.42E+02,4.70E+02,1.99E+02,5.22E+02,2.50E+02,4.79E+02,2.44E+02,4.38E+00,4.80E+00,7.16E+01
0.550312280654907,0.310609877109528,1.35029661655426,1.22459959983826,1.80408203601837,1.09784805774689,9.30E-01,9.27E-01,8.48E-01,8.36E-01,8.25E-01,3.30851738669736,4.14E+00,0,1522,5.01E+02,2.21E+02,4.89E+02,2.45E+02,5.56E+02,2.01E+02,4.83E+02,1.39E+02,5.34E+02,2.09E+02,4.90E+02,2.01E+02,1.23E+00,6.01E+00,9.40E+01
0,0,0,0,0,0,0.00E+00,0.00E+00,0.00E+00,0.00E+00,0.00E+00,-1.82887139295024,2.23E+00,0,1525,0.00E+00,0.00E+00,0.00E+00,0.00E+00,0.00E+00,0.00E+00,0.00E+00,0.00E+00,0.00E+00,0.00E+00,0.00E+00,0.00E+00,4.66E+00,5.82E+00,1.11E+02
0,0,0,0,0,0,0.00E+00,0.00E+00,0.00E+00,0.00E+00,0.00E+00,7.79139550544593,2.56E+00,0,1527,0.00E+00,0.00E+00,0.00E+00,0.00E+00,0.00E+00,0.00E+00,0.00E+00,0.00E+00,0.00E+00,0.00E+00,0.00E+00,0.00E+00,1.72E+00,5.12E+00,1.16E+02
0.501173555850983,0.346281319856644,1.38282072544098,1.22917437553406,1.69456803798676,1.18012249469757,9.93E-01,7.38E-01,8.61E-01,8.27E-01,7.93E-01,0.309285403566836,1.19E+01,0,1530,6.41E+02,5.07E+02,5.74E+02,5.27E+02,5.69E+02,4.39E+02,4.90E+02,4.46E+02,5.60E+02,4.61E+02,5.19E+02,4.81E+02,1.89E+00,2.36E+00,1.09E+02
0.50753664970398,0.343334525823593,1.22468030452728,1.15874004364014,1.66685962677002,1.1173243522644,8.22E-01,6.83E-01,8.50E-01,8.52E-01,8.46E-01,-1.48299806078074,7.13E+00,0,1533,5.02E+02,5.10E+02,4.97E+02,5.68E+02,4.83E+02,4.90E+02,4.02E+02,5.13E+02,4.79E+02,5.12E+02,4.59E+02,5.37E+02,1.02E+01,5.95E+00,8.92E+01
0.471676349639893,0.300467103719711,1.34671103954315,1.29579508304596,1.89916610717773,1.2258403301239,1.13E+00,7.29E-01,8.06E-01,8.10E-01,8.11E-01,-0.180201587752862,3.36E+00,0,1536,4.87E+02,4.99E+02,4.56E+02,5.35E+02,4.40E+02,4.42E+02,3.61E+02,4.70E+02,4.34E+02,4.65E+02,4.10E+02,4.93E+02,2.25E+00,1.23E+01,6.58E+01
0.520983576774597,0.284689128398895,1.28241693973541,1.20746600627899,1.67199718952179,1.09028160572052,9.92E-01,8.15E-01,8.79E-01,7.67E-01,8.35E-01,-0.189134225402553,1.87E+00,0,1539,4.88E+02,4.87E+02,4.50E+02,4.85E+02,4.45E+02,4.05E+02,3.64E+02,4.21E+02,4.38E+02,4.26E+02,4.15E+02,4.42E+02,1.23E+00,5.87E+00,3.91E+01
0.514671504497528,0.304892092943192,1.25104975700378,1.26493227481842,1.65278828144074,1.19696915149689,9.95E-01,7.18E-01,7.74E-01,8.44E-01,8.01E-01,-0.725089252724523,2.80E+00,0,1541,3.53E+02,3.85E+02,2.94E+02,4.04E+02,3.25E+02,3.09E+02,2.38E+02,2.92E+02,3.06E+02,3.28E+02,2.69E+02,3.39E+02,3.72E-01,4.28E+00,2.65E+01
0.480463027954102,0.310015022754669,1.2405891418457,1.25925469398499,1.59822535514832,1.22717392444611,9.58E-01,6.71E-01,8.16E-01,7.65E-01,8.21E-01,-0.439029264901708,1.00E+00,0,1544,3.35E+02,3.92E+02,2.36E+02,4.05E+02,2.83E+02,3.22E+02,2.01E+02,2.90E+02,2.61E+02,3.38E+02,2.27E+02,3.40E+02,1.11E+00,1.63E+00,1.49E+01
0.543865144252777,0.308140069246292,1.26063561439514,1.22521543502808,1.58686888217926,1.24433052539825,1.13E+00,7.96E-01,8.26E-01,7.76E-01,8.42E-01,-2.52503997119906,1.95E+00,0,1547,2.62E+02,3.54E+02,2.11E+02,3.36E+02,2.72E+02,2.87E+02,2.09E+02,2.32E+02,2.50E+02,2.94E+02,2.30E+02,2.82E+02,3.59E+00,3.79E+00,2.57E+01
0.516669452190399,0.318130701780319,1.25637245178223,1.24164712429047,1.56262373924255,1.15833401679993,1.02E+00,7.57E-01,8.56E-01,7.68E-01,8.34E-01,-0.478567300968853,3.07E+00,0,1550,2.52E+02,3.92E+02,1.96E+02,3.47E+02,2.60E+02,2.97E+02,2.01E+02,2.39E+02,2.41E+02,3.02E+02,2.23E+02,2.92E+02,1.37E+00,4.08E+00,3.71E+01
0,0,0,0,0,0,0.00E+00,0.00E+00,0.00E+00,0.00E+00,0.00E+00,8.12257896638996,1.63E+01,0,1553,0.00E+00,0.00E+00,0.00E+00,0.00E+00,0.00E+00,0.00E+00,0.00E+00,0.00E+00,0.00E+00,0.00E+00,0.00E+00,0.00E+00,6.54E+00,5.95E+00,4.20E+01
0,0,0,0,0,0,0.00E+00,0.00E+00,0.00E+00,0.00E+00,0.00E+00,2.86629329293112,7.01E+00,0,1555,0.00E+00,0.00E+00,0.00E+00,0.00E+00,0.00E+00,0.00E+00,0.00E+00,0.00E+00,0.00E+00,0.00E+00,0.00E+00,0.00E+00,8.24E+00,6.19E+00,4.09E+01
0,0,0,0,0,0,0.00E+00,0.00E+00,0.00E+00,0.00E+00,0.00E+00,4.01385610279952,1.74E+01,0,1558,0.00E+00,0.00E+00,0.00E+00,0.00E+00,0.00E+00,0.00E+00,0.00E+00,0.00E+00,0.00E+00,0.00E+00,0.00E+00,0.00E+00,4.64E+00,1.10E+01,3.15E+01
0.511788487434387,0.310308486223221,1.3369847536087,1.22147846221924,1.68269884586334,1.0229058265686,9.56E-01,6.98E-01,8.34E-01,7.39E-01,7.74E-01,-1.91513653508267,4.01E+00,0,1561,3.64E+02,2.62E+02,3.32E+02,2.50E+02,3.98E+02,2.18E+02,3.53E+02,1.45E+02,3.81E+02,2.19E+02,3.46E+02,2.00E+02,5.09E+00,5.45E+00,1.52E+01
0,0,0,0,0,0,0.00E+00,0.00E+00,0.00E+00,0.00E+00,0.00E+00,-6.55212463635813,4.72E+00,0,1564,0.00E+00,0.00E+00,0.00E+00,0.00E+00,0.00E+00,0.00E+00,0.00E+00,0.00E+00,0.00E+00,0.00E+00,0.00E+00,0.00E+00,2.32E+00,5.32E+00,1.34E+01
0,0,0,0,0,0,0.00E+00,0.00E+00,0.00E+00,0.00E+00,0.00E+00,-0.700386115498242,5.81E+00,0,1567,0.00E+00,0.00E+00,0.00E+00,0.00E+00,0.00E+00,0.00E+00,0.00E+00,0.00E+00,0.00E+00,0.00E+00,0.00E+00,0.00E+00,1.70E+00,6.01E+00,3.02E+01
0,0,0,0,0,0,0.00E+00,0.00E+00,0.00E+00,0.00E+00,0.00E+00,-2.10852979485049,2.13E+01,0,1569,0.00E+00,0.00E+00,0.00E+00,0.00E+00,0.00E+00,0.00E+00,0.00E+00,0.00E+00,0.00E+00,0.00E+00,0.00E+00,0.00E+00,5.82E+00,8.45E+00,3.81E+01
0,0,0,0,0,0,0.00E+00,0.00E+00,0.00E+00,0.00E+00,0.00E+00,-6.62531710319509,1.06E+01,0,1572,0.00E+00,0.00E+00,0.00E+00,0.00E+00,0.00E+00,0.00E+00,0.00E+00,0.00E+00,0.00E+00,0.00E+00,0.00E+00,0.00E+00,7.84E+00,7.34E+00,4.69E+01
0,0,0,0,0,0,0.00E+00,0.00E+00,0.00E+00,0.00E+00,0.00E+00,7.36864052490975,6.31E+00,0,1575,0.00E+00,0.00E+00,0.00E+00,0.00E+00,0.00E+00,0.00E+00,0.00E+00,0.00E+00,0.00E+00,0.00E+00,0.00E+00,0.00E+00,7.95E+00,7.73E+00,4.51E+01
0,0,0,0,0,0,0.00E+00,0.00E+00,0.00E+00,0.00E+00,0.00E+00,-0.309657736022532,6.25E+00,0,1578,0.00E+00,0.00E+00,0.00E+00,0.00E+00,0.00E+00,0.00E+00,0.00E+00,0.00E+00,0.00E+00,0.00E+00,0.00E+00,0.00E+00,3.59E+00,7.97E+00,4.00E+01
0,0,0,0,0,0,0.00E+00,0.00E+00,0.00E+00,0.00E+00,0.00E+00,-8.30633728699442,1.60E+01,0,1581,0.00E+00,0.00E+00,0.00E+00,0.00E+00,0.00E+00,0.00E+00,0.00E+00,0.00E+00,0.00E+00,0.00E+00,0.00E+00,0.00E+00,8.16E+00,8.54E+00,3.19E+01
0,0,0,0,0,0,0.00E+00,0.00E+00,0.00E+00,0.00E+00,0.00E+00,-6.7860565336324,1.17E+01,0,1583,0.00E+00,0.00E+00,0.00E+00,0.00E+00,0.00E+00,0.00E+00,0.00E+00,0.00E+00,0.00E+00,0.00E+00,0.00E+00,0.00E+00,4.87E+00,4.76E+00,2.83E+01
0,0,0,0,0,0,0.00E+00,0.00E+00,0.00E+00,0.00E+00,0.00E+00,-9.89637419221982,8.84E+00,0,1586,0.00E+00,0.00E+00,0.00E+00,0.00E+00,0.00E+00,0.00E+00,0.00E+00,0.00E+00,0.00E+00,0.00E+00,0.00E+00,0.00E+00,7.29E+00,8.60E+00,2.33E+01
0.57538640499115,0.315210670232773,1.29049527645111,1.20589685440063,1.64156210422516,0.922143220901489,8.77E-01,7.28E-01,8.38E-01,8.12E-01,7.70E-01,0.412090969951582,6.78E+00,0,1589,2.39E+02,4.78E+02,2.14E+02,4.07E+02,2.73E+02,3.54E+02,2.12E+02,3.03E+02,2.54E+02,3.63E+02,2.16E+02,3.52E+02,1.35E+00,8.71E+00,1.95E+01
0.49879452586174,0.30998957157135,1.310378074646,1.25117313861847,1.6846729516983,1.05448162555695,9.15E-01,7.54E-01,8.25E-01,8.05E-01,8.47E-01,-1.59979080873528,2.29E+00,0,1592,2.63E+02,5.74E+02,2.58E+02,4.92E+02,3.49E+02,4.44E+02,2.86E+02,3.87E+02,3.24E+02,4.51E+02,2.86E+02,4.30E+02,1.58E+00,4.38E+00,1.77E+01
0,0,0,0,0,0,0.00E+00,0.00E+00,0.00E+00,0.00E+00,0.00E+00,-1.73719102920395,1.88E+00,0,1595,0.00E+00,0.00E+00,0.00E+00,0.00E+00,0.00E+00,0.00E+00,0.00E+00,0.00E+00,0.00E+00,0.00E+00,0.00E+00,0.00E+00,1.80E+00,1.41E+00,1.26E+01
0,0,0,0,0,0,0.00E+00,0.00E+00,0.00E+00,0.00E+00,0.00E+00,-1.08783120866757,3.41E+00,0,1597,0.00E+00,0.00E+00,0.00E+00,0.00E+00,0.00E+00,0.00E+00,0.00E+00,0.00E+00,0.00E+00,0.00E+00,0.00E+00,0.00E+00,1.43E+00,9.91E-01,1.29E+01
0.462393939495087,0.312250792980194,1.29349434375763,1.19913673400879,1.74886059761047,1.05793428421021,1.04E+00,7.01E-01,7.80E-01,8.22E-01,7.87E-01,0.918925029403509,6.15E+00,0,1600,5.71E+02,5.99E+02,5.22E+02,6.23E+02,4.87E+02,5.29E+02,4.22E+02,5.55E+02,4.89E+02,5.55E+02,4.66E+02,5.86E+02,3.44E+00,2.13E+00,1.65E+01
0.403492957353592,0.311371386051178,1.26127994060516,1.24162316322327,1.77410578727722,1.19775092601776,8.89E-01,6.53E-01,7.56E-01,7.75E-01,7.83E-01,-0.901243387441661,1.91E+00,0,1603,6.00E+02,5.99E+02,5.83E+02,6.46E+02,5.49E+02,5.55E+02,4.78E+02,6.01E+02,5.51E+02,5.82E+02,5.29E+02,6.16E+02,4.33E+00,6.17E+00,2.36E+01
0.499832779169083,0.30720591545105,1.27239799499512,1.22099161148071,1.78176581859589,1.14821112155914,9.79E-01,7.13E-01,8.39E-01,7.84E-01,8.29E-01,0.618652085360998,4.52E+00,0,1606,5.31E+02,6.04E+02,5.04E+02,6.45E+02,4.64E+02,5.63E+02,4.04E+02,6.14E+02,4.69E+02,5.86E+02,4.51E+02,6.16E+02,3.16E+00,8.70E+00,3.55E+01
0,0,0,0,0,0,0.00E+00,0.00E+00,0.00E+00,0.00E+00,0.00E+00,-3.79669491527805,1.13E+01,0,1609,0.00E+00,0.00E+00,0.00E+00,0.00E+00,0.00E+00,0.00E+00,0.00E+00,0.00E+00,0.00E+00,0.00E+00,0.00E+00,0.00E+00,3.36E+00,5.66E+00,4.22E+01
0,0,0,0,0,0,0.00E+00,0.00E+00,0.00E+00,0.00E+00,0.00E+00,0.067582781049743,8.53E-01,0,1611,0.00E+00,0.00E+00,0.00E+00,0.00E+00,0.00E+00,0.00E+00,0.00E+00,0.00E+00,0.00E+00,0.00E+00,0.00E+00,0.00E+00,3.21E+00,2.21E+00,4.79E+01
0.533365190029144,0.315118938684463,1.23851478099823,1.2107230424881,1.73972070217133,1.07578659057617,9.03E-01,7.13E-01,8.15E-01,7.74E-01,8.28E-01,1.10852466125435,6.77E+00,0,1614,4.22E+02,6.17E+02,4.13E+02,6.48E+02,3.70E+02,5.63E+02,3.11E+02,6.15E+02,3.75E+02,5.87E+02,3.57E+02,6.19E+02,2.85E+00,3.09E+00,5.38E+01
0.546849310398102,0.313997328281403,1.26793015003204,1.19588553905487,1.79289329051971,1.11274003982544,9.48E-01,7.10E-01,8.45E-01,7.42E-01,8.27E-01,-0.164408984658994,1.53E+00,0,1617,4.60E+02,6.25E+02,4.15E+02,6.51E+02,3.66E+02,5.72E+02,3.11E+02,6.22E+02,3.73E+02,5.95E+02,3.56E+02,6.29E+02,4.24E+00,4.34E+00,5.59E+01
0.510663866996765,0.301513195037842,1.25590205192566,1.1930319070816,1.68696093559265,1.07992315292358,8.49E-01,7.19E-01,8.31E-01,7.42E-01,8.52E-01,-2.18838045485091,4.50E+00,0,1620,4.69E+02,6.28E+02,4.59E+02,6.45E+02,4.06E+02,5.70E+02,3.58E+02,6.21E+02,4.16E+02,5.93E+02,4.01E+02,6.18E+02,3.48E+00,7.04E+00,6.13E+01
0.511455833911896,0.298309355974197,1.25354635715485,1.21971476078033,1.73385810852051,1.13720333576202,8.23E-01,7.36E-01,8.11E-01,7.66E-01,8.36E-01,0.143573050285725,6.20E+00,0,1623,4.86E+02,5.62E+02,4.57E+02,5.79E+02,4.01E+02,5.02E+02,3.57E+02,5.56E+02,4.13E+02,5.27E+02,4.01E+02,5.52E+02,2.96E+00,7.28E+00,6.82E+01
0,0,0,0,0,0,0.00E+00,0.00E+00,0.00E+00,0.00E+00,0.00E+00,-3.0828372147775,8.14E-01,0,1625,0.00E+00,0.00E+00,0.00E+00,0.00E+00,0.00E+00,0.00E+00,0.00E+00,0.00E+00,0.00E+00,0.00E+00,0.00E+00,0.00E+00,3.07E+00,4.85E+00,6.96E+01
0,0,0,0,0,0,0.00E+00,0.00E+00,0.00E+00,0.00E+00,0.00E+00,1.00074868895953,1.66E+01,0,1628,0.00E+00,0.00E+00,0.00E+00,0.00E+00,0.00E+00,0.00E+00,0.00E+00,0.00E+00,0.00E+00,0.00E+00,0.00E+00,0.00E+00,8.70E+00,9.76E+00,7.55E+01
0,0,0,0,0,0,0.00E+00,0.00E+00,0.00E+00,0.00E+00,0.00E+00,-4.99877903043795,3.82E+01,0,1631,0.00E+00,0.00E+00,0.00E+00,0.00E+00,0.00E+00,0.00E+00,0.00E+00,0.00E+00,0.00E+00,0.00E+00,0.00E+00,0.00E+00,8.47E+00,5.23E+00,7.64E+01
0,0,0,0,0,0,0.00E+00,0.00E+00,0.00E+00,0.00E+00,0.00E+00,9.02906751126651,2.05E+01,1,1634,0.00E+00,0.00E+00,0.00E+00,0.00E+00,0.00E+00,0.00E+00,0.00E+00,0.00E+00,0.00E+00,0.00E+00,0.00E+00,0.00E+00,1.57E+01,8.50E+00,7.85E+01
0,0,0,0,0,0,0.00E+00,0.00E+00,0.00E+00,0.00E+00,0.00E+00,-0.947675652323371,3.13E+00,1,1637,0.00E+00,0.00E+00,0.00E+00,0.00E+00,0.00E+00,0.00E+00,0.00E+00,0.00E+00,0.00E+00,0.00E+00,0.00E+00,0.00E+00,9.16E+00,1.95E+01,7.72E+01
0,0,0,0,0,0,0.00E+00,0.00E+00,0.00E+00,0.00E+00,0.00E+00,-0.281938069933658,3.13E+00,1,1639,0.00E+00,0.00E+00,0.00E+00,0.00E+00,0.00E+00,0.00E+00,0.00E+00,0.00E+00,0.00E+00,0.00E+00,0.00E+00,0.00E+00,2.40E+00,1.50E+01,7.17E+01
0,0,0,0,0,0,0.00E+00,0.00E+00,0.00E+00,0.00E+00,0.00E+00,-3.41582900188778,6.47E+00,1,1642,0.00E+00,0.00E+00,0.00E+00,0.00E+00,0.00E+00,0.00E+00,0.00E+00,0.00E+00,0.00E+00,0.00E+00,0.00E+00,0.00E+00,1.59E+00,5.90E+00,5.79E+01
0,0,0,0,0,0,0.00E+00,0.00E+00,0.00E+00,0.00E+00,0.00E+00,-3.67855303829512,3.49E+00,1,1645,0.00E+00,0.00E+00,0.00E+00,0.00E+00,0.00E+00,0.00E+00,0.00E+00,0.00E+00,0.00E+00,0.00E+00,0.00E+00,0.00E+00,4.03E+00,1.16E+00,4.08E+01
0,0,0,0,0,0,0.00E+00,0.00E+00,0.00E+00,0.00E+00,0.00E+00,-0.701290322410693,1.09E+01,1,1648,0.00E+00,0.00E+00,0.00E+00,0.00E+00,0.00E+00,0.00E+00,0.00E+00,0.00E+00,0.00E+00,0.00E+00,0.00E+00,0.00E+00,5.16E+00,4.28E+00,3.55E+01
0,0,0,0,0,0,0.00E+00,0.00E+00,0.00E+00,0.00E+00,0.00E+00,2.22816222211641,2.42E+01,1,1651,0.00E+00,0.00E+00,0.00E+00,0.00E+00,0.00E+00,0.00E+00,0.00E+00,0.00E+00,0.00E+00,0.00E+00,0.00E+00,0.00E+00,1.07E+01,2.84E+00,4.33E+01
0,0,0,0,0,0,0.00E+00,0.00E+00,0.00E+00,0.00E+00,0.00E+00,-16.4628753498678,1.12E+02,1,1653,0.00E+00,0.00E+00,0.00E+00,0.00E+00,0.00E+00,0.00E+00,0.00E+00,0.00E+00,0.00E+00,0.00E+00,0.00E+00,0.00E+00,4.03E+01,3.75E+01,3.70E+01
0,0,0,0,0,0,0.00E+00,0.00E+00,0.00E+00,0.00E+00,0.00E+00,3.1911723402671,4.59E+00,1,1656,0.00E+00,0.00E+00,0.00E+00,0.00E+00,0.00E+00,0.00E+00,0.00E+00,0.00E+00,0.00E+00,0.00E+00,0.00E+00,0.00E+00,3.43E+01,6.10E+01,4.22E+01
0,0,0,0,0,0,0.00E+00,0.00E+00,0.00E+00,0.00E+00,0.00E+00,-2.74930526344732,5.57E+00,1,1659,0.00E+00,0.00E+00,0.00E+00,0.00E+00,0.00E+00,0.00E+00,0.00E+00,0.00E+00,0.00E+00,0.00E+00,0.00E+00,0.00E+00,3.58E+00,5.44E+01,5.52E+01
0,0,0,0,0,0,0.00E+00,0.00E+00,0.00E+00,0.00E+00,0.00E+00,-3.27627785452876,6.29E+00,1,1662,0.00E+00,0.00E+00,0.00E+00,0.00E+00,0.00E+00,0.00E+00,0.00E+00,0.00E+00,0.00E+00,0.00E+00,0.00E+00,0.00E+00,8.68E+00,1.90E+01,1.03E+02
0.504848003387451,0.309309840202332,1.19440066814423,1.14225840568542,1.6642918586731,1.50566160678864,8.28E-01,6.93E-01,8.98E-01,6.99E-01,7.73E-01,-1.69930468756537,2.62E+00,1,1665,4.64E+02,5.68E+02,4.57E+02,5.92E+02,5.24E+02,5.30E+02,4.59E+02,4.85E+02,5.05E+02,5.40E+02,4.80E+02,5.36E+02,4.32E+00,1.11E+01,1.63E+02
0,0,0,0,0,0,0.00E+00,0.00E+00,0.00E+00,0.00E+00,0.00E+00,7.82935103112963,6.58E+00,1,1667,0.00E+00,0.00E+00,0.00E+00,0.00E+00,0.00E+00,0.00E+00,0.00E+00,0.00E+00,0.00E+00,0.00E+00,0.00E+00,0.00E+00,6.91E+00,1.27E+01,2.10E+02
0.525228083133698,0.303686320781708,1.23686110973358,1.11281514167786,1.73274695873261,1.37753915786743,8.58E-01,7.59E-01,8.53E-01,7.87E-01,7.84E-01,2.29303821384823,1.10E+01,1,1670,5.36E+02,5.81E+02,5.75E+02,5.63E+02,6.64E+02,5.51E+02,6.30E+02,4.79E+02,6.41E+02,5.51E+02,6.14E+02,5.24E+02,8.41E+00,1.24E+01,2.56E+02
0.50613796710968,0.307830810546875,1.18455851078033,1.12127208709717,1.64267325401306,1.55236947536469,8.05E-01,7.93E-01,8.56E-01,7.66E-01,8.15E-01,0.678206369231136,2.21E+01,1,1673,4.24E+02,3.12E+02,4.73E+02,2.72E+02,5.64E+02,2.63E+02,5.40E+02,1.91E+02,5.42E+02,2.61E+02,5.34E+02,2.49E+02,8.14E+00,1.35E+01,2.81E+02
0.497237622737885,0.297253370285034,1.19859218597412,1.13787388801575,1.80059778690338,1.44300854206085,9.12E-01,6.68E-01,8.77E-01,7.74E-01,7.40E-01,-0.668159272982054,1.07E+00,1,1676,4.41E+02,3.86E+02,4.16E+02,3.70E+02,4.88E+02,3.22E+02,4.25E+02,2.69E+02,4.67E+02,3.26E+02,4.37E+02,3.24E+02,6.62E+00,1.28E+01,2.71E+02
0.506853699684143,0.281674176454544,1.18825006484985,1.14721608161926,1.77113854885101,1.62503099441528,9.27E-01,7.20E-01,8.16E-01,7.78E-01,7.72E-01,-0.361658409172944,2.51E+00,1,1679,4.61E+02,5.40E+02,4.90E+02,4.69E+02,5.85E+02,4.75E+02,5.58E+02,3.93E+02,5.61E+02,4.67E+02,5.39E+02,4.35E+02,3.51E+00,8.66E+00,2.21E+02
0,0,0,0,0,0,0.00E+00,0.00E+00,0.00E+00,0.00E+00,0.00E+00,-8.66345342808054,4.29E+00,1,1681,0.00E+00,0.00E+00,0.00E+00,0.00E+00,0.00E+00,0.00E+00,0.00E+00,0.00E+00,0.00E+00,0.00E+00,0.00E+00,0.00E+00,9.46E-01,3.71E+00,1.77E+02
0,0,0,0,0,0,0.00E+00,0.00E+00,0.00E+00,0.00E+00,0.00E+00,1.41734710860789,5.62E+00,1,1684,0.00E+00,0.00E+00,0.00E+00,0.00E+00,0.00E+00,0.00E+00,0.00E+00,0.00E+00,0.00E+00,0.00E+00,0.00E+00,0.00E+00,1.66E+00,2.94E+00,1.16E+02
0,0,0,0,0,0,0.00E+00,0.00E+00,0.00E+00,0.00E+00,0.00E+00,3.22774275565258,5.70E+00,1,1687,0.00E+00,0.00E+00,0.00E+00,0.00E+00,0.00E+00,0.00E+00,0.00E+00,0.00E+00,0.00E+00,0.00E+00,0.00E+00,0.00E+00,2.14E+00,3.21E+00,7.86E+01
0,0,0,0,0,0,0.00E+00,0.00E+00,0.00E+00,0.00E+00,0.00E+00,2.53263408607528,3.46E+00,1,1690,0.00E+00,0.00E+00,0.00E+00,0.00E+00,0.00E+00,0.00E+00,0.00E+00,0.00E+00,0.00E+00,0.00E+00,0.00E+00,0.00E+00,3.91E+00,2.37E+00,9.09E+01
0.545635938644409,0.325425088405609,1.16856002807617,1.03526794910431,1.60214710235596,1.62699496746063,8.78E-01,8.03E-01,8.87E-01,8.14E-01,8.01E-01,-5.21649300194586,2.51E+01,1,1693,5.82E+02,6.41E+02,5.57E+02,6.41E+02,6.19E+02,5.57E+02,5.50E+02,5.33E+02,6.00E+02,5.78E+02,5.66E+02,5.80E+02,9.38E+00,7.03E+00,1.06E+02
0,0,0,0,0,0,0.00E+00,0.00E+00,0.00E+00,0.00E+00,0.00E+00,-9.05581294629949,3.02E+00,1,1695,0.00E+00,0.00E+00,0.00E+00,0.00E+00,0.00E+00,0.00E+00,0.00E+00,0.00E+00,0.00E+00,0.00E+00,0.00E+00,0.00E+00,8.62E+00,8.81E+00,1.12E+02
0,0,0,0,0,0,0.00E+00,0.00E+00,0.00E+00,0.00E+00,0.00E+00,7.13622027645322,4.26E+01,1,1698,0.00E+00,0.00E+00,0.00E+00,0.00E+00,0.00E+00,0.00E+00,0.00E+00,0.00E+00,0.00E+00,0.00E+00,0.00E+00,0.00E+00,2.54E+01,1.73E+01,9.55E+01
0,0,0,0,0,0,0.00E+00,0.00E+00,0.00E+00,0.00E+00,0.00E+00,5.10051189419331,3.14E+01,1,1701,0.00E+00,0.00E+00,0.00E+00,0.00E+00,0.00E+00,0.00E+00,0.00E+00,0.00E+00,0.00E+00,0.00E+00,0.00E+00,0.00E+00,2.88E+01,3.81E+01,7.13E+01
0,0,0,0,0,0,0.00E+00,0.00E+00,0.00E+00,0.00E+00,0.00E+00,-1.93893259456378,1.36E+01,1,1704,0.00E+00,0.00E+00,0.00E+00,0.00E+00,0.00E+00,0.00E+00,0.00E+00,0.00E+00,0.00E+00,0.00E+00,0.00E+00,0.00E+00,1.50E+01,4.40E+01,3.48E+01
0,0,0,0,0,0,0.00E+00,0.00E+00,0.00E+00,0.00E+00,0.00E+00,0.994189028447221,9.48E+01,1,1707,0.00E+00,0.00E+00,0.00E+00,0.00E+00,0.00E+00,0.00E+00,0.00E+00,0.00E+00,0.00E+00,0.00E+00,0.00E+00,0.00E+00,4.04E+01,2.38E+01,4.33E+01
0,0,0,0,0,0,0.00E+00,0.00E+00,0.00E+00,0.00E+00,0.00E+00,-7.02870786497022,2.87E-01,1,1709,0.00E+00,0.00E+00,0.00E+00,0.00E+00,0.00E+00,0.00E+00,0.00E+00,0.00E+00,0.00E+00,0.00E+00,0.00E+00,0.00E+00,2.63E+01,2.59E+01,7.69E+01
0,0,0,0,0,0,0.00E+00,0.00E+00,0.00E+00,0.00E+00,0.00E+00,1.41780119801777,2.00E+00,1,1712,0.00E+00,0.00E+00,0.00E+00,0.00E+00,0.00E+00,0.00E+00,0.00E+00,0.00E+00,0.00E+00,0.00E+00,0.00E+00,0.00E+00,8.06E+00,4.95E+01,1.34E+02
0.567057371139526,0.364322125911713,1.13033068180084,1.12544500827789,1.60710632801056,1.81302571296692,9.34E-01,7.73E-01,8.94E-01,8.31E-01,8.55E-01,-0.317306306320116,1.22E+01,0,1715,9.91E+01,6.72E+02,1.03E+02,6.69E+02,2.15E+02,6.61E+02,1.90E+02,5.99E+02,1.84E+02,6.60E+02,1.65E+02,6.50E+02,5.28E+00,2.60E+01,1.81E+02
0,0,0,0,0,0,0.00E+00,0.00E+00,0.00E+00,0.00E+00,0.00E+00,-3.55561495053538,6.25E+00,0,1718,0.00E+00,0.00E+00,0.00E+00,0.00E+00,0.00E+00,0.00E+00,0.00E+00,0.00E+00,0.00E+00,0.00E+00,0.00E+00,0.00E+00,1.32E+01,1.77E+01,2.09E+02
0,0,0,0,0,0,0.00E+00,0.00E+00,0.00E+00,0.00E+00,0.00E+00,-0.483395912853728,1.59E+01,0,1721,0.00E+00,0.00E+00,0.00E+00,0.00E+00,0.00E+00,0.00E+00,0.00E+00,0.00E+00,0.00E+00,0.00E+00,0.00E+00,0.00E+00,1.27E+01,2.06E+01,2.23E+02
0,0,0,0,0,0,0.00E+00,0.00E+00,0.00E+00,0.00E+00,0.00E+00,-9.26230310279583,2.38E+01,0,1723,0.00E+00,0.00E+00,0.00E+00,0.00E+00,0.00E+00,0.00E+00,0.00E+00,0.00E+00,0.00E+00,0.00E+00,0.00E+00,0.00E+00,9.09E+00,2.35E+01,2.17E+02
0,0,0,0,0,0,0.00E+00,0.00E+00,0.00E+00,0.00E+00,0.00E+00,17.576033324002,3.28E+01,0,1726,0.00E+00,0.00E+00,0.00E+00,0.00E+00,0.00E+00,0.00E+00,0.00E+00,0.00E+00,0.00E+00,0.00E+00,0.00E+00,0.00E+00,3.50E+01,3.74E+01,1.76E+02
0,0,0,0,0,0,0.00E+00,0.00E+00,0.00E+00,0.00E+00,0.00E+00,0.437839411207563,2.06E+00,0,1729,0.00E+00,0.00E+00,0.00E+00,0.00E+00,0.00E+00,0.00E+00,0.00E+00,0.00E+00,0.00E+00,0.00E+00,0.00E+00,0.00E+00,2.63E+01,5.15E+01,1.28E+02
0.562087059020996,0.333733230829239,1.13372719287872,1.08702576160431,1.5315283536911,1.56785607337952,9.05E-01,7.89E-01,9.28E-01,8.97E-01,8.68E-01,-0.41912068017099,1.77E+01,0,1732,5.26E+02,2.76E+02,5.02E+02,2.77E+02,6.01E+02,2.64E+02,5.76E+02,2.00E+02,5.75E+02,2.59E+02,5.54E+02,2.45E+02,2.15E+00,4.64E+01,1.10E+02
0,0,0,0,0,0,0.00E+00,0.00E+00,0.00E+00,0.00E+00,0.00E+00,51.7411869265158,4.61E+01,0,1735,0.00E+00,0.00E+00,0.00E+00,0.00E+00,0.00E+00,0.00E+00,0.00E+00,0.00E+00,0.00E+00,0.00E+00,0.00E+00,0.00E+00,1.57E+01,2.49E+01,1.71E+02
0,0,0,0,0,0,0.00E+00,0.00E+00,0.00E+00,0.00E+00,0.00E+00,-10.5621565438142,5.08E+01,0,1737,0.00E+00,0.00E+00,0.00E+00,0.00E+00,0.00E+00,0.00E+00,0.00E+00,0.00E+00,0.00E+00,0.00E+00,0.00E+00,0.00E+00,3.66E+01,1.97E+01,2.27E+02
0,0,0,0,0,0,0.00E+00,0.00E+00,0.00E+00,0.00E+00,0.00E+00,-10.8477723961576,2.63E+01,0,1740,0.00E+00,0.00E+00,0.00E+00,0.00E+00,0.00E+00,0.00E+00,0.00E+00,0.00E+00,0.00E+00,0.00E+00,0.00E+00,0.00E+00,4.60E+00,3.37E+01,3.12E+02
0,0,0,0,0,0,0.00E+00,0.00E+00,0.00E+00,0.00E+00,0.00E+00,3.8426655097465,2.30E+01,0,1743,0.00E+00,0.00E+00,0.00E+00,0.00E+00,0.00E+00,0.00E+00,0.00E+00,0.00E+00,0.00E+00,0.00E+00,0.00E+00,0.00E+00,3.19E+00,2.12E+01,3.56E+02
0,0,0,0,0,0,0.00E+00,0.00E+00,0.00E+00,0.00E+00,0.00E+00,2.26039886104525,2.84E+00,0,1746,0.00E+00,0.00E+00,0.00E+00,0.00E+00,0.00E+00,0.00E+00,0.00E+00,0.00E+00,0.00E+00,0.00E+00,0.00E+00,0.00E+00,2.18E+01,2.23E+01,3.68E+02
0,0,0,0,0,0,0.00E+00,0.00E+00,0.00E+00,0.00E+00,0.00E+00,-3.22083644668266,3.10E+01,0,1749,0.00E+00,0.00E+00,0.00E+00,0.00E+00,0.00E+00,0.00E+00,0.00E+00,0.00E+00,0.00E+00,0.00E+00,0.00E+00,0.00E+00,2.19E+01,1.46E+01,3.26E+02
0,0,0,0,0,0,0.00E+00,0.00E+00,0.00E+00,0.00E+00,0.00E+00,1.62824146963611,4.22E+00,0,1751,0.00E+00,0.00E+00,0.00E+00,0.00E+00,0.00E+00,0.00E+00,0.00E+00,0.00E+00,0.00E+00,0.00E+00,0.00E+00,0.00E+00,2.75E+01,4.27E+00,2.96E+02
0,0,0,0,0,0,0.00E+00,0.00E+00,0.00E+00,0.00E+00,0.00E+00,-0.46664209616411,3.88E+01,0,1754,0.00E+00,0.00E+00,0.00E+00,0.00E+00,0.00E+00,0.00E+00,0.00E+00,0.00E+00,0.00E+00,0.00E+00,0.00E+00,0.00E+00,1.83E+01,8.53E+00,2.42E+02
0,0,0,0,0,0,0.00E+00,0.00E+00,0.00E+00,0.00E+00,0.00E+00,15.2519202616588,1.36E+01,0,1757,0.00E+00,0.00E+00,0.00E+00,0.00E+00,0.00E+00,0.00E+00,0.00E+00,0.00E+00,0.00E+00,0.00E+00,0.00E+00,0.00E+00,1.87E+01,1.37E+01,2.00E+02
0,0,0,0,0,0,0.00E+00,0.00E+00,0.00E+00,0.00E+00,0.00E+00,4.04246477155391,4.84E+00,0,1760,0.00E+00,0.00E+00,0.00E+00,0.00E+00,0.00E+00,0.00E+00,0.00E+00,0.00E+00,0.00E+00,0.00E+00,0.00E+00,0.00E+00,9.53E+00,3.10E+01,1.91E+02
0,0,0,0,0,0,0.00E+00,0.00E+00,0.00E+00,0.00E+00,0.00E+00,4.57188881911436,7.27E+00,0,1763,0.00E+00,0.00E+00,0.00E+00,0.00E+00,0.00E+00,0.00E+00,0.00E+00,0.00E+00,0.00E+00,0.00E+00,0.00E+00,0.00E+00,3.83E+00,2.20E+01,1.87E+02
0,0,0,0,0,0,0.00E+00,0.00E+00,0.00E+00,0.00E+00,0.00E+00,-3.92113789927678,3.99E+01,0,1765,0.00E+00,0.00E+00,0.00E+00,0.00E+00,0.00E+00,0.00E+00,0.00E+00,0.00E+00,0.00E+00,0.00E+00,0.00E+00,0.00E+00,1.53E+01,5.06E+00,1.90E+02
0,0,0,0,0,0,0.00E+00,0.00E+00,0.00E+00,0.00E+00,0.00E+00,6.35982736185108,8.38E+00,0,1768,0.00E+00,0.00E+00,0.00E+00,0.00E+00,0.00E+00,0.00E+00,0.00E+00,0.00E+00,0.00E+00,0.00E+00,0.00E+00,0.00E+00,2.29E+01,2.69E+01,1.80E+02
0,0,0,0,0,0,0.00E+00,0.00E+00,0.00E+00,0.00E+00,0.00E+00,21.0664644008975,2.87E+01,0,1771,0.00E+00,0.00E+00,0.00E+00,0.00E+00,0.00E+00,0.00E+00,0.00E+00,0.00E+00,0.00E+00,0.00E+00,0.00E+00,0.00E+00,6.47E+00,3.74E+01,1.64E+02
0,0,0,0,0,0,0.00E+00,0.00E+00,0.00E+00,0.00E+00,0.00E+00,-18.3118051675079,4.60E+01,0,1774,0.00E+00,0.00E+00,0.00E+00,0.00E+00,0.00E+00,0.00E+00,0.00E+00,0.00E+00,0.00E+00,0.00E+00,0.00E+00,0.00E+00,6.77E+00,2.79E+01,1.54E+02
0.502430737018585,0.349050790071487,0,0.98713606595993,0,1.1520870923996,7.34E-01,8.15E-01,8.67E-01,8.30E-01,8.12E-01,-7.56358239322849,3.89E+00,0,1777,5.28E+02,3.09E+02,5.00E+02,2.73E+02,0.00E+00,0.00E+00,4.69E+02,2.06E+02,0.00E+00,0.00E+00,4.93E+02,2.01E+02,1.74E+01,9.34E+00,1.42E+02
0,0,0,0,0,0,0.00E+00,0.00E+00,0.00E+00,0.00E+00,0.00E+00,9.34346016086899,1.30E+01,0,1779,0.00E+00,0.00E+00,0.00E+00,0.00E+00,0.00E+00,0.00E+00,0.00E+00,0.00E+00,0.00E+00,0.00E+00,0.00E+00,0.00E+00,5.33E+00,2.27E+00,1.36E+02
0,0,0,0,0,0,0.00E+00,0.00E+00,0.00E+00,0.00E+00,0.00E+00,-1.63333999500037,8.48E+00,0,1782,0.00E+00,0.00E+00,0.00E+00,0.00E+00,0.00E+00,0.00E+00,0.00E+00,0.00E+00,0.00E+00,0.00E+00,0.00E+00,0.00E+00,3.69E+00,9.25E-01,1.46E+02
0,0,0,0,0,0,0.00E+00,0.00E+00,0.00E+00,0.00E+00,0.00E+00,3.20313909448892,3.53E+00,0,1785,0.00E+00,0.00E+00,0.00E+00,0.00E+00,0.00E+00,0.00E+00,0.00E+00,0.00E+00,0.00E+00,0.00E+00,0.00E+00,0.00E+00,2.78E+00,4.69E+00,1.58E+02
0.565944671630859,0.308607906103134,1.2381865978241,1.15590441226959,1.42345380783081,1.1374591588974,8.05E-01,0.00E+00,8.85E-01,8.19E-01,7.90E-01,3.09351151592584,1.44E+00,0,1788,6.68E+02,6.77E+02,6.66E+02,6.29E+02,7.40E+02,5.61E+02,6.75E+02,5.26E+02,7.22E+02,5.77E+02,6.87E+02,5.71E+02,3.58E+00,3.34E+00,1.75E+02
0.613388478755951,0.323718249797821,1.18952023983002,1.16836261749268,1.35138630867004,0.940167844295502,8.92E-01,8.04E-01,9.30E-01,8.42E-01,8.03E-01,0.089315331238262,5.60E+00,0,1791,4.50E+02,2.42E+02,4.49E+02,2.23E+02,5.15E+02,1.72E+02,4.45E+02,1.21E+02,4.93E+02,1.78E+02,4.55E+02,1.71E+02,5.47E+00,4.15E+00,1.78E+02
0.555876731872559,0.308265507221222,1.21480143070221,0,1.28665947914124,1.09177243709564,8.82E-01,7.39E-01,9.01E-01,7.65E-01,7.90E-01,2.05463245921546,1.47E+01,0,1793,4.31E+02,1.36E+02,4.30E+02,8.00E+01,4.97E+02,2.68E+01,0.00E+00,0.00E+00,4.74E+02,3.57E+01,4.57E+02,2.37E+01,7.13E+00,2.87E+00,1.63E+02
0.717703342437744,0.428561568260193,1.08142924308777,1.10686051845551,1.12914574146271,1.05595970153809,9.14E-01,9.29E-01,0.00E+00,8.54E-01,8.37E-01,0.338574706721106,1.30E+00,0,1796,5.31E+02,3.10E+02,5.32E+02,3.29E+02,5.62E+02,2.39E+02,4.89E+02,2.33E+02,5.51E+02,2.62E+02,5.20E+02,2.63E+02,3.75E+00,6.37E+00,1.56E+02
0,0,0,0,0,0,0.00E+00,0.00E+00,0.00E+00,0.00E+00,0.00E+00,2.39896916980536,9.64E+00,0,1799,0.00E+00,0.00E+00,0.00E+00,0.00E+00,0.00E+00,0.00E+00,0.00E+00,0.00E+00,0.00E+00,0.00E+00,0.00E+00,0.00E+00,2.87E+00,5.18E+00,1.25E+02
0,0,0,0,0,0,0.00E+00,0.00E+00,0.00E+00,0.00E+00,0.00E+00,-2.56593183956843,1.94E+00,0,1802,0.00E+00,0.00E+00,0.00E+00,0.00E+00,0.00E+00,0.00E+00,0.00E+00,0.00E+00,0.00E+00,0.00E+00,0.00E+00,0.00E+00,1.39E+00,1.48E+00,1.04E+02
0,0,0,0,0,0,0.00E+00,0.00E+00,0.00E+00,0.00E+00,0.00E+00,-0.240857715440664,4.94E+00,0,1805,0.00E+00,0.00E+00,0.00E+00,0.00E+00,0.00E+00,0.00E+00,0.00E+00,0.00E+00,0.00E+00,0.00E+00,0.00E+00,0.00E+00,1.54E+00,3.29E-01,8.00E+01
0,0,0,0,0,0,0.00E+00,0.00E+00,0.00E+00,0.00E+00,0.00E+00,-1.93876892384261,5.23E+00,0,1807,0.00E+00,0.00E+00,0.00E+00,0.00E+00,0.00E+00,0.00E+00,0.00E+00,0.00E+00,0.00E+00,0.00E+00,0.00E+00,0.00E+00,2.77E+00,1.07E+00,7.26E+01
0.520438551902771,0.320078730583191,1.23466038703918,1.15620493888855,1.31362640857697,1.12533915042877,8.62E-01,7.73E-01,8.80E-01,7.99E-01,8.45E-01,0.721065316823777,1.51E+00,0,1810,2.17E+02,2.14E+02,2.47E+02,1.52E+02,3.56E+02,1.54E+02,3.36E+02,8.51E+01,3.26E+02,1.53E+02,3.11E+02,1.25E+02,3.46E+00,1.67E+00,5.73E+01
0.524608671665192,0.318447768688202,1.252556681633,1.34802782535553,0,0.962762594223022,8.10E-01,7.16E-01,8.56E-01,8.05E-01,8.12E-01,-2.96371283672617,9.87E+00,0,1813,4.32E+02,4.40E+01,4.13E+02,3.12E+01,5.01E+02,2.86E+01,4.79E+02,2.60E+01,0.00E+00,0.00E+00,4.55E+02,4.67E+00,6.64E+00,8.05E+00,4.30E+01
0,0,0,0,0,0,0.00E+00,0.00E+00,0.00E+00,0.00E+00,0.00E+00,24.1272922595632,1.72E+01,0,1816,0.00E+00,0.00E+00,0.00E+00,0.00E+00,0.00E+00,0.00E+00,0.00E+00,0.00E+00,0.00E+00,0.00E+00,0.00E+00,0.00E+00,7.61E+00,1.32E+01,3.66E+01
0,0,0,0,0,0,0.00E+00,0.00E+00,0.00E+00,0.00E+00,0.00E+00,4.4283824229371,2.32E+01,0,1819,0.00E+00,0.00E+00,0.00E+00,0.00E+00,0.00E+00,0.00E+00,0.00E+00,0.00E+00,0.00E+00,0.00E+00,0.00E+00,0.00E+00,1.30E+01,1.66E+01,4.46E+01
0,0,0,0,0,0,0.00E+00,0.00E+00,0.00E+00,0.00E+00,0.00E+00,10.0189111348504,2.46E+01,0,1821,0.00E+00,0.00E+00,0.00E+00,0.00E+00,0.00E+00,0.00E+00,0.00E+00,0.00E+00,0.00E+00,0.00E+00,0.00E+00,0.00E+00,3.14E+00,1.13E+01,5.05E+01
0.512518048286438,0.329787760972977,1.3693253993988,1.13630986213684,1.25787901878357,0.962368249893189,8.14E-01,7.61E-01,8.66E-01,7.61E-01,8.11E-01,3.05016526236205,1.30E+01,0,1824,1.97E+02,3.40E+02,1.92E+02,2.88E+02,2.90E+02,3.53E+02,2.94E+02,2.80E+02,2.68E+02,3.44E+02,2.57E+02,2.93E+02,1.25E+01,5.25E+00,6.52E+01
0,0,0,0,0,0,0.00E+00,0.00E+00,0.00E+00,0.00E+00,0.00E+00,-6.15397448997398,1.98E+00,0,1827,0.00E+00,0.00E+00,0.00E+00,0.00E+00,0.00E+00,0.00E+00,0.00E+00,0.00E+00,0.00E+00,0.00E+00,0.00E+00,0.00E+00,6.61E+00,2.19E+00,8.36E+01
0.462803333997726,0.294197291135788,1.20933949947357,0,0,1.06207251548767,7.91E-01,8.00E-01,8.37E-01,7.71E-01,8.00E-01,-15.7508250063778,6.51E+00,0,1830,7.14E+02,3.50E+02,6.95E+02,2.60E+02,7.73E+02,2.86E+02,0.00E+00,0.00E+00,0.00E+00,0.00E+00,7.56E+02,2.49E+02,6.64E+00,2.61E+00,9.61E+01
0,0,0,0,0,0,0.00E+00,0.00E+00,0.00E+00,0.00E+00,0.00E+00,0.487612525711127,7.20E+01,0,1833,0.00E+00,0.00E+00,0.00E+00,0.00E+00,0.00E+00,0.00E+00,0.00E+00,0.00E+00,0.00E+00,0.00E+00,0.00E+00,0.00E+00,2.36E+01,1.67E+01,1.14E+02
0.531135141849518,0.305946439504623,0,0,1.14627015590668,1.05704712867737,8.34E-01,7.48E-01,8.68E-01,7.31E-01,7.93E-01,3.25049171065298,6.05E+00,0,1835,6.51E+02,1.95E+02,6.32E+02,1.61E+02,0.00E+00,0.00E+00,0.00E+00,0.00E+00,7.10E+02,1.53E+02,6.89E+02,1.42E+02,3.70E+01,1.99E+01,1.23E+02
0.529898047447205,0.317101716995239,1.28175520896912,1.10376131534576,1.1034482717514,1.0225213766098,8.89E-01,8.91E-01,9.02E-01,8.04E-01,7.80E-01,-0.345728150412497,2.35E+00,0,1838,6.60E+02,2.06E+02,6.50E+02,2.16E+02,7.49E+02,2.00E+02,7.10E+02,1.51E+02,7.29E+02,2.00E+02,7.08E+02,1.91E+02,2.76E+00,4.25E+01,1.31E+02
0,0,0,0,0,0,0.00E+00,0.00E+00,0.00E+00,0.00E+00,0.00E+00,-0.977466779249205,3.82E+00,0,1841,0.00E+00,0.00E+00,0.00E+00,0.00E+00,0.00E+00,0.00E+00,0.00E+00,0.00E+00,0.00E+00,0.00E+00,0.00E+00,0.00E+00,1.22E+00,3.19E+01,1.50E+02
0,0,0,0,0,0,0.00E+00,0.00E+00,0.00E+00,0.00E+00,0.00E+00,6.1676275806849,3.45E+00,0,1844,0.00E+00,0.00E+00,0.00E+00,0.00E+00,0.00E+00,0.00E+00,0.00E+00,0.00E+00,0.00E+00,0.00E+00,0.00E+00,0.00E+00,5.91E+00,1.37E+01,1.74E+02
0,0,0,0,0,0,0.00E+00,0.00E+00,0.00E+00,0.00E+00,0.00E+00,-0.777830054841234,3.58E+00,0,1847,0.00E+00,0.00E+00,0.00E+00,0.00E+00,0.00E+00,0.00E+00,0.00E+00,0.00E+00,0.00E+00,0.00E+00,0.00E+00,0.00E+00,1.85E+00,7.32E+00,2.07E+02
0.50942873954773,0.291827201843262,1.36594486236572,1.10342872142792,1.11778807640076,1.05443322658539,8.22E-01,7.29E-01,8.40E-01,7.15E-01,7.92E-01,-4.17681649047797,7.24E+00,0,1849,6.35E+02,2.20E+02,5.92E+02,1.96E+02,6.71E+02,1.22E+02,6.06E+02,9.70E+01,6.52E+02,1.40E+02,6.21E+02,1.40E+02,2.88E+00,6.83E+00,2.34E+02
0.522096395492554,0.328220456838608,1.3434249162674,1.10115432739258,1.16327798366547,0.987647294998169,8.40E-01,7.77E-01,0.00E+00,8.12E-01,7.81E-01,-1.84508357892305,2.37E+00,0,1852,4.62E+02,5.69E+02,3.92E+02,5.55E+02,4.61E+02,4.82E+02,3.92E+02,4.51E+02,4.41E+02,5.01E+02,3.97E+02,4.88E+02,1.80E+00,4.22E+00,2.60E+02
0,0,0,0,0,0,0.00E+00,0.00E+00,0.00E+00,0.00E+00,0.00E+00,-2.74360521270038,2.64E+00,0,1855,0.00E+00,0.00E+00,0.00E+00,0.00E+00,0.00E+00,0.00E+00,0.00E+00,0.00E+00,0.00E+00,0.00E+00,0.00E+00,0.00E+00,3.17E+00,1.96E-01,2.85E+02
0,0,0,0,0,0,0.00E+00,0.00E+00,0.00E+00,0.00E+00,0.00E+00,-0.793528734103571,4.91E+00,0,1858,0.00E+00,0.00E+00,0.00E+00,0.00E+00,0.00E+00,0.00E+00,0.00E+00,0.00E+00,0.00E+00,0.00E+00,0.00E+00,0.00E+00,3.85E+00,3.97E+00,2.80E+02
0,0,0,0,0,0,0.00E+00,0.00E+00,0.00E+00,0.00E+00,0.00E+00,11.5722928700336,1.14E+01,0,1861,0.00E+00,0.00E+00,0.00E+00,0.00E+00,0.00E+00,0.00E+00,0.00E+00,0.00E+00,0.00E+00,0.00E+00,0.00E+00,0.00E+00,1.17E+01,3.52E+00,2.61E+02
0,0,0,0,0,0,0.00E+00,0.00E+00,0.00E+00,0.00E+00,0.00E+00,10.3370081448958,9.52E+00,0,1863,0.00E+00,0.00E+00,0.00E+00,0.00E+00,0.00E+00,0.00E+00,0.00E+00,0.00E+00,0.00E+00,0.00E+00,0.00E+00,0.00E+00,1.09E+01,8.76E+00,2.38E+02
0,0,0,0,0,0,0.00E+00,0.00E+00,0.00E+00,0.00E+00,0.00E+00,-0.5800808504563,5.53E+00,0,1866,0.00E+00,0.00E+00,0.00E+00,0.00E+00,0.00E+00,0.00E+00,0.00E+00,0.00E+00,0.00E+00,0.00E+00,0.00E+00,0.00E+00,6.54E+00,1.74E+01,1.88E+02
0,0,0,0,0,0,0.00E+00,0.00E+00,0.00E+00,0.00E+00,0.00E+00,0.585723997473746,3.91E+01,0,1869,0.00E+00,0.00E+00,0.00E+00,0.00E+00,0.00E+00,0.00E+00,0.00E+00,0.00E+00,0.00E+00,0.00E+00,0.00E+00,0.00E+00,1.83E+01,1.12E+01,1.48E+02
0,0,0,0,0,0,0.00E+00,0.00E+00,0.00E+00,0.00E+00,0.00E+00,-9.01145865593559,3.32E+00,0,1872,0.00E+00,0.00E+00,0.00E+00,0.00E+00,0.00E+00,0.00E+00,0.00E+00,0.00E+00,0.00E+00,0.00E+00,0.00E+00,0.00E+00,1.03E+01,1.34E+01,1.06E+02
0,0,0,0,0,0,0.00E+00,0.00E+00,0.00E+00,0.00E+00,0.00E+00,0.537069009488812,5.27E+00,1,1875,0.00E+00,0.00E+00,0.00E+00,0.00E+00,0.00E+00,0.00E+00,0.00E+00,0.00E+00,0.00E+00,0.00E+00,0.00E+00,0.00E+00,2.17E+00,1.62E+01,8.20E+01
0.509023070335388,0.28305396437645,1.3498854637146,1.05608177185059,1.14974617958069,0.995069086551666,7.07E-01,6.94E-01,8.58E-01,7.32E-01,7.87E-01,0.610128615356892,9.05E+00,1,1877,5.57E+02,9.30E+01,5.01E+02,1.68E+02,4.73E+02,5.95E+01,4.22E+02,1.05E+02,4.86E+02,8.21E+01,4.55E+02,1.29E+02,6.39E+00,8.84E+00,7.57E+01
0.485086351633072,0.282721102237701,1.33710885047913,1.09264922142029,1.11498057842255,0.991373896598816,8.60E-01,7.83E-01,8.52E-01,7.29E-01,8.10E-01,-2.21298092059841,7.55E+00,1,1880,5.35E+02,3.30E+02,4.95E+02,3.38E+02,4.65E+02,2.37E+02,4.08E+02,2.84E+02,4.73E+02,2.64E+02,4.50E+02,2.94E+02,2.33E+00,3.31E+00,6.93E+01
0.470990210771561,0.291442692279816,1.31107568740845,1.07970404624939,1.03510773181915,1.16037058830261,7.81E-01,7.51E-01,8.34E-01,7.06E-01,7.93E-01,-0.690608341484098,4.73E+00,1,1883,5.35E+02,3.77E+02,4.98E+02,4.21E+02,4.68E+02,3.27E+02,4.04E+02,3.76E+02,4.71E+02,3.53E+02,4.55E+02,3.78E+02,9.13E-01,3.26E+00,7.34E+01
0.560632348060608,0.293909013271332,1.31120002269745,1.06125831604004,1.05007183551788,1.13509333133698,8.08E-01,7.37E-01,8.48E-01,7.98E-01,8.18E-01,-0.375262906423589,3.81E+00,1,1886,5.47E+02,4.39E+02,5.18E+02,4.21E+02,4.87E+02,3.33E+02,4.25E+02,3.74E+02,4.90E+02,3.60E+02,4.74E+02,3.72E+02,3.47E+00,4.60E+00,7.35E+01
0,0,0,0,0,0,0.00E+00,0.00E+00,0.00E+00,0.00E+00,0.00E+00,2.21427373213174,5.85E+01,1,1889,0.00E+00,0.00E+00,0.00E+00,0.00E+00,0.00E+00,0.00E+00,0.00E+00,0.00E+00,0.00E+00,0.00E+00,0.00E+00,0.00E+00,2.61E+01,1.56E+01,7.28E+01
0,0,0,0,0,0,0.00E+00,0.00E+00,0.00E+00,0.00E+00,0.00E+00,1.84105114416563,7.92E+00,1,1891,0.00E+00,0.00E+00,0.00E+00,0.00E+00,0.00E+00,0.00E+00,0.00E+00,0.00E+00,0.00E+00,0.00E+00,0.00E+00,0.00E+00,1.87E+01,1.75E+01,7.14E+01
0.551483392715454,0.302117764949799,1.33459484577179,1.08442652225494,1.11353993415833,1.23990058898926,8.66E-01,7.68E-01,8.80E-01,8.00E-01,8.58E-01,-2.26798875979858,3.96E+00,1,1894,4.77E+02,5.37E+02,4.59E+02,5.55E+02,4.25E+02,4.67E+02,3.64E+02,5.14E+02,4.30E+02,4.91E+02,4.17E+02,5.19E+02,1.13E+01,2.30E+01,6.30E+01
0.514660716056824,0.324424266815186,1.29173421859741,1.07605266571045,1.10668361186981,1.36697566509247,8.34E-01,7.54E-01,8.80E-01,8.09E-01,8.15E-01,0.620415274877089,1.43E+01,1,1897,5.05E+02,5.11E+02,4.79E+02,5.46E+02,4.40E+02,4.53E+02,3.94E+02,5.05E+02,4.53E+02,4.80E+02,4.50E+02,5.07E+02,6.59E+00,1.65E-01,5.53E+01
0.614655554294586,0.307609170675278,1.22834348678589,1.0736358165741,1.11449992656708,1.28425455093384,8.29E-01,8.03E-01,8.81E-01,8.00E-01,8.67E-01,0.520551302071747,2.03E+00,1,1900,4.98E+02,4.71E+02,4.72E+02,5.26E+02,4.41E+02,4.39E+02,3.79E+02,4.91E+02,4.44E+02,4.64E+02,4.28E+02,4.96E+02,7.54E+00,1.52E+01,5.60E+01
0.622471332550049,0.302515357732773,1.30515503883362,1.04327344894409,1.13640737533569,1.43086612224579,8.82E-01,7.68E-01,9.07E-01,8.56E-01,9.10E-01,-0.100895636575494,1.02E+01,1,1903,6.35E+02,5.92E+02,5.77E+02,5.93E+02,5.32E+02,5.14E+02,4.72E+02,5.72E+02,5.36E+02,5.37E+02,5.18E+02,5.62E+02,6.33E+00,1.43E+01,7.12E+01
0.528764963150024,0.314153343439102,1.32328248023987,1.03914856910706,1.1676117181778,1.45498824119568,8.09E-01,7.56E-01,8.72E-01,8.37E-01,8.77E-01,-1.25092441005246,6.97E-01,1,1905,6.91E+02,6.03E+02,6.74E+02,6.31E+02,6.26E+02,5.56E+02,5.72E+02,6.28E+02,6.31E+02,5.76E+02,6.10E+02,6.08E+02,4.08E+00,1.27E+01,7.72E+01
0.574015974998474,0.284147799015045,1.27346992492676,1.07122230529785,1.15551042556763,1.50058245658875,8.68E-01,6.27E-01,9.18E-01,7.67E-01,9.09E-01,2.67608460504893,3.12E+00,1,1908,5.98E+02,5.94E+02,6.39E+02,5.86E+02,6.14E+02,5.10E+02,5.47E+02,5.65E+02,6.12E+02,5.31E+02,5.91E+02,5.46E+02,5.65E-01,9.00E+00,8.05E+01
0,0,0,0,0,0,0.00E+00,0.00E+00,0.00E+00,0.00E+00,0.00E+00,0.832477726739552,7.48E+00,1,1911,0.00E+00,0.00E+00,0.00E+00,0.00E+00,0.00E+00,0.00E+00,0.00E+00,0.00E+00,0.00E+00,0.00E+00,0.00E+00,0.00E+00,1.87E+00,4.13E+00,7.53E+01
0.592038512229919,0.286223948001862,1.26010954380035,1.10690629482269,1.25591945648193,1.53721415996552,8.17E-01,7.60E-01,9.17E-01,7.63E-01,8.84E-01,-0.091721124238395,4.19E+00,1,1914,4.33E+02,5.75E+02,3.95E+02,5.75E+02,3.44E+02,5.12E+02,2.94E+02,5.78E+02,3.50E+02,5.31E+02,3.33E+02,5.55E+02,3.58E+00,2.87E+00,6.30E+01
0.556331336498261,0.291682690382004,1.31190693378448,1.10874366760254,1.36744594573975,1.45451545715332,8.20E-01,7.71E-01,8.95E-01,7.76E-01,8.87E-01,0.834567894605457,1.65E+00,1,1917,4.23E+02,5.73E+02,3.85E+02,5.74E+02,3.53E+02,5.10E+02,2.91E+02,5.74E+02,3.55E+02,5.28E+02,3.29E+02,5.50E+02,1.18E+00,4.54E+00,6.64E+01
0.550879716873169,0.280276775360107,1.29018974304199,1.12453937530518,1.26934015750885,1.48029792308807,8.21E-01,7.89E-01,9.02E-01,7.61E-01,8.80E-01,0.14409333780221,1.45E-01,1,1919,4.40E+02,5.76E+02,3.97E+02,5.62E+02,3.63E+02,4.95E+02,3.05E+02,5.56E+02,3.65E+02,5.14E+02,3.42E+02,5.35E+02,6.23E-01,6.78E+00,7.70E+01
0.568808317184448,0.279386430978775,1.22073400020599,1.12625336647034,1.31162059307098,1.46494734287262,8.14E-01,8.29E-01,8.99E-01,7.55E-01,8.85E-01,-0.002218491186968,7.20E-01,1,1922,4.52E+02,5.74E+02,4.29E+02,5.65E+02,3.92E+02,5.00E+02,3.36E+02,5.53E+02,3.95E+02,5.19E+02,3.74E+02,5.39E+02,4.36E-01,3.38E+00,9.34E+01
0.605045199394226,0.284775108098984,1.29609167575836,1.14409816265106,1.34038054943085,1.4082498550415,8.84E-01,8.27E-01,9.06E-01,7.45E-01,8.81E-01,1.62906733132875,1.30E+00,1,1925,5.07E+02,5.82E+02,4.63E+02,5.67E+02,4.11E+02,5.05E+02,3.61E+02,5.54E+02,4.17E+02,5.23E+02,4.00E+02,5.43E+02,5.78E-01,3.56E-01,1.01E+02
0.610257983207703,0.290183544158936,1.28002440929413,1.15092372894287,1.41334903240204,1.36949300765991,8.75E-01,8.00E-01,8.96E-01,7.19E-01,8.62E-01,0.562483941477003,5.17E+00,1,1928,4.99E+02,5.80E+02,4.62E+02,5.68E+02,4.17E+02,5.17E+02,3.64E+02,5.67E+02,4.23E+02,5.35E+02,4.03E+02,5.53E+02,6.94E-01,3.18E-01,1.01E+02
0.593585193157196,0.284877568483353,1.27339696884155,1.11309003829956,1.29884648323059,1.38433253765106,8.83E-01,8.31E-01,9.28E-01,6.95E-01,8.66E-01,1.42070773118263,1.68E+00,1,1931,5.33E+02,5.83E+02,4.79E+02,5.68E+02,4.25E+02,5.12E+02,3.77E+02,5.55E+02,4.31E+02,5.28E+02,4.13E+02,5.47E+02,1.07E+00,7.89E-01,8.90E+01
0.603908479213715,0.294749170541763,1.24399185180664,1.14971661567688,1.42581021785736,1.34645187854767,8.76E-01,7.65E-01,8.84E-01,7.43E-01,8.52E-01,0.15891551700426,9.42E-01,1,1933,5.09E+02,5.83E+02,4.73E+02,5.71E+02,4.28E+02,5.24E+02,3.75E+02,5.72E+02,4.33E+02,5.39E+02,4.13E+02,5.59E+02,9.78E-01,2.30E-01,8.12E+01
0.615335047245026,0.293233096599579,1.24107885360718,1.16365110874176,1.48736977577209,1.39029347896576,8.58E-01,8.38E-01,8.74E-01,6.80E-01,8.43E-01,-0.130411605092062,6.71E-01,1,1936,5.20E+02,5.84E+02,4.84E+02,5.70E+02,4.33E+02,5.24E+02,3.83E+02,5.69E+02,4.39E+02,5.40E+02,4.23E+02,5.60E+02,9.20E-01,4.78E-01,6.24E+01
0.597464501857758,0.280318588018417,1.27241635322571,1.16237092018127,1.53497755527496,1.367147564888,8.63E-01,8.39E-01,8.80E-01,7.00E-01,8.31E-01,0.1775340227034,5.76E-01,1,1939,5.42E+02,5.86E+02,5.34E+02,5.76E+02,4.61E+02,5.37E+02,4.19E+02,5.66E+02,4.75E+02,5.53E+02,4.68E+02,5.66E+02,1.10E+00,4.08E-01,4.64E+01
0.625522792339325,0.291369378566742,1.23591697216034,1.11533093452454,1.48827397823334,1.38425934314728,8.99E-01,8.42E-01,8.96E-01,6.96E-01,8.05E-01,0.057656063343152,3.80E+00,1,1942,5.34E+02,5.86E+02,4.96E+02,5.71E+02,4.43E+02,5.28E+02,3.95E+02,5.65E+02,4.48E+02,5.43E+02,4.34E+02,5.60E+02,7.46E-01,8.21E-01,3.19E+01
0.630730509757996,0.28010168671608,1.23673033714294,1.18502426147461,1.5054714679718,1.26921534538269,8.96E-01,7.06E-01,8.98E-01,7.51E-01,8.60E-01,-0.886686969236277,1.65E+00,1,1945,5.60E+02,5.86E+02,5.24E+02,5.74E+02,4.53E+02,5.29E+02,4.11E+02,5.62E+02,4.61E+02,5.41E+02,4.53E+02,5.60E+02,1.44E+00,1.01E+00,1.98E+01
0.578852772712708,0.28158837556839,1.27872276306152,1.14922749996185,1.5657365322113,1.34670960903168,8.78E-01,8.37E-01,8.60E-01,6.46E-01,8.19E-01,0.267589187353767,1.04E+01,1,1947,5.82E+02,5.86E+02,5.20E+02,5.76E+02,4.48E+02,5.31E+02,4.06E+02,5.68E+02,4.61E+02,5.49E+02,4.48E+02,5.65E+02,2.91E+00,2.39E+00,1.23E+01
0.602344632148743,0.283895581960678,1.26208519935608,1.12534022331238,1.65130579471588,1.28130710124969,7.26E-01,8.15E-01,8.78E-01,8.08E-01,9.63E-01,0.009400909634112,3.64E+00,1,1950,6.05E+02,5.86E+02,5.32E+02,5.75E+02,4.60E+02,5.37E+02,4.18E+02,5.72E+02,4.73E+02,5.52E+02,4.58E+02,5.66E+02,5.45E+00,5.09E+00,7.35E+00
0.611492156982422,0.284703075885773,1.22514820098877,1.05710661411285,1.696617603302,1.29268419742584,8.96E-01,8.21E-01,8.87E-01,6.64E-01,8.34E-01,0.137724645904481,6.60E+00,1,1953,5.41E+02,5.87E+02,4.98E+02,5.71E+02,4.43E+02,5.29E+02,3.98E+02,5.73E+02,4.49E+02,5.44E+02,4.33E+02,5.61E+02,3.40E+00,7.89E+00,6.47E+00
0.611812710762024,0.279024064540863,1.2563910484314,1.11993753910065,1.68942379951477,1.25731563568115,8.98E-01,6.30E-01,8.83E-01,6.39E-01,8.24E-01,1.86089189998806,7.13E+00,0,1956,5.55E+02,5.86E+02,5.19E+02,5.72E+02,4.54E+02,5.31E+02,4.14E+02,5.69E+02,4.64E+02,5.46E+02,4.54E+02,5.61E+02,4.76E+00,7.96E+00,1.29E+01
0.600071787834168,0.277911722660065,1.25066065788269,1.13017189502716,1.61350750923157,1.35698282718658,9.13E-01,8.58E-01,8.89E-01,6.96E-01,8.16E-01,-56.6558127951964,5.12E+01,0,1959,5.10E+02,5.88E+02,5.02E+02,5.72E+02,4.43E+02,5.25E+02,4.01E+02,5.64E+02,4.51E+02,5.42E+02,4.38E+02,5.58E+02,1.60E+01,7.66E+00,1.75E+01
0.503135502338409,0.289220988750458,1.14256000518799,1.03038442134857,1.4832067489624,1.23105955123901,8.39E-01,8.64E-01,8.37E-01,6.11E-01,8.23E-01,-1.79440861814909,1.27E+01,0,1961,3.91E+02,5.71E+02,3.66E+02,5.60E+02,3.58E+02,4.89E+02,2.81E+02,5.42E+02,3.50E+02,5.09E+02,3.30E+02,5.23E+02,1.10E+01,9.99E+00,2.64E+01
0.500786602497101,0.31064435839653,1.14627909660339,1.02850902080536,1.48995232582092,1.2507758140564,7.93E-01,8.66E-01,8.22E-01,6.74E-01,8.63E-01,1.67036310606857,1.02E+01,0,1964,3.82E+02,5.89E+02,3.61E+02,5.93E+02,3.22E+02,5.28E+02,2.67E+02,6.02E+02,3.25E+02,5.45E+02,3.07E+02,5.75E+02,5.05E+00,1.02E+01,3.51E+01
0.560786068439484,0.305461972951889,1.17519891262054,1.06540584564209,1.67959427833557,1.20196759700775,8.76E-01,8.15E-01,8.97E-01,7.20E-01,8.72E-01,-0.079154464505357,1.25E+00,0,1967,3.63E+02,5.79E+02,3.16E+02,5.86E+02,2.80E+02,5.33E+02,2.33E+02,6.20E+02,2.79E+02,5.53E+02,2.64E+02,5.84E+02,2.21E+00,6.44E+00,4.70E+01
0.452355802059174,0.295067697763443,1.14082908630371,1.06718969345093,1.80149483680725,1.22205984592438,8.24E-01,8.23E-01,7.72E-01,6.80E-01,7.69E-01,-0.534957253789367,4.27E+00,0,1970,3.33E+02,5.70E+02,3.07E+02,5.94E+02,2.75E+02,5.24E+02,2.10E+02,6.04E+02,2.71E+02,5.42E+02,2.56E+02,5.79E+02,3.68E+00,1.77E+00,5.29E+01
0.474588096141815,0.330145359039307,1.16675293445587,1.05870842933655,1.79427063465118,0.952738642692566,7.75E-01,1.09E+00,8.03E-01,7.27E-01,7.90E-01,-0.847281201105098,1.74E+00,0,1973,3.37E+02,6.04E+02,3.20E+02,6.16E+02,2.77E+02,5.60E+02,2.24E+02,6.49E+02,2.79E+02,5.79E+02,2.67E+02,6.27E+02,4.58E+00,7.87E+00,5.57E+01
0.568933248519897,0.301721304655075,1.16189312934875,1.06338906288147,1.73646950721741,1.18315970897675,8.74E-01,7.48E-01,8.79E-01,6.88E-01,8.34E-01,0.656614659123784,4.21E+00,0,1975,4.47E+02,5.80E+02,4.02E+02,5.87E+02,3.69E+02,5.34E+02,3.13E+02,6.03E+02,3.71E+02,5.51E+02,3.47E+02,5.73E+02,2.57E+00,8.59E+00,5.64E+01
0.563131034374237,0.289014309644699,1.20888018608093,1.10162353515625,1.96334683895111,1.2135101556778,8.40E-01,7.85E-01,8.55E-01,6.67E-01,8.26E-01,0.350366822532963,4.18E+00,0,1978,4.97E+02,5.83E+02,4.61E+02,5.78E+02,4.10E+02,5.30E+02,3.69E+02,5.99E+02,4.15E+02,5.47E+02,4.01E+02,5.68E+02,1.10E+01,1.25E+01,5.14E+01
0.620271444320679,0.280115365982056,1.22066247463226,1.36685037612915,1.91689777374268,1.24633431434631,8.80E-01,8.31E-01,8.45E-01,6.24E-01,8.06E-01,0.188017975316866,1.60E+00,0,1981,5.93E+02,5.81E+02,5.50E+02,5.78E+02,4.69E+02,5.46E+02,4.25E+02,5.89E+02,4.88E+02,5.59E+02,4.72E+02,5.71E+02,6.68E-01,1.48E+01,4.06E+01
0.615478515625,0.272765666246414,1.18261957168579,1.12362778186798,1.8636486530304,1.13183569908142,8.90E-01,8.47E-01,8.56E-01,7.10E-01,8.33E-01,0.745618405673731,5.00E+00,0,1984,5.96E+02,5.82E+02,5.69E+02,5.77E+02,4.86E+02,5.47E+02,4.45E+02,5.81E+02,5.04E+02,5.60E+02,4.94E+02,5.72E+02,1.79E+00,1.19E+01,2.25E+01
0.520571887493134,0.342683285474777,1.12816905975342,1.0353376865387,1.71980702877045,1.0269763469696,8.51E-01,6.78E-01,8.15E-01,7.68E-01,7.71E-01,0.494415713971489,1.60E+00,0,1987,3.55E+02,5.98E+02,3.86E+02,6.16E+02,3.40E+02,5.82E+02,2.91E+02,6.68E+02,3.46E+02,5.99E+02,3.41E+02,6.45E+02,2.59E+00,7.55E+00,2.34E+01
0.556024849414825,0.351905852556229,1.17289972305298,0.964331686496735,1.55978322029114,1.03089332580566,8.64E-01,7.64E-01,8.48E-01,7.51E-01,8.70E-01,0.036497185892472,3.45E+00,0,1989,2.74E+02,6.77E+02,2.13E+02,7.00E+02,1.52E+02,6.44E+02,1.14E+02,7.28E+02,1.57E+02,6.67E+02,1.53E+02,6.98E+02,6.10E-01,3.60E+00,4.18E+01
0,0,0,0,0,0,0.00E+00,0.00E+00,0.00E+00,0.00E+00,0.00E+00,-0.768519042841327,3.28E+00,0,1992,0.00E+00,0.00E+00,0.00E+00,0.00E+00,0.00E+00,0.00E+00,0.00E+00,0.00E+00,0.00E+00,0.00E+00,0.00E+00,0.00E+00,5.66E+00,2.60E+00,7.01E+01
0.495056211948395,0.391999512910843,1.18841850757599,0,1.50863361358643,0,9.00E-01,8.08E-01,8.19E-01,7.32E-01,8.21E-01,1.7071524914251,7.25E+00,0,1995,2.32E+02,7.60E+02,2.25E+02,7.75E+02,1.55E+02,7.43E+02,0.00E+00,0.00E+00,1.65E+02,7.63E+02,0.00E+00,0.00E+00,8.19E-01,5.55E+00,9.07E+01
0,0,0,0,0,0,0.00E+00,0.00E+00,0.00E+00,0.00E+00,0.00E+00,-1.96729555423348,3.49E+00,0,1998,0.00E+00,0.00E+00,0.00E+00,0.00E+00,0.00E+00,0.00E+00,0.00E+00,0.00E+00,0.00E+00,0.00E+00,0.00E+00,0.00E+00,4.37E+00,4.27E+00,9.87E+01
0,0,0,0,0,0,0.00E+00,0.00E+00,0.00E+00,0.00E+00,0.00E+00,12.5097033314473,1.37E+01,0,2001,0.00E+00,0.00E+00,0.00E+00,0.00E+00,0.00E+00,0.00E+00,0.00E+00,0.00E+00,0.00E+00,0.00E+00,0.00E+00,0.00E+00,2.94E+00,3.30E+00,9.29E+01
0,0,0,0,0,0,0.00E+00,0.00E+00,0.00E+00,0.00E+00,0.00E+00,21.7268474559544,8.41E+00,0,2003,0.00E+00,0.00E+00,0.00E+00,0.00E+00,0.00E+00,0.00E+00,0.00E+00,0.00E+00,0.00E+00,0.00E+00,0.00E+00,0.00E+00,2.49E+00,2.82E+00,8.12E+01
0,0,0,0,0,0,0.00E+00,0.00E+00,0.00E+00,0.00E+00,0.00E+00,-1.36123277670826,1.54E+01,0,2006,0.00E+00,0.00E+00,0.00E+00,0.00E+00,0.00E+00,0.00E+00,0.00E+00,0.00E+00,0.00E+00,0.00E+00,0.00E+00,0.00E+00,2.77E+00,3.64E+00,5.63E+01
0,0,0,0,0,0,0.00E+00,0.00E+00,0.00E+00,0.00E+00,0.00E+00,2.4814478349555,2.65E+01,0,2009,0.00E+00,0.00E+00,0.00E+00,0.00E+00,0.00E+00,0.00E+00,0.00E+00,0.00E+00,0.00E+00,0.00E+00,0.00E+00,0.00E+00,2.21E+00,3.00E+00,2.72E+01
0,0,0,0,0,0,0.00E+00,0.00E+00,0.00E+00,0.00E+00,0.00E+00,-2.44833000035692,2.02E+01,0,2012,0.00E+00,0.00E+00,0.00E+00,0.00E+00,0.00E+00,0.00E+00,0.00E+00,0.00E+00,0.00E+00,0.00E+00,0.00E+00,0.00E+00,1.29E+01,8.03E+00,8.17E+00
0,0,0,0,0,0,0.00E+00,0.00E+00,0.00E+00,0.00E+00,0.00E+00,30.9649159792807,2.57E+01,0,2015,0.00E+00,0.00E+00,0.00E+00,0.00E+00,0.00E+00,0.00E+00,0.00E+00,0.00E+00,0.00E+00,0.00E+00,0.00E+00,0.00E+00,1.50E+01,7.01E+00,2.14E+01
0,0,0,0,0,0,0.00E+00,0.00E+00,0.00E+00,0.00E+00,0.00E+00,14.2913534477135,8.38E+00,0,2017,0.00E+00,0.00E+00,0.00E+00,0.00E+00,0.00E+00,0.00E+00,0.00E+00,0.00E+00,0.00E+00,0.00E+00,0.00E+00,0.00E+00,2.24E+01,1.64E+01,3.14E+01
0,0,0,0,0,0,0.00E+00,0.00E+00,0.00E+00,0.00E+00,0.00E+00,-1.68856653523727,1.49E+01,0,2020,0.00E+00,0.00E+00,0.00E+00,0.00E+00,0.00E+00,0.00E+00,0.00E+00,0.00E+00,0.00E+00,0.00E+00,0.00E+00,0.00E+00,1.51E+01,2.38E+01,3.39E+01
0,0,0,0,0,0,0.00E+00,0.00E+00,0.00E+00,0.00E+00,0.00E+00,-6.43429311666915,8.53E+00,0,2023,0.00E+00,0.00E+00,0.00E+00,0.00E+00,0.00E+00,0.00E+00,0.00E+00,0.00E+00,0.00E+00,0.00E+00,0.00E+00,0.00E+00,5.37E+00,2.03E+01,3.61E+01
0,0,0,0,0,0,0.00E+00,0.00E+00,0.00E+00,0.00E+00,0.00E+00,-16.8835770709162,1.08E+01,0,2026,0.00E+00,0.00E+00,0.00E+00,0.00E+00,0.00E+00,0.00E+00,0.00E+00,0.00E+00,0.00E+00,0.00E+00,0.00E+00,0.00E+00,4.24E+00,1.85E+01,4.67E+01
0,0,0,0,0,0,0.00E+00,0.00E+00,0.00E+00,0.00E+00,0.00E+00,16.7077665143194,1.06E+01,0,2029,0.00E+00,0.00E+00,0.00E+00,0.00E+00,0.00E+00,0.00E+00,0.00E+00,0.00E+00,0.00E+00,0.00E+00,0.00E+00,0.00E+00,8.41E+00,4.52E+00,7.40E+01
0,0,0,0,0,0,0.00E+00,0.00E+00,0.00E+00,0.00E+00,0.00E+00,6.33479165359616,9.38E+00,0,2031,0.00E+00,0.00E+00,0.00E+00,0.00E+00,0.00E+00,0.00E+00,0.00E+00,0.00E+00,0.00E+00,0.00E+00,0.00E+00,0.00E+00,9.06E+00,6.20E+00,9.75E+01
0,0,0,0,0,0,0.00E+00,0.00E+00,0.00E+00,0.00E+00,0.00E+00,-5.83533561705311,5.72E+00,0,2034,0.00E+00,0.00E+00,0.00E+00,0.00E+00,0.00E+00,0.00E+00,0.00E+00,0.00E+00,0.00E+00,0.00E+00,0.00E+00,0.00E+00,7.92E+00,1.11E+01,1.23E+02
0,0,0,0,0,0,0.00E+00,0.00E+00,0.00E+00,0.00E+00,0.00E+00,-3.42402712036407,7.43E+00,0,2037,0.00E+00,0.00E+00,0.00E+00,0.00E+00,0.00E+00,0.00E+00,0.00E+00,0.00E+00,0.00E+00,0.00E+00,0.00E+00,0.00E+00,5.88E+00,1.48E+01,1.41E+02
0,0,0,0,0,0,0.00E+00,0.00E+00,0.00E+00,0.00E+00,0.00E+00,5.33400275410406,1.92E+01,0,2040,0.00E+00,0.00E+00,0.00E+00,0.00E+00,0.00E+00,0.00E+00,0.00E+00,0.00E+00,0.00E+00,0.00E+00,0.00E+00,0.00E+00,1.26E+01,1.92E+01,1.31E+02
0,0,0,0,0,0,0.00E+00,0.00E+00,0.00E+00,0.00E+00,0.00E+00,-11.8104680199898,1.77E+01,0,2043,0.00E+00,0.00E+00,0.00E+00,0.00E+00,0.00E+00,0.00E+00,0.00E+00,0.00E+00,0.00E+00,0.00E+00,0.00E+00,0.00E+00,1.09E+01,2.02E+01,9.94E+01
0,0,0,0,0,0,0.00E+00,0.00E+00,0.00E+00,0.00E+00,0.00E+00,-14.6162570359766,8.82E+00,0,2045,0.00E+00,0.00E+00,0.00E+00,0.00E+00,0.00E+00,0.00E+00,0.00E+00,0.00E+00,0.00E+00,0.00E+00,0.00E+00,0.00E+00,7.55E+00,1.98E+01,7.04E+01
0,0,0,0,0,0,0.00E+00,0.00E+00,0.00E+00,0.00E+00,0.00E+00,-3.27679848628534,1.52E+01,0,2048,0.00E+00,0.00E+00,0.00E+00,0.00E+00,0.00E+00,0.00E+00,0.00E+00,0.00E+00,0.00E+00,0.00E+00,0.00E+00,0.00E+00,2.26E+01,2.80E+01,1.44E+01
0,0,0,0,0,0,0.00E+00,0.00E+00,0.00E+00,0.00E+00,0.00E+00,0.812130420249195,2.04E+01,0,2051,0.00E+00,0.00E+00,0.00E+00,0.00E+00,0.00E+00,0.00E+00,0.00E+00,0.00E+00,0.00E+00,0.00E+00,0.00E+00,0.00E+00,1.47E+00,2.73E+01,7.61E+01
0,0,0,0,0,0,0.00E+00,0.00E+00,0.00E+00,0.00E+00,0.00E+00,6.91666596140218,5.30E+00,0,2054,0.00E+00,0.00E+00,0.00E+00,0.00E+00,0.00E+00,0.00E+00,0.00E+00,0.00E+00,0.00E+00,0.00E+00,0.00E+00,0.00E+00,2.85E+00,1.92E+01,1.52E+02
0,0,0,0,0,0,0.00E+00,0.00E+00,0.00E+00,0.00E+00,0.00E+00,11.109052784665,6.26E+00,0,2057,0.00E+00,0.00E+00,0.00E+00,0.00E+00,0.00E+00,0.00E+00,0.00E+00,0.00E+00,0.00E+00,0.00E+00,0.00E+00,0.00E+00,9.24E+00,1.88E+01,2.14E+02
0,0,0,0,0,0,0.00E+00,0.00E+00,0.00E+00,0.00E+00,0.00E+00,3.99009424458337,4.53E+00,0,2059,0.00E+00,0.00E+00,0.00E+00,0.00E+00,0.00E+00,0.00E+00,0.00E+00,0.00E+00,0.00E+00,0.00E+00,0.00E+00,0.00E+00,6.45E+00,1.62E+01,2.44E+02
0,0,0,0,0,0,0.00E+00,0.00E+00,0.00E+00,0.00E+00,0.00E+00,-2.04132994189054,1.02E+00,0,2062,0.00E+00,0.00E+00,0.00E+00,0.00E+00,0.00E+00,0.00E+00,0.00E+00,0.00E+00,0.00E+00,0.00E+00,0.00E+00,0.00E+00,3.92E+00,5.11E+00,2.76E+02
0.452487707138062,0.31254318356514,1.31904113292694,1.07017922401428,1.64045333862305,1.02801322937012,8.41E-01,7.91E-01,8.04E-01,7.60E-01,7.92E-01,-3.57091593333918,8.54E+00,0,2065,2.51E+02,3.65E+02,2.22E+02,3.28E+02,3.20E+02,3.21E+02,2.99E+02,2.46E+02,2.94E+02,3.18E+02,2.72E+02,2.90E+02,2.26E+00,5.93E+00,2.77E+02
0.475326359272003,0.30516853928566,1.31991803646088,1.06466484069824,1.6205530166626,0.95917671918869,8.56E-01,7.94E-01,8.01E-01,7.55E-01,7.93E-01,0.8932746999033,2.53E+00,0,2068,2.34E+02,3.95E+02,2.12E+02,3.51E+02,3.11E+02,3.32E+02,2.85E+02,2.60E+02,2.84E+02,3.31E+02,2.58E+02,3.04E+02,2.40E+00,9.00E+00,2.64E+02
0.582334160804749,0.305687189102173,1.31331360340118,1.0644154548645,1.63797068595886,0.922508776187897,7.74E-01,7.87E-01,8.84E-01,7.02E-01,8.00E-01,0.740660919267791,2.36E+00,0,2071,2.70E+02,3.45E+02,2.27E+02,3.38E+02,3.12E+02,3.20E+02,2.90E+02,2.52E+02,2.90E+02,3.21E+02,2.59E+02,2.97E+02,2.61E+00,3.62E+00,2.29E+02
0.537310302257538,0.300891101360321,1.31385946273804,1.07199311256409,1.65144979953766,0.939221203327179,8.40E-01,7.12E-01,8.44E-01,7.30E-01,8.16E-01,0.484854830533274,1.70E+00,0,2073,2.94E+02,3.14E+02,2.83E+02,2.92E+02,3.77E+02,2.77E+02,3.54E+02,2.00E+02,3.54E+02,2.73E+02,3.25E+02,2.45E+02,1.94E+00,1.29E+00,2.03E+02
0.481217592954636,0.305669605731964,1.31566572189331,1.05719327926636,1.52846789360046,1.06780099868774,8.39E-01,7.70E-01,8.46E-01,8.18E-01,8.13E-01,1.2263978582843,1.22E+00,0,2076,3.52E+02,2.88E+02,2.99E+02,2.69E+02,3.88E+02,2.76E+02,3.81E+02,1.89E+02,3.69E+02,2.63E+02,3.61E+02,2.33E+02,2.05E+00,3.76E+00,1.60E+02
0,0,0,0,0,0,0.00E+00,0.00E+00,0.00E+00,0.00E+00,0.00E+00,21.0041666307764,8.03E+00,0,2079,0.00E+00,0.00E+00,0.00E+00,0.00E+00,0.00E+00,0.00E+00,0.00E+00,0.00E+00,0.00E+00,0.00E+00,0.00E+00,0.00E+00,7.26E+00,6.49E+00,1.12E+02
0,0,0,0,0,0,0.00E+00,0.00E+00,0.00E+00,0.00E+00,0.00E+00,-15.7143775777711,3.98E+01,0,2082,0.00E+00,0.00E+00,0.00E+00,0.00E+00,0.00E+00,0.00E+00,0.00E+00,0.00E+00,0.00E+00,0.00E+00,0.00E+00,0.00E+00,1.88E+01,1.19E+01,6.90E+01
0,0,0,0,0,0,0.00E+00,0.00E+00,0.00E+00,0.00E+00,0.00E+00,3.66177795680732,5.52E+00,0,2085,0.00E+00,0.00E+00,0.00E+00,0.00E+00,0.00E+00,0.00E+00,0.00E+00,0.00E+00,0.00E+00,0.00E+00,0.00E+00,0.00E+00,1.15E+01,1.98E+01,3.06E+01
0,0,0,0,0,0,0.00E+00,0.00E+00,0.00E+00,0.00E+00,0.00E+00,0.130945955227565,2.78E+00,0,2087,0.00E+00,0.00E+00,0.00E+00,0.00E+00,0.00E+00,0.00E+00,0.00E+00,0.00E+00,0.00E+00,0.00E+00,0.00E+00,0.00E+00,5.40E+00,2.04E+01,1.47E+01
0,0,0,0,0,0,0.00E+00,0.00E+00,0.00E+00,0.00E+00,0.00E+00,-1.47672821709915,5.38E+00,0,2090,0.00E+00,0.00E+00,0.00E+00,0.00E+00,0.00E+00,0.00E+00,0.00E+00,0.00E+00,0.00E+00,0.00E+00,0.00E+00,0.00E+00,4.01E+00,1.03E+01,3.53E+01
0,0,0,0,0,0,0.00E+00,0.00E+00,0.00E+00,0.00E+00,0.00E+00,-1.96701203502781,1.12E+01,0,2093,0.00E+00,0.00E+00,0.00E+00,0.00E+00,0.00E+00,0.00E+00,0.00E+00,0.00E+00,0.00E+00,0.00E+00,0.00E+00,0.00E+00,5.06E+00,1.02E+01,6.82E+01
0,0,0,0,0,0,0.00E+00,0.00E+00,0.00E+00,0.00E+00,0.00E+00,-2.36149602438872,7.09E+00,0,2096,0.00E+00,0.00E+00,0.00E+00,0.00E+00,0.00E+00,0.00E+00,0.00E+00,0.00E+00,0.00E+00,0.00E+00,0.00E+00,0.00E+00,4.41E+00,6.35E+00,9.42E+01
0,0,0,0,0,0,0.00E+00,0.00E+00,0.00E+00,0.00E+00,0.00E+00,-3.56126512910315,3.10E+00,0,2099,0.00E+00,0.00E+00,0.00E+00,0.00E+00,0.00E+00,0.00E+00,0.00E+00,0.00E+00,0.00E+00,0.00E+00,0.00E+00,0.00E+00,2.38E+00,4.33E+00,1.10E+02
0,0,0,0,0,0,0.00E+00,0.00E+00,0.00E+00,0.00E+00,0.00E+00,12.2862584146822,4.66E+00,0,2101,0.00E+00,0.00E+00,0.00E+00,0.00E+00,0.00E+00,0.00E+00,0.00E+00,0.00E+00,0.00E+00,0.00E+00,0.00E+00,0.00E+00,1.97E+00,1.99E+00,1.16E+02
0.567159771919251,0.290373206138611,1.33420443534851,1.0377037525177,1.49743402004242,1.01829159259796,8.57E-01,6.00E-01,8.88E-01,7.87E-01,8.53E-01,0.925343651548441,1.19E+00,0,2104,5.68E+02,2.02E+02,5.28E+02,2.43E+02,4.69E+02,1.86E+02,4.38E+02,2.64E+02,4.81E+02,2.06E+02,4.71E+02,2.36E+02,2.48E+00,3.06E+00,1.14E+02
0,0,0,0,0,0,0.00E+00,0.00E+00,0.00E+00,0.00E+00,0.00E+00,2.94437802245919,5.54E+00,0,2107,0.00E+00,0.00E+00,0.00E+00,0.00E+00,0.00E+00,0.00E+00,0.00E+00,0.00E+00,0.00E+00,0.00E+00,0.00E+00,0.00E+00,4.30E+00,6.79E+00,9.84E+01
0.567843019962311,0.293136715888977,1.2515515089035,1.05783426761627,1.38371098041534,1.01949238777161,8.45E-01,7.37E-01,8.56E-01,7.78E-01,8.87E-01,-0.044199462816443,1.56E+00,0,2110,4.17E+02,3.56E+02,4.14E+02,3.82E+02,3.59E+02,3.23E+02,3.16E+02,3.91E+02,3.70E+02,3.40E+02,3.52E+02,3.66E+02,2.60E+00,6.69E+00,7.50E+01
0.489139914512634,0.28567111492157,1.26092422008514,1.03878855705261,1.43562614917755,1.14390242099762,8.09E-01,7.46E-01,8.24E-01,7.99E-01,7.97E-01,0.364372873441527,9.89E-01,0,2113,3.24E+02,3.36E+02,2.70E+02,3.70E+02,2.24E+02,2.95E+02,1.70E+02,3.74E+02,2.25E+02,3.18E+02,2.13E+02,3.54E+02,1.46E+00,1.89E+00,5.02E+01
0,0,0,0,0,0,0.00E+00,0.00E+00,0.00E+00,0.00E+00,0.00E+00,-1.78852713563378,1.47E+00,1,2115,0.00E+00,0.00E+00,0.00E+00,0.00E+00,0.00E+00,0.00E+00,0.00E+00,0.00E+00,0.00E+00,0.00E+00,0.00E+00,0.00E+00,7.50E-01,2.05E+00,3.26E+01
0,0,0,0,0,0,0.00E+00,0.00E+00,0.00E+00,0.00E+00,0.00E+00,-6.88467303964473,6.20E+00,1,2118,0.00E+00,0.00E+00,0.00E+00,0.00E+00,0.00E+00,0.00E+00,0.00E+00,0.00E+00,0.00E+00,0.00E+00,0.00E+00,0.00E+00,6.10E+00,1.80E+00,1.03E+01
0.615956604480743,0.349319875240326,1.09494161605835,0.974473357200623,1.18768918514252,1.0412849187851,8.53E-01,7.46E-01,8.75E-01,7.93E-01,8.46E-01,5.4965481640673,1.46E+00,1,2121,1.50E+02,1.54E+02,1.23E+02,1.91E+02,3.20E+01,1.36E+02,2.18E+01,2.45E+02,5.80E+01,1.57E+02,6.04E+01,2.12E+02,1.28E+00,4.92E+00,9.68E+00
0.645741641521454,0.326724588871002,0,0,1.2691296339035,0,8.77E-01,7.87E-01,8.51E-01,8.11E-01,8.35E-01,3.62601613270481,2.09E+00,1,2124,1.24E+02,1.67E+02,1.31E+02,1.89E+02,0.00E+00,0.00E+00,0.00E+00,0.00E+00,7.72E+01,1.44E+02,0.00E+00,0.00E+00,1.57E+00,3.94E+00,1.65E+01
0.571896076202393,0.289170980453491,1.29408061504364,1.02315592765808,1.33702301979065,1.13033831119537,8.20E-01,7.21E-01,8.76E-01,7.96E-01,8.20E-01,-1.84364565682629,5.76E+00,1,2127,3.30E+02,2.29E+02,2.93E+02,1.97E+02,2.61E+02,1.11E+02,2.02E+02,1.48E+02,2.69E+02,1.35E+02,2.48E+02,1.54E+02,4.25E+00,3.22E+00,2.19E+01
0.567238509654999,0.279943078756332,1.30064368247986,1.04595565795898,1.39417624473572,1.25239145755768,8.29E-01,5.85E-01,8.64E-01,7.47E-01,7.80E-01,2.23800159724411,2.17E+01,1,2129,3.42E+02,2.61E+02,3.16E+02,2.49E+02,3.24E+02,1.56E+02,2.55E+02,1.64E+02,3.23E+02,1.81E+02,3.00E+02,1.96E+02,9.86E+00,4.43E+00,1.98E+01
0.562833964824677,0.275853037834167,1.27423548698425,1.05741500854492,1.35802066326141,1.37528312206268,8.16E-01,6.77E-01,8.55E-01,7.60E-01,8.37E-01,0.5762451137408,4.49E+00,1,2132,3.42E+02,4.21E+02,3.53E+02,3.66E+02,3.93E+02,2.81E+02,3.24E+02,2.63E+02,3.82E+02,3.03E+02,3.60E+02,3.04E+02,9.50E+00,1.26E+01,2.15E+01
0.547072350978851,0.292499274015427,1.30440890789032,1.05603516101837,1.38826251029968,1.27965939044952,8.31E-01,7.28E-01,8.22E-01,7.77E-01,8.05E-01,-5.27468040044686,5.07E+00,1,2135,3.12E+02,4.52E+02,2.74E+02,4.49E+02,3.51E+02,3.84E+02,2.77E+02,3.49E+02,3.32E+02,4.00E+02,2.90E+02,3.98E+02,2.95E+00,1.48E+01,2.98E+01
0.574163913726807,0.335679680109024,1.24000918865204,1.03406035900116,1.46440422534943,0.950259268283844,7.77E-01,7.34E-01,8.79E-01,7.57E-01,8.13E-01,0.719726136350673,9.61E-01,1,2138,2.38E+02,4.32E+02,1.79E+02,4.53E+02,2.28E+02,4.18E+02,1.87E+02,3.56E+02,2.21E+02,4.21E+02,1.82E+02,4.07E+02,1.11E+00,9.18E+00,4.64E+01
0,0,0,0,0,0,0.00E+00,0.00E+00,0.00E+00,0.00E+00,0.00E+00,-0.299143293279515,1.34E+00,1,2141,0.00E+00,0.00E+00,0.00E+00,0.00E+00,0.00E+00,0.00E+00,0.00E+00,0.00E+00,0.00E+00,0.00E+00,0.00E+00,0.00E+00,8.96E+00,7.23E+00,6.85E+01
0,0,0,0,0,0,0.00E+00,0.00E+00,0.00E+00,0.00E+00,0.00E+00,0.618091406491392,3.82E+00,1,2143,0.00E+00,0.00E+00,0.00E+00,0.00E+00,0.00E+00,0.00E+00,0.00E+00,0.00E+00,0.00E+00,0.00E+00,0.00E+00,0.00E+00,9.77E+00,1.17E+01,8.42E+01
0.610286295413971,0.336734682321548,1.1334400177002,1.00105369091034,1.34852254390717,1.2214480638504,8.17E-01,7.00E-01,8.61E-01,8.12E-01,7.61E-01,1.14113642575204,3.95E+00,1,2146,2.44E+02,2.67E+02,2.09E+02,2.38E+02,2.38E+02,1.72E+02,1.75E+02,1.45E+02,2.33E+02,1.88E+02,1.97E+02,1.98E+02,3.19E+00,1.37E+01,1.05E+02
0.591397881507874,0.307254880666733,1.2512948513031,1.04990720748901,1.4092116355896,1.23096251487732,8.00E-01,7.19E-01,8.52E-01,7.41E-01,7.37E-01,-6.09811013304123,1.83E+01,1,2149,2.51E+02,3.47E+02,2.25E+02,3.10E+02,2.68E+02,2.48E+02,1.98E+02,2.20E+02,2.56E+02,2.60E+02,2.22E+02,2.66E+02,6.23E+00,1.23E+01,1.26E+02
0.581738829612732,0.329670339822769,1.21563792228699,1.05744123458862,1.28194308280945,1.03783750534058,8.87E-01,8.02E-01,7.94E-01,8.15E-01,8.25E-01,-6.82624734597139,3.74E+00,1,2152,1.60E+02,4.60E+02,1.39E+02,4.02E+02,2.10E+02,3.46E+02,1.41E+02,3.00E+02,1.86E+02,3.57E+02,1.43E+02,3.49E+02,6.34E-01,5.76E+00,1.38E+02
0,0,0,0,0,0,0.00E+00,0.00E+00,0.00E+00,0.00E+00,0.00E+00,-2.9466918959063,1.18E+01,1,2155,0.00E+00,0.00E+00,0.00E+00,0.00E+00,0.00E+00,0.00E+00,0.00E+00,0.00E+00,0.00E+00,0.00E+00,0.00E+00,0.00E+00,1.06E+01,5.57E+00,1.45E+02
0,0,0,0,0,0,0.00E+00,0.00E+00,0.00E+00,0.00E+00,0.00E+00,7.50282756474164,6.97E+00,1,2157,0.00E+00,0.00E+00,0.00E+00,0.00E+00,0.00E+00,0.00E+00,0.00E+00,0.00E+00,0.00E+00,0.00E+00,0.00E+00,0.00E+00,1.12E+00,1.20E+01,1.42E+02
0,0,0,0,0,0,0.00E+00,0.00E+00,0.00E+00,0.00E+00,0.00E+00,-1.22450633359828,3.44E+00,1,2160,0.00E+00,0.00E+00,0.00E+00,0.00E+00,0.00E+00,0.00E+00,0.00E+00,0.00E+00,0.00E+00,0.00E+00,0.00E+00,0.00E+00,4.13E+00,9.39E+00,1.31E+02
0.582003116607666,0.319008052349091,1.15921485424042,1.05398857593536,1.39749777317047,1.37273907661438,8.27E-01,7.96E-01,8.47E-01,7.43E-01,7.62E-01,-0.318800485408551,1.45E+00,1,2163,3.86E+02,5.45E+02,3.47E+02,5.43E+02,3.93E+02,4.73E+02,3.29E+02,4.44E+02,3.83E+02,4.88E+02,3.46E+02,4.95E+02,2.64E+00,3.25E+00,1.12E+02
0.557186722755432,0.318827390670776,1.16829574108124,1.06705856323242,1.38263249397278,1.36761748790741,8.39E-01,7.61E-01,8.82E-01,7.76E-01,7.61E-01,-1.18553914785744,8.58E-01,1,2166,3.38E+02,5.77E+02,3.28E+02,5.63E+02,3.81E+02,4.98E+02,3.16E+02,4.67E+02,3.69E+02,5.13E+02,3.33E+02,5.15E+02,1.16E+00,9.80E+00,8.71E+01
0.576673686504364,0.329871624708176,1.13991570472717,1.06896555423737,1.42818200588226,1.58543682098389,8.20E-01,7.16E-01,7.74E-01,7.94E-01,7.69E-01,2.67906486402491,3.84E+00,1,2169,3.54E+02,6.36E+02,2.88E+02,6.15E+02,3.36E+02,5.50E+02,2.79E+02,5.13E+02,3.23E+02,5.63E+02,2.83E+02,5.65E+02,9.08E-01,5.92E+00,6.32E+01
0.617711901664734,0.344653964042664,1.13716566562653,1.0848993062973,1.30698597431183,1.55947530269623,8.80E-01,7.53E-01,8.84E-01,8.27E-01,7.24E-01,-0.222160036084027,4.02E+00,1,2171,3.86E+02,6.46E+02,3.35E+02,6.06E+02,3.73E+02,5.37E+02,3.14E+02,5.11E+02,3.63E+02,5.54E+02,3.19E+02,5.57E+02,2.49E+00,3.23E+00,5.22E+01
0.546133458614349,0.352982312440872,1.20012605190277,1.03916072845459,1.54671275615692,1.48286998271942,8.32E-01,8.03E-01,7.97E-01,7.53E-01,7.87E-01,5.76456455673221,1.44E+01,1,2174,2.88E+02,6.47E+02,2.71E+02,5.89E+02,3.33E+02,5.15E+02,2.46E+02,4.88E+02,3.15E+02,5.30E+02,2.70E+02,5.35E+02,1.06E+01,7.53E+00,4.19E+01
0.591814339160919,0.313963979482651,1.16801452636719,1.05959355831146,1.37804400920868,1.20693123340607,8.44E-01,7.54E-01,9.04E-01,7.81E-01,7.83E-01,-0.349749083340607,3.40E+01,1,2177,2.83E+02,5.86E+02,3.00E+02,5.84E+02,3.47E+02,5.16E+02,2.83E+02,4.87E+02,3.38E+02,5.31E+02,2.96E+02,5.35E+02,2.68E+01,2.43E+01,5.06E+01
0.611354649066925,0.320181876420975,1.22955739498138,1.05654013156891,1.44834458827972,1.62238705158234,8.35E-01,7.41E-01,8.85E-01,7.80E-01,7.88E-01,-2.56901136012119,2.99E+01,1,2180,3.56E+02,6.29E+02,3.87E+02,6.43E+02,4.31E+02,5.82E+02,3.68E+02,5.52E+02,4.21E+02,5.92E+02,3.91E+02,6.00E+02,3.66E+00,3.85E+01,7.08E+01
0.548501372337341,0.308323591947556,1.18322312831879,1.04031991958618,1.49127459526062,1.69556283950806,8.35E-01,7.29E-01,8.82E-01,7.66E-01,7.67E-01,-1.12948643461966,2.00E+00,1,2183,2.98E+02,6.03E+02,3.08E+02,6.33E+02,3.60E+02,5.66E+02,2.92E+02,5.35E+02,3.49E+02,5.76E+02,3.09E+02,5.86E+02,1.37E+01,1.98E+01,9.69E+01
0.594227015972137,0.328367352485657,1.11635661125183,1.03742587566376,1.50290298461914,1.23725271224976,8.44E-01,7.33E-01,8.83E-01,8.63E-01,7.69E-01,-1.63430974636945,2.33E+00,1,2185,2.87E+02,6.13E+02,3.13E+02,6.21E+02,3.65E+02,5.60E+02,2.99E+02,5.26E+02,3.56E+02,5.70E+02,3.19E+02,5.81E+02,8.26E+00,2.59E+01,1.21E+02
0,0,0,0,0,0,0.00E+00,0.00E+00,0.00E+00,0.00E+00,0.00E+00,-5.28871581988374,2.58E+00,1,2188,0.00E+00,0.00E+00,0.00E+00,0.00E+00,0.00E+00,0.00E+00,0.00E+00,0.00E+00,0.00E+00,0.00E+00,0.00E+00,0.00E+00,4.63E+00,2.93E+01,1.53E+02
0,0,0,0,0,0,0.00E+00,0.00E+00,0.00E+00,0.00E+00,0.00E+00,-18.5411047587764,2.49E+00,1,2191,0.00E+00,0.00E+00,0.00E+00,0.00E+00,0.00E+00,0.00E+00,0.00E+00,0.00E+00,0.00E+00,0.00E+00,0.00E+00,0.00E+00,8.65E-01,1.61E+01,1.89E+02
0.579690933227539,0.322050422430038,1.1439882516861,1.05229389667511,1.46191370487213,1.62046706676483,8.59E-01,7.94E-01,8.63E-01,7.36E-01,7.81E-01,-5.15046630596332,3.89E+00,0,2194,2.69E+02,6.26E+02,2.15E+02,6.10E+02,2.83E+02,5.36E+02,2.15E+02,5.03E+02,2.64E+02,5.53E+02,2.27E+02,5.53E+02,2.55E+01,1.59E+01,2.21E+02
0,0,0,0,0,0,0.00E+00,0.00E+00,0.00E+00,0.00E+00,0.00E+00,3.66504444941426,6.35E+01,0,2197,0.00E+00,0.00E+00,0.00E+00,0.00E+00,0.00E+00,0.00E+00,0.00E+00,0.00E+00,0.00E+00,0.00E+00,0.00E+00,0.00E+00,1.45E+01,2.37E+01,2.35E+02
0.618704736232758,0.317688435316086,1.14575493335724,1.0550354719162,1.47184014320374,1.46520686149597,8.74E-01,7.83E-01,8.87E-01,8.04E-01,8.28E-01,0.053161300597987,2.23E+01,0,2199,5.79E+02,6.05E+02,5.71E+02,5.99E+02,6.07E+02,5.13E+02,5.36E+02,5.02E+02,5.93E+02,5.34E+02,5.69E+02,5.44E+02,6.33E+00,4.46E+01,2.61E+02
0.535515069961548,0.307318568229675,1.12504553794861,1.00062263011932,1.35226631164551,1.35005486011505,8.16E-01,8.14E-01,8.89E-01,7.72E-01,8.10E-01,1.97922119724637,4.32E+01,0,2202,6.20E+02,4.46E+02,5.89E+02,5.03E+02,6.11E+02,4.07E+02,5.32E+02,4.13E+02,6.01E+02,4.34E+02,5.71E+02,4.57E+02,5.16E+00,3.36E+01,2.77E+02
0,0,0,0,0,0,0.00E+00,0.00E+00,0.00E+00,0.00E+00,0.00E+00,9.94514368395468,1.04E+01,0,2205,0.00E+00,0.00E+00,0.00E+00,0.00E+00,0.00E+00,0.00E+00,0.00E+00,0.00E+00,0.00E+00,0.00E+00,0.00E+00,0.00E+00,1.73E+01,2.77E+01,2.86E+02
0.4823999106884,0.31769397854805,1.12367081642151,1.0369725227356,1.50003492832184,1.51303863525391,8.10E-01,7.71E-01,7.39E-01,8.20E-01,7.90E-01,-2.27841772217908,6.69E-01,0,2208,2.34E+02,4.61E+02,1.77E+02,5.08E+02,2.06E+02,4.12E+02,1.23E+02,4.10E+02,1.91E+02,4.36E+02,1.67E+02,4.54E+02,5.82E+00,1.89E+01,2.88E+02
0.594547092914581,0.302263587713242,1.12801265716553,1.05125308036804,1.49011731147766,1.6727774143219,8.35E-01,7.89E-01,8.73E-01,7.67E-01,8.38E-01,-0.509186779519467,2.73E+01,0,2211,4.74E+02,5.42E+02,4.32E+02,5.45E+02,4.47E+02,4.63E+02,3.69E+02,4.63E+02,4.37E+02,4.82E+02,4.20E+02,4.94E+02,3.54E+00,4.17E+00,2.92E+02
0,0,0,0,0,0,0.00E+00,0.00E+00,0.00E+00,0.00E+00,0.00E+00,10.9908641855437,3.91E+01,0,2213,0.00E+00,0.00E+00,0.00E+00,0.00E+00,0.00E+00,0.00E+00,0.00E+00,0.00E+00,0.00E+00,0.00E+00,0.00E+00,0.00E+00,2.05E+01,4.52E+00,2.94E+02
0,0,0,0,0,0,0.00E+00,0.00E+00,0.00E+00,0.00E+00,0.00E+00,-1.25956604616241,1.04E+01,0,2216,0.00E+00,0.00E+00,0.00E+00,0.00E+00,0.00E+00,0.00E+00,0.00E+00,0.00E+00,0.00E+00,0.00E+00,0.00E+00,0.00E+00,3.83E+00,1.18E+01,2.88E+02
0,0,0,0,0,0,0.00E+00,0.00E+00,0.00E+00,0.00E+00,0.00E+00,0.239233597118109,1.57E+01,0,2219,0.00E+00,0.00E+00,0.00E+00,0.00E+00,0.00E+00,0.00E+00,0.00E+00,0.00E+00,0.00E+00,0.00E+00,0.00E+00,0.00E+00,3.45E+00,1.11E+01,2.68E+02
0,0,0,0,0,0,0.00E+00,0.00E+00,0.00E+00,0.00E+00,0.00E+00,-4.50032035881095,1.13E+01,0,2222,0.00E+00,0.00E+00,0.00E+00,0.00E+00,0.00E+00,0.00E+00,0.00E+00,0.00E+00,0.00E+00,0.00E+00,0.00E+00,0.00E+00,5.98E+00,1.15E+01,2.59E+02
0,0,0,0,0,0,0.00E+00,0.00E+00,0.00E+00,0.00E+00,0.00E+00,3.01023429667756,1.36E+01,0,2225,0.00E+00,0.00E+00,0.00E+00,0.00E+00,0.00E+00,0.00E+00,0.00E+00,0.00E+00,0.00E+00,0.00E+00,0.00E+00,0.00E+00,6.46E+00,5.47E+00,2.23E+02
0,0,0,0,0,0,0.00E+00,0.00E+00,0.00E+00,0.00E+00,0.00E+00,3.46684820292858,1.63E+01,0,2227,0.00E+00,0.00E+00,0.00E+00,0.00E+00,0.00E+00,0.00E+00,0.00E+00,0.00E+00,0.00E+00,0.00E+00,0.00E+00,0.00E+00,1.27E+01,3.28E+00,1.91E+02
0,0,0,0,0,0,0.00E+00,0.00E+00,0.00E+00,0.00E+00,0.00E+00,20.3543457541686,3.44E+01,0,2230,0.00E+00,0.00E+00,0.00E+00,0.00E+00,0.00E+00,0.00E+00,0.00E+00,0.00E+00,0.00E+00,0.00E+00,0.00E+00,0.00E+00,8.58E+00,9.48E+00,1.55E+02
0,0,0,0,0,0,0.00E+00,0.00E+00,0.00E+00,0.00E+00,0.00E+00,-1.82320729385188,9.06E+01,0,2233,0.00E+00,0.00E+00,0.00E+00,0.00E+00,0.00E+00,0.00E+00,0.00E+00,0.00E+00,0.00E+00,0.00E+00,0.00E+00,0.00E+00,6.63E+01,4.29E+01,1.16E+02
0,0,0,0,0,0,0.00E+00,0.00E+00,0.00E+00,0.00E+00,0.00E+00,0.791382521818519,2.22E+01,0,2236,0.00E+00,0.00E+00,0.00E+00,0.00E+00,0.00E+00,0.00E+00,0.00E+00,0.00E+00,0.00E+00,0.00E+00,0.00E+00,0.00E+00,4.43E+01,8.40E+01,6.05E+01
0,0,0,0,0,0,0.00E+00,0.00E+00,0.00E+00,0.00E+00,0.00E+00,7.35108158946748,8.60E+00,0,2239,0.00E+00,0.00E+00,0.00E+00,0.00E+00,0.00E+00,0.00E+00,0.00E+00,0.00E+00,0.00E+00,0.00E+00,0.00E+00,0.00E+00,5.11E+00,8.63E+01,3.81E+01
0,0,0,0,0,0,0.00E+00,0.00E+00,0.00E+00,0.00E+00,0.00E+00,17.7152142930844,3.10E+01,0,2241,0.00E+00,0.00E+00,0.00E+00,0.00E+00,0.00E+00,0.00E+00,0.00E+00,0.00E+00,0.00E+00,0.00E+00,0.00E+00,0.00E+00,1.03E+01,4.41E+01,8.62E+01
0.529170095920563,0.323805451393127,1.20563340187073,1.02098798751831,1.27088463306427,1.1888233423233,8.39E-01,7.58E-01,8.51E-01,7.81E-01,8.09E-01,-3.74902644742623,5.26E+00,0,2244,3.67E+02,3.36E+02,3.19E+02,3.11E+02,3.76E+02,2.34E+02,3.06E+02,2.07E+02,3.59E+02,2.52E+02,3.28E+02,2.53E+02,1.64E+01,7.36E+00,1.80E+02
0.589194059371948,0.313862472772598,1.16882944107056,1.01885151863098,1.21380591392517,1.21166408061981,8.45E-01,7.49E-01,8.67E-01,7.81E-01,8.52E-01,0.704308919377571,1.04E+00,0,2247,3.38E+02,2.43E+02,3.72E+02,2.73E+02,4.00E+02,1.80E+02,3.30E+02,1.81E+02,3.88E+02,2.07E+02,3.71E+02,2.15E+02,5.93E+00,1.71E+01,2.96E+02
0.552014410495758,0.298778891563416,1.19947302341461,1.05010104179382,1.26991653442383,1.20108497142792,8.58E-01,6.92E-01,8.36E-01,7.86E-01,8.37E-01,-7.62413051359094,3.70E+00,0,2250,4.30E+02,2.98E+02,3.85E+02,2.72E+02,4.10E+02,1.85E+02,3.35E+02,1.78E+02,3.98E+02,2.06E+02,3.75E+02,2.14E+02,1.82E+00,9.99E+00,3.89E+02
0.458324640989304,0.289891064167023,1.17352163791657,1.03895914554596,1.35224008560181,1.23687827587128,7.85E-01,7.50E-01,8.08E-01,7.66E-01,7.86E-01,0.710600038062479,8.20E-01,0,2253,4.72E+02,4.19E+02,4.50E+02,4.27E+02,4.40E+02,3.32E+02,3.63E+02,3.59E+02,4.36E+02,3.55E+02,4.13E+02,3.76E+02,3.61E+00,5.55E+00,4.41E+02
0.590660095214844,0.285960584878922,1.19681596755981,1.04413402080536,1.34117305278778,1.12442314624786,8.42E-01,7.67E-01,8.83E-01,7.58E-01,8.40E-01,1.29522739005223,7.78E+00,0,2256,5.33E+02,4.45E+02,4.83E+02,4.40E+02,4.72E+02,3.50E+02,3.97E+02,3.78E+02,4.68E+02,3.73E+02,4.44E+02,3.90E+02,3.79E+00,9.29E+00,4.43E+02
0.467015773057938,0.282332450151443,1.18718218803406,1.02591753005981,1.45125830173492,1.18834519386292,7.52E-01,7.30E-01,8.10E-01,7.12E-01,7.57E-01,-0.281084467096525,2.08E+01,0,2258,5.55E+02,4.41E+02,5.28E+02,4.85E+02,5.00E+02,3.96E+02,4.27E+02,4.41E+02,4.98E+02,4.21E+02,4.74E+02,4.52E+02,6.29E+00,6.81E+00,4.04E+02
0,0,0,0,0,0,0.00E+00,0.00E+00,0.00E+00,0.00E+00,0.00E+00,0.246980008420956,2.02E+01,0,2261,0.00E+00,0.00E+00,0.00E+00,0.00E+00,0.00E+00,0.00E+00,0.00E+00,0.00E+00,0.00E+00,0.00E+00,0.00E+00,0.00E+00,6.79E+00,9.94E+00,3.27E+02
0.549428164958954,0.277644872665405,1.1792699098587,1.04253995418549,1.45407831668854,1.2094486951828,7.88E-01,7.43E-01,8.33E-01,7.07E-01,8.25E-01,0.589172131938844,7.25E+00,0,2264,5.29E+02,4.77E+02,4.97E+02,4.96E+02,4.51E+02,4.24E+02,3.96E+02,4.76E+02,4.56E+02,4.44E+02,4.39E+02,4.70E+02,7.86E+00,1.10E+01,2.20E+02
0.579601109027863,0.285117596387863,1.21144068241119,1.03873300552368,1.47827517986298,1.163853764534,7.93E-01,7.72E-01,8.35E-01,7.55E-01,8.72E-01,-0.65897361968195,3.01E+00,0,2267,6.07E+02,4.79E+02,5.35E+02,4.96E+02,4.70E+02,4.41E+02,4.24E+02,4.98E+02,4.80E+02,4.59E+02,4.64E+02,4.84E+02,2.24E+00,9.79E+00,1.25E+02
0.663367390632629,0.290481805801392,1.20496141910553,1.05790650844574,1.51128458976746,1.17032289505005,7.99E-01,7.90E-01,8.49E-01,7.10E-01,8.75E-01,0.261316261881968,4.07E+00,0,2270,6.38E+02,4.81E+02,6.10E+02,4.87E+02,5.35E+02,4.40E+02,4.93E+02,4.82E+02,5.49E+02,4.58E+02,5.42E+02,4.76E+02,2.79E+00,7.18E+00,5.96E+01
0.603950202465057,0.296474814414978,1.1748218536377,1.07593953609467,1.50678896903992,1.04983925819397,7.82E-01,7.78E-01,8.47E-01,7.58E-01,8.89E-01,-0.406877793136488,2.24E+00,0,2272,6.94E+02,4.85E+02,6.34E+02,4.91E+02,5.48E+02,4.45E+02,5.07E+02,4.86E+02,5.67E+02,4.64E+02,5.60E+02,4.80E+02,3.47E+00,4.96E+00,6.25E+01
0.613006114959717,0.286348015069962,1.1704968214035,1.0492148399353,1.58967280387878,1.25961172580719,8.02E-01,7.27E-01,8.64E-01,6.83E-01,8.35E-01,0.131986558381282,3.95E+00,0,2275,7.29E+02,4.87E+02,7.14E+02,4.97E+02,6.22E+02,4.58E+02,5.83E+02,4.90E+02,6.45E+02,4.73E+02,6.34E+02,4.86E+02,3.29E+00,4.16E+00,8.72E+01
0.61848109960556,0.278667628765106,1.1653048992157,1.0546966791153,1.58521270751953,1.13763296604157,7.42E-01,7.90E-01,7.57E-01,6.37E-01,7.91E-01,-0.342272146237282,1.80E+00,0,2278,6.57E+02,4.82E+02,6.63E+02,4.93E+02,5.84E+02,4.54E+02,5.42E+02,4.90E+02,5.98E+02,4.68E+02,5.96E+02,4.84E+02,2.34E+00,1.95E+00,1.03E+02
0.583484053611755,0.274797081947327,1.19086289405823,1.05637049674988,1.46822917461395,1.16676366329193,8.65E-01,7.51E-01,7.50E-01,6.47E-01,8.21E-01,-0.641942087611823,6.22E+00,0,2281,5.96E+02,4.79E+02,5.65E+02,4.92E+02,4.95E+02,4.53E+02,4.48E+02,5.05E+02,5.06E+02,4.67E+02,4.93E+02,4.86E+02,5.44E+00,3.15E+00,1.11E+02
0.565464735031128,0.301486164331436,1.13318085670471,1.02246630191803,1.39479625225067,0.947750389575958,7.93E-01,8.04E-01,7.96E-01,7.19E-01,8.44E-01,-0.11113189093866,5.10E+00,0,2284,4.55E+02,4.84E+02,4.93E+02,4.94E+02,4.37E+02,4.45E+02,3.99E+02,5.20E+02,4.45E+02,4.66E+02,4.33E+02,4.94E+02,1.80E+01,1.50E+01,1.11E+02
0.463495284318924,0.300140619277954,1.15078985691071,1.0434695482254,1.37034630775452,1.13958501815796,7.71E-01,7.46E-01,7.34E-01,6.80E-01,7.97E-01,2.23384055977916,6.46E+01,0,2286,2.55E+02,3.66E+02,1.92E+02,3.85E+02,2.25E+02,2.98E+02,1.35E+02,2.91E+02,2.06E+02,3.12E+02,1.77E+02,3.23E+02,2.54E+00,1.34E+01,1.08E+02
0.404657155275345,0.292409241199493,1.17571818828583,1.05102491378784,1.40088319778442,1.16957461833954,8.10E-01,6.50E-01,6.66E-01,6.76E-01,7.98E-01,0.846720113064531,2.87E+00,0,2289,2.51E+02,3.53E+02,2.08E+02,3.99E+02,2.34E+02,3.07E+02,1.45E+02,3.08E+02,2.15E+02,3.24E+02,1.84E+02,3.40E+02,2.08E+01,1.27E+00,1.01E+02
0.527857482433319,0.350132644176483,1.15261626243591,0,1.33834314346313,0,8.30E-01,7.54E-01,7.60E-01,7.21E-01,8.42E-01,1.45603789378954,6.74E+01,0,2292,1.47E+02,1.41E+02,6.74E+01,9.96E+01,1.34E+02,5.43E+01,0.00E+00,0.00E+00,1.16E+02,5.62E+01,0.00E+00,0.00E+00,2.36E+01,7.87E+00,1.06E+02
0,0,0,0,0,0,1.39E+00,0.00E+00,0.00E+00,0.00E+00,0.00E+00,1.71169703583607,6.84E+00,0,2295,0.00E+00,0.00E+00,0.00E+00,0.00E+00,0.00E+00,0.00E+00,0.00E+00,0.00E+00,0.00E+00,0.00E+00,0.00E+00,0.00E+00,2.19E+01,1.63E+01,9.77E+01
0,0,0,0,0,0,0.00E+00,0.00E+00,0.00E+00,0.00E+00,0.00E+00,2.22897152258156,3.52E+01,0,2298,0.00E+00,0.00E+00,0.00E+00,0.00E+00,0.00E+00,0.00E+00,0.00E+00,0.00E+00,0.00E+00,0.00E+00,0.00E+00,0.00E+00,2.03E+01,2.09E+01,9.61E+01
0,0,0,0,0,0,0.00E+00,0.00E+00,0.00E+00,0.00E+00,0.00E+00,-4.33251112369026,3.46E+00,0,2300,0.00E+00,0.00E+00,0.00E+00,0.00E+00,0.00E+00,0.00E+00,0.00E+00,0.00E+00,0.00E+00,0.00E+00,0.00E+00,0.00E+00,1.78E+01,1.61E+01,8.93E+01
0,0,0,0,0,0,0.00E+00,0.00E+00,0.00E+00,0.00E+00,0.00E+00,1.83856317793038,4.41E+01,0,2303,0.00E+00,0.00E+00,0.00E+00,0.00E+00,0.00E+00,0.00E+00,0.00E+00,0.00E+00,0.00E+00,0.00E+00,0.00E+00,0.00E+00,1.52E+01,1.86E+01,8.80E+01
0,0,0,0,0,0,0.00E+00,0.00E+00,0.00E+00,0.00E+00,0.00E+00,-14.607917799608,3.40E+01,0,2306,0.00E+00,0.00E+00,0.00E+00,0.00E+00,0.00E+00,0.00E+00,0.00E+00,0.00E+00,0.00E+00,0.00E+00,0.00E+00,0.00E+00,3.06E+01,2.56E+01,9.84E+01
0,0,0,0,0,0,0.00E+00,0.00E+00,0.00E+00,0.00E+00,0.00E+00,43.5595540709361,9.04E+01,0,2309,0.00E+00,0.00E+00,0.00E+00,0.00E+00,0.00E+00,0.00E+00,0.00E+00,0.00E+00,0.00E+00,0.00E+00,0.00E+00,0.00E+00,3.89E+01,2.76E+01,9.37E+01
0,0,0,0,0,0,0.00E+00,0.00E+00,0.00E+00,0.00E+00,0.00E+00,-14.3650246677068,1.58E+01,0,2312,0.00E+00,0.00E+00,0.00E+00,0.00E+00,0.00E+00,0.00E+00,0.00E+00,0.00E+00,0.00E+00,0.00E+00,0.00E+00,0.00E+00,4.30E+01,2.72E+01,1.04E+02
0,0,0,0,0,0,0.00E+00,0.00E+00,0.00E+00,0.00E+00,0.00E+00,4.90702346064089,1.89E+01,0,2314,0.00E+00,0.00E+00,0.00E+00,0.00E+00,0.00E+00,0.00E+00,0.00E+00,0.00E+00,0.00E+00,0.00E+00,0.00E+00,0.00E+00,7.85E+00,3.69E+01,9.29E+01
0,0,0,0,0,0,0.00E+00,0.00E+00,0.00E+00,0.00E+00,0.00E+00,-3.61000784858725,1.31E+01,0,2317,0.00E+00,0.00E+00,0.00E+00,0.00E+00,0.00E+00,0.00E+00,0.00E+00,0.00E+00,0.00E+00,0.00E+00,0.00E+00,0.00E+00,1.46E+01,2.40E+01,6.48E+01
0.460320025682449,0.292296290397644,1.27566528320313,1.06388890743256,1.32001090049744,1.06085538864136,7.50E-01,6.73E-01,7.80E-01,6.63E-01,8.06E-01,5.43459594729146,3.04E+00,0,2320,2.86E+02,2.78E+02,3.11E+02,3.31E+02,2.27E+02,3.16E+02,2.49E+02,4.02E+02,2.46E+02,3.26E+02,2.67E+02,3.67E+02,4.75E+00,1.38E+01,6.42E+01
0.505672454833984,0.296774744987488,1.25355494022369,1.02276408672333,1.32760429382324,0.977104246616364,7.84E-01,6.58E-01,8.10E-01,6.96E-01,8.34E-01,-2.71609282389156,2.01E+00,0,2323,3.10E+02,2.69E+02,3.19E+02,3.27E+02,2.46E+02,3.10E+02,2.57E+02,3.95E+02,2.63E+02,3.19E+02,2.78E+02,3.58E+02,7.38E-01,1.80E+01,8.66E+01
0.504499137401581,0.289469063282013,1.26896011829376,1.0616010427475,1.23256719112396,1.08150160312653,8.10E-01,7.16E-01,8.11E-01,7.28E-01,7.82E-01,0.933729273392424,2.02E+00,0,2326,3.08E+02,3.02E+02,2.77E+02,3.60E+02,1.97E+02,3.46E+02,2.23E+02,4.35E+02,2.10E+02,3.58E+02,2.23E+02,3.95E+02,1.19E+00,7.82E+00,1.24E+02
0,0,0,0,0,0,0.00E+00,0.00E+00,0.00E+00,0.00E+00,0.00E+00,-1.89498240276949,4.96E+00,0,2328,0.00E+00,0.00E+00,0.00E+00,0.00E+00,0.00E+00,0.00E+00,0.00E+00,0.00E+00,0.00E+00,0.00E+00,0.00E+00,0.00E+00,3.70E+00,4.06E+00,1.62E+02
0,0,0,0,0,0,0.00E+00,0.00E+00,0.00E+00,0.00E+00,0.00E+00,-21.463503555068,1.68E+01,0,2331,0.00E+00,0.00E+00,0.00E+00,0.00E+00,0.00E+00,0.00E+00,0.00E+00,0.00E+00,0.00E+00,0.00E+00,0.00E+00,0.00E+00,7.64E+00,7.99E+00,1.98E+02
0.580858111381531,0.30999368429184,1.22069799900055,1.04771459102631,1.17762231826782,0.944287717342377,8.77E-01,7.52E-01,8.74E-01,8.06E-01,8.69E-01,3.41885367271236,8.50E+00,0,2334,1.41E+02,3.17E+02,1.42E+02,3.59E+02,9.45E+01,4.35E+02,1.82E+02,4.49E+02,1.11E+02,4.18E+02,1.54E+02,4.11E+02,9.55E+00,3.83E+00,2.03E+02
0,0,0,0,0,0,0.00E+00,0.00E+00,0.00E+00,0.00E+00,0.00E+00,-1.59223100033612,3.32E+00,0,2337,0.00E+00,0.00E+00,0.00E+00,0.00E+00,0.00E+00,0.00E+00,0.00E+00,0.00E+00,0.00E+00,0.00E+00,0.00E+00,0.00E+00,3.91E+00,9.70E+00,1.96E+02
0,0,0,0,0,0,0.00E+00,0.00E+00,0.00E+00,0.00E+00,0.00E+00,0.953321815496194,7.93E+00,0,2340,0.00E+00,0.00E+00,0.00E+00,0.00E+00,0.00E+00,0.00E+00,0.00E+00,0.00E+00,0.00E+00,0.00E+00,0.00E+00,0.00E+00,8.76E+00,1.21E+01,1.65E+02
0,0,0,0,0,0,0.00E+00,0.00E+00,0.00E+00,0.00E+00,0.00E+00,-5.36397279284438,4.31E+00,0,2342,0.00E+00,0.00E+00,0.00E+00,0.00E+00,0.00E+00,0.00E+00,0.00E+00,0.00E+00,0.00E+00,0.00E+00,0.00E+00,0.00E+00,7.11E+00,1.40E+01,1.35E+02
0,0,0,0,0,0,0.00E+00,0.00E+00,0.00E+00,0.00E+00,0.00E+00,3.48150949445972,1.40E+01,0,2345,0.00E+00,0.00E+00,0.00E+00,0.00E+00,0.00E+00,0.00E+00,0.00E+00,0.00E+00,0.00E+00,0.00E+00,0.00E+00,0.00E+00,9.99E+00,1.21E+01,9.89E+01
0,0,0,0,0,0,0.00E+00,0.00E+00,0.00E+00,0.00E+00,0.00E+00,-5.15427650353926,2.04E+01,0,2348,0.00E+00,0.00E+00,0.00E+00,0.00E+00,0.00E+00,0.00E+00,0.00E+00,0.00E+00,0.00E+00,0.00E+00,0.00E+00,0.00E+00,4.62E+00,1.60E+01,7.36E+01
0,0,0,0,0,0,0.00E+00,0.00E+00,0.00E+00,0.00E+00,0.00E+00,3.33719209837388,3.02E+01,0,2351,0.00E+00,0.00E+00,0.00E+00,0.00E+00,0.00E+00,0.00E+00,0.00E+00,0.00E+00,0.00E+00,0.00E+00,0.00E+00,0.00E+00,1.20E+01,2.04E+01,6.49E+01
0,0,0,0,0,0,0.00E+00,0.00E+00,0.00E+00,0.00E+00,0.00E+00,2.58316836843339,1.15E+01,0,2354,0.00E+00,0.00E+00,0.00E+00,0.00E+00,0.00E+00,0.00E+00,0.00E+00,0.00E+00,0.00E+00,0.00E+00,0.00E+00,0.00E+00,1.43E+01,1.08E+01,6.16E+01
0,0,0,0,0,0,0.00E+00,0.00E+00,0.00E+00,0.00E+00,0.00E+00,7.12446260208209,1.89E+01,1,2356,0.00E+00,0.00E+00,0.00E+00,0.00E+00,0.00E+00,0.00E+00,0.00E+00,0.00E+00,0.00E+00,0.00E+00,0.00E+00,0.00E+00,1.61E+01,2.47E+00,7.17E+01
0,0,0,0,0,0,0.00E+00,0.00E+00,0.00E+00,0.00E+00,0.00E+00,-11.128472830654,3.06E+01,1,2359,0.00E+00,0.00E+00,0.00E+00,0.00E+00,0.00E+00,0.00E+00,0.00E+00,0.00E+00,0.00E+00,0.00E+00,0.00E+00,0.00E+00,2.13E+01,1.61E+01,6.50E+01
0.530510306358337,0.310796439647675,1.26027798652649,1.01388430595398,1.16861248016357,0.934404969215393,7.94E-01,6.80E-01,8.58E-01,8.19E-01,8.26E-01,1.41434552904285,2.87E+00,1,2362,6.41E+02,4.09E+02,6.73E+02,4.04E+02,7.39E+02,4.59E+02,7.74E+02,3.82E+02,7.27E+02,4.40E+02,7.29E+02,4.04E+02,1.13E+00,2.14E+01,5.99E+01
0.520986139774323,0.303609549999237,1.20076215267181,1.04622542858124,1.21460235118866,1.16548097133636,7.96E-01,7.70E-01,8.73E-01,7.39E-01,7.91E-01,0.205945161532922,3.72E+00,1,2365,6.49E+02,3.39E+02,6.88E+02,3.47E+02,7.68E+02,3.73E+02,7.77E+02,2.95E+02,7.52E+02,3.62E+02,7.51E+02,3.33E+02,1.15E+01,2.05E+01,4.57E+01
0.472085267305374,0.279183089733124,1.29483199119568,1.04632425308228,1.25489211082459,1.12323820590973,8.40E-01,7.77E-01,8.48E-01,7.40E-01,7.81E-01,-1.04610145991564,4.34E+00,1,2368,6.12E+02,5.22E+02,6.47E+02,4.92E+02,7.37E+02,5.24E+02,7.34E+02,4.47E+02,7.16E+02,5.11E+02,7.01E+02,4.79E+02,4.53E+00,2.13E+01,2.87E+01
0.479500263929367,0.299338161945343,1.22263836860657,1.03013670444489,1.21149551868439,1.06678509712219,8.61E-01,7.60E-01,8.60E-01,7.85E-01,7.80E-01,-0.408166473070166,1.21E+01,1,2370,6.45E+02,4.16E+02,6.53E+02,3.81E+02,7.38E+02,4.04E+02,7.44E+02,3.22E+02,7.18E+02,3.93E+02,6.94E+02,3.62E+02,6.96E+00,1.59E+01,3.66E+01
0,0,0,0,0,0,0.00E+00,0.00E+00,0.00E+00,0.00E+00,0.00E+00,-4.02788838732178,2.48E+00,1,2373,0.00E+00,0.00E+00,0.00E+00,0.00E+00,0.00E+00,0.00E+00,0.00E+00,0.00E+00,0.00E+00,0.00E+00,0.00E+00,0.00E+00,5.54E+00,1.60E+01,8.57E+01
0,0,0,0,0,0,0.00E+00,0.00E+00,0.00E+00,0.00E+00,0.00E+00,-2.33474070711991,1.92E+01,1,2376,0.00E+00,0.00E+00,0.00E+00,0.00E+00,0.00E+00,0.00E+00,0.00E+00,0.00E+00,0.00E+00,0.00E+00,0.00E+00,0.00E+00,1.54E+01,1.68E+01,1.32E+02
0,0,0,0,0,0,0.00E+00,0.00E+00,0.00E+00,0.00E+00,0.00E+00,-11.8235157771835,4.99E+01,1,2379,0.00E+00,0.00E+00,0.00E+00,0.00E+00,0.00E+00,0.00E+00,0.00E+00,0.00E+00,0.00E+00,0.00E+00,0.00E+00,0.00E+00,2.10E+01,3.10E+01,1.90E+02
0.646621525287628,0.301292330026627,1.21610617637634,1.05790817737579,1.29698288440704,1.27949547767639,8.17E-01,5.60E-01,9.13E-01,8.23E-01,8.30E-01,6.47999159384497,6.39E+00,1,2382,4.68E+02,5.53E+02,4.81E+02,5.29E+02,5.57E+02,5.70E+02,5.73E+02,4.95E+02,5.39E+02,5.58E+02,5.38E+02,5.23E+02,2.57E+01,4.07E+01,2.38E+02
0.504148125648499,0.285183697938919,1.21320533752441,1.04486858844757,1.30595016479492,1.40529918670654,8.15E-01,7.61E-01,8.36E-01,8.08E-01,7.90E-01,-2.51581718167749,4.77E+00,1,2384,4.86E+02,5.52E+02,5.09E+02,5.17E+02,5.82E+02,5.65E+02,5.99E+02,4.80E+02,5.69E+02,5.48E+02,5.65E+02,5.10E+02,1.36E+00,3.54E+01,2.59E+02
0.607936143875122,0.306142717599869,1.2074601650238,1.0374082326889,1.29746758937836,1.27128791809082,8.50E-01,7.84E-01,9.27E-01,8.16E-01,8.29E-01,-6.28455649374159,1.88E+01,1,2387,4.96E+02,5.52E+02,5.24E+02,5.28E+02,5.86E+02,5.68E+02,6.13E+02,4.95E+02,5.75E+02,5.56E+02,5.81E+02,5.14E+02,5.92E+00,2.00E+01,2.97E+02
0,0,0,0,0,0,0.00E+00,0.00E+00,0.00E+00,0.00E+00,0.00E+00,0.55755086542023,5.01E+00,1,2390,0.00E+00,0.00E+00,0.00E+00,0.00E+00,0.00E+00,0.00E+00,0.00E+00,0.00E+00,0.00E+00,0.00E+00,0.00E+00,0.00E+00,3.64E+01,1.56E+01,3.12E+02
0,0,0,0,0,0,0.00E+00,0.00E+00,0.00E+00,0.00E+00,0.00E+00,-1.38026557159554,5.23E+00,1,2393,0.00E+00,0.00E+00,0.00E+00,0.00E+00,0.00E+00,0.00E+00,0.00E+00,0.00E+00,0.00E+00,0.00E+00,0.00E+00,0.00E+00,7.87E+00,4.53E+01,3.11E+02
0,0,0,0,0,0,0.00E+00,0.00E+00,0.00E+00,0.00E+00,0.00E+00,1.77733246100117,2.28E+01,1,2396,0.00E+00,0.00E+00,0.00E+00,0.00E+00,0.00E+00,0.00E+00,0.00E+00,0.00E+00,0.00E+00,0.00E+00,0.00E+00,0.00E+00,2.67E+01,4.55E+01,2.78E+02
0,0,0,0,0,0,0.00E+00,0.00E+00,0.00E+00,0.00E+00,0.00E+00,-0.730612127832136,5.17E+00,1,2398,0.00E+00,0.00E+00,0.00E+00,0.00E+00,0.00E+00,0.00E+00,0.00E+00,0.00E+00,0.00E+00,0.00E+00,0.00E+00,0.00E+00,1.80E+01,4.71E+01,2.27E+02
0,0,0,0,0,0,0.00E+00,0.00E+00,0.00E+00,0.00E+00,0.00E+00,15.8095425829048,3.67E+00,1,2401,0.00E+00,0.00E+00,0.00E+00,0.00E+00,0.00E+00,0.00E+00,0.00E+00,0.00E+00,0.00E+00,0.00E+00,0.00E+00,0.00E+00,2.21E+01,1.52E+01,1.60E+02
0,0,0,0,0,0,0.00E+00,0.00E+00,0.00E+00,0.00E+00,0.00E+00,10.8402305970971,7.06E+00,1,2404,0.00E+00,0.00E+00,0.00E+00,0.00E+00,0.00E+00,0.00E+00,0.00E+00,0.00E+00,0.00E+00,0.00E+00,0.00E+00,0.00E+00,2.27E+01,4.25E+00,4.07E+01
0,0,0,0,0,0,0.00E+00,0.00E+00,0.00E+00,0.00E+00,0.00E+00,2.60944100124452,1.22E+00,1,2407,0.00E+00,0.00E+00,0.00E+00,0.00E+00,0.00E+00,0.00E+00,0.00E+00,0.00E+00,0.00E+00,0.00E+00,0.00E+00,0.00E+00,1.61E+01,1.19E+01,7.11E+01
0,0,0,0,0,0,0.00E+00,0.00E+00,0.00E+00,0.00E+00,0.00E+00,-0.695567101900588,3.67E+00,1,2410,0.00E+00,0.00E+00,0.00E+00,0.00E+00,0.00E+00,0.00E+00,0.00E+00,0.00E+00,0.00E+00,0.00E+00,0.00E+00,0.00E+00,9.77E+00,1.70E+01,1.77E+02
0,0,0,0,0,0,0.00E+00,0.00E+00,0.00E+00,0.00E+00,0.00E+00,7.37110717612076,2.85E+00,1,2412,0.00E+00,0.00E+00,0.00E+00,0.00E+00,0.00E+00,0.00E+00,0.00E+00,0.00E+00,0.00E+00,0.00E+00,0.00E+00,0.00E+00,8.74E+00,1.45E+01,2.29E+02
0,0,0,0,0,0,0.00E+00,0.00E+00,0.00E+00,0.00E+00,0.00E+00,-11.4475869851238,1.25E+01,1,2415,0.00E+00,0.00E+00,0.00E+00,0.00E+00,0.00E+00,0.00E+00,0.00E+00,0.00E+00,0.00E+00,0.00E+00,0.00E+00,0.00E+00,1.37E+01,2.08E+01,2.61E+02
0,0,0,0,0,0,0.00E+00,0.00E+00,0.00E+00,0.00E+00,0.00E+00,-1.52989712554561,5.59E+01,1,2418,0.00E+00,0.00E+00,0.00E+00,0.00E+00,0.00E+00,0.00E+00,0.00E+00,0.00E+00,0.00E+00,0.00E+00,0.00E+00,0.00E+00,2.84E+01,2.93E+01,2.66E+02
0,0,0,0,0,0,0.00E+00,0.00E+00,0.00E+00,0.00E+00,0.00E+00,2.87994245030826,1.99E+01,1,2421,0.00E+00,0.00E+00,0.00E+00,0.00E+00,0.00E+00,0.00E+00,0.00E+00,0.00E+00,0.00E+00,0.00E+00,0.00E+00,0.00E+00,1.74E+01,3.64E+01,2.12E+02
0,0,0,0,0,0,0.00E+00,0.00E+00,0.00E+00,0.00E+00,0.00E+00,29.6844324947391,1.24E+01,1,2424,0.00E+00,0.00E+00,0.00E+00,0.00E+00,0.00E+00,0.00E+00,0.00E+00,0.00E+00,0.00E+00,0.00E+00,0.00E+00,0.00E+00,4.42E+00,2.99E+01,1.43E+02
0,0,0,0,0,0,0.00E+00,0.00E+00,0.00E+00,0.00E+00,0.00E+00,4.84264063477963,8.04E+00,1,2426,0.00E+00,0.00E+00,0.00E+00,0.00E+00,0.00E+00,0.00E+00,0.00E+00,0.00E+00,0.00E+00,0.00E+00,0.00E+00,0.00E+00,1.71E+01,1.49E+01,7.94E+01
0,0,0,0,0,0,0.00E+00,0.00E+00,0.00E+00,0.00E+00,0.00E+00,-1.92087688046694,1.23E+01,1,2429,0.00E+00,0.00E+00,0.00E+00,0.00E+00,0.00E+00,0.00E+00,0.00E+00,0.00E+00,0.00E+00,0.00E+00,0.00E+00,0.00E+00,7.21E+00,2.77E+01,3.30E+01
0,0,0,0,0,0,0.00E+00,0.00E+00,0.00E+00,0.00E+00,0.00E+00,17.5128599586201,1.19E+01,1,2432,0.00E+00,0.00E+00,0.00E+00,0.00E+00,0.00E+00,0.00E+00,0.00E+00,0.00E+00,0.00E+00,0.00E+00,0.00E+00,0.00E+00,7.58E+00,3.15E+01,1.07E+02
0.543537080287933,0.335228234529495,1.12148988246918,1.06083405017853,1.39861392974854,1.61294841766357,8.78E-01,7.74E-01,9.09E-01,8.20E-01,8.06E-01,4.06538663653219,2.47E+00,0,2435,2.12E+02,2.03E+01,2.25E+02,7.86E+01,1.73E+02,1.72E+02,2.42E+02,1.91E+02,1.89E+02,1.49E+02,2.23E+02,1.46E+02,1.23E+01,2.56E+01,1.85E+02
0,0,0,0,0,0,0.00E+00,0.00E+00,0.00E+00,0.00E+00,0.00E+00,9.30668765578258,3.62E+00,0,2438,0.00E+00,0.00E+00,0.00E+00,0.00E+00,0.00E+00,0.00E+00,0.00E+00,0.00E+00,0.00E+00,0.00E+00,0.00E+00,0.00E+00,1.49E+01,2.64E+01,2.31E+02
0.471871823072434,0.304998457431793,1.15366673469543,1.06597709655762,1.35894060134888,1.58115899562836,8.67E-01,8.10E-01,8.19E-01,6.77E-01,7.76E-01,0.098723011760283,7.26E+00,0,2440,2.56E+02,4.82E+02,2.81E+02,5.22E+02,2.09E+02,5.93E+02,2.74E+02,6.30E+02,2.30E+02,5.76E+02,2.64E+02,5.82E+02,2.15E+01,3.40E+01,2.60E+02
0.452596455812454,0.29811704158783,1.14373135566711,1.08656001091003,1.40207421779633,1.45163428783417,7.84E-01,7.09E-01,7.78E-01,7.52E-01,7.66E-01,-0.850344001922058,8.25E+00,0,2443,2.67E+02,5.15E+02,3.28E+02,5.60E+02,2.42E+02,6.20E+02,3.04E+02,6.70E+02,2.66E+02,6.09E+02,3.06E+02,6.21E+02,1.88E+00,3.05E+01,2.91E+02
0.491123229265213,0.291233897209167,1.16358745098114,1.07562148571014,1.34720158576965,1.48523104190826,8.49E-01,8.03E-01,8.23E-01,8.06E-01,7.86E-01,-3.27344429281836,5.60E+00,0,2446,3.15E+02,5.22E+02,3.41E+02,5.56E+02,2.53E+02,6.14E+02,3.08E+02,6.62E+02,2.76E+02,6.01E+02,3.10E+02,6.12E+02,9.39E-01,1.67E+01,3.08E+02
0.462127178907394,0.294745415449142,1.13834857940674,1.07776355743408,1.33409321308136,1.40151834487915,8.57E-01,7.53E-01,7.98E-01,7.88E-01,7.96E-01,-0.95874712828837,9.22E+00,0,2449,2.73E+02,5.70E+02,3.21E+02,6.25E+02,2.35E+02,6.82E+02,2.95E+02,7.32E+02,2.60E+02,6.73E+02,3.02E+02,6.87E+02,2.02E+00,5.78E+00,3.30E+02
0,0,0,0,0,0,0.00E+00,0.00E+00,0.00E+00,0.00E+00,0.00E+00,-18.5862865621023,1.13E+01,0,2452,0.00E+00,0.00E+00,0.00E+00,0.00E+00,0.00E+00,0.00E+00,0.00E+00,0.00E+00,0.00E+00,0.00E+00,0.00E+00,0.00E+00,6.77E+00,3.01E+00,3.40E+02
0.493868947029114,0.303350478410721,1.13836407661438,1.07918691635132,1.29082334041595,1.35390639305115,8.34E-01,8.01E-01,8.50E-01,8.19E-01,8.11E-01,0.957604322668049,1.17E+01,0,2454,6.01E+02,6.43E+02,6.28E+02,6.80E+02,5.32E+02,7.34E+02,5.79E+02,7.84E+02,5.56E+02,7.22E+02,5.89E+02,7.33E+02,1.67E+01,1.07E+01,3.33E+02
0.455376952886581,0.293008536100388,1.13839221000671,1.08732986450195,1.25791537761688,1.35967922210693,8.43E-01,7.65E-01,8.19E-01,7.73E-01,7.67E-01,0.42973581119532,1.75E+01,0,2457,6.05E+02,4.78E+02,6.29E+02,5.21E+02,5.33E+02,5.81E+02,5.81E+02,6.27E+02,5.58E+02,5.66E+02,5.90E+02,5.75E+02,9.77E+00,2.29E+01,3.07E+02
0.48365643620491,0.2912977039814,1.14758396148682,1.06136178970337,1.24414885044098,1.33147287368774,8.27E-01,7.53E-01,8.15E-01,7.50E-01,7.31E-01,-1.57635258356469,1.64E+01,0,2460,4.64E+02,5.01E+02,4.56E+02,5.41E+02,3.62E+02,6.03E+02,4.11E+02,6.48E+02,3.86E+02,5.88E+02,4.18E+02,5.96E+02,4.43E+00,2.30E+01,2.61E+02
0,0,0,0,0,0,0.00E+00,0.00E+00,0.00E+00,0.00E+00,0.00E+00,-2.02434783875649,2.40E+01,0,2463,0.00E+00,0.00E+00,0.00E+00,0.00E+00,0.00E+00,0.00E+00,0.00E+00,0.00E+00,0.00E+00,0.00E+00,0.00E+00,0.00E+00,6.27E+00,1.51E+01,1.82E+02
0.46414989233017,0.285216331481934,1.12110722064972,1.06587958335876,1.16199159622192,1.25102293491364,8.40E-01,7.56E-01,8.05E-01,7.61E-01,7.82E-01,2.75708695319079,1.57E+00,0,2466,3.64E+02,2.61E+02,3.91E+02,2.94E+02,2.99E+02,3.59E+02,3.48E+02,4.02E+02,3.23E+02,3.43E+02,3.54E+02,3.50E+02,9.19E+00,9.49E+00,9.84E+01
0.482035309076309,0.282509654760361,1.13995122909546,1.07182264328003,1.17466473579407,1.20688724517822,8.13E-01,7.55E-01,8.21E-01,7.03E-01,7.68E-01,-0.016517402098385,2.14E+00,0,2468,3.73E+02,3.56E+02,4.12E+02,3.53E+02,3.21E+02,4.16E+02,3.70E+02,4.53E+02,3.45E+02,4.01E+02,3.76E+02,4.05E+02,3.66E+00,5.33E+00,4.23E+01
0.46450537443161,0.290068030357361,1.15426898002625,1.05081176757813,1.16365122795105,1.20041823387146,8.18E-01,7.63E-01,8.03E-01,7.32E-01,7.62E-01,-1.11142000179527,3.40E+00,0,2471,3.30E+02,4.93E+02,3.54E+02,5.33E+02,2.55E+02,5.93E+02,3.00E+02,6.42E+02,2.84E+02,5.77E+02,3.12E+02,5.91E+02,1.75E+00,4.07E+00,4.38E+01
0.476536780595779,0.295924723148346,1.14174962043762,1.04314804077148,1.16538405418396,1.15989720821381,8.44E-01,7.72E-01,8.09E-01,7.29E-01,7.46E-01,-2.47189378419048,2.52E+00,0,2474,3.13E+02,5.53E+02,3.32E+02,6.02E+02,2.34E+02,6.56E+02,2.83E+02,7.08E+02,2.61E+02,6.44E+02,2.94E+02,6.60E+02,8.21E+00,4.34E+00,1.00E+02
0.452687472105026,0.284279882907867,1.13439226150513,1.08120334148407,1.14470911026001,1.14957249164581,8.23E-01,7.56E-01,7.70E-01,7.01E-01,7.56E-01,1.28847337014958,1.21E+00,0,2477,4.65E+02,5.29E+02,4.93E+02,5.60E+02,3.98E+02,6.22E+02,4.48E+02,6.65E+02,4.25E+02,6.07E+02,4.57E+02,6.17E+02,5.79E+00,6.16E+00,1.36E+02
0.434989720582962,0.280576318502426,1.14764404296875,1.06884002685547,1.13758563995361,1.2025431394577,8.30E-01,7.16E-01,7.92E-01,6.81E-01,7.34E-01,0.235617344353368,1.61E+01,0,2480,5.06E+02,5.18E+02,5.05E+02,5.54E+02,4.06E+02,6.18E+02,4.51E+02,6.61E+02,4.35E+02,6.02E+02,4.60E+02,6.10E+02,6.13E+00,7.53E+00,1.56E+02
0.46013605594635,0.276564329862595,1.14980554580688,1.07309186458588,1.11117041110992,1.1160694360733,8.23E-01,7.43E-01,7.66E-01,7.24E-01,7.46E-01,0.125808960812067,8.52E+00,0,2482,4.98E+02,5.35E+02,5.22E+02,5.75E+02,4.27E+02,6.37E+02,4.72E+02,6.83E+02,4.52E+02,6.22E+02,4.83E+02,6.35E+02,9.73E+00,6.33E+00,1.52E+02
0,0,0,0,0,0,0.00E+00,0.00E+00,0.00E+00,0.00E+00,0.00E+00,-3.26311098930755,2.15E+01,0,2485,0.00E+00,0.00E+00,0.00E+00,0.00E+00,0.00E+00,0.00E+00,0.00E+00,0.00E+00,0.00E+00,0.00E+00,0.00E+00,0.00E+00,9.19E+00,1.35E+01,1.44E+02
0.448756188154221,0.263336598873138,1.15776777267456,1.07156980037689,1.0936883687973,1.10844922065735,8.25E-01,7.28E-01,7.87E-01,7.00E-01,7.13E-01,1.19926185426383,7.73E+00,0,2488,4.79E+02,3.67E+02,5.05E+02,4.07E+02,4.10E+02,4.71E+02,4.61E+02,5.12E+02,4.36E+02,4.55E+02,4.70E+02,4.63E+02,6.83E+00,1.60E+01,1.33E+02
0.444014340639114,0.264978021383286,1.15134656429291,1.05551970005035,1.09360730648041,1.10743820667267,7.86E-01,7.32E-01,7.85E-01,6.84E-01,7.24E-01,-0.348139504072408,2.57E+00,0,2491,4.79E+02,3.75E+02,5.04E+02,4.09E+02,4.11E+02,4.73E+02,4.59E+02,5.14E+02,4.35E+02,4.58E+02,4.67E+02,4.66E+02,2.42E+00,9.98E+00,1.24E+02
0.439988255500793,0.26881542801857,1.15244162082672,1.08093738555908,1.07248222827911,1.11803948879242,8.24E-01,7.14E-01,7.79E-01,6.89E-01,7.32E-01,-0.248611244951298,2.08E+01,0,2494,4.78E+02,3.78E+02,5.03E+02,4.12E+02,4.10E+02,4.79E+02,4.61E+02,5.20E+02,4.35E+02,4.62E+02,4.67E+02,4.70E+02,5.92E+00,3.63E+00,1.21E+02
0.4470394551754,0.26890367269516,1.15186500549316,1.05982851982117,1.07883322238922,1.12934875488281,7.84E-01,7.09E-01,7.69E-01,6.84E-01,7.13E-01,0.489061064808549,1.39E+01,0,2496,4.73E+02,3.84E+02,5.00E+02,4.21E+02,4.07E+02,4.83E+02,4.61E+02,5.26E+02,4.32E+02,4.68E+02,4.66E+02,4.78E+02,5.48E+00,1.13E+01,1.19E+02
0.451134443283081,0.260901153087616,1.15040063858032,1.06600856781006,1.05660462379456,1.06418716907501,8.30E-01,7.13E-01,7.79E-01,6.78E-01,7.30E-01,-0.05425607290966,9.30E-01,0,2499,4.71E+02,4.04E+02,4.96E+02,4.47E+02,4.03E+02,5.13E+02,4.53E+02,5.55E+02,4.28E+02,4.96E+02,4.60E+02,5.06E+02,5.58E+00,6.71E+00,1.19E+02
0.429058939218521,0.262106359004974,1.13242030143738,1.05869722366333,1.05475509166718,1.07814884185791,7.87E-01,7.05E-01,7.91E-01,6.68E-01,7.47E-01,-0.552788153416839,4.39E-01,0,2502,4.63E+02,4.55E+02,4.89E+02,4.85E+02,3.96E+02,5.49E+02,4.47E+02,5.89E+02,4.21E+02,5.34E+02,4.55E+02,5.41E+02,1.87E-01,2.57E+00,1.14E+02
0.429861813783646,0.251908779144287,1.16027772426605,1.05728769302368,1.04464662075043,1.09807288646698,8.31E-01,7.20E-01,7.87E-01,6.56E-01,7.35E-01,-0.002922362617902,1.48E+00,0,2505,4.58E+02,4.64E+02,4.80E+02,4.99E+02,3.87E+02,5.66E+02,4.37E+02,6.06E+02,4.11E+02,5.50E+02,4.43E+02,5.57E+02,4.26E+00,2.01E+00,1.00E+02
0.441601455211639,0.257246404886246,1.15488028526306,1.04672408103943,1.0475298166275,1.06312763690948,7.80E-01,7.09E-01,7.68E-01,6.87E-01,7.35E-01,0.121031054155036,6.49E-01,0,2508,4.30E+02,4.66E+02,4.69E+02,5.04E+02,3.80E+02,5.70E+02,4.32E+02,6.10E+02,4.03E+02,5.54E+02,4.39E+02,5.62E+02,6.70E-01,4.84E+00,8.36E+01
0.429208397865295,0.254823058843613,1.15059626102448,1.04912912845612,1.01712512969971,1.06795418262482,7.86E-01,7.17E-01,7.92E-01,6.55E-01,7.30E-01,-1.66538529543449,6.40E+00,0,2510,3.80E+02,4.54E+02,3.84E+02,4.81E+02,3.01E+02,5.63E+02,3.56E+02,5.94E+02,3.24E+02,5.42E+02,3.54E+02,5.46E+02,1.70E+00,4.54E+00,6.81E+01
0.439591288566589,0.246818572282791,1.1499148607254,1.05926787853241,1.00896692276001,1.04756247997284,8.15E-01,7.28E-01,7.77E-01,6.93E-01,7.30E-01,-2.0722590759741,9.01E+00,0,2513,2.97E+02,4.46E+02,3.35E+02,4.74E+02,2.63E+02,5.62E+02,3.24E+02,5.90E+02,2.83E+02,5.40E+02,3.17E+02,5.41E+02,7.52E-01,3.39E+00,4.77E+01
0.449668496847153,0.2557412981987,1.13941538333893,1.04751932621002,1.0143963098526,1.0192676782608,8.02E-01,7.40E-01,7.86E-01,6.96E-01,7.42E-01,0.321170900633314,2.59E+00,0,2516,2.40E+02,4.44E+02,2.72E+02,4.68E+02,2.07E+02,5.63E+02,2.68E+02,5.84E+02,2.25E+02,5.39E+02,2.58E+02,5.37E+02,1.63E+00,2.13E+00,2.74E+01
0.434617578983307,0.250546514987946,1.12397348880768,1.05586433410645,1.00864374637604,1.08993077278137,7.74E-01,7.28E-01,7.94E-01,6.74E-01,7.55E-01,-0.941284524774769,9.96E+00,0,2519,2.63E+02,4.54E+02,2.77E+02,4.74E+02,2.08E+02,5.69E+02,2.67E+02,5.89E+02,2.28E+02,5.43E+02,2.58E+02,5.44E+02,3.39E+00,1.23E+00,1.43E+01
0.434763938188553,0.253108203411102,1.13976442813873,1.05015599727631,1.01314210891724,1.03505373001099,8.12E-01,7.40E-01,8.00E-01,6.75E-01,7.48E-01,-1.12505275040494,2.24E+00,0,2522,2.37E+02,4.59E+02,2.58E+02,4.83E+02,1.93E+02,5.79E+02,2.55E+02,5.99E+02,2.12E+02,5.55E+02,2.42E+02,5.53E+02,3.66E+00,1.99E+00,1.15E+01
0.454516649246216,0.256562769412994,1.15421223640442,1.04117405414581,1.00417339801788,0.997919619083405,8.33E-01,7.37E-01,7.84E-01,7.03E-01,7.35E-01,-1.77117085418951,6.94E+00,0,2524,1.90E+02,4.61E+02,2.31E+02,4.84E+02,1.73E+02,5.81E+02,2.35E+02,6.00E+02,1.89E+02,5.57E+02,2.23E+02,5.54E+02,4.33E+00,2.75E+00,1.43E+01
0.461398333311081,0.265814632177353,1.10114872455597,1.05264437198639,1.03658294677734,0.966642081737518,8.29E-01,7.36E-01,7.94E-01,6.87E-01,7.48E-01,-2.59798055406106,5.13E+00,0,2527,1.93E+02,4.59E+02,2.47E+02,4.81E+02,1.94E+02,5.82E+02,2.72E+02,5.98E+02,2.08E+02,5.57E+02,2.57E+02,5.51E+02,1.93E+00,3.39E+00,1.87E+01
0,0,0,0,0,0,0.00E+00,0.00E+00,0.00E+00,0.00E+00,0.00E+00,11.3584951162656,1.55E+01,0,2530,0.00E+00,0.00E+00,0.00E+00,0.00E+00,0.00E+00,0.00E+00,0.00E+00,0.00E+00,0.00E+00,0.00E+00,0.00E+00,0.00E+00,3.38E+00,5.66E+00,2.28E+01
0.411215394735336,0.236645296216011,1.15351164340973,1.05272710323334,0.979668974876404,1.01536083221436,7.65E-01,6.99E-01,7.71E-01,6.63E-01,7.18E-01,-4.56972044517861,7.94E+00,0,2533,3.99E+02,4.70E+02,4.36E+02,4.87E+02,3.85E+02,5.87E+02,4.50E+02,6.00E+02,3.99E+02,5.61E+02,4.32E+02,5.54E+02,6.70E+00,8.68E+00,2.68E+01
0.416677892208099,0.239547327160835,1.13219201564789,1.06172275543213,0.979199349880219,1.03875601291657,8.00E-01,7.06E-01,7.59E-01,6.80E-01,7.12E-01,1.18221194212892,7.58E+00,0,2536,3.93E+02,4.61E+02,4.31E+02,4.82E+02,3.81E+02,5.85E+02,4.46E+02,5.97E+02,3.95E+02,5.57E+02,4.27E+02,5.52E+02,2.49E+00,8.06E+00,2.72E+01
0.414638727903366,0.243475332856178,1.10627484321594,1.05377900600433,0.987832725048065,1.02445840835571,8.06E-01,7.03E-01,7.93E-01,6.53E-01,7.25E-01,-1.87586290669332,1.44E+01,0,2538,3.91E+02,4.60E+02,4.27E+02,4.77E+02,3.78E+02,5.78E+02,4.40E+02,5.92E+02,3.92E+02,5.53E+02,4.22E+02,5.46E+02,6.54E+00,5.18E+00,2.74E+01
0.41901233792305,0.244705140590668,1.13426041603088,1.05435109138489,0.957404434680939,1.0697695016861,7.88E-01,7.06E-01,7.79E-01,6.76E-01,7.20E-01,2.84896515757274,2.30E+01,0,2541,3.87E+02,4.59E+02,4.25E+02,4.77E+02,3.77E+02,5.80E+02,4.40E+02,5.92E+02,3.89E+02,5.54E+02,4.20E+02,5.47E+02,5.09E+00,1.98E+00,2.86E+01
0.417128890752792,0.239833846688271,1.1111752986908,1.05174660682678,0.997721135616303,1.02811098098755,8.17E-01,6.94E-01,7.89E-01,6.61E-01,7.27E-01,-5.15816528502646,1.55E+01,0,2544,3.87E+02,4.59E+02,4.23E+02,4.76E+02,3.75E+02,5.80E+02,4.37E+02,5.90E+02,3.88E+02,5.53E+02,4.18E+02,5.45E+02,8.86E+00,6.88E+00,3.49E+01
0.422655254602432,0.243561863899231,1.12341511249542,1.05690026283264,0.955094993114471,1.02937340736389,7.99E-01,7.08E-01,7.94E-01,6.77E-01,7.39E-01,0.976284608336422,1.06E+01,0,2547,3.85E+02,4.59E+02,4.22E+02,4.77E+02,3.73E+02,5.81E+02,4.37E+02,5.91E+02,3.87E+02,5.54E+02,4.19E+02,5.46E+02,7.03E+00,4.59E+00,4.19E+01
0.414211213588715,0.237911120057106,1.10915398597717,1.04705572128296,0.97266161441803,1.04748165607452,8.10E-01,7.02E-01,7.76E-01,6.66E-01,7.27E-01,-1.02607202568763,2.87E+00,0,2550,3.85E+02,4.60E+02,4.22E+02,4.77E+02,3.74E+02,5.81E+02,4.37E+02,5.91E+02,3.87E+02,5.55E+02,4.17E+02,5.46E+02,3.43E+00,6.20E+00,4.79E+01
0.419922441244125,0.243051752448082,1.11822474002838,1.05494737625122,0.968948543071747,1.04504716396332,7.85E-01,7.12E-01,7.82E-01,6.73E-01,7.25E-01,-0.541345544657445,4.62E-01,0,2552,3.85E+02,4.60E+02,4.22E+02,4.77E+02,3.74E+02,5.80E+02,4.37E+02,5.91E+02,3.87E+02,5.54E+02,4.18E+02,5.47E+02,5.18E-01,9.94E+00,5.33E+01
0.419095009565353,0.235086619853973,1.09510922431946,1.06130003929138,0.967217028141022,1.02091693878174,8.16E-01,6.91E-01,7.87E-01,6.75E-01,7.30E-01,-1.75708252739251,3.92E+00,0,2555,3.87E+02,4.59E+02,4.24E+02,4.76E+02,3.76E+02,5.77E+02,4.38E+02,5.91E+02,3.89E+02,5.53E+02,4.18E+02,5.44E+02,2.92E+00,6.26E+00,5.54E+01
0.420405238866806,0.241063266992569,1.11573123931885,1.06665098667145,0.959114670753479,1.02274084091187,7.82E-01,6.96E-01,7.84E-01,6.73E-01,7.24E-01,6.04806153922428,4.10E+00,0,2558,3.86E+02,4.59E+02,4.24E+02,4.76E+02,3.75E+02,5.80E+02,4.38E+02,5.91E+02,3.88E+02,5.53E+02,4.19E+02,5.46E+02,1.12E+00,2.66E+00,5.45E+01
0.412926226854324,0.237183809280395,1.09882247447968,1.05879366397858,0.969030439853668,1.03891932964325,8.19E-01,6.98E-01,7.92E-01,6.87E-01,7.26E-01,-1.87420079366018,1.09E+00,0,2561,3.86E+02,4.60E+02,4.23E+02,4.77E+02,3.74E+02,5.79E+02,4.37E+02,5.92E+02,3.88E+02,5.54E+02,4.18E+02,5.45E+02,1.63E+00,9.70E-01,5.38E+01
0.419276773929596,0.240655437111855,1.10743939876556,1.04985415935516,0.959848761558533,1.05544888973236,7.88E-01,6.88E-01,7.74E-01,6.75E-01,7.27E-01,1.29909667600905,2.39E+00,0,2564,3.87E+02,4.60E+02,4.24E+02,4.77E+02,3.75E+02,5.82E+02,4.38E+02,5.91E+02,3.88E+02,5.54E+02,4.19E+02,5.46E+02,1.69E+00,6.88E-01,4.94E+01
0.416236490011215,0.234636694192886,1.09281039237976,1.05063343048096,0.960603833198547,1.01950192451477,8.19E-01,6.93E-01,7.81E-01,6.68E-01,7.36E-01,-0.866371099791083,3.13E+00,0,2566,3.88E+02,4.59E+02,4.25E+02,4.76E+02,3.75E+02,5.79E+02,4.39E+02,5.92E+02,3.90E+02,5.53E+02,4.19E+02,5.45E+02,6.58E-01,7.89E-01,4.92E+01
0.413809388875961,0.237727656960487,1.10609531402588,1.04058742523193,0.948884010314941,1.02654242515564,7.90E-01,6.88E-01,7.86E-01,6.74E-01,7.28E-01,2.47262637142785,3.53E+00,0,2569,3.87E+02,4.60E+02,4.25E+02,4.77E+02,3.76E+02,5.80E+02,4.38E+02,5.92E+02,3.89E+02,5.53E+02,4.19E+02,5.46E+02,8.82E-01,1.94E+00,4.74E+01
0.410149902105331,0.235195353627205,1.08841943740845,1.06152713298798,0.965003550052643,1.00916957855225,8.23E-01,6.84E-01,7.67E-01,6.78E-01,7.30E-01,-6.81893089796187,5.41E+00,0,2572,3.88E+02,4.60E+02,4.25E+02,4.77E+02,3.77E+02,5.79E+02,4.39E+02,5.90E+02,3.90E+02,5.54E+02,4.20E+02,5.45E+02,2.45E+00,8.97E-01,4.47E+01
0.413300335407257,0.237052828073502,1.10428261756897,1.05050075054169,0.962767124176025,1.02639162540436,7.93E-01,6.93E-01,7.67E-01,6.71E-01,7.27E-01,4.07872233951515,1.06E+01,0,2575,3.88E+02,4.60E+02,4.26E+02,4.77E+02,3.77E+02,5.81E+02,4.40E+02,5.92E+02,3.90E+02,5.53E+02,4.21E+02,5.47E+02,5.48E-01,1.69E+00,4.04E+01
0.407777726650238,0.233597815036774,1.08122038841248,1.04259705543518,0.950451612472534,1.01214814186096,8.26E-01,6.85E-01,7.89E-01,6.69E-01,7.23E-01,-0.895831755018221,9.14E-01,0,2578,3.89E+02,4.60E+02,4.26E+02,4.77E+02,3.78E+02,5.79E+02,4.41E+02,5.92E+02,3.91E+02,5.53E+02,4.21E+02,5.47E+02,3.62E+00,8.66E-01,3.32E+01
0.412852197885513,0.235754325985908,1.09024488925934,1.04403984546661,0.956109941005707,1.04188406467438,7.89E-01,6.92E-01,7.68E-01,6.73E-01,7.39E-01,-0.359143713003184,4.29E+00,0,2580,3.88E+02,4.60E+02,4.26E+02,4.77E+02,3.76E+02,5.81E+02,4.40E+02,5.92E+02,3.90E+02,5.54E+02,4.20E+02,5.45E+02,1.25E+00,1.21E-01,2.52E+01
0.411104410886765,0.231549367308617,1.07297456264496,1.05774796009064,0.944531500339508,1.00134027004242,8.15E-01,6.85E-01,7.72E-01,6.64E-01,7.32E-01,-1.84484599574752,7.15E+00,0,2583,3.89E+02,4.61E+02,4.27E+02,4.78E+02,3.78E+02,5.81E+02,4.41E+02,5.91E+02,3.91E+02,5.55E+02,4.22E+02,5.45E+02,2.75E+00,1.31E+00,1.67E+01
0.415493845939636,0.237004965543747,1.09255290031433,1.06265389919281,0.940500676631928,1.03772854804993,7.88E-01,6.98E-01,7.82E-01,6.63E-01,7.33E-01,3.78419295269144,4.01E+00,0,2586,3.89E+02,4.62E+02,4.27E+02,4.78E+02,3.78E+02,5.81E+02,4.41E+02,5.92E+02,3.92E+02,5.54E+02,4.23E+02,5.47E+02,4.20E-01,1.94E+00,7.11E+00
0.409208387136459,0.234666988253593,1.07968294620514,1.05087971687317,0.985195755958557,0.984957993030548,8.23E-01,6.74E-01,7.75E-01,6.91E-01,7.30E-01,-3.3622565320017,2.48E+00,0,2589,3.88E+02,4.70E+02,4.27E+02,4.88E+02,3.79E+02,5.91E+02,4.42E+02,6.02E+02,3.91E+02,5.65E+02,4.23E+02,5.56E+02,6.66E-01,2.76E-01,1.15E+00
0.411854535341263,0.237281247973442,1.06997418403625,1.04553520679474,0.945829570293427,1.00834882259369,7.86E-01,6.97E-01,7.72E-01,6.73E-01,7.29E-01,1.46406165437472,2.81E+00,0,2592,3.87E+02,4.74E+02,4.27E+02,4.90E+02,3.77E+02,5.94E+02,4.42E+02,6.02E+02,3.91E+02,5.68E+02,4.22E+02,5.58E+02,7.42E-01,1.14E+00,2.55E+00
0.408283591270447,0.236438870429993,1.08463203907013,1.03608405590057,1.05482411384583,0.982888340950012,8.13E-01,6.97E-01,7.61E-01,6.44E-01,6.83E-01,-0.854664534199556,1.27E+00,1,2594,3.85E+02,4.88E+02,4.26E+02,5.10E+02,3.75E+02,6.03E+02,4.47E+02,6.15E+02,3.90E+02,5.79E+02,4.28E+02,5.73E+02,7.91E-01,8.62E-02,5.25E+00
0.419373601675034,0.236215308308601,1.05212688446045,1.05094802379608,0.962086617946625,0.981401920318604,8.06E-01,7.08E-01,7.76E-01,6.98E-01,7.06E-01,2.57129521388067,3.51E+00,1,2597,3.78E+02,4.88E+02,4.39E+02,5.01E+02,3.89E+02,6.00E+02,4.63E+02,6.09E+02,4.03E+02,5.74E+02,4.50E+02,5.66E+02,6.10E-01,9.11E-01,4.82E+00
0.415809065103531,0.233171835541725,1.09393012523651,1.04371166229248,0.957072913646698,1.00357282161713,8.16E-01,6.82E-01,7.83E-01,6.92E-01,7.33E-01,-1.57400467849551,1.25E+00,1,2600,3.92E+02,4.81E+02,4.34E+02,4.96E+02,3.85E+02,5.97E+02,4.48E+02,6.09E+02,3.98E+02,5.72E+02,4.30E+02,5.64E+02,3.33E+00,9.24E-01,4.25E+00
0.416627258062363,0.232377052307129,1.08022141456604,1.06667029857636,0.96204549074173,1.08269166946411,8.01E-01,6.90E-01,7.64E-01,6.73E-01,7.35E-01,1.0228704947069,2.95E+00,1,2603,3.93E+02,4.79E+02,4.33E+02,4.95E+02,3.85E+02,5.99E+02,4.48E+02,6.09E+02,3.98E+02,5.71E+02,4.30E+02,5.64E+02,1.78E+00,2.63E+00,3.75E+00
0.409121006727219,0.230987265706062,1.09411644935608,1.03878426551819,0.970972120761871,1.09768438339233,8.26E-01,6.70E-01,7.85E-01,6.84E-01,7.23E-01,-0.908896343973504,2.15E+00,1,2606,3.94E+02,4.80E+02,4.34E+02,4.95E+02,3.86E+02,5.98E+02,4.48E+02,6.10E+02,4.00E+02,5.71E+02,4.29E+02,5.63E+02,2.31E+00,2.00E+00,1.63E+00
0.411123543977737,0.22945499420166,1.07877731323242,1.05266606807709,0.954798758029938,1.17183387279511,7.96E-01,6.92E-01,7.75E-01,6.74E-01,7.29E-01,0.632820160448607,7.43E+00,1,2608,3.94E+02,4.79E+02,4.35E+02,4.95E+02,3.86E+02,5.98E+02,4.49E+02,6.09E+02,3.99E+02,5.72E+02,4.31E+02,5.63E+02,2.35E+00,1.76E+00,1.73E+00
0.413612812757492,0.230824276804924,1.07705700397491,1.05203676223755,0.968652725219727,1.21434605121613,8.19E-01,6.82E-01,7.75E-01,6.90E-01,7.36E-01,-0.272092987757517,5.59E+00,1,2611,3.94E+02,4.79E+02,4.34E+02,4.95E+02,3.85E+02,5.99E+02,4.50E+02,6.08E+02,3.99E+02,5.71E+02,4.30E+02,5.65E+02,6.74E-01,1.21E+00,3.01E+00
0.414456933736801,0.23186457157135,1.05827784538269,1.04845190048218,0.967044830322266,1.27561175823212,7.87E-01,6.97E-01,7.78E-01,6.68E-01,7.28E-01,2.43643868737967,1.79E+00,1,2614,3.93E+02,4.79E+02,4.34E+02,4.95E+02,3.85E+02,5.98E+02,4.48E+02,6.09E+02,3.99E+02,5.70E+02,4.30E+02,5.63E+02,1.58E+00,3.97E-01,4.81E+00
0.409807503223419,0.230568423867226,1.06021428108215,1.03754830360413,0.98357492685318,1.30809700489044,8.11E-01,6.84E-01,7.85E-01,6.80E-01,7.33E-01,-2.24245443003077,4.11E+00,1,2617,3.94E+02,4.79E+02,4.35E+02,4.95E+02,3.86E+02,5.99E+02,4.48E+02,6.09E+02,3.99E+02,5.71E+02,4.30E+02,5.63E+02,9.94E-01,1.76E-01,7.10E+00
0.410986632108688,0.232768535614014,1.0758228302002,1.04992842674255,0.967597246170044,1.35666286945343,7.85E-01,6.94E-01,7.65E-01,6.71E-01,7.31E-01,5.93146298659862,2.57E+00,1,2620,3.94E+02,4.79E+02,4.35E+02,4.94E+02,3.86E+02,5.97E+02,4.49E+02,6.08E+02,4.00E+02,5.70E+02,4.30E+02,5.62E+02,4.53E-01,2.42E-01,8.94E+00
0.412006676197052,0.230549275875092,1.06137919425964,1.0484938621521,0.959470748901367,1.34844827651978,8.22E-01,6.78E-01,7.88E-01,6.83E-01,7.30E-01,-0.108596007717441,1.49E+00,1,2622,3.96E+02,4.78E+02,4.36E+02,4.94E+02,3.89E+02,5.96E+02,4.51E+02,6.07E+02,4.01E+02,5.70E+02,4.32E+02,5.62E+02,2.04E+00,1.32E+00,9.88E+00
0.407455861568451,0.234350845217705,1.0621474981308,1.05379939079285,0.95821350812912,1.41659927368164,7.90E-01,6.96E-01,7.58E-01,6.89E-01,7.29E-01,0.990964130150643,2.61E+00,1,2625,3.95E+02,4.78E+02,4.35E+02,4.94E+02,3.87E+02,5.96E+02,4.49E+02,6.09E+02,4.00E+02,5.70E+02,4.31E+02,5.62E+02,1.52E+00,2.38E+00,1.01E+01
0.406608283519745,0.231586143374443,1.05010843276978,1.04392504692078,0.976475059986115,1.40092813968658,8.22E-01,6.69E-01,7.81E-01,6.83E-01,7.31E-01,-6.12362041761771,2.72E+00,1,2628,3.96E+02,4.78E+02,4.36E+02,4.94E+02,3.88E+02,5.97E+02,4.51E+02,6.08E+02,4.01E+02,5.69E+02,4.32E+02,5.62E+02,6.10E-01,1.90E+00,1.00E+01
0.409548729658127,0.233939588069916,1.06439530849457,1.05390226840973,0.949440538883209,1.45355558395386,7.96E-01,6.86E-01,7.70E-01,6.89E-01,7.21E-01,0.993139593467031,1.60E+00,1,2631,3.95E+02,4.78E+02,4.36E+02,4.94E+02,3.87E+02,5.97E+02,4.50E+02,6.08E+02,4.01E+02,5.70E+02,4.31E+02,5.63E+02,8.39E-01,9.71E-01,9.09E+00
0.408530950546265,0.232812002301216,1.06876420974731,1.0487254858017,0.967640161514282,1.42779982089996,8.26E-01,6.77E-01,7.80E-01,6.93E-01,7.37E-01,-4.18140255455225,1.13E+00,1,2634,3.95E+02,4.78E+02,4.36E+02,4.94E+02,3.88E+02,5.96E+02,4.51E+02,6.08E+02,4.01E+02,5.70E+02,4.31E+02,5.63E+02,1.60E-01,1.37E+00,8.31E+00
0.412544906139374,0.236030414700508,1.06534588336945,1.04783475399017,0.953709244728088,1.46518588066101,7.97E-01,6.97E-01,7.87E-01,6.86E-01,7.23E-01,-0.057765532488496,3.87E+00,1,2636,3.95E+02,4.79E+02,4.38E+02,4.95E+02,3.89E+02,5.98E+02,4.52E+02,6.09E+02,4.03E+02,5.71E+02,4.34E+02,5.64E+02,6.81E-01,6.10E-01,8.58E+00
0.405241578817368,0.234213426709175,1.07432746887207,1.06476128101349,0.958435952663422,1.45514011383057,8.25E-01,6.92E-01,7.76E-01,6.89E-01,7.34E-01,-0.609504022856124,1.72E+00,1,2639,3.95E+02,4.78E+02,4.36E+02,4.94E+02,3.87E+02,5.97E+02,4.51E+02,6.09E+02,4.02E+02,5.69E+02,4.32E+02,5.62E+02,2.23E+00,1.41E+00,9.31E+00
0.403348445892334,0.233179479837418,1.0651730298996,1.02954471111298,0.955450117588043,1.47681248188019,7.95E-01,6.85E-01,7.76E-01,6.87E-01,7.40E-01,3.78700370256349,4.72E+00,1,2642,3.95E+02,4.79E+02,4.35E+02,4.95E+02,3.88E+02,5.97E+02,4.49E+02,6.09E+02,4.01E+02,5.71E+02,4.31E+02,5.64E+02,1.87E+00,1.38E+00,1.02E+01
0.402783870697022,0.235359147191048,1.04909694194794,1.0483512878418,0.970737218856812,1.46058523654938,8.25E-01,6.77E-01,7.87E-01,6.88E-01,7.34E-01,-2.0222150824673,3.65E-01,1,2645,3.95E+02,4.79E+02,4.36E+02,4.95E+02,3.89E+02,5.97E+02,4.50E+02,6.10E+02,4.02E+02,5.71E+02,4.32E+02,5.63E+02,2.11E+00,1.08E+00,1.21E+01
0.409854501485825,0.235895320773125,1.06432175636292,1.05213809013367,0.957386791706085,1.46783077716827,7.94E-01,6.86E-01,7.72E-01,6.99E-01,7.35E-01,0.56117195822247,5.33E-01,1,2648,3.91E+02,4.82E+02,4.34E+02,4.96E+02,3.86E+02,5.99E+02,4.50E+02,6.10E+02,4.00E+02,5.71E+02,4.30E+02,5.65E+02,1.47E+00,2.04E+00,1.23E+01
0.406841069459915,0.237029954791069,1.08124196529388,1.04989838600159,0.969358921051025,1.42343521118164,8.34E-01,6.90E-01,7.83E-01,6.99E-01,7.61E-01,-2.56396151986002,3.43E+00,1,2650,4.04E+02,4.81E+02,4.49E+02,4.97E+02,3.99E+02,5.99E+02,4.67E+02,6.10E+02,4.15E+02,5.71E+02,4.47E+02,5.65E+02,5.15E-01,7.83E-01,1.28E+01
0.4060098528862,0.236224114894867,1.05913376808167,1.04520785808563,0.952719330787659,1.46485233306885,7.93E-01,7.06E-01,7.91E-01,7.02E-01,7.56E-01,4.9732560171846,4.45E+00,1,2653,4.00E+02,4.79E+02,4.43E+02,4.95E+02,3.93E+02,5.97E+02,4.58E+02,6.08E+02,4.07E+02,5.70E+02,4.38E+02,5.63E+02,1.17E+00,1.52E+00,1.21E+01
0.401619732379913,0.237650617957115,1.04668951034546,1.04719388484955,0.962844491004944,1.45334255695343,8.33E-01,6.97E-01,8.01E-01,7.11E-01,7.63E-01,-6.04400529845246,2.60E+00,1,2656,3.97E+02,4.78E+02,4.37E+02,4.94E+02,3.89E+02,5.96E+02,4.51E+02,6.09E+02,4.02E+02,5.70E+02,4.32E+02,5.64E+02,1.61E+00,1.67E+00,1.15E+01
0.404490828514099,0.237420588731766,1.06145215034485,1.03559291362762,0.951059937477112,1.45283842086792,7.97E-01,7.13E-01,7.96E-01,7.07E-01,7.64E-01,4.41057846193183,2.46E+00,1,2659,3.96E+02,4.79E+02,4.36E+02,4.95E+02,3.87E+02,5.99E+02,4.50E+02,6.09E+02,4.01E+02,5.71E+02,4.32E+02,5.63E+02,1.91E+00,2.43E+00,1.11E+01
0.403360694646835,0.23542308807373,1.07587075233459,1.04622280597687,0.950521886348724,1.42563450336456,8.19E-01,6.99E-01,8.09E-01,7.17E-01,7.62E-01,-7.14254157186173,2.42E+00,1,2662,3.97E+02,4.78E+02,4.37E+02,4.93E+02,3.89E+02,5.97E+02,4.53E+02,6.10E+02,4.03E+02,5.70E+02,4.33E+02,5.63E+02,2.24E-01,3.11E+00,1.13E+01
0.400543063879013,0.238475367426872,1.06150758266449,1.03386235237122,0.952309191226959,1.41920244693756,8.07E-01,7.02E-01,7.94E-01,7.08E-01,7.51E-01,-0.230931783230871,4.05E+00,1,2664,3.97E+02,4.78E+02,4.37E+02,4.93E+02,3.89E+02,5.97E+02,4.53E+02,6.08E+02,4.03E+02,5.70E+02,4.32E+02,5.63E+02,2.65E+00,1.03E+00,1.16E+01
0.40376341342926,0.23640663921833,1.04625165462494,1.05491173267365,0.957448840141296,1.40416312217712,8.32E-01,6.91E-01,7.84E-01,7.11E-01,7.49E-01,0.530892735239931,1.36E+00,1,2667,3.97E+02,4.77E+02,4.37E+02,4.92E+02,3.90E+02,5.96E+02,4.53E+02,6.08E+02,4.03E+02,5.69E+02,4.32E+02,5.62E+02,9.35E-01,1.51E+00,1.36E+01
0.403594195842743,0.237223103642464,1.05204141139984,1.04747641086578,0.945257127285004,1.40143990516663,7.93E-01,6.99E-01,7.78E-01,6.98E-01,7.45E-01,4.28350805754174,8.26E-01,1,2670,3.95E+02,4.77E+02,4.37E+02,4.92E+02,3.88E+02,5.97E+02,4.52E+02,6.08E+02,4.02E+02,5.69E+02,4.32E+02,5.62E+02,1.31E+00,1.61E+00,1.43E+01
0.399568945169449,0.238337203860283,1.04721236228943,1.05191802978516,0.947830379009247,1.38592159748077,8.29E-01,6.86E-01,7.87E-01,7.05E-01,7.70E-01,-3.14410912055573,2.09E+00,1,2673,3.97E+02,4.77E+02,4.37E+02,4.93E+02,3.90E+02,5.95E+02,4.53E+02,6.10E+02,4.03E+02,5.69E+02,4.33E+02,5.63E+02,8.94E-01,2.50E-01,1.47E+01
0.401161342859268,0.236155524849892,1.06454992294312,1.05359816551209,0.943007707595825,1.37466239929199,7.94E-01,6.99E-01,7.70E-01,6.89E-01,7.60E-01,2.07424019667422,1.17E+00,0,2676,3.97E+02,4.76E+02,4.38E+02,4.92E+02,3.89E+02,5.96E+02,4.51E+02,6.08E+02,4.04E+02,5.68E+02,4.32E+02,5.62E+02,1.52E+00,7.18E-01,1.48E+01
0.402704805135727,0.241003647446632,1.04297339916229,1.05236780643463,0.960566580295563,1.34432077407837,8.23E-01,7.22E-01,7.74E-01,6.60E-01,7.47E-01,-0.107592499243999,7.85E+00,0,2678,3.82E+02,5.27E+02,4.21E+02,5.48E+02,3.78E+02,6.52E+02,4.42E+02,6.62E+02,3.91E+02,6.26E+02,4.19E+02,6.18E+02,4.38E+00,3.99E+00,1.15E+01
0.409675180912018,0.240658313035965,1.04669368267059,1.05793976783752,0.960754036903381,1.32029414176941,8.11E-01,7.16E-01,7.76E-01,6.77E-01,7.39E-01,0.888914250357508,4.04E+00,0,2681,3.84E+02,5.35E+02,4.21E+02,5.50E+02,3.77E+02,6.57E+02,4.41E+02,6.64E+02,3.89E+02,6.29E+02,4.19E+02,6.20E+02,2.94E+00,6.32E+00,7.44E+00
0.400946021080017,0.240188300609589,1.03974807262421,1.03418040275574,0.960060298442841,1.28323435783386,8.22E-01,7.29E-01,7.81E-01,6.63E-01,7.29E-01,-1.88241198505908,3.55E+00,0,2684,3.85E+02,5.18E+02,4.21E+02,5.33E+02,3.79E+02,6.40E+02,4.42E+02,6.48E+02,3.91E+02,6.12E+02,4.20E+02,6.04E+02,1.70E+00,5.17E+00,4.32E-01
0,0,0,0,0,0,0.00E+00,0.00E+00,0.00E+00,0.00E+00,0.00E+00,8.62634834622764,9.64E+00,0,2687,0.00E+00,0.00E+00,0.00E+00,0.00E+00,0.00E+00,0.00E+00,0.00E+00,0.00E+00,0.00E+00,0.00E+00,0.00E+00,0.00E+00,1.99E+00,2.16E+00,9.01E+00
0.404258906841278,0.234534174203873,1.040687084198,1.05617928504944,0.940822422504425,1.23514604568481,8.30E-01,7.06E-01,7.80E-01,6.50E-01,7.38E-01,0.945210501896735,7.29E-01,0,2690,3.88E+02,3.85E+02,4.23E+02,4.01E+02,3.79E+02,5.09E+02,4.42E+02,5.16E+02,3.93E+02,4.80E+02,4.20E+02,4.71E+02,3.63E+00,2.73E+00,1.69E+01
0.401498287916184,0.234309822320938,1.03270578384399,1.03563833236694,0.953307390213013,1.22701239585876,7.80E-01,7.00E-01,7.81E-01,6.81E-01,7.35E-01,-0.457055897229465,2.21E+00,0,2692,3.88E+02,3.85E+02,4.24E+02,4.01E+02,3.79E+02,5.09E+02,4.43E+02,5.17E+02,3.93E+02,4.80E+02,4.22E+02,4.72E+02,3.26E+00,4.17E+00,1.95E+01
0.398611545562744,0.234519183635712,1.04504120349884,1.05746817588806,0.939549922943115,1.18801164627075,8.21E-01,6.96E-01,7.84E-01,6.46E-01,7.38E-01,-4.6212001412247,4.82E+00,0,2695,3.89E+02,3.85E+02,4.24E+02,4.01E+02,3.80E+02,5.09E+02,4.43E+02,5.17E+02,3.93E+02,4.80E+02,4.22E+02,4.72E+02,1.46E+00,4.31E+00,2.33E+01
0.401653349399567,0.231961339712143,1.04550409317017,1.06623387336731,0.950190424919128,1.17746067047119,7.73E-01,6.96E-01,7.79E-01,6.82E-01,7.30E-01,3.76237151417271,3.15E+00,0,2698,3.88E+02,3.90E+02,4.23E+02,4.04E+02,3.79E+02,5.11E+02,4.42E+02,5.21E+02,3.93E+02,4.83E+02,4.22E+02,4.75E+02,2.58E+00,2.12E+00,2.28E+01
0.395404368638992,0.226100996136665,1.06964480876923,1.04752862453461,0.948894202709198,1.14936685562134,8.13E-01,7.04E-01,7.70E-01,6.43E-01,7.08E-01,-2.96468589919102,3.31E+00,0,2701,3.84E+02,4.62E+02,4.14E+02,4.83E+02,3.76E+02,5.93E+02,4.39E+02,6.00E+02,3.89E+02,5.63E+02,4.15E+02,5.55E+02,1.86E+00,9.53E-01,1.75E+01
0.401796698570251,0.227601408958435,1.07435917854309,1.05718338489532,0.943484306335449,1.15247619152069,7.83E-01,7.13E-01,7.71E-01,6.72E-01,7.24E-01,6.46519146009816,1.48E+00,0,2704,3.82E+02,4.72E+02,4.13E+02,4.89E+02,3.75E+02,6.00E+02,4.38E+02,6.04E+02,3.87E+02,5.71E+02,4.14E+02,5.61E+02,1.44E+00,2.02E+00,1.15E+01
0.400036036968231,0.223288923501968,1.05068099498749,1.0510641336441,0.950301826000214,1.14300215244293,8.19E-01,7.11E-01,7.74E-01,6.48E-01,7.15E-01,-6.68022559285833,4.20E+00,0,2706,3.81E+02,4.73E+02,4.11E+02,4.91E+02,3.73E+02,6.02E+02,4.35E+02,6.05E+02,3.85E+02,5.72E+02,4.12E+02,5.62E+02,8.04E-01,3.25E+00,1.13E+01
0.4008928835392,0.225266382098198,1.05528509616852,1.05352973937988,0.948797345161438,1.11816668510437,7.90E-01,7.16E-01,7.63E-01,6.59E-01,7.14E-01,0.115673184373361,4.60E+00,0,2709,3.81E+02,4.74E+02,4.11E+02,4.91E+02,3.74E+02,6.01E+02,4.36E+02,6.06E+02,3.85E+02,5.72E+02,4.12E+02,5.63E+02,1.50E+00,1.42E+00,1.77E+01
0.405880600214005,0.22277244925499,1.06116116046906,1.05301880836487,0.967145681381226,1.10633206367493,8.11E-01,7.12E-01,7.73E-01,6.55E-01,7.09E-01,0.34287598972048,3.33E-01,0,2712,3.82E+02,4.74E+02,4.12E+02,4.91E+02,3.74E+02,6.02E+02,4.37E+02,6.06E+02,3.85E+02,5.72E+02,4.12E+02,5.62E+02,3.03E+00,1.20E+00,2.34E+01
0.403204530477524,0.225531965494156,1.06481635570526,1.04600882530212,0.959148764610291,1.09629011154175,7.87E-01,7.18E-01,7.57E-01,6.57E-01,7.21E-01,2.89701981938873,1.29E+00,0,2715,3.82E+02,4.74E+02,4.11E+02,4.92E+02,3.73E+02,6.03E+02,4.36E+02,6.07E+02,3.86E+02,5.73E+02,4.12E+02,5.65E+02,2.34E-01,2.55E+00,2.71E+01
0.402815848588944,0.224484175443649,1.03826427459717,1.05094850063324,0.958584129810333,1.07937180995941,8.06E-01,7.06E-01,7.51E-01,6.44E-01,7.17E-01,0.400946700144521,6.47E+00,0,2718,3.82E+02,4.76E+02,4.12E+02,4.95E+02,3.74E+02,6.05E+02,4.37E+02,6.09E+02,3.86E+02,5.75E+02,4.12E+02,5.67E+02,2.55E+00,6.43E-01,2.60E+01
0.404189735651016,0.225646868348122,1.06149220466614,1.06748998165131,0.950296580791473,1.06508946418762,7.99E-01,7.15E-01,7.55E-01,6.57E-01,7.26E-01,0.001167440059763,1.49E+00,0,2720,3.82E+02,4.82E+02,4.13E+02,4.98E+02,3.74E+02,6.09E+02,4.36E+02,6.13E+02,3.86E+02,5.79E+02,4.13E+02,5.70E+02,2.82E+00,8.68E-01,2.44E+01
0.404521405696869,0.223701015114784,1.05521893501282,1.04966056346893,0.956491708755493,1.0571049451828,8.03E-01,7.19E-01,7.72E-01,6.56E-01,7.14E-01,-4.82515123545735,6.41E+00,0,2723,3.83E+02,4.83E+02,4.13E+02,5.01E+02,3.76E+02,6.10E+02,4.39E+02,6.15E+02,3.87E+02,5.82E+02,4.15E+02,5.73E+02,2.85E+00,1.59E+00,1.93E+01
0.401289999485016,0.22639736533165,1.04927313327789,1.05494904518127,0.947269797325134,1.04526650905609,7.99E-01,7.17E-01,7.69E-01,6.59E-01,7.20E-01,0.002670997446233,2.23E+00,0,2726,3.83E+02,4.84E+02,4.13E+02,5.01E+02,3.75E+02,6.10E+02,4.38E+02,6.15E+02,3.86E+02,5.83E+02,4.15E+02,5.75E+02,1.22E+00,6.56E-01,1.52E+01
0.406693339347839,0.225813582539558,1.0503625869751,1.04557538032532,0.960280358791351,1.03132784366608,8.01E-01,7.19E-01,7.70E-01,6.46E-01,7.12E-01,0.348223408762695,4.43E+00,0,2729,3.83E+02,4.85E+02,4.13E+02,5.02E+02,3.75E+02,6.12E+02,4.38E+02,6.16E+02,3.87E+02,5.84E+02,4.14E+02,5.73E+02,6.78E-01,1.07E+00,9.09E+00
0.402308344841003,0.224619358778,1.04858458042145,1.05834209918976,0.93792325258255,1.02540910243988,8.02E-01,7.17E-01,7.57E-01,6.62E-01,7.18E-01,2.47476364711526,4.22E-01,0,2732,3.84E+02,4.85E+02,4.13E+02,5.02E+02,3.76E+02,6.11E+02,4.38E+02,6.16E+02,3.87E+02,5.83E+02,4.15E+02,5.72E+02,2.35E+00,8.52E-01,5.09E+00
0.402249544858933,0.222573459148407,1.04716861248016,1.04310882091522,0.94954252243042,1.00699317455292,8.08E-01,7.19E-01,7.76E-01,6.58E-01,7.11E-01,-2.57396446192948,4.62E-01,0,2734,3.84E+02,4.84E+02,4.14E+02,5.01E+02,3.77E+02,6.11E+02,4.39E+02,6.15E+02,3.89E+02,5.81E+02,4.16E+02,5.74E+02,7.72E-01,1.12E+00,4.25E+00
0.400375872850418,0.223669826984406,1.03696870803833,1.05004549026489,0.951936423778534,1.01918745040894,7.99E-01,7.12E-01,7.75E-01,6.61E-01,7.22E-01,-1.34132737301421,3.95E+00,0,2737,3.83E+02,4.84E+02,4.14E+02,5.02E+02,3.76E+02,6.10E+02,4.38E+02,6.16E+02,3.87E+02,5.83E+02,4.15E+02,5.74E+02,4.25E+00,1.23E+00,5.26E+00
0.403718888759613,0.221329003572464,1.06493413448334,1.04935717582703,0.957046568393707,1.00269877910614,8.05E-01,7.22E-01,7.72E-01,6.54E-01,7.07E-01,-1.68597774434785,4.00E+00,0,2740,3.84E+02,4.85E+02,4.13E+02,5.01E+02,3.76E+02,6.11E+02,4.38E+02,6.15E+02,3.87E+02,5.83E+02,4.15E+02,5.74E+02,2.19E+00,2.66E+00,6.96E+00
0.405022829771042,0.223890945315361,1.04589784145355,1.05542862415314,0.949866950511932,1.00157868862152,8.01E-01,7.10E-01,7.47E-01,6.65E-01,7.08E-01,0.849625128152528,1.69E+00,0,2743,3.84E+02,4.84E+02,4.14E+02,5.01E+02,3.76E+02,6.08E+02,4.39E+02,6.15E+02,3.88E+02,5.82E+02,4.15E+02,5.74E+02,7.87E-01,9.31E-01,7.28E+00
0.406613230705261,0.222623720765114,1.03702616691589,1.04458284378052,0.95713484287262,1.00624084472656,8.06E-01,7.23E-01,7.80E-01,6.67E-01,7.19E-01,-1.107489734238,2.14E-01,0,2746,3.85E+02,4.84E+02,4.15E+02,5.01E+02,3.78E+02,6.12E+02,4.40E+02,6.16E+02,3.89E+02,5.81E+02,4.17E+02,5.72E+02,2.30E+00,9.19E-01,8.02E+00
0.402679026126862,0.221955880522728,1.06684064865112,1.04505503177643,0.947200179100037,1.00053668022156,7.95E-01,7.12E-01,7.57E-01,6.56E-01,7.16E-01,0.217400173996449,3.84E+00,0,2748,3.85E+02,4.82E+02,4.15E+02,5.00E+02,3.77E+02,6.11E+02,4.40E+02,6.14E+02,3.89E+02,5.81E+02,4.17E+02,5.72E+02,7.47E-01,8.30E-01,7.28E+00
0.408117741346359,0.221728920936584,1.03881561756134,1.05872929096222,0.945506393909454,0.996413469314575,8.05E-01,7.14E-01,7.89E-01,6.54E-01,7.22E-01,-7.93351487119832,7.61E+00,0,2751,3.85E+02,4.80E+02,4.15E+02,4.97E+02,3.78E+02,6.06E+02,4.39E+02,6.10E+02,3.88E+02,5.78E+02,4.16E+02,5.68E+02,2.37E+00,8.22E-01,8.57E+00
0.405832499265671,0.222150728106499,1.05948805809021,1.04727041721344,0.944601833820343,0.998678922653198,7.84E-01,7.17E-01,7.69E-01,6.62E-01,7.09E-01,-0.206370732508094,7.99E-01,0,2754,3.85E+02,4.77E+02,4.15E+02,4.95E+02,3.77E+02,6.04E+02,4.39E+02,6.09E+02,3.88E+02,5.76E+02,4.15E+02,5.67E+02,2.75E+00,1.37E+00,7.15E+00
0.415605932474136,0.218330323696136,1.04407453536987,1.03947710990906,0.959385097026825,0.987996637821198,7.96E-01,7.15E-01,7.87E-01,6.43E-01,7.23E-01,0.243146311268927,1.06E+01,0,2757,3.90E+02,4.74E+02,4.08E+02,4.94E+02,3.72E+02,6.03E+02,4.35E+02,6.07E+02,3.83E+02,5.75E+02,4.11E+02,5.66E+02,4.58E+00,1.25E+00,6.65E+00
0.403189688920975,0.218920007348061,1.0488703250885,1.05328822135925,0.944129884243012,1.00417590141296,7.85E-01,7.13E-01,7.52E-01,6.50E-01,7.10E-01,6.99035421293,4.22E+00,0,2760,3.82E+02,4.74E+02,4.12E+02,4.92E+02,3.73E+02,6.02E+02,4.35E+02,6.06E+02,3.85E+02,5.72E+02,4.12E+02,5.63E+02,6.62E+00,5.74E+00,4.96E+00
0.401415914297104,0.219762340188026,1.05660700798035,1.05458581447601,0.965660035610199,1.00830066204071,8.17E-01,7.12E-01,7.73E-01,6.61E-01,7.02E-01,-8.33989241915319,3.62E+00,0,2762,3.82E+02,4.73E+02,4.12E+02,4.90E+02,3.75E+02,6.00E+02,4.36E+02,6.04E+02,3.86E+02,5.71E+02,4.13E+02,5.61E+02,1.55E+00,8.28E+00,1.14E+00
0.395695358514786,0.218544334173203,1.04795145988464,1.04676520824432,0.953705072402954,0.988864302635193,7.75E-01,7.10E-01,7.45E-01,6.63E-01,7.10E-01,-0.148846440936767,1.46E+00,0,2765,3.83E+02,4.70E+02,4.13E+02,4.88E+02,3.74E+02,5.97E+02,4.36E+02,6.02E+02,3.87E+02,5.68E+02,4.15E+02,5.61E+02,7.60E-01,6.27E+00,5.06E+00
0.4023357629776,0.220130920410156,1.05961334705353,1.04663825035095,0.962059080600739,0.996745228767395,8.08E-01,7.02E-01,7.77E-01,6.55E-01,7.15E-01,-3.07724164927175,2.59E+00,0,2768,3.83E+02,4.69E+02,4.12E+02,4.86E+02,3.74E+02,5.97E+02,4.37E+02,6.00E+02,3.86E+02,5.66E+02,4.13E+02,5.56E+02,6.68E-01,2.07E+00,1.24E+01
0.401731461286545,0.22063259780407,1.05566799640656,1.0494372844696,0.951228618621826,1.00458133220673,7.96E-01,6.95E-01,7.59E-01,6.58E-01,7.12E-01,4.76365767000623,6.56E-01,0,2771,3.83E+02,4.65E+02,4.13E+02,4.84E+02,3.75E+02,5.95E+02,4.37E+02,5.99E+02,3.86E+02,5.64E+02,4.15E+02,5.57E+02,5.86E-01,1.07E+00,2.24E+01
0.398767054080963,0.21940889954567,1.0434707403183,1.03903543949127,0.957492828369141,0.988693475723267,7.98E-01,6.99E-01,7.63E-01,6.42E-01,7.06E-01,-0.110858497805216,2.73E+00,0,2774,3.83E+02,4.63E+02,4.13E+02,4.80E+02,3.75E+02,5.92E+02,4.36E+02,5.94E+02,3.86E+02,5.59E+02,4.13E+02,5.51E+02,5.17E-01,1.09E+00,3.28E+01
0.397923797369003,0.220273211598396,1.05099749565125,1.05278658866882,0.959757208824158,0.981707572937012,7.74E-01,7.15E-01,7.74E-01,6.50E-01,7.14E-01,-0.304885054027706,2.65E+00,0,2776,3.83E+02,4.59E+02,4.13E+02,4.78E+02,3.73E+02,5.88E+02,4.37E+02,5.92E+02,3.86E+02,5.58E+02,4.13E+02,5.49E+02,1.95E+00,1.28E+00,3.92E+01
0.402089685201645,0.216101750731468,1.06728553771973,1.0510687828064,0.965524196624756,1.0114438533783,8.13E-01,7.04E-01,7.76E-01,6.57E-01,7.12E-01,-1.93414178275567,2.37E+00,0,2779,3.83E+02,4.57E+02,4.13E+02,4.75E+02,3.74E+02,5.84E+02,4.37E+02,5.88E+02,3.85E+02,5.55E+02,4.12E+02,5.45E+02,6.84E-01,4.40E-01,4.50E+01
0.393599629402161,0.216822773218155,1.03503620624542,1.04595959186554,0.940615653991699,0.988262176513672,7.67E-01,7.02E-01,7.54E-01,6.51E-01,7.10E-01,1.20583644788907,1.44E+00,0,2782,3.84E+02,4.55E+02,4.13E+02,4.74E+02,3.73E+02,5.82E+02,4.35E+02,5.88E+02,3.86E+02,5.53E+02,4.14E+02,5.46E+02,1.48E+00,9.90E-01,4.80E+01
0.400012761354446,0.215500056743622,1.06064963340759,1.0544764995575,0.969999551773071,0.985025346279144,8.03E-01,6.92E-01,7.75E-01,6.44E-01,7.08E-01,-0.492548926826886,5.20E-01,0,2785,3.85E+02,4.53E+02,4.13E+02,4.71E+02,3.75E+02,5.79E+02,4.37E+02,5.85E+02,3.86E+02,5.51E+02,4.14E+02,5.42E+02,1.09E+00,1.33E+00,4.43E+01
0.396177262067795,0.215685844421387,1.05267512798309,1.05370390415192,0.947408616542816,0.984571158885956,7.78E-01,6.98E-01,7.66E-01,6.63E-01,7.12E-01,1.29207627986384,1.18E+00,0,2788,3.83E+02,4.53E+02,4.13E+02,4.71E+02,3.74E+02,5.78E+02,4.37E+02,5.85E+02,3.86E+02,5.51E+02,4.13E+02,5.42E+02,4.98E-01,1.12E+00,3.73E+01
0.398601979017258,0.214267432689667,1.04329931735992,1.05760073661804,0.969007015228272,0.972656726837158,8.11E-01,6.94E-01,7.71E-01,6.47E-01,7.14E-01,-1.65073052370751,3.30E+00,0,2790,3.84E+02,4.53E+02,4.14E+02,4.71E+02,3.74E+02,5.80E+02,4.36E+02,5.84E+02,3.86E+02,5.51E+02,4.14E+02,5.43E+02,1.50E+00,1.78E+00,3.02E+01
0.395628094673157,0.21610563993454,1.04615497589111,1.04843783378601,0.935446739196777,0.996195614337921,7.77E-01,7.04E-01,7.58E-01,6.69E-01,7.15E-01,-0.576945397261026,1.19E+00,0,2793,3.84E+02,4.53E+02,4.14E+02,4.72E+02,3.74E+02,5.79E+02,4.37E+02,5.86E+02,3.87E+02,5.51E+02,4.15E+02,5.43E+02,2.61E-01,1.45E+00,2.02E+01
0.398554742336273,0.213465347886085,1.03910505771637,1.05158531665802,0.964666485786438,0.995841801166534,8.08E-01,7.00E-01,7.70E-01,6.46E-01,7.11E-01,-4.44645531791155,2.47E+00,0,2796,3.85E+02,4.53E+02,4.15E+02,4.71E+02,3.75E+02,5.79E+02,4.38E+02,5.85E+02,3.88E+02,5.51E+02,4.14E+02,5.42E+02,1.29E+00,7.23E-01,1.00E+01
0.395996689796448,0.215331569314003,1.05981934070587,1.0478128194809,0.946750819683075,1.00425720214844,7.67E-01,7.09E-01,7.51E-01,6.52E-01,7.12E-01,5.0799769602204,3.98E+00,0,2799,3.84E+02,4.52E+02,4.14E+02,4.70E+02,3.74E+02,5.78E+02,4.37E+02,5.85E+02,3.87E+02,5.49E+02,4.14E+02,5.42E+02,1.72E+00,1.91E+00,2.71E+00
0.396325320005417,0.214349374175072,1.06031036376953,1.04335463047028,0.975741505622864,1.00700914859772,7.95E-01,6.88E-01,7.69E-01,6.50E-01,7.09E-01,0.347187498331944,6.25E-01,0,2802,3.85E+02,4.51E+02,4.15E+02,4.69E+02,3.76E+02,5.78E+02,4.37E+02,5.84E+02,3.87E+02,5.49E+02,4.14E+02,5.39E+02,7.85E-01,1.55E+00,1.99E+00
0.395038813352585,0.213863328099251,1.04868268966675,1.05418562889099,0.965045511722565,1.01666378974915,7.75E-01,7.00E-01,7.46E-01,6.59E-01,7.15E-01,-0.847494688772466,1.09E+00,0,2804,3.84E+02,4.49E+02,4.14E+02,4.68E+02,3.75E+02,5.76E+02,4.37E+02,5.82E+02,3.88E+02,5.48E+02,4.15E+02,5.39E+02,1.44E+00,5.00E-01,4.68E+00
0.391668379306793,0.211982652544975,1.05074024200439,1.05146408081055,0.958102881908417,0.997371256351471,8.01E-01,6.91E-01,7.64E-01,6.29E-01,7.10E-01,-3.44597213269925,7.33E-01,0,2807,3.85E+02,4.46E+02,4.14E+02,4.64E+02,3.74E+02,5.72E+02,4.37E+02,5.78E+02,3.87E+02,5.43E+02,4.14E+02,5.35E+02,6.44E-01,5.01E-01,5.26E+00
0.398267924785614,0.214803367853165,1.06919181346893,1.0630145072937,0.943577766418457,1.00848507881165,7.66E-01,6.96E-01,7.72E-01,6.72E-01,7.16E-01,0.892110407650068,3.59E-01,0,2810,3.85E+02,4.43E+02,4.15E+02,4.62E+02,3.74E+02,5.71E+02,4.37E+02,5.77E+02,3.87E+02,5.43E+02,4.15E+02,5.35E+02,1.11E+00,7.27E-01,4.97E+00
0.391561985015869,0.211255550384521,1.06016039848328,1.05356419086456,0.96115243434906,1.00378966331482,7.99E-01,6.94E-01,7.80E-01,6.61E-01,7.18E-01,-0.003459740387187,1.07E+00,0,2813,3.85E+02,4.40E+02,4.15E+02,4.57E+02,3.74E+02,5.67E+02,4.36E+02,5.70E+02,3.87E+02,5.37E+02,4.14E+02,5.28E+02,1.05E+00,1.27E+00,4.13E+00
0.394990742206573,0.211532235145569,1.06787919998169,1.06860685348511,0.931989908218384,1.00063335895538,7.74E-01,7.05E-01,7.61E-01,6.61E-01,7.16E-01,6.57203233887815,4.36E+00,0,2816,3.85E+02,4.37E+02,4.15E+02,4.56E+02,3.74E+02,5.66E+02,4.36E+02,5.71E+02,3.87E+02,5.36E+02,4.15E+02,5.28E+02,1.66E+00,1.67E+00,4.00E+00
0.3939268887043,0.210896670818329,1.05753982067108,1.05664050579071,0.976453840732574,1.01820158958435,7.97E-01,6.96E-01,7.81E-01,6.46E-01,7.14E-01,-6.47749987944551,2.65E+00,0,2818,3.86E+02,4.35E+02,4.15E+02,4.52E+02,3.74E+02,5.61E+02,4.35E+02,5.66E+02,3.87E+02,5.32E+02,4.15E+02,5.23E+02,6.13E-01,1.68E+00,3.75E+00
0.392605006694794,0.210675075650215,1.06937098503113,1.05578541755676,0.93849915266037,0.998022437095642,7.63E-01,7.06E-01,7.72E-01,6.64E-01,7.17E-01,-1.51258744300391,5.34E-01,0,2821,3.86E+02,4.32E+02,4.16E+02,4.51E+02,3.75E+02,5.59E+02,4.38E+02,5.66E+02,3.88E+02,5.31E+02,4.17E+02,5.22E+02,1.96E+00,5.57E-01,3.59E+00
0.393342256546021,0.2078567892313,1.06122922897339,1.05700421333313,0.960229218006134,1.01766741275787,8.09E-01,6.95E-01,7.77E-01,6.60E-01,7.15E-01,0.663328532510442,1.62E+00,0,2824,3.87E+02,4.29E+02,4.17E+02,4.47E+02,3.76E+02,5.55E+02,4.38E+02,5.60E+02,3.88E+02,5.26E+02,4.16E+02,5.18E+02,2.08E+00,7.16E-01,2.76E+00
0.399169713258743,0.210322171449661,1.07249402999878,1.05531191825867,0.95678037405014,1.00146496295929,7.77E-01,6.97E-01,7.60E-01,6.60E-01,7.20E-01,11.3941489639768,2.95E+00,0,2827,3.87E+02,4.26E+02,4.17E+02,4.45E+02,3.76E+02,5.54E+02,4.40E+02,5.59E+02,3.88E+02,5.25E+02,4.18E+02,5.17E+02,1.30E+00,1.29E+00,2.54E+00
0.398963093757629,0.210982725024223,1.0434455871582,1.05950331687927,0.958502471446991,1.00868260860443,8.21E-01,6.96E-01,7.80E-01,6.53E-01,7.30E-01,-2.84731301027408,2.93E+00,0,2830,3.88E+02,4.21E+02,4.18E+02,4.38E+02,3.76E+02,5.47E+02,4.39E+02,5.52E+02,3.89E+02,5.18E+02,4.17E+02,5.09E+02,9.22E-01,1.38E+00,2.51E+00
0.395789921283722,0.211014300584793,1.04428017139435,1.05380845069885,0.949735283851624,1.00283002853394,7.59E-01,7.03E-01,7.86E-01,6.56E-01,7.23E-01,-1.6982774848345,5.14E+00,0,2832,3.88E+02,4.17E+02,4.18E+02,4.36E+02,3.76E+02,5.43E+02,4.38E+02,5.51E+02,3.88E+02,5.16E+02,4.16E+02,5.07E+02,1.79E+00,1.02E+00,2.42E+00
0.396676987409592,0.211971238255501,1.04816234111786,1.04927182197571,0.95700079202652,1.01300835609436,8.05E-01,6.89E-01,7.81E-01,6.60E-01,7.20E-01,-1.21346898431049,1.68E+00,0,2835,3.89E+02,4.15E+02,4.19E+02,4.32E+02,3.77E+02,5.38E+02,4.39E+02,5.46E+02,3.89E+02,5.11E+02,4.17E+02,5.03E+02,8.58E-01,1.28E+00,1.14E+00
0.396544724702835,0.215392410755157,1.05152094364166,1.0667861700058,0.957476019859314,0.981302499771118,7.67E-01,7.00E-01,7.53E-01,6.54E-01,7.22E-01,0.885038584848358,2.44E+00,0,2838,3.89E+02,4.13E+02,4.19E+02,4.31E+02,3.76E+02,5.39E+02,4.38E+02,5.46E+02,3.88E+02,5.11E+02,4.17E+02,5.02E+02,1.00E+00,1.23E+00,1.11E+00
0.400768905878067,0.213718980550766,1.04261887073517,1.04210186004639,0.939478814601898,1.023472905159,8.13E-01,6.93E-01,7.78E-01,6.48E-01,7.22E-01,0.289742416700325,1.57E+00,0,2841,3.90E+02,4.10E+02,4.20E+02,4.28E+02,3.77E+02,5.34E+02,4.39E+02,5.42E+02,3.90E+02,5.08E+02,4.18E+02,4.99E+02,9.71E-01,1.07E+00,3.15E+00
0.400932192802429,0.215853095054626,1.04828572273254,1.0555911064148,0.951071262359619,0.985256910324097,7.77E-01,7.07E-01,7.72E-01,6.73E-01,7.21E-01,2.98574891064661,1.28E+00,0,2844,3.90E+02,4.08E+02,4.20E+02,4.27E+02,3.76E+02,5.33E+02,4.39E+02,5.42E+02,3.90E+02,5.06E+02,4.19E+02,4.98E+02,8.29E-01,4.48E-01,5.39E+00
0.399481654167175,0.215998530387878,1.03181874752045,1.03927516937256,0.944127440452576,1.0223296880722,8.19E-01,6.97E-01,7.84E-01,6.48E-01,7.15E-01,-3.34909769928179,6.32E-01,0,2846,3.91E+02,4.05E+02,4.20E+02,4.23E+02,3.78E+02,5.30E+02,4.39E+02,5.36E+02,3.91E+02,5.02E+02,4.18E+02,4.91E+02,6.01E-01,5.80E-01,6.65E+00
0.403055846691132,0.219124317169189,1.0522233247757,1.06418633460999,0.955141961574554,0.976473689079285,7.76E-01,6.98E-01,7.66E-01,6.61E-01,7.33E-01,-0.054244422600616,2.62E-01,0,2849,3.91E+02,4.03E+02,4.21E+02,4.23E+02,3.76E+02,5.32E+02,4.39E+02,5.37E+02,3.90E+02,5.01E+02,4.18E+02,4.92E+02,4.40E-01,8.10E-01,6.88E+00
0.400973379611969,0.215605586767197,1.05214953422546,1.04142200946808,0.950287640094757,1.02792036533356,8.16E-01,6.97E-01,7.79E-01,6.50E-01,7.24E-01,0.142077492248469,3.16E+00,0,2852,3.92E+02,4.00E+02,4.21E+02,4.18E+02,3.78E+02,5.24E+02,4.40E+02,5.32E+02,3.90E+02,4.97E+02,4.19E+02,4.88E+02,5.81E-01,7.90E-01,6.28E+00
0.401941061019897,0.218857139348984,1.04210782051086,1.05960011482239,0.960036158561707,0.975640535354614,7.75E-01,6.99E-01,7.67E-01,6.67E-01,7.19E-01,6.69549587316074,2.57E+00,0,2855,3.92E+02,3.97E+02,4.22E+02,4.17E+02,3.78E+02,5.25E+02,4.40E+02,5.30E+02,3.91E+02,4.96E+02,4.21E+02,4.88E+02,2.92E-01,5.73E-01,4.82E+00
0.397958695888519,0.217102691531181,1.04696726799011,1.05213785171509,0.9591184258461,1.03374671936035,8.13E-01,6.95E-01,7.76E-01,6.45E-01,7.21E-01,1.564666037502,1.75E+00,0,2858,3.93E+02,3.94E+02,4.22E+02,4.12E+02,3.79E+02,5.19E+02,4.41E+02,5.25E+02,3.91E+02,4.90E+02,4.20E+02,4.81E+02,1.21E+00,4.32E-01,4.09E+00
0.398050487041473,0.21780264377594,1.04923248291016,1.05680871009827,0.962637960910797,0.976502895355225,7.73E-01,6.94E-01,7.78E-01,6.51E-01,7.22E-01,-0.58087312327108,8.74E-01,0,2860,3.93E+02,3.91E+02,4.23E+02,4.11E+02,3.78E+02,5.19E+02,4.40E+02,5.25E+02,3.91E+02,4.90E+02,4.20E+02,4.80E+02,9.70E-01,1.26E+00,4.02E+00
0.399616986513138,0.216154471039772,1.04882967472076,1.05345439910889,0.9531409740448,1.01813936233521,8.16E-01,6.95E-01,7.86E-01,6.53E-01,7.26E-01,-5.73757622469522,2.01E+00,0,2863,3.95E+02,3.88E+02,4.24E+02,4.06E+02,3.79E+02,5.13E+02,4.44E+02,5.19E+02,3.93E+02,4.85E+02,4.21E+02,4.75E+02,4.72E-01,1.61E+00,4.00E+00
0.396862298250198,0.216336384415627,1.05321335792542,1.06071877479553,0.954816818237305,0.98740166425705,7.72E-01,6.80E-01,7.69E-01,6.68E-01,7.26E-01,-0.125752468866085,6.53E-01,0,2866,3.94E+02,3.95E+02,4.26E+02,4.10E+02,3.80E+02,5.13E+02,4.45E+02,5.20E+02,3.93E+02,4.85E+02,4.24E+02,4.79E+02,5.31E-01,9.18E-01,6.06E+00
0.393043756484985,0.212476253509521,1.04616272449493,1.04918766021729,0.942852795124054,1.0398736000061,8.12E-01,6.89E-01,7.72E-01,6.55E-01,7.18E-01,0.286437362764309,3.68E-01,0,2869,3.94E+02,3.89E+02,4.25E+02,4.05E+02,3.78E+02,5.10E+02,4.43E+02,5.15E+02,3.92E+02,4.80E+02,4.24E+02,4.72E+02,1.44E+00,4.32E-01,7.24E+00
0.400558710098267,0.218583673238754,1.04507625102997,1.03956484794617,0.958086669445038,0.985472917556763,7.74E-01,7.07E-01,7.77E-01,6.63E-01,7.37E-01,1.42414373835721,2.06E+00,0,2872,3.95E+02,3.81E+02,4.26E+02,4.00E+02,3.79E+02,5.06E+02,4.42E+02,5.15E+02,3.93E+02,4.78E+02,4.23E+02,4.69E+02,5.89E-01,1.18E+00,9.49E+00
0.394754499197006,0.217876493930817,1.04468500614166,1.04546439647675,0.965783536434174,1.03634691238403,8.16E-01,7.03E-01,7.78E-01,6.58E-01,7.33E-01,-0.75119244613846,2.36E+00,0,2874,3.96E+02,3.81E+02,4.26E+02,3.99E+02,3.81E+02,5.06E+02,4.44E+02,5.14E+02,3.94E+02,4.77E+02,4.22E+02,4.69E+02,6.97E-01,4.67E-01,9.82E+00
0.398210227489471,0.218671336770058,1.05812501907349,1.0621862411499,0.986661672592163,0.993116557598114,7.79E-01,6.97E-01,7.74E-01,6.48E-01,7.16E-01,-0.203798143532823,2.04E+00,0,2877,3.95E+02,3.84E+02,4.27E+02,4.05E+02,3.79E+02,5.09E+02,4.45E+02,5.15E+02,3.94E+02,4.79E+02,4.26E+02,4.72E+02,9.71E-01,1.86E+00,1.11E+01
0.397973328828812,0.216407135128975,1.04849290847778,1.03712272644043,0.947393536567688,1.05490124225616,8.12E-01,6.97E-01,7.88E-01,6.60E-01,7.29E-01,-1.24827893275647,2.41E+00,0,2880,3.96E+02,3.82E+02,4.27E+02,4.01E+02,3.79E+02,5.08E+02,4.44E+02,5.12E+02,3.94E+02,4.78E+02,4.23E+02,4.69E+02,1.75E+00,2.20E+00,1.03E+01
0.407658636569977,0.218468800187111,1.06379389762878,1.05573964118958,0.955375254154205,0.997998535633087,7.92E-01,7.07E-01,7.73E-01,6.70E-01,7.34E-01,4.97196061950543,2.01E+00,0,2883,3.95E+02,3.82E+02,4.25E+02,4.01E+02,3.79E+02,5.08E+02,4.43E+02,5.15E+02,3.93E+02,4.78E+02,4.21E+02,4.69E+02,1.03E+00,1.58E+00,9.16E+00
0.397442162036896,0.219249844551086,1.02176916599274,1.046226978302,0.948611497879028,1.03253042697907,8.23E-01,7.12E-01,8.02E-01,6.92E-01,7.54E-01,0.715987951532396,2.75E-01,0,2886,3.96E+02,3.83E+02,4.25E+02,4.00E+02,3.80E+02,5.08E+02,4.43E+02,5.15E+02,3.94E+02,4.78E+02,4.22E+02,4.69E+02,1.32E+00,1.06E+00,6.59E+00
0.398547381162643,0.220239594578743,1.0408616065979,1.05519807338715,0.964751958847046,1.01861143112183,7.84E-01,7.17E-01,7.87E-01,7.19E-01,7.50E-01,-0.432868896460268,4.00E-01,0,2888,3.95E+02,3.83E+02,4.26E+02,4.02E+02,3.79E+02,5.08E+02,4.43E+02,5.15E+02,3.93E+02,4.79E+02,4.24E+02,4.71E+02,1.31E+00,1.51E+00,4.63E+00
0.41970220208168,0.221709191799164,1.05212354660034,1.07160151004791,0.941929876804352,1.05092513561249,8.44E-01,7.17E-01,8.21E-01,7.00E-01,7.62E-01,-4.52689649702732,3.36E+00,0,2891,3.96E+02,3.83E+02,4.26E+02,4.00E+02,3.81E+02,5.09E+02,4.45E+02,5.14E+02,3.95E+02,4.78E+02,4.23E+02,4.70E+02,8.18E-01,2.00E+00,2.12E+00
0.400617480278015,0.222593083977699,1.06965446472168,1.06047892570496,0.960483491420746,1.01386761665344,8.07E-01,7.28E-01,7.92E-01,7.21E-01,7.75E-01,2.24648196794797,1.87E+00,0,2894,3.97E+02,3.84E+02,4.27E+02,4.00E+02,3.80E+02,5.07E+02,4.43E+02,5.14E+02,3.93E+02,4.78E+02,4.24E+02,4.67E+02,9.27E-01,1.79E+00,2.27E+00
0.401437997817993,0.221496194601059,1.04897093772888,1.07726037502289,0.950784742832184,1.0651376247406,8.34E-01,7.17E-01,7.96E-01,6.89E-01,7.56E-01,0.434928344536094,5.94E-02,0,2897,3.96E+02,3.82E+02,4.27E+02,4.00E+02,3.81E+02,5.08E+02,4.44E+02,5.15E+02,3.95E+02,4.78E+02,4.24E+02,4.70E+02,8.78E-01,9.07E-01,3.69E+00
0.402176648378372,0.222299888730049,1.06264078617096,1.05627775192261,0.959571778774262,1.01442551612854,7.98E-01,7.17E-01,7.84E-01,7.23E-01,7.43E-01,5.5306773828488,1.78E+00,0,2900,3.97E+02,3.81E+02,4.28E+02,4.00E+02,3.81E+02,5.08E+02,4.45E+02,5.13E+02,3.95E+02,4.78E+02,4.24E+02,4.69E+02,8.00E-01,4.11E-01,3.45E+00
0.399811625480652,0.223197340965271,1.07991969585419,1.16031444072723,0.961748659610748,1.05320334434509,8.37E-01,7.21E-01,8.00E-01,6.79E-01,7.44E-01,-5.22303816228144,2.35E+00,0,2902,3.97E+02,3.82E+02,4.27E+02,4.00E+02,3.81E+02,5.09E+02,4.45E+02,5.14E+02,3.96E+02,4.78E+02,4.24E+02,4.69E+02,6.15E-01,2.42E-01,4.21E+00
0.401396334171295,0.223996922373772,1.05336403846741,1.06208670139313,0.960201263427734,1.02643001079559,7.88E-01,7.18E-01,7.82E-01,6.95E-01,7.26E-01,0.008524105352191,1.72E-01,0,2905,3.97E+02,3.81E+02,4.28E+02,4.00E+02,3.81E+02,5.04E+02,4.44E+02,5.14E+02,3.96E+02,4.76E+02,4.24E+02,4.68E+02,2.28E+00,1.44E+00,5.27E+00
0.404109239578247,0.219796180725098,1.04687941074371,1.05978941917419,0.952983498573303,1.04251325130463,8.30E-01,7.09E-01,7.96E-01,6.56E-01,7.24E-01,0.232743160840504,2.33E+00,0,2908,3.98E+02,3.79E+02,4.28E+02,3.97E+02,3.82E+02,5.04E+02,4.45E+02,5.11E+02,3.96E+02,4.75E+02,4.24E+02,4.65E+02,1.81E-01,2.51E+00,7.83E+00
0.405611306428909,0.221049293875694,1.05701589584351,1.05009651184082,0.966344892978668,1.01295065879822,7.87E-01,7.09E-01,7.72E-01,6.93E-01,7.25E-01,2.54448545204333,3.35E+00,0,2911,3.98E+02,3.77E+02,4.29E+02,3.96E+02,3.83E+02,5.01E+02,4.46E+02,5.10E+02,3.97E+02,4.73E+02,4.25E+02,4.65E+02,2.30E+00,1.29E+00,9.93E+00
0.401330381631851,0.222829326987267,1.03468668460846,1.05623435974121,0.954049527645111,1.04377508163452,8.25E-01,7.15E-01,7.86E-01,6.68E-01,7.18E-01,0.961266123531168,4.07E+00,0,2914,3.99E+02,3.75E+02,4.30E+02,3.93E+02,3.84E+02,4.99E+02,4.47E+02,5.07E+02,3.98E+02,4.70E+02,4.26E+02,4.62E+02,6.08E-01,5.21E-01,1.21E+01
0.406160026788712,0.221991345286369,1.03645944595337,1.05888187885284,0.953863680362701,1.0125058889389,7.83E-01,6.98E-01,7.86E-01,6.61E-01,7.17E-01,1.31817635662547,2.81E+00,0,2916,4.00E+02,3.71E+02,4.30E+02,3.91E+02,3.82E+02,4.96E+02,4.46E+02,5.04E+02,3.97E+02,4.68E+02,4.26E+02,4.60E+02,1.16E+00,6.69E-01,1.28E+01
0.405177384614944,0.223702102899551,1.06191527843475,1.0823700428009,0.945305407047272,1.04130041599274,8.18E-01,7.06E-01,7.90E-01,6.54E-01,7.20E-01,-6.40168733984933,4.05E+00,0,2919,4.02E+02,3.69E+02,4.32E+02,3.87E+02,3.86E+02,4.92E+02,4.48E+02,5.01E+02,3.99E+02,4.64E+02,4.29E+02,4.57E+02,6.07E-01,2.25E-01,1.25E+01
0.40770560503006,0.222397476434708,1.05301678180695,1.06264638900757,0.952364861965179,0.996240735054016,7.91E-01,7.01E-01,7.66E-01,6.78E-01,7.15E-01,2.26526608177835,3.39E+00,0,2922,4.02E+02,3.66E+02,4.32E+02,3.85E+02,3.84E+02,4.90E+02,4.48E+02,4.97E+02,3.99E+02,4.62E+02,4.29E+02,4.54E+02,6.35E-01,6.59E-01,1.17E+01
0.407370209693909,0.221796557307243,1.05718243122101,1.04637598991394,0.95181930065155,1.030601978302,8.23E-01,7.01E-01,7.83E-01,6.52E-01,7.05E-01,0.306133489547718,2.00E+00,0,2925,4.03E+02,3.63E+02,4.33E+02,3.80E+02,3.86E+02,4.84E+02,4.48E+02,4.94E+02,4.00E+02,4.57E+02,4.28E+02,4.49E+02,1.98E+00,6.95E-01,9.17E+00
0.410592019557953,0.221295699477196,1.04841136932373,1.0594767332077,0.962461054325104,0.992522060871124,7.87E-01,7.03E-01,8.00E-01,6.70E-01,7.05E-01,1.21393252791612,8.80E-01,0,2928,4.04E+02,3.56E+02,4.35E+02,3.77E+02,3.87E+02,4.80E+02,4.49E+02,4.90E+02,4.00E+02,4.53E+02,4.32E+02,4.44E+02,1.45E+00,1.18E+00,6.59E+00
0.414192140102387,0.224251583218575,1.0666629076004,1.08761501312256,0.953714847564697,1.03474712371826,8.20E-01,7.07E-01,7.90E-01,6.46E-01,7.05E-01,-1.05895363809167,1.63E+00,0,2930,4.06E+02,3.53E+02,4.36E+02,3.71E+02,3.88E+02,4.77E+02,4.50E+02,4.86E+02,4.02E+02,4.48E+02,4.31E+02,4.40E+02,1.44E+00,1.31E+00,4.14E+00
0.414249777793884,0.223913997411728,1.05734586715698,1.04941892623901,0.957732617855072,1.00936901569366,7.86E-01,6.97E-01,7.86E-01,6.58E-01,7.00E-01,0.470694890916633,2.46E+00,0,2933,4.06E+02,3.49E+02,4.36E+02,3.70E+02,3.87E+02,4.74E+02,4.51E+02,4.84E+02,4.02E+02,4.46E+02,4.31E+02,4.37E+02,9.63E-01,7.44E-01,5.02E+00
0.416437268257141,0.224002555012703,1.04941010475159,1.08959472179413,0.958486437797546,1.04881238937378,8.25E-01,7.00E-01,7.96E-01,6.46E-01,7.16E-01,-5.20932320294271,4.85E+00,0,2936,4.08E+02,3.44E+02,4.38E+02,3.63E+02,3.89E+02,4.68E+02,4.52E+02,4.77E+02,4.04E+02,4.39E+02,4.32E+02,4.31E+02,1.71E+00,1.06E+00,7.24E+00
0.418550491333008,0.223359793424606,1.07067561149597,1.03575098514557,0.97360897064209,1.01375985145569,7.93E-01,6.99E-01,7.84E-01,6.68E-01,7.07E-01,8.45425135197308,5.01E+00,0,2939,4.09E+02,3.42E+02,4.39E+02,3.62E+02,3.90E+02,4.65E+02,4.52E+02,4.75E+02,4.04E+02,4.38E+02,4.34E+02,4.30E+02,2.11E+00,2.45E+00,8.44E+00
0.414864212274551,0.225566700100899,1.0628547668457,1.06306087970734,0.93891966342926,1.05248653888702,8.11E-01,6.96E-01,7.94E-01,6.54E-01,7.02E-01,1.39580662180151,1.63E+00,0,2942,4.10E+02,3.39E+02,4.40E+02,3.58E+02,3.90E+02,4.63E+02,4.54E+02,4.72E+02,4.05E+02,4.35E+02,4.35E+02,4.28E+02,1.78E+00,2.49E+00,7.84E+00
0.419908761978149,0.226959764957428,1.05911719799042,1.05335831642151,0.958090722560883,1.01167511940002,7.96E-01,6.98E-01,7.71E-01,6.56E-01,6.97E-01,-0.536260026438252,1.29E+00,0,2944,4.09E+02,3.36E+02,4.40E+02,3.56E+02,3.90E+02,4.58E+02,4.54E+02,4.70E+02,4.04E+02,4.32E+02,4.35E+02,4.24E+02,1.18E+00,5.68E-01,8.12E+00
0.417585700750351,0.226603925228119,1.05659151077271,1.0484265089035,0.954384088516235,1.04269444942474,8.23E-01,6.99E-01,7.88E-01,6.67E-01,6.97E-01,-0.187437262143915,1.66E+00,0,2947,4.11E+02,3.32E+02,4.42E+02,3.51E+02,3.92E+02,4.53E+02,4.54E+02,4.63E+02,4.06E+02,4.27E+02,4.36E+02,4.20E+02,8.09E-01,1.19E+00,5.60E+00
0.418885111808777,0.22481606900692,1.05635797977448,1.04900133609772,0.96105283498764,1.02763140201569,7.97E-01,6.99E-01,7.90E-01,6.59E-01,7.02E-01,0.653297134474295,3.57E+00,0,2950,4.10E+02,3.31E+02,4.41E+02,3.51E+02,3.90E+02,4.55E+02,4.54E+02,4.63E+02,4.06E+02,4.26E+02,4.35E+02,4.19E+02,1.39E+00,1.86E+00,3.54E+00
0.418368190526962,0.228371560573578,1.07838845252991,1.04007339477539,0.966659486293793,1.05754363536835,8.19E-01,7.05E-01,7.91E-01,6.45E-01,7.07E-01,-0.202967422336582,2.99E+00,0,2953,4.12E+02,3.28E+02,4.43E+02,3.46E+02,3.92E+02,4.51E+02,4.55E+02,4.61E+02,4.07E+02,4.22E+02,4.35E+02,4.14E+02,7.71E-01,1.02E+00,1.81E+00
0.416788309812546,0.227205455303192,1.05816054344177,1.03248393535614,0.959839522838593,1.02285635471344,7.93E-01,6.93E-01,7.74E-01,6.71E-01,7.10E-01,2.2049003384867,2.17E+00,0,2956,4.12E+02,3.23E+02,4.43E+02,3.43E+02,3.91E+02,4.49E+02,4.53E+02,4.57E+02,4.07E+02,4.19E+02,4.37E+02,4.12E+02,4.90E-01,6.43E-01,1.17E+00
0.413392573595047,0.227909475564957,1.07154941558838,1.02003121376038,0.974434673786163,1.03951036930084,8.25E-01,7.05E-01,7.88E-01,6.58E-01,7.11E-01,-0.192047115251902,8.85E-02,0,2958,4.14E+02,3.21E+02,4.45E+02,3.40E+02,3.94E+02,4.44E+02,4.56E+02,4.53E+02,4.09E+02,4.16E+02,4.38E+02,4.07E+02,6.57E-01,1.13E+00,1.59E+00
0.417353540658951,0.22634482383728,1.06510996818542,1.02785801887512,0.968172967433929,1.0178314447403,7.93E-01,6.88E-01,7.73E-01,6.72E-01,7.00E-01,-0.317395267741284,3.80E+00,0,2961,4.19E+02,3.18E+02,4.50E+02,3.38E+02,3.97E+02,4.39E+02,4.61E+02,4.51E+02,4.12E+02,4.13E+02,4.43E+02,4.07E+02,2.68E+00,1.39E+00,5.78E-01
0.414870917797089,0.227648988366127,1.05711150169373,1.02074217796326,0.950770199298859,1.04766094684601,8.23E-01,7.00E-01,7.88E-01,6.52E-01,7.11E-01,0.190638835555061,5.96E+00,0,2964,4.19E+02,3.17E+02,4.50E+02,3.36E+02,3.98E+02,4.39E+02,4.60E+02,4.48E+02,4.13E+02,4.12E+02,4.43E+02,4.05E+02,9.53E-01,2.63E+00,2.25E+00
0.415461838245392,0.224229916930199,1.03936350345612,1.05965685844421,0.966180086135864,1.02423191070557,7.83E-01,6.93E-01,7.61E-01,6.68E-01,7.03E-01,2.06087313135456,2.65E+00,0,2967,4.19E+02,3.16E+02,4.51E+02,3.36E+02,3.99E+02,4.38E+02,4.62E+02,4.49E+02,4.13E+02,4.12E+02,4.44E+02,4.06E+02,2.75E+00,5.72E-01,4.43E+00
0.411676168441772,0.223990872502327,1.08311569690704,1.01990139484406,0.961449503898621,1.02489137649536,8.27E-01,6.98E-01,7.58E-01,6.48E-01,7.13E-01,0.40086118559374,3.23E+00,0,2970,4.20E+02,3.15E+02,4.51E+02,3.34E+02,3.99E+02,4.38E+02,4.62E+02,4.47E+02,4.14E+02,4.10E+02,4.44E+02,4.01E+02,4.72E-01,1.60E+00,5.22E+00
0.419263184070587,0.226403504610062,1.06122601032257,1.025306224823,0.979612588882446,1.02576112747192,7.89E-01,6.90E-01,7.61E-01,6.68E-01,7.08E-01,-1.35380453386727,1.29E+00,0,2972,4.19E+02,3.15E+02,4.50E+02,3.34E+02,3.97E+02,4.37E+02,4.60E+02,4.48E+02,4.13E+02,4.10E+02,4.43E+02,4.03E+02,7.92E-01,7.64E-01,5.55E+00
0.412527292966843,0.223666206002235,1.05731749534607,1.043381690979,0.963129103183746,1.04325902462006,8.22E-01,6.90E-01,7.69E-01,6.53E-01,7.09E-01,-0.555000467179668,8.39E-01,0,2975,4.20E+02,3.15E+02,4.52E+02,3.34E+02,4.00E+02,4.37E+02,4.61E+02,4.48E+02,4.14E+02,4.10E+02,4.44E+02,4.02E+02,1.06E-01,2.35E+00,6.50E+00
0.417792409658432,0.223845586180687,1.05435681343079,1.02834141254425,0.963307023048401,1.04050016403198,8.03E-01,6.89E-01,7.73E-01,6.60E-01,7.04E-01,1.35806107544063,1.04E+00,0,2978,4.19E+02,3.14E+02,4.51E+02,3.34E+02,3.99E+02,4.36E+02,4.63E+02,4.46E+02,4.14E+02,4.09E+02,4.44E+02,4.02E+02,1.60E+00,7.63E-01,8.34E+00
0.413799047470093,0.224562019109726,1.03843355178833,1.03014373779297,0.958547234535217,1.05076897144318,8.41E-01,6.97E-01,7.63E-01,6.66E-01,7.18E-01,-0.077682366949527,4.78E-01,0,2981,4.21E+02,3.14E+02,4.52E+02,3.34E+02,3.99E+02,4.37E+02,4.63E+02,4.47E+02,4.14E+02,4.10E+02,4.45E+02,4.02E+02,3.06E-01,1.35E+00,9.35E+00
0.416771203279495,0.226383209228516,1.05984354019165,1.02386224269867,0.983452022075653,1.0460969209671,7.99E-01,6.81E-01,7.67E-01,6.55E-01,7.07E-01,1.67759620486256,3.77E+00,0,2984,4.19E+02,3.14E+02,4.51E+02,3.33E+02,4.00E+02,4.35E+02,4.62E+02,4.47E+02,4.14E+02,4.09E+02,4.45E+02,4.03E+02,1.15E+00,1.11E+00,8.89E+00
0.412749111652374,0.225456163287163,1.05860090255737,1.03172159194946,0.962749004364014,1.06225275993347,8.32E-01,7.00E-01,7.81E-01,6.52E-01,7.14E-01,-0.209371173343055,3.02E+00,0,2986,4.20E+02,3.14E+02,4.51E+02,3.34E+02,3.99E+02,4.37E+02,4.61E+02,4.47E+02,4.14E+02,4.09E+02,4.44E+02,4.03E+02,1.73E+00,9.72E-01,9.30E+00
0.419484376907349,0.225268051028252,1.06930863857269,1.04736697673798,0.970363616943359,1.05214321613312,7.93E-01,7.04E-01,7.66E-01,6.65E-01,7.21E-01,-0.343043386947598,3.41E+00,0,2989,4.18E+02,3.17E+02,4.50E+02,3.36E+02,3.98E+02,4.38E+02,4.61E+02,4.49E+02,4.13E+02,4.12E+02,4.43E+02,4.06E+02,4.77E-01,1.24E+00,6.17E+00
0.413618683815002,0.225177705287933,1.06326329708099,1.04265069961548,0.962440013885498,1.04581785202026,8.26E-01,6.97E-01,7.74E-01,6.55E-01,7.15E-01,0.222600915887575,4.04E+00,0,2992,4.19E+02,3.17E+02,4.51E+02,3.36E+02,3.99E+02,4.39E+02,4.61E+02,4.50E+02,4.14E+02,4.12E+02,4.43E+02,4.04E+02,8.22E-01,1.43E-01,3.33E+00
0.417287260293961,0.225467279553413,1.05252873897553,1.03971099853516,0.96172422170639,1.04542171955109,7.98E-01,6.92E-01,7.62E-01,6.73E-01,7.01E-01,2.68249821920824,2.42E+00,0,2995,4.18E+02,3.18E+02,4.50E+02,3.37E+02,3.99E+02,4.40E+02,4.61E+02,4.50E+02,4.13E+02,4.13E+02,4.43E+02,4.05E+02,2.36E+00,2.59E+00,3.74E+00
0.414043426513672,0.225778609514236,1.05378878116608,1.02986943721771,0.95481812953949,1.0498389005661,8.35E-01,7.03E-01,7.80E-01,6.71E-01,7.10E-01,2.71559507606604,3.63E-01,0,2998,4.19E+02,3.18E+02,4.51E+02,3.37E+02,4.00E+02,4.38E+02,4.61E+02,4.50E+02,4.14E+02,4.13E+02,4.45E+02,4.06E+02,1.61E+00,2.90E+00,5.50E+00
0.420474857091904,0.226825520396233,1.08833253383636,1.03327441215515,0.976459562778473,1.03562295436859,7.99E-01,6.96E-01,7.74E-01,6.78E-01,7.12E-01,-0.446723064469224,4.65E-01,0,3000,4.18E+02,3.18E+02,4.51E+02,3.37E+02,3.99E+02,4.40E+02,4.62E+02,4.49E+02,4.13E+02,4.13E+02,4.44E+02,4.06E+02,2.07E-01,1.43E+00,7.75E+00
0.410268783569336,0.227617889642715,1.05904817581177,1.0337678194046,0.973266243934631,1.0368857383728,8.41E-01,6.93E-01,7.84E-01,6.71E-01,7.15E-01,-0.546883206012605,2.54E+00,0,3003,4.19E+02,3.18E+02,4.51E+02,3.37E+02,3.98E+02,4.40E+02,4.63E+02,4.50E+02,4.13E+02,4.13E+02,4.44E+02,4.05E+02,4.11E-01,5.03E-01,7.78E+00
0.41993972659111,0.226082801818848,1.07747328281403,1.03412127494812,0.967568755149841,1.0465829372406,8.00E-01,6.91E-01,7.65E-01,6.79E-01,7.12E-01,0.75383234969448,6.28E-01,0,3006,4.19E+02,3.18E+02,4.52E+02,3.37E+02,3.99E+02,4.40E+02,4.62E+02,4.50E+02,4.14E+02,4.13E+02,4.45E+02,4.07E+02,1.39E+00,1.25E+00,7.15E+00
0.413615584373474,0.225468978285789,1.06043231487274,1.04449617862701,0.965005695819855,1.03447389602661,8.38E-01,6.90E-01,7.84E-01,6.76E-01,7.12E-01,-0.852827494151199,2.35E+00,0,3009,4.19E+02,3.18E+02,4.52E+02,3.37E+02,4.00E+02,4.39E+02,4.62E+02,4.50E+02,4.14E+02,4.13E+02,4.45E+02,4.05E+02,1.48E+00,7.13E-01,7.22E+00
0.418980747461319,0.226615354418755,1.07086002826691,1.04473531246185,0.987244665622711,1.03742134571075,7.97E-01,6.86E-01,7.68E-01,6.74E-01,7.10E-01,1.63099071819094,3.70E+00,0,3012,4.19E+02,3.18E+02,4.52E+02,3.37E+02,3.99E+02,4.40E+02,4.62E+02,4.50E+02,4.14E+02,4.12E+02,4.44E+02,4.06E+02,7.66E-01,3.64E-01,7.00E+00
0.416564226150513,0.226368948817253,1.06979274749756,1.03793346881866,0.96873950958252,1.03645491600037,8.50E-01,7.04E-01,7.71E-01,6.72E-01,7.21E-01,-0.656923558350558,8.06E-01,0,3014,4.19E+02,3.17E+02,4.52E+02,3.35E+02,3.99E+02,4.36E+02,4.62E+02,4.47E+02,4.14E+02,4.10E+02,4.46E+02,4.03E+02,1.25E+00,9.13E-01,6.15E+00
0.42100602388382,0.227228924632072,1.05354523658752,1.03860700130463,0.968984067440033,1.03789985179901,7.95E-01,6.88E-01,7.70E-01,6.69E-01,7.18E-01,-0.080481831368999,1.20E+00,0,3017,4.20E+02,3.15E+02,4.54E+02,3.34E+02,4.01E+02,4.37E+02,4.63E+02,4.46E+02,4.16E+02,4.09E+02,4.47E+02,4.02E+02,6.05E-01,3.33E-01,6.16E+00
0.41175177693367,0.225354790687561,1.06359529495239,1.03927600383759,0.971994757652283,1.03197979927063,8.40E-01,6.87E-01,7.86E-01,6.69E-01,7.17E-01,-1.68140796366823,3.93E-01,0,3020,4.21E+02,3.14E+02,4.54E+02,3.33E+02,4.01E+02,4.37E+02,4.65E+02,4.46E+02,4.16E+02,4.08E+02,4.48E+02,4.02E+02,1.05E+00,2.49E-01,4.98E+00
0.418660253286362,0.229022741317749,1.0585343837738,1.032719373703,0.972908139228821,1.02264356613159,8.10E-01,6.93E-01,7.79E-01,6.77E-01,7.11E-01,1.43873902587235,2.47E+00,0,3023,4.24E+02,3.14E+02,4.56E+02,3.32E+02,4.02E+02,4.36E+02,4.65E+02,4.45E+02,4.18E+02,4.07E+02,4.50E+02,4.01E+02,1.14E+00,3.67E-01,4.55E+00
0.416438043117523,0.226452440023422,1.0791380405426,1.04583513736725,0.979078769683838,1.02480852603912,8.34E-01,6.93E-01,7.73E-01,6.70E-01,7.11E-01,1.37243089817041,1.76E+00,0,3026,4.25E+02,3.13E+02,4.58E+02,3.32E+02,4.04E+02,4.35E+02,4.67E+02,4.46E+02,4.20E+02,4.07E+02,4.52E+02,4.01E+02,1.32E+00,1.04E+00,4.44E+00
0.418264985084534,0.228471487760544,1.06564593315125,1.04489624500275,0.974839508533478,1.02193117141724,7.99E-01,6.79E-01,7.88E-01,6.70E-01,7.17E-01,-0.417852082528159,7.05E-01,0,3028,4.25E+02,3.13E+02,4.58E+02,3.33E+02,4.04E+02,4.35E+02,4.67E+02,4.46E+02,4.20E+02,4.07E+02,4.51E+02,4.00E+02,1.72E+00,2.46E+00,4.03E+00
0.409683227539063,0.22477687895298,1.05288028717041,1.0261926651001,0.959648549556732,1.02054190635681,8.45E-01,6.85E-01,7.70E-01,6.82E-01,7.16E-01,-1.8704487288729,3.91E+00,0,3031,4.25E+02,3.12E+02,4.59E+02,3.31E+02,4.06E+02,4.33E+02,4.67E+02,4.44E+02,4.21E+02,4.05E+02,4.52E+02,3.99E+02,1.38E+00,2.39E+00,4.53E+00
0.415362626314163,0.225985750555992,1.06156396865845,1.03451943397522,0.971615731716156,1.03236198425293,7.98E-01,6.81E-01,7.77E-01,6.72E-01,7.18E-01,1.55815661278823,1.81E-01,0,3034,4.26E+02,3.13E+02,4.60E+02,3.32E+02,4.07E+02,4.32E+02,4.68E+02,4.44E+02,4.21E+02,4.07E+02,4.52E+02,4.00E+02,1.54E+00,1.15E+00,6.35E+00
0.414878338575363,0.223835408687592,1.05611526966095,1.02963507175446,0.962253749370575,1.02000033855438,8.46E-01,6.92E-01,7.79E-01,6.82E-01,7.10E-01,0.342982918704556,5.93E-01,0,3037,4.27E+02,3.11E+02,4.60E+02,3.30E+02,4.06E+02,4.32E+02,4.68E+02,4.43E+02,4.22E+02,4.05E+02,4.53E+02,3.98E+02,6.76E-01,1.34E+00,7.90E+00
0.418617457151413,0.225156381726265,1.06866097450256,1.02613842487335,0.970016777515411,1.01818931102753,8.01E-01,6.78E-01,7.74E-01,6.62E-01,7.15E-01,0.476810399028254,1.77E+00,0,3040,4.27E+02,3.10E+02,4.60E+02,3.29E+02,4.05E+02,4.31E+02,4.69E+02,4.42E+02,4.21E+02,4.03E+02,4.53E+02,3.97E+02,4.81E-01,5.16E-01,1.07E+01
0.412493914365768,0.224503055214882,1.07294964790344,1.03205072879791,0.987786948680878,1.00696611404419,8.29E-01,6.98E-01,7.66E-01,6.84E-01,7.18E-01,-2.26834367356897,3.64E+00,0,3042,4.27E+02,3.08E+02,4.61E+02,3.27E+02,4.07E+02,4.29E+02,4.70E+02,4.39E+02,4.23E+02,4.02E+02,4.54E+02,3.93E+02,4.67E-01,1.17E+00,1.27E+01
0.419509828090668,0.223300889134407,1.04252910614014,1.03027951717377,0.997931778430939,1.02224695682526,8.03E-01,6.92E-01,7.87E-01,6.73E-01,7.05E-01,-0.039965290441012,2.63E+00,0,3045,4.28E+02,3.07E+02,4.61E+02,3.26E+02,4.06E+02,4.28E+02,4.70E+02,4.38E+02,4.22E+02,4.00E+02,4.53E+02,3.93E+02,1.81E+00,1.63E+00,1.42E+01
0.409697026014328,0.225058287382126,1.06665134429932,1.03393864631653,0.968194961547852,1.01286494731903,8.38E-01,6.90E-01,7.75E-01,6.75E-01,7.08E-01,0.014480259535875,8.78E-01,0,3048,4.28E+02,3.07E+02,4.62E+02,3.25E+02,4.08E+02,4.27E+02,4.71E+02,4.37E+02,4.23E+02,4.00E+02,4.56E+02,3.94E+02,2.26E+00,9.34E-01,1.41E+01
0.416507571935654,0.224486440420151,1.05283415317535,1.05165803432465,0.967953681945801,1.02199590206146,8.04E-01,6.89E-01,7.79E-01,6.76E-01,7.08E-01,4.39860369256961,9.67E-01,0,3051,4.28E+02,3.05E+02,4.62E+02,3.24E+02,4.08E+02,4.25E+02,4.70E+02,4.37E+02,4.23E+02,3.99E+02,4.55E+02,3.92E+02,7.05E-01,1.17E+00,1.29E+01
0.414036989212036,0.223920837044716,1.04319620132446,1.04312694072723,0.959226667881012,1.01195442676544,8.45E-01,6.83E-01,7.84E-01,6.77E-01,7.18E-01,-0.287248268591025,1.12E+00,0,3054,4.29E+02,3.04E+02,4.63E+02,3.23E+02,4.09E+02,4.24E+02,4.71E+02,4.38E+02,4.24E+02,3.97E+02,4.57E+02,3.93E+02,2.25E+00,2.00E+00,9.42E+00
0.413000345230103,0.224691301584244,1.054851770401,1.03492093086243,0.975424528121948,1.00952553749084,7.93E-01,6.81E-01,7.59E-01,6.75E-01,7.11E-01,0.104579022309968,5.80E+00,0,3056,4.29E+02,3.03E+02,4.63E+02,3.22E+02,4.09E+02,4.23E+02,4.72E+02,4.34E+02,4.23E+02,3.97E+02,4.56E+02,3.90E+02,2.62E+00,1.41E+00,7.74E+00
0.415240257978439,0.225963488221169,1.07644605636597,1.03928911685944,0.956853449344635,1.00846874713898,8.24E-01,6.90E-01,7.77E-01,6.79E-01,7.19E-01,-1.85333493825112,2.97E-01,0,3059,4.31E+02,3.02E+02,4.64E+02,3.20E+02,4.10E+02,4.21E+02,4.73E+02,4.31E+02,4.24E+02,3.95E+02,4.57E+02,3.88E+02,1.81E+00,2.69E+00,5.56E+00
0.416165322065353,0.225565314292908,1.06064486503601,1.03860187530518,0.975374221801758,1.00939893722534,8.11E-01,6.91E-01,7.67E-01,6.69E-01,7.17E-01,0.300777922796661,4.15E+00,0,3062,4.31E+02,2.99E+02,4.65E+02,3.19E+02,4.10E+02,4.20E+02,4.72E+02,4.30E+02,4.25E+02,3.93E+02,4.57E+02,3.86E+02,2.00E+00,3.11E+00,5.82E+00
0.417453676462173,0.2264384329319,1.0602775812149,1.03722965717316,0.942304968833923,1.01089560985565,8.28E-01,6.96E-01,7.78E-01,6.78E-01,7.17E-01,0.035686905051073,9.71E-01,0,3065,4.32E+02,2.99E+02,4.66E+02,3.18E+02,4.11E+02,4.18E+02,4.73E+02,4.30E+02,4.26E+02,3.92E+02,4.59E+02,3.86E+02,1.08E+00,2.96E+00,6.98E+00
0.413466036319733,0.229541301727295,1.05705916881561,1.03264319896698,0.973708093166351,1.01763224601746,8.07E-01,6.89E-01,7.60E-01,6.59E-01,7.14E-01,1.75860712939499,4.17E+00,0,3068,4.33E+02,2.97E+02,4.67E+02,3.16E+02,4.12E+02,4.17E+02,4.74E+02,4.29E+02,4.26E+02,3.91E+02,4.59E+02,3.83E+02,1.65E+00,2.01E+00,6.60E+00
0.411680907011032,0.224866420030594,1.06085479259491,1.0364156961441,0.968372166156769,1.01957309246063,8.25E-01,6.99E-01,7.80E-01,6.75E-01,7.21E-01,-2.8013683868804,2.95E+00,0,3070,4.34E+02,2.96E+02,4.68E+02,3.15E+02,4.13E+02,4.15E+02,4.76E+02,4.27E+02,4.29E+02,3.89E+02,4.61E+02,3.83E+02,3.80E-01,1.33E+00,6.18E+00
0.413573414087296,0.223686262965202,1.06054496765137,1.05055034160614,0.953334152698517,1.02235877513886,7.99E-01,6.81E-01,7.71E-01,6.73E-01,7.12E-01,1.24588868518786,5.66E+00,0,3073,4.35E+02,2.95E+02,4.68E+02,3.14E+02,4.13E+02,4.15E+02,4.75E+02,4.27E+02,4.29E+02,3.88E+02,4.61E+02,3.81E+02,6.57E-01,4.99E-01,5.08E+00
0.410238444805145,0.22697402536869,1.05850124359131,1.03936636447907,0.956113934516907,1.00769674777985,8.04E-01,7.02E-01,7.88E-01,6.84E-01,7.25E-01,0.167813893453293,8.95E-02,0,3076,4.35E+02,2.93E+02,4.69E+02,3.11E+02,4.14E+02,4.13E+02,4.77E+02,4.24E+02,4.29E+02,3.85E+02,4.61E+02,3.80E+02,9.44E-01,2.62E+00,6.14E+00
0.40899395942688,0.228710383176804,1.05338609218597,1.044593334198,0.964444279670715,1.01731240749359,8.12E-01,6.88E-01,7.60E-01,6.83E-01,7.30E-01,0.727790718379316,1.71E+00,0,3079,4.35E+02,2.92E+02,4.69E+02,3.11E+02,4.13E+02,4.13E+02,4.77E+02,4.24E+02,4.29E+02,3.85E+02,4.61E+02,3.78E+02,3.53E+00,2.06E+00,9.69E+00
0.414856344461441,0.226560547947884,1.07119512557983,1.04716610908508,0.967079281806946,1.01801633834839,8.22E-01,6.98E-01,7.83E-01,6.74E-01,7.21E-01,0.117254934011849,3.83E+00,0,3082,4.35E+02,2.92E+02,4.70E+02,3.11E+02,4.14E+02,4.12E+02,4.77E+02,4.24E+02,4.29E+02,3.85E+02,4.61E+02,3.79E+02,5.58E+00,2.44E+00,1.16E+01
0.41333594918251,0.227994218468666,1.0495936870575,1.06315791606903,0.962462067604065,1.02463412284851,8.10E-01,6.92E-01,7.88E-01,6.79E-01,7.23E-01,0.888786499074611,3.34E+00,0,3084,4.35E+02,2.91E+02,4.70E+02,3.11E+02,4.14E+02,4.12E+02,4.76E+02,4.23E+02,4.30E+02,3.84E+02,4.61E+02,3.77E+02,4.57E+00,3.38E+00,1.34E+01
0.412394613027573,0.228214964270592,1.07786011695862,1.04355704784393,0.971588730812073,1.0375804901123,8.03E-01,7.06E-01,7.72E-01,6.82E-01,7.24E-01,-0.207364413319238,2.07E-01,0,3087,4.35E+02,2.91E+02,4.70E+02,3.11E+02,4.14E+02,4.11E+02,4.78E+02,4.23E+02,4.30E+02,3.84E+02,4.61E+02,3.79E+02,3.67E+00,1.89E+00,1.30E+01
0.411828875541687,0.228093281388283,1.0668979883194,1.05727553367615,0.970808148384094,1.03551244735718,8.13E-01,6.81E-01,7.67E-01,6.82E-01,7.13E-01,5.76099704138118,7.63E+00,0,3090,4.36E+02,2.92E+02,4.71E+02,3.11E+02,4.14E+02,4.11E+02,4.77E+02,4.23E+02,4.30E+02,3.85E+02,4.62E+02,3.77E+02,3.20E+00,1.14E+00,1.37E+01
0.411826819181442,0.227675333619118,1.05868172645569,1.04386556148529,0.966537296772003,1.03988122940063,8.21E-01,6.99E-01,7.75E-01,6.72E-01,7.17E-01,0.576770454215842,1.57E+00,0,3093,4.36E+02,2.92E+02,4.71E+02,3.10E+02,4.15E+02,4.12E+02,4.78E+02,4.22E+02,4.30E+02,3.84E+02,4.63E+02,3.78E+02,2.75E+00,1.57E+00,1.34E+01
0.414373517036438,0.229346692562103,1.05614578723907,1.05698716640472,0.952530682086945,1.04124391078949,8.12E-01,6.86E-01,7.70E-01,6.63E-01,7.20E-01,1.42291503645562,2.54E+00,0,3096,4.35E+02,2.92E+02,4.70E+02,3.11E+02,4.15E+02,4.10E+02,4.78E+02,4.23E+02,4.30E+02,3.86E+02,4.62E+02,3.77E+02,4.72E+00,1.79E+00,1.55E+01
0.412956207990646,0.229575008153915,1.05885136127472,1.03678786754608,0.957660853862762,1.02857744693756,8.17E-01,6.90E-01,7.71E-01,6.84E-01,7.12E-01,-1.52848052658797,2.03E+00,0,3098,4.36E+02,2.91E+02,4.71E+02,3.10E+02,4.15E+02,4.10E+02,4.79E+02,4.22E+02,4.30E+02,3.84E+02,4.63E+02,3.76E+02,3.11E+00,2.09E+00,1.43E+01
0.41689333319664,0.231021299958229,1.05526900291443,1.02997291088104,0.971512317657471,1.04736566543579,8.13E-01,6.85E-01,7.63E-01,6.75E-01,7.18E-01,-0.180161710130224,9.46E-01,0,3101,4.37E+02,2.90E+02,4.71E+02,3.10E+02,4.16E+02,4.09E+02,4.78E+02,4.22E+02,4.31E+02,3.83E+02,4.64E+02,3.76E+02,1.25E+00,3.90E+00,1.48E+01
0.414880484342575,0.231011137366295,1.0562469959259,1.05299580097198,0.967132687568665,1.03498983383179,8.23E-01,7.00E-01,7.63E-01,6.79E-01,7.18E-01,-2.10168334585136,1.03E+01,0,3104,4.37E+02,2.90E+02,4.72E+02,3.08E+02,4.16E+02,4.09E+02,4.81E+02,4.20E+02,4.31E+02,3.81E+02,4.64E+02,3.76E+02,1.68E+00,2.12E+00,1.45E+01
0.411521166563034,0.231792360544205,1.0481481552124,1.04179489612579,0.978039920330048,1.03557479381561,8.09E-01,6.78E-01,7.58E-01,6.81E-01,7.15E-01,0.277567624320428,1.30E+00,0,3107,4.38E+02,2.85E+02,4.72E+02,3.05E+02,4.17E+02,4.04E+02,4.79E+02,4.18E+02,4.31E+02,3.78E+02,4.64E+02,3.72E+02,3.18E+00,1.33E+00,1.15E+01
0.416242241859436,0.230551108717918,1.05918884277344,1.04110503196716,0.974740087985992,1.03261315822601,7.99E-01,6.92E-01,7.58E-01,6.82E-01,7.17E-01,0.316575133314426,5.13E-01,0,3110,4.40E+02,2.83E+02,4.74E+02,3.01E+02,4.18E+02,4.00E+02,4.82E+02,4.13E+02,4.33E+02,3.74E+02,4.66E+02,3.68E+02,3.43E+00,4.01E-01,1.02E+01
0.412240296602249,0.23259961605072,1.05964303016663,1.05473017692566,0.976003348827362,1.03210043907166,8.08E-01,6.75E-01,7.78E-01,6.79E-01,7.15E-01,-0.219830247360659,7.60E+00,0,3112,4.41E+02,2.77E+02,4.75E+02,2.97E+02,4.19E+02,3.95E+02,4.81E+02,4.09E+02,4.34E+02,3.71E+02,4.66E+02,3.63E+02,1.13E+00,2.15E+00,8.42E+00
0.413565307855606,0.233008921146393,1.05112266540527,1.03537917137146,0.96315461397171,1.02020037174225,8.07E-01,7.02E-01,7.80E-01,6.72E-01,7.25E-01,-1.80542206102198,6.96E+00,0,3115,4.42E+02,2.73E+02,4.78E+02,2.91E+02,4.21E+02,3.90E+02,4.84E+02,4.03E+02,4.37E+02,3.64E+02,4.70E+02,3.58E+02,1.33E+00,2.60E+00,7.35E+00
0.416580379009247,0.23368039727211,1.05548703670502,1.04607594013214,0.972431838512421,1.02503144741058,8.19E-01,6.79E-01,7.79E-01,6.73E-01,7.24E-01,0.505290984266069,2.42E+00,0,3118,4.47E+02,2.65E+02,4.82E+02,2.87E+02,4.24E+02,3.86E+02,4.86E+02,3.99E+02,4.39E+02,3.60E+02,4.71E+02,3.53E+02,3.76E+00,2.61E+00,5.25E+00
0.420657843351364,0.233686223626137,1.0385160446167,1.04082334041595,0.97093141078949,1.02564370632172,8.01E-01,6.89E-01,7.93E-01,6.85E-01,7.26E-01,-0.235697135577512,2.61E+00,0,3121,4.49E+02,2.62E+02,4.85E+02,2.80E+02,4.27E+02,3.79E+02,4.90E+02,3.92E+02,4.43E+02,3.53E+02,4.76E+02,3.47E+02,1.08E+00,2.42E+00,3.66E+00
0.417378783226013,0.233463823795319,1.04514443874359,1.04306662082672,0.982227265834808,1.03459477424622,8.18E-01,6.73E-01,7.70E-01,6.94E-01,7.21E-01,0.955996806602863,2.92E+00,0,3124,4.50E+02,2.59E+02,4.85E+02,2.79E+02,4.26E+02,3.78E+02,4.89E+02,3.91E+02,4.43E+02,3.52E+02,4.76E+02,3.46E+02,1.97E+00,1.48E+00,1.27E+00
0.41755485534668,0.236029863357544,1.03878128528595,1.02993369102478,0.974066019058228,1.03569865226746,8.04E-01,6.88E-01,7.76E-01,6.77E-01,7.28E-01,0.378227802351886,2.35E+00,0,3126,4.47E+02,2.62E+02,4.84E+02,2.81E+02,4.25E+02,3.81E+02,4.89E+02,3.94E+02,4.41E+02,3.54E+02,4.75E+02,3.49E+02,1.66E+00,7.73E-01,5.57E+00
0.418173253536224,0.235455349087715,1.0383882522583,1.04391980171204,0.987598121166229,1.03389990329742,8.04E-01,6.75E-01,7.74E-01,6.89E-01,7.25E-01,0.588241178790692,3.76E+00,0,3129,4.50E+02,2.58E+02,4.86E+02,2.78E+02,4.27E+02,3.76E+02,4.90E+02,3.89E+02,4.43E+02,3.51E+02,4.76E+02,3.44E+02,1.22E+00,1.03E+00,9.78E+00
0.416307330131531,0.237096145749092,1.04888200759888,1.06376504898071,0.984415888786316,1.01593768596649,8.12E-01,6.89E-01,7.79E-01,6.82E-01,7.41E-01,0.464482278559076,4.38E+00,0,3132,4.52E+02,2.54E+02,4.88E+02,2.73E+02,4.29E+02,3.70E+02,4.92E+02,3.85E+02,4.45E+02,3.46E+02,4.80E+02,3.41E+02,1.57E+00,1.49E+00,1.51E+01
0.41723296046257,0.236737608909607,1.02589225769043,1.03971099853516,0.997285485267639,1.02446663379669,8.03E-01,6.78E-01,7.89E-01,6.87E-01,7.35E-01,1.95496518599509,3.13E-01,0,3135,4.50E+02,2.55E+02,4.87E+02,2.74E+02,4.29E+02,3.70E+02,4.91E+02,3.86E+02,4.44E+02,3.46E+02,4.78E+02,3.42E+02,1.20E+00,2.76E+00,1.72E+01
0.417709290981293,0.239022254943848,1.05430066585541,1.04927349090576,0.986854732036591,1.02003228664398,8.22E-01,6.77E-01,7.89E-01,6.87E-01,7.33E-01,-0.899702597764524,2.12E+00,0,3138,4.51E+02,2.56E+02,4.88E+02,2.75E+02,4.28E+02,3.74E+02,4.93E+02,3.87E+02,4.45E+02,3.47E+02,4.79E+02,3.42E+02,1.38E+00,2.83E+00,2.02E+01
0.419048130512238,0.237759679555893,1.0491406917572,1.04253578186035,0.989517450332642,1.01070106029511,7.82E-01,6.84E-01,7.86E-01,6.90E-01,7.36E-01,0.089783130659485,1.57E+00,0,3140,4.51E+02,2.55E+02,4.89E+02,2.74E+02,4.30E+02,3.71E+02,4.93E+02,3.85E+02,4.46E+02,3.47E+02,4.80E+02,3.41E+02,1.66E+00,2.32E+00,1.93E+01
0.420330882072449,0.238919377326965,1.05122005939484,1.04949390888214,0.974444508552551,1.02379131317139,8.21E-01,6.75E-01,7.84E-01,6.91E-01,7.28E-01,1.49547472173897,2.62E+00,0,3143,4.51E+02,2.56E+02,4.89E+02,2.74E+02,4.31E+02,3.71E+02,4.95E+02,3.85E+02,4.47E+02,3.46E+02,4.82E+02,3.40E+02,1.55E-01,1.81E+00,1.95E+01
0.421809196472168,0.237111523747444,1.03975057601929,1.05213153362274,0.988080263137817,1.01725900173187,7.85E-01,6.77E-01,7.77E-01,6.85E-01,7.37E-01,0.828390558752774,1.01E+00,0,3146,4.52E+02,2.54E+02,4.91E+02,2.73E+02,4.32E+02,3.71E+02,4.95E+02,3.85E+02,4.48E+02,3.45E+02,4.81E+02,3.41E+02,1.15E+00,8.17E-01,2.02E+01
0.420430272817612,0.240595325827599,1.05533969402313,1.03350579738617,0.976069271564484,1.02193939685822,8.15E-01,6.81E-01,7.84E-01,7.01E-01,7.38E-01,0.818517931755132,5.54E-01,0,3149,4.52E+02,2.55E+02,4.91E+02,2.74E+02,4.32E+02,3.72E+02,4.96E+02,3.85E+02,4.48E+02,3.47E+02,4.82E+02,3.40E+02,4.60E-01,2.55E-01,1.97E+01
0.423586428165436,0.241413578391075,1.05401456356049,1.03555560112,0.990013718605042,1.01208257675171,7.99E-01,6.74E-01,7.82E-01,6.82E-01,7.37E-01,1.07832112831743,1.52E+00,0,3152,4.52E+02,2.54E+02,4.91E+02,2.73E+02,4.32E+02,3.72E+02,4.96E+02,3.85E+02,4.49E+02,3.45E+02,4.83E+02,3.39E+02,1.98E+00,7.30E-01,2.03E+01
0.421402990818024,0.243820995092392,1.0533539056778,1.05120599269867,0.973634958267212,1.01652598381042,8.24E-01,6.78E-01,7.83E-01,7.13E-01,7.40E-01,-1.24756447540847,7.83E-01,0,3154,4.52E+02,2.55E+02,4.91E+02,2.74E+02,4.33E+02,3.71E+02,4.97E+02,3.84E+02,4.49E+02,3.46E+02,4.84E+02,3.40E+02,1.56E+00,1.32E+00,2.04E+01
0.419721841812134,0.242765843868256,1.05372953414917,1.04776227474213,0.987223327159882,1.00707614421844,7.88E-01,6.70E-01,7.96E-01,7.08E-01,7.35E-01,0.589936869505705,3.10E-01,0,3157,4.51E+02,2.55E+02,4.91E+02,2.74E+02,4.32E+02,3.72E+02,4.97E+02,3.86E+02,4.49E+02,3.46E+02,4.83E+02,3.41E+02,1.24E+00,1.12E+00,1.85E+01
0.423972606658936,0.243138879537582,1.04654324054718,1.05389082431793,0.978514552116394,1.01691865921021,8.06E-01,6.82E-01,7.77E-01,7.11E-01,7.38E-01,0.614149637396042,2.20E-01,0,3160,4.51E+02,2.55E+02,4.91E+02,2.73E+02,4.32E+02,3.72E+02,4.97E+02,3.84E+02,4.48E+02,3.46E+02,4.84E+02,3.39E+02,1.49E-01,1.21E+00,1.70E+01
0.424057543277741,0.246488511562347,1.05546271800995,1.05416119098663,0.993503391742706,1.01224827766418,7.79E-01,6.78E-01,7.83E-01,7.04E-01,7.23E-01,0.46359040679,1.97E+00,0,3163,4.50E+02,2.59E+02,4.91E+02,2.82E+02,4.30E+02,3.76E+02,4.99E+02,3.87E+02,4.49E+02,3.50E+02,4.86E+02,3.45E+02,1.82E+00,2.70E+00,1.49E+01
0.422522515058517,0.241793543100357,1.05083894729614,1.05906081199646,0.975680649280548,1.01096308231354,8.02E-01,6.82E-01,7.60E-01,7.10E-01,7.31E-01,0.412148092149079,1.35E+00,0,3166,4.50E+02,2.55E+02,4.90E+02,2.73E+02,4.31E+02,3.71E+02,4.96E+02,3.85E+02,4.47E+02,3.46E+02,4.82E+02,3.39E+02,1.03E+00,3.57E+00,1.28E+01
0.421295076608658,0.240943863987923,1.04705309867859,1.05192375183105,0.988100290298462,1.00564086437225,7.85E-01,6.72E-01,7.76E-01,6.96E-01,7.31E-01,1.73616853738499,8.91E-01,0,3168,4.50E+02,2.55E+02,4.90E+02,2.73E+02,4.31E+02,3.72E+02,4.96E+02,3.85E+02,4.48E+02,3.46E+02,4.82E+02,3.39E+02,3.92E-01,2.59E+00,1.25E+01
0.424744486808777,0.241050958633423,1.05470108985901,1.04505670070648,0.978836476802826,1.02126657962799,8.09E-01,6.82E-01,7.69E-01,7.17E-01,7.25E-01,0.177450049304319,5.40E-01,0,3171,4.50E+02,2.55E+02,4.91E+02,2.73E+02,4.31E+02,3.73E+02,4.97E+02,3.83E+02,4.48E+02,3.46E+02,4.83E+02,3.40E+02,9.24E-01,8.01E-01,1.24E+01
0.419434100389481,0.241726070642471,1.05123317241669,1.05569183826447,0.995145440101624,1.01688098907471,7.87E-01,6.69E-01,7.73E-01,6.96E-01,7.31E-01,3.06824848185215,1.63E+00,0,3174,4.50E+02,2.56E+02,4.90E+02,2.74E+02,4.32E+02,3.72E+02,4.95E+02,3.85E+02,4.47E+02,3.46E+02,4.82E+02,3.40E+02,6.44E-01,6.46E-01,1.43E+01
0.422047644853592,0.25009560585022,1.04961514472961,1.03283226490021,0.991027235984802,1.02710258960724,8.16E-01,6.76E-01,7.65E-01,7.00E-01,7.26E-01,-0.304340193994106,2.23E-01,0,3177,4.51E+02,2.56E+02,4.92E+02,2.79E+02,4.32E+02,3.73E+02,4.98E+02,3.88E+02,4.48E+02,3.49E+02,4.84E+02,3.44E+02,1.16E+00,9.53E-01,1.63E+01
0.419486939907074,0.242892265319824,1.06931149959564,1.04345917701721,1.0016016960144,1.00487947463989,7.91E-01,6.80E-01,7.85E-01,7.03E-01,7.41E-01,0.394709253304726,3.23E+00,0,3180,4.51E+02,2.57E+02,4.90E+02,2.75E+02,4.32E+02,3.73E+02,4.96E+02,3.86E+02,4.48E+02,3.47E+02,4.83E+02,3.42E+02,2.71E+00,9.71E-01,1.80E+01
0.422583818435669,0.244904175400734,1.06196093559265,1.05058181285858,0.984719455242157,1.0202728509903,8.17E-01,6.86E-01,7.73E-01,7.47E-01,7.40E-01,-2.11287579667583,7.25E+00,0,3182,4.50E+02,2.57E+02,4.91E+02,2.75E+02,4.31E+02,3.76E+02,4.97E+02,3.87E+02,4.47E+02,3.48E+02,4.83E+02,3.43E+02,1.07E+00,1.11E+00,1.99E+01
0.414016723632813,0.240785524249077,1.0725930929184,1.04711556434631,1.00778210163116,1.04043829441071,7.87E-01,6.71E-01,7.80E-01,7.10E-01,7.39E-01,-0.182928725423447,5.28E+00,0,3185,4.50E+02,4.41E+02,4.90E+02,4.59E+02,4.31E+02,5.57E+02,4.96E+02,5.69E+02,4.47E+02,5.31E+02,4.83E+02,5.24E+02,7.38E+00,3.67E+00,2.12E+01
0.419074416160584,0.238359972834587,1.0546737909317,1.04522800445557,1.00733578205109,1.02856779098511,7.72E-01,6.81E-01,7.78E-01,7.22E-01,7.31E-01,-3.87527097932723,1.65E+00,0,3188,4.50E+02,4.42E+02,4.91E+02,4.60E+02,4.32E+02,5.58E+02,4.96E+02,5.70E+02,4.48E+02,5.32E+02,4.84E+02,5.26E+02,1.76E+00,7.30E+00,2.56E+01
0.417704075574875,0.240439176559448,1.05758941173553,1.04676103591919,1.0177116394043,1.06863021850586,7.92E-01,6.74E-01,7.74E-01,7.00E-01,7.27E-01,1.38113037839967,1.73E-01,0,3191,4.50E+02,4.42E+02,4.91E+02,4.60E+02,4.32E+02,5.56E+02,4.95E+02,5.71E+02,4.48E+02,5.32E+02,4.81E+02,5.25E+02,6.71E-01,9.35E-01,2.94E+01
0.422049820423126,0.240549966692924,1.06595051288605,1.05117571353912,0.999129235744476,1.04125833511353,7.83E-01,6.74E-01,7.69E-01,7.15E-01,7.31E-01,-1.83139671208987,1.78E+00,0,3194,4.51E+02,4.42E+02,4.92E+02,4.60E+02,4.32E+02,5.60E+02,4.98E+02,5.71E+02,4.49E+02,5.32E+02,4.85E+02,5.26E+02,4.78E-01,4.81E+00,3.21E+01
0.416294753551483,0.240892648696899,1.05657482147217,1.06447625160217,1.0109349489212,1.0406631231308,8.00E-01,6.72E-01,7.79E-01,6.96E-01,7.30E-01,0.358885397742818,1.98E+00,0,3196,4.51E+02,4.43E+02,4.91E+02,4.61E+02,4.32E+02,5.59E+02,4.97E+02,5.71E+02,4.48E+02,5.33E+02,4.84E+02,5.27E+02,1.38E+00,1.03E+00,3.53E+01
0.418704360723496,0.241498157382011,1.06896042823792,1.06538689136505,1.03148877620697,1.03548502922058,7.83E-01,6.72E-01,7.83E-01,7.14E-01,7.31E-01,-1.53508015622226,3.54E+00,0,3199,4.51E+02,4.43E+02,4.92E+02,4.61E+02,4.33E+02,5.60E+02,4.98E+02,5.73E+02,4.50E+02,5.33E+02,4.84E+02,5.28E+02,9.31E-01,1.05E+00,4.12E+01
0.416954636573792,0.239490583539009,1.08112478256226,1.04930734634399,1.00435280799866,1.05081939697266,7.99E-01,6.70E-01,7.76E-01,6.94E-01,7.30E-01,3.22086868870904,2.25E-01,0,3202,4.51E+02,4.43E+02,4.91E+02,4.62E+02,4.33E+02,5.59E+02,4.97E+02,5.71E+02,4.48E+02,5.33E+02,4.84E+02,5.27E+02,1.47E+00,1.20E+00,4.18E+01
0.421458721160889,0.238866671919823,1.05467879772186,1.04904329776764,0.998556137084961,1.02458357810974,8.05E-01,6.71E-01,7.85E-01,7.04E-01,7.27E-01,-0.253563572675234,9.17E-01,0,3205,4.53E+02,4.52E+02,4.92E+02,4.71E+02,4.33E+02,5.68E+02,4.98E+02,5.82E+02,4.50E+02,5.43E+02,4.84E+02,5.36E+02,6.58E-01,2.05E+00,4.47E+01
0.41763174533844,0.235922083258629,1.09692668914795,1.03006196022034,0.98537403345108,1.04346120357513,8.00E-01,6.85E-01,7.83E-01,6.97E-01,7.36E-01,-0.473887881262907,8.52E-01,0,3208,4.53E+02,4.51E+02,4.92E+02,4.69E+02,4.34E+02,5.66E+02,4.97E+02,5.80E+02,4.49E+02,5.42E+02,4.83E+02,5.37E+02,1.22E+00,1.86E+00,4.08E+01
0.420467525720596,0.238856598734856,1.06039190292358,1.03575754165649,1.01126980781555,1.02143549919128,7.92E-01,6.77E-01,7.82E-01,7.00E-01,7.27E-01,-4.41396296952879,1.44E+00,0,3210,4.54E+02,4.49E+02,4.93E+02,4.67E+02,4.35E+02,5.63E+02,4.97E+02,5.78E+02,4.51E+02,5.39E+02,4.85E+02,5.35E+02,1.06E+00,1.69E+00,4.20E+01
0.420651286840439,0.237401127815247,1.06043744087219,1.05341506004334,0.997680246829987,1.03442656993866,8.07E-01,6.75E-01,7.86E-01,6.98E-01,7.36E-01,1.74075865480706,2.17E+00,0,3213,4.53E+02,4.48E+02,4.93E+02,4.67E+02,4.34E+02,5.62E+02,4.98E+02,5.78E+02,4.51E+02,5.39E+02,4.86E+02,5.34E+02,1.01E+00,1.23E+00,3.45E+01
0.425419718027115,0.241879403591156,1.06283092498779,1.03953540325165,1.01219773292542,1.03472971916199,7.93E-01,6.85E-01,7.67E-01,7.08E-01,7.31E-01,0.417709375091646,1.49E+00,0,3216,4.53E+02,4.49E+02,4.93E+02,4.67E+02,4.33E+02,5.64E+02,4.97E+02,5.78E+02,4.49E+02,5.39E+02,4.85E+02,5.33E+02,7.23E-01,1.39E+00,2.68E+01
0.419310688972473,0.240400776267052,1.08350265026093,1.06504666805267,1.013108253479,1.04411554336548,8.10E-01,6.69E-01,7.67E-01,6.86E-01,7.39E-01,0.350625500619101,1.49E+00,0,3219,4.50E+02,4.55E+02,4.92E+02,4.69E+02,4.33E+02,5.67E+02,4.97E+02,5.79E+02,4.49E+02,5.40E+02,4.84E+02,5.35E+02,5.42E-01,5.56E-01,2.17E+01
0.434149742126465,0.250551015138626,1.06507039070129,1.03275644779205,1.02229952812195,1.03295791149139,7.96E-01,6.66E-01,7.78E-01,7.02E-01,7.43E-01,-0.010064118188148,1.95E+00,0,3222,4.38E+02,4.75E+02,4.82E+02,4.91E+02,4.26E+02,5.88E+02,4.90E+02,6.00E+02,4.41E+02,5.63E+02,4.76E+02,5.57E+02,1.89E+00,4.25E-01,1.45E+01
0.423782557249069,0.242430448532104,1.05496060848236,1.0438060760498,1.00609278678894,1.0280727148056,7.84E-01,6.84E-01,7.79E-01,6.92E-01,7.50E-01,1.44393018275641,3.17E+00,0,3224,4.38E+02,4.72E+02,4.83E+02,4.88E+02,4.26E+02,5.87E+02,4.92E+02,5.98E+02,4.42E+02,5.61E+02,4.78E+02,5.54E+02,1.88E+00,6.86E-01,1.13E+01
0.429725587368012,0.249552831053734,1.04687106609344,1.04637157917023,1.01930963993073,1.02734637260437,7.84E-01,6.70E-01,7.75E-01,7.14E-01,7.44E-01,-7.51781118463558,5.59E+00,0,3227,4.40E+02,4.71E+02,4.85E+02,4.87E+02,4.29E+02,5.85E+02,4.95E+02,5.95E+02,4.43E+02,5.59E+02,4.80E+02,5.53E+02,8.03E-01,1.31E+00,9.33E+00
0.426036149263382,0.247368484735489,1.05694806575775,1.03881525993347,1.02378356456757,1.02930951118469,7.82E-01,6.78E-01,7.75E-01,6.97E-01,7.45E-01,6.90615759533023,3.13E+00,0,3230,4.40E+02,4.70E+02,4.85E+02,4.86E+02,4.29E+02,5.85E+02,4.93E+02,5.95E+02,4.43E+02,5.58E+02,4.78E+02,5.51E+02,5.77E-01,3.53E-01,5.30E+00
0.433400094509125,0.252737939357758,1.07427179813385,1.05099368095398,1.00883805751801,1.03092086315155,7.88E-01,6.71E-01,7.75E-01,7.06E-01,7.52E-01,0.103104785600566,1.13E-01,0,3233,4.41E+02,4.70E+02,4.86E+02,4.86E+02,4.29E+02,5.84E+02,4.95E+02,5.94E+02,4.45E+02,5.58E+02,4.80E+02,5.51E+02,8.41E-01,5.53E-01,3.91E+00
0.42271563410759,0.246044039726257,1.06292617321014,1.03772819042206,1.00655090808868,1.0322972536087,7.97E-01,6.84E-01,7.94E-01,7.04E-01,7.69E-01,0.176886070553715,1.34E+00,0,3236,4.41E+02,4.68E+02,4.86E+02,4.84E+02,4.29E+02,5.83E+02,4.95E+02,5.93E+02,4.44E+02,5.56E+02,4.79E+02,5.49E+02,6.63E-02,2.26E-01,4.76E+00
0.43195042014122,0.248949393630028,1.07652580738068,1.06779289245605,1.00649952888489,1.02515697479248,7.95E-01,6.81E-01,7.77E-01,7.16E-01,7.63E-01,-4.64273834607444,2.71E-01,0,3238,4.42E+02,4.68E+02,4.86E+02,4.84E+02,4.30E+02,5.83E+02,4.95E+02,5.92E+02,4.45E+02,5.56E+02,4.81E+02,5.50E+02,7.81E-01,6.62E-01,5.78E+00
0.423680990934372,0.248460337519646,1.0721914768219,1.03833293914795,1.01305747032166,1.03323745727539,7.89E-01,6.86E-01,7.74E-01,6.95E-01,7.61E-01,3.53624426857293,2.64E-01,0,3241,4.42E+02,4.67E+02,4.86E+02,4.83E+02,4.29E+02,5.82E+02,4.94E+02,5.93E+02,4.44E+02,5.56E+02,4.80E+02,5.48E+02,1.04E+00,7.27E-01,5.60E+00
0.434321582317352,0.253488898277283,1.06760406494141,1.05348598957062,1.0101352930069,1.04190158843994,7.94E-01,6.75E-01,7.82E-01,7.18E-01,7.50E-01,0.205013189940205,5.35E-01,0,3244,4.41E+02,4.68E+02,4.86E+02,4.84E+02,4.30E+02,5.82E+02,4.94E+02,5.94E+02,4.45E+02,5.56E+02,4.80E+02,5.49E+02,4.18E-01,1.30E+00,5.26E+00
0.428812652826309,0.250760048627853,1.06282293796539,1.05260717868805,0.998682141304016,1.0200080871582,7.90E-01,6.88E-01,7.79E-01,7.10E-01,7.76E-01,-0.01261687045034,1.78E-01,0,3247,4.36E+02,4.75E+02,4.82E+02,4.90E+02,4.27E+02,5.88E+02,4.90E+02,5.99E+02,4.41E+02,5.63E+02,4.77E+02,5.53E+02,3.45E-01,1.10E+00,3.08E+00
0.439275711774826,0.255077183246613,1.06149435043335,1.06392025947571,1.02738809585571,1.01806581020355,7.95E-01,6.64E-01,7.76E-01,7.19E-01,7.72E-01,-3.85172596180341,1.37E+00,0,3250,4.37E+02,4.75E+02,4.83E+02,4.90E+02,4.28E+02,5.88E+02,4.92E+02,5.99E+02,4.42E+02,5.62E+02,4.78E+02,5.55E+02,8.18E-01,6.68E-01,1.94E+00
0.432446092367172,0.251211285591125,1.07127678394318,1.04784214496613,1.01586484909058,1.02384626865387,7.83E-01,6.83E-01,7.86E-01,6.96E-01,7.57E-01,1.24943918409278,1.60E+00,0,3252,4.37E+02,4.74E+02,4.83E+02,4.90E+02,4.26E+02,5.90E+02,4.93E+02,5.98E+02,4.42E+02,5.62E+02,4.77E+02,5.54E+02,1.06E-01,6.04E-01,1.93E+00
0.435011982917786,0.251333326101303,1.05789148807526,1.05396485328674,1.01119256019592,1.02983140945435,7.84E-01,6.63E-01,7.75E-01,7.20E-01,7.54E-01,0.390228963792267,6.29E-01,0,3255,4.39E+02,4.73E+02,4.85E+02,4.88E+02,4.29E+02,5.85E+02,4.94E+02,5.97E+02,4.43E+02,5.60E+02,4.79E+02,5.54E+02,2.72E-01,4.49E-01,4.43E+00
0.433289855718613,0.253328502178192,1.07764303684235,1.03736793994904,1.02372813224792,1.02873861789703,7.87E-01,6.84E-01,7.90E-01,6.96E-01,7.54E-01,3.48778584052083,2.31E+00,0,3258,4.38E+02,4.72E+02,4.85E+02,4.88E+02,4.28E+02,5.88E+02,4.93E+02,5.96E+02,4.43E+02,5.60E+02,4.78E+02,5.52E+02,7.09E-01,6.42E-01,5.48E+00
0.436290472745895,0.255652695894241,1.06228876113892,1.04724371433258,1.01337683200836,1.01334023475647,7.94E-01,6.70E-01,7.67E-01,7.12E-01,7.49E-01,-1.85362512553068,2.52E+00,0,3261,4.40E+02,4.71E+02,4.86E+02,4.86E+02,4.29E+02,5.86E+02,4.95E+02,5.95E+02,4.44E+02,5.58E+02,4.80E+02,5.51E+02,8.11E-01,1.15E+00,5.73E+00
0.436594665050507,0.254014164209366,1.06639492511749,1.03741085529327,0.999926924705505,1.02124798297882,7.90E-01,6.89E-01,7.84E-01,7.02E-01,7.48E-01,0.93379203831667,5.54E-01,0,3264,4.40E+02,4.70E+02,4.86E+02,4.86E+02,4.28E+02,5.85E+02,4.93E+02,5.95E+02,4.44E+02,5.58E+02,4.80E+02,5.49E+02,1.07E+00,7.02E-01,5.71E+00
0.440847486257553,0.256702691316605,1.06294977664948,1.0478208065033,1.02131450176239,1.00780880451202,7.97E-01,6.63E-01,7.83E-01,7.23E-01,7.43E-01,-0.737455101535264,8.98E-01,0,3266,4.41E+02,4.70E+02,4.87E+02,4.85E+02,4.30E+02,5.85E+02,4.95E+02,5.94E+02,4.46E+02,5.57E+02,4.81E+02,5.51E+02,8.52E-01,6.47E-01,4.17E+00
0.435093283653259,0.2554030418396,1.06459951400757,1.05535137653351,1.0223491191864,1.01441621780396,7.94E-01,6.87E-01,7.96E-01,6.98E-01,7.50E-01,0.32987795013574,6.53E-01,0,3269,4.40E+02,4.70E+02,4.86E+02,4.86E+02,4.30E+02,5.83E+02,4.95E+02,5.95E+02,4.44E+02,5.57E+02,4.79E+02,5.50E+02,1.23E+00,1.01E+00,4.31E+00
0.439711093902588,0.256984740495682,1.07828176021576,1.05813360214233,1.04100167751312,1.01934170722961,7.94E-01,6.57E-01,7.87E-01,7.13E-01,7.47E-01,-2.67673687208653,1.35E+00,0,3272,4.41E+02,4.70E+02,4.87E+02,4.86E+02,4.30E+02,5.85E+02,4.95E+02,5.94E+02,4.46E+02,5.57E+02,4.82E+02,5.51E+02,2.54E-01,1.15E+00,3.65E+00
0.425535261631012,0.252293407917023,1.06190454959869,1.05676996707916,1.02101743221283,1.02264022827148,7.82E-01,6.75E-01,7.82E-01,6.92E-01,7.46E-01,1.73745843712075,5.06E+00,0,3275,4.41E+02,4.69E+02,4.87E+02,4.85E+02,4.30E+02,5.83E+02,4.95E+02,5.94E+02,4.45E+02,5.57E+02,4.81E+02,5.49E+02,2.16E+00,1.24E+00,2.90E+00
0.438092559576035,0.256192564964294,1.06788420677185,1.0544821023941,1.03330957889557,1.00798416137695,8.01E-01,6.67E-01,7.90E-01,7.09E-01,7.51E-01,0.056908801097549,1.38E+00,0,3278,4.41E+02,4.69E+02,4.87E+02,4.85E+02,4.30E+02,5.83E+02,4.94E+02,5.93E+02,4.45E+02,5.57E+02,4.81E+02,5.49E+02,1.56E+00,2.45E+00,2.10E+00
0.431967049837112,0.251517236232758,1.07603132724762,1.05819821357727,1.00577592849731,1.02612030506134,7.83E-01,6.74E-01,7.91E-01,6.91E-01,7.56E-01,4.36664611813033,1.73E+00,0,3280,4.41E+02,4.69E+02,4.87E+02,4.85E+02,4.31E+02,5.85E+02,4.96E+02,5.93E+02,4.45E+02,5.57E+02,4.80E+02,5.49E+02,1.24E-01,2.65E+00,8.21E-01
0.43603777885437,0.255121946334839,1.08632266521454,1.056316614151,1.02339780330658,1.00818657875061,7.88E-01,6.62E-01,7.85E-01,7.17E-01,7.45E-01,-5.51603767070296,5.97E+00,0,3283,4.42E+02,4.68E+02,4.88E+02,4.84E+02,4.31E+02,5.83E+02,4.96E+02,5.93E+02,4.46E+02,5.55E+02,4.82E+02,5.49E+02,2.51E+00,2.06E-01,2.81E-01
0.432609349489212,0.252336114645004,1.08054661750793,1.04446732997894,1.01189279556274,1.00811803340912,7.79E-01,6.85E-01,7.71E-01,6.94E-01,7.43E-01,5.68934499548102,2.01E+00,0,3286,4.42E+02,4.69E+02,4.88E+02,4.85E+02,4.30E+02,5.83E+02,4.96E+02,5.94E+02,4.46E+02,5.56E+02,4.82E+02,5.49E+02,7.63E-01,2.31E+00,2.69E+00
0.441206246614456,0.254981249570847,1.0689731836319,1.04755914211273,1.03238642215729,1.01114392280579,7.96E-01,6.71E-01,7.78E-01,7.17E-01,7.43E-01,-0.259291860147303,1.87E+00,0,3289,4.42E+02,4.68E+02,4.88E+02,4.84E+02,4.31E+02,5.83E+02,4.96E+02,5.93E+02,4.47E+02,5.55E+02,4.82E+02,5.49E+02,4.86E-01,1.65E+00,4.67E+00
0.430239796638489,0.255230844020843,1.0618656873703,1.04910337924957,1.00444281101227,1.00563359260559,7.85E-01,6.91E-01,7.80E-01,6.95E-01,7.41E-01,0.479499813865395,6.64E-01,0,3292,4.42E+02,4.67E+02,4.88E+02,4.83E+02,4.30E+02,5.83E+02,4.96E+02,5.92E+02,4.47E+02,5.55E+02,4.83E+02,5.47E+02,6.37E-01,4.92E-01,5.68E+00
0.438846349716187,0.256970435380936,1.05812335014343,1.05376625061035,1.03294849395752,1.00590872764587,7.93E-01,6.66E-01,7.91E-01,7.26E-01,7.93E-01,-7.49741266336802,3.00E+00,0,3294,4.43E+02,4.68E+02,4.89E+02,4.84E+02,4.31E+02,5.83E+02,4.97E+02,5.92E+02,4.47E+02,5.55E+02,4.83E+02,5.49E+02,1.24E+00,9.69E-01,6.26E+00
0.435177624225616,0.256709724664688,1.06215250492096,1.04173672199249,1.01193869113922,0.998374342918396,7.91E-01,6.94E-01,7.91E-01,7.16E-01,7.96E-01,5.36730770296376,2.50E+00,0,3297,4.43E+02,4.68E+02,4.89E+02,4.84E+02,4.31E+02,5.82E+02,4.96E+02,5.94E+02,4.47E+02,5.55E+02,4.84E+02,5.48E+02,1.22E-01,7.02E-01,5.88E+00
0.437984198331833,0.260883003473282,1.0681643486023,1.05508100986481,1.0168684720993,1.01426494121552,7.97E-01,6.78E-01,7.84E-01,7.34E-01,7.90E-01,-1.45732820064102,2.02E+00,0,3300,4.44E+02,4.68E+02,4.90E+02,4.84E+02,4.33E+02,5.82E+02,4.97E+02,5.92E+02,4.48E+02,5.55E+02,4.84E+02,5.49E+02,4.15E-01,2.91E-01,5.13E+00
0.431905865669251,0.258797466754913,1.07786011695862,1.04486322402954,1.01691222190857,1.01022922992706,8.01E-01,6.99E-01,7.96E-01,7.10E-01,8.01E-01,3.85666830655022,1.37E+00,0,3303,4.42E+02,4.68E+02,4.85E+02,4.85E+02,4.27E+02,5.83E+02,4.93E+02,5.95E+02,4.42E+02,5.57E+02,4.78E+02,5.49E+02,1.50E+00,1.09E+00,3.15E+00
0.440591961145401,0.258851170539856,1.07878112792969,1.04257667064667,1.02948248386383,0.994043946266174,7.97E-01,6.71E-01,7.82E-01,7.29E-01,8.14E-01,-2.93378234540638,1.07E+00,0,3306,4.45E+02,4.66E+02,4.90E+02,4.82E+02,4.33E+02,5.81E+02,4.98E+02,5.91E+02,4.49E+02,5.54E+02,4.84E+02,5.47E+02,9.34E-01,1.60E+00,3.16E+00
0.432233601808548,0.25571009516716,1.06944584846497,1.05683922767639,1.00658094882965,1.01133048534393,7.88E-01,6.89E-01,7.88E-01,7.22E-01,8.01E-01,0.585485072635906,1.87E+00,0,3308,4.45E+02,4.66E+02,4.91E+02,4.82E+02,4.33E+02,5.81E+02,4.98E+02,5.91E+02,4.48E+02,5.55E+02,4.85E+02,5.49E+02,9.86E-01,1.01E+00,2.76E+00
0.439321666955948,0.260168105363846,1.06389439105988,1.05977118015289,1.0388697385788,1.00744771957397,8.00E-01,6.73E-01,7.85E-01,7.24E-01,7.90E-01,-4.5938344404867,5.12E-01,0,3311,4.46E+02,4.66E+02,4.91E+02,4.82E+02,4.33E+02,5.80E+02,4.99E+02,5.91E+02,4.49E+02,5.54E+02,4.85E+02,5.48E+02,1.01E+00,8.18E-01,2.93E+00
0.429046660661697,0.25675567984581,1.0705806016922,1.04327356815338,1.01072895526886,0.997465968132019,7.87E-01,6.92E-01,7.81E-01,6.99E-01,7.76E-01,6.64701043748898,2.71E+00,0,3314,4.46E+02,4.65E+02,4.92E+02,4.81E+02,4.34E+02,5.80E+02,4.99E+02,5.90E+02,4.49E+02,5.54E+02,4.85E+02,5.45E+02,1.24E+00,1.63E+00,2.92E+00
0.439972579479218,0.259200394153595,1.07104194164276,1.04219233989716,1.01966834068298,1.00366401672363,7.85E-01,6.72E-01,7.84E-01,7.27E-01,7.71E-01,-0.497531776036164,3.53E-01,0,3317,4.47E+02,4.65E+02,4.92E+02,4.81E+02,4.35E+02,5.80E+02,4.99E+02,5.90E+02,4.50E+02,5.53E+02,4.86E+02,5.46E+02,5.76E-01,9.64E-01,2.41E+00
0.431443512439728,0.255257844924927,1.07979273796082,1.05907773971558,1.00951278209686,1.0043785572052,7.93E-01,6.76E-01,7.76E-01,7.05E-01,7.69E-01,1.32004892821179,2.21E+00,0,3320,4.47E+02,4.65E+02,4.93E+02,4.81E+02,4.35E+02,5.78E+02,5.00E+02,5.90E+02,4.50E+02,5.53E+02,4.86E+02,5.46E+02,1.06E+00,1.99E-01,2.04E+00
0.436675399541855,0.260360360145569,1.06958413124084,1.05118870735168,1.03301930427551,0.996985912322998,7.87E-01,6.68E-01,7.82E-01,7.12E-01,7.60E-01,-1.06978298261584,1.20E-01,0,3322,4.47E+02,4.68E+02,4.93E+02,4.83E+02,4.35E+02,5.80E+02,4.99E+02,5.91E+02,4.50E+02,5.54E+02,4.87E+02,5.47E+02,4.44E-01,5.13E-01,2.03E+00
0.43115621805191,0.255623579025269,1.0873349905014,1.03220522403717,1.01009023189545,0.997229278087616,7.94E-01,6.99E-01,7.85E-01,7.09E-01,7.57E-01,-2.0285512550024,2.53E+00,0,3325,4.49E+02,4.64E+02,4.94E+02,4.80E+02,4.35E+02,5.79E+02,5.01E+02,5.89E+02,4.50E+02,5.53E+02,4.87E+02,5.44E+02,9.28E-01,1.36E+00,1.49E+00
0.43674236536026,0.259180068969727,1.07106733322144,1.07676374912262,1.02443552017212,0.994955360889435,7.95E-01,6.72E-01,7.93E-01,7.20E-01,7.56E-01,-1.41003641506167,3.57E+00,0,3328,4.50E+02,4.63E+02,4.93E+02,4.81E+02,4.36E+02,5.79E+02,5.00E+02,5.92E+02,4.50E+02,5.53E+02,4.87E+02,5.48E+02,3.38E-01,6.66E-01,1.30E-01
0.428143978118897,0.254819452762604,1.07064020633698,1.05306792259216,1.02071559429169,1.01335895061493,7.83E-01,6.77E-01,7.79E-01,6.87E-01,7.54E-01,5.10071671561452,7.09E-01,0,3331,4.45E+02,4.72E+02,4.90E+02,4.88E+02,4.32E+02,5.85E+02,4.98E+02,5.97E+02,4.48E+02,5.60E+02,4.83E+02,5.52E+02,6.20E-01,4.70E-01,8.90E-01
0.439385712146759,0.260662943124771,1.06012201309204,1.0576753616333,1.04613745212555,1.00604546070099,8.05E-01,6.80E-01,7.77E-01,7.08E-01,7.44E-01,-5.9152325590292,1.03E+00,0,3334,4.47E+02,4.71E+02,4.91E+02,4.87E+02,4.33E+02,5.85E+02,4.99E+02,5.96E+02,4.49E+02,5.58E+02,4.86E+02,5.53E+02,1.17E+00,1.22E+00,2.03E+00
0.432629883289337,0.256106317043304,1.07041907310486,1.04301702976227,1.00518262386322,1.00536966323853,7.97E-01,6.81E-01,7.77E-01,6.89E-01,7.54E-01,0.211740905072016,4.88E-01,0,3336,4.48E+02,4.71E+02,4.92E+02,4.87E+02,4.34E+02,5.85E+02,5.01E+02,5.96E+02,4.50E+02,5.59E+02,4.85E+02,5.51E+02,1.04E-01,1.42E+00,2.11E+00
0.438227474689484,0.261460095643997,1.08508169651032,1.05526733398438,1.01173865795136,1.01249003410339,7.92E-01,6.74E-01,7.84E-01,6.99E-01,7.34E-01,0.333825067827824,1.28E+00,0,3339,4.48E+02,4.71E+02,4.93E+02,4.86E+02,4.35E+02,5.85E+02,5.01E+02,5.94E+02,4.51E+02,5.58E+02,4.86E+02,5.51E+02,8.85E-01,5.69E-01,2.59E+00
0.430655628442764,0.256699115037918,1.07736754417419,1.06135666370392,1.00064396858215,1.00678718090057,7.84E-01,6.92E-01,7.71E-01,6.95E-01,7.34E-01,5.50484888540954,1.65E+00,0,3342,4.50E+02,4.66E+02,4.94E+02,4.82E+02,4.36E+02,5.80E+02,5.01E+02,5.92E+02,4.51E+02,5.54E+02,4.87E+02,5.47E+02,1.04E+00,8.85E-01,2.02E+00
0.439598321914673,0.260571032762527,1.08221065998077,1.04266250133514,1.02159035205841,1.01244580745697,7.86E-01,6.71E-01,7.87E-01,6.98E-01,7.43E-01,0.103193794618866,1.84E+00,0,3345,4.51E+02,4.66E+02,4.95E+02,4.82E+02,4.36E+02,5.82E+02,5.00E+02,5.92E+02,4.52E+02,5.54E+02,4.88E+02,5.47E+02,9.48E-02,9.61E-01,2.56E+00
0.433699607849121,0.256130665540695,1.09080338478088,1.06075763702393,0.999822020530701,1.01279151439667,7.84E-01,6.86E-01,7.92E-01,6.89E-01,7.46E-01,3.24092914057599,3.43E-01,0,3348,4.51E+02,4.65E+02,4.96E+02,4.82E+02,4.37E+02,5.80E+02,5.03E+02,5.91E+02,4.53E+02,5.54E+02,4.90E+02,5.45E+02,6.37E-01,7.63E-01,1.48E+00
0.438013881444931,0.259887129068375,1.08046662807465,1.04950070381165,1.01700639724731,0.998935878276825,7.91E-01,6.74E-01,7.80E-01,7.13E-01,7.44E-01,-3.52734618773712,3.69E+00,0,3350,4.51E+02,4.65E+02,4.95E+02,4.81E+02,4.37E+02,5.79E+02,5.02E+02,5.90E+02,4.53E+02,5.52E+02,4.89E+02,5.45E+02,5.37E-01,5.74E-01,1.34E+00
0.430522352457047,0.258256703615189,1.08444797992706,1.05596029758453,1.00995373725891,1.00738131999969,7.73E-01,6.97E-01,7.64E-01,6.88E-01,7.50E-01,0.726780756995307,4.44E+00,0,3353,4.50E+02,4.68E+02,4.96E+02,4.81E+02,4.39E+02,5.79E+02,5.03E+02,5.90E+02,4.53E+02,5.52E+02,4.90E+02,5.46E+02,4.08E-01,1.05E+00,1.15E+00
0.441739767789841,0.260104238986969,1.0588276386261,1.07596611976624,1.0349006652832,1.00495803356171,7.90E-01,6.81E-01,7.81E-01,7.08E-01,7.75E-01,-8.75885775030851,3.14E+00,0,3356,4.52E+02,4.65E+02,4.97E+02,4.81E+02,4.39E+02,5.77E+02,5.03E+02,5.89E+02,4.54E+02,5.52E+02,4.90E+02,5.45E+02,5.54E-01,9.35E-01,2.59E+00
0.433463603258133,0.257331341505051,1.07174170017242,1.06714832782745,1.00381207466125,1.00646328926086,8.02E-01,6.88E-01,7.71E-01,6.95E-01,7.83E-01,3.69283840064517,1.29E+00,0,3359,4.53E+02,4.64E+02,4.98E+02,4.80E+02,4.38E+02,5.77E+02,5.04E+02,5.90E+02,4.55E+02,5.51E+02,4.91E+02,5.45E+02,7.60E-01,2.75E-01,4.23E+00
0.442905902862549,0.260256737470627,1.07726168632507,1.05165433883667,1.01060318946838,1.00182807445526,7.97E-01,6.84E-01,7.78E-01,7.14E-01,7.63E-01,-0.411831139819392,3.86E+00,0,3362,4.54E+02,4.64E+02,4.98E+02,4.80E+02,4.39E+02,5.78E+02,5.04E+02,5.89E+02,4.55E+02,5.52E+02,4.92E+02,5.45E+02,5.88E-01,5.69E-01,6.22E+00
0.433189660310745,0.257417947053909,1.07168674468994,1.05538046360016,1.009162068367,1.00523436069489,7.87E-01,6.98E-01,7.94E-01,7.08E-01,7.81E-01,2.64171147268262,1.60E+00,0,3364,4.53E+02,4.64E+02,4.97E+02,4.81E+02,4.39E+02,5.77E+02,5.02E+02,5.90E+02,4.54E+02,5.52E+02,4.91E+02,5.46E+02,1.37E+00,6.46E-01,7.25E+00
0.441335558891296,0.262888759374619,1.06929981708527,1.05132055282593,1.01270627975464,1.01348209381104,7.89E-01,6.87E-01,7.88E-01,7.18E-01,7.78E-01,-0.50128684420498,1.87E+00,0,3367,4.54E+02,4.64E+02,4.99E+02,4.80E+02,4.39E+02,5.79E+02,5.04E+02,5.89E+02,4.56E+02,5.52E+02,4.93E+02,5.45E+02,7.70E-01,1.70E+00,7.95E+00
0.431302666664124,0.256596177816391,1.07305538654327,1.03209149837494,1.00059974193573,1.00564873218536,7.94E-01,6.82E-01,7.97E-01,7.07E-01,7.66E-01,1.74374990142284,5.32E+00,0,3370,4.54E+02,4.64E+02,4.99E+02,4.80E+02,4.39E+02,5.79E+02,5.04E+02,5.90E+02,4.56E+02,5.52E+02,4.93E+02,5.45E+02,1.22E+00,9.72E-01,7.02E+00
0.439121037721634,0.260498374700546,1.06275546550751,1.04917359352112,1.01675701141357,1.00948309898376,7.88E-01,6.73E-01,7.88E-01,7.12E-01,7.49E-01,-4.7755855916846,1.86E+00,0,3373,4.55E+02,4.64E+02,4.99E+02,4.80E+02,4.40E+02,5.77E+02,5.06E+02,5.89E+02,4.56E+02,5.51E+02,4.92E+02,5.45E+02,1.47E+00,9.69E-01,5.07E+00
0.429263442754746,0.257841795682907,1.08420169353485,1.06526744365692,1.00172936916351,1.00429821014404,7.88E-01,6.93E-01,7.82E-01,6.91E-01,7.55E-01,1.99561085216432,3.19E+00,0,3376,4.54E+02,4.64E+02,4.98E+02,4.81E+02,4.40E+02,5.78E+02,5.05E+02,5.89E+02,4.55E+02,5.52E+02,4.90E+02,5.46E+02,5.80E-01,1.57E+00,2.63E+00
0.43727970123291,0.259865701198578,1.08601403236389,1.05929923057556,1.01617240905762,1.01516342163086,7.92E-01,6.85E-01,7.72E-01,7.05E-01,7.51E-01,-0.197610303165206,2.01E+00,0,3378,4.55E+02,4.64E+02,5.00E+02,4.80E+02,4.40E+02,5.78E+02,5.05E+02,5.89E+02,4.56E+02,5.51E+02,4.93E+02,5.45E+02,2.23E-01,4.98E-01,1.51E+00
0.434277802705765,0.256313920021057,1.06403172016144,1.0667085647583,0.992725908756256,1.01520109176636,7.92E-01,6.91E-01,7.81E-01,7.05E-01,7.47E-01,4.28178043242696,1.39E+00,0,3381,4.55E+02,4.63E+02,4.99E+02,4.80E+02,4.39E+02,5.78E+02,5.05E+02,5.89E+02,4.56E+02,5.51E+02,4.91E+02,5.45E+02,4.55E-01,4.14E-01,3.21E+00
0.439114481210709,0.261533856391907,1.06951761245728,1.05508840084076,1.01668357849121,1.01520276069641,7.82E-01,6.71E-01,7.76E-01,7.01E-01,7.53E-01,-0.890225633674405,2.03E+00,0,3384,4.55E+02,4.63E+02,5.00E+02,4.80E+02,4.40E+02,5.77E+02,5.07E+02,5.88E+02,4.56E+02,5.51E+02,4.92E+02,5.45E+02,3.58E-01,7.51E-01,3.79E+00
0.430355727672577,0.255621284246445,1.08470904827118,1.05073595046997,0.989797711372376,1.01110529899597,7.75E-01,6.88E-01,7.82E-01,6.93E-01,7.48E-01,0.640995543631262,1.49E+00,0,3387,4.56E+02,4.63E+02,5.00E+02,4.80E+02,4.41E+02,5.78E+02,5.06E+02,5.90E+02,4.57E+02,5.52E+02,4.93E+02,5.44E+02,1.65E+00,9.43E-01,4.16E+00
0.44068107008934,0.258141696453094,1.08737051486969,1.06884741783142,1.02218472957611,1.01584994792938,7.75E-01,6.73E-01,7.77E-01,7.08E-01,7.38E-01,-0.708678190036047,1.15E+00,0,3390,4.56E+02,4.63E+02,5.01E+02,4.80E+02,4.41E+02,5.77E+02,5.07E+02,5.89E+02,4.57E+02,5.50E+02,4.93E+02,5.45E+02,7.47E-01,1.95E+00,3.18E+00
0.432552307844162,0.257830768823624,1.08164870738983,1.04185104370117,0.985986709594727,1.01562464237213,7.75E-01,6.91E-01,7.69E-01,6.80E-01,7.49E-01,2.77045542840375,1.15E+00,0,3392,4.56E+02,4.63E+02,5.01E+02,4.80E+02,4.41E+02,5.77E+02,5.06E+02,5.89E+02,4.57E+02,5.51E+02,4.93E+02,5.44E+02,1.01E+00,8.71E-01,2.85E+00
0.440937846899033,0.262121289968491,1.09581875801086,1.05434918403625,1.01525354385376,1.00183212757111,7.76E-01,6.76E-01,7.88E-01,7.06E-01,7.40E-01,-3.35086495126771,2.84E+00,0,3395,4.58E+02,4.63E+02,5.01E+02,4.80E+02,4.42E+02,5.76E+02,5.07E+02,5.88E+02,4.58E+02,5.51E+02,4.95E+02,5.44E+02,1.25E+00,1.30E+00,2.39E+00
0.430194467306137,0.255898863077164,1.09507656097412,1.04353904724121,1.01384282112122,1.01563334465027,7.83E-01,6.84E-01,7.78E-01,6.98E-01,7.36E-01,4.11381823213295,2.09E+00,0,3398,4.57E+02,4.63E+02,5.01E+02,4.80E+02,4.43E+02,5.76E+02,5.07E+02,5.89E+02,4.58E+02,5.51E+02,4.95E+02,5.45E+02,6.79E-01,2.10E+00,2.08E+00
0.439960092306137,0.260264813899994,1.08992338180542,1.06819307804108,1.01016116142273,1.01787638664246,7.77E-01,6.77E-01,7.74E-01,6.99E-01,7.39E-01,-0.310113633828487,3.64E+00,0,3401,4.57E+02,4.63E+02,5.02E+02,4.80E+02,4.43E+02,5.77E+02,5.08E+02,5.88E+02,4.58E+02,5.50E+02,4.95E+02,5.44E+02,2.28E+00,8.37E-01,1.96E+00
0.433056622743607,0.252368658781052,1.09287929534912,1.05067217350006,1.00201654434204,1.02458035945892,7.73E-01,6.85E-01,7.72E-01,6.85E-01,7.37E-01,0.518166208005318,4.97E-01,0,3404,4.57E+02,4.63E+02,5.01E+02,4.80E+02,4.42E+02,5.78E+02,5.06E+02,5.89E+02,4.58E+02,5.51E+02,4.93E+02,5.44E+02,1.18E+00,1.69E+00,6.41E-01
0.438523501157761,0.259786903858185,1.08657205104828,1.07420814037323,1.0211044549942,1.01756072044373,7.77E-01,6.79E-01,7.85E-01,7.12E-01,7.46E-01,0.11839770629666,1.39E+00,0,3406,4.59E+02,4.63E+02,5.02E+02,4.80E+02,4.44E+02,5.77E+02,5.08E+02,5.89E+02,4.59E+02,5.51E+02,4.95E+02,5.45E+02,1.06E+00,2.22E+00,1.64E+00
0.431419730186462,0.257027864456177,1.07774591445923,1.04126083850861,0.989880859851837,1.01309144496918,7.81E-01,6.85E-01,7.73E-01,6.89E-01,7.46E-01,-1.42918436896245,7.55E-01,0,3409,4.58E+02,4.63E+02,5.02E+02,4.79E+02,4.42E+02,5.76E+02,5.07E+02,5.88E+02,4.59E+02,5.50E+02,4.95E+02,5.45E+02,4.83E-01,5.20E-01,4.56E-01
0.44242599606514,0.2626011967659,1.08400118350983,1.07149255275726,1.00927639007568,1.00840961933136,7.86E-01,6.75E-01,7.84E-01,7.07E-01,7.36E-01,-0.068238635868768,6.90E-01,0,3412,4.60E+02,4.63E+02,5.04E+02,4.80E+02,4.44E+02,5.77E+02,5.09E+02,5.89E+02,4.60E+02,5.51E+02,4.95E+02,5.46E+02,1.04E+00,1.53E+00,8.97E-01
0.430811166763306,0.260315954685211,1.07786321640015,1.06700551509857,0.995523750782013,1.00471723079681,7.84E-01,6.88E-01,7.77E-01,6.85E-01,7.42E-01,-0.074243620747271,2.13E+00,0,3415,4.57E+02,4.63E+02,5.01E+02,4.80E+02,4.41E+02,5.77E+02,5.06E+02,5.88E+02,4.58E+02,5.52E+02,4.94E+02,5.43E+02,1.30E+00,1.56E+00,1.04E+00
0.440789550542831,0.261312752962112,1.0671489238739,1.07272338867188,1.01751983165741,1.00507986545563,7.79E-01,6.80E-01,7.78E-01,7.04E-01,7.31E-01,0.081597816123652,1.27E+00,0,3418,4.58E+02,4.62E+02,5.02E+02,4.79E+02,4.43E+02,5.77E+02,5.07E+02,5.88E+02,4.59E+02,5.50E+02,4.96E+02,5.44E+02,3.91E-01,7.17E-01,1.09E+00
0.433523923158646,0.257129818201065,1.08209490776062,1.04728603363037,0.993561804294586,1.007399559021,7.87E-01,6.88E-01,7.69E-01,6.90E-01,7.43E-01,2.14533242280722,3.30E-01,0,3420,4.58E+02,4.62E+02,5.02E+02,4.79E+02,4.42E+02,5.76E+02,5.07E+02,5.88E+02,4.58E+02,5.51E+02,4.94E+02,5.43E+02,4.71E-01,6.99E-01,1.21E+00
0.44518306851387,0.263437747955322,1.09036409854889,1.07291007041931,1.01736652851105,1.00737869739532,7.91E-01,6.82E-01,7.67E-01,6.91E-01,7.40E-01,-1.99060448330306,3.95E+00,0,3423,4.58E+02,4.62E+02,5.02E+02,4.79E+02,4.42E+02,5.76E+02,5.08E+02,5.88E+02,4.59E+02,5.50E+02,4.94E+02,5.44E+02,2.08E+00,7.65E-01,1.32E+00
0.429997473955154,0.256041169166565,1.09654831886292,1.07090377807617,1.00118207931519,1.00288951396942,7.87E-01,6.88E-01,7.64E-01,6.83E-01,7.43E-01,2.32821586891745,5.16E+00,0,3426,4.59E+02,4.62E+02,5.03E+02,4.79E+02,4.44E+02,5.74E+02,5.08E+02,5.87E+02,4.59E+02,5.50E+02,4.95E+02,5.43E+02,1.91E+00,1.22E+00,1.32E+00
0.439754754304886,0.260371029376984,1.08332192897797,1.04237127304077,1.0222419500351,1.00892603397369,7.87E-01,6.84E-01,7.85E-01,6.90E-01,7.37E-01,0.069047702359888,5.74E-01,0,3429,4.59E+02,4.62E+02,5.03E+02,4.79E+02,4.43E+02,5.76E+02,5.07E+02,5.88E+02,4.59E+02,5.49E+02,4.94E+02,5.43E+02,1.95E+00,1.44E+00,1.12E+00
0.43175283074379,0.255537569522858,1.09411334991455,1.0444118976593,0.996913254261017,1.00116229057312,7.81E-01,6.90E-01,7.94E-01,6.88E-01,7.34E-01,-0.140988716281828,5.43E-02,0,3432,4.59E+02,4.62E+02,5.03E+02,4.79E+02,4.43E+02,5.76E+02,5.06E+02,5.88E+02,4.59E+02,5.50E+02,4.96E+02,5.43E+02,3.96E-01,1.79E+00,2.32E+00
0.43804207444191,0.264408320188522,1.10019636154175,1.07404160499573,1.01721596717834,1.02239620685577,7.85E-01,6.77E-01,7.85E-01,7.04E-01,7.41E-01,-1.65963836201153,2.74E+00,0,3434,4.60E+02,4.62E+02,5.03E+02,4.79E+02,4.44E+02,5.75E+02,5.08E+02,5.87E+02,4.60E+02,5.50E+02,4.95E+02,5.44E+02,8.29E-01,9.07E-01,1.96E+00
0.432499200105667,0.255549103021622,1.08678507804871,1.04173445701599,1.00084340572357,1.00693202018738,7.88E-01,6.86E-01,7.68E-01,6.93E-01,7.36E-01,1.09001805275601,3.49E+00,0,3437,4.59E+02,4.62E+02,5.03E+02,4.79E+02,4.43E+02,5.77E+02,5.08E+02,5.87E+02,4.59E+02,5.51E+02,4.95E+02,5.43E+02,3.49E-01,6.14E-01,2.23E+00
0.436653465032578,0.261125653982162,1.09078216552734,1.06344366073608,1.01144564151764,0.996366679668427,7.92E-01,6.81E-01,7.73E-01,7.03E-01,7.44E-01,-4.08353426872116,4.69E-01,0,3440,4.61E+02,4.62E+02,5.04E+02,4.79E+02,4.45E+02,5.74E+02,5.09E+02,5.89E+02,4.60E+02,5.50E+02,4.96E+02,5.44E+02,1.12E+00,2.51E-01,1.92E+00
0.430104047060013,0.256037503480911,1.08557391166687,1.04829621315002,0.996197581291199,1.00607085227966,7.77E-01,6.85E-01,7.72E-01,6.85E-01,7.46E-01,1.15038929191237,1.70E+00,0,3443,4.61E+02,4.61E+02,5.04E+02,4.78E+02,4.45E+02,5.74E+02,5.09E+02,5.87E+02,4.61E+02,5.49E+02,4.96E+02,5.43E+02,1.73E-01,7.77E-01,2.29E+00
0.436673134565353,0.263249903917313,1.08204126358032,1.04304873943329,1.02137863636017,1.01095116138458,7.78E-01,6.86E-01,7.80E-01,6.92E-01,7.42E-01,-0.582688331997171,7.12E-01,0,3446,4.61E+02,4.61E+02,5.04E+02,4.78E+02,4.45E+02,5.74E+02,5.08E+02,5.88E+02,4.60E+02,5.50E+02,4.96E+02,5.44E+02,1.48E+00,5.71E-01,3.01E+00
0.429184347391129,0.256342113018036,1.08546781539917,1.06551814079285,1.01867365837097,1.00921237468719,7.92E-01,6.92E-01,7.71E-01,6.97E-01,7.35E-01,5.21385785952163,6.48E-01,0,3448,4.61E+02,4.62E+02,5.04E+02,4.79E+02,4.45E+02,5.75E+02,5.09E+02,5.88E+02,4.60E+02,5.49E+02,4.97E+02,5.43E+02,1.34E+00,1.59E+00,3.54E+00
0.434476345777512,0.261736124753952,1.08528161048889,1.05526161193848,1.02720880508423,1.01387536525726,7.83E-01,6.83E-01,7.86E-01,6.99E-01,7.37E-01,-0.307280242376452,1.65E+00,0,3451,4.61E+02,4.61E+02,5.05E+02,4.78E+02,4.44E+02,5.75E+02,5.09E+02,5.88E+02,4.61E+02,5.49E+02,4.97E+02,5.45E+02,8.06E-01,1.76E+00,4.08E+00
0.427790254354477,0.254078060388565,1.09265542030334,1.04637324810028,1.01214349269867,1.01621961593628,7.81E-01,6.85E-01,7.77E-01,6.96E-01,7.42E-01,0.640569455733348,1.01E+00,0,3454,4.61E+02,4.62E+02,5.05E+02,4.79E+02,4.45E+02,5.76E+02,5.10E+02,5.87E+02,4.61E+02,5.50E+02,4.96E+02,5.43E+02,1.73E+00,6.54E-01,3.16E+00
0.438920080661774,0.26043888926506,1.07434439659119,1.07692813873291,1.00486505031586,1.01344680786133,7.78E-01,6.82E-01,7.76E-01,6.95E-01,7.48E-01,-0.854191064175507,1.14E+00,0,3457,4.62E+02,4.61E+02,5.05E+02,4.78E+02,4.46E+02,5.73E+02,5.10E+02,5.87E+02,4.62E+02,5.49E+02,4.96E+02,5.43E+02,1.00E-01,7.06E-01,2.37E+00
0.43071848154068,0.257886469364166,1.07520222663879,1.05200636386871,0.9940105676651,1.00928032398224,7.88E-01,6.87E-01,7.81E-01,6.92E-01,7.62E-01,-0.068574542243918,1.93E-01,0,3460,4.62E+02,4.61E+02,5.05E+02,4.78E+02,4.46E+02,5.73E+02,5.09E+02,5.88E+02,4.61E+02,5.49E+02,4.97E+02,5.42E+02,9.57E-01,9.38E-01,2.73E+00
0.434213280677795,0.2627794444561,1.09043991565704,1.06428134441376,1.00845158100128,1.00939178466797,7.89E-01,6.82E-01,7.85E-01,7.04E-01,7.48E-01,-0.992333690904119,2.62E+00,0,3462,4.63E+02,4.61E+02,5.06E+02,4.78E+02,4.46E+02,5.75E+02,5.10E+02,5.88E+02,4.62E+02,5.49E+02,4.97E+02,5.43E+02,4.11E-01,5.02E-02,3.66E+00
0.430855631828308,0.256771981716156,1.08487808704376,1.06204533576965,1.02570569515228,0.997898817062378,7.99E-01,6.88E-01,7.96E-01,6.81E-01,7.49E-01,-0.716840092530063,5.22E+00,0,3465,4.63E+02,4.61E+02,5.06E+02,4.78E+02,4.46E+02,5.74E+02,5.11E+02,5.87E+02,4.62E+02,5.48E+02,4.98E+02,5.42E+02,8.27E-01,2.39E-01,5.32E+00
0.437622636556625,0.260609775781631,1.11082410812378,1.06374871730804,1.01409292221069,1.00162589550018,7.72E-01,6.77E-01,7.81E-01,7.01E-01,7.50E-01,-0.657477404419087,1.41E+00,0,3468,4.63E+02,4.61E+02,5.06E+02,4.78E+02,4.46E+02,5.76E+02,5.11E+02,5.87E+02,4.62E+02,5.49E+02,4.98E+02,5.43E+02,1.75E+00,9.16E-01,5.58E+00
0.430362582206726,0.257574588060379,1.08145785331726,1.0602400302887,1.00692737102509,1.00861895084381,7.92E-01,6.83E-01,7.78E-01,6.92E-01,7.37E-01,0.527204515055298,2.23E+00,0,3471,4.63E+02,4.61E+02,5.06E+02,4.78E+02,4.47E+02,5.74E+02,5.11E+02,5.86E+02,4.63E+02,5.49E+02,4.97E+02,5.43E+02,1.78E+00,1.13E+00,5.26E+00
0.43612152338028,0.263210207223892,1.10370874404907,1.04148828983307,1.02405798435211,1.00535726547241,7.93E-01,6.71E-01,7.95E-01,6.97E-01,7.43E-01,-0.577712540279439,6.08E-02,0,3474,4.64E+02,4.61E+02,5.07E+02,4.78E+02,4.47E+02,5.75E+02,5.11E+02,5.88E+02,4.63E+02,5.49E+02,4.99E+02,5.42E+02,5.29E-01,1.17E+00,3.50E+00
0.433290868997574,0.257658451795578,1.07624506950378,1.05242300033569,1.01660346984863,1.00629234313965,7.84E-01,6.84E-01,7.73E-01,6.88E-01,7.51E-01,2.44841700663725,2.50E+00,0,3476,4.64E+02,4.60E+02,5.07E+02,4.77E+02,4.46E+02,5.75E+02,5.12E+02,5.86E+02,4.63E+02,5.48E+02,4.99E+02,5.41E+02,7.78E-01,8.89E-01,2.20E+00
0.433304786682129,0.264039039611816,1.0905088186264,1.04939830303192,1.00730216503143,1.01345598697662,7.82E-01,6.75E-01,7.79E-01,6.87E-01,7.39E-01,-2.67067248479732,1.21E+00,0,3479,4.64E+02,4.61E+02,5.08E+02,4.78E+02,4.48E+02,5.73E+02,5.12E+02,5.87E+02,4.64E+02,5.48E+02,4.99E+02,5.42E+02,8.01E-01,2.67E-01,6.28E-01
0.430581897497177,0.256870359182358,1.09132897853851,1.03873074054718,1.01436257362366,1.03513813018799,7.78E-01,6.78E-01,7.65E-01,6.90E-01,7.44E-01,3.04684119558049,5.24E+00,0,3482,4.64E+02,4.60E+02,5.07E+02,4.77E+02,4.48E+02,5.73E+02,5.12E+02,5.86E+02,4.64E+02,5.48E+02,4.98E+02,5.42E+02,2.07E+00,8.75E-01,2.67E+00
0.436846882104874,0.26309397816658,1.09866893291473,1.07167375087738,0.99866795539856,1.03389859199524,7.85E-01,6.79E-01,7.83E-01,6.88E-01,7.44E-01,-0.136068628623663,4.51E-02,0,3485,4.65E+02,4.61E+02,5.08E+02,4.78E+02,4.48E+02,5.74E+02,5.11E+02,5.87E+02,4.64E+02,5.48E+02,4.99E+02,5.43E+02,9.96E-01,1.43E+00,4.58E+00
0.430519104003906,0.257393836975098,1.11283254623413,1.03734123706818,1.00624239444733,1.02525329589844,7.77E-01,6.90E-01,7.78E-01,6.80E-01,7.44E-01,0.012006041149894,2.61E+00,0,3488,4.64E+02,4.60E+02,5.07E+02,4.77E+02,4.47E+02,5.74E+02,5.10E+02,5.87E+02,4.63E+02,5.48E+02,4.98E+02,5.42E+02,9.79E-01,8.46E-01,5.63E+00
0.438250422477722,0.260673820972443,1.10347676277161,1.05740547180176,0.997621893882751,1.02536642551422,7.74E-01,6.79E-01,7.87E-01,6.92E-01,7.46E-01,-1.87042538019633,3.14E+00,0,3490,4.65E+02,4.61E+02,5.08E+02,4.78E+02,4.48E+02,5.74E+02,5.12E+02,5.87E+02,4.64E+02,5.49E+02,4.99E+02,5.43E+02,6.35E-01,9.10E-01,5.42E+00
0.428628653287888,0.255820035934448,1.08152222633362,1.03330874443054,0.996598958969116,1.02978587150574,7.78E-01,6.92E-01,7.93E-01,6.91E-01,7.42E-01,3.65236242278136,1.76E+00,0,3493,4.65E+02,4.61E+02,5.08E+02,4.78E+02,4.48E+02,5.73E+02,5.12E+02,5.87E+02,4.64E+02,5.49E+02,4.98E+02,5.43E+02,7.63E-01,8.02E-01,4.95E+00
0.439025968313217,0.26116880774498,1.06647217273712,1.04640662670136,1.03291153907776,1.01932668685913,7.74E-01,6.86E-01,7.79E-01,6.86E-01,7.40E-01,-2.54500390169108,2.61E+00,0,3496,4.66E+02,4.60E+02,5.09E+02,4.77E+02,4.48E+02,5.76E+02,5.13E+02,5.86E+02,4.65E+02,5.48E+02,5.00E+02,5.41E+02,1.14E+00,9.13E-01,2.81E+00
0.430084258317947,0.256886571645737,1.08579134941101,1.05679905414581,1.01424562931061,1.02877187728882,7.77E-01,6.99E-01,7.93E-01,6.85E-01,7.47E-01,-2.08595666522715,2.31E+00,0,3499,4.66E+02,4.60E+02,5.08E+02,4.78E+02,4.48E+02,5.73E+02,5.13E+02,5.88E+02,4.64E+02,5.48E+02,4.99E+02,5.41E+02,5.78E-01,1.12E+00,1.72E+00
0.439965784549713,0.261930406093597,1.10714602470398,1.05655789375305,1.01259589195251,1.0316641330719,7.82E-01,6.86E-01,7.96E-01,6.89E-01,7.51E-01,-0.263097444964428,1.73E+00,0,3502,4.67E+02,4.60E+02,5.09E+02,4.78E+02,4.48E+02,5.74E+02,5.13E+02,5.87E+02,4.65E+02,5.48E+02,5.00E+02,5.42E+02,8.01E-01,8.24E-01,1.14E+00
0.43401113152504,0.260335594415665,1.09481930732727,1.04331469535828,1.00055932998657,1.03409266471863,7.89E-01,7.04E-01,7.84E-01,6.91E-01,7.42E-01,1.61827273608431,1.59E+00,0,3504,4.67E+02,4.60E+02,5.09E+02,4.77E+02,4.49E+02,5.72E+02,5.14E+02,5.86E+02,4.65E+02,5.48E+02,5.00E+02,5.43E+02,5.76E-01,3.94E-01,2.23E+00
0.438972741365433,0.264634281396866,1.09256398677826,1.05930852890015,1.02708041667938,1.02919554710388,7.98E-01,6.93E-01,7.80E-01,6.98E-01,7.27E-01,-0.511491493580492,2.47E+00,0,3507,4.52E+02,4.64E+02,4.96E+02,4.81E+02,4.37E+02,5.77E+02,5.01E+02,5.88E+02,4.53E+02,5.52E+02,4.88E+02,5.46E+02,8.19E-01,1.28E-01,4.46E+00
0.428798109292984,0.261398255825043,1.09399604797363,1.06075918674469,1.01702606678009,1.03035938739777,8.05E-01,6.96E-01,7.80E-01,7.02E-01,7.43E-01,0.32495154822552,6.68E-01,0,3510,4.54E+02,4.63E+02,4.97E+02,4.80E+02,4.38E+02,5.77E+02,5.03E+02,5.89E+02,4.53E+02,5.52E+02,4.89E+02,5.45E+02,6.90E-01,4.17E-01,5.72E+00
0.435981214046478,0.264844298362732,1.07940053939819,1.07394528388977,1.03807437419891,1.03362321853638,7.92E-01,6.83E-01,7.84E-01,6.91E-01,7.30E-01,-0.380325465891692,2.51E+00,0,3513,4.53E+02,4.64E+02,4.96E+02,4.81E+02,4.37E+02,5.77E+02,5.02E+02,5.89E+02,4.52E+02,5.52E+02,4.89E+02,5.46E+02,1.04E+00,1.20E+00,7.01E+00
0.428966194391251,0.259278953075409,1.11065900325775,1.06385433673859,1.01654398441315,1.01759195327759,8.01E-01,6.92E-01,7.72E-01,6.90E-01,7.43E-01,0.225330953320275,1.58E+00,0,3516,4.53E+02,4.63E+02,4.95E+02,4.80E+02,4.37E+02,5.76E+02,5.00E+02,5.88E+02,4.52E+02,5.51E+02,4.88E+02,5.44E+02,1.12E+00,1.15E+00,7.27E+00
0.437405735254288,0.264777153730392,1.08770799636841,1.06077408790588,1.03360152244568,1.0416316986084,7.87E-01,6.89E-01,7.62E-01,7.00E-01,7.34E-01,-1.86194930164162,2.55E+00,0,3518,4.53E+02,4.63E+02,4.96E+02,4.80E+02,4.37E+02,5.78E+02,5.00E+02,5.89E+02,4.53E+02,5.51E+02,4.89E+02,5.46E+02,3.79E-01,7.26E-01,7.74E+00
0.430190980434418,0.259531110525131,1.09462368488312,1.04616189002991,1.04398453235626,1.04612386226654,8.09E-01,6.87E-01,7.69E-01,6.89E-01,7.42E-01,2.7152809729374,3.21E-01,0,3521,4.54E+02,4.65E+02,4.96E+02,4.81E+02,4.37E+02,5.76E+02,5.01E+02,5.90E+02,4.53E+02,5.51E+02,4.88E+02,5.46E+02,8.62E-01,3.56E-01,6.46E+00
0.435203611850739,0.265509158372879,1.06948208808899,1.04891455173492,1.0353170633316,1.04187595844269,8.17E-01,7.06E-01,7.74E-01,7.07E-01,7.24E-01,-6.57626202063601,6.02E+00,0,3524,4.54E+02,4.65E+02,4.97E+02,4.88E+02,4.37E+02,5.81E+02,5.04E+02,5.95E+02,4.53E+02,5.57E+02,4.91E+02,5.52E+02,2.09E+00,1.61E+00,5.80E+00
0.434343159198761,0.263056427240372,1.09536588191986,1.06740498542786,1.03163504600525,1.05878663063049,8.21E-01,7.18E-01,7.82E-01,7.20E-01,7.33E-01,6.76870004149503,5.14E+00,0,3527,4.51E+02,4.67E+02,4.93E+02,4.84E+02,4.33E+02,5.81E+02,4.99E+02,5.91E+02,4.50E+02,5.55E+02,4.87E+02,5.49E+02,9.22E-01,1.69E+00,4.95E+00
0.438797801733017,0.269149422645569,1.09845340251923,1.0858211517334,1.0098135471344,1.06996619701386,8.08E-01,7.21E-01,7.87E-01,7.21E-01,7.86E-01,-0.999043234003295,9.13E-01,0,3530,4.53E+02,4.65E+02,4.96E+02,4.82E+02,4.36E+02,5.79E+02,5.01E+02,5.90E+02,4.53E+02,5.52E+02,4.90E+02,5.47E+02,1.98E+00,6.34E-01,3.80E+00
0.436386644840241,0.262934535741806,1.09006905555725,1.04482960700989,1.01702117919922,1.05764269828796,8.03E-01,7.14E-01,7.89E-01,7.22E-01,7.88E-01,0.359527923379605,3.31E+00,0,3532,4.54E+02,4.64E+02,4.97E+02,4.81E+02,4.38E+02,5.78E+02,5.02E+02,5.89E+02,4.53E+02,5.52E+02,4.89E+02,5.46E+02,1.45E+00,1.41E+00,2.74E+00
0.442948698997498,0.266319155693054,1.11395144462585,1.06994187831879,1.03447318077087,1.03777551651001,8.07E-01,7.09E-01,7.78E-01,7.15E-01,7.60E-01,-2.62149463036084,3.71E+00,0,3535,4.55E+02,4.66E+02,4.98E+02,4.89E+02,4.37E+02,5.83E+02,5.06E+02,5.96E+02,4.54E+02,5.57E+02,4.93E+02,5.53E+02,1.50E+00,1.87E+00,2.55E+00
0.438965141773224,0.26176193356514,1.0843323469162,1.03568994998932,1.02677524089813,1.05223059654236,7.88E-01,7.04E-01,7.77E-01,7.23E-01,7.58E-01,2.31159247355407,1.53E+00,0,3538,4.37E+02,4.89E+02,4.84E+02,5.10E+02,4.26E+02,5.91E+02,4.95E+02,6.12E+02,4.43E+02,5.71E+02,4.85E+02,5.68E+02,1.67E+00,1.56E+00,2.21E+00
0.439321875572205,0.267293214797974,1.10316252708435,1.04822039604187,1.02889549732208,1.03567433357239,8.09E-01,7.11E-01,7.76E-01,7.74E-01,7.76E-01,-0.651597141911269,1.69E+00,0,3541,4.51E+02,4.72E+02,4.97E+02,4.87E+02,4.35E+02,5.80E+02,5.01E+02,5.93E+02,4.52E+02,5.55E+02,4.89E+02,5.49E+02,5.70E-01,1.95E+00,2.04E+00
0.449175029993057,0.263156324625015,1.11257004737854,1.04753196239471,1.04276704788208,1.02956712245941,8.27E-01,7.07E-01,7.75E-01,7.69E-01,7.71E-01,0.125062405453088,1.67E+00,0,3544,4.39E+02,4.74E+02,4.87E+02,4.86E+02,4.29E+02,5.81E+02,4.96E+02,5.91E+02,4.45E+02,5.55E+02,4.83E+02,5.48E+02,2.05E-01,9.30E-01,1.58E+00
0.463036239147186,0.274030148983002,1.10645580291748,1.05675554275513,1.02491402626038,1.05203819274902,8.10E-01,7.15E-01,8.05E-01,7.80E-01,7.86E-01,-1.84625921980641,1.37E+00,0,3546,4.45E+02,4.72E+02,4.90E+02,4.95E+02,4.30E+02,5.86E+02,4.97E+02,6.01E+02,4.47E+02,5.62E+02,4.87E+02,5.58E+02,6.08E-01,7.74E-01,1.73E+00
0.431725054979324,0.26019075512886,1.09853541851044,1.04631769657135,1.03086960315704,1.03147959709167,8.20E-01,7.14E-01,7.90E-01,7.63E-01,8.06E-01,-0.019311713626538,1.91E+00,0,3549,4.53E+02,4.64E+02,4.95E+02,4.81E+02,4.36E+02,5.78E+02,5.00E+02,5.89E+02,4.51E+02,5.52E+02,4.88E+02,5.46E+02,1.26E+00,8.38E-01,1.87E+00
0.438873618841171,0.265702992677689,1.10330331325531,1.06043243408203,1.03738868236542,1.03759717941284,8.12E-01,7.08E-01,7.91E-01,7.79E-01,7.87E-01,0.204431373506353,2.57E+00,0,3552,4.55E+02,4.64E+02,4.98E+02,4.82E+02,4.37E+02,5.78E+02,5.01E+02,5.92E+02,4.53E+02,5.53E+02,4.90E+02,5.47E+02,1.17E+00,1.17E+00,3.07E+00
0.432476729154587,0.260732054710388,1.09918713569641,1.06354200839996,1.01934790611267,1.04181170463562,8.12E-01,7.14E-01,8.04E-01,7.68E-01,7.82E-01,0.363653694648277,1.03E+00,0,3555,4.54E+02,4.63E+02,4.96E+02,4.81E+02,4.38E+02,5.76E+02,5.01E+02,5.91E+02,4.52E+02,5.52E+02,4.89E+02,5.45E+02,9.13E-01,1.24E+00,4.12E+00
0.43312281370163,0.266406863927841,1.11336874961853,1.05869734287262,1.03863382339478,1.04724586009979,8.11E-01,7.05E-01,7.91E-01,7.56E-01,7.83E-01,-1.02229768174713,1.30E+00,0,3558,4.53E+02,4.64E+02,4.94E+02,4.82E+02,4.33E+02,5.79E+02,4.98E+02,5.90E+02,4.49E+02,5.53E+02,4.85E+02,5.47E+02,7.50E-01,1.12E+00,4.69E+00
0.433371841907501,0.2615687251091,1.08541631698608,1.03574776649475,1.0393431186676,1.03936433792114,8.19E-01,7.18E-01,7.84E-01,7.47E-01,7.88E-01,1.54757227138136,1.43E+00,0,3560,4.49E+02,4.66E+02,4.89E+02,4.84E+02,4.30E+02,5.79E+02,4.96E+02,5.90E+02,4.45E+02,5.54E+02,4.82E+02,5.49E+02,8.70E-01,1.03E+00,5.31E+00
0.438785135746002,0.265685677528381,1.09762597084045,1.05917048454285,1.0383802652359,1.04426789283752,8.13E-01,6.98E-01,8.17E-01,7.42E-01,7.95E-01,-2.58709407022102,4.26E+00,0,3563,4.54E+02,4.63E+02,4.97E+02,4.80E+02,4.37E+02,5.77E+02,5.00E+02,5.88E+02,4.52E+02,5.50E+02,4.88E+02,5.45E+02,1.01E+00,7.26E-01,5.86E+00
0.429827034473419,0.264055132865906,1.10734033584595,1.07661545276642,1.03025090694428,1.02526414394379,8.01E-01,7.12E-01,8.06E-01,7.47E-01,7.80E-01,2.08581201165018,2.78E+00,0,3566,4.55E+02,4.63E+02,4.97E+02,4.80E+02,4.38E+02,5.77E+02,5.02E+02,5.88E+02,4.54E+02,5.51E+02,4.90E+02,5.45E+02,1.08E+00,1.12E+00,6.06E+00
0.434261530637741,0.264046281576157,1.09816026687622,1.06029689311981,1.00822854042053,1.02715408802032,8.04E-01,7.00E-01,8.00E-01,7.19E-01,7.79E-01,2.37778630815703,1.07E+00,0,3569,4.55E+02,4.63E+02,4.98E+02,4.80E+02,4.37E+02,5.77E+02,5.02E+02,5.88E+02,4.53E+02,5.51E+02,4.89E+02,5.44E+02,7.76E-01,1.26E+00,5.41E+00
0.430040031671524,0.260110408067703,1.10441660881042,1.06322848796844,1.03143692016602,1.0275661945343,7.95E-01,6.97E-01,7.93E-01,7.26E-01,7.71E-01,-0.043001218696717,4.44E-02,0,3572,4.55E+02,4.64E+02,4.97E+02,4.81E+02,4.38E+02,5.77E+02,5.02E+02,5.88E+02,4.54E+02,5.51E+02,4.89E+02,5.45E+02,1.09E+00,2.27E-01,4.18E+00
0.435182243585587,0.265907019376755,1.10531198978424,1.05833506584167,1.01194751262665,1.04244303703308,8.00E-01,6.91E-01,7.96E-01,7.34E-01,7.66E-01,-3.57048929547819,1.76E+00,0,3574,4.55E+02,4.64E+02,4.98E+02,4.81E+02,4.38E+02,5.78E+02,5.03E+02,5.88E+02,4.54E+02,5.52E+02,4.90E+02,5.46E+02,1.48E+00,1.30E+00,3.34E+00
0.429280161857605,0.261054158210754,1.09019255638123,1.06022453308105,1.03004717826843,1.03148007392883,8.03E-01,7.02E-01,7.68E-01,7.29E-01,7.76E-01,3.27470640053644,3.54E+00,0,3577,4.56E+02,4.67E+02,4.98E+02,4.81E+02,4.38E+02,5.78E+02,5.02E+02,5.90E+02,4.54E+02,5.52E+02,4.90E+02,5.46E+02,1.20E+00,1.42E+00,1.59E+00
0.429935246706009,0.267503261566162,1.10905861854553,1.06117522716522,1.01813888549805,1.03329503536224,7.95E-01,7.04E-01,7.64E-01,7.33E-01,7.67E-01,-2.14774448739062,3.46E+00,0,3580,4.56E+02,4.65E+02,4.99E+02,4.83E+02,4.38E+02,5.78E+02,5.03E+02,5.91E+02,4.54E+02,5.52E+02,4.91E+02,5.46E+02,3.02E-01,5.95E-01,1.62E+00
0.428400963544846,0.260943949222565,1.11614847183228,1.07260203361511,1.02562892436981,1.03909468650818,8.10E-01,6.87E-01,7.73E-01,7.07E-01,7.63E-01,0.912948265590266,1.18E+00,0,3583,4.56E+02,4.64E+02,4.98E+02,4.81E+02,4.39E+02,5.77E+02,5.02E+02,5.90E+02,4.54E+02,5.51E+02,4.90E+02,5.45E+02,9.90E-01,7.48E-01,2.57E+00
0.432813078165054,0.266282856464386,1.0948326587677,1.05871069431305,1.02989780902863,1.04073894023895,7.88E-01,6.97E-01,7.83E-01,7.05E-01,7.62E-01,-0.645887568184832,2.39E+00,0,3586,4.56E+02,4.63E+02,4.99E+02,4.80E+02,4.39E+02,5.76E+02,5.03E+02,5.88E+02,4.54E+02,5.51E+02,4.89E+02,5.45E+02,1.39E-01,1.09E+00,2.63E+00
0.431112945079803,0.257769107818604,1.09546828269959,1.07081210613251,1.00677537918091,1.01320207118988,7.92E-01,7.04E-01,7.59E-01,7.13E-01,7.49E-01,0.904906475665957,2.72E+00,0,3588,4.57E+02,4.63E+02,4.99E+02,4.80E+02,4.39E+02,5.77E+02,5.04E+02,5.89E+02,4.54E+02,5.52E+02,4.92E+02,5.46E+02,1.89E-01,1.08E+00,2.53E+00
0.433632016181946,0.261279791593552,1.0903046131134,1.06027638912201,1.01926624774933,1.03218054771423,7.90E-01,6.81E-01,7.84E-01,7.01E-01,7.37E-01,-3.18150193485274,3.53E-01,0,3591,4.57E+02,4.64E+02,4.99E+02,4.81E+02,4.39E+02,5.77E+02,5.03E+02,5.89E+02,4.55E+02,5.52E+02,4.90E+02,5.46E+02,1.05E+00,2.63E-01,1.57E+00
0.428351432085037,0.258399337530136,1.10342836380005,1.04617071151733,1.02434742450714,1.01842784881592,8.04E-01,6.86E-01,7.67E-01,7.10E-01,7.45E-01,2.57274115715516,4.61E+00,0,3594,4.57E+02,4.63E+02,4.99E+02,4.81E+02,4.39E+02,5.78E+02,5.03E+02,5.88E+02,4.55E+02,5.52E+02,4.91E+02,5.44E+02,1.27E+00,5.67E-01,9.23E-01
0.432668328285217,0.262713193893433,1.09949934482574,1.07533097267151,1.02179837226868,1.02362143993378,7.85E-01,6.84E-01,7.75E-01,7.06E-01,7.41E-01,2.83797109786944,2.50E+00,0,3597,4.57E+02,4.64E+02,4.99E+02,4.81E+02,4.39E+02,5.79E+02,5.03E+02,5.90E+02,4.56E+02,5.52E+02,4.92E+02,5.46E+02,1.15E+00,1.26E+00,7.03E-01
0.430119603872299,0.258336544036865,1.10991179943085,1.05604434013367,1.01277077198029,1.01193749904633,7.98E-01,7.01E-01,7.84E-01,7.05E-01,7.45E-01,0.484814074842173,8.06E-01,0,3600,4.57E+02,4.64E+02,4.99E+02,4.82E+02,4.39E+02,5.77E+02,5.03E+02,5.89E+02,4.54E+02,5.53E+02,4.93E+02,5.45E+02,8.32E-01,9.48E-01,1.49E+00
0.433811515569687,0.261117875576019,1.10576272010803,1.05831468105316,1.02414405345917,1.00307953357697,7.91E-01,6.81E-01,7.85E-01,7.05E-01,7.37E-01,-5.39715843261989,3.31E+00,0,3602,4.57E+02,4.64E+02,5.00E+02,4.82E+02,4.40E+02,5.77E+02,5.03E+02,5.89E+02,4.56E+02,5.52E+02,4.92E+02,5.46E+02,1.59E+00,1.19E+00,1.98E+00
0.426623791456223,0.259380489587784,1.11095035076141,1.05980491638184,1.00962865352631,1.0290549993515,7.95E-01,6.93E-01,7.66E-01,6.96E-01,7.46E-01,4.38694547414231,2.74E+00,0,3605,4.57E+02,4.64E+02,4.99E+02,4.81E+02,4.40E+02,5.77E+02,5.03E+02,5.89E+02,4.55E+02,5.52E+02,4.90E+02,5.47E+02,1.19E+00,2.35E+00,2.84E+00
0.431909799575806,0.261292099952698,1.10840106010437,1.06474697589874,1.01805996894836,1.01768040657043,7.78E-01,6.84E-01,7.61E-01,6.86E-01,7.47E-01,-3.51555714259226,1.34E+00,0,3608,4.58E+02,4.64E+02,5.00E+02,4.81E+02,4.41E+02,5.78E+02,5.05E+02,5.88E+02,4.56E+02,5.51E+02,4.92E+02,5.45E+02,6.86E-01,1.68E+00,2.62E+00
0.42922243475914,0.257148861885071,1.10330295562744,1.05398261547089,1.00625252723694,1.00927329063416,7.98E-01,6.94E-01,7.72E-01,6.95E-01,7.46E-01,-0.043777929418022,3.52E-01,0,3611,4.58E+02,4.65E+02,5.00E+02,4.82E+02,4.40E+02,5.79E+02,5.05E+02,5.90E+02,4.56E+02,5.52E+02,4.93E+02,5.45E+02,4.33E-01,1.74E-01,2.78E+00
0.429763913154602,0.260744839906692,1.10805952548981,1.04420924186707,1.00870013237,1.02685523033142,7.89E-01,6.82E-01,7.76E-01,6.86E-01,7.41E-01,-0.849753690257616,6.33E-01,0,3614,4.58E+02,4.65E+02,5.01E+02,4.82E+02,4.40E+02,5.79E+02,5.04E+02,5.90E+02,4.56E+02,5.52E+02,4.91E+02,5.46E+02,3.31E-01,9.23E-01,3.04E+00
0.427060812711716,0.256107926368713,1.10648226737976,1.05709743499756,1.02119433879852,1.01477146148682,7.89E-01,6.84E-01,7.60E-01,6.89E-01,7.45E-01,2.27072147839658,2.35E+00,0,3616,4.52E+02,4.68E+02,4.97E+02,4.84E+02,4.37E+02,5.78E+02,5.04E+02,5.90E+02,4.53E+02,5.53E+02,4.90E+02,5.47E+02,1.03E+00,1.17E+00,2.64E+00
0.430506467819214,0.260803461074829,1.10643720626831,1.06134569644928,1.03988075256348,1.01643252372742,7.76E-01,6.86E-01,7.80E-01,7.10E-01,7.77E-01,1.46809811951774,2.70E+00,0,3619,4.57E+02,4.66E+02,5.00E+02,4.83E+02,4.41E+02,5.77E+02,5.04E+02,5.90E+02,4.56E+02,5.53E+02,4.93E+02,5.47E+02,1.42E+00,5.83E-01,2.43E+00
0.42955207824707,0.256495594978333,1.1024934053421,1.06641066074371,1.01687610149384,1.02824878692627,7.95E-01,6.90E-01,7.74E-01,7.09E-01,7.73E-01,-0.270550574783927,1.05E+00,0,3622,4.58E+02,4.65E+02,5.00E+02,4.82E+02,4.40E+02,5.79E+02,5.05E+02,5.91E+02,4.56E+02,5.53E+02,4.91E+02,5.48E+02,1.11E+00,1.37E+00,2.63E+00
0.432151556015015,0.258515030145645,1.0859249830246,1.06165206432343,1.02316844463348,1.02914023399353,7.91E-01,6.86E-01,7.70E-01,6.95E-01,7.63E-01,-0.419845868384912,2.65E-01,0,3625,4.59E+02,4.65E+02,5.01E+02,4.82E+02,4.40E+02,5.79E+02,5.04E+02,5.91E+02,4.57E+02,5.53E+02,4.93E+02,5.48E+02,6.54E-01,1.28E+00,3.08E+00
0.427984565496445,0.255286782979965,1.10160553455353,1.04530704021454,1.03123295307159,1.01900339126587,7.90E-01,6.85E-01,7.71E-01,7.09E-01,7.56E-01,0.123135894190377,1.87E+00,0,3628,4.59E+02,4.66E+02,5.01E+02,4.83E+02,4.41E+02,5.78E+02,5.04E+02,5.91E+02,4.56E+02,5.53E+02,4.93E+02,5.47E+02,1.97E+00,8.71E-01,2.67E+00
0.432182341814041,0.260215520858765,1.10285413265228,1.0546098947525,1.03223216533661,1.01112055778503,7.83E-01,6.74E-01,7.76E-01,6.91E-01,7.54E-01,-3.85075237555661,2.54E+00,0,3630,4.59E+02,4.65E+02,5.01E+02,4.82E+02,4.41E+02,5.78E+02,5.05E+02,5.90E+02,4.57E+02,5.53E+02,4.92E+02,5.47E+02,1.28E+00,1.70E+00,2.05E+00
0.428468018770218,0.255360811948776,1.1065719127655,1.06448197364807,1.00982320308685,1.00553619861603,8.05E-01,6.95E-01,7.86E-01,7.07E-01,7.76E-01,0.943894021435862,1.87E+00,0,3633,4.58E+02,4.66E+02,5.00E+02,4.84E+02,4.40E+02,5.79E+02,5.05E+02,5.90E+02,4.56E+02,5.54E+02,4.91E+02,5.48E+02,1.13E+00,1.45E+00,2.34E+00
0.43375501036644,0.261077642440796,1.09474301338196,1.05946350097656,1.0252902507782,1.01844274997711,7.90E-01,6.93E-01,7.78E-01,7.11E-01,7.95E-01,-0.417406862958416,2.82E+00,0,3636,4.59E+02,4.66E+02,5.02E+02,4.83E+02,4.41E+02,5.80E+02,5.06E+02,5.90E+02,4.57E+02,5.54E+02,4.93E+02,5.48E+02,4.55E-01,8.88E-01,1.22E+00
0.430817365646362,0.257763236761093,1.11356377601624,1.05191624164581,1.02132880687714,1.01916027069092,7.94E-01,6.97E-01,7.78E-01,7.20E-01,7.88E-01,-0.548908443218811,2.39E-01,0,3639,4.60E+02,4.66E+02,5.02E+02,4.83E+02,4.42E+02,5.78E+02,5.07E+02,5.91E+02,4.58E+02,5.53E+02,4.92E+02,5.48E+02,8.98E-01,8.89E-01,2.42E+00
0.437007933855057,0.264341473579407,1.11978280544281,1.06995642185211,1.03524732589722,1.01941680908203,7.83E-01,6.88E-01,7.81E-01,7.16E-01,7.94E-01,0.015575996839018,6.35E-01,0,3642,4.65E+02,4.69E+02,5.11E+02,4.86E+02,4.53E+02,5.79E+02,5.18E+02,5.92E+02,4.69E+02,5.54E+02,5.06E+02,5.51E+02,7.80E-01,9.96E-01,3.14E+00
0.431289434432983,0.258760750293732,1.10032641887665,1.07409596443176,1.02228903770447,1.01907086372375,8.08E-01,7.16E-01,8.39E-01,7.30E-01,7.80E-01,3.05388981614261,3.31E+00,0,3644,4.58E+02,4.67E+02,5.01E+02,4.84E+02,4.41E+02,5.79E+02,5.06E+02,5.92E+02,4.56E+02,5.54E+02,4.93E+02,5.47E+02,5.80E-01,6.69E-01,3.53E+00
0.432979226112366,0.261426359415054,1.0909036397934,1.05123102664948,1.03145015239716,1.02645659446716,8.13E-01,7.13E-01,8.40E-01,7.30E-01,7.74E-01,0.106616406292774,2.40E+00,0,3647,4.58E+02,4.67E+02,5.01E+02,4.84E+02,4.40E+02,5.81E+02,5.04E+02,5.93E+02,4.57E+02,5.55E+02,4.93E+02,5.49E+02,1.05E+00,8.06E-01,4.63E+00
0.424127161502838,0.257629066705704,1.09030699729919,1.05416238307953,1.02866363525391,1.01129674911499,8.01E-01,7.24E-01,8.19E-01,7.22E-01,7.78E-01,2.81225273290488,3.43E+00,0,3650,4.57E+02,4.67E+02,4.98E+02,4.85E+02,4.39E+02,5.81E+02,5.04E+02,5.93E+02,4.55E+02,5.55E+02,4.92E+02,5.49E+02,1.64E+00,6.06E-01,5.04E+00
0.435229569673538,0.261875689029694,1.10374450683594,1.05706059932709,1.02469027042389,1.02675974369049,7.96E-01,7.01E-01,8.12E-01,7.35E-01,7.76E-01,2.05964079090501,6.85E-01,0,3653,4.57E+02,4.68E+02,5.00E+02,4.85E+02,4.41E+02,5.79E+02,5.04E+02,5.93E+02,4.56E+02,5.55E+02,4.90E+02,5.50E+02,7.80E-01,6.79E-01,4.37E+00
0.430317550897598,0.257920563220978,1.08650982379913,1.06482779979706,1.0099503993988,1.014927983284,7.94E-01,7.08E-01,8.20E-01,7.17E-01,7.68E-01,2.43561436959965,2.27E+00,0,3656,4.58E+02,4.67E+02,5.00E+02,4.84E+02,4.40E+02,5.81E+02,5.06E+02,5.91E+02,4.56E+02,5.55E+02,4.93E+02,5.48E+02,1.06E+00,4.67E-01,2.96E+00
0.432475239038467,0.261668413877487,1.09144020080566,1.06088519096375,1.0275571346283,1.01400244235992,8.09E-01,7.00E-01,8.09E-01,7.14E-01,7.58E-01,0.015972944966355,1.68E-02,0,3659,4.58E+02,4.67E+02,5.01E+02,4.84E+02,4.42E+02,5.80E+02,5.06E+02,5.93E+02,4.57E+02,5.54E+02,4.92E+02,5.48E+02,7.45E-01,7.57E-01,5.15E-01
0.43439444899559,0.257192105054855,1.08650660514832,1.05387496948242,1.01607215404511,1.03484892845154,8.03E-01,7.21E-01,8.00E-01,7.16E-01,7.52E-01,0.335429723736711,1.62E+00,0,3661,4.97E+02,4.61E+02,5.39E+02,4.78E+02,4.74E+02,5.69E+02,5.37E+02,5.88E+02,4.91E+02,5.46E+02,5.26E+02,5.43E+02,7.92E-01,1.27E+00,1.20E+00
0.443868488073349,0.261837750673294,1.08386385440826,1.0364773273468,1.02669084072113,1.02507364749908,8.01E-01,7.15E-01,7.98E-01,7.23E-01,7.62E-01,-0.286631234499214,7.13E-01,0,3664,4.92E+02,4.64E+02,5.38E+02,4.81E+02,4.74E+02,5.72E+02,5.37E+02,5.87E+02,4.91E+02,5.48E+02,5.28E+02,5.44E+02,1.04E+00,1.41E+00,2.26E+00
0.435755372047424,0.25390750169754,1.10262489318848,1.06298899650574,1.01564407348633,1.01618087291718,8.05E-01,7.06E-01,8.18E-01,7.35E-01,7.66E-01,0.871934686664906,9.91E-01,0,3667,5.04E+02,4.58E+02,5.45E+02,4.78E+02,4.80E+02,5.70E+02,5.44E+02,5.86E+02,4.96E+02,5.45E+02,5.34E+02,5.42E+02,4.89E-01,1.10E+00,2.56E+00
0.438838958740234,0.261325091123581,1.08800435066223,1.06115639209747,1.02844834327698,1.01212692260742,8.11E-01,6.97E-01,8.43E-01,7.34E-01,7.61E-01,-0.612949511667857,2.13E+00,0,3670,5.05E+02,4.58E+02,5.47E+02,4.77E+02,4.81E+02,5.68E+02,5.45E+02,5.84E+02,4.98E+02,5.44E+02,5.33E+02,5.39E+02,4.47E-01,5.02E-01,2.32E+00
0.428055167198181,0.253110140562057,1.0923376083374,1.04926753044128,1.01713943481445,1.01799058914185,8.01E-01,6.96E-01,7.99E-01,7.22E-01,7.43E-01,-0.649508647740772,1.62E+00,0,3673,5.05E+02,4.58E+02,5.46E+02,4.78E+02,4.81E+02,5.71E+02,5.44E+02,5.86E+02,4.98E+02,5.45E+02,5.33E+02,5.41E+02,3.23E-01,2.71E-01,3.33E+00
0.440182209014893,0.257820338010788,1.09345996379852,1.05761849880219,1.03391253948212,1.01854014396667,8.08E-01,7.02E-01,7.99E-01,7.15E-01,7.45E-01,-1.14382332550843,1.27E+00,0,3675,5.06E+02,4.58E+02,5.47E+02,4.77E+02,4.82E+02,5.69E+02,5.46E+02,5.84E+02,4.99E+02,5.45E+02,5.34E+02,5.41E+02,5.97E-01,1.08E+00,4.81E+00
0.434495598077774,0.256675601005554,1.10371792316437,1.0316766500473,1.03070080280304,1.00797915458679,7.93E-01,7.04E-01,8.10E-01,7.15E-01,7.41E-01,0.642623702272062,1.22E+00,0,3678,5.06E+02,4.58E+02,5.47E+02,4.77E+02,4.81E+02,5.70E+02,5.44E+02,5.85E+02,4.98E+02,5.45E+02,5.34E+02,5.41E+02,2.38E-01,1.40E+00,7.02E+00
0.436189115047455,0.260216176509857,1.08839952945709,1.05873572826386,1.04369556903839,1.02461087703705,7.95E-01,6.87E-01,8.08E-01,7.26E-01,7.20E-01,0.292902402103325,1.36E+00,0,3681,5.06E+02,4.58E+02,5.47E+02,4.77E+02,4.82E+02,5.71E+02,5.45E+02,5.84E+02,4.99E+02,5.45E+02,5.34E+02,5.42E+02,4.37E-01,7.27E-01,8.45E+00
0.430390775203705,0.253839880228043,1.09947741031647,1.04763662815094,1.01646983623505,1.00958204269409,8.04E-01,7.09E-01,8.03E-01,7.25E-01,7.39E-01,1.39831154741138,2.62E+00,0,3684,5.06E+02,4.59E+02,5.48E+02,4.79E+02,4.82E+02,5.69E+02,5.47E+02,5.87E+02,4.99E+02,5.46E+02,5.37E+02,5.42E+02,5.62E-01,3.70E-01,9.24E+00
0.43789330124855,0.260701775550842,1.10103869438171,1.05802011489868,1.02847111225128,1.02363121509552,8.17E-01,6.95E-01,8.10E-01,7.35E-01,7.42E-01,0.233379303532503,2.64E+00,0,3687,5.06E+02,4.59E+02,5.45E+02,4.80E+02,4.80E+02,5.71E+02,5.44E+02,5.88E+02,4.97E+02,5.46E+02,5.31E+02,5.44E+02,2.11E+00,8.17E-01,8.43E+00
0.429639995098114,0.256201326847076,1.08376514911652,1.0483889579773,1.03156709671021,1.00791203975678,8.06E-01,7.21E-01,8.25E-01,7.39E-01,7.63E-01,0.156370869473374,3.06E+00,0,3689,4.99E+02,4.63E+02,5.39E+02,4.84E+02,4.74E+02,5.74E+02,5.39E+02,5.91E+02,4.92E+02,5.50E+02,5.29E+02,5.47E+02,8.87E-01,7.57E-01,8.19E+00
0.44008806347847,0.260548681020737,1.09074878692627,1.03583979606628,1.04262828826904,1.01057648658752,8.34E-01,7.13E-01,8.24E-01,7.77E-01,7.69E-01,0.053214853961043,3.00E+00,0,3692,5.06E+02,4.60E+02,5.48E+02,4.79E+02,4.83E+02,5.70E+02,5.46E+02,5.86E+02,4.99E+02,5.46E+02,5.36E+02,5.42E+02,1.27E+00,7.54E-01,6.30E+00
0.432772755622864,0.258051455020905,1.09034049510956,1.05480015277863,1.02420318126678,1.0009593963623,8.20E-01,7.25E-01,8.29E-01,8.01E-01,7.67E-01,0.258659711010868,1.78E+00,0,3695,5.07E+02,4.59E+02,5.48E+02,4.78E+02,4.82E+02,5.72E+02,5.47E+02,5.86E+02,4.99E+02,5.46E+02,5.37E+02,5.42E+02,9.37E-01,3.76E-01,4.70E+00
0.438850581645966,0.260943800210953,1.10940611362457,1.05711758136749,1.03684210777283,1.01703882217407,8.25E-01,7.16E-01,8.12E-01,7.69E-01,7.67E-01,-1.45107236569282,6.67E-01,0,3698,5.08E+02,4.59E+02,5.49E+02,4.79E+02,4.84E+02,5.69E+02,5.47E+02,5.86E+02,5.00E+02,5.45E+02,5.35E+02,5.42E+02,2.64E-01,4.84E-01,3.19E+00
0.43309623003006,0.256279140710831,1.09437537193298,1.0473245382309,1.02191948890686,1.01444900035858,8.09E-01,7.15E-01,8.21E-01,7.73E-01,7.51E-01,-0.009911902096396,1.80E-01,0,3701,5.08E+02,4.58E+02,5.49E+02,4.78E+02,4.83E+02,5.70E+02,5.46E+02,5.87E+02,5.00E+02,5.45E+02,5.33E+02,5.42E+02,1.52E+00,6.62E-01,2.35E+00
0.436208099126816,0.259227901697159,1.0934910774231,1.04387712478638,1.02286434173584,1.01661968231201,8.14E-01,7.04E-01,8.07E-01,7.64E-01,7.46E-01,-1.33861758710799,3.03E+00,0,3703,5.05E+02,4.62E+02,5.45E+02,4.82E+02,4.81E+02,5.75E+02,5.44E+02,5.90E+02,4.97E+02,5.50E+02,5.33E+02,5.46E+02,3.10E-01,6.88E-01,2.57E+00
0.428465127944946,0.254427134990692,1.09288799762726,1.04396784305573,1.00729465484619,1.01986932754517,7.93E-01,7.07E-01,8.02E-01,7.65E-01,7.45E-01,2.28546226950742,2.00E+00,0,3706,5.05E+02,4.64E+02,5.45E+02,4.84E+02,4.80E+02,5.77E+02,5.45E+02,5.92E+02,4.97E+02,5.52E+02,5.33E+02,5.47E+02,1.01E+00,3.11E-01,3.05E+00
0.433225363492966,0.26154688000679,1.09627509117126,1.04585945606232,1.02188897132874,1.02858185768127,8.03E-01,6.99E-01,8.01E-01,7.72E-01,7.58E-01,0.0855159503869,9.88E-01,0,3709,5.01E+02,4.65E+02,5.44E+02,4.83E+02,4.79E+02,5.74E+02,5.43E+02,5.90E+02,4.97E+02,5.49E+02,5.33E+02,5.47E+02,8.89E-01,1.63E-01,3.47E+00
0.428924143314362,0.253474175930023,1.10912561416626,1.04318654537201,1.03147685527802,1.00448000431061,8.00E-01,6.95E-01,7.96E-01,7.61E-01,7.77E-01,0.350571008320087,6.49E-01,0,3712,5.08E+02,4.61E+02,5.49E+02,4.79E+02,4.84E+02,5.72E+02,5.48E+02,5.87E+02,5.01E+02,5.48E+02,5.38E+02,5.43E+02,5.73E-01,3.57E-01,3.36E+00
0.433587700128555,0.259684473276138,1.10351502895355,1.05107939243317,1.02212512493134,1.01382780075073,8.07E-01,6.78E-01,8.05E-01,7.47E-01,7.47E-01,-0.347210725370841,1.05E-01,0,3715,5.08E+02,4.61E+02,5.49E+02,4.80E+02,4.83E+02,5.74E+02,5.46E+02,5.88E+02,5.01E+02,5.47E+02,5.36E+02,5.44E+02,8.16E-01,2.01E-01,3.18E+00
0.42611962556839,0.253455191850662,1.10021030902863,1.04732418060303,1.01358020305634,1.02391147613525,8.01E-01,7.07E-01,8.04E-01,7.67E-01,7.68E-01,0.767194637018808,1.20E-01,0,3717,5.03E+02,4.64E+02,5.48E+02,4.81E+02,4.84E+02,5.72E+02,5.48E+02,5.88E+02,5.00E+02,5.48E+02,5.35E+02,5.43E+02,9.52E-01,1.09E+00,2.81E+00
0.435433655977249,0.260303020477295,1.08801460266113,1.05704927444458,1.03976154327393,1.01330554485321,8.17E-01,7.04E-01,8.15E-01,7.85E-01,7.96E-01,0.622854328576152,2.65E+00,0,3720,5.07E+02,4.63E+02,5.50E+02,4.81E+02,4.84E+02,5.71E+02,5.48E+02,5.88E+02,5.01E+02,5.47E+02,5.38E+02,5.45E+02,9.50E-01,1.11E+00,2.66E+00
0.433029413223267,0.255865484476089,1.1046336889267,1.05824303627014,1.0180675983429,1.02738225460053,8.16E-01,7.17E-01,8.24E-01,7.95E-01,8.05E-01,0.123225071126927,2.83E+00,0,3723,5.10E+02,4.61E+02,5.51E+02,4.80E+02,4.86E+02,5.72E+02,5.49E+02,5.88E+02,5.02E+02,5.48E+02,5.39E+02,5.44E+02,9.52E-01,8.79E-02,2.82E+00
0.434134930372238,0.25841960310936,1.11371946334839,1.05802524089813,1.05708467960358,1.02053165435791,8.14E-01,7.03E-01,8.05E-01,7.78E-01,7.83E-01,-0.21800811196097,3.55E-01,0,3726,5.10E+02,4.60E+02,5.51E+02,4.79E+02,4.85E+02,5.72E+02,5.48E+02,5.86E+02,5.03E+02,5.46E+02,5.38E+02,5.43E+02,1.02E+00,1.02E+00,3.25E+00
0.429162085056305,0.252251893281937,1.0971542596817,1.02579045295715,1.03767204284668,1.02446353435516,7.99E-01,7.14E-01,8.13E-01,7.78E-01,7.81E-01,0.867150707640676,3.15E+00,0,3729,5.10E+02,4.59E+02,5.51E+02,4.79E+02,4.85E+02,5.71E+02,5.49E+02,5.86E+02,5.02E+02,5.46E+02,5.38E+02,5.41E+02,1.43E+00,8.53E-01,3.05E+00
0.435419023036957,0.256285816431046,1.12080764770508,1.04916882514954,1.03995060920715,1.01400232315063,8.12E-01,7.05E-01,8.04E-01,7.69E-01,7.76E-01,-1.51876631852921,2.77E-01,0,3731,5.11E+02,4.60E+02,5.50E+02,4.80E+02,4.85E+02,5.71E+02,5.49E+02,5.87E+02,5.02E+02,5.47E+02,5.38E+02,5.44E+02,1.89E+00,6.16E-01,3.68E+00
0.425867408514023,0.253076821565628,1.12435162067413,1.03736436367035,1.02126550674438,1.03434038162231,8.06E-01,7.02E-01,8.06E-01,7.81E-01,7.69E-01,0.003249543468532,1.32E+00,0,3734,5.12E+02,4.61E+02,5.52E+02,4.80E+02,4.85E+02,5.74E+02,5.49E+02,5.87E+02,5.03E+02,5.47E+02,5.38E+02,5.43E+02,1.99E+00,1.01E+00,3.59E+00
0.43283998966217,0.256162494421005,1.07918727397919,1.04676246643066,1.02004253864288,1.03872931003571,8.09E-01,6.99E-01,7.97E-01,7.57E-01,7.55E-01,2.86459653041473,1.87E+00,0,3737,5.11E+02,4.60E+02,5.52E+02,4.80E+02,4.86E+02,5.71E+02,5.49E+02,5.88E+02,5.03E+02,5.47E+02,5.39E+02,5.45E+02,8.11E-01,5.17E-01,2.30E+00
0.422022759914398,0.247534662485123,1.12063407897949,1.04855728149414,1.0258059501648,1.01915168762207,8.06E-01,6.97E-01,8.00E-01,7.64E-01,7.62E-01,0.364835329982837,1.64E+00,0,3740,5.11E+02,4.61E+02,5.52E+02,4.81E+02,4.87E+02,5.72E+02,5.50E+02,5.88E+02,5.03E+02,5.48E+02,5.39E+02,5.43E+02,8.40E-01,9.29E-01,9.51E-01
0.438851475715637,0.257034510374069,1.08088147640228,1.0522483587265,1.03128409385681,1.01834237575531,7.93E-01,6.95E-01,7.80E-01,7.52E-01,7.75E-01,0.151088366478296,2.40E+00,0,3743,4.88E+02,4.74E+02,5.27E+02,4.96E+02,4.64E+02,5.83E+02,5.30E+02,6.01E+02,4.81E+02,5.59E+02,5.21E+02,5.60E+02,1.05E+00,4.02E-01,4.67E-01
0.421448886394501,0.25190457701683,1.10765242576599,1.06409513950348,1.02475416660309,1.0078592300415,7.99E-01,7.12E-01,8.21E-01,7.24E-01,7.99E-01,2.28261113114821,3.29E+00,0,3745,5.08E+02,4.64E+02,5.44E+02,4.86E+02,4.77E+02,5.77E+02,5.43E+02,5.93E+02,4.95E+02,5.52E+02,5.32E+02,5.48E+02,1.13E+00,7.16E-01,1.92E+00
0.430013537406921,0.254229813814163,1.10299682617188,1.06534707546234,1.02426469326019,1.02541756629944,8.19E-01,6.91E-01,8.00E-01,7.54E-01,7.91E-01,-0.717932514060025,1.43E+00,0,3748,5.16E+02,4.61E+02,5.57E+02,4.82E+02,4.91E+02,5.74E+02,5.53E+02,5.89E+02,5.08E+02,5.47E+02,5.45E+02,5.46E+02,5.19E-01,3.27E-01,2.69E+00
0.42238575220108,0.263402998447418,1.09147465229034,1.05577456951141,1.03334248065948,1.02994978427887,7.82E-01,7.05E-01,7.99E-01,7.36E-01,7.87E-01,-0.334981968830085,1.05E+00,0,3751,5.52E+02,4.93E+02,5.93E+02,5.13E+02,5.17E+02,5.93E+02,5.79E+02,6.17E+02,5.36E+02,5.73E+02,5.75E+02,5.73E+02,7.10E-01,1.04E-01,3.66E+00
0.434158802032471,0.270908415317535,1.1066153049469,1.04968440532684,1.04574024677277,1.01591622829437,7.95E-01,6.92E-01,8.09E-01,7.43E-01,7.65E-01,-3.25506374598759,2.23E+00,0,3754,5.50E+02,4.97E+02,5.97E+02,5.28E+02,5.19E+02,6.08E+02,5.82E+02,6.35E+02,5.41E+02,5.86E+02,5.80E+02,5.92E+02,7.30E-01,7.77E-01,4.06E+00
0.450878590345383,0.268397897481918,1.16327524185181,1.04800271987915,1.02492380142212,1.01010954380035,8.19E-01,7.07E-01,8.01E-01,7.36E-01,7.69E-01,0.003134599194312,5.02E-01,0,3757,5.38E+02,5.42E+02,5.81E+02,5.73E+02,5.03E+02,6.44E+02,5.65E+02,6.74E+02,5.24E+02,6.26E+02,5.63E+02,6.29E+02,6.72E-01,1.07E+00,3.74E+00
0.443393588066101,0.265297681093216,1.15351629257202,1.07108664512634,1.05452883243561,1.02117192745209,8.04E-01,7.24E-01,8.13E-01,7.41E-01,7.52E-01,0.572839628804431,1.28E+00,0,3759,5.27E+02,5.21E+02,5.63E+02,5.40E+02,4.86E+02,6.21E+02,5.49E+02,6.43E+02,5.06E+02,5.99E+02,5.43E+02,6.01E+02,1.07E+00,9.35E-01,3.83E+00
0.424365967512131,0.260080307722092,1.14122319221497,1.06678664684296,1.03618085384369,1.00558590888977,8.22E-01,7.11E-01,7.98E-01,7.39E-01,7.47E-01,1.39864824605867,2.51E+00,0,3762,5.23E+02,5.01E+02,5.60E+02,5.26E+02,4.86E+02,6.12E+02,5.47E+02,6.33E+02,5.05E+02,5.88E+02,5.43E+02,5.88E+02,2.37E-01,1.12E+00,2.55E+00
0.432347863912582,0.255979657173157,1.119868516922,1.07674992084503,1.05331373214722,1.01437520980835,7.95E-01,6.99E-01,8.13E-01,7.42E-01,7.59E-01,0.17925291694888,1.13E+00,0,3765,5.12E+02,4.93E+02,5.51E+02,5.12E+02,4.81E+02,6.00E+02,5.42E+02,6.18E+02,4.99E+02,5.76E+02,5.35E+02,5.75E+02,8.25E-01,5.53E-01,1.28E+00
0.427887201309204,0.254676520824432,1.1222175359726,1.0639671087265,1.03396034240723,1.02945303916931,8.11E-01,7.04E-01,7.88E-01,7.19E-01,7.38E-01,0.553883253328376,3.81E-01,0,3768,5.08E+02,4.85E+02,5.47E+02,5.07E+02,4.78E+02,5.97E+02,5.40E+02,6.15E+02,4.96E+02,5.73E+02,5.32E+02,5.71E+02,8.52E-01,8.06E-01,1.01E+00
0.43014270067215,0.24801641702652,1.13079905509949,1.05643689632416,1.04144263267517,1.02056813240051,7.98E-01,6.95E-01,7.92E-01,7.26E-01,7.21E-01,-0.755572445114642,7.22E-02,0,3771,5.01E+02,4.82E+02,5.41E+02,5.01E+02,4.74E+02,5.92E+02,5.36E+02,6.08E+02,4.92E+02,5.67E+02,5.26E+02,5.65E+02,4.68E-01,1.27E+00,3.03E+00
0.42533066868782,0.248219534754753,1.13722825050354,1.05964612960815,1.03956818580627,1.02043044567108,7.96E-01,6.91E-01,7.83E-01,7.09E-01,7.22E-01,0.236003187173617,1.39E+00,0,3773,5.01E+02,4.77E+02,5.40E+02,4.98E+02,4.74E+02,5.90E+02,5.38E+02,6.06E+02,4.92E+02,5.65E+02,5.26E+02,5.61E+02,6.86E-01,3.68E-01,4.12E+00
0.429707288742065,0.248914539813995,1.11230409145355,1.06317710876465,1.03042531013489,1.01381158828735,8.02E-01,6.96E-01,7.74E-01,7.20E-01,7.17E-01,-0.433872035019872,1.09E+00,0,3776,5.01E+02,4.76E+02,5.39E+02,4.96E+02,4.74E+02,5.89E+02,5.36E+02,6.04E+02,4.92E+02,5.64E+02,5.27E+02,5.59E+02,2.31E-01,3.01E-01,4.19E+00
0.423379719257355,0.248092025518417,1.14767837524414,1.06518805027008,1.02927696704865,1.00863921642303,8.04E-01,6.87E-01,7.83E-01,7.09E-01,7.17E-01,3.17487862569727,7.35E-01,0,3779,5.01E+02,4.75E+02,5.39E+02,4.95E+02,4.75E+02,5.87E+02,5.37E+02,6.02E+02,4.92E+02,5.63E+02,5.27E+02,5.58E+02,5.46E-01,4.02E-01,4.03E+00
0.430113822221756,0.245785057544708,1.12081670761108,1.05055594444275,1.0384167432785,1.02261745929718,7.81E-01,6.89E-01,7.60E-01,7.32E-01,7.41E-01,1.85399692298243,1.63E+00,0,3782,4.85E+02,4.84E+02,5.27E+02,5.01E+02,4.64E+02,5.91E+02,5.29E+02,6.08E+02,4.81E+02,5.68E+02,5.20E+02,5.66E+02,7.84E-01,6.37E-01,3.09E+00
0.423007696866989,0.24850332736969,1.14240062236786,1.05160760879517,1.04197788238525,1.01311159133911,8.06E-01,6.96E-01,7.76E-01,7.19E-01,7.57E-01,0.276919117739688,4.20E-01,0,3785,5.02E+02,4.74E+02,5.40E+02,4.95E+02,4.75E+02,5.87E+02,5.37E+02,6.04E+02,4.92E+02,5.62E+02,5.28E+02,5.59E+02,3.94E-01,1.23E+00,1.85E+00
0.424501955509186,0.247740685939789,1.11766839027405,1.07813584804535,1.07428002357483,1.0346827507019,7.88E-01,6.85E-01,7.88E-01,7.26E-01,7.39E-01,-0.242547089191376,2.82E+00,0,3787,5.02E+02,4.75E+02,5.40E+02,4.94E+02,4.75E+02,5.87E+02,5.38E+02,6.03E+02,4.93E+02,5.63E+02,5.28E+02,5.59E+02,6.04E-01,6.53E-01,1.61E+00
0.423905193805695,0.24884070456028,1.12546253204346,1.05513966083527,1.0260773897171,1.01363837718964,8.00E-01,6.94E-01,7.90E-01,7.15E-01,7.51E-01,0.519785811482406,7.82E-01,0,3790,5.03E+02,4.74E+02,5.41E+02,4.95E+02,4.76E+02,5.87E+02,5.38E+02,6.03E+02,4.94E+02,5.62E+02,5.30E+02,5.59E+02,9.10E-01,6.04E-01,1.33E+00
0.428466767072678,0.248797610402107,1.12214660644531,1.08245253562927,1.03188276290894,1.02369570732117,7.94E-01,6.97E-01,7.77E-01,7.29E-01,7.51E-01,0.318472718374811,2.18E+00,0,3793,4.97E+02,4.78E+02,5.38E+02,4.96E+02,4.74E+02,5.88E+02,5.37E+02,6.03E+02,4.91E+02,5.64E+02,5.26E+02,5.61E+02,6.22E-01,8.78E-01,1.95E+00
0.413174986839294,0.247668892145157,1.13039696216583,1.06081569194794,1.01920700073242,1.00870382785797,8.10E-01,7.02E-01,8.04E-01,7.00E-01,7.71E-01,0.763708883590065,7.00E-01,0,3796,5.30E+02,4.81E+02,5.50E+02,4.96E+02,4.82E+02,5.86E+02,5.44E+02,6.03E+02,4.99E+02,5.63E+02,5.33E+02,5.60E+02,1.21E+00,7.64E-01,2.71E+00
0.443277090787888,0.268325060606003,1.12552547454834,1.05600953102112,1.07358181476593,1.03192687034607,7.99E-01,7.14E-01,7.79E-01,7.21E-01,7.63E-01,-0.90313301860046,2.61E+00,0,3799,5.46E+02,5.30E+02,5.93E+02,5.62E+02,5.14E+02,6.45E+02,5.74E+02,6.71E+02,5.35E+02,6.22E+02,5.73E+02,6.27E+02,1.39E+00,1.16E+00,3.93E+00
0.449790686368942,0.262174427509308,1.15828835964203,1.0604362487793,1.03176844120026,1.02328503131866,7.95E-01,7.08E-01,7.93E-01,6.68E-01,7.78E-01,1.10629708774782,2.07E+00,0,3801,5.99E+02,5.76E+02,6.23E+02,5.83E+02,5.31E+02,6.53E+02,5.89E+02,6.79E+02,5.56E+02,6.34E+02,5.88E+02,6.36E+02,1.03E+00,1.36E+00,4.11E+00
0.46329340338707,0.288210570812225,1.16601943969727,1.04386246204376,1.06939566135407,1.01031994819641,8.30E-01,7.21E-01,7.87E-01,7.48E-01,7.33E-01,-2.14762492098703,2.21E+00,0,3804,5.98E+02,6.21E+02,6.13E+02,6.66E+02,5.26E+02,7.29E+02,5.83E+02,7.66E+02,5.51E+02,7.11E+02,5.82E+02,7.26E+02,5.87E-01,2.19E+00,4.99E+00
0.503584802150726,0.274566978216171,1.1731448173523,0.993579864501953,1.02417969703674,1.00148379802704,8.28E-01,6.94E-01,7.70E-01,7.34E-01,7.58E-01,0.373924060221765,2.08E+00,0,3807,4.86E+02,6.72E+02,5.27E+02,7.02E+02,4.62E+02,7.63E+02,5.25E+02,7.94E+02,4.81E+02,7.49E+02,5.21E+02,7.59E+02,1.28E+00,1.43E+00,5.83E+00
0.516686856746674,0.263879239559174,1.2224348783493,1.08765959739685,1.04125440120697,1.02684378623962,7.98E-01,6.99E-01,7.96E-01,7.72E-01,7.83E-01,1.93151594798625,7.56E+00,0,3810,4.91E+02,6.67E+02,5.27E+02,6.86E+02,4.59E+02,7.43E+02,5.21E+02,7.83E+02,4.79E+02,7.30E+02,5.18E+02,7.41E+02,2.13E+00,1.19E+00,7.84E+00
0,0,0,0,0,0,0.00E+00,0.00E+00,0.00E+00,0.00E+00,0.00E+00,2.73411915255849,7.98E+01,0,3813,0.00E+00,0.00E+00,0.00E+00,0.00E+00,0.00E+00,0.00E+00,0.00E+00,0.00E+00,0.00E+00,0.00E+00,0.00E+00,0.00E+00,1.52E+01,1.02E+01,5.84E+00
0,0,0,0,0,0,0.00E+00,0.00E+00,0.00E+00,0.00E+00,0.00E+00,12.1855534793992,1.47E+00,0,3815,0.00E+00,0.00E+00,0.00E+00,0.00E+00,0.00E+00,0.00E+00,0.00E+00,0.00E+00,0.00E+00,0.00E+00,0.00E+00,0.00E+00,5.69E+00,2.53E+01,2.76E-01
0.470144838094711,0.275453120470047,1.19771707057953,1.05234313011169,1.03011286258698,1.03018462657928,8.28E-01,7.24E-01,8.30E-01,7.47E-01,7.78E-01,2.14346228045744,5.99E+00,0,3818,5.24E+02,1.22E+02,5.68E+02,1.33E+02,5.23E+02,2.23E+02,5.89E+02,2.39E+02,5.37E+02,2.01E+02,5.71E+02,1.95E+02,7.79E+00,6.19E+00,7.53E+00
0.455408930778503,0.271338045597076,1.16276133060455,1.06345880031586,1.12538135051727,1.00883173942566,8.44E-01,7.49E-01,8.36E-01,7.46E-01,7.60E-01,0.972048221357098,2.73E+00,0,3821,5.31E+02,1.05E+02,5.74E+02,1.06E+02,5.63E+02,2.07E+02,6.31E+02,1.97E+02,5.67E+02,1.79E+02,6.06E+02,1.62E+02,3.16E+00,3.31E+00,2.40E+01
0,0,0,0,0,0,0.00E+00,0.00E+00,0.00E+00,0.00E+00,0.00E+00,3.50251060552785,2.12E+01,0,3824,0.00E+00,0.00E+00,0.00E+00,0.00E+00,0.00E+00,0.00E+00,0.00E+00,0.00E+00,0.00E+00,0.00E+00,0.00E+00,0.00E+00,6.72E+00,7.57E+00,3.28E+01
0.406379222869873,0.249985471367836,1.18569612503052,1.05116832256317,1.28530442714691,1.02465987205505,7.98E-01,7.31E-01,7.79E-01,7.80E-01,7.20E-01,0.895146270935029,2.33E+00,0,3827,4.58E+02,3.14E+02,4.95E+02,3.05E+02,5.07E+02,3.98E+02,5.76E+02,3.70E+02,5.08E+02,3.71E+02,5.44E+02,3.42E+02,1.02E+01,1.08E+01,5.15E+01
0.415080368518829,0.249381557106972,1.21422636508942,1.02746891975403,1.35732579231262,1.02762699127197,8.03E-01,6.97E-01,7.63E-01,6.85E-01,7.02E-01,2.69658775190305,1.23E+00,0,3829,4.94E+02,1.94E+02,5.25E+02,2.10E+02,5.40E+02,3.10E+02,6.10E+02,2.73E+02,5.40E+02,2.83E+02,5.70E+02,2.55E+02,3.46E+00,6.84E+00,4.65E+01
0,0,0,0,0,0,0.00E+00,0.00E+00,0.00E+00,0.00E+00,0.00E+00,0.819914811637561,1.03E+01,0,3832,0.00E+00,0.00E+00,0.00E+00,0.00E+00,0.00E+00,0.00E+00,0.00E+00,0.00E+00,0.00E+00,0.00E+00,0.00E+00,0.00E+00,8.44E+00,1.14E+01,5.95E+01
0.463324218988419,0.27505150437355,1.18683111667633,1.04455900192261,1.50815784931183,1.01499950885773,8.38E-01,7.26E-01,0.00E+00,8.02E-01,0.00E+00,2.71366941316276,3.58E+00,0,3835,5.48E+02,1.09E+01,5.81E+02,3.30E+01,5.55E+02,1.20E+02,6.28E+02,1.25E+02,5.67E+02,1.00E+02,6.08E+02,8.88E+01,9.07E+00,1.77E+01,6.64E+01
0,0,0,0,0,0,0.00E+00,0.00E+00,0.00E+00,0.00E+00,0.00E+00,-1.30130901782822,2.10E+01,0,3838,0.00E+00,0.00E+00,0.00E+00,0.00E+00,0.00E+00,0.00E+00,0.00E+00,0.00E+00,0.00E+00,0.00E+00,0.00E+00,0.00E+00,4.33E+00,1.51E+01,6.61E+01
0,0,0,0,0,0,0.00E+00,0.00E+00,0.00E+00,0.00E+00,0.00E+00,7.51068717323096,4.74E+01,0,3841,0.00E+00,0.00E+00,0.00E+00,0.00E+00,0.00E+00,0.00E+00,0.00E+00,0.00E+00,0.00E+00,0.00E+00,0.00E+00,0.00E+00,2.16E+01,7.13E+00,7.47E+01
0.46391361951828,0.338038742542267,1.14530980587006,1.03520226478577,1.47021007537842,1.01107621192932,8.26E-01,7.45E-01,8.49E-01,8.05E-01,8.17E-01,1.73520353318489,2.43E+01,0,3843,6.29E+02,1.02E+02,6.34E+02,8.22E+01,6.29E+02,1.67E+02,6.99E+02,1.54E+02,6.34E+02,1.43E+02,6.71E+02,1.20E+02,5.24E+00,8.59E+00,7.41E+01
0,0,0,0,0,0,0.00E+00,0.00E+00,0.00E+00,0.00E+00,0.00E+00,5.48586750703446,9.84E+00,0,3846,0.00E+00,0.00E+00,0.00E+00,0.00E+00,0.00E+00,0.00E+00,0.00E+00,0.00E+00,0.00E+00,0.00E+00,0.00E+00,0.00E+00,1.03E+01,1.03E+01,7.54E+01
0.453138589859009,0.264411509037018,1.13587403297424,1.04480516910553,1.47647440433502,1.00141835212708,8.16E-01,7.31E-01,8.31E-01,7.80E-01,7.63E-01,9.17215619260275,1.87E+01,0,3849,6.33E+02,1.62E+02,6.73E+02,1.38E+02,6.42E+02,2.29E+02,7.19E+02,2.30E+02,6.56E+02,2.07E+02,6.99E+02,1.96E+02,1.97E+01,1.12E+01,7.52E+01
0,0,0,0,0,0,0.00E+00,0.00E+00,0.00E+00,0.00E+00,0.00E+00,-0.716491530048149,4.31E+00,0,3852,0.00E+00,0.00E+00,0.00E+00,0.00E+00,0.00E+00,0.00E+00,0.00E+00,0.00E+00,0.00E+00,0.00E+00,0.00E+00,0.00E+00,1.19E+01,3.04E+01,8.30E+01
0,0,0,0,0,0,0.00E+00,0.00E+00,0.00E+00,0.00E+00,0.00E+00,-8.77147976743956,1.74E+01,0,3855,0.00E+00,0.00E+00,0.00E+00,0.00E+00,0.00E+00,0.00E+00,0.00E+00,0.00E+00,0.00E+00,0.00E+00,0.00E+00,0.00E+00,2.68E+00,2.58E+01,8.23E+01
0,0,0,0,0,0,0.00E+00,0.00E+00,0.00E+00,0.00E+00,0.00E+00,-4.2506782921685,5.71E+00,0,3857,0.00E+00,0.00E+00,0.00E+00,0.00E+00,0.00E+00,0.00E+00,0.00E+00,0.00E+00,0.00E+00,0.00E+00,0.00E+00,0.00E+00,5.53E+00,1.92E+01,9.43E+01
0,0,0,0,0,0,0.00E+00,0.00E+00,0.00E+00,0.00E+00,0.00E+00,-20.5334786882393,6.98E+01,0,3860,0.00E+00,0.00E+00,0.00E+00,0.00E+00,0.00E+00,0.00E+00,0.00E+00,0.00E+00,0.00E+00,0.00E+00,0.00E+00,0.00E+00,1.80E+01,1.49E+01,1.04E+02
0,0,0,0,0,0,0.00E+00,0.00E+00,0.00E+00,0.00E+00,0.00E+00,5.16203475008108,5.70E+01,0,3863,0.00E+00,0.00E+00,0.00E+00,0.00E+00,0.00E+00,0.00E+00,0.00E+00,0.00E+00,0.00E+00,0.00E+00,0.00E+00,0.00E+00,4.48E+01,1.92E+01,1.15E+02
0.509494066238403,0.264097571372986,1.1320093870163,1.03433978557587,1.63244867324829,0.973109722137451,7.96E-01,7.61E-01,8.36E-01,7.52E-01,7.52E-01,-2.14695994337007,3.03E+00,0,3866,6.98E+02,2.80E+02,7.38E+02,2.91E+02,6.84E+02,3.65E+02,7.54E+02,3.89E+02,7.02E+02,3.45E+02,7.38E+02,3.41E+02,1.73E+01,5.63E+01,1.28E+02
0,0,0,0,0,0,0.00E+00,0.00E+00,0.00E+00,0.00E+00,0.00E+00,-2.5579048816137,2.13E+01,0,3869,0.00E+00,0.00E+00,0.00E+00,0.00E+00,0.00E+00,0.00E+00,0.00E+00,0.00E+00,0.00E+00,0.00E+00,0.00E+00,0.00E+00,3.83E+00,6.06E+01,1.37E+02
0,0,0,0,0,0,0.00E+00,0.00E+00,0.00E+00,0.00E+00,0.00E+00,-1.00764636935581,3.92E+00,0,3871,0.00E+00,0.00E+00,0.00E+00,0.00E+00,0.00E+00,0.00E+00,0.00E+00,0.00E+00,0.00E+00,0.00E+00,0.00E+00,0.00E+00,6.27E+00,4.29E+01,1.37E+02
0.452925652265549,0.269256740808487,1.19046258926392,1.0739403963089,1.60930645465851,1.05527770519257,7.78E-01,6.88E-01,8.05E-01,7.75E-01,7.42E-01,2.16956520826439,1.79E+00,0,3874,3.82E+02,6.11E+02,3.67E+02,6.65E+02,2.82E+02,7.20E+02,3.54E+02,7.64E+02,3.02E+02,7.10E+02,3.37E+02,7.18E+02,4.80E-01,1.44E+01,1.54E+02
0.443327456712723,0.257607907056808,1.17019295692444,1.07621383666992,1.66454088687897,1.00712215900421,7.88E-01,7.15E-01,7.87E-01,7.05E-01,7.51E-01,-0.215979412673864,1.25E+00,0,3877,3.97E+02,5.27E+02,3.93E+02,5.38E+02,3.02E+02,5.85E+02,3.56E+02,6.30E+02,3.26E+02,5.72E+02,3.57E+02,5.88E+02,1.66E+00,2.50E+00,1.89E+02
0.427067279815674,0.256613045930862,1.16104304790497,1.08039462566376,1.70648562908173,1.07266986370087,7.88E-01,7.34E-01,7.92E-01,7.63E-01,7.40E-01,1.25772664828576,3.13E+00,0,3880,3.29E+02,4.48E+02,3.53E+02,4.82E+02,2.60E+02,5.29E+02,3.16E+02,5.76E+02,2.84E+02,5.16E+02,3.22E+02,5.36E+02,1.54E+00,1.72E+00,2.43E+02
0.443276941776276,0.282769173383713,1.12587213516235,1.0915766954422,1.68049383163452,0.980639159679413,8.19E-01,7.15E-01,8.16E-01,8.05E-01,7.46E-01,3.06474609095559,1.12E+00,0,3883,3.63E+02,3.66E+02,3.74E+02,3.78E+02,2.84E+02,4.13E+02,3.41E+02,4.63E+02,3.10E+02,4.04E+02,3.56E+02,4.25E+02,8.70E-01,1.67E+00,2.94E+02
0.479033827781677,0.261357724666595,1.1237028837204,1.08125078678131,1.7948921918869,1.01651573181152,8.17E-01,7.55E-01,8.18E-01,7.88E-01,7.57E-01,0.112578658390985,3.01E+00,0,3885,5.40E+02,2.45E+02,5.31E+02,2.97E+02,4.27E+02,3.32E+02,4.69E+02,3.87E+02,4.56E+02,3.22E+02,4.81E+02,3.44E+02,6.23E-01,2.09E+00,3.02E+02
0,0,0,0,0,0,0.00E+00,0.00E+00,0.00E+00,0.00E+00,0.00E+00,2.84607656121897,1.74E+01,0,3888,0.00E+00,0.00E+00,0.00E+00,0.00E+00,0.00E+00,0.00E+00,0.00E+00,0.00E+00,0.00E+00,0.00E+00,0.00E+00,0.00E+00,8.48E+00,4.47E+00,3.03E+02
0.47036936879158,0.256513237953186,1.14877188205719,1.0723375082016,1.89365148544312,1.05062258243561,8.34E-01,7.89E-01,8.34E-01,7.79E-01,7.37E-01,8.8984407045583,1.05E+01,0,3891,3.99E+02,2.84E+02,4.25E+02,3.15E+02,3.93E+02,4.13E+02,4.60E+02,4.19E+02,4.02E+02,3.88E+02,4.36E+02,3.77E+02,5.61E+00,8.60E+00,2.69E+02
0.467915564775467,0.255104690790176,1.14062392711639,1.07434153556824,1.8155210018158,1.07398271560669,8.38E-01,7.98E-01,8.22E-01,7.81E-01,7.83E-01,-1.29713298901821,1.49E+01,0,3894,4.70E+02,2.33E+02,5.08E+02,2.58E+02,4.37E+02,3.44E+02,4.97E+02,3.66E+02,4.56E+02,3.22E+02,4.89E+02,3.20E+02,3.45E+00,8.23E+00,2.00E+02
0.479823470115662,0.259560942649841,1.1531298160553,1.07127404212952,1.77869617938995,1.07303273677826,7.82E-01,6.67E-01,8.11E-01,7.39E-01,7.61E-01,0.33086982307906,8.52E+00,0,3897,4.91E+02,2.98E+02,5.42E+02,3.10E+02,4.60E+02,3.90E+02,5.19E+02,4.11E+02,4.81E+02,3.69E+02,5.15E+02,3.63E+02,4.05E+00,5.49E+00,1.33E+02
0.480115294456482,0.264902472496033,1.19006156921387,1.08875215053558,1.83575689792633,1.06971383094788,8.05E-01,7.57E-01,8.37E-01,7.83E-01,7.17E-01,-4.25983217040622,1.13E+01,0,3899,5.32E+02,4.61E+02,5.39E+02,5.19E+02,4.44E+02,5.73E+02,4.97E+02,6.18E+02,4.70E+02,5.58E+02,5.04E+02,5.74E+02,2.44E-01,4.56E+00,8.65E+01
0.491071790456772,0.272357255220413,1.16890943050385,1.05757105350494,1.78039586544037,1.0718822479248,8.59E-01,7.48E-01,8.09E-01,7.70E-01,7.62E-01,-4.50349070996183,1.13E+01,0,3902,4.64E+02,5.78E+02,4.91E+02,6.17E+02,3.95E+02,6.66E+02,4.45E+02,7.12E+02,4.21E+02,6.53E+02,4.58E+02,6.71E+02,6.91E-01,4.52E+00,3.86E+01
0,0,0,0,0,0,0.00E+00,0.00E+00,0.00E+00,0.00E+00,0.00E+00,0.253450406401398,6.02E+00,0,3905,0.00E+00,0.00E+00,0.00E+00,0.00E+00,0.00E+00,0.00E+00,0.00E+00,0.00E+00,0.00E+00,0.00E+00,0.00E+00,0.00E+00,9.51E+00,4.40E+00,3.41E+01
0,0,0,0,0,0,0.00E+00,0.00E+00,0.00E+00,0.00E+00,0.00E+00,-15.5110084314399,2.50E+01,0,3908,0.00E+00,0.00E+00,0.00E+00,0.00E+00,0.00E+00,0.00E+00,0.00E+00,0.00E+00,0.00E+00,0.00E+00,0.00E+00,0.00E+00,1.96E+01,1.18E+01,4.39E+01
0.490805476903915,0.279702097177505,1.22993195056915,1.07179188728333,1.52726984024048,1.04867315292358,8.26E-01,7.42E-01,8.49E-01,7.64E-01,7.40E-01,0.854764307400608,3.80E+00,0,3911,1.94E+02,5.12E+02,1.88E+02,5.33E+02,1.04E+02,5.77E+02,1.54E+02,6.31E+02,1.28E+02,5.69E+02,1.58E+02,5.88E+02,1.83E+01,1.55E+01,4.45E+01
0,0,0,0,0,0,0.00E+00,0.00E+00,0.00E+00,0.00E+00,0.00E+00,-6.0084975415008,9.64E+00,0,3913,0.00E+00,0.00E+00,0.00E+00,0.00E+00,0.00E+00,0.00E+00,0.00E+00,0.00E+00,0.00E+00,0.00E+00,0.00E+00,0.00E+00,5.37E+00,7.68E+00,4.16E+01
0.530379235744476,0.26287579536438,1.21032428741455,1.10132968425751,1.63290905952454,1.08433628082275,8.40E-01,7.51E-01,8.57E-01,7.41E-01,7.54E-01,-0.10639538633111,8.34E-01,0,3916,4.84E+02,4.26E+02,5.00E+02,4.35E+02,4.09E+02,4.80E+02,4.64E+02,5.26E+02,4.34E+02,4.69E+02,4.65E+02,4.81E+02,6.81E+00,2.13E+00,4.39E+01
0.48947936296463,0.270882725715637,1.17332124710083,1.09097802639008,1.62756168842316,1.03457975387573,8.34E-01,7.88E-01,8.23E-01,7.84E-01,7.59E-01,1.16471712031477,1.43E+00,0,3919,4.35E+02,3.49E+02,4.72E+02,3.80E+02,3.93E+02,4.47E+02,4.53E+02,4.84E+02,4.13E+02,4.30E+02,4.50E+02,4.38E+02,1.15E+00,8.09E+00,5.06E+01
0.501331567764282,0.272124797105789,1.22698783874512,1.09718203544617,1.52488470077515,1.06922006607056,8.41E-01,7.44E-01,8.51E-01,7.72E-01,7.50E-01,-0.206751984143549,2.26E+00,0,3922,4.06E+02,2.83E+02,4.54E+02,2.74E+02,3.98E+02,3.67E+02,4.63E+02,3.76E+02,4.13E+02,3.42E+02,4.47E+02,3.34E+02,1.19E+00,6.56E+00,7.09E+01
0.460602343082428,0.264136970043182,1.22685539722443,1.10228288173676,1.58050429821014,1.07261610031128,8.21E-01,7.84E-01,8.05E-01,7.22E-01,7.39E-01,4.24446981865257,2.81E+00,0,3925,4.65E+02,2.24E+02,4.74E+02,2.52E+02,4.05E+02,3.38E+02,4.64E+02,3.57E+02,4.26E+02,3.14E+02,4.50E+02,3.15E+02,1.71E+00,2.63E+00,8.87E+01
0,0,0,0,0,0,0.00E+00,0.00E+00,0.00E+00,0.00E+00,0.00E+00,5.28609663420078,3.81E+00,0,3927,0.00E+00,0.00E+00,0.00E+00,0.00E+00,0.00E+00,0.00E+00,0.00E+00,0.00E+00,0.00E+00,0.00E+00,0.00E+00,0.00E+00,3.36E+00,6.85E-01,9.00E+01
0,0,0,0,0,0,0.00E+00,0.00E+00,0.00E+00,0.00E+00,0.00E+00,-4.09915997566349,5.02E+00,0,3930,0.00E+00,0.00E+00,0.00E+00,0.00E+00,0.00E+00,0.00E+00,0.00E+00,0.00E+00,0.00E+00,0.00E+00,0.00E+00,0.00E+00,3.11E+00,3.27E+00,9.75E+01
0,0,0,0,0,0,0.00E+00,0.00E+00,0.00E+00,0.00E+00,0.00E+00,-5.6964416116598,2.75E+00,0,3933,0.00E+00,0.00E+00,0.00E+00,0.00E+00,0.00E+00,0.00E+00,0.00E+00,0.00E+00,0.00E+00,0.00E+00,0.00E+00,0.00E+00,3.09E+00,5.13E+00,9.14E+01
0,0,0,0,0,0,0.00E+00,0.00E+00,0.00E+00,0.00E+00,0.00E+00,1.28237688071738,3.48E+01,0,3936,0.00E+00,0.00E+00,0.00E+00,0.00E+00,0.00E+00,0.00E+00,0.00E+00,0.00E+00,0.00E+00,0.00E+00,0.00E+00,0.00E+00,7.64E+00,7.84E+00,8.08E+01
0.472766786813736,0.291289418935776,1.27260839939117,1.09174692630768,1.46145868301392,1.02995085716248,8.34E-01,7.97E-01,8.20E-01,7.75E-01,6.96E-01,3.3457818727616,8.42E+00,0,3939,3.09E+02,5.77E+02,3.57E+02,5.57E+02,3.23E+02,6.51E+02,3.98E+02,6.51E+02,3.33E+02,6.28E+02,3.75E+02,6.13E+02,1.61E+01,1.23E+01,5.92E+01
0.488652288913727,0.278709977865219,1.26754212379456,1.0907256603241,1.45817410945892,1.01113641262054,8.53E-01,8.15E-01,8.36E-01,7.41E-01,7.04E-01,-0.441162619708256,1.21E+00,0,3941,3.39E+02,4.74E+02,3.73E+02,4.97E+02,3.44E+02,5.92E+02,4.16E+02,5.93E+02,3.54E+02,5.68E+02,3.89E+02,5.55E+02,4.50E+00,1.52E+01,4.40E+01
0.479957491159439,0.272273510694504,1.24525773525238,1.08525395393372,1.44126331806183,1.01055896282196,8.66E-01,7.94E-01,8.35E-01,7.89E-01,7.33E-01,-1.47504763624104,8.48E+00,0,3944,2.55E+02,4.50E+02,2.68E+02,4.63E+02,2.44E+02,5.72E+02,3.11E+02,5.65E+02,2.51E+02,5.42E+02,2.82E+02,5.33E+02,4.49E+00,8.89E+00,1.52E+01
0.465044140815735,0.280180335044861,1.26275062561035,1.1052051782608,1.44211554527283,1.04035782814026,8.55E-01,7.95E-01,8.21E-01,8.09E-01,7.24E-01,-0.973198245088976,1.50E+00,0,3947,2.38E+02,5.03E+02,2.66E+02,5.16E+02,2.41E+02,6.20E+02,3.09E+02,6.11E+02,2.48E+02,5.92E+02,2.83E+02,5.80E+02,6.24E+00,5.28E+00,1.89E+01
0.505309045314789,0.267583966255188,1.23647403717041,1.10117709636688,1.42013120651245,1.01067221164703,8.75E-01,7.88E-01,8.14E-01,7.71E-01,7.27E-01,-0.332480227863258,7.24E-01,0,3950,3.04E+02,4.86E+02,3.58E+02,4.77E+02,3.24E+02,5.75E+02,4.00E+02,5.76E+02,3.36E+02,5.49E+02,3.77E+02,5.36E+02,1.13E+00,8.26E+00,4.70E+01
0.497214317321777,0.27544966340065,1.22030794620514,1.08163905143738,1.37570345401764,0.994679927825928,8.64E-01,8.22E-01,8.25E-01,8.13E-01,7.29E-01,-0.590708419771651,4.17E-01,0,3953,2.38E+02,4.77E+02,2.92E+02,4.73E+02,2.69E+02,5.75E+02,3.40E+02,5.68E+02,2.76E+02,5.49E+02,3.18E+02,5.30E+02,1.13E+00,4.20E+00,7.55E+01
0.47083979845047,0.270579397678375,1.23671841621399,1.07918632030487,1.29189348220825,0.983245551586151,8.09E-01,7.74E-01,8.22E-01,8.26E-01,7.45E-01,0.169998549168101,3.70E-01,0,3955,2.42E+02,4.75E+02,2.72E+02,4.76E+02,2.39E+02,5.78E+02,3.03E+02,5.73E+02,2.47E+02,5.49E+02,2.82E+02,5.37E+02,8.85E-01,1.68E+00,8.53E+01
0.474092096090317,0.267446726560593,1.22570633888245,1.09695243835449,1.35217976570129,1.02655279636383,8.61E-01,8.14E-01,8.48E-01,7.82E-01,7.73E-01,0.577862405719279,2.24E-01,0,3958,2.43E+02,4.39E+02,2.78E+02,4.52E+02,2.40E+02,5.59E+02,3.04E+02,5.58E+02,2.51E+02,5.31E+02,2.84E+02,5.21E+02,4.60E-01,1.52E+00,9.59E+01
0.466863095760345,0.259757041931152,1.24134576320648,1.08209729194641,1.36267185211182,1.01507246494293,8.58E-01,8.01E-01,8.31E-01,7.81E-01,7.62E-01,-1.73387125893725,5.78E-01,0,3961,2.49E+02,4.34E+02,2.80E+02,4.44E+02,2.44E+02,5.49E+02,3.07E+02,5.48E+02,2.53E+02,5.22E+02,2.85E+02,5.11E+02,4.70E-01,2.21E-01,9.67E+01
0.481566935777664,0.261610448360443,1.21609461307526,1.08906674385071,1.35240578651428,1.04568219184875,7.86E-01,7.86E-01,8.73E-01,7.47E-01,7.46E-01,-1.26960412891225,2.08E+00,0,3964,2.69E+02,5.05E+02,2.88E+02,4.63E+02,2.43E+02,5.66E+02,3.02E+02,5.72E+02,2.54E+02,5.40E+02,2.86E+02,5.34E+02,3.02E+00,2.51E+00,8.78E+01
0,0,0,0,0,0,0.00E+00,0.00E+00,0.00E+00,0.00E+00,0.00E+00,3.21951783719628,4.35E+00,0,3967,0.00E+00,0.00E+00,0.00E+00,0.00E+00,0.00E+00,0.00E+00,0.00E+00,0.00E+00,0.00E+00,0.00E+00,0.00E+00,0.00E+00,1.74E+00,2.87E+00,7.50E+01
0,0,0,0,0,0,0.00E+00,0.00E+00,0.00E+00,0.00E+00,0.00E+00,1.0796382293425,1.36E+00,0,3969,0.00E+00,0.00E+00,0.00E+00,0.00E+00,0.00E+00,0.00E+00,0.00E+00,0.00E+00,0.00E+00,0.00E+00,0.00E+00,0.00E+00,2.67E+00,1.49E+00,6.35E+01
0,0,0,0,0,0,0.00E+00,0.00E+00,0.00E+00,0.00E+00,0.00E+00,-0.731338713382799,5.70E+00,0,3972,0.00E+00,0.00E+00,0.00E+00,0.00E+00,0.00E+00,0.00E+00,0.00E+00,0.00E+00,0.00E+00,0.00E+00,0.00E+00,0.00E+00,6.17E+00,5.51E+00,4.87E+01
0,0,0,0,0,0,0.00E+00,0.00E+00,0.00E+00,0.00E+00,0.00E+00,-1.37148605896052,3.90E+00,0,3975,0.00E+00,0.00E+00,0.00E+00,0.00E+00,0.00E+00,0.00E+00,0.00E+00,0.00E+00,0.00E+00,0.00E+00,0.00E+00,0.00E+00,1.18E+01,1.37E+01,3.25E+01
0,0,0,0,0,0,0.00E+00,0.00E+00,0.00E+00,0.00E+00,0.00E+00,2.96090651331081,2.25E+01,0,3978,0.00E+00,0.00E+00,0.00E+00,0.00E+00,0.00E+00,0.00E+00,0.00E+00,0.00E+00,0.00E+00,0.00E+00,0.00E+00,0.00E+00,1.74E+01,2.21E+01,2.62E+01
0.451581239700317,0.262751251459122,1.45879089832306,1.06325435638428,1.30766367912292,1.02139639854431,7.82E-01,7.31E-01,8.46E-01,7.84E-01,7.24E-01,4.28730228447886,3.64E+01,0,3981,5.32E+02,2.92E+02,5.59E+02,2.84E+02,6.38E+02,3.40E+02,6.55E+02,2.68E+02,6.16E+02,3.22E+02,6.17E+02,2.90E+02,1.16E+01,1.83E+01,2.45E+01
0.442440032958984,0.265233516693115,1.41075265407562,1.09098517894745,1.24929869174957,0.997809827327728,8.31E-01,7.96E-01,8.26E-01,7.89E-01,6.79E-01,-3.47583329065325,3.45E+00,0,3983,4.83E+02,2.94E+02,5.00E+02,2.53E+02,5.91E+02,2.80E+02,5.94E+02,2.07E+02,5.69E+02,2.68E+02,5.59E+02,2.33E+02,2.04E+01,8.70E+00,3.68E+01
0,0,0,0,0,0,0.00E+00,0.00E+00,0.00E+00,0.00E+00,0.00E+00,-2.78736127725028,1.60E+00,0,3986,0.00E+00,0.00E+00,0.00E+00,0.00E+00,0.00E+00,0.00E+00,0.00E+00,0.00E+00,0.00E+00,0.00E+00,0.00E+00,0.00E+00,3.62E+00,2.04E+01,4.47E+01
0.481379866600037,0.315960675477982,1.39264118671417,1.07721042633057,1.31765305995941,0.942207634449005,8.32E-01,8.09E-01,8.53E-01,8.19E-01,7.48E-01,-0.19772459732572,4.97E+00,0,3989,1.95E+02,6.18E+02,1.52E+02,6.00E+02,2.37E+02,5.59E+02,1.89E+02,5.03E+02,2.14E+02,5.64E+02,1.76E+02,5.42E+02,2.25E+00,1.23E+01,5.41E+01
0.503291428089142,0.328454345464706,1.43456554412842,1.03825926780701,1.3705986738205,0.954690635204315,8.29E-01,6.51E-01,8.63E-01,7.97E-01,7.26E-01,0.054462279932727,1.32E+01,0,3992,1.52E+02,7.00E+02,1.06E+02,6.57E+02,1.71E+02,5.82E+02,1.08E+02,5.49E+02,1.52E+02,5.98E+02,1.07E+02,5.91E+02,3.82E+00,4.76E+00,6.14E+01
0,0,0,0,0,0,0.00E+00,0.00E+00,0.00E+00,0.00E+00,0.00E+00,-0.123839793328711,1.13E+01,0,3995,0.00E+00,0.00E+00,0.00E+00,0.00E+00,0.00E+00,0.00E+00,0.00E+00,0.00E+00,0.00E+00,0.00E+00,0.00E+00,0.00E+00,7.62E+00,1.03E+01,6.28E+01
0,0,0,0,0,0,0.00E+00,0.00E+00,0.00E+00,0.00E+00,0.00E+00,-1.25208295179069,5.64E+00,0,3997,0.00E+00,0.00E+00,0.00E+00,0.00E+00,0.00E+00,0.00E+00,0.00E+00,0.00E+00,0.00E+00,0.00E+00,0.00E+00,0.00E+00,7.54E+00,1.28E+01,6.18E+01
0,0,0,0,0,0,0.00E+00,0.00E+00,0.00E+00,0.00E+00,0.00E+00,-2.17580651693621,9.19E+00,0,4000,0.00E+00,0.00E+00,0.00E+00,0.00E+00,0.00E+00,0.00E+00,0.00E+00,0.00E+00,0.00E+00,0.00E+00,0.00E+00,0.00E+00,5.22E-01,1.30E+01,7.32E+01
0,0,0,0,0,0,0.00E+00,0.00E+00,0.00E+00,0.00E+00,0.00E+00,-2.53929855978828,1.86E+01,0,4003,0.00E+00,0.00E+00,0.00E+00,0.00E+00,0.00E+00,0.00E+00,0.00E+00,0.00E+00,0.00E+00,0.00E+00,0.00E+00,0.00E+00,1.63E+01,1.39E+01,8.34E+01
0.4953273832798,0.287407249212265,1.3275318145752,1.0438060760498,1.42325806617737,1.06155073642731,8.41E-01,7.91E-01,8.65E-01,7.85E-01,7.55E-01,1.15960162196294,3.57E+00,0,4006,2.81E+02,4.45E+02,2.31E+02,4.54E+02,2.13E+02,3.64E+02,1.49E+02,3.91E+02,2.14E+02,3.90E+02,1.89E+02,4.06E+02,6.34E+00,1.29E+01,8.87E+01
0.539412438869476,0.324510008096695,1.09420049190521,1.02879786491394,1.3084831237793,1.00412166118622,8.46E-01,8.73E-01,8.96E-01,8.77E-01,8.09E-01,0.468952845057004,3.16E+00,0,4009,1.94E+02,3.83E+02,1.49E+02,3.81E+02,1.48E+02,2.87E+02,8.15E+01,3.04E+02,1.43E+02,3.15E+02,1.15E+02,3.21E+02,2.32E+00,3.80E+00,9.13E+01
0.465385526418686,0.312054365873337,1.33653676509857,1.05168950557709,1.44228661060333,1.07054400444031,8.36E-01,7.85E-01,8.58E-01,8.47E-01,7.58E-01,0.034320059476791,3.72E+00,0,4011,2.24E+02,4.23E+02,2.01E+02,4.53E+02,1.80E+02,3.61E+02,1.12E+02,3.88E+02,1.82E+02,3.87E+02,1.58E+02,4.08E+02,9.69E-01,7.46E+00,9.65E+01
0.47156685590744,0.285706996917725,1.32688963413239,1.05024039745331,1.56928551197052,1.05196535587311,8.42E-01,8.00E-01,8.54E-01,7.78E-01,7.95E-01,1.06214665305749,1.39E+00,0,4014,2.77E+02,4.41E+02,2.35E+02,4.58E+02,2.08E+02,3.68E+02,1.44E+02,4.01E+02,2.11E+02,3.92E+02,1.86E+02,4.17E+02,1.28E+00,8.71E+00,9.25E+01
0.445934116840363,0.292107045650482,1.29619872570038,1.03295540809631,1.49663519859314,1.09901976585388,7.91E-01,7.46E-01,8.06E-01,7.45E-01,7.89E-01,0.649760521649181,2.64E+00,0,4017,2.85E+02,4.40E+02,2.65E+02,4.80E+02,2.44E+02,3.88E+02,1.77E+02,4.20E+02,2.42E+02,4.13E+02,2.27E+02,4.36E+02,1.31E+00,2.12E+00,9.30E+01
0.539973258972168,0.275742888450623,1.27355301380157,1.03309524059296,1.44193410873413,1.01340866088867,8.33E-01,7.69E-01,8.93E-01,8.02E-01,7.81E-01,-1.84113280074767,5.20E-01,0,4020,2.53E+02,4.23E+02,2.65E+02,4.69E+02,2.42E+02,3.78E+02,1.82E+02,4.11E+02,2.42E+02,4.02E+02,2.23E+02,4.26E+02,2.91E+00,2.09E+00,8.95E+01
0.405901342630386,0.274593114852905,1.31663584709167,1.06032228469849,1.63307523727417,1.08040738105774,7.44E-01,7.20E-01,8.20E-01,7.35E-01,7.72E-01,-0.764297832975176,1.49E+00,0,4023,2.57E+02,4.25E+02,2.12E+02,4.61E+02,1.95E+02,3.63E+02,1.19E+02,3.93E+02,1.90E+02,3.86E+02,1.69E+02,4.12E+02,6.00E-01,3.44E+00,7.96E+01
0.454992115497589,0.268896013498306,1.28911435604095,1.06367743015289,1.60664558410645,1.02556967735291,7.89E-01,7.82E-01,8.29E-01,7.45E-01,7.74E-01,0.130537114975143,4.68E+00,0,4025,3.16E+02,4.62E+02,2.67E+02,4.89E+02,2.22E+02,4.00E+02,1.64E+02,4.36E+02,2.30E+02,4.26E+02,2.08E+02,4.56E+02,1.28E+00,2.99E+00,7.01E+01
0.462412387132645,0.288378179073334,1.3182418346405,1.05445539951324,1.68692517280579,1.06821298599243,8.47E-01,7.77E-01,8.42E-01,8.03E-01,7.78E-01,2.95692040307698,2.35E+00,0,4028,3.72E+02,4.80E+02,3.63E+02,5.14E+02,3.10E+02,4.35E+02,2.60E+02,4.80E+02,3.23E+02,4.57E+02,3.06E+02,4.88E+02,1.75E+00,2.40E+00,5.39E+01
0.398233562707901,0.287968635559082,1.26226568222046,1.0528267621994,1.58214688301086,1.01072561740875,7.73E-01,7.48E-01,8.07E-01,8.21E-01,7.46E-01,-0.269531702391309,6.74E-01,0,4031,3.73E+02,4.75E+02,3.29E+02,5.12E+02,2.93E+02,4.22E+02,2.29E+02,4.69E+02,2.94E+02,4.46E+02,2.78E+02,4.75E+02,6.87E-01,1.90E+00,4.16E+01
0.47624546289444,0.281231015920639,1.303755402565,1.04784107208252,1.60667359828949,1.14925217628479,8.31E-01,7.45E-01,8.08E-01,7.94E-01,8.16E-01,1.80958245057049,1.82E+00,1,4034,3.22E+02,4.58E+02,2.76E+02,4.88E+02,2.65E+02,4.02E+02,1.93E+02,4.25E+02,2.61E+02,4.22E+02,2.34E+02,4.32E+02,1.20E+00,1.06E+00,3.24E+01
0.415285259485245,0.293855369091034,1.28093421459198,1.03640997409821,1.70911884307861,1.03904283046722,7.76E-01,7.44E-01,7.92E-01,7.69E-01,7.97E-01,1.42006497695035,3.81E+00,1,4037,3.82E+02,4.86E+02,3.67E+02,5.29E+02,3.27E+02,4.45E+02,2.66E+02,4.88E+02,3.33E+02,4.70E+02,3.13E+02,4.98E+02,2.06E+00,1.53E+00,2.94E+01
0,0,0,0,0,0,0.00E+00,0.00E+00,0.00E+00,0.00E+00,0.00E+00,-10.2392727042328,1.27E+01,1,4039,0.00E+00,0.00E+00,0.00E+00,0.00E+00,0.00E+00,0.00E+00,0.00E+00,0.00E+00,0.00E+00,0.00E+00,0.00E+00,0.00E+00,4.51E+00,3.21E+00,2.70E+01
0,0,0,0,0,0,0.00E+00,0.00E+00,0.00E+00,0.00E+00,0.00E+00,-2.8731138328752,2.01E+00,1,4042,0.00E+00,0.00E+00,0.00E+00,0.00E+00,0.00E+00,0.00E+00,0.00E+00,0.00E+00,0.00E+00,0.00E+00,0.00E+00,0.00E+00,5.53E+00,5.77E+00,2.36E+01
0,0,0,0,0,0,0.00E+00,0.00E+00,0.00E+00,0.00E+00,0.00E+00,-0.918619170921791,1.80E+00,1,4045,0.00E+00,0.00E+00,0.00E+00,0.00E+00,0.00E+00,0.00E+00,0.00E+00,0.00E+00,0.00E+00,0.00E+00,0.00E+00,0.00E+00,4.12E+00,4.14E+00,1.99E+01
0,0,0,0,0,0,0.00E+00,0.00E+00,0.00E+00,0.00E+00,0.00E+00,11.236280158744,1.49E+01,1,4048,0.00E+00,0.00E+00,0.00E+00,0.00E+00,0.00E+00,0.00E+00,0.00E+00,0.00E+00,0.00E+00,0.00E+00,0.00E+00,0.00E+00,1.24E+01,8.32E+00,1.44E+01
0,0,0,0,0,0,0.00E+00,0.00E+00,0.00E+00,0.00E+00,0.00E+00,1.33979432613151,3.70E+00,1,4051,0.00E+00,0.00E+00,0.00E+00,0.00E+00,0.00E+00,0.00E+00,0.00E+00,0.00E+00,0.00E+00,0.00E+00,0.00E+00,0.00E+00,1.32E+01,1.08E+01,8.34E+00
0,0,0,0,0,0,0.00E+00,0.00E+00,0.00E+00,0.00E+00,0.00E+00,-4.91604908726063,1.20E+01,1,4053,0.00E+00,0.00E+00,0.00E+00,0.00E+00,0.00E+00,0.00E+00,0.00E+00,0.00E+00,0.00E+00,0.00E+00,0.00E+00,0.00E+00,1.36E+01,7.39E-01,5.46E+00
0,0,0,0,0,0,0.00E+00,0.00E+00,0.00E+00,0.00E+00,0.00E+00,1.31011565792325,1.34E+01,1,4056,0.00E+00,0.00E+00,0.00E+00,0.00E+00,0.00E+00,0.00E+00,0.00E+00,0.00E+00,0.00E+00,0.00E+00,0.00E+00,0.00E+00,8.24E+00,1.27E+01,6.81E-01
0,0,0,0,0,0,0.00E+00,0.00E+00,0.00E+00,0.00E+00,0.00E+00,-4.4237061345798,7.84E+00,1,4059,0.00E+00,0.00E+00,0.00E+00,0.00E+00,0.00E+00,0.00E+00,0.00E+00,0.00E+00,0.00E+00,0.00E+00,0.00E+00,0.00E+00,3.72E+00,1.37E+01,1.99E+00
0,0,0,0,0,0,0.00E+00,0.00E+00,0.00E+00,0.00E+00,0.00E+00,-1.23696909725964,2.80E+00,1,4062,0.00E+00,0.00E+00,0.00E+00,0.00E+00,0.00E+00,0.00E+00,0.00E+00,0.00E+00,0.00E+00,0.00E+00,0.00E+00,0.00E+00,5.15E+00,4.01E+00,3.95E+00
0,0,0,0,0,0,0.00E+00,0.00E+00,0.00E+00,0.00E+00,0.00E+00,-28.0914665681494,2.51E+01,1,4065,0.00E+00,0.00E+00,0.00E+00,0.00E+00,0.00E+00,0.00E+00,0.00E+00,0.00E+00,0.00E+00,0.00E+00,0.00E+00,0.00E+00,1.41E+01,5.36E+00,8.33E+00
0,0,0,0,0,0,0.00E+00,0.00E+00,0.00E+00,0.00E+00,0.00E+00,2.68799419264693,1.58E+01,1,4067,0.00E+00,0.00E+00,0.00E+00,0.00E+00,0.00E+00,0.00E+00,0.00E+00,0.00E+00,0.00E+00,0.00E+00,0.00E+00,0.00E+00,6.21E+00,6.31E+00,1.05E+01
0.513809680938721,0.278674751520157,1.31243467330933,1.12465369701386,1.91757106781006,1.59214007854462,1.09E+00,9.45E-01,8.91E-01,7.82E-01,0.00E+00,2.54473039009262,3.62E+00,1,4070,3.16E+02,6.54E+02,3.46E+02,6.59E+02,3.71E+02,7.34E+02,4.25E+02,6.46E+02,3.74E+02,7.19E+02,3.98E+02,6.93E+02,5.84E+00,7.47E+00,1.78E+01
0,0,0,0,0,0,0.00E+00,0.00E+00,0.00E+00,0.00E+00,0.00E+00,-13.6460585354265,5.64E+00,1,4073,0.00E+00,0.00E+00,0.00E+00,0.00E+00,0.00E+00,0.00E+00,0.00E+00,0.00E+00,0.00E+00,0.00E+00,0.00E+00,0.00E+00,4.01E+00,1.24E+01,2.45E+01
0.499898433685303,0.275731086730957,1.34468710422516,1.08130156993866,1.87065279483795,1.44825291633606,1.08E+00,9.73E-01,8.49E-01,7.18E-01,0.00E+00,2.31839625080214,7.13E-01,1,4076,3.98E+02,3.60E+02,4.27E+02,3.54E+02,4.79E+02,4.04E+02,4.87E+02,3.08E+02,4.73E+02,3.90E+02,4.83E+02,3.58E+02,5.49E+00,6.33E+00,2.67E+01
0,0,0,0,0,0,0.00E+00,0.00E+00,0.00E+00,0.00E+00,0.00E+00,-0.693055132094341,2.04E+00,1,4079,0.00E+00,0.00E+00,0.00E+00,0.00E+00,0.00E+00,0.00E+00,0.00E+00,0.00E+00,0.00E+00,0.00E+00,0.00E+00,0.00E+00,3.24E+00,5.36E+00,2.73E+01
0,0,0,0,0,0,0.00E+00,0.00E+00,0.00E+00,0.00E+00,0.00E+00,4.99818408158998,5.03E+01,1,4081,0.00E+00,0.00E+00,0.00E+00,0.00E+00,0.00E+00,0.00E+00,0.00E+00,0.00E+00,0.00E+00,0.00E+00,0.00E+00,0.00E+00,1.54E+01,1.30E+01,3.59E+01
0,0,0,0,0,0,0.00E+00,0.00E+00,0.00E+00,0.00E+00,0.00E+00,8.46493811439198,1.38E+01,1,4084,0.00E+00,0.00E+00,0.00E+00,0.00E+00,0.00E+00,0.00E+00,0.00E+00,0.00E+00,0.00E+00,0.00E+00,0.00E+00,0.00E+00,1.87E+01,1.99E+01,4.37E+01
0,0,0,0,0,0,0.00E+00,0.00E+00,0.00E+00,0.00E+00,0.00E+00,-3.31112390089342,1.18E+01,1,4087,0.00E+00,0.00E+00,0.00E+00,0.00E+00,0.00E+00,0.00E+00,0.00E+00,0.00E+00,0.00E+00,0.00E+00,0.00E+00,0.00E+00,5.98E+00,2.32E+01,4.66E+01
0,0,0,0,0,0,0.00E+00,0.00E+00,0.00E+00,0.00E+00,0.00E+00,13.6147097623243,1.13E+02,1,4090,0.00E+00,0.00E+00,0.00E+00,0.00E+00,0.00E+00,0.00E+00,0.00E+00,0.00E+00,0.00E+00,0.00E+00,0.00E+00,0.00E+00,5.74E+01,3.87E+01,5.79E+01
0,0,0,0,0,0,0.00E+00,0.00E+00,0.00E+00,0.00E+00,0.00E+00,2.96348642273559,6.90E+01,1,4093,0.00E+00,0.00E+00,0.00E+00,0.00E+00,0.00E+00,0.00E+00,0.00E+00,0.00E+00,0.00E+00,0.00E+00,0.00E+00,0.00E+00,1.65E+01,4.37E+01,7.73E+01
0,0,0,0,0,0,0.00E+00,0.00E+00,0.00E+00,0.00E+00,0.00E+00,5.76833209422966,1.99E+02,1,4095,0.00E+00,0.00E+00,0.00E+00,0.00E+00,0.00E+00,0.00E+00,0.00E+00,0.00E+00,0.00E+00,0.00E+00,0.00E+00,0.00E+00,1.28E+02,2.62E+01,1.12E+02
0,0,0,0,0,0,0.00E+00,0.00E+00,0.00E+00,0.00E+00,0.00E+00,2.65684236808374,1.04E+01,1,4098,0.00E+00,0.00E+00,0.00E+00,0.00E+00,0.00E+00,0.00E+00,0.00E+00,0.00E+00,0.00E+00,0.00E+00,0.00E+00,0.00E+00,2.12E+01,6.60E+01,1.53E+02
0,0,0,0,0,0,0.00E+00,0.00E+00,0.00E+00,0.00E+00,0.00E+00,5.99026363947323,1.08E+01,1,4101,0.00E+00,0.00E+00,0.00E+00,0.00E+00,0.00E+00,0.00E+00,0.00E+00,0.00E+00,0.00E+00,0.00E+00,0.00E+00,0.00E+00,1.35E+00,3.50E+01,1.93E+02
0,0,0,0,0,0,0.00E+00,0.00E+00,0.00E+00,0.00E+00,0.00E+00,24.8362329825315,1.28E+01,1,4104,0.00E+00,0.00E+00,0.00E+00,0.00E+00,0.00E+00,0.00E+00,0.00E+00,0.00E+00,0.00E+00,0.00E+00,0.00E+00,0.00E+00,4.73E+00,2.17E+01,2.28E+02
0,0,0,0,0,0,0.00E+00,0.00E+00,0.00E+00,0.00E+00,0.00E+00,10.8835215479681,7.37E+00,1,4107,0.00E+00,0.00E+00,0.00E+00,0.00E+00,0.00E+00,0.00E+00,0.00E+00,0.00E+00,0.00E+00,0.00E+00,0.00E+00,0.00E+00,2.80E+00,3.57E+01,2.22E+02
0,0,0,0,0,0,0.00E+00,0.00E+00,0.00E+00,0.00E+00,0.00E+00,-1.51782091590637,3.58E+00,1,4109,0.00E+00,0.00E+00,0.00E+00,0.00E+00,0.00E+00,0.00E+00,0.00E+00,0.00E+00,0.00E+00,0.00E+00,0.00E+00,0.00E+00,1.54E+00,1.34E+01,2.15E+02
0,0,0,0,0,0,0.00E+00,0.00E+00,0.00E+00,0.00E+00,0.00E+00,44.2145027213569,9.81E+01,1,4112,0.00E+00,0.00E+00,0.00E+00,0.00E+00,0.00E+00,0.00E+00,0.00E+00,0.00E+00,0.00E+00,0.00E+00,0.00E+00,0.00E+00,4.28E+01,3.05E+01,1.64E+02
0,0,0,0,0,0,0.00E+00,0.00E+00,0.00E+00,0.00E+00,0.00E+00,-29.1266187471575,6.26E+01,0,4115,0.00E+00,0.00E+00,0.00E+00,0.00E+00,0.00E+00,0.00E+00,0.00E+00,0.00E+00,0.00E+00,0.00E+00,0.00E+00,0.00E+00,3.36E+01,4.75E+01,8.97E+01
0,0,0,0,0,0,0.00E+00,0.00E+00,0.00E+00,0.00E+00,0.00E+00,59.6196314885011,4.29E+01,0,4118,0.00E+00,0.00E+00,0.00E+00,0.00E+00,0.00E+00,0.00E+00,0.00E+00,0.00E+00,0.00E+00,0.00E+00,0.00E+00,0.00E+00,6.10E+01,2.62E+01,3.25E+01
0,0,0,0,0,0,0.00E+00,0.00E+00,0.00E+00,0.00E+00,0.00E+00,33.3846339644027,4.49E+01,0,4121,0.00E+00,0.00E+00,0.00E+00,0.00E+00,0.00E+00,0.00E+00,0.00E+00,0.00E+00,0.00E+00,0.00E+00,0.00E+00,0.00E+00,2.31E+01,4.83E+01,8.23E+01
0,0,0,0,0,0,0.00E+00,0.00E+00,0.00E+00,0.00E+00,0.00E+00,-20.4681487444338,1.59E+01,0,4123,0.00E+00,0.00E+00,0.00E+00,0.00E+00,0.00E+00,0.00E+00,0.00E+00,0.00E+00,0.00E+00,0.00E+00,0.00E+00,0.00E+00,2.68E+01,4.63E+01,1.16E+02
0,0,0,0,0,0,0.00E+00,0.00E+00,0.00E+00,0.00E+00,0.00E+00,-4.21798753338681,5.91E+01,0,4126,0.00E+00,0.00E+00,0.00E+00,0.00E+00,0.00E+00,0.00E+00,0.00E+00,0.00E+00,0.00E+00,0.00E+00,0.00E+00,0.00E+00,1.46E+01,1.18E+01,1.64E+02
0,0,0,0,0,0,0.00E+00,0.00E+00,0.00E+00,0.00E+00,0.00E+00,40.8007472273291,1.77E+01,0,4129,0.00E+00,0.00E+00,0.00E+00,0.00E+00,0.00E+00,0.00E+00,0.00E+00,0.00E+00,0.00E+00,0.00E+00,0.00E+00,0.00E+00,2.45E+01,9.00E+00,2.18E+02
0,0,0,0,0,0,0.00E+00,0.00E+00,0.00E+00,0.00E+00,0.00E+00,-12.3377131940908,1.97E+01,0,4132,0.00E+00,0.00E+00,0.00E+00,0.00E+00,0.00E+00,0.00E+00,0.00E+00,0.00E+00,0.00E+00,0.00E+00,0.00E+00,0.00E+00,8.48E+00,3.65E+01,2.24E+02
0,0,0,0,0,0,0.00E+00,0.00E+00,0.00E+00,0.00E+00,0.00E+00,24.8737539220644,1.98E+01,0,4135,0.00E+00,0.00E+00,0.00E+00,0.00E+00,0.00E+00,0.00E+00,0.00E+00,0.00E+00,0.00E+00,0.00E+00,0.00E+00,0.00E+00,6.09E+01,5.75E+01,2.09E+02
0,0,0,0,0,0,0.00E+00,0.00E+00,0.00E+00,0.00E+00,0.00E+00,23.8806971907654,7.78E+01,0,4137,0.00E+00,0.00E+00,0.00E+00,0.00E+00,0.00E+00,0.00E+00,0.00E+00,0.00E+00,0.00E+00,0.00E+00,0.00E+00,0.00E+00,1.61E+01,3.16E+01,2.07E+02
0,0,0,0,0,0,0.00E+00,0.00E+00,0.00E+00,0.00E+00,0.00E+00,6.49979567085057,6.53E+01,0,4140,0.00E+00,0.00E+00,0.00E+00,0.00E+00,0.00E+00,0.00E+00,0.00E+00,0.00E+00,0.00E+00,0.00E+00,0.00E+00,0.00E+00,5.33E+01,2.88E+01,1.71E+02
0,0,0,0,0,0,0.00E+00,0.00E+00,0.00E+00,0.00E+00,0.00E+00,-1.89212048260296,6.00E+01,0,4143,0.00E+00,0.00E+00,0.00E+00,0.00E+00,0.00E+00,0.00E+00,0.00E+00,0.00E+00,0.00E+00,0.00E+00,0.00E+00,0.00E+00,1.30E+01,8.51E+01,1.61E+02
0,0,0,0,0,0,0.00E+00,0.00E+00,0.00E+00,0.00E+00,0.00E+00,-40.2118079480087,1.64E+02,0,4146,0.00E+00,0.00E+00,0.00E+00,0.00E+00,0.00E+00,0.00E+00,0.00E+00,0.00E+00,0.00E+00,0.00E+00,0.00E+00,0.00E+00,1.02E+02,1.57E+01,1.34E+02
0,0,0,0,0,0,0.00E+00,0.00E+00,0.00E+00,0.00E+00,0.00E+00,2.12786850321799,3.56E+00,0,4149,0.00E+00,0.00E+00,0.00E+00,0.00E+00,0.00E+00,0.00E+00,0.00E+00,0.00E+00,0.00E+00,0.00E+00,0.00E+00,0.00E+00,1.16E+01,7.38E+01,9.76E+01
0,0,0,0,0,0,0.00E+00,0.00E+00,0.00E+00,0.00E+00,0.00E+00,0.938227661711745,1.79E+01,0,4151,0.00E+00,0.00E+00,0.00E+00,0.00E+00,0.00E+00,0.00E+00,0.00E+00,0.00E+00,0.00E+00,0.00E+00,0.00E+00,0.00E+00,1.61E+01,3.25E+01,8.64E+01
0,0,0,0,0,0,0.00E+00,0.00E+00,0.00E+00,0.00E+00,0.00E+00,-8.26085831637543,4.28E+00,0,4154,0.00E+00,0.00E+00,0.00E+00,0.00E+00,0.00E+00,0.00E+00,0.00E+00,0.00E+00,0.00E+00,0.00E+00,0.00E+00,0.00E+00,1.37E+01,1.40E+01,1.01E+02
0,0,0,0,0,0,0.00E+00,0.00E+00,0.00E+00,0.00E+00,0.00E+00,-4.4082633281377,4.36E+01,0,4157,0.00E+00,0.00E+00,0.00E+00,0.00E+00,0.00E+00,0.00E+00,0.00E+00,0.00E+00,0.00E+00,0.00E+00,0.00E+00,0.00E+00,9.88E+00,2.59E+01,1.38E+02
0,0,0,0,0,0,0.00E+00,0.00E+00,0.00E+00,0.00E+00,0.00E+00,-5.96697844186326,9.41E+00,0,4160,0.00E+00,0.00E+00,0.00E+00,0.00E+00,0.00E+00,0.00E+00,0.00E+00,0.00E+00,0.00E+00,0.00E+00,0.00E+00,0.00E+00,1.54E+01,1.34E+01,1.21E+02
0,0,0,0,0,0,0.00E+00,0.00E+00,0.00E+00,0.00E+00,0.00E+00,-9.32268859857385,1.87E+01,0,4163,0.00E+00,0.00E+00,0.00E+00,0.00E+00,0.00E+00,0.00E+00,0.00E+00,0.00E+00,0.00E+00,0.00E+00,0.00E+00,0.00E+00,9.46E+00,1.68E+01,1.19E+02
0,0,0,0,0,0,0.00E+00,0.00E+00,0.00E+00,0.00E+00,0.00E+00,7.3943632049712,8.23E+00,0,4165,0.00E+00,0.00E+00,0.00E+00,0.00E+00,0.00E+00,0.00E+00,0.00E+00,0.00E+00,0.00E+00,0.00E+00,0.00E+00,0.00E+00,1.43E+01,1.10E+01,8.26E+01
0,0,0,0,0,0,0.00E+00,0.00E+00,0.00E+00,0.00E+00,0.00E+00,-1.17607866584453,1.15E+00,0,4168,0.00E+00,0.00E+00,0.00E+00,0.00E+00,0.00E+00,0.00E+00,0.00E+00,0.00E+00,0.00E+00,0.00E+00,0.00E+00,0.00E+00,1.34E+00,1.34E+01,4.62E+01
0,0,0,0,0,0,0.00E+00,0.00E+00,0.00E+00,0.00E+00,0.00E+00,-14.643293618765,5.71E+01,0,4171,0.00E+00,0.00E+00,0.00E+00,0.00E+00,0.00E+00,0.00E+00,0.00E+00,0.00E+00,0.00E+00,0.00E+00,0.00E+00,0.00E+00,1.79E+01,5.97E+00,1.75E+01
0,0,0,0,0,0,0.00E+00,0.00E+00,0.00E+00,0.00E+00,0.00E+00,1.79836284339356,7.31E+01,0,4174,0.00E+00,0.00E+00,0.00E+00,0.00E+00,0.00E+00,0.00E+00,0.00E+00,0.00E+00,0.00E+00,0.00E+00,0.00E+00,0.00E+00,3.84E+01,2.19E+01,2.01E+01
0,0,0,0,0,0,0.00E+00,0.00E+00,0.00E+00,0.00E+00,0.00E+00,-12.6592135865427,1.22E+01,0,4177,0.00E+00,0.00E+00,0.00E+00,0.00E+00,0.00E+00,0.00E+00,0.00E+00,0.00E+00,0.00E+00,0.00E+00,0.00E+00,0.00E+00,1.67E+01,2.13E+01,1.74E+01
0,0,0,0,0,0,0.00E+00,0.00E+00,0.00E+00,0.00E+00,0.00E+00,4.8949816568652,2.09E+01,0,4179,0.00E+00,0.00E+00,0.00E+00,0.00E+00,0.00E+00,0.00E+00,0.00E+00,0.00E+00,0.00E+00,0.00E+00,0.00E+00,0.00E+00,6.81E+00,1.37E+01,4.78E+01
0,0,0,0,0,0,0.00E+00,0.00E+00,0.00E+00,0.00E+00,0.00E+00,-6.78262316562244,5.99E+01,0,4182,0.00E+00,0.00E+00,0.00E+00,0.00E+00,0.00E+00,0.00E+00,0.00E+00,0.00E+00,0.00E+00,0.00E+00,0.00E+00,0.00E+00,1.26E+01,2.56E+01,2.72E+01
0,0,0,0,0,0,0.00E+00,0.00E+00,0.00E+00,0.00E+00,0.00E+00,2.67845195554331,6.94E+00,0,4185,0.00E+00,0.00E+00,0.00E+00,0.00E+00,0.00E+00,0.00E+00,0.00E+00,0.00E+00,0.00E+00,0.00E+00,0.00E+00,0.00E+00,1.08E+01,1.70E+01,2.29E+01
0,0,0,0,0,0,0.00E+00,0.00E+00,0.00E+00,0.00E+00,0.00E+00,-20.7466246831099,6.32E+01,0,4188,0.00E+00,0.00E+00,0.00E+00,0.00E+00,0.00E+00,0.00E+00,0.00E+00,0.00E+00,0.00E+00,0.00E+00,0.00E+00,0.00E+00,3.07E+01,2.30E+01,4.85E+01
0,0,0,0,0,0,0.00E+00,0.00E+00,0.00E+00,0.00E+00,0.00E+00,7.0414052011309,8.03E+01,0,4191,0.00E+00,0.00E+00,0.00E+00,0.00E+00,0.00E+00,0.00E+00,0.00E+00,0.00E+00,0.00E+00,0.00E+00,0.00E+00,0.00E+00,3.86E+01,4.61E+01,5.33E+01
0,0,0,0,0,0,0.00E+00,0.00E+00,0.00E+00,0.00E+00,0.00E+00,14.1094912522233,8.18E+01,0,4193,0.00E+00,0.00E+00,0.00E+00,0.00E+00,0.00E+00,0.00E+00,0.00E+00,0.00E+00,0.00E+00,0.00E+00,0.00E+00,0.00E+00,1.60E+01,3.40E+01,7.49E+01
0,0,0,0,0,0,0.00E+00,0.00E+00,0.00E+00,0.00E+00,0.00E+00,4.44586734876893,7.95E+00,0,4196,0.00E+00,0.00E+00,0.00E+00,0.00E+00,0.00E+00,0.00E+00,0.00E+00,0.00E+00,0.00E+00,0.00E+00,0.00E+00,0.00E+00,3.37E+01,1.82E+01,1.10E+02
0,0,0,0,0,0,0.00E+00,0.00E+00,0.00E+00,0.00E+00,0.00E+00,7.16422589189436,4.05E+01,0,4199,0.00E+00,0.00E+00,0.00E+00,0.00E+00,0.00E+00,0.00E+00,0.00E+00,0.00E+00,0.00E+00,0.00E+00,0.00E+00,0.00E+00,1.27E+01,1.64E+01,1.49E+02
0,0,0,0,0,0,0.00E+00,0.00E+00,0.00E+00,0.00E+00,0.00E+00,7.48755747003166,4.16E+01,0,4202,0.00E+00,0.00E+00,0.00E+00,0.00E+00,0.00E+00,0.00E+00,0.00E+00,0.00E+00,0.00E+00,0.00E+00,0.00E+00,0.00E+00,2.83E+01,3.56E+01,1.79E+02
0,0,0,0,0,0,0.00E+00,0.00E+00,0.00E+00,0.00E+00,0.00E+00,-3.20900267479686,9.55E+00,0,4205,0.00E+00,0.00E+00,0.00E+00,0.00E+00,0.00E+00,0.00E+00,0.00E+00,0.00E+00,0.00E+00,0.00E+00,0.00E+00,0.00E+00,1.29E+01,3.66E+01,1.87E+02
0,0,0,0,0,0,0.00E+00,0.00E+00,0.00E+00,0.00E+00,0.00E+00,-12.5899652570893,5.79E+00,0,4207,0.00E+00,0.00E+00,0.00E+00,0.00E+00,0.00E+00,0.00E+00,0.00E+00,0.00E+00,0.00E+00,0.00E+00,0.00E+00,0.00E+00,7.24E+00,3.61E+01,1.90E+02
0,0,0,0,0,0,0.00E+00,0.00E+00,0.00E+00,0.00E+00,0.00E+00,-6.73271743614916,4.70E+01,0,4210,0.00E+00,0.00E+00,0.00E+00,0.00E+00,0.00E+00,0.00E+00,0.00E+00,0.00E+00,0.00E+00,0.00E+00,0.00E+00,0.00E+00,3.82E+01,4.23E+00,1.67E+02
0,0,0,0,0,0,0.00E+00,0.00E+00,0.00E+00,0.00E+00,0.00E+00,22.6418142003861,2.38E+00,0,4213,0.00E+00,0.00E+00,0.00E+00,0.00E+00,0.00E+00,0.00E+00,0.00E+00,0.00E+00,0.00E+00,0.00E+00,0.00E+00,0.00E+00,1.44E+01,3.07E+01,1.06E+02
0,0,0,0,0,0,0.00E+00,0.00E+00,0.00E+00,0.00E+00,0.00E+00,-17.7425944290428,4.60E+00,0,4216,0.00E+00,0.00E+00,0.00E+00,0.00E+00,0.00E+00,0.00E+00,0.00E+00,0.00E+00,0.00E+00,0.00E+00,0.00E+00,0.00E+00,3.20E+01,9.56E+00,3.83E+01
0,0,0,0,0,0,0.00E+00,0.00E+00,0.00E+00,0.00E+00,0.00E+00,24.6467135192999,2.81E+01,0,4219,0.00E+00,0.00E+00,0.00E+00,0.00E+00,0.00E+00,0.00E+00,0.00E+00,0.00E+00,0.00E+00,0.00E+00,0.00E+00,0.00E+00,6.10E+01,7.71E+00,9.51E+00
0,0,0,0,0,0,0.00E+00,0.00E+00,0.00E+00,0.00E+00,0.00E+00,2.38105487621782,2.72E+01,0,4221,0.00E+00,0.00E+00,0.00E+00,0.00E+00,0.00E+00,0.00E+00,0.00E+00,0.00E+00,0.00E+00,0.00E+00,0.00E+00,0.00E+00,7.52E+00,1.65E+01,5.00E+01
0,0,0,0,0,0,0.00E+00,0.00E+00,0.00E+00,0.00E+00,0.00E+00,-9.08557564082996,3.65E+01,0,4224,0.00E+00,0.00E+00,0.00E+00,0.00E+00,0.00E+00,0.00E+00,0.00E+00,0.00E+00,0.00E+00,0.00E+00,0.00E+00,0.00E+00,2.23E+01,1.60E+01,6.41E+01
0,0,0,0,0,0,0.00E+00,0.00E+00,0.00E+00,0.00E+00,0.00E+00,9.81994702055638,8.34E-01,0,4227,0.00E+00,0.00E+00,0.00E+00,0.00E+00,0.00E+00,0.00E+00,0.00E+00,0.00E+00,0.00E+00,0.00E+00,0.00E+00,0.00E+00,3.60E+01,6.32E+00,5.69E+01
0,0,0,0,0,0,0.00E+00,0.00E+00,0.00E+00,0.00E+00,0.00E+00,-5.22993372744493,6.39E+00,0,4230,0.00E+00,0.00E+00,0.00E+00,0.00E+00,0.00E+00,0.00E+00,0.00E+00,0.00E+00,0.00E+00,0.00E+00,0.00E+00,0.00E+00,1.35E+01,1.65E+01,4.81E+01
0,0,0,0,0,0,0.00E+00,0.00E+00,0.00E+00,0.00E+00,0.00E+00,7.81517633634407,1.68E+01,0,4233,0.00E+00,0.00E+00,0.00E+00,0.00E+00,0.00E+00,0.00E+00,0.00E+00,0.00E+00,0.00E+00,0.00E+00,0.00E+00,0.00E+00,3.28E+00,9.03E+00,6.86E+01
0.567394196987152,0.338870525360107,1.11416590213776,1.12719011306763,1.58877646923065,1.10807311534882,7.72E-01,7.66E-01,8.80E-01,8.83E-01,8.53E-01,-5.44518863570081,2.49E+01,0,4235,6.22E+02,4.22E+02,6.94E+02,4.56E+02,6.02E+02,4.84E+02,6.64E+02,5.46E+02,6.36E+02,4.77E+02,6.75E+02,5.13E+02,1.47E+00,9.90E+00,8.98E+01
0.519608616828918,0.30529522895813,1.2005580663681,1.13366949558258,1.51058256626129,1.08291935920715,8.54E-01,8.14E-01,8.90E-01,8.02E-01,8.18E-01,0.102467691838697,5.65E+00,0,4238,6.66E+02,4.49E+02,6.30E+02,4.94E+02,5.24E+02,4.77E+02,5.37E+02,5.56E+02,5.54E+02,4.82E+02,5.64E+02,5.11E+02,1.93E+01,1.16E+01,7.65E+01
0,0,0,0,0,0,0.00E+00,0.00E+00,0.00E+00,0.00E+00,0.00E+00,1.08582549938232,7.15E+00,0,4241,0.00E+00,0.00E+00,0.00E+00,0.00E+00,0.00E+00,0.00E+00,0.00E+00,0.00E+00,0.00E+00,0.00E+00,0.00E+00,0.00E+00,2.27E+00,1.33E+01,7.85E+01
0.525830209255219,0.323562532663345,1.17285716533661,1.08167791366577,1.46551477909088,1.05610740184784,8.16E-01,7.91E-01,8.53E-01,8.13E-01,7.80E-01,-0.289048295175548,3.78E+00,0,4244,3.55E+02,4.23E+02,3.86E+02,4.62E+02,2.93E+02,4.61E+02,3.17E+02,5.36E+02,3.18E+02,4.63E+02,3.41E+02,4.98E+02,1.11E+01,1.68E+01,4.26E+01
0.490194410085678,0.325540751218796,1.20727789402008,1.10483741760254,1.43104255199432,1.14796650409698,8.19E-01,7.82E-01,8.56E-01,7.75E-01,7.42E-01,-0.298920390050781,9.61E-01,0,4247,3.65E+02,4.43E+02,4.10E+02,4.67E+02,3.06E+02,4.53E+02,3.23E+02,5.25E+02,3.32E+02,4.56E+02,3.54E+02,4.89E+02,1.81E+00,1.92E+01,1.33E+01
0.531364738941193,0.313554465770721,1.27640998363495,1.13339579105377,1.41790568828583,1.08823156356812,8.42E-01,8.03E-01,8.54E-01,7.98E-01,8.05E-01,0.035634772521868,7.96E-01,0,4249,4.60E+02,3.81E+02,4.70E+02,4.18E+02,3.68E+02,4.06E+02,3.83E+02,4.80E+02,3.94E+02,4.11E+02,4.14E+02,4.38E+02,7.66E-01,1.20E+01,2.29E+01
0.503003597259522,0.324831187725067,1.16235709190369,1.10874772071838,1.54911363124847,1.0757429599762,8.20E-01,7.66E-01,8.37E-01,8.03E-01,7.57E-01,2.13549252768733,6.96E+00,0,4252,4.39E+02,3.32E+02,4.38E+02,3.86E+02,3.50E+02,3.79E+02,3.64E+02,4.56E+02,3.71E+02,3.88E+02,3.93E+02,4.24E+02,2.78E+00,6.24E+00,5.44E+01
0.486354440450668,0.314074546098709,1.22124636173248,1.13950574398041,1.38767635822296,1.06949651241303,8.27E-01,8.09E-01,8.59E-01,8.24E-01,7.87E-01,0.700683445861735,1.96E+00,0,4255,5.19E+02,3.50E+02,5.03E+02,3.69E+02,3.96E+02,3.58E+02,4.13E+02,4.27E+02,4.25E+02,3.63E+02,4.41E+02,3.84E+02,9.92E-01,2.18E+00,8.86E+01
0.536580443382263,0.31404510140419,1.17878317832947,1.05702221393585,1.48413729667664,1.04470038414001,8.22E-01,7.42E-01,8.50E-01,7.79E-01,7.88E-01,0.010013428567975,3.49E+00,0,4258,5.23E+02,3.25E+02,5.24E+02,3.66E+02,4.35E+02,3.52E+02,4.48E+02,4.30E+02,4.58E+02,3.61E+02,4.75E+02,3.92E+02,1.67E+00,1.85E+00,1.18E+02
0.524694919586182,0.335025399923325,1.21896743774414,1.09006547927856,1.46348667144775,1.01797187328339,8.43E-01,7.76E-01,8.45E-01,8.21E-01,8.11E-01,-0.777202314991032,3.19E+00,0,4261,5.52E+02,2.33E+02,5.14E+02,2.87E+02,4.13E+02,2.77E+02,4.34E+02,3.52E+02,4.40E+02,2.80E+02,4.55E+02,3.11E+02,1.90E+00,3.22E+00,1.15E+02
0,0,0,0,0,0,0.00E+00,0.00E+00,0.00E+00,0.00E+00,0.00E+00,-1.76891287613196,3.89E+00,0,4263,0.00E+00,0.00E+00,0.00E+00,0.00E+00,0.00E+00,0.00E+00,0.00E+00,0.00E+00,0.00E+00,0.00E+00,0.00E+00,0.00E+00,2.81E-01,2.76E+00,1.21E+02
0,0,0,0,0,0,0.00E+00,0.00E+00,0.00E+00,0.00E+00,0.00E+00,-9.2116755265652,5.86E+00,0,4266,0.00E+00,0.00E+00,0.00E+00,0.00E+00,0.00E+00,0.00E+00,0.00E+00,0.00E+00,0.00E+00,0.00E+00,0.00E+00,0.00E+00,5.93E+00,4.13E+00,1.12E+02
0,0,0,0,0,0,0.00E+00,0.00E+00,0.00E+00,0.00E+00,0.00E+00,10.007638797192,3.47E+01,0,4269,0.00E+00,0.00E+00,0.00E+00,0.00E+00,0.00E+00,0.00E+00,0.00E+00,0.00E+00,0.00E+00,0.00E+00,0.00E+00,0.00E+00,1.49E+01,1.32E+01,8.97E+01
0.536360859870911,0.321556985378265,1.19425880908966,1.18900954723358,1.40983891487122,1.08972370624542,8.68E-01,7.83E-01,8.70E-01,8.22E-01,7.48E-01,-0.840480249767496,3.11E+01,0,4272,3.49E+02,2.25E+02,3.19E+02,2.14E+02,3.20E+02,3.16E+02,3.94E+02,2.88E+02,3.22E+02,2.90E+02,3.49E+02,2.69E+02,1.83E+01,2.23E+01,7.89E+01
0,0,0,0,0,0,0.00E+00,0.00E+00,0.00E+00,0.00E+00,0.00E+00,5.82778301561906,9.00E-01,1,4275,0.00E+00,0.00E+00,0.00E+00,0.00E+00,0.00E+00,0.00E+00,0.00E+00,0.00E+00,0.00E+00,0.00E+00,0.00E+00,0.00E+00,9.58E+00,2.14E+01,7.41E+01
0.479385197162628,0.326876431703567,1.19562387466431,1.16090905666351,1.50049829483032,1.01244461536407,8.04E-01,6.93E-01,8.44E-01,8.30E-01,7.93E-01,-0.403010531621022,5.28E+00,1,4277,5.89E+02,2.64E+02,5.66E+02,3.16E+02,4.93E+02,3.88E+02,5.60E+02,4.20E+02,5.14E+02,3.73E+02,5.53E+02,3.77E+02,2.74E+00,1.34E+01,8.14E+01
0,0,0,0,0,0,0.00E+00,0.00E+00,0.00E+00,0.00E+00,0.00E+00,1.31461146223151,6.50E+01,1,4280,0.00E+00,0.00E+00,0.00E+00,0.00E+00,0.00E+00,0.00E+00,0.00E+00,0.00E+00,0.00E+00,0.00E+00,0.00E+00,0.00E+00,2.63E+01,2.16E+01,1.08E+02
0.466393440961838,0.323547810316086,1.15292823314667,1.13901770114899,1.41299855709076,1.09452879428864,7.41E-01,7.16E-01,7.89E-01,7.13E-01,7.74E-01,0.785422813149571,1.13E+01,1,4283,5.91E+02,3.49E+02,5.92E+02,3.63E+02,5.13E+02,4.36E+02,5.72E+02,4.63E+02,5.33E+02,4.08E+02,5.53E+02,4.09E+02,9.98E+00,3.50E+01,1.37E+02
0.511621952056885,0.32362088561058,1.17255532741547,1.15814220905304,1.38519930839539,1.17071354389191,8.88E-01,7.78E-01,8.28E-01,7.93E-01,7.94E-01,-0.103286700515861,4.17E+00,1,4286,6.42E+02,3.27E+02,6.88E+02,3.38E+02,6.15E+02,4.09E+02,6.89E+02,4.47E+02,6.37E+02,3.92E+02,6.80E+02,3.98E+02,7.19E+00,3.42E+01,1.61E+02
0.546536922454834,0.333317816257477,1.14213001728058,1.18983960151672,1.44115114212036,1.20157742500305,8.36E-01,7.09E-01,9.00E-01,8.35E-01,7.72E-01,-15.216907797463,4.01E+01,1,4289,6.15E+02,3.18E+02,5.77E+02,3.37E+02,5.16E+02,4.08E+02,5.91E+02,4.35E+02,5.34E+02,3.92E+02,5.57E+02,3.89E+02,1.66E+01,1.16E+01,1.80E+02
0.548080623149872,0.358288526535034,1.11413538455963,1.14314830303192,1.32660150527954,1.28242564201355,9.27E-01,8.40E-01,8.57E-01,8.53E-01,8.01E-01,0.451456551727494,4.52E+01,1,4291,7.99E+01,2.74E+02,1.72E+02,2.95E+02,8.43E+01,3.57E+02,1.55E+02,4.00E+02,1.09E+02,3.43E+02,1.55E+02,3.49E+02,9.67E+00,2.52E+00,1.94E+02
0.537104487419128,0.362001299858093,1.14350569248199,1.14022517204285,1.31626725196838,1.17396652698517,9.01E-01,8.27E-01,8.54E-01,8.60E-01,8.30E-01,1.18004035900729,1.54E+00,1,4294,1.86E+02,2.79E+02,1.54E+02,2.88E+02,1.00E+02,3.76E+02,1.79E+02,3.96E+02,1.16E+02,3.55E+02,1.73E+02,3.51E+02,1.61E+01,1.49E+01,2.10E+02
0.573207795619965,0.349113553762436,1.10587799549103,1.12359976768494,1.3322741985321,1.16746711730957,9.00E-01,7.68E-01,9.04E-01,8.06E-01,8.18E-01,1.69093221537978,6.80E+00,1,4297,2.22E+02,2.85E+02,2.11E+02,2.81E+02,1.61E+02,3.66E+02,2.39E+02,3.77E+02,1.78E+02,3.42E+02,2.09E+02,3.32E+02,5.66E+00,1.63E+01,2.17E+02
0.614486932754517,0.347199469804764,1.05853164196014,1.12586760520935,1.29952013492584,1.37418651580811,9.31E-01,7.85E-01,8.91E-01,8.60E-01,7.89E-01,-0.881513457863772,5.89E+00,1,4300,1.01E+02,1.24E+02,1.41E+02,1.79E+02,8.92E+01,2.65E+02,1.66E+02,2.78E+02,1.06E+02,2.43E+02,1.48E+02,2.41E+02,1.33E+00,1.00E+01,2.24E+02
0,0,0,0,0,0,0.00E+00,0.00E+00,0.00E+00,0.00E+00,0.00E+00,0.396734515169138,4.66E+01,1,4303,0.00E+00,0.00E+00,0.00E+00,0.00E+00,0.00E+00,0.00E+00,0.00E+00,0.00E+00,0.00E+00,0.00E+00,0.00E+00,0.00E+00,8.38E+00,5.35E+00,2.12E+02
0.531689941883087,0.353993266820908,1.15454411506653,1.17121136188507,1.38832080364227,1.46984279155731,9.39E-01,8.14E-01,8.61E-01,8.34E-01,8.27E-01,4.62609014399126,1.44E+00,1,4305,4.24E+02,7.97E+01,4.51E+02,1.15E+02,3.90E+02,2.07E+02,4.67E+02,2.26E+02,4.07E+02,1.83E+02,4.45E+02,1.81E+02,1.02E+01,7.03E+00,2.02E+02
0,0,0,0,0,0,0.00E+00,0.00E+00,0.00E+00,0.00E+00,0.00E+00,7.3022405828155,3.12E+00,1,4308,0.00E+00,0.00E+00,0.00E+00,0.00E+00,0.00E+00,0.00E+00,0.00E+00,0.00E+00,0.00E+00,0.00E+00,0.00E+00,0.00E+00,2.24E+00,9.65E+00,1.75E+02
0.480632543563843,0.327605485916138,1.1597353219986,1.17198824882507,1.44148790836334,1.60048222541809,8.88E-01,7.81E-01,8.77E-01,8.22E-01,7.94E-01,-2.94415079188522,2.85E+00,1,4311,4.92E+02,9.44E+01,5.08E+02,1.16E+02,4.41E+02,1.89E+02,5.19E+02,2.23E+02,4.63E+02,1.74E+02,5.06E+02,1.79E+02,6.00E+00,1.66E+00,1.47E+02
0.522212564945221,0.329830288887024,1.12172663211823,1.17579102516174,1.38726592063904,1.65715932846069,8.88E-01,8.36E-01,8.91E-01,8.60E-01,8.15E-01,0.490976785066025,1.36E+01,1,4314,3.88E+02,1.33E+02,4.11E+02,1.51E+02,3.34E+02,1.96E+02,3.92E+02,2.49E+02,3.56E+02,1.87E+02,3.84E+02,2.00E+02,1.04E+01,1.34E+01,1.19E+02
0.529895842075348,0.326353222131729,1.19523048400879,1.14277052879334,1.49013674259186,1.63064968585968,8.86E-01,7.95E-01,8.64E-01,8.21E-01,8.15E-01,-7.07633376567206,9.38E+00,1,4317,4.81E+02,1.27E+02,4.83E+02,1.62E+02,3.93E+02,2.01E+02,4.41E+02,2.62E+02,4.19E+02,1.94E+02,4.38E+02,2.09E+02,5.93E+00,1.68E+01,7.87E+01
0,0,0,0,0,0,0.00E+00,0.00E+00,0.00E+00,0.00E+00,0.00E+00,6.5217875076189,3.78E+00,1,4319,0.00E+00,0.00E+00,0.00E+00,0.00E+00,0.00E+00,0.00E+00,0.00E+00,0.00E+00,0.00E+00,0.00E+00,0.00E+00,0.00E+00,6.15E+00,1.46E+01,6.45E+01
0.530320942401886,0.345381408929825,1.10952377319336,1.17333328723907,1.35364699363709,1.56730484962463,8.99E-01,8.32E-01,8.88E-01,8.57E-01,7.84E-01,7.45030484991096,7.86E+00,1,4322,5.02E+02,4.97E+02,5.38E+02,5.11E+02,4.60E+02,5.81E+02,5.16E+02,6.03E+02,4.83E+02,5.59E+02,5.05E+02,5.49E+02,8.17E+00,8.02E+00,5.90E+01
0.522953987121582,0.31144580245018,1.19582056999207,1.17036044597626,1.51073753833771,1.73141860961914,8.77E-01,8.08E-01,8.87E-01,8.75E-01,8.13E-01,-0.172691004389892,1.17E+00,1,4325,4.25E+02,4.55E+02,4.30E+02,4.64E+02,3.73E+02,5.43E+02,4.42E+02,5.64E+02,3.89E+02,5.23E+02,4.18E+02,5.21E+02,9.80E+00,1.03E+01,7.00E+01
0.46200829744339,0.324102967977524,1.16814434528351,1.17366063594818,1.53789567947388,1.63462007045746,8.80E-01,8.04E-01,8.13E-01,8.16E-01,7.85E-01,0.329426676756251,8.98E-01,1,4328,4.50E+02,3.55E+02,4.48E+02,3.78E+02,3.61E+02,4.34E+02,4.21E+02,4.82E+02,3.84E+02,4.22E+02,4.17E+02,4.33E+02,1.50E+00,1.35E+01,9.17E+01
0.510377168655396,0.318389415740967,1.13219964504242,1.15543973445892,1.47886419296265,1.6534423828125,8.22E-01,8.05E-01,8.70E-01,8.44E-01,8.12E-01,9.18396849294262,9.96E+00,1,4331,4.97E+02,3.13E+02,4.96E+02,3.19E+02,4.08E+02,3.64E+02,4.62E+02,4.18E+02,4.35E+02,3.54E+02,4.60E+02,3.67E+02,7.14E+00,1.06E+01,1.19E+02
0.507741868495941,0.31995752453804,1.2170387506485,1.18197524547577,1.55013525485992,1.64739799499512,8.55E-01,8.00E-01,8.41E-01,7.88E-01,7.92E-01,-3.2357780480072,5.97E+00,1,4333,4.33E+02,2.67E+02,4.52E+02,3.25E+02,3.75E+02,3.86E+02,4.34E+02,4.34E+02,3.99E+02,3.74E+02,4.27E+02,3.85E+02,6.36E+00,1.31E+01,1.43E+02
0.525903940200806,0.356600910425186,1.09567832946777,1.21107876300812,1.34043228626251,1.56285321712494,8.99E-01,8.28E-01,9.19E-01,7.74E-01,8.15E-01,3.55683716981407,1.85E+00,1,4336,3.70E+02,2.00E+02,3.65E+02,1.65E+02,2.85E+02,2.32E+02,3.61E+02,2.67E+02,3.07E+02,2.19E+02,3.50E+02,2.14E+02,3.54E+00,1.03E+01,1.65E+02
0,0,0,0,0,0,0.00E+00,0.00E+00,0.00E+00,0.00E+00,0.00E+00,8.91674759992542,9.20E+00,1,4339,0.00E+00,0.00E+00,0.00E+00,0.00E+00,0.00E+00,0.00E+00,0.00E+00,0.00E+00,0.00E+00,0.00E+00,0.00E+00,0.00E+00,9.88E+00,8.46E+00,1.87E+02
0.511248767375946,0.333755373954773,1.14324009418488,1.2253133058548,1.53434526920319,1.73448085784912,9.05E-01,8.43E-01,8.35E-01,8.17E-01,8.20E-01,0.902702931042991,7.93E+00,1,4342,3.74E+02,1.51E+02,3.62E+02,1.82E+02,2.88E+02,2.48E+02,3.43E+02,2.89E+02,3.11E+02,2.35E+02,3.29E+02,2.39E+02,9.17E+00,7.75E+00,1.95E+02
0.53525573015213,0.324323564767838,1.10128891468048,1.24689149856567,1.66430830955505,1.67453742027283,9.24E-01,8.20E-01,8.83E-01,8.11E-01,7.87E-01,-2.54294151490739,1.42E+01,1,4345,3.72E+02,2.22E+02,3.97E+02,2.42E+02,3.25E+02,2.93E+02,3.95E+02,3.45E+02,3.50E+02,2.86E+02,3.91E+02,3.00E+02,5.78E+00,9.79E+00,1.95E+02
0,0,0,0,0,0,0.00E+00,0.00E+00,0.00E+00,0.00E+00,0.00E+00,11.5367735628267,8.25E+00,1,4347,0.00E+00,0.00E+00,0.00E+00,0.00E+00,0.00E+00,0.00E+00,0.00E+00,0.00E+00,0.00E+00,0.00E+00,0.00E+00,0.00E+00,7.87E+00,8.29E+00,1.94E+02
0.520812094211578,0.327640920877457,1.11291134357452,1.20313251018524,1.72683215141296,1.66046464443207,8.75E-01,8.01E-01,8.87E-01,8.09E-01,7.84E-01,2.79089629950928,7.56E+00,1,4350,3.71E+02,4.05E+02,3.81E+02,4.48E+02,3.31E+02,5.11E+02,4.12E+02,5.46E+02,3.50E+02,5.00E+02,3.95E+02,5.04E+02,9.67E+00,9.92E+00,1.85E+02
0.516433358192444,0.31494402885437,1.14246475696564,1.26620066165924,1.69845366477966,1.78182709217072,8.95E-01,8.17E-01,9.69E-01,8.38E-01,8.10E-01,2.14727709955084,8.65E+00,1,4353,3.94E+02,4.15E+02,3.27E+02,4.15E+02,2.71E+02,4.81E+02,3.40E+02,5.12E+02,2.87E+02,4.66E+02,3.09E+02,4.65E+02,5.01E+00,1.52E+01,1.74E+02
0.525600373744965,0.314712554216385,1.11922073364258,1.27073109149933,1.69859302043915,1.87879025936127,8.63E-01,7.93E-01,8.98E-01,7.97E-01,8.40E-01,-0.46545982509976,6.34E+00,0,4356,3.57E+02,3.55E+02,3.37E+02,3.68E+02,2.59E+02,4.15E+02,3.12E+02,4.69E+02,2.80E+02,4.07E+02,3.03E+02,4.18E+02,1.29E-01,8.96E+00,1.66E+02
0.527825653553009,0.316346049308777,1.12235164642334,1.23593688011169,1.61436748504639,1.87652730941772,8.45E-01,7.81E-01,8.70E-01,8.24E-01,8.26E-01,0.188826627520875,2.02E+00,0,4359,3.83E+02,3.29E+02,3.63E+02,3.45E+02,2.81E+02,3.94E+02,3.37E+02,4.48E+02,3.05E+02,3.85E+02,3.28E+02,3.99E+02,1.08E+00,2.65E+00,1.59E+02
0.542415380477905,0.300432860851288,1.16492772102356,1.26346445083618,1.73851931095123,1.79052257537842,8.35E-01,8.59E-01,9.28E-01,7.81E-01,8.06E-01,-1.94792151514506,2.48E+00,0,4361,3.52E+02,4.51E+02,3.36E+02,4.83E+02,2.66E+02,5.09E+02,3.23E+02,5.78E+02,2.85E+02,5.11E+02,3.10E+02,5.31E+02,3.28E+00,2.14E+00,1.55E+02
0.515684962272644,0.341685354709625,1.18232440948486,1.25584757328033,1.76165854930878,1.72080957889557,8.51E-01,8.33E-01,8.62E-01,8.35E-01,7.26E-01,-0.321813050349412,3.55E+00,0,4364,3.22E+02,5.29E+02,3.21E+02,6.19E+02,2.41E+02,6.43E+02,3.07E+02,7.18E+02,2.62E+02,6.48E+02,2.91E+02,6.77E+02,1.60E+00,2.16E+00,1.48E+02
0.58994072675705,0.330400139093399,1.1618983745575,1.23936593532562,1.61333560943604,1.54230499267578,8.83E-01,9.36E-01,9.20E-01,9.12E-01,8.26E-01,-3.15778128244372,1.96E+01,0,4367,4.02E+02,7.42E+02,3.93E+02,6.78E+02,3.18E+02,6.81E+02,3.67E+02,7.64E+02,3.37E+02,6.89E+02,3.55E+02,7.07E+02,9.12E+00,8.48E+00,1.37E+02
0,0,0,0,0,0,0.00E+00,0.00E+00,0.00E+00,0.00E+00,0.00E+00,-3.41806363406488,5.99E+00,0,4370,0.00E+00,0.00E+00,0.00E+00,0.00E+00,0.00E+00,0.00E+00,0.00E+00,0.00E+00,0.00E+00,0.00E+00,0.00E+00,0.00E+00,1.21E+01,1.54E+01,1.20E+02
0.52414745092392,0.332752406597137,1.15586864948273,1.22442471981049,1.65359532833099,1.58927917480469,9.25E-01,8.09E-01,8.79E-01,8.42E-01,8.22E-01,-0.964248278924267,2.02E+01,0,4373,4.19E+02,5.51E+02,4.75E+02,6.09E+02,4.01E+02,6.47E+02,4.65E+02,7.09E+02,4.23E+02,6.44E+02,4.53E+02,6.61E+02,3.38E+00,1.89E+01,9.58E+01
0.43564373254776,0.310243159532547,1.11018681526184,1.26896727085114,1.60251009464264,1.61412048339844,8.56E-01,7.74E-01,8.88E-01,8.50E-01,7.50E-01,-1.91939569569418,9.57E+00,0,4375,4.35E+02,3.04E+02,4.23E+02,3.07E+02,3.57E+02,3.76E+02,4.32E+02,4.10E+02,3.77E+02,3.59E+02,4.09E+02,3.63E+02,8.79E+00,1.10E+01,8.26E+01
0.47533592581749,0.303269892930984,1.20105290412903,1.34439480304718,1.72231733798981,1.60614824295044,8.54E-01,8.02E-01,8.40E-01,8.00E-01,7.06E-01,0.530450647372821,9.67E+00,0,4378,4.00E+02,3.10E+02,4.12E+02,3.26E+02,3.35E+02,3.66E+02,4.04E+02,4.27E+02,3.56E+02,3.64E+02,3.89E+02,3.80E+02,8.40E+00,4.80E+00,5.74E+01
0.553047478199005,0.313240200281143,1.13157796859741,1.22099816799164,1.57716155052185,1.20714402198792,9.23E-01,8.20E-01,9.05E-01,8.35E-01,7.86E-01,8.5552618911312,1.21E+01,0,4381,4.22E+02,2.67E+02,4.43E+02,2.42E+02,3.67E+02,2.65E+02,4.18E+02,3.33E+02,3.90E+02,2.66E+02,4.16E+02,2.86E+02,8.46E+00,9.27E+00,4.97E+01
0.560054302215576,0.339447498321533,1.09703803062439,0.937140107154846,1.4386693239212,1.19684064388275,8.94E-01,8.17E-01,9.35E-01,9.37E-01,8.05E-01,0.825478839044078,1.96E+00,0,4384,4.81E+02,2.98E+01,4.78E+02,6.90E+01,4.05E+02,1.28E+02,4.54E+02,1.50E+02,4.28E+02,1.13E+02,4.61E+02,1.14E+02,3.40E+00,1.03E+01,6.12E+01
0,0,0,0,0,0,0.00E+00,0.00E+00,0.00E+00,0.00E+00,0.00E+00,-7.79933320317006,1.77E+01,0,4387,0.00E+00,0.00E+00,0.00E+00,0.00E+00,0.00E+00,0.00E+00,0.00E+00,0.00E+00,0.00E+00,0.00E+00,0.00E+00,0.00E+00,4.15E+00,4.36E+00,6.78E+01
0.561217725276947,0.33298671245575,1.11115789413452,1.1999397277832,1.4762589931488,1.31047928333282,9.18E-01,8.01E-01,8.66E-01,9.26E-01,7.90E-01,5.6211448873776,5.07E+00,0,4389,4.20E+02,2.47E+02,4.48E+02,2.36E+02,3.75E+02,2.86E+02,4.46E+02,3.33E+02,3.94E+02,2.76E+02,4.54E+02,2.89E+02,5.57E+00,6.29E+00,6.56E+01
0.564512968063355,0.30927312374115,1.12799143791199,1.26973855495453,1.5681312084198,1.30332624912262,8.66E-01,8.03E-01,9.35E-01,7.99E-01,8.10E-01,-0.023144431529201,6.17E+00,0,4392,5.60E+02,2.41E+02,5.15E+02,2.43E+02,4.44E+02,3.02E+02,5.10E+02,3.47E+02,4.65E+02,2.92E+02,4.99E+02,3.03E+02,9.63E-01,8.10E+00,5.54E+01
0.528909683227539,0.315709948539734,1.10992658138275,1.28071761131287,1.65666651725769,1.31271827220917,8.81E-01,7.39E-01,9.07E-01,8.18E-01,7.61E-01,-0.712590814923979,1.07E+01,0,4395,4.22E+02,1.27E+02,4.45E+02,1.73E+02,3.81E+02,2.36E+02,4.58E+02,2.73E+02,4.03E+02,2.25E+02,4.40E+02,2.32E+02,5.35E+00,8.96E+00,4.84E+01
0.511629223823547,0.333416372537613,1.08047950267792,1.30977714061737,1.57836723327637,1.33281123638153,8.83E-01,8.22E-01,8.98E-01,8.17E-01,7.74E-01,8.04757122123372,5.69E+00,0,4398,4.10E+02,9.26E+01,4.10E+02,1.17E+02,3.48E+02,1.79E+02,4.20E+02,2.18E+02,3.68E+02,1.68E+02,4.00E+02,1.82E+02,5.29E+00,7.79E+00,4.69E+01
0.497417062520981,0.31961515545845,1.08688461780548,1.34101438522339,1.6160181760788,1.36350107192993,8.19E-01,7.72E-01,8.72E-01,7.48E-01,8.01E-01,1.80866661107266,4.85E+00,0,4401,4.45E+02,1.40E+02,4.29E+02,1.52E+02,3.52E+02,1.97E+02,4.10E+02,2.54E+02,3.71E+02,1.88E+02,3.99E+02,2.04E+02,4.57E+00,5.51E+00,4.78E+01
0,0,0,0,0,0,0.00E+00,0.00E+00,0.00E+00,0.00E+00,0.00E+00,11.1713227793397,1.61E+01,0,4403,0.00E+00,0.00E+00,0.00E+00,0.00E+00,0.00E+00,0.00E+00,0.00E+00,0.00E+00,0.00E+00,0.00E+00,0.00E+00,0.00E+00,8.70E+00,8.38E+00,5.88E+01
0,0,0,0,0,0,0.00E+00,0.00E+00,0.00E+00,0.00E+00,0.00E+00,0.561096928917423,4.79E+01,0,4406,0.00E+00,0.00E+00,0.00E+00,0.00E+00,0.00E+00,0.00E+00,0.00E+00,0.00E+00,0.00E+00,0.00E+00,0.00E+00,0.00E+00,2.12E+01,2.29E+01,5.89E+01
0,0,0,0,0,0,0.00E+00,0.00E+00,0.00E+00,0.00E+00,0.00E+00,33.7225867799086,2.03E+01,0,4409,0.00E+00,0.00E+00,0.00E+00,0.00E+00,0.00E+00,0.00E+00,0.00E+00,0.00E+00,0.00E+00,0.00E+00,0.00E+00,0.00E+00,3.17E+01,3.77E+01,5.64E+01
0.583321094512939,0.316006302833557,1.22345149517059,1.33582758903503,1.74700891971588,1.14796316623688,8.10E-01,7.86E-01,0.00E+00,8.36E-01,8.00E-01,-0.150767590765473,3.25E+00,0,4412,5.27E+02,6.34E+02,4.72E+02,6.41E+02,4.13E+02,6.86E+02,4.78E+02,7.42E+02,4.28E+02,6.80E+02,4.61E+02,6.84E+02,3.01E+01,4.11E+01,5.29E+01
0.557297706604004,0.318698048591614,1.11658883094788,1.27822172641754,1.77751064300537,1.20694637298584,8.47E-01,7.61E-01,9.18E-01,7.88E-01,8.19E-01,0.148510767653488,1.27E+01,0,4415,4.95E+02,6.03E+02,4.78E+02,6.43E+02,4.25E+02,6.98E+02,5.00E+02,7.39E+02,4.43E+02,6.89E+02,4.79E+02,6.97E+02,3.15E+00,3.50E+01,7.90E+01
0.527611434459686,0.326633423566818,1.16325056552887,1.36640226840973,1.74773263931274,1.21566247940063,8.68E-01,8.49E-01,8.84E-01,8.37E-01,8.22E-01,-3.94604802586747,2.29E+00,0,4417,4.19E+02,5.61E+02,4.21E+02,6.27E+02,3.62E+02,6.96E+02,4.37E+02,7.36E+02,3.81E+02,6.87E+02,4.19E+02,6.95E+02,2.82E+00,2.84E+01,1.06E+02
0.536815702915192,0.308738589286804,1.11052143573761,1.29523575305939,1.5935822725296,1.27398419380188,8.55E-01,8.25E-01,9.37E-01,7.66E-01,8.10E-01,-0.971926968974019,3.19E+00,0,4420,4.39E+02,5.96E+02,4.30E+02,6.22E+02,3.59E+02,6.71E+02,4.19E+02,7.25E+02,3.80E+02,6.62E+02,4.06E+02,6.77E+02,6.47E+00,1.57E+01,1.66E+02
0.50701630115509,0.325052201747894,1.08658981323242,1.28638112545013,1.62711644172668,1.21214950084686,8.58E-01,8.21E-01,9.02E-01,8.06E-01,7.80E-01,-0.091543214300645,3.82E+00,0,4423,4.39E+02,6.43E+02,4.27E+02,6.68E+02,3.57E+02,7.17E+02,4.18E+02,7.68E+02,3.77E+02,7.07E+02,4.03E+02,7.21E+02,4.61E+00,7.19E+00,2.25E+02
0.585350692272186,0.319915354251862,1.11003065109253,1.23911345005035,1.58364725112915,1.1979843378067,9.07E-01,8.11E-01,9.20E-01,8.00E-01,8.12E-01,0.033070619056303,4.15E+00,0,4426,4.39E+02,6.60E+02,4.41E+02,7.00E+02,3.73E+02,7.47E+02,4.30E+02,7.97E+02,3.94E+02,7.41E+02,4.12E+02,7.50E+02,1.94E+00,9.93E+00,2.70E+02
0,0,0,0,0,0,0.00E+00,0.00E+00,0.00E+00,0.00E+00,0.00E+00,-8.15516754498714,7.21E+00,0,4429,0.00E+00,0.00E+00,0.00E+00,0.00E+00,0.00E+00,0.00E+00,0.00E+00,0.00E+00,0.00E+00,0.00E+00,0.00E+00,0.00E+00,6.22E+00,1.03E+01,2.81E+02
0,0,0,0,0,0,0.00E+00,0.00E+00,0.00E+00,0.00E+00,0.00E+00,-5.03372669458145,3.64E+00,0,4431,0.00E+00,0.00E+00,0.00E+00,0.00E+00,0.00E+00,0.00E+00,0.00E+00,0.00E+00,0.00E+00,0.00E+00,0.00E+00,0.00E+00,1.00E+01,1.20E+01,2.73E+02
0.530604124069214,0.307470828294754,1.13108813762665,1.36439347267151,1.65803062915802,1.07869899272919,8.43E-01,8.02E-01,8.81E-01,7.64E-01,7.85E-01,-6.01075318396109,4.01E+00,0,4434,5.20E+02,4.37E+02,5.27E+02,4.55E+02,4.46E+02,4.91E+02,4.99E+02,5.53E+02,4.68E+02,4.85E+02,4.97E+02,5.13E+02,1.38E+01,2.18E+01,2.28E+02
0.517360627651215,0.304806143045425,1.10518193244934,1.2825665473938,1.66166520118713,1.1956228017807,8.44E-01,7.32E-01,8.99E-01,7.99E-01,7.93E-01,-1.92221749643975,7.63E+00,0,4437,5.74E+02,4.11E+02,5.53E+02,4.57E+02,4.81E+02,5.01E+02,5.36E+02,5.59E+02,5.02E+02,4.96E+02,5.24E+02,5.12E+02,7.49E+00,2.96E+01,1.61E+02
0,0,0,0,0,0,0.00E+00,0.00E+00,0.00E+00,0.00E+00,0.00E+00,-1.68331255590651,1.11E+00,0,4440,0.00E+00,0.00E+00,0.00E+00,0.00E+00,0.00E+00,0.00E+00,0.00E+00,0.00E+00,0.00E+00,0.00E+00,0.00E+00,0.00E+00,6.30E+00,2.43E+01,8.25E+01
0.530371069908142,0.31513711810112,0,0,0,0,8.33E-01,7.79E-01,9.19E-01,8.24E-01,7.69E-01,1.1109564760627,2.69E+01,0,4443,4.66E+02,7.41E+02,4.76E+02,7.65E+02,0.00E+00,0.00E+00,0.00E+00,0.00E+00,0.00E+00,0.00E+00,0.00E+00,0.00E+00,1.14E+01,8.34E+00,7.15E+01
0,0,0,0,0,0,0.00E+00,0.00E+00,0.00E+00,0.00E+00,0.00E+00,8.23246802520135,3.01E+01,0,4445,0.00E+00,0.00E+00,0.00E+00,0.00E+00,0.00E+00,0.00E+00,0.00E+00,0.00E+00,0.00E+00,0.00E+00,0.00E+00,0.00E+00,1.70E+01,1.14E+01,1.10E+02
0,0,0,0,0,0,0.00E+00,0.00E+00,0.00E+00,0.00E+00,0.00E+00,-5.55663875229893,3.37E+01,0,4448,0.00E+00,0.00E+00,0.00E+00,0.00E+00,0.00E+00,0.00E+00,0.00E+00,0.00E+00,0.00E+00,0.00E+00,0.00E+00,0.00E+00,2.11E+01,1.37E+01,1.80E+02
0.572024583816528,0.328372746706009,1.09486484527588,1.28638243675232,1.88173079490662,1.03785085678101,8.76E-01,7.86E-01,9.22E-01,8.48E-01,7.73E-01,-3.83300813965366,9.35E+00,0,4451,5.04E+02,2.10E+02,5.18E+02,2.33E+02,4.69E+02,2.92E+02,5.44E+02,3.26E+02,4.86E+02,2.81E+02,5.26E+02,2.79E+02,9.78E+00,1.74E+01,2.29E+02
0.588313639163971,0.326779812574387,1.10173630714417,1.25496137142181,1.71696853637695,1.15552580356598,8.91E-01,7.84E-01,9.13E-01,8.39E-01,7.63E-01,-2.21283768134133,1.68E+00,0,4454,5.28E+02,8.64E+01,5.42E+02,1.55E+02,4.76E+02,2.11E+02,5.40E+02,2.60E+02,4.96E+02,1.98E+02,5.24E+02,2.19E+02,1.19E+01,1.21E+01,2.50E+02
0.51045149564743,0.307873100042343,1.09426748752594,1.35025382041931,1.78686320781708,1.10070788860321,8.75E-01,7.94E-01,8.78E-01,7.70E-01,7.21E-01,0.389770840629645,2.11E+00,0,4457,4.98E+02,3.71E+02,5.21E+02,4.19E+02,4.45E+02,4.73E+02,5.19E+02,5.20E+02,4.69E+02,4.64E+02,5.14E+02,4.77E+02,1.53E+00,8.09E+00,2.54E+02
0.500417172908783,0.30040767788887,1.08639907836914,1.29467058181763,1.73719954490662,1.32279419898987,8.52E-01,7.88E-01,8.36E-01,8.12E-01,7.36E-01,1.02318991599543,2.12E+01,0,4459,5.22E+02,2.67E+02,5.37E+02,2.63E+02,4.49E+02,3.17E+02,5.12E+02,3.63E+02,4.74E+02,3.04E+02,5.06E+02,3.13E+02,1.16E+01,7.27E+00,2.41E+02
0,0,0,0,0,0,0.00E+00,0.00E+00,0.00E+00,0.00E+00,0.00E+00,13.0777798133253,1.93E+01,0,4462,0.00E+00,0.00E+00,0.00E+00,0.00E+00,0.00E+00,0.00E+00,0.00E+00,0.00E+00,0.00E+00,0.00E+00,0.00E+00,0.00E+00,2.38E+01,2.14E+01,2.21E+02
0.534507572650909,0.305502325296402,1.09340882301331,1.26868069171906,1.87296736240387,1.30597221851349,8.48E-01,8.66E-01,8.94E-01,7.97E-01,8.10E-01,2.18657240943356,7.90E+00,0,4465,4.04E+02,2.99E+02,3.06E+02,3.39E+02,2.47E+02,4.07E+02,3.17E+02,4.41E+02,2.64E+02,3.93E+02,2.95E+02,3.97E+02,8.68E+00,2.95E+01,1.76E+02
0.470309346914291,0.341488301753998,1.05207908153534,1.21848738193512,1.76993811130524,0.967662930488586,8.24E-01,7.53E-01,8.83E-01,8.69E-01,7.22E-01,-0.432184375760806,1.42E-01,0,4468,2.98E+02,3.61E+02,3.02E+02,3.59E+02,2.49E+02,4.16E+02,3.25E+02,4.58E+02,2.68E+02,4.05E+02,3.13E+02,4.09E+02,1.37E+00,2.12E+01,1.40E+02
0.597704350948334,0.33132591843605,1.09618151187897,1.18050897121429,1.890909075737,1.05374228954315,8.94E-01,8.00E-01,9.16E-01,8.62E-01,7.45E-01,-0.265895883166297,5.56E+00,0,4471,2.54E+02,3.75E+02,2.53E+02,3.53E+02,2.00E+02,3.79E+02,2.54E+02,4.47E+02,2.14E+02,3.80E+02,2.52E+02,3.99E+02,6.06E+00,6.06E+00,1.07E+02
0.524267673492432,0.310263723134994,1.1354513168335,1.21813440322876,1.90413439273834,1.18578338623047,8.79E-01,7.95E-01,8.60E-01,8.19E-01,7.42E-01,-3.19911899886567,1.97E+01,0,4473,2.54E+02,2.37E+02,2.58E+02,2.57E+02,1.93E+02,3.00E+02,2.54E+02,3.59E+02,2.12E+02,2.96E+02,2.47E+02,3.14E+02,1.06E+01,1.48E+01,9.67E+01
0.546123445034027,0.310159951448441,1.08508133888245,1.22731876373291,1.54350972175598,1.29910838603973,8.83E-01,8.43E-01,8.85E-01,8.22E-01,7.98E-01,-0.485926740191296,4.44E+00,0,4476,2.78E+02,4.18E+02,2.86E+02,4.39E+02,2.05E+02,4.92E+02,2.56E+02,5.39E+02,2.28E+02,4.77E+02,2.47E+02,4.89E+02,9.47E+00,1.94E+01,1.04E+02
0,0,0,0,0,0,0.00E+00,0.00E+00,0.00E+00,0.00E+00,0.00E+00,-5.8724332350793,3.62E+00,0,4479,0.00E+00,0.00E+00,0.00E+00,0.00E+00,0.00E+00,0.00E+00,0.00E+00,0.00E+00,0.00E+00,0.00E+00,0.00E+00,0.00E+00,3.44E+00,1.90E+01,1.12E+02
0,0,0,0,0,0,0.00E+00,0.00E+00,0.00E+00,0.00E+00,0.00E+00,-8.51288410954373,1.46E+01,0,4482,0.00E+00,0.00E+00,0.00E+00,0.00E+00,0.00E+00,0.00E+00,0.00E+00,0.00E+00,0.00E+00,0.00E+00,0.00E+00,0.00E+00,1.85E+01,2.16E+01,9.79E+01
0,0,0,0,0,0,0.00E+00,0.00E+00,0.00E+00,0.00E+00,0.00E+00,-5.94263470736354,1.64E+01,0,4485,0.00E+00,0.00E+00,0.00E+00,0.00E+00,0.00E+00,0.00E+00,0.00E+00,0.00E+00,0.00E+00,0.00E+00,0.00E+00,0.00E+00,1.35E+01,2.53E+01,6.69E+01
0,0,0,0,0,0,0.00E+00,0.00E+00,0.00E+00,0.00E+00,0.00E+00,4.04150909681594,2.58E+00,0,4487,0.00E+00,0.00E+00,0.00E+00,0.00E+00,0.00E+00,0.00E+00,0.00E+00,0.00E+00,0.00E+00,0.00E+00,0.00E+00,0.00E+00,1.72E+01,2.44E+01,3.20E+01
0,0,0,0,0,0,0.00E+00,0.00E+00,0.00E+00,0.00E+00,0.00E+00,2.5369834883054,1.22E+01,0,4490,0.00E+00,0.00E+00,0.00E+00,0.00E+00,0.00E+00,0.00E+00,0.00E+00,0.00E+00,0.00E+00,0.00E+00,0.00E+00,0.00E+00,1.44E+01,1.62E+01,4.40E+01
0,0,0,0,0,0,0.00E+00,0.00E+00,0.00E+00,0.00E+00,0.00E+00,9.99702924618484,4.57E+01,0,4493,0.00E+00,0.00E+00,0.00E+00,0.00E+00,0.00E+00,0.00E+00,0.00E+00,0.00E+00,0.00E+00,0.00E+00,0.00E+00,0.00E+00,1.53E+01,1.23E+01,1.02E+02
0,0,0,0,0,0,0.00E+00,0.00E+00,0.00E+00,0.00E+00,0.00E+00,-26.6367258793256,6.16E+01,0,4496,0.00E+00,0.00E+00,0.00E+00,0.00E+00,0.00E+00,0.00E+00,0.00E+00,0.00E+00,0.00E+00,0.00E+00,0.00E+00,0.00E+00,2.48E+01,3.93E+00,1.64E+02
0,0,0,0,0,0,0.00E+00,0.00E+00,0.00E+00,0.00E+00,0.00E+00,-5.25250987713731,2.08E+01,0,4499,0.00E+00,0.00E+00,0.00E+00,0.00E+00,0.00E+00,0.00E+00,0.00E+00,0.00E+00,0.00E+00,0.00E+00,0.00E+00,0.00E+00,7.85E+00,1.47E+01,1.95E+02
0,0,0,0,0,0,0.00E+00,0.00E+00,0.00E+00,0.00E+00,0.00E+00,-31.6714346912485,2.63E+01,0,4501,0.00E+00,0.00E+00,0.00E+00,0.00E+00,0.00E+00,0.00E+00,0.00E+00,0.00E+00,0.00E+00,0.00E+00,0.00E+00,0.00E+00,4.14E+00,2.20E+01,2.02E+02
0,0,0,0,0,0,0.00E+00,0.00E+00,0.00E+00,0.00E+00,0.00E+00,-11.6581346643453,2.93E+01,0,4504,0.00E+00,0.00E+00,0.00E+00,0.00E+00,0.00E+00,0.00E+00,0.00E+00,0.00E+00,0.00E+00,0.00E+00,0.00E+00,0.00E+00,1.27E+01,1.37E+01,2.07E+02
0,0,0,0,0,0,0.00E+00,0.00E+00,0.00E+00,0.00E+00,0.00E+00,15.1478792715728,2.39E+01,0,4507,0.00E+00,0.00E+00,0.00E+00,0.00E+00,0.00E+00,0.00E+00,0.00E+00,0.00E+00,0.00E+00,0.00E+00,0.00E+00,0.00E+00,4.24E+00,7.58E+00,1.92E+02
0,0,0,0,0,0,0.00E+00,0.00E+00,0.00E+00,0.00E+00,0.00E+00,1.1979107315888,3.73E+01,0,4510,0.00E+00,0.00E+00,0.00E+00,0.00E+00,0.00E+00,0.00E+00,0.00E+00,0.00E+00,0.00E+00,0.00E+00,0.00E+00,0.00E+00,2.02E+01,1.23E+01,1.92E+02
0,0,0,0,0,0,0.00E+00,0.00E+00,0.00E+00,0.00E+00,0.00E+00,19.8641829204477,3.55E+01,0,4513,0.00E+00,0.00E+00,0.00E+00,0.00E+00,0.00E+00,0.00E+00,0.00E+00,0.00E+00,0.00E+00,0.00E+00,0.00E+00,0.00E+00,1.18E+01,6.39E+00,1.67E+02
0,0,0,0,0,0,0.00E+00,0.00E+00,0.00E+00,0.00E+00,0.00E+00,-6.27320548960994,1.80E+01,1,4515,0.00E+00,0.00E+00,0.00E+00,0.00E+00,0.00E+00,0.00E+00,0.00E+00,0.00E+00,0.00E+00,0.00E+00,0.00E+00,0.00E+00,2.00E+01,2.17E-01,1.59E+02
0,0,0,0,0,0,0.00E+00,0.00E+00,0.00E+00,0.00E+00,0.00E+00,-12.0843366468485,2.41E+00,1,4518,0.00E+00,0.00E+00,0.00E+00,0.00E+00,0.00E+00,0.00E+00,0.00E+00,0.00E+00,0.00E+00,0.00E+00,0.00E+00,0.00E+00,1.44E+01,1.77E+01,1.58E+02
0,0,0,0,0,0,0.00E+00,0.00E+00,0.00E+00,0.00E+00,0.00E+00,0.583740213283143,3.46E+01,1,4521,0.00E+00,0.00E+00,0.00E+00,0.00E+00,0.00E+00,0.00E+00,0.00E+00,0.00E+00,0.00E+00,0.00E+00,0.00E+00,0.00E+00,1.21E+01,1.43E+01,1.46E+02
0,0,0,0,0,0,0.00E+00,0.00E+00,0.00E+00,0.00E+00,0.00E+00,-15.021230785349,1.10E+01,1,4524,0.00E+00,0.00E+00,0.00E+00,0.00E+00,0.00E+00,0.00E+00,0.00E+00,0.00E+00,0.00E+00,0.00E+00,0.00E+00,0.00E+00,1.37E+01,4.74E+00,1.45E+02
0,0,0,0,0,0,0.00E+00,0.00E+00,0.00E+00,0.00E+00,0.00E+00,5.52187911496552,8.49E+00,1,4527,0.00E+00,0.00E+00,0.00E+00,0.00E+00,0.00E+00,0.00E+00,0.00E+00,0.00E+00,0.00E+00,0.00E+00,0.00E+00,0.00E+00,2.92E+01,2.02E+01,1.25E+02
0,0,0,0,0,0,0.00E+00,0.00E+00,0.00E+00,0.00E+00,0.00E+00,-3.67694004597362,1.21E+01,1,4529,0.00E+00,0.00E+00,0.00E+00,0.00E+00,0.00E+00,0.00E+00,0.00E+00,0.00E+00,0.00E+00,0.00E+00,0.00E+00,0.00E+00,9.98E+00,2.34E+01,1.23E+02
0.534090459346771,0.310620188713074,1.13853538036346,1.34943759441376,1.7144740819931,1.34412598609924,8.60E-01,7.73E-01,8.70E-01,8.08E-01,8.18E-01,-1.81323809861481,6.03E+00,1,4532,4.42E+02,2.47E+02,4.44E+02,2.15E+02,4.95E+02,3.05E+02,5.46E+02,2.60E+02,4.86E+02,2.79E+02,5.00E+02,2.52E+02,9.71E+00,1.62E+01,9.81E+01
0.568220198154449,0.30616620182991,1.15520262718201,1.3696209192276,1.7661896944046,1.38629603385925,9.15E-01,7.94E-01,8.88E-01,8.07E-01,8.67E-01,-1.9209222699112,4.27E+00,1,4535,4.17E+02,2.44E+02,4.24E+02,2.16E+02,4.82E+02,3.01E+02,5.33E+02,2.62E+02,4.72E+02,2.75E+02,4.90E+02,2.53E+02,1.67E+00,9.28E+00,4.65E+01
0.543513596057892,0.310182332992554,1.14076995849609,1.37033343315125,1.79032099246979,1.41082346439362,8.76E-01,7.78E-01,8.54E-01,7.62E-01,8.62E-01,-0.537485760040151,9.89E+00,1,4538,4.37E+02,2.47E+02,4.43E+02,2.20E+02,4.84E+02,3.12E+02,5.40E+02,2.73E+02,4.81E+02,2.87E+02,4.97E+02,2.62E+02,3.47E+00,7.48E+00,1.97E+01
0,0,0,0,0,0,0.00E+00,0.00E+00,0.00E+00,0.00E+00,0.00E+00,-1.37497025144728,4.77E+00,1,4541,0.00E+00,0.00E+00,0.00E+00,0.00E+00,0.00E+00,0.00E+00,0.00E+00,0.00E+00,0.00E+00,0.00E+00,0.00E+00,0.00E+00,1.02E+01,3.15E+00,4.65E+01
0,0,0,0,0,0,0.00E+00,0.00E+00,0.00E+00,0.00E+00,0.00E+00,-26.8845353664493,4.01E+01,1,4543,0.00E+00,0.00E+00,0.00E+00,0.00E+00,0.00E+00,0.00E+00,0.00E+00,0.00E+00,0.00E+00,0.00E+00,0.00E+00,0.00E+00,1.79E+01,9.92E+00,6.98E+01
0,0,0,0,0,0,0.00E+00,0.00E+00,0.00E+00,0.00E+00,0.00E+00,-12.9464560657134,3.26E+00,1,4546,0.00E+00,0.00E+00,0.00E+00,0.00E+00,0.00E+00,0.00E+00,0.00E+00,0.00E+00,0.00E+00,0.00E+00,0.00E+00,0.00E+00,1.30E+01,1.50E+01,9.63E+01
0,0,0,0,0,0,0.00E+00,0.00E+00,0.00E+00,0.00E+00,0.00E+00,-25.9074560414747,1.58E+01,1,4549,0.00E+00,0.00E+00,0.00E+00,0.00E+00,0.00E+00,0.00E+00,0.00E+00,0.00E+00,0.00E+00,0.00E+00,0.00E+00,0.00E+00,1.11E+01,1.09E+01,1.06E+02
0,0,0,0,0,0,0.00E+00,0.00E+00,0.00E+00,0.00E+00,0.00E+00,-3.79594698674765,1.54E+01,1,4552,0.00E+00,0.00E+00,0.00E+00,0.00E+00,0.00E+00,0.00E+00,0.00E+00,0.00E+00,0.00E+00,0.00E+00,0.00E+00,0.00E+00,1.31E+01,8.42E+00,9.03E+01
0,0,0,0,0,0,0.00E+00,0.00E+00,0.00E+00,0.00E+00,0.00E+00,25.4145357264572,1.66E+01,1,4555,0.00E+00,0.00E+00,0.00E+00,0.00E+00,0.00E+00,0.00E+00,0.00E+00,0.00E+00,0.00E+00,0.00E+00,0.00E+00,0.00E+00,2.71E+01,1.30E+01,6.61E+01
0,0,0,0,0,0,0.00E+00,0.00E+00,0.00E+00,0.00E+00,0.00E+00,1.17599911888443,1.49E+01,1,4557,0.00E+00,0.00E+00,0.00E+00,0.00E+00,0.00E+00,0.00E+00,0.00E+00,0.00E+00,0.00E+00,0.00E+00,0.00E+00,0.00E+00,2.08E+01,2.35E+01,4.88E+01
0,0,0,0,0,0,0.00E+00,0.00E+00,0.00E+00,0.00E+00,0.00E+00,0.152960860032903,2.86E-01,1,4560,0.00E+00,0.00E+00,0.00E+00,0.00E+00,0.00E+00,0.00E+00,0.00E+00,0.00E+00,0.00E+00,0.00E+00,0.00E+00,0.00E+00,6.95E+00,5.45E+00,2.93E+01
0,0,0,0,0,0,0.00E+00,0.00E+00,0.00E+00,0.00E+00,0.00E+00,-6.12325881114684,1.76E+01,1,4563,0.00E+00,0.00E+00,0.00E+00,0.00E+00,0.00E+00,0.00E+00,0.00E+00,0.00E+00,0.00E+00,0.00E+00,0.00E+00,0.00E+00,5.05E+00,1.18E+01,2.23E+01
0,0,0,0,0,0,0.00E+00,0.00E+00,0.00E+00,0.00E+00,0.00E+00,-8.10192722724288,1.78E+00,1,4566,0.00E+00,0.00E+00,0.00E+00,0.00E+00,0.00E+00,0.00E+00,0.00E+00,0.00E+00,0.00E+00,0.00E+00,0.00E+00,0.00E+00,3.02E+00,8.09E+00,2.98E+01
0,0,0,0,0,0,0.00E+00,0.00E+00,0.00E+00,0.00E+00,0.00E+00,4.91079377952159,7.59E+00,1,4569,0.00E+00,0.00E+00,0.00E+00,0.00E+00,0.00E+00,0.00E+00,0.00E+00,0.00E+00,0.00E+00,0.00E+00,0.00E+00,0.00E+00,1.23E+01,5.22E+00,2.80E+01
0,0,0,0,0,0,0.00E+00,0.00E+00,0.00E+00,0.00E+00,0.00E+00,-1.7940302684568,8.42E+00,1,4571,0.00E+00,0.00E+00,0.00E+00,0.00E+00,0.00E+00,0.00E+00,0.00E+00,0.00E+00,0.00E+00,0.00E+00,0.00E+00,0.00E+00,9.32E+00,1.43E+01,2.26E+01
0,0,0,0,0,0,0.00E+00,0.00E+00,0.00E+00,0.00E+00,0.00E+00,-0.648398782271389,3.61E+00,1,4574,0.00E+00,0.00E+00,0.00E+00,0.00E+00,0.00E+00,0.00E+00,0.00E+00,0.00E+00,0.00E+00,0.00E+00,0.00E+00,0.00E+00,2.25E+00,1.72E+01,1.00E+01
0,0,0,0,0,0,0.00E+00,0.00E+00,0.00E+00,0.00E+00,0.00E+00,-0.070038763137159,4.16E+01,1,4577,0.00E+00,0.00E+00,0.00E+00,0.00E+00,0.00E+00,0.00E+00,0.00E+00,0.00E+00,0.00E+00,0.00E+00,0.00E+00,0.00E+00,5.10E+00,1.12E+01,9.58E+00
0,0,0,0,0,0,0.00E+00,0.00E+00,0.00E+00,0.00E+00,0.00E+00,-26.0133580799066,1.41E+01,1,4580,0.00E+00,0.00E+00,0.00E+00,0.00E+00,0.00E+00,0.00E+00,0.00E+00,0.00E+00,0.00E+00,0.00E+00,0.00E+00,0.00E+00,1.85E+01,7.65E+00,3.88E+01
0,0,0,0,0,0,0.00E+00,0.00E+00,0.00E+00,0.00E+00,0.00E+00,4.56538047644187,3.87E+00,1,4583,0.00E+00,0.00E+00,0.00E+00,0.00E+00,0.00E+00,0.00E+00,0.00E+00,0.00E+00,0.00E+00,0.00E+00,0.00E+00,0.00E+00,9.64E+00,5.39E+00,5.85E+01
0,0,0,0,0,0,0.00E+00,0.00E+00,0.00E+00,0.00E+00,0.00E+00,14.7242234260806,1.74E+01,1,4585,0.00E+00,0.00E+00,0.00E+00,0.00E+00,0.00E+00,0.00E+00,0.00E+00,0.00E+00,0.00E+00,0.00E+00,0.00E+00,0.00E+00,1.46E+01,1.06E+01,7.79E+01
0,0,0,0,0,0,0.00E+00,0.00E+00,0.00E+00,0.00E+00,0.00E+00,1.55569818701811,1.81E+01,1,4588,0.00E+00,0.00E+00,0.00E+00,0.00E+00,0.00E+00,0.00E+00,0.00E+00,0.00E+00,0.00E+00,0.00E+00,0.00E+00,0.00E+00,1.16E+01,2.21E+01,7.74E+01
0,0,0,0,0,0,0.00E+00,0.00E+00,0.00E+00,0.00E+00,0.00E+00,-15.8159346484169,1.03E+00,1,4591,0.00E+00,0.00E+00,0.00E+00,0.00E+00,0.00E+00,0.00E+00,0.00E+00,0.00E+00,0.00E+00,0.00E+00,0.00E+00,0.00E+00,2.06E+01,8.21E+00,8.79E+01
0,0,0,0,0,0,0.00E+00,0.00E+00,0.00E+00,0.00E+00,0.00E+00,-4.0936087076268,1.71E+01,0,4594,0.00E+00,0.00E+00,0.00E+00,0.00E+00,0.00E+00,0.00E+00,0.00E+00,0.00E+00,0.00E+00,0.00E+00,0.00E+00,0.00E+00,6.66E+00,1.67E+01,7.85E+01
0,0,0,0,0,0,0.00E+00,0.00E+00,0.00E+00,0.00E+00,0.00E+00,0.140674473024319,1.06E+01,0,4597,0.00E+00,0.00E+00,0.00E+00,0.00E+00,0.00E+00,0.00E+00,0.00E+00,0.00E+00,0.00E+00,0.00E+00,0.00E+00,0.00E+00,1.55E+01,1.74E+01,6.13E+01
0,0,0,0,0,0,0.00E+00,0.00E+00,0.00E+00,0.00E+00,0.00E+00,-7.33112759591939,6.39E+00,0,4599,0.00E+00,0.00E+00,0.00E+00,0.00E+00,0.00E+00,0.00E+00,0.00E+00,0.00E+00,0.00E+00,0.00E+00,0.00E+00,0.00E+00,1.02E+01,1.52E+01,5.51E+01
0,0,0,0,0,0,0.00E+00,0.00E+00,0.00E+00,0.00E+00,0.00E+00,6.06279591808343,7.38E-01,0,4602,0.00E+00,0.00E+00,0.00E+00,0.00E+00,0.00E+00,0.00E+00,0.00E+00,0.00E+00,0.00E+00,0.00E+00,0.00E+00,0.00E+00,2.32E+00,1.63E+01,5.40E+01
0,0,0,0,0,0,0.00E+00,0.00E+00,0.00E+00,0.00E+00,0.00E+00,-1.92587922316053,2.35E+01,0,4605,0.00E+00,0.00E+00,0.00E+00,0.00E+00,0.00E+00,0.00E+00,0.00E+00,0.00E+00,0.00E+00,0.00E+00,0.00E+00,0.00E+00,6.76E+00,6.31E+00,6.25E+01
0,0,0,0,0,0,0.00E+00,0.00E+00,0.00E+00,0.00E+00,0.00E+00,2.83473185150268,3.92E+00,0,4608,0.00E+00,0.00E+00,0.00E+00,0.00E+00,0.00E+00,0.00E+00,0.00E+00,0.00E+00,0.00E+00,0.00E+00,0.00E+00,0.00E+00,7.95E+00,6.34E+00,6.85E+01
0,0,0,0,0,0,0.00E+00,0.00E+00,0.00E+00,0.00E+00,0.00E+00,21.7548671941115,3.64E+01,0,4611,0.00E+00,0.00E+00,0.00E+00,0.00E+00,0.00E+00,0.00E+00,0.00E+00,0.00E+00,0.00E+00,0.00E+00,0.00E+00,0.00E+00,7.59E+00,1.01E+01,8.11E+01
0,0,0,0,0,0,0.00E+00,0.00E+00,0.00E+00,0.00E+00,0.00E+00,19.3237344135304,2.52E+01,0,4613,0.00E+00,0.00E+00,0.00E+00,0.00E+00,0.00E+00,0.00E+00,0.00E+00,0.00E+00,0.00E+00,0.00E+00,0.00E+00,0.00E+00,1.99E+01,1.05E+01,8.10E+01
0,0,0,0,0,0,0.00E+00,0.00E+00,0.00E+00,0.00E+00,0.00E+00,1.60111079296003,4.11E+01,0,4616,0.00E+00,0.00E+00,0.00E+00,0.00E+00,0.00E+00,0.00E+00,0.00E+00,0.00E+00,0.00E+00,0.00E+00,0.00E+00,0.00E+00,2.18E+01,9.81E+00,7.98E+01
0,0,0,0,0,0,0.00E+00,0.00E+00,0.00E+00,0.00E+00,0.00E+00,1.77870053251243,5.08E+00,0,4619,0.00E+00,0.00E+00,0.00E+00,0.00E+00,0.00E+00,0.00E+00,0.00E+00,0.00E+00,0.00E+00,0.00E+00,0.00E+00,0.00E+00,1.43E+01,1.63E+01,7.07E+01
0,0,0,0,0,0,0.00E+00,0.00E+00,0.00E+00,0.00E+00,0.00E+00,1.87189353379212,1.13E+01,0,4622,0.00E+00,0.00E+00,0.00E+00,0.00E+00,0.00E+00,0.00E+00,0.00E+00,0.00E+00,0.00E+00,0.00E+00,0.00E+00,0.00E+00,2.08E+01,3.43E+01,4.74E+01
0,0,0,0,0,0,0.00E+00,0.00E+00,0.00E+00,0.00E+00,0.00E+00,2.0645765143809,1.64E+01,0,4625,0.00E+00,0.00E+00,0.00E+00,0.00E+00,0.00E+00,0.00E+00,0.00E+00,0.00E+00,0.00E+00,0.00E+00,0.00E+00,0.00E+00,1.54E+01,3.40E+01,3.86E+01
0,0,0,0,0,0,0.00E+00,0.00E+00,0.00E+00,0.00E+00,0.00E+00,1.81178439089184,5.21E+00,0,4627,0.00E+00,0.00E+00,0.00E+00,0.00E+00,0.00E+00,0.00E+00,0.00E+00,0.00E+00,0.00E+00,0.00E+00,0.00E+00,0.00E+00,1.96E+01,1.94E+01,3.91E+01
0,0,0,0,0,0,0.00E+00,0.00E+00,0.00E+00,0.00E+00,0.00E+00,6.50269376969031,4.03E+01,0,4630,0.00E+00,0.00E+00,0.00E+00,0.00E+00,0.00E+00,0.00E+00,0.00E+00,0.00E+00,0.00E+00,0.00E+00,0.00E+00,0.00E+00,8.09E+00,2.81E+01,6.43E+01
0,0,0,0,0,0,0.00E+00,0.00E+00,0.00E+00,0.00E+00,0.00E+00,-7.71031028066383,1.20E+01,0,4633,0.00E+00,0.00E+00,0.00E+00,0.00E+00,0.00E+00,0.00E+00,0.00E+00,0.00E+00,0.00E+00,0.00E+00,0.00E+00,0.00E+00,8.98E+00,2.37E+01,8.38E+01
0,0,0,0,0,0,0.00E+00,0.00E+00,0.00E+00,0.00E+00,0.00E+00,-8.36399000201138,1.55E+01,0,4636,0.00E+00,0.00E+00,0.00E+00,0.00E+00,0.00E+00,0.00E+00,0.00E+00,0.00E+00,0.00E+00,0.00E+00,0.00E+00,0.00E+00,1.55E+01,2.05E+01,1.00E+02
0,0,0,0,0,0,0.00E+00,0.00E+00,0.00E+00,0.00E+00,0.00E+00,-0.980325826691177,4.22E+00,0,4639,0.00E+00,0.00E+00,0.00E+00,0.00E+00,0.00E+00,0.00E+00,0.00E+00,0.00E+00,0.00E+00,0.00E+00,0.00E+00,0.00E+00,7.91E+00,2.98E+01,9.85E+01
0,0,0,0,0,0,0.00E+00,0.00E+00,0.00E+00,0.00E+00,0.00E+00,13.2247567375891,4.98E+01,0,4641,0.00E+00,0.00E+00,0.00E+00,0.00E+00,0.00E+00,0.00E+00,0.00E+00,0.00E+00,0.00E+00,0.00E+00,0.00E+00,0.00E+00,2.21E+01,3.28E+01,6.78E+01
0,0,0,0,0,0,0.00E+00,0.00E+00,0.00E+00,0.00E+00,0.00E+00,-31.105262149691,4.20E+01,0,4644,0.00E+00,0.00E+00,0.00E+00,0.00E+00,0.00E+00,0.00E+00,0.00E+00,0.00E+00,0.00E+00,0.00E+00,0.00E+00,0.00E+00,1.52E+01,2.52E+01,3.32E+01
0,0,0,0,0,0,0.00E+00,0.00E+00,0.00E+00,0.00E+00,0.00E+00,0.623581126953616,1.33E+01,0,4647,0.00E+00,0.00E+00,0.00E+00,0.00E+00,0.00E+00,0.00E+00,0.00E+00,0.00E+00,0.00E+00,0.00E+00,0.00E+00,0.00E+00,6.65E+01,4.95E+01,3.12E+01
0,0,0,0,0,0,0.00E+00,0.00E+00,0.00E+00,0.00E+00,0.00E+00,-8.59936706911735,5.70E+01,0,4650,0.00E+00,0.00E+00,0.00E+00,0.00E+00,0.00E+00,0.00E+00,0.00E+00,0.00E+00,0.00E+00,0.00E+00,0.00E+00,0.00E+00,1.73E+01,6.96E+01,1.17E+02
0,0,0,0,0,0,0.00E+00,0.00E+00,0.00E+00,0.00E+00,0.00E+00,27.290292086544,9.74E+00,0,4653,0.00E+00,0.00E+00,0.00E+00,0.00E+00,0.00E+00,0.00E+00,0.00E+00,0.00E+00,0.00E+00,0.00E+00,0.00E+00,0.00E+00,4.47E+01,3.58E+01,2.03E+02
0,0,0,0,0,0,0.00E+00,0.00E+00,0.00E+00,0.00E+00,0.00E+00,-5.52210621173889,6.05E+01,0,4655,0.00E+00,0.00E+00,0.00E+00,0.00E+00,0.00E+00,0.00E+00,0.00E+00,0.00E+00,0.00E+00,0.00E+00,0.00E+00,0.00E+00,4.75E+01,5.25E+01,2.76E+02
0,0,0,0,0,0,0.00E+00,0.00E+00,0.00E+00,0.00E+00,0.00E+00,21.6497494506028,1.02E+02,0,4658,0.00E+00,0.00E+00,0.00E+00,0.00E+00,0.00E+00,0.00E+00,0.00E+00,0.00E+00,0.00E+00,0.00E+00,0.00E+00,0.00E+00,6.42E+01,9.12E+00,3.60E+02
0,0,0,0,0,0,0.00E+00,0.00E+00,0.00E+00,0.00E+00,0.00E+00,46.1224404169409,4.52E+01,0,4661,0.00E+00,0.00E+00,0.00E+00,0.00E+00,0.00E+00,0.00E+00,0.00E+00,0.00E+00,0.00E+00,0.00E+00,0.00E+00,0.00E+00,3.85E+01,2.55E+01,4.48E+02
0,0,0,0,0,0,0.00E+00,0.00E+00,0.00E+00,0.00E+00,0.00E+00,2.37806762709452,1.13E+01,0,4664,0.00E+00,0.00E+00,0.00E+00,0.00E+00,0.00E+00,0.00E+00,0.00E+00,0.00E+00,0.00E+00,0.00E+00,0.00E+00,0.00E+00,5.13E+01,4.27E+01,5.11E+02
0,0,0,0,0,0,0.00E+00,0.00E+00,0.00E+00,0.00E+00,0.00E+00,-0.95086257571134,1.10E+01,0,4667,0.00E+00,0.00E+00,0.00E+00,0.00E+00,0.00E+00,0.00E+00,0.00E+00,0.00E+00,0.00E+00,0.00E+00,0.00E+00,0.00E+00,2.94E+01,5.76E+01,5.39E+02
0.564092397689819,0.31096288561821,1.28266537189484,1.33117973804474,1.53779232501984,1.15270066261292,9.20E-01,8.10E-01,8.87E-01,8.12E-01,7.82E-01,1.05582261063185,4.17E+00,0,4669,2.31E+02,2.41E+02,2.48E+02,2.57E+02,1.75E+02,3.12E+02,2.35E+02,3.62E+02,1.95E+02,3.01E+02,2.15E+02,3.08E+02,1.86E+01,5.10E+01,5.46E+02
0,0,0,0,0,0,0.00E+00,0.00E+00,0.00E+00,0.00E+00,0.00E+00,5.13589186150244,7.07E+01,0,4672,0.00E+00,0.00E+00,0.00E+00,0.00E+00,0.00E+00,0.00E+00,0.00E+00,0.00E+00,0.00E+00,0.00E+00,0.00E+00,0.00E+00,3.15E+01,6.88E+01,5.10E+02
0,0,0,0,0,0,0.00E+00,0.00E+00,0.00E+00,0.00E+00,0.00E+00,0.858600845561359,5.69E+01,0,4675,0.00E+00,0.00E+00,0.00E+00,0.00E+00,0.00E+00,0.00E+00,0.00E+00,0.00E+00,0.00E+00,0.00E+00,0.00E+00,0.00E+00,1.33E+01,3.00E+01,4.67E+02
0,0,0,0,0,0,0.00E+00,0.00E+00,0.00E+00,0.00E+00,0.00E+00,-0.705591286001952,3.62E+01,0,4678,0.00E+00,0.00E+00,0.00E+00,0.00E+00,0.00E+00,0.00E+00,0.00E+00,0.00E+00,0.00E+00,0.00E+00,0.00E+00,0.00E+00,1.14E+01,1.97E+01,4.38E+02
0,0,0,0,0,0,0.00E+00,0.00E+00,0.00E+00,0.00E+00,0.00E+00,0.870504658309122,1.03E+01,0,4681,0.00E+00,0.00E+00,0.00E+00,0.00E+00,0.00E+00,0.00E+00,0.00E+00,0.00E+00,0.00E+00,0.00E+00,0.00E+00,0.00E+00,9.42E+00,1.22E+01,4.49E+02
0,0,0,0,0,0,0.00E+00,0.00E+00,0.00E+00,0.00E+00,0.00E+00,-0.426846620665776,2.98E+01,0,4683,0.00E+00,0.00E+00,0.00E+00,0.00E+00,0.00E+00,0.00E+00,0.00E+00,0.00E+00,0.00E+00,0.00E+00,0.00E+00,0.00E+00,1.89E+01,1.29E+01,4.63E+02
0,0,0,0,0,0,0.00E+00,0.00E+00,0.00E+00,0.00E+00,0.00E+00,-4.21039509515716,5.55E+00,0,4686,0.00E+00,0.00E+00,0.00E+00,0.00E+00,0.00E+00,0.00E+00,0.00E+00,0.00E+00,0.00E+00,0.00E+00,0.00E+00,0.00E+00,6.69E+00,2.16E+01,4.95E+02
0,0,0,0,0,0,0.00E+00,0.00E+00,0.00E+00,0.00E+00,0.00E+00,12.2787999095932,6.06E+01,0,4689,0.00E+00,0.00E+00,0.00E+00,0.00E+00,0.00E+00,0.00E+00,0.00E+00,0.00E+00,0.00E+00,0.00E+00,0.00E+00,0.00E+00,2.36E+01,2.11E+01,4.82E+02
0,0,0,0,0,0,0.00E+00,0.00E+00,0.00E+00,0.00E+00,0.00E+00,7.39288199630293,4.44E+01,0,4692,0.00E+00,0.00E+00,0.00E+00,0.00E+00,0.00E+00,0.00E+00,0.00E+00,0.00E+00,0.00E+00,0.00E+00,0.00E+00,0.00E+00,3.11E+01,3.03E+01,4.55E+02
0,0,0,0,0,0,0.00E+00,0.00E+00,0.00E+00,0.00E+00,0.00E+00,13.5079561475619,3.70E+01,0,4695,0.00E+00,0.00E+00,0.00E+00,0.00E+00,0.00E+00,0.00E+00,0.00E+00,0.00E+00,0.00E+00,0.00E+00,0.00E+00,0.00E+00,2.29E+01,4.42E+01,3.76E+02
0,0,0,0,0,0,0.00E+00,0.00E+00,0.00E+00,0.00E+00,0.00E+00,-0.79262639692272,1.18E+01,0,4697,0.00E+00,0.00E+00,0.00E+00,0.00E+00,0.00E+00,0.00E+00,0.00E+00,0.00E+00,0.00E+00,0.00E+00,0.00E+00,0.00E+00,1.73E+01,3.26E+01,3.34E+02
0.597531974315643,0.331831067800522,1.18937182426453,1.24629735946655,1.44036984443665,1.08678221702576,8.67E-01,8.36E-01,9.19E-01,8.36E-01,8.50E-01,17.5614774071366,1.63E+01,0,4700,4.35E+02,1.06E+02,4.09E+02,7.16E+01,3.62E+02,1.53E+02,4.34E+02,1.69E+02,3.79E+02,1.33E+02,4.07E+02,1.24E+02,1.05E+01,2.45E+01,2.64E+02
0.538185060024262,0.293520510196686,1.23994314670563,1.30794632434845,1.56787300109863,1.18284058570862,8.86E-01,8.51E-01,8.89E-01,8.21E-01,8.19E-01,-3.20330529228351,1.01E+01,0,4703,5.45E+02,2.83E+02,5.33E+02,3.21E+02,4.71E+02,3.87E+02,5.35E+02,4.29E+02,4.90E+02,3.72E+02,5.17E+02,3.82E+02,1.41E+01,1.26E+01,2.39E+02
0.555060267448425,0.270454794168472,1.21867525577545,1.31133723258972,1.582239985466,1.21450769901276,8.61E-01,7.28E-01,8.78E-01,7.24E-01,8.40E-01,4.43798582724711,7.13E+00,0,4706,5.58E+02,2.81E+02,5.57E+02,3.01E+02,4.82E+02,3.53E+02,5.34E+02,4.03E+02,5.06E+02,3.44E+02,5.21E+02,3.52E+02,1.89E+00,1.68E+01,2.61E+02
0.520668983459473,0.286902636289597,1.15146923065186,1.29681193828583,1.55103480815887,1.27815902233124,8.20E-01,7.41E-01,8.49E-01,7.76E-01,8.07E-01,-0.396030668397275,2.67E+00,0,4709,5.80E+02,2.76E+02,5.60E+02,3.01E+02,4.84E+02,3.63E+02,5.35E+02,4.07E+02,5.06E+02,3.49E+02,5.23E+02,3.57E+02,3.20E+00,2.19E+01,3.01E+02
0,0,0,0,0,0,0.00E+00,0.00E+00,0.00E+00,0.00E+00,0.00E+00,20.6166074453908,3.40E+01,0,4711,0.00E+00,0.00E+00,0.00E+00,0.00E+00,0.00E+00,0.00E+00,0.00E+00,0.00E+00,0.00E+00,0.00E+00,0.00E+00,0.00E+00,2.58E+01,3.05E+01,3.30E+02
0.522610127925873,0.31642946600914,1.16732406616211,1.26105976104736,1.57848525047302,1.299147605896,8.60E-01,8.02E-01,8.66E-01,8.40E-01,7.99E-01,-5.66946844225187,7.83E+00,0,4714,2.21E+02,2.45E+02,2.57E+02,2.61E+02,1.96E+02,3.44E+02,2.84E+02,3.72E+02,2.17E+02,3.24E+02,2.65E+02,3.29E+02,2.56E+01,1.58E+01,3.44E+02
0.532239139080048,0.324842244386673,1.17698121070862,1.28075790405273,1.49330186843872,1.48856723308563,8.76E-01,7.63E-01,9.01E-01,8.25E-01,7.66E-01,-3.81565270549951,3.16E+00,0,4717,1.86E+02,2.60E+02,2.10E+02,2.93E+02,1.49E+02,3.70E+02,2.33E+02,3.93E+02,1.70E+02,3.54E+02,2.07E+02,3.55E+02,2.07E+00,1.03E+01,3.55E+02
0.549968361854553,0.313555806875229,1.07182192802429,1.34398901462555,1.48796713352203,1.04853427410126,9.03E-01,8.30E-01,9.10E-01,8.62E-01,8.14E-01,-0.462167124845209,8.50E+00,0,4720,2.48E+02,1.79E+02,2.29E+02,2.02E+02,1.66E+02,2.80E+02,2.28E+02,3.13E+02,1.83E+02,2.60E+02,2.13E+02,2.65E+02,6.41E+00,6.50E+00,3.38E+02
0.550878465175629,0.309649109840393,1.1321177482605,1.32996118068695,1.60885047912598,1.30849385261536,8.50E-01,7.30E-01,8.78E-01,7.83E-01,8.22E-01,0.236445153086184,1.26E+01,0,4723,2.72E+02,1.92E+02,2.75E+02,2.08E+02,1.96E+02,2.64E+02,2.43E+02,3.12E+02,2.19E+02,2.49E+02,2.34E+02,2.59E+02,4.51E+00,4.33E+00,3.01E+02
0.574100196361542,0.289065420627594,1.19291973114014,1.30869543552399,1.63171815872192,1.14997327327728,8.06E-01,7.90E-01,9.15E-01,7.94E-01,8.42E-01,0.039058343290878,4.72E+00,0,4725,3.54E+02,1.91E+02,4.24E+02,2.39E+02,3.57E+02,3.06E+02,4.24E+02,3.45E+02,3.78E+02,2.92E+02,4.04E+02,2.96E+02,7.08E+00,8.23E+00,2.83E+02
0.516733586788178,0.306038856506348,1.19358110427856,1.32590281963348,1.8130214214325,1.13624453544617,8.29E-01,7.75E-01,8.45E-01,8.33E-01,7.87E-01,0.678738545595777,4.93E+00,0,4728,3.18E+02,2.26E+02,2.90E+02,2.71E+02,2.43E+02,3.46E+02,3.26E+02,3.65E+02,2.58E+02,3.33E+02,2.92E+02,3.30E+02,4.77E+00,3.06E+00,2.27E+02
0.595462322235107,0.298059463500977,1.11384999752045,1.33872246742249,1.59840619564056,1.33406054973602,8.89E-01,8.08E-01,8.95E-01,8.31E-01,7.87E-01,1.36395447940373,2.49E+01,0,4731,2.82E+02,2.25E+02,2.44E+02,2.44E+02,1.71E+02,2.96E+02,2.27E+02,3.46E+02,1.91E+02,2.85E+02,2.14E+02,2.99E+02,1.36E+01,1.09E+01,1.78E+02
0.563959181308746,0.344445586204529,1.08520519733429,1.40329694747925,1.27742660045624,1.0535888671875,8.19E-01,7.50E-01,8.64E-01,8.90E-01,8.32E-01,0.944397760516778,3.25E+00,0,4734,2.81E+02,2.12E+02,3.24E+02,2.44E+02,2.02E+02,2.97E+02,2.89E+02,3.43E+02,2.39E+02,2.82E+02,2.88E+02,2.88E+02,7.65E+00,1.81E+01,1.29E+02
0.551206767559052,0.317974895238876,1.11884582042694,1.32150733470917,1.51452040672302,1.170161485672,8.48E-01,8.17E-01,9.40E-01,8.07E-01,8.48E-01,-3.33858683382749,3.00E-01,0,4737,3.12E+02,2.04E+02,2.99E+02,2.45E+02,2.36E+02,3.10E+02,3.01E+02,3.56E+02,2.55E+02,2.95E+02,2.77E+02,3.06E+02,2.01E+00,1.60E+01,1.02E+02
0,0,0,0,0,0,0.00E+00,0.00E+00,0.00E+00,0.00E+00,0.00E+00,5.53028541281179,6.27E+00,0,4739,0.00E+00,0.00E+00,0.00E+00,0.00E+00,0.00E+00,0.00E+00,0.00E+00,0.00E+00,0.00E+00,0.00E+00,0.00E+00,0.00E+00,1.17E+01,2.42E+00,8.20E+01
0.577973544597626,0.308743625879288,1.08750748634338,1.29840862751007,1.50353837013245,1.12402296066284,8.30E-01,8.21E-01,9.28E-01,7.94E-01,8.14E-01,0.016876968636178,2.24E+00,0,4742,3.07E+02,3.28E+02,3.04E+02,3.41E+02,2.30E+02,4.20E+02,2.89E+02,4.48E+02,2.53E+02,4.02E+02,2.78E+02,4.01E+02,2.55E+00,9.55E+00,6.57E+01
0.59710168838501,0.297199070453644,1.16522443294525,1.27396047115326,1.55794107913971,1.29657530784607,8.10E-01,7.21E-01,8.83E-01,7.59E-01,7.86E-01,0.153975073344059,6.52E+00,0,4745,3.08E+02,3.35E+02,2.93E+02,3.72E+02,2.36E+02,4.45E+02,2.99E+02,4.79E+02,2.52E+02,4.25E+02,2.80E+02,4.32E+02,4.45E+00,6.02E+00,6.58E+01
0.555410027503967,0.293093591928482,1.09766674041748,1.29903197288513,1.52415430545807,1.18679058551788,8.24E-01,7.04E-01,8.84E-01,8.29E-01,8.08E-01,-1.01272727952768,6.19E+00,0,4748,3.38E+02,3.25E+02,3.13E+02,3.49E+02,2.36E+02,4.18E+02,2.90E+02,4.54E+02,2.57E+02,4.00E+02,2.78E+02,4.04E+02,5.85E+00,3.90E+00,6.20E+01
0.536845564842224,0.303013950586319,1.11293017864227,1.28504121303558,1.56383490562439,1.3469979763031,8.60E-01,7.50E-01,8.91E-01,8.01E-01,7.83E-01,-0.260958566308485,4.35E+00,0,4751,3.20E+02,3.31E+02,3.01E+02,3.67E+02,2.32E+02,4.40E+02,2.92E+02,4.71E+02,2.50E+02,4.22E+02,2.78E+02,4.23E+02,5.00E+00,1.12E+00,6.73E+01
0.548916399478912,0.323098570108414,1.0717169046402,1.2931215763092,1.3881276845932,1.1122225522995,8.41E-01,8.11E-01,9.13E-01,8.60E-01,8.05E-01,-9.29273928712574,2.24E+01,1,4753,3.01E+02,3.48E+02,2.91E+02,3.57E+02,2.28E+02,4.51E+02,2.82E+02,4.59E+02,2.48E+02,4.24E+02,2.70E+02,4.12E+02,3.18E+00,3.08E+00,6.12E+01
0.583624482154846,0.316591590642929,1.07313859462738,1.28969120979309,1.47077870368958,1.16389966011047,9.20E-01,8.53E-01,8.65E-01,8.09E-01,7.69E-01,27.8940780087438,8.45E+01,1,4756,2.96E+02,3.51E+02,2.88E+02,3.54E+02,2.27E+02,4.45E+02,2.78E+02,4.60E+02,2.41E+02,4.20E+02,2.65E+02,4.15E+02,5.59E+00,2.86E+00,5.18E+01
0.547462344169617,0.308332204818726,1.06942081451416,1.25305342674255,1.49868834018707,1.0484824180603,8.31E-01,7.60E-01,8.79E-01,7.50E-01,8.02E-01,-0.617886792074137,2.04E+01,1,4759,3.32E+02,3.41E+02,3.01E+02,3.66E+02,2.26E+02,4.38E+02,2.86E+02,4.68E+02,2.46E+02,4.19E+02,2.76E+02,4.17E+02,2.17E+01,3.79E+00,4.16E+01
0.563587248325348,0.295140564441681,1.08807909488678,1.31152164936066,1.4932975769043,1.16518187522888,8.74E-01,7.83E-01,8.65E-01,8.30E-01,8.73E-01,-0.287180396901537,2.72E+00,1,4762,3.33E+02,3.15E+02,3.24E+02,3.26E+02,2.35E+02,4.09E+02,2.92E+02,4.30E+02,2.56E+02,3.85E+02,2.92E+02,3.78E+02,3.54E+00,1.07E+00,2.62E+01
0.54071581363678,0.312425374984741,1.11755549907684,1.11253559589386,1.46881437301636,1.08419585227966,8.20E-01,8.87E-01,9.10E-01,8.06E-01,8.47E-01,18.0876018283401,3.68E+01,1,4765,2.98E+02,3.43E+02,3.01E+02,3.90E+02,2.36E+02,4.58E+02,3.27E+02,4.48E+02,2.55E+02,4.41E+02,2.80E+02,4.47E+02,3.45E+00,2.65E+00,1.90E+01
0.573543608188629,0.306913733482361,1.11555552482605,1.23794150352478,1.50930619239807,1.20722424983978,8.58E-01,8.03E-01,8.66E-01,7.79E-01,8.27E-01,0.354369672991112,5.51E+00,1,4767,3.19E+02,3.28E+02,3.10E+02,3.73E+02,2.31E+02,4.32E+02,2.90E+02,4.80E+02,2.55E+02,4.17E+02,2.78E+02,4.34E+02,8.74E+00,8.02E+00,2.37E+01
0.604713439941406,0.304055452346802,1.11764705181122,1.22596418857574,1.50043714046478,1.28754365444183,8.51E-01,7.95E-01,9.06E-01,7.97E-01,8.51E-01,-0.094280811163503,1.52E+01,1,4770,3.59E+02,3.48E+02,3.14E+02,3.82E+02,2.36E+02,4.42E+02,2.89E+02,4.87E+02,2.58E+02,4.26E+02,2.78E+02,4.37E+02,3.15E+00,9.95E+00,2.80E+01
0.563063561916351,0.300660818815231,1.10407364368439,1.18713617324829,1.58290386199951,1.18465983867645,8.33E-01,8.52E-01,8.99E-01,8.25E-01,8.22E-01,-1.31277407444929,2.70E+00,1,4773,3.73E+02,3.16E+02,3.22E+02,3.27E+02,2.57E+02,4.04E+02,3.15E+02,4.29E+02,2.76E+02,3.86E+02,2.98E+02,3.80E+02,4.73E+00,3.79E+00,3.34E+01
0.533837735652924,0.303700119256973,1.12373173236847,1.21422863006592,1.587073802948,1.14458429813385,8.62E-01,8.35E-01,8.72E-01,8.16E-01,8.52E-01,1.52195589122343,1.24E+00,1,4776,3.81E+02,2.98E+02,3.06E+02,3.07E+02,2.39E+02,3.77E+02,2.99E+02,4.16E+02,2.55E+02,3.63E+02,2.80E+02,3.67E+02,5.04E+00,3.87E+00,3.63E+01
0.606993615627289,0.305780440568924,1.14003920555115,1.18590402603149,1.57324171066284,1.37709784507751,8.55E-01,7.52E-01,9.04E-01,7.36E-01,8.43E-01,0.135522224112414,1.22E+01,1,4779,5.26E+02,2.98E+02,5.07E+02,3.00E+02,4.34E+02,3.69E+02,4.87E+02,4.01E+02,4.59E+02,3.52E+02,4.75E+02,3.54E+02,9.35E+00,1.06E+01,3.96E+01
0.574255883693695,0.287546664476395,1.11794245243073,1.20857489109039,1.7321697473526,1.31900084018707,8.75E-01,8.08E-01,8.98E-01,8.14E-01,7.90E-01,-0.966755722251411,8.10E+00,1,4781,3.19E+02,3.22E+02,3.62E+02,3.42E+02,3.18E+02,4.24E+02,3.92E+02,4.40E+02,3.33E+02,4.04E+02,3.68E+02,4.02E+02,5.18E+00,1.74E+01,3.46E+01
0.561144590377808,0.292312264442444,1.11158990859985,1.28285789489746,1.53378295898438,1.16881191730499,8.59E-01,7.99E-01,8.70E-01,7.69E-01,8.63E-01,-2.19545179039985,7.31E+00,1,4784,3.42E+02,2.32E+02,3.48E+02,2.43E+02,2.63E+02,3.11E+02,3.09E+02,3.45E+02,2.86E+02,2.94E+02,3.07E+02,2.97E+02,4.31E+00,1.28E+01,2.74E+01
0.471536666154861,0.303558558225632,1.08718013763428,1.20182836055756,1.63043999671936,1.45593690872192,8.63E-01,7.91E-01,8.50E-01,7.78E-01,7.45E-01,5.12960981109473,8.30E+00,1,4787,3.65E+02,2.72E+02,3.63E+02,2.59E+02,2.73E+02,3.24E+02,3.23E+02,3.58E+02,2.98E+02,3.07E+02,3.21E+02,3.11E+02,2.32E+00,1.90E+00,9.23E+00
0.567329525947571,0.298327833414078,1.13590240478516,1.25403428077698,1.6042445898056,1.22700250148773,8.67E-01,8.18E-01,8.92E-01,7.99E-01,8.75E-01,0.409829989034983,2.38E+00,1,4790,5.21E+02,2.77E+02,5.21E+02,2.86E+02,4.41E+02,3.50E+02,4.98E+02,3.88E+02,4.66E+02,3.35E+02,4.89E+02,3.42E+02,8.58E+00,7.64E+00,1.02E+01
0,0,0,0,0,0,0.00E+00,0.00E+00,0.00E+00,0.00E+00,0.00E+00,-0.168472109555903,1.15E+01,1,4793,0.00E+00,0.00E+00,0.00E+00,0.00E+00,0.00E+00,0.00E+00,0.00E+00,0.00E+00,0.00E+00,0.00E+00,0.00E+00,0.00E+00,2.10E+00,9.27E+00,3.08E+01
0.588945090770721,0.293844312429428,1.04402041435242,1.21364080905914,1.52145171165466,1.32429695129395,8.45E-01,7.97E-01,8.71E-01,7.72E-01,8.75E-01,1.28053898874642,1.48E+01,1,4795,3.06E+02,2.97E+02,3.22E+02,3.08E+02,2.41E+02,3.86E+02,2.94E+02,4.14E+02,2.66E+02,3.64E+02,2.88E+02,3.67E+02,6.80E+00,9.60E+00,3.71E+01
0.572985589504242,0.284355491399765,1.13074481487274,1.18581509590149,1.45613169670105,1.26359164714813,8.38E-01,8.32E-01,9.01E-01,7.73E-01,1.07E+00,1.15027397507878,1.06E-01,1,4798,3.56E+02,3.42E+02,3.46E+02,3.48E+02,2.65E+02,3.98E+02,3.13E+02,4.41E+02,2.91E+02,3.88E+02,3.09E+02,3.95E+02,9.17E-01,5.85E+00,4.08E+01
0.536949157714844,0.290475010871887,1.11467432975769,1.20763123035431,1.51516437530518,1.40955972671509,8.61E-01,8.10E-01,8.59E-01,7.98E-01,8.09E-01,2.1265383205918,5.47E+00,1,4801,3.09E+02,3.71E+02,2.97E+02,4.01E+02,2.25E+02,4.66E+02,2.89E+02,5.06E+02,2.46E+02,4.51E+02,2.76E+02,4.59E+02,4.30E+00,3.31E+00,2.96E+01
0.515663802623749,0.293487459421158,1.07664465904236,1.1723165512085,1.44833087921143,1.23128283023834,8.54E-01,7.65E-01,8.59E-01,7.93E-01,8.11E-01,1.9636768256854,1.00E+00,1,4804,3.46E+02,4.23E+02,3.19E+02,4.18E+02,2.35E+02,4.85E+02,2.94E+02,5.17E+02,2.59E+02,4.64E+02,2.78E+02,4.64E+02,1.41E+00,2.58E+00,1.85E+01
0.560968637466431,0.294527977705002,1.1583069562912,1.13186180591583,1.60057783126831,1.33792471885681,8.54E-01,7.86E-01,8.84E-01,7.92E-01,8.76E-01,-0.292729317414981,4.51E+00,1,4807,4.28E+02,3.74E+02,3.92E+02,4.05E+02,3.07E+02,4.54E+02,3.57E+02,5.06E+02,3.31E+02,4.43E+02,3.53E+02,4.57E+02,5.67E+00,5.93E+00,7.46E+00
0.521741688251495,0.305174648761749,1.12101590633392,1.17711842060089,1.59704756736755,1.25614893436432,8.50E-01,7.94E-01,8.50E-01,7.99E-01,8.19E-01,-11.7697189550585,4.56E+00,1,4809,4.26E+02,3.33E+02,4.30E+02,3.76E+02,3.40E+02,4.41E+02,4.13E+02,4.82E+02,3.66E+02,4.23E+02,4.09E+02,4.35E+02,4.18E+00,7.63E+00,2.58E+01
0.559969544410706,0.306822806596756,1.05895483493805,1.15595018863678,1.46897339820862,1.21407473087311,8.18E-01,8.44E-01,9.20E-01,7.79E-01,7.95E-01,0.555955459170312,3.16E+00,1,4812,3.02E+02,3.53E+02,2.92E+02,3.43E+02,2.41E+02,4.41E+02,3.01E+02,4.47E+02,2.55E+02,4.14E+02,2.81E+02,4.04E+02,1.26E+00,5.28E+00,4.58E+01
0.587323009967804,0.285641074180603,1.10537397861481,1.16849398612976,1.53246903419495,1.34055471420288,7.79E-01,7.55E-01,8.81E-01,7.69E-01,8.06E-01,-1.3363466234511,2.08E+01,1,4815,3.46E+02,3.37E+02,3.26E+02,3.45E+02,2.54E+02,4.03E+02,3.07E+02,4.47E+02,2.78E+02,3.91E+02,2.95E+02,4.03E+02,6.64E+00,2.25E+00,5.50E+01
0.557931244373322,0.295788317918777,1.0942919254303,1.13593649864197,1.66895759105682,1.23354828357697,8.64E-01,8.08E-01,8.90E-01,7.98E-01,7.96E-01,0.435926895382366,1.48E+01,1,4818,3.11E+02,3.42E+02,3.24E+02,3.60E+02,2.67E+02,4.40E+02,3.45E+02,4.64E+02,2.88E+02,4.21E+02,3.32E+02,4.20E+02,4.06E+00,1.67E+00,6.50E+01
0.48161193728447,0.279302060604095,1.09725832939148,1.14468657970428,1.72836005687714,1.11058390140533,6.80E-01,8.30E-01,7.79E-01,7.33E-01,7.61E-01,-2.27403572940448,3.42E+01,1,4821,3.80E+02,4.55E+02,4.05E+02,4.15E+02,3.54E+02,4.92E+02,4.35E+02,5.14E+02,3.74E+02,4.74E+02,4.13E+02,4.63E+02,1.63E+01,6.57E+00,5.80E+01
0,0,0,0,0,0,0.00E+00,0.00E+00,0.00E+00,0.00E+00,0.00E+00,-5.16496380363052,1.41E+01,1,4823,0.00E+00,0.00E+00,0.00E+00,0.00E+00,0.00E+00,0.00E+00,0.00E+00,0.00E+00,0.00E+00,0.00E+00,0.00E+00,0.00E+00,1.72E+01,1.18E+01,5.66E+01
0,0,0,0,0,0,0.00E+00,0.00E+00,0.00E+00,0.00E+00,0.00E+00,-7.99755997461461,2.80E+01,1,4826,0.00E+00,0.00E+00,0.00E+00,0.00E+00,0.00E+00,0.00E+00,0.00E+00,0.00E+00,0.00E+00,0.00E+00,0.00E+00,0.00E+00,2.85E+01,3.34E+01,4.05E+01
0,0,0,0,0,0,0.00E+00,0.00E+00,0.00E+00,0.00E+00,0.00E+00,-2.95402289211028,1.03E+01,1,4829,0.00E+00,0.00E+00,0.00E+00,0.00E+00,0.00E+00,0.00E+00,0.00E+00,0.00E+00,0.00E+00,0.00E+00,0.00E+00,0.00E+00,7.29E+00,4.15E+01,4.21E+01
0,0,0,0,0,0,0.00E+00,0.00E+00,0.00E+00,0.00E+00,0.00E+00,1.73105683680403,8.50E+00,1,4832,0.00E+00,0.00E+00,0.00E+00,0.00E+00,0.00E+00,0.00E+00,0.00E+00,0.00E+00,0.00E+00,0.00E+00,0.00E+00,0.00E+00,8.10E+00,2.53E+01,7.85E+01
0,0,0,0,0,0,0.00E+00,0.00E+00,0.00E+00,0.00E+00,0.00E+00,1.6960701006548,3.33E+01,0,4835,0.00E+00,0.00E+00,0.00E+00,0.00E+00,0.00E+00,0.00E+00,0.00E+00,0.00E+00,0.00E+00,0.00E+00,0.00E+00,0.00E+00,8.76E+00,1.52E+01,1.34E+02
0,0,0,0,0,0,0.00E+00,0.00E+00,0.00E+00,0.00E+00,0.00E+00,-20.0499596744707,1.49E+01,0,4837,0.00E+00,0.00E+00,0.00E+00,0.00E+00,0.00E+00,0.00E+00,0.00E+00,0.00E+00,0.00E+00,0.00E+00,0.00E+00,0.00E+00,1.75E+01,1.03E+01,1.73E+02
0,0,0,0,0,0,0.00E+00,0.00E+00,0.00E+00,0.00E+00,0.00E+00,5.41258656392873,2.54E+01,0,4840,0.00E+00,0.00E+00,0.00E+00,0.00E+00,0.00E+00,0.00E+00,0.00E+00,0.00E+00,0.00E+00,0.00E+00,0.00E+00,0.00E+00,2.17E+01,1.33E+01,2.22E+02
0,0,0,0,0,0,0.00E+00,0.00E+00,0.00E+00,0.00E+00,0.00E+00,3.22308238375366,4.17E+00,0,4843,0.00E+00,0.00E+00,0.00E+00,0.00E+00,0.00E+00,0.00E+00,0.00E+00,0.00E+00,0.00E+00,0.00E+00,0.00E+00,0.00E+00,2.65E+00,2.66E+01,2.61E+02
0.648484230041504,0.32391345500946,1.10632836818695,1.11041402816772,1.53398251533508,1.24463534355164,8.59E-01,8.38E-01,9.11E-01,7.94E-01,8.45E-01,-0.884922027200859,1.88E+00,0,4846,4.07E+02,1.20E+02,4.11E+02,8.51E+01,3.28E+02,1.44E+02,3.83E+02,1.83E+02,3.52E+02,1.31E+02,3.79E+02,1.33E+02,1.89E+00,1.34E+01,2.72E+02
0,0,0,0,0,0,0.00E+00,0.00E+00,0.00E+00,0.00E+00,0.00E+00,1.13996087103305,2.01E+01,0,4849,0.00E+00,0.00E+00,0.00E+00,0.00E+00,0.00E+00,0.00E+00,0.00E+00,0.00E+00,0.00E+00,0.00E+00,0.00E+00,0.00E+00,3.85E+00,2.80E+00,2.57E+02
0,0,0,0,0,0,0.00E+00,0.00E+00,0.00E+00,0.00E+00,0.00E+00,5.62387669636121,8.93E+00,0,4851,0.00E+00,0.00E+00,0.00E+00,0.00E+00,0.00E+00,0.00E+00,0.00E+00,0.00E+00,0.00E+00,0.00E+00,0.00E+00,0.00E+00,2.77E+00,6.14E+00,2.43E+02
0,0,0,0,0,0,0.00E+00,0.00E+00,0.00E+00,0.00E+00,0.00E+00,-0.593076439892561,1.98E+01,0,4854,0.00E+00,0.00E+00,0.00E+00,0.00E+00,0.00E+00,0.00E+00,0.00E+00,0.00E+00,0.00E+00,0.00E+00,0.00E+00,0.00E+00,7.34E+00,3.91E+00,2.02E+02
0,0,0,0,0,0,0.00E+00,0.00E+00,0.00E+00,0.00E+00,0.00E+00,-0.223496842823848,5.49E+00,0,4857,0.00E+00,0.00E+00,0.00E+00,0.00E+00,0.00E+00,0.00E+00,0.00E+00,0.00E+00,0.00E+00,0.00E+00,0.00E+00,0.00E+00,3.11E+00,4.85E+00,1.68E+02
0.57798033952713,0.33314773440361,1.1679151058197,1.17779588699341,1.49527060985565,1.489497423172,9.61E-01,7.78E-01,8.53E-01,8.01E-01,1.05E+00,0.279163038313506,2.05E+01,0,4860,2.34E+02,5.13E+02,2.82E+02,5.70E+02,2.28E+02,6.47E+02,3.03E+02,6.74E+02,2.47E+02,6.32E+02,2.74E+02,6.32E+02,8.19E+00,3.84E+00,1.44E+02
0,0,0,0,0,0,0.00E+00,0.00E+00,0.00E+00,0.00E+00,0.00E+00,-1.2869349120412,4.95E+00,0,4863,0.00E+00,0.00E+00,0.00E+00,0.00E+00,0.00E+00,0.00E+00,0.00E+00,0.00E+00,0.00E+00,0.00E+00,0.00E+00,0.00E+00,2.49E+00,5.61E+00,1.26E+02
0,0,0,0,0,0,0.00E+00,0.00E+00,0.00E+00,0.00E+00,0.00E+00,-6.12107456007978,9.36E+00,0,4865,0.00E+00,0.00E+00,0.00E+00,0.00E+00,0.00E+00,0.00E+00,0.00E+00,0.00E+00,0.00E+00,0.00E+00,0.00E+00,0.00E+00,5.93E+00,6.30E+00,1.26E+02
0,0,0,0,0,0,0.00E+00,0.00E+00,0.00E+00,0.00E+00,0.00E+00,-1.9147639188678,5.94E+00,0,4868,0.00E+00,0.00E+00,0.00E+00,0.00E+00,0.00E+00,0.00E+00,0.00E+00,0.00E+00,0.00E+00,0.00E+00,0.00E+00,0.00E+00,1.90E+00,6.11E+00,1.01E+02
0,0,0,0,0,0,0.00E+00,0.00E+00,0.00E+00,0.00E+00,0.00E+00,-7.18003545125122,2.74E+00,0,4871,0.00E+00,0.00E+00,0.00E+00,0.00E+00,0.00E+00,0.00E+00,0.00E+00,0.00E+00,0.00E+00,0.00E+00,0.00E+00,0.00E+00,7.23E+00,7.96E+00,7.39E+01
0,0,0,0,0,0,0.00E+00,0.00E+00,0.00E+00,0.00E+00,0.00E+00,2.89118276611836,1.05E+01,0,4874,0.00E+00,0.00E+00,0.00E+00,0.00E+00,0.00E+00,0.00E+00,0.00E+00,0.00E+00,0.00E+00,0.00E+00,0.00E+00,0.00E+00,3.75E+00,1.09E+01,4.54E+01
0,0,0,0,0,0,0.00E+00,0.00E+00,0.00E+00,0.00E+00,0.00E+00,1.28276251666413,2.04E+01,0,4877,0.00E+00,0.00E+00,0.00E+00,0.00E+00,0.00E+00,0.00E+00,0.00E+00,0.00E+00,0.00E+00,0.00E+00,0.00E+00,0.00E+00,1.75E+00,8.11E+00,2.07E+01
0.499283760786057,0.495372176170349,0,0,0.907728731632233,0.870292901992798,8.06E-01,7.60E-01,8.64E-01,0.00E+00,7.97E-01,-0.161295869762608,1.09E+01,0,4879,7.79E+02,4.50E+02,7.79E+02,4.42E+02,0.00E+00,0.00E+00,0.00E+00,0.00E+00,7.05E+02,4.74E+02,7.11E+02,3.94E+02,9.35E+00,1.11E+01,2.00E+01
0.515390276908875,0.278852075338364,1.18294441699982,0,1.6093533039093,0,6.65E-01,8.57E-01,8.42E-01,0.00E+00,6.96E-01,6.36843566379532,1.01E+01,0,4882,7.88E+02,2.81E+02,7.78E+02,3.92E+02,6.81E+02,4.38E+02,0.00E+00,0.00E+00,7.02E+02,4.33E+02,0.00E+00,0.00E+00,7.42E+00,8.46E+00,2.48E+01
0,0,0,0,0,0,0.00E+00,0.00E+00,0.00E+00,0.00E+00,0.00E+00,3.275805460304,1.73E+01,0,4885,0.00E+00,0.00E+00,0.00E+00,0.00E+00,0.00E+00,0.00E+00,0.00E+00,0.00E+00,0.00E+00,0.00E+00,0.00E+00,0.00E+00,5.36E+00,2.67E+00,3.67E+01
0,0,0,0,0,0,0.00E+00,0.00E+00,0.00E+00,0.00E+00,0.00E+00,2.07664762246394,3.08E+01,0,4888,0.00E+00,0.00E+00,0.00E+00,0.00E+00,0.00E+00,0.00E+00,0.00E+00,0.00E+00,0.00E+00,0.00E+00,0.00E+00,0.00E+00,1.08E+01,7.25E+00,3.91E+01
0,0,0,0,0,0,0.00E+00,0.00E+00,0.00E+00,0.00E+00,0.00E+00,-0.605095973678779,2.05E+01,0,4891,0.00E+00,0.00E+00,0.00E+00,0.00E+00,0.00E+00,0.00E+00,0.00E+00,0.00E+00,0.00E+00,0.00E+00,0.00E+00,0.00E+00,1.83E+01,1.30E+01,4.39E+01
0,0,0,0,0,0,0.00E+00,0.00E+00,0.00E+00,0.00E+00,0.00E+00,-4.05451875900496,2.59E+01,0,4893,0.00E+00,0.00E+00,0.00E+00,0.00E+00,0.00E+00,0.00E+00,0.00E+00,0.00E+00,0.00E+00,0.00E+00,0.00E+00,0.00E+00,4.30E+00,2.58E+01,4.91E+01
0,0,0,0,0,0,0.00E+00,0.00E+00,0.00E+00,0.00E+00,0.00E+00,0.900905551663787,1.15E+01,0,4896,0.00E+00,0.00E+00,0.00E+00,0.00E+00,0.00E+00,0.00E+00,0.00E+00,0.00E+00,0.00E+00,0.00E+00,0.00E+00,0.00E+00,1.07E+01,2.61E+01,4.35E+01
0,0,0,0,0,0,0.00E+00,0.00E+00,0.00E+00,0.00E+00,0.00E+00,5.58252138319445,3.12E+01,0,4899,0.00E+00,0.00E+00,0.00E+00,0.00E+00,0.00E+00,0.00E+00,0.00E+00,0.00E+00,0.00E+00,0.00E+00,0.00E+00,0.00E+00,5.84E+00,1.83E+01,5.16E+01
0.560925960540772,0.28650975227356,1.10354804992676,0,1.57284367084503,0,8.12E-01,7.68E-01,8.72E-01,7.96E-01,7.09E-01,2.6575279499676,1.68E+01,0,4902,5.93E+02,5.08E+01,5.93E+02,6.76E+01,5.00E+02,1.32E+02,0.00E+00,0.00E+00,5.26E+02,1.17E+02,0.00E+00,0.00E+00,2.58E+01,1.94E+01,8.29E+01
0,0,0,0,0,0,0.00E+00,0.00E+00,0.00E+00,0.00E+00,0.00E+00,7.21764500942781,1.87E+01,0,4905,0.00E+00,0.00E+00,0.00E+00,0.00E+00,0.00E+00,0.00E+00,0.00E+00,0.00E+00,0.00E+00,0.00E+00,0.00E+00,0.00E+00,1.04E+01,2.61E+01,1.16E+02
0.553350865840912,0.290897101163864,1.11878490447998,1.25061011314392,1.58350193500519,1.27878868579865,8.70E-01,8.02E-01,8.56E-01,7.76E-01,7.85E-01,-2.12759599914961,3.90E+00,0,4907,5.31E+02,2.43E+02,5.64E+02,2.54E+02,4.82E+02,3.31E+02,5.40E+02,3.59E+02,5.07E+02,3.11E+02,5.35E+02,3.13E+02,1.09E+01,2.56E+01,1.46E+02
0,0,0,0,0,0,0.00E+00,0.00E+00,0.00E+00,0.00E+00,0.00E+00,-4.91697950335452,6.13E+00,0,4910,0.00E+00,0.00E+00,0.00E+00,0.00E+00,0.00E+00,0.00E+00,0.00E+00,0.00E+00,0.00E+00,0.00E+00,0.00E+00,0.00E+00,4.61E+00,2.25E+01,1.83E+02
0.493033826351166,0.320200711488724,1.09033203125,1.23099613189697,1.61033689975739,1.55074882507324,7.75E-01,7.88E-01,8.54E-01,8.70E-01,7.97E-01,-1.85173372830576,8.07E-01,0,4913,2.30E+02,2.51E+02,2.25E+02,2.71E+02,1.67E+02,3.49E+02,2.30E+02,3.78E+02,1.86E+02,3.31E+02,2.15E+02,3.37E+02,6.68E+00,8.77E+00,2.05E+02
0.529187321662903,0.299837917089462,1.12227165699005,1.27053105831146,1.55901837348938,1.28974854946136,8.38E-01,7.65E-01,8.39E-01,7.77E-01,8.32E-01,-0.752198869584372,2.75E+00,0,4916,2.83E+02,2.67E+02,2.62E+02,2.72E+02,1.86E+02,3.31E+02,2.39E+02,3.77E+02,2.08E+02,3.17E+02,2.29E+02,3.30E+02,1.38E+00,7.03E+00,2.27E+02
0.600370943546295,0.292118787765503,1.11436414718628,1.1776762008667,1.52858304977417,1.18863093852997,8.62E-01,7.85E-01,8.86E-01,7.35E-01,8.17E-01,0.09673287259515,1.98E+00,0,4919,4.86E+02,2.90E+02,4.85E+02,2.85E+02,3.88E+02,3.28E+02,4.33E+02,3.77E+02,4.16E+02,3.18E+02,4.40E+02,3.30E+02,9.01E-01,6.59E+00,2.35E+02
0.548577010631561,0.289837777614594,1.16507291793823,1.17968249320984,1.59568774700165,1.34856963157654,8.45E-01,7.95E-01,8.44E-01,8.26E-01,7.82E-01,-1.72599298289882,2.40E+01,0,4921,5.26E+02,2.39E+02,4.90E+02,2.74E+02,3.97E+02,3.15E+02,4.38E+02,3.68E+02,4.25E+02,3.05E+02,4.41E+02,3.21E+02,8.83E+00,7.69E+00,2.26E+02
0.528732120990753,0.315784305334091,1.09554362297058,1.13554811477661,1.69778549671173,1.22514879703522,8.96E-01,8.08E-01,8.70E-01,8.12E-01,8.21E-01,-2.43632924782756,4.04E+00,0,4924,4.54E+02,2.03E+02,4.05E+02,2.12E+02,3.63E+02,3.07E+02,4.23E+02,3.08E+02,3.76E+02,2.78E+02,3.88E+02,2.71E+02,5.23E+00,6.88E+00,2.22E+02
0.597891926765442,0.315024435520172,1.10066986083984,1.16680514812469,1.55614972114563,1.29990780353546,8.56E-01,7.63E-01,8.73E-01,8.14E-01,8.40E-01,0.920428773962495,3.80E+00,0,4927,3.71E+02,1.81E+02,3.05E+02,2.22E+02,2.53E+02,3.19E+02,3.15E+02,3.33E+02,2.68E+02,2.94E+02,2.94E+02,2.89E+02,2.05E+00,7.17E+00,1.89E+02
0.589746832847595,0.291484653949738,1.10045659542084,1.20782148838043,1.6042605638504,1.18782126903534,8.81E-01,7.99E-01,8.75E-01,8.01E-01,8.18E-01,0.100639893813681,9.06E+00,0,4930,4.31E+02,1.81E+02,4.17E+02,2.16E+02,3.27E+02,2.75E+02,3.80E+02,3.24E+02,3.53E+02,2.60E+02,3.79E+02,2.74E+02,4.86E+00,1.74E+00,1.51E+02
0.534578144550324,0.292622208595276,1.15003728866577,1.15966737270355,1.62330877780914,1.22706341743469,8.67E-01,8.16E-01,8.64E-01,7.83E-01,8.35E-01,3.04456046669514,2.42E+00,0,4933,4.83E+02,2.31E+02,4.63E+02,2.49E+02,3.66E+02,2.96E+02,4.22E+02,3.43E+02,3.92E+02,2.85E+02,4.24E+02,2.94E+02,1.57E+00,6.23E+00,1.07E+02
0.478910773992538,0.222824320197105,1.10097527503967,1.17122066020966,1.63971424102783,0.894757449626923,7.24E-01,7.17E-01,7.82E-01,0.00E+00,6.48E-01,-0.235083447116783,3.17E+00,0,4935,3.76E+02,3.47E+02,3.62E+02,3.99E+02,2.75E+02,4.33E+02,3.37E+02,4.98E+02,2.95E+02,4.33E+02,3.36E+02,4.63E+02,3.88E+00,8.34E+00,8.23E+01
0.587931215763092,0.231610253453255,1.13522553443909,1.23845946788788,1.89493310451508,1.9524632692337,7.97E-01,7.47E-01,8.58E-01,7.30E-01,7.10E-01,4.08798737912454,1.58E+01,0,4938,4.21E+02,3.32E+02,3.95E+02,3.75E+02,2.99E+02,3.98E+02,3.51E+02,4.72E+02,3.23E+02,4.02E+02,3.52E+02,4.28E+02,1.99E+00,5.62E+00,4.89E+01
0.53901994228363,0.31329557299614,1.12406253814697,1.18200445175171,1.60541486740112,1.2406153678894,8.22E-01,8.17E-01,8.78E-01,7.55E-01,8.20E-01,1.22706129468762,8.94E+00,0,4941,3.50E+02,2.21E+02,3.41E+02,2.22E+02,2.71E+02,3.18E+02,3.22E+02,3.30E+02,2.91E+02,2.91E+02,3.15E+02,2.84E+02,1.17E+01,4.99E+00,3.19E+01
0,0,0,0,0,0,0.00E+00,0.00E+00,0.00E+00,0.00E+00,0.00E+00,2.16860987471763,2.02E+01,0,4944,0.00E+00,0.00E+00,0.00E+00,0.00E+00,0.00E+00,0.00E+00,0.00E+00,0.00E+00,0.00E+00,0.00E+00,0.00E+00,0.00E+00,5.89E+00,7.33E+00,1.96E+01
0,0,0,0,0,0,0.00E+00,0.00E+00,0.00E+00,0.00E+00,0.00E+00,-1.54104846808154,1.46E+01,0,4947,0.00E+00,0.00E+00,0.00E+00,0.00E+00,0.00E+00,0.00E+00,0.00E+00,0.00E+00,0.00E+00,0.00E+00,0.00E+00,0.00E+00,6.73E+00,7.81E+00,1.03E+01
0,0,0,0,0,0,0.00E+00,0.00E+00,0.00E+00,0.00E+00,0.00E+00,2.3894225178893,1.32E+01,0,4949,0.00E+00,0.00E+00,0.00E+00,0.00E+00,0.00E+00,0.00E+00,0.00E+00,0.00E+00,0.00E+00,0.00E+00,0.00E+00,0.00E+00,4.10E+00,6.12E+00,2.43E+00
0.494623333215714,0.21095210313797,1.13791310787201,1.20547688007355,1.41763138771057,0.979495286941528,7.06E-01,7.68E-01,7.84E-01,0.00E+00,6.41E-01,0.367663115344131,1.32E+01,0,4952,4.61E+02,4.17E+02,4.28E+02,4.76E+02,3.35E+02,5.15E+02,4.01E+02,5.75E+02,3.56E+02,5.13E+02,4.11E+02,5.39E+02,8.42E+00,9.77E+00,1.58E+01
0.481204628944397,0.243997737765312,1.17066931724548,1.22779667377472,1.77327585220337,1.56761884689331,7.30E-01,7.33E-01,7.70E-01,7.88E-01,6.05E-01,-1.07303757939417,3.48E+01,0,4955,3.79E+02,4.78E+02,3.96E+02,5.00E+02,3.06E+02,5.38E+02,3.68E+02,6.01E+02,3.31E+02,5.35E+02,3.69E+02,5.54E+02,2.89E+00,1.23E+01,3.20E+01
0,0,0,0,0,0,0.00E+00,0.00E+00,0.00E+00,0.00E+00,0.00E+00,-1.05681574961209,3.86E+00,0,4958,0.00E+00,0.00E+00,0.00E+00,0.00E+00,0.00E+00,0.00E+00,0.00E+00,0.00E+00,0.00E+00,0.00E+00,0.00E+00,0.00E+00,2.39E+01,1.48E+01,4.52E+01
0,0,0,0,0,0,0.00E+00,0.00E+00,0.00E+00,0.00E+00,0.00E+00,-8.87063594834428,1.46E+01,0,4961,0.00E+00,0.00E+00,0.00E+00,0.00E+00,0.00E+00,0.00E+00,0.00E+00,0.00E+00,0.00E+00,0.00E+00,0.00E+00,0.00E+00,4.75E+00,2.10E+01,6.21E+01
0,0,0,0,0,0,0.00E+00,0.00E+00,0.00E+00,0.00E+00,0.00E+00,8.82937224309724,2.62E+01,0,4963,0.00E+00,0.00E+00,0.00E+00,0.00E+00,0.00E+00,0.00E+00,0.00E+00,0.00E+00,0.00E+00,0.00E+00,0.00E+00,0.00E+00,6.87E+00,2.24E+01,7.19E+01
0,0,0,0,0,0,0.00E+00,0.00E+00,0.00E+00,0.00E+00,0.00E+00,0.625084668434514,5.09E+00,0,4966,0.00E+00,0.00E+00,0.00E+00,0.00E+00,0.00E+00,0.00E+00,0.00E+00,0.00E+00,0.00E+00,0.00E+00,0.00E+00,0.00E+00,1.34E+01,1.31E+01,9.35E+01
0,0,0,0,0,0,0.00E+00,0.00E+00,0.00E+00,0.00E+00,0.00E+00,-24.2002555322496,4.87E+00,0,4969,0.00E+00,0.00E+00,0.00E+00,0.00E+00,0.00E+00,0.00E+00,0.00E+00,0.00E+00,0.00E+00,0.00E+00,0.00E+00,0.00E+00,1.17E+01,1.43E+01,1.16E+02
0,0,0,0,0,0,0.00E+00,0.00E+00,0.00E+00,0.00E+00,0.00E+00,17.7806109387997,1.07E+01,0,4972,0.00E+00,0.00E+00,0.00E+00,0.00E+00,0.00E+00,0.00E+00,0.00E+00,0.00E+00,0.00E+00,0.00E+00,0.00E+00,0.00E+00,1.73E+01,2.11E+01,1.41E+02
0,0,0,0,0,0,0.00E+00,0.00E+00,0.00E+00,0.00E+00,0.00E+00,-9.32939069635249,1.82E+01,0,4975,0.00E+00,0.00E+00,0.00E+00,0.00E+00,0.00E+00,0.00E+00,0.00E+00,0.00E+00,0.00E+00,0.00E+00,0.00E+00,0.00E+00,1.12E+01,2.89E+01,1.67E+02
0,0,0,0,0,0,0.00E+00,0.00E+00,0.00E+00,0.00E+00,0.00E+00,-6.18542749468481,2.00E+01,0,4977,0.00E+00,0.00E+00,0.00E+00,0.00E+00,0.00E+00,0.00E+00,0.00E+00,0.00E+00,0.00E+00,0.00E+00,0.00E+00,0.00E+00,6.33E+00,2.99E+01,1.84E+02
0,0,0,0,0,0,0.00E+00,0.00E+00,0.00E+00,0.00E+00,0.00E+00,23.1770555188275,1.15E+01,0,4980,0.00E+00,0.00E+00,0.00E+00,0.00E+00,0.00E+00,0.00E+00,0.00E+00,0.00E+00,0.00E+00,0.00E+00,0.00E+00,0.00E+00,6.17E+01,1.63E+01,1.97E+02
0,0,0,0,0,0,0.00E+00,0.00E+00,0.00E+00,0.00E+00,0.00E+00,14.8278057879562,3.19E+01,0,4983,0.00E+00,0.00E+00,0.00E+00,0.00E+00,0.00E+00,0.00E+00,0.00E+00,0.00E+00,0.00E+00,0.00E+00,0.00E+00,0.00E+00,5.10E+00,6.29E+01,1.96E+02
0,0,0,0,0,0,0.00E+00,0.00E+00,0.00E+00,0.00E+00,0.00E+00,12.8686787980695,1.99E+01,0,4986,0.00E+00,0.00E+00,0.00E+00,0.00E+00,0.00E+00,0.00E+00,0.00E+00,0.00E+00,0.00E+00,0.00E+00,0.00E+00,0.00E+00,4.64E+01,3.25E+01,1.93E+02
0,0,0,0,0,0,0.00E+00,0.00E+00,0.00E+00,0.00E+00,0.00E+00,-4.12951767071792,4.99E+01,0,4989,0.00E+00,0.00E+00,0.00E+00,0.00E+00,0.00E+00,0.00E+00,0.00E+00,0.00E+00,0.00E+00,0.00E+00,0.00E+00,0.00E+00,7.73E+00,1.32E+01,1.63E+02
0,0,0,0,0,0,0.00E+00,0.00E+00,0.00E+00,0.00E+00,0.00E+00,-1.58908918206714,5.70E+00,0,4991,0.00E+00,0.00E+00,0.00E+00,0.00E+00,0.00E+00,0.00E+00,0.00E+00,0.00E+00,0.00E+00,0.00E+00,0.00E+00,0.00E+00,2.40E+01,6.29E+01,1.34E+02
0,0,0,0,0,0,0.00E+00,0.00E+00,0.00E+00,0.00E+00,0.00E+00,-11.8421673121542,2.23E+01,1,4994,0.00E+00,0.00E+00,0.00E+00,0.00E+00,0.00E+00,0.00E+00,0.00E+00,0.00E+00,0.00E+00,0.00E+00,0.00E+00,0.00E+00,5.94E+00,2.30E+01,9.76E+01
0,0,0,0,0,0,0.00E+00,0.00E+00,0.00E+00,0.00E+00,0.00E+00,-2.46027203457291,9.86E+00,1,4997,0.00E+00,0.00E+00,0.00E+00,0.00E+00,0.00E+00,0.00E+00,0.00E+00,0.00E+00,0.00E+00,0.00E+00,0.00E+00,0.00E+00,9.99E+00,1.01E+01,6.69E+01
0,0,0,0,0,0,0.00E+00,0.00E+00,0.00E+00,0.00E+00,0.00E+00,-0.296535052183431,7.63E+00,1,5000,0.00E+00,0.00E+00,0.00E+00,0.00E+00,0.00E+00,0.00E+00,0.00E+00,0.00E+00,0.00E+00,0.00E+00,0.00E+00,0.00E+00,5.34E+00,1.45E+01,6.03E+01
0,0,0,0,0,0,0.00E+00,0.00E+00,0.00E+00,0.00E+00,0.00E+00,-6.75911843672177,4.15E+00,1,5003,0.00E+00,0.00E+00,0.00E+00,0.00E+00,0.00E+00,0.00E+00,0.00E+00,0.00E+00,0.00E+00,0.00E+00,0.00E+00,0.00E+00,3.99E+00,1.28E+01,6.17E+01
0,0,0,0,0,0,0.00E+00,0.00E+00,0.00E+00,0.00E+00,0.00E+00,0.515795103389742,1.43E+01,1,5005,0.00E+00,0.00E+00,0.00E+00,0.00E+00,0.00E+00,0.00E+00,0.00E+00,0.00E+00,0.00E+00,0.00E+00,0.00E+00,0.00E+00,1.41E+01,8.31E+00,9.09E+01
0,0,0,0,0,0,0.00E+00,0.00E+00,0.00E+00,0.00E+00,0.00E+00,4.21359831914714,3.67E+01,1,5008,0.00E+00,0.00E+00,0.00E+00,0.00E+00,0.00E+00,0.00E+00,0.00E+00,0.00E+00,0.00E+00,0.00E+00,0.00E+00,0.00E+00,1.03E+01,1.11E+01,1.15E+02
0,0,0,0,0,0,0.00E+00,0.00E+00,0.00E+00,0.00E+00,0.00E+00,12.7225197891549,2.44E+01,1,5011,0.00E+00,0.00E+00,0.00E+00,0.00E+00,0.00E+00,0.00E+00,0.00E+00,0.00E+00,0.00E+00,0.00E+00,0.00E+00,0.00E+00,2.17E+01,1.46E+01,1.44E+02
0,0,0,0,0,0,0.00E+00,0.00E+00,0.00E+00,0.00E+00,0.00E+00,5.53529227128821,2.33E+01,1,5014,0.00E+00,0.00E+00,0.00E+00,0.00E+00,0.00E+00,0.00E+00,0.00E+00,0.00E+00,0.00E+00,0.00E+00,0.00E+00,0.00E+00,1.95E+00,2.39E+01,1.42E+02
0,0,0,0,0,0,0.00E+00,0.00E+00,0.00E+00,0.00E+00,0.00E+00,0.998324891072807,4.35E+00,1,5017,0.00E+00,0.00E+00,0.00E+00,0.00E+00,0.00E+00,0.00E+00,0.00E+00,0.00E+00,0.00E+00,0.00E+00,0.00E+00,0.00E+00,2.35E+01,1.24E+01,1.45E+02
0,0,0,0,0,0,0.00E+00,0.00E+00,0.00E+00,0.00E+00,0.00E+00,1.673259162751,9.41E+00,1,5019,0.00E+00,0.00E+00,0.00E+00,0.00E+00,0.00E+00,0.00E+00,0.00E+00,0.00E+00,0.00E+00,0.00E+00,0.00E+00,0.00E+00,4.51E+00,1.12E+01,1.50E+02
0,0,0,0,0,0,0.00E+00,0.00E+00,0.00E+00,0.00E+00,0.00E+00,17.2176755259393,1.51E+01,1,5022,0.00E+00,0.00E+00,0.00E+00,0.00E+00,0.00E+00,0.00E+00,0.00E+00,0.00E+00,0.00E+00,0.00E+00,0.00E+00,0.00E+00,5.43E+00,2.28E+01,1.31E+02
0,0,0,0,0,0,0.00E+00,0.00E+00,0.00E+00,0.00E+00,0.00E+00,-3.78759434510708,2.35E+01,1,5025,0.00E+00,0.00E+00,0.00E+00,0.00E+00,0.00E+00,0.00E+00,0.00E+00,0.00E+00,0.00E+00,0.00E+00,0.00E+00,0.00E+00,1.13E+01,7.40E+00,1.22E+02
0,0,0,0,0,0,0.00E+00,0.00E+00,0.00E+00,0.00E+00,0.00E+00,5.40696533673961,1.43E+01,1,5028,0.00E+00,0.00E+00,0.00E+00,0.00E+00,0.00E+00,0.00E+00,0.00E+00,0.00E+00,0.00E+00,0.00E+00,0.00E+00,0.00E+00,4.60E+00,6.85E+00,1.02E+02
0,0,0,0,0,0,0.00E+00,0.00E+00,0.00E+00,0.00E+00,0.00E+00,4.38981028161895,1.81E+01,1,5031,0.00E+00,0.00E+00,0.00E+00,0.00E+00,0.00E+00,0.00E+00,0.00E+00,0.00E+00,0.00E+00,0.00E+00,0.00E+00,0.00E+00,8.64E+00,1.19E+01,7.16E+01
0,0,0,0,0,0,0.00E+00,0.00E+00,0.00E+00,0.00E+00,0.00E+00,5.76651172779356,4.90E+01,1,5033,0.00E+00,0.00E+00,0.00E+00,0.00E+00,0.00E+00,0.00E+00,0.00E+00,0.00E+00,0.00E+00,0.00E+00,0.00E+00,0.00E+00,1.37E+01,1.07E+01,5.13E+01
0,0,0,0,0,0,0.00E+00,0.00E+00,0.00E+00,0.00E+00,0.00E+00,-9.81169166033275,3.95E+00,1,5036,0.00E+00,0.00E+00,0.00E+00,0.00E+00,0.00E+00,0.00E+00,0.00E+00,0.00E+00,0.00E+00,0.00E+00,0.00E+00,0.00E+00,9.29E+00,4.38E+00,4.17E+01
0,0,0,0,0,0,0.00E+00,0.00E+00,0.00E+00,0.00E+00,0.00E+00,0.422705599208137,1.44E+00,1,5039,0.00E+00,0.00E+00,0.00E+00,0.00E+00,0.00E+00,0.00E+00,0.00E+00,0.00E+00,0.00E+00,0.00E+00,0.00E+00,0.00E+00,2.39E+00,5.03E+00,5.96E+01
0,0,0,0,0,0,0.00E+00,0.00E+00,0.00E+00,0.00E+00,0.00E+00,-3.05006766160592,6.08E+00,1,5042,0.00E+00,0.00E+00,0.00E+00,0.00E+00,0.00E+00,0.00E+00,0.00E+00,0.00E+00,0.00E+00,0.00E+00,0.00E+00,0.00E+00,1.99E+00,9.11E-01,8.06E+01
0,0,0,0,0,0,0.00E+00,0.00E+00,0.00E+00,0.00E+00,0.00E+00,-17.2302222053559,2.06E+01,1,5045,0.00E+00,0.00E+00,0.00E+00,0.00E+00,0.00E+00,0.00E+00,0.00E+00,0.00E+00,0.00E+00,0.00E+00,0.00E+00,0.00E+00,1.95E+01,1.28E+01,8.87E+01
0.528651654720306,0.259719610214233,1.00866556167603,1.14424681663513,0,1.09084486961365,8.10E-01,7.37E-01,8.38E-01,0.00E+00,6.53E-01,-10.56231606237,1.16E+01,1,5047,2.97E+02,5.37E+02,3.05E+02,6.03E+02,2.41E+02,6.78E+02,3.05E+02,7.05E+02,0.00E+00,0.00E+00,2.99E+02,6.66E+02,2.12E+01,1.97E+01,8.48E+01
0.58534038066864,0.290758937597275,1.49217081069946,1.13077700138092,1.30327701568604,1.17578482627869,8.57E-01,7.25E-01,8.70E-01,8.17E-01,7.26E-01,5.30083550761051,1.82E+01,1,5050,2.92E+02,6.70E+02,3.06E+02,6.51E+02,2.52E+02,7.21E+02,3.25E+02,7.49E+02,2.68E+02,7.02E+02,3.05E+02,6.95E+02,3.42E+00,2.63E+01,8.10E+01
0.537333786487579,0.265456646680832,0,0,0,0,7.85E-01,7.36E-01,8.26E-01,0.00E+00,6.09E-01,-10.0378184284097,3.89E+00,1,5053,5.55E+02,5.15E+02,5.74E+02,5.55E+02,0.00E+00,0.00E+00,0.00E+00,0.00E+00,0.00E+00,0.00E+00,0.00E+00,0.00E+00,4.06E+00,1.55E+01,6.79E+01
0.557409644126892,0.289668351411819,1.59642577171326,1.07923662662506,1.19243133068085,1.33116328716278,7.82E-01,7.39E-01,8.22E-01,6.98E-01,7.38E-01,-14.4234866105909,2.77E+00,1,5056,6.14E+02,5.54E+02,5.83E+02,5.84E+02,5.26E+02,6.57E+02,6.02E+02,6.76E+02,5.46E+02,6.41E+02,5.88E+02,6.35E+02,7.30E+00,6.59E+00,5.80E+01
0.548692107200623,0.263260006904602,1.57257676124573,1.1366069316864,1.28174459934235,1.50563955307007,7.97E-01,7.69E-01,8.30E-01,7.38E-01,6.90E-01,-3.40150481654963,3.56E+00,1,5059,6.25E+02,2.82E+02,6.53E+02,3.08E+02,5.69E+02,3.75E+02,6.34E+02,4.08E+02,5.91E+02,3.55E+02,6.20E+02,3.56E+02,1.02E+01,1.48E+01,8.18E+01
0.529714107513428,0.309324830770493,1.52958583831787,1.1272748708725,1.21832799911499,1.22175049781799,8.03E-01,7.46E-01,8.67E-01,7.80E-01,7.48E-01,9.30105330572249,1.22E+01,1,5062,7.17E+02,3.00E+02,6.94E+02,3.19E+02,6.13E+02,3.81E+02,6.68E+02,4.15E+02,6.36E+02,3.65E+02,6.51E+02,3.66E+02,1.24E+01,2.00E+01,9.84E+01
0.503335118293762,0.269875258207321,0,0,1.06882309913635,0,8.55E-01,7.54E-01,7.52E-01,8.39E-01,6.89E-01,-5.8844576309677,3.34E+00,1,5064,4.70E+02,3.09E+02,4.81E+02,3.51E+02,0.00E+00,0.00E+00,0.00E+00,0.00E+00,4.08E+02,3.96E+02,0.00E+00,0.00E+00,1.25E+00,1.84E+01,1.00E+02
0.481296867132187,0.29154035449028,1.62535381317139,1.19308590888977,1.27476537227631,1.21998155117035,7.85E-01,7.50E-01,8.03E-01,7.02E-01,7.20E-01,-1.25023407820128,5.40E-01,1,5067,4.53E+02,3.35E+02,4.74E+02,3.57E+02,3.78E+02,4.21E+02,4.36E+02,4.54E+02,4.05E+02,4.02E+02,4.38E+02,4.04E+02,2.02E+00,6.10E+00,1.02E+02
0.493615746498108,0.250594019889832,1.26452600955963,0,1.1288400888443,0,8.12E-01,7.53E-01,8.04E-01,6.87E-01,7.74E-01,-3.55435483265845,1.51E+00,1,5070,4.39E+02,3.40E+02,4.57E+02,3.69E+02,3.62E+02,4.41E+02,0.00E+00,0.00E+00,3.87E+02,4.20E+02,0.00E+00,0.00E+00,2.71E+00,5.53E+00,8.99E+01
0.491358935832977,0.29302316904068,1.6692281961441,1.14783608913422,1.25502169132233,1.33361101150513,7.94E-01,7.45E-01,8.07E-01,7.44E-01,7.59E-01,0.461962740370311,1.32E+00,1,5073,4.23E+02,3.49E+02,4.40E+02,3.69E+02,3.48E+02,4.43E+02,4.06E+02,4.73E+02,3.72E+02,4.22E+02,4.02E+02,4.23E+02,6.66E-01,4.27E+00,8.12E+01
0.519878149032593,0.300171822309494,1.46445453166962,0.89473682641983,1.16290903091431,1.24883270263672,8.65E-01,6.86E-01,8.27E-01,7.75E-01,7.63E-01,-0.071883611481282,9.31E+00,0,5076,3.27E+02,3.47E+02,3.43E+02,3.62E+02,2.66E+02,4.53E+02,3.21E+02,4.67E+02,2.88E+02,4.29E+02,3.18E+02,4.21E+02,2.88E+00,1.80E+00,7.99E+01
0.530151784420013,0.298462331295013,1.45753872394562,1.19043672084808,1.17872095108032,1.32421624660492,8.14E-01,7.95E-01,8.50E-01,7.83E-01,7.55E-01,12.5912188771304,1.10E+01,0,5078,3.15E+02,3.26E+02,3.37E+02,3.57E+02,2.61E+02,4.50E+02,3.21E+02,4.69E+02,2.82E+02,4.25E+02,3.11E+02,4.18E+02,6.55E+00,5.05E+00,8.12E+01
0,0,0,0,0,0,0.00E+00,0.00E+00,0.00E+00,0.00E+00,0.00E+00,-0.119011541893177,3.70E+00,0,5081,0.00E+00,0.00E+00,0.00E+00,0.00E+00,0.00E+00,0.00E+00,0.00E+00,0.00E+00,0.00E+00,0.00E+00,0.00E+00,0.00E+00,5.48E+00,9.12E+00,7.80E+01
0,0,0,0,0,0,0.00E+00,0.00E+00,0.00E+00,0.00E+00,0.00E+00,4.1528061474321,6.78E+00,0,5084,0.00E+00,0.00E+00,0.00E+00,0.00E+00,0.00E+00,0.00E+00,0.00E+00,0.00E+00,0.00E+00,0.00E+00,0.00E+00,0.00E+00,7.24E+00,6.01E+00,6.82E+01
0,0,0,0,0,0,0.00E+00,0.00E+00,0.00E+00,0.00E+00,0.00E+00,22.2237933621078,1.20E+01,0,5087,0.00E+00,0.00E+00,0.00E+00,0.00E+00,0.00E+00,0.00E+00,0.00E+00,0.00E+00,0.00E+00,0.00E+00,0.00E+00,0.00E+00,1.24E+01,9.68E+00,4.59E+01
0.523375809192658,0.299854457378387,1.40261447429657,1.14429199695587,1.16931903362274,1.40093195438385,7.48E-01,8.08E-01,8.37E-01,6.85E-01,7.80E-01,1.06141123074196,3.77E+00,0,5090,3.11E+02,4.82E+02,3.21E+02,4.88E+02,2.22E+02,5.54E+02,2.73E+02,5.84E+02,2.49E+02,5.36E+02,2.76E+02,5.41E+02,1.35E+01,1.04E+01,2.14E+01
0.548009216785431,0.288848727941513,1.34874296188355,1.14079093933105,1.17599165439606,1.16925466060638,8.68E-01,7.68E-01,8.74E-01,7.90E-01,7.22E-01,-0.104678703087468,1.84E+00,0,5092,2.21E+02,5.14E+02,2.32E+02,5.50E+02,1.70E+02,6.16E+02,2.31E+02,6.51E+02,1.87E+02,5.99E+02,2.25E+02,6.04E+02,1.01E+01,9.26E+00,7.99E+00
0.592012822628021,0.298042863607407,1.44841694831848,1.1246200799942,1.17102599143982,1.25638282299042,7.62E-01,8.13E-01,8.88E-01,7.96E-01,7.26E-01,-0.49273937461174,3.82E+00,0,5095,2.16E+02,5.61E+02,2.24E+02,5.63E+02,1.73E+02,6.30E+02,2.38E+02,6.63E+02,1.92E+02,6.13E+02,2.25E+02,6.19E+02,1.32E+00,1.67E+01,2.27E+01
0.579550981521606,0.28256967663765,1.0650337934494,1.10444176197052,1.07204973697662,1.16932833194733,7.89E-01,7.41E-01,8.19E-01,0.00E+00,7.07E-01,-3.58092998961725,2.00E+00,0,5098,3.80E+02,5.84E+02,4.35E+02,6.06E+02,3.62E+02,6.60E+02,4.69E+02,7.02E+02,4.17E+02,6.62E+02,4.56E+02,6.57E+02,6.45E+00,1.35E+01,4.05E+01
0.54572319984436,0.29125314950943,1.67794394493103,1.11112987995148,1.19066143035889,1.2877790927887,7.40E-01,6.69E-01,8.63E-01,7.61E-01,7.11E-01,0.389915573008279,6.68E-01,0,5101,5.08E+02,5.88E+02,4.93E+02,5.96E+02,4.33E+02,6.69E+02,5.11E+02,7.00E+02,4.55E+02,6.55E+02,4.93E+02,6.55E+02,5.90E+00,4.99E+00,4.79E+01
0.540913939476013,0,0,0,0,0,7.57E-01,7.52E-01,8.53E-01,0.00E+00,7.86E-01,0.238775779448191,2.41E+00,0,5104,5.43E+02,5.90E+02,0.00E+00,0.00E+00,0.00E+00,0.00E+00,0.00E+00,0.00E+00,0.00E+00,0.00E+00,0.00E+00,0.00E+00,6.67E-01,2.13E+00,5.82E+01
0.442919820547104,0.230889678001404,1.70381391048431,1.10260188579559,0.948503017425537,0,7.61E-01,7.15E-01,7.76E-01,2.68E-01,6.51E-01,-0.129713498573661,1.44E+00,0,5106,5.02E+02,6.25E+02,5.38E+02,6.61E+02,4.42E+02,6.97E+02,4.98E+02,7.59E+02,4.63E+02,6.95E+02,0.00E+00,0.00E+00,1.86E+00,3.36E+00,6.27E+01
0.535383224487305,0.260879516601562,1.75340807437897,1.10921633243561,1.10609936714172,0.906444907188416,8.04E-01,6.89E-01,8.09E-01,7.51E-01,7.06E-01,0.603757105960147,1.53E+01,0,5109,4.22E+02,5.56E+02,4.13E+02,5.94E+02,3.32E+02,6.35E+02,3.86E+02,6.91E+02,3.55E+02,6.28E+02,3.90E+02,6.51E+02,3.98E+00,3.99E+00,6.52E+01
0.576260447502136,0.283625930547714,1.805872797966,1.11845552921295,1.09952652454376,1.39251887798309,7.99E-01,7.27E-01,8.69E-01,7.49E-01,7.20E-01,-0.82685782004695,9.55E-01,0,5112,3.89E+02,5.84E+02,3.97E+02,6.05E+02,3.22E+02,6.46E+02,3.76E+02,7.02E+02,3.43E+02,6.41E+02,3.66E+02,6.56E+02,5.22E+00,3.46E+00,6.66E+01
0.519782423973084,0.255117297172546,0,0,0,0,8.24E-01,7.00E-01,8.22E-01,0.00E+00,7.24E-01,-2.61429325855941,3.52E+00,0,5115,3.79E+02,5.10E+02,3.91E+02,5.65E+02,0.00E+00,0.00E+00,0.00E+00,0.00E+00,0.00E+00,0.00E+00,0.00E+00,0.00E+00,2.83E+00,3.65E+00,5.92E+01
0.594593286514282,0.274877041578293,1.94490098953247,1.11131966114044,1.23816931247711,1.08115756511688,7.86E-01,7.88E-01,8.63E-01,7.82E-01,7.04E-01,-2.67334594237917,1.98E+00,0,5118,3.59E+02,5.55E+02,3.81E+02,5.79E+02,3.24E+02,6.39E+02,3.84E+02,6.78E+02,3.39E+02,6.22E+02,3.74E+02,6.31E+02,3.11E+00,2.27E+00,4.77E+01
0.577891349792481,0.269209533929825,1.13078474998474,1.10139667987823,1.08523333072662,1.1309996843338,7.95E-01,6.90E-01,9.10E-01,8.02E-01,6.90E-01,1.03384436004314,1.06E+01,0,5120,3.69E+02,4.99E+02,3.95E+02,5.44E+02,3.66E+02,6.17E+02,4.37E+02,6.35E+02,3.77E+02,6.01E+02,4.08E+02,5.95E+02,5.36E+00,4.45E+00,3.38E+01
0.564281940460205,0.273784309625626,1.87234461307526,1.11246764659882,1.08192837238312,1.03197503089905,7.72E-01,7.06E-01,8.34E-01,7.57E-01,6.79E-01,15.7241646491919,2.16E+01,0,5123,3.86E+02,5.36E+02,4.07E+02,5.65E+02,3.74E+02,6.32E+02,4.48E+02,6.52E+02,3.88E+02,6.18E+02,4.27E+02,6.15E+02,9.11E+00,8.60E+00,1.65E+01
0.569605112075806,0.255534827709198,0,1.02295076847076,1.00918555259705,0.9144486784935,7.65E-01,6.98E-01,8.42E-01,0.00E+00,6.75E-01,0.409766023951399,1.70E+01,0,5126,4.58E+02,1.69E+02,4.99E+02,1.93E+02,0.00E+00,0.00E+00,5.22E+02,2.85E+02,4.66E+02,2.48E+02,5.05E+02,2.43E+02,7.03E+00,6.02E+00,2.93E+00
0.590445280075073,0.290172904729843,2.02858924865723,1.06359958648682,1.04756534099579,1.19272351264954,8.01E-01,7.68E-01,8.72E-01,7.49E-01,7.22E-01,16.5185025358063,2.76E+00,0,5129,5.14E+02,1.50E+02,5.10E+02,1.92E+02,4.52E+02,2.61E+02,5.26E+02,2.89E+02,4.72E+02,2.46E+02,5.03E+02,2.48E+02,1.06E+01,9.18E+00,1.91E+01
0.538004696369171,0.279184699058533,1.88740980625153,1.09632396697998,1.04779469966888,1.23965919017792,7.94E-01,7.87E-01,8.24E-01,7.56E-01,7.25E-01,0.690205208358964,5.80E-01,0,5132,5.00E+02,3.44E+02,5.13E+02,3.60E+02,4.52E+02,4.47E+02,5.18E+02,4.61E+02,4.70E+02,4.21E+02,4.99E+02,4.19E+02,1.12E+01,1.24E+01,2.97E+01
0.533672749996185,0.279391884803772,1.83740746974945,1.12150967121124,1.10709619522095,1.17119407653809,7.95E-01,7.94E-01,8.29E-01,7.67E-01,7.16E-01,-0.773915596482008,2.55E+00,0,5134,4.53E+02,3.39E+02,4.95E+02,3.57E+02,4.36E+02,4.45E+02,5.08E+02,4.59E+02,4.52E+02,4.21E+02,4.87E+02,4.17E+02,3.17E+00,2.62E+00,3.77E+01
0.509752333164215,0.235561907291412,1.5634343624115,0,1.0071005821228,0.926201343536377,8.19E-01,7.47E-01,8.62E-01,0.00E+00,6.55E-01,-0.918735992536272,4.21E+00,0,5137,4.04E+02,3.49E+02,4.32E+02,3.69E+02,3.69E+02,4.61E+02,0.00E+00,0.00E+00,3.84E+02,4.38E+02,4.02E+02,4.23E+02,1.26E+00,8.19E+00,4.33E+01
0.507791101932526,0.257157832384109,1.87233030796051,1.06592345237732,1.049351811409,1.38008379936218,8.13E-01,7.77E-01,8.21E-01,7.31E-01,7.20E-01,-1.83751428418881,7.38E-01,0,5140,3.99E+02,3.38E+02,4.28E+02,3.67E+02,3.65E+02,4.61E+02,4.28E+02,4.72E+02,3.81E+02,4.37E+02,4.07E+02,4.33E+02,2.44E-01,5.42E+00,4.51E+01
0.522649705410004,0.249274462461472,1.47724664211273,0,1.01385426521301,1.07196259498596,8.30E-01,7.47E-01,8.42E-01,7.46E-01,7.54E-01,-0.292312577568895,1.54E+00,0,5143,3.98E+02,3.39E+02,4.19E+02,3.62E+02,3.56E+02,4.64E+02,0.00E+00,0.00E+00,3.73E+02,4.37E+02,3.91E+02,4.29E+02,8.36E-01,9.78E-02,4.52E+01
0.523250579833984,0.274581342935562,1.7136253118515,0.974049508571625,1.19969463348389,1.33023190498352,8.56E-01,7.26E-01,8.50E-01,7.21E-01,7.49E-01,-2.08376952866948,1.59E+00,0,5146,3.98E+02,3.36E+02,4.18E+02,3.58E+02,3.55E+02,4.62E+02,4.17E+02,4.74E+02,3.72E+02,4.32E+02,4.00E+02,4.29E+02,6.10E-01,2.00E+00,3.76E+01
0.528789937496185,0.247508525848389,1.45132648944855,0,0.997530162334442,0.954150199890137,8.32E-01,6.61E-01,7.75E-01,7.47E-01,6.81E-01,-0.217705764940877,3.71E-01,0,5148,3.99E+02,3.47E+02,4.19E+02,3.71E+02,3.55E+02,4.73E+02,0.00E+00,0.00E+00,3.73E+02,4.46E+02,4.00E+02,4.32E+02,2.32E+00,2.12E+00,3.27E+01
0.525984108448029,0.274877369403839,1.83171343803406,0,0.996097326278687,1.14413106441498,7.15E-01,7.78E-01,8.43E-01,6.94E-01,7.43E-01,0.706615367698173,1.14E+00,0,5151,3.98E+02,3.55E+02,4.17E+02,3.72E+02,3.54E+02,4.76E+02,0.00E+00,0.00E+00,3.72E+02,4.48E+02,3.97E+02,4.42E+02,5.53E-01,4.27E+00,2.37E+01
0.528057336807251,0.246484279632568,0,0,0.983852684497833,0,7.28E-01,7.51E-01,7.77E-01,7.47E-01,7.29E-01,-0.812134957123282,2.90E+00,0,5154,3.99E+02,3.51E+02,4.19E+02,3.74E+02,0.00E+00,0.00E+00,0.00E+00,0.00E+00,3.73E+02,4.49E+02,0.00E+00,0.00E+00,2.64E+00,5.37E+00,1.47E+01
0.519176840782166,0.269323408603668,1.67769920825958,0.945161283016205,1.03823685646057,1.11363983154297,7.67E-01,7.64E-01,8.37E-01,6.84E-01,7.41E-01,18.6148259910668,3.17E+01,0,5157,3.97E+02,3.55E+02,4.17E+02,3.74E+02,3.55E+02,4.77E+02,4.12E+02,4.81E+02,3.72E+02,4.49E+02,4.01E+02,4.40E+02,1.30E+01,9.39E+00,4.32E+00
0.517989158630371,0.264568865299225,1.62398147583008,1.08666026592255,0.985827088356018,1.13634955883026,8.36E-01,7.82E-01,8.45E-01,6.93E-01,7.63E-01,4.02650476736196,1.01E+01,0,5160,3.99E+02,3.53E+02,4.18E+02,3.77E+02,3.55E+02,4.81E+02,4.12E+02,4.94E+02,3.73E+02,4.54E+02,4.00E+02,4.44E+02,3.95E+00,8.33E+00,6.57E+00
0.513558983802795,0.270302057266235,1.61517357826233,1.0847225189209,1.00692844390869,1.04631054401398,8.07E-01,8.10E-01,8.58E-01,7.18E-01,7.58E-01,-0.196154622484898,6.48E-01,0,5162,3.99E+02,3.58E+02,4.19E+02,3.77E+02,3.55E+02,4.80E+02,4.12E+02,4.93E+02,3.74E+02,4.53E+02,4.00E+02,4.45E+02,1.50E+00,3.45E-01,1.29E+01
0.505416870117188,0.269082844257355,1.61597239971161,1.08070421218872,1.03011071681976,1.07898283004761,8.21E-01,7.87E-01,8.66E-01,7.19E-01,7.63E-01,-0.029499106242975,2.98E+00,0,5165,3.98E+02,3.69E+02,4.18E+02,3.92E+02,3.55E+02,4.96E+02,4.12E+02,5.08E+02,3.73E+02,4.67E+02,4.00E+02,4.60E+02,1.19E+00,9.28E+00,1.75E+01
0.501728951931,0.260883063077927,1.57296395301819,1.08837926387787,1.04394543170929,1.09087753295898,7.84E-01,8.19E-01,8.24E-01,6.98E-01,7.55E-01,-0.083003396772892,2.84E-01,0,5168,3.98E+02,3.71E+02,4.18E+02,3.93E+02,3.54E+02,4.97E+02,4.10E+02,5.11E+02,3.71E+02,4.69E+02,3.99E+02,4.61E+02,2.21E+00,9.00E+00,2.17E+01
0.501882791519165,0.263292849063873,1.54819917678833,1.07763314247131,1.06179845333099,1.12158572673798,8.04E-01,7.72E-01,8.39E-01,7.11E-01,7.54E-01,-0.619572333395725,1.05E+00,0,5171,3.99E+02,3.73E+02,4.19E+02,3.95E+02,3.55E+02,4.98E+02,4.11E+02,5.13E+02,3.72E+02,4.70E+02,3.99E+02,4.64E+02,6.66E-01,1.07E+00,2.71E+01
0.502328276634216,0.256805032491684,1.57250833511353,1.08969187736511,1.01063215732574,1.12295711040497,8.04E-01,7.87E-01,8.37E-01,7.33E-01,7.45E-01,-1.19359134417639,1.12E+00,0,5174,3.98E+02,3.75E+02,4.19E+02,3.94E+02,3.55E+02,4.98E+02,4.12E+02,5.10E+02,3.72E+02,4.71E+02,3.99E+02,4.61E+02,1.72E+00,1.25E+00,2.48E+01
0.503857254981995,0.261698514223099,1.54669439792633,1.10052168369293,0.992585003376007,1.12528312206268,8.17E-01,7.72E-01,8.49E-01,7.28E-01,7.53E-01,-0.283921691655733,2.61E+00,0,5176,3.99E+02,3.77E+02,4.19E+02,3.95E+02,3.56E+02,4.99E+02,4.12E+02,5.13E+02,3.73E+02,4.71E+02,4.00E+02,4.64E+02,1.44E+00,1.69E+00,2.59E+01
0.497758686542511,0.257036358118057,1.59789323806763,1.07674813270569,1.01494562625885,1.10994613170624,8.12E-01,7.84E-01,8.29E-01,7.20E-01,7.41E-01,0.014417969407276,1.11E+00,0,5179,3.98E+02,3.77E+02,4.19E+02,3.95E+02,3.56E+02,4.99E+02,4.11E+02,5.12E+02,3.72E+02,4.72E+02,3.99E+02,4.61E+02,1.14E+00,5.11E-01,1.94E+01
0.498250126838684,0.25968599319458,1.51910209655762,1.06901550292969,1.00375306606293,1.08762764930725,8.22E-01,7.65E-01,8.39E-01,7.00E-01,7.50E-01,-0.281995886038061,3.90E+00,0,5182,3.99E+02,3.75E+02,4.18E+02,3.98E+02,3.56E+02,5.01E+02,4.12E+02,5.15E+02,3.73E+02,4.74E+02,4.00E+02,4.66E+02,1.18E+00,1.27E+00,1.68E+01
0.500790417194366,0.255592405796051,1.50503289699554,1.07421517372131,0.994575798511505,1.11647832393646,7.82E-01,8.11E-01,8.43E-01,7.15E-01,7.47E-01,-0.324874008641687,5.20E-01,0,5185,3.98E+02,3.78E+02,4.19E+02,3.96E+02,3.55E+02,4.99E+02,4.11E+02,5.13E+02,3.72E+02,4.72E+02,4.00E+02,4.63E+02,1.58E+00,1.61E+00,1.63E+01
0.500417530536652,0.256330907344818,1.52873253822327,1.07340908050537,1.03078043460846,1.1130793094635,8.16E-01,7.65E-01,8.42E-01,7.13E-01,7.43E-01,-0.132853947303297,9.25E-01,0,5188,4.00E+02,3.74E+02,4.19E+02,3.94E+02,3.57E+02,4.98E+02,4.12E+02,5.13E+02,3.74E+02,4.70E+02,4.01E+02,4.63E+02,4.64E-01,4.38E-01,1.58E+01
0.500816762447357,0.254979163408279,1.51754307746887,1.0769294500351,0.981549799442291,1.09813868999481,7.89E-01,8.03E-01,8.32E-01,7.18E-01,7.58E-01,0.066350976987771,6.24E-01,0,5190,3.99E+02,3.74E+02,4.19E+02,3.94E+02,3.56E+02,4.98E+02,4.11E+02,5.12E+02,3.73E+02,4.71E+02,3.99E+02,4.62E+02,5.29E-01,2.04E-01,1.24E+01
0.500885188579559,0.255997121334076,1.48774290084839,1.06897294521332,1.0118887424469,1.10302257537842,8.19E-01,7.72E-01,8.46E-01,7.42E-01,7.54E-01,-0.136565382359193,1.38E+00,0,5193,3.99E+02,3.74E+02,4.18E+02,3.95E+02,3.56E+02,4.98E+02,4.11E+02,5.12E+02,3.73E+02,4.71E+02,4.00E+02,4.62E+02,6.58E-01,6.09E-01,1.08E+01
0.498880177736282,0.247979372739792,1.49220335483551,1.07743835449219,0.978963255882263,1.06340312957764,7.95E-01,8.00E-01,8.44E-01,7.14E-01,7.51E-01,-1.5005278854858,2.44E+00,0,5196,3.99E+02,3.72E+02,4.19E+02,3.93E+02,3.56E+02,4.98E+02,4.12E+02,5.12E+02,3.73E+02,4.70E+02,4.01E+02,4.60E+02,2.08E+00,7.26E-01,7.10E+00
0.522083938121796,0.254557132720947,1.49719285964966,1.07456576824188,0.975399732589722,1.12717437744141,8.23E-01,7.60E-01,8.31E-01,6.55E-01,7.43E-01,0.060937948287232,1.19E+00,0,5199,4.00E+02,3.67E+02,4.21E+02,3.72E+02,3.59E+02,4.75E+02,4.16E+02,4.83E+02,3.76E+02,4.47E+02,4.05E+02,4.37E+02,1.02E+00,1.59E+00,1.91E+00
0.509140312671661,0.252214401960373,1.48589682579041,1.08131456375122,0.987303197383881,1.13859438896179,8.00E-01,7.71E-01,8.28E-01,6.71E-01,7.31E-01,-0.26000924650808,1.46E+00,0,5202,4.01E+02,3.11E+02,4.22E+02,3.45E+02,3.60E+02,4.50E+02,4.16E+02,4.65E+02,3.77E+02,4.22E+02,4.03E+02,4.14E+02,2.23E+00,2.30E+00,2.70E+00
0.512801647186279,0.255453288555145,1.47033071517944,1.06233048439026,0.965509176254272,1.07905948162079,8.25E-01,7.74E-01,8.38E-01,6.95E-01,7.52E-01,-0.26756457342092,2.23E+00,0,5204,4.05E+02,2.74E+02,4.23E+02,2.81E+02,3.61E+02,3.85E+02,4.16E+02,3.95E+02,3.79E+02,3.57E+02,4.04E+02,3.49E+02,1.42E+00,1.22E+00,4.98E+00
0.514529168605804,0.256873548030853,1.38838124275208,1.05739963054657,0.972821652889252,1.11249685287476,8.25E-01,7.71E-01,8.31E-01,6.91E-01,7.56E-01,2.1172376468149,1.15E+00,0,5207,4.07E+02,2.21E+02,4.23E+02,2.49E+02,3.62E+02,3.53E+02,4.16E+02,3.72E+02,3.79E+02,3.25E+02,4.03E+02,3.21E+02,1.43E+00,1.41E+00,5.71E+00
0.533835232257843,0.270622491836548,1.44322526454926,1.06034052371979,0.941428780555725,1.13069975376129,7.72E-01,8.00E-01,8.03E-01,7.25E-01,7.48E-01,-1.44204942120523,1.12E+01,0,5210,4.11E+02,1.66E+02,4.25E+02,1.51E+02,3.66E+02,2.53E+02,4.19E+02,2.62E+02,3.82E+02,2.26E+02,4.05E+02,2.16E+02,5.27E+00,3.18E+00,8.99E+00
0,0,0,0,0,0,0.00E+00,0.00E+00,0.00E+00,0.00E+00,0.00E+00,1.10883852917157,2.87E+00,0,5213,0.00E+00,0.00E+00,0.00E+00,0.00E+00,0.00E+00,0.00E+00,0.00E+00,0.00E+00,0.00E+00,0.00E+00,0.00E+00,0.00E+00,6.29E+00,6.68E+00,1.18E+01
0.526600301265717,0.263413667678833,1.42913198471069,1.06375432014465,0.936564564704895,1.1583411693573,8.11E-01,7.77E-01,8.32E-01,7.02E-01,7.67E-01,-0.268232610086563,9.09E-01,0,5216,4.14E+02,3.30E+02,4.28E+02,3.45E+02,3.67E+02,4.48E+02,4.21E+02,4.63E+02,3.84E+02,4.22E+02,4.07E+02,4.15E+02,8.40E+00,4.70E+00,1.56E+01
0.524838328361511,0.262230783700943,1.39834856987,1.06063497066498,0.949996471405029,1.10892033576965,8.49E-01,7.60E-01,8.41E-01,7.23E-01,7.49E-01,0.428319731509606,1.39E+00,0,5218,4.14E+02,3.23E+02,4.27E+02,3.43E+02,3.67E+02,4.46E+02,4.20E+02,4.63E+02,3.83E+02,4.18E+02,4.06E+02,4.14E+02,1.04E+00,3.59E+00,1.87E+01
0.528874576091766,0.25863915681839,1.41200041770935,1.06616294384003,0.951221704483032,1.13318419456482,8.03E-01,7.89E-01,8.52E-01,7.10E-01,7.61E-01,-0.140175761146453,2.04E+00,0,5221,4.13E+02,3.21E+02,4.27E+02,3.36E+02,3.66E+02,4.39E+02,4.20E+02,4.53E+02,3.84E+02,4.12E+02,4.07E+02,4.05E+02,9.08E-01,7.84E+00,2.21E+01
0.522626459598541,0.262797564268112,1.40187835693359,1.06854498386383,0.941658079624176,1.05014061927795,8.53E-01,7.64E-01,8.47E-01,7.11E-01,7.50E-01,-1.64934835278262,2.68E+00,0,5224,4.14E+02,3.18E+02,4.27E+02,3.37E+02,3.66E+02,4.40E+02,4.19E+02,4.54E+02,3.83E+02,4.12E+02,4.08E+02,4.05E+02,4.35E-01,4.70E+00,2.55E+01
0.523688077926636,0.259359329938889,1.34875643253326,1.05188620090485,0.974695682525635,1.14192152023315,8.04E-01,7.96E-01,8.28E-01,7.02E-01,7.54E-01,-0.751896223604517,5.34E-01,0,5227,4.14E+02,3.13E+02,4.27E+02,3.29E+02,3.66E+02,4.33E+02,4.20E+02,4.46E+02,3.84E+02,4.05E+02,4.08E+02,3.99E+02,1.22E+00,7.43E-01,2.74E+01
0.517192423343658,0.254382967948914,1.35746932029724,1.06212842464447,0.94952380657196,1.04812383651733,8.62E-01,7.75E-01,8.25E-01,7.16E-01,7.44E-01,0.241527441801652,4.44E-01,0,5230,4.14E+02,3.06E+02,4.28E+02,3.27E+02,3.64E+02,4.31E+02,4.20E+02,4.46E+02,3.83E+02,4.02E+02,4.08E+02,3.97E+02,1.29E+00,9.87E-01,2.89E+01
0.52640163898468,0.255655735731125,1.3474463224411,1.04406154155731,0.937890827655792,1.10780692100525,7.99E-01,8.20E-01,8.40E-01,7.01E-01,7.51E-01,-0.764007549172394,6.80E-01,0,5232,4.16E+02,2.99E+02,4.30E+02,3.15E+02,3.67E+02,4.17E+02,4.23E+02,4.30E+02,3.85E+02,3.89E+02,4.09E+02,3.83E+02,9.46E-01,6.41E-01,2.88E+01
0.511989593505859,0.255547612905502,1.32031285762787,1.05918216705322,0.960991561412811,1.09038436412811,8.63E-01,7.73E-01,8.33E-01,7.20E-01,7.43E-01,0.278814153500966,6.51E-01,1,5235,4.15E+02,2.90E+02,4.30E+02,3.11E+02,3.67E+02,4.13E+02,4.20E+02,4.29E+02,3.84E+02,3.85E+02,4.09E+02,3.80E+02,3.45E-01,1.51E+00,2.84E+01
0.519729793071747,0.255656152963638,1.34587335586548,1.05205655097961,0.95616602897644,1.1425302028656,7.96E-01,7.84E-01,8.50E-01,7.29E-01,7.54E-01,-1.29361831609222,1.69E+00,1,5238,4.16E+02,2.83E+02,4.29E+02,3.02E+02,3.67E+02,4.03E+02,4.22E+02,4.17E+02,3.84E+02,3.77E+02,4.08E+02,3.71E+02,7.25E-01,1.30E+00,2.77E+01
0.517792522907257,0.254644066095352,1.33732187747955,1.06941628456116,0.949321150779724,1.07394003868103,8.77E-01,7.73E-01,8.42E-01,7.17E-01,7.54E-01,0.260891258445494,6.08E-01,1,5241,4.16E+02,2.82E+02,4.30E+02,3.01E+02,3.67E+02,4.03E+02,4.21E+02,4.18E+02,3.84E+02,3.77E+02,4.08E+02,3.69E+02,1.41E+00,1.62E-01,2.69E+01
0.52191174030304,0.255910336971283,1.30791974067688,1.07188153266907,0.937427520751953,1.15246844291687,7.96E-01,8.11E-01,8.47E-01,7.20E-01,7.58E-01,0.126546629427109,3.01E-01,1,5244,4.16E+02,2.81E+02,4.29E+02,2.98E+02,3.67E+02,4.00E+02,4.22E+02,4.14E+02,3.84E+02,3.74E+02,4.08E+02,3.67E+02,8.59E-01,1.34E+00,2.48E+01
0.512437999248505,0.254476875066757,1.30688691139221,1.071453332901,0.951357305049896,1.08373558521271,8.38E-01,7.74E-01,8.18E-01,7.15E-01,7.60E-01,-0.705017124638585,1.12E+00,1,5246,4.15E+02,2.75E+02,4.29E+02,2.96E+02,3.67E+02,3.98E+02,4.19E+02,4.16E+02,3.83E+02,3.72E+02,4.08E+02,3.66E+02,5.66E-01,1.53E+00,2.06E+01
0.518749952316284,0.251252055168152,1.30993664264679,1.05879235267639,0.94789332151413,1.1004410982132,7.96E-01,7.99E-01,8.49E-01,7.17E-01,7.63E-01,-0.052525591493114,5.54E-01,1,5249,4.17E+02,2.73E+02,4.30E+02,2.90E+02,3.68E+02,3.92E+02,4.21E+02,4.09E+02,3.85E+02,3.66E+02,4.09E+02,3.60E+02,1.52E+00,8.10E-01,1.73E+01
0.512393116950989,0.252402365207672,1.29532158374786,1.06859922409058,0.951399564743042,1.08235991001129,8.75E-01,7.77E-01,8.36E-01,7.29E-01,7.49E-01,-1.66803898153537,2.64E+00,1,5252,4.17E+02,2.71E+02,4.30E+02,2.89E+02,3.68E+02,3.92E+02,4.20E+02,4.08E+02,3.85E+02,3.65E+02,4.08E+02,3.59E+02,5.05E-01,1.47E+00,1.25E+01
0.515216708183289,0.249160557985306,1.27317202091217,1.05424153804779,0.959253072738647,1.10655558109283,8.04E-01,7.99E-01,8.39E-01,7.19E-01,7.60E-01,0.144485089720147,8.66E-01,1,5255,4.17E+02,2.69E+02,4.29E+02,2.86E+02,3.68E+02,3.86E+02,4.21E+02,4.02E+02,3.85E+02,3.62E+02,4.09E+02,3.53E+02,1.14E+00,8.23E-01,6.73E+00
0.51351934671402,0.249299615621567,1.27094161510468,1.05749619007111,0.943506240844727,1.04583668708801,8.50E-01,7.84E-01,8.35E-01,7.16E-01,7.55E-01,0.112539369348886,1.27E+00,1,5258,4.17E+02,2.66E+02,4.30E+02,2.84E+02,3.67E+02,3.85E+02,4.21E+02,4.02E+02,3.85E+02,3.59E+02,4.08E+02,3.52E+02,6.43E-01,8.03E-01,5.06E+00
0.514228165149689,0.249798431992531,1.28195977210999,1.04616165161133,0.95411628484726,1.14537715911865,7.80E-01,8.08E-01,8.45E-01,7.31E-01,7.54E-01,-0.707928344556873,1.05E+00,1,5260,4.17E+02,2.65E+02,4.30E+02,2.82E+02,3.68E+02,3.83E+02,4.20E+02,3.99E+02,3.85E+02,3.58E+02,4.09E+02,3.51E+02,8.60E-01,1.41E+00,2.07E+00
0.510528445243835,0.247306063771248,1.24785768985748,1.04754996299744,0.960607469081879,1.09226155281067,8.44E-01,7.84E-01,8.41E-01,7.25E-01,7.57E-01,0.073877224997169,7.28E-01,1,5263,4.16E+02,2.60E+02,4.30E+02,2.80E+02,3.68E+02,3.81E+02,4.20E+02,3.96E+02,3.85E+02,3.56E+02,4.09E+02,3.48E+02,3.89E-01,1.18E+00,1.08E+00
0.508161604404449,0.248464286327362,1.2521698474884,1.05652785301209,0.961939930915833,1.12856245040894,7.87E-01,8.00E-01,8.39E-01,7.33E-01,7.56E-01,-0.044085043475741,8.25E-01,1,5266,4.17E+02,2.57E+02,4.31E+02,2.75E+02,3.69E+02,3.76E+02,4.22E+02,3.92E+02,3.86E+02,3.50E+02,4.09E+02,3.43E+02,1.09E+00,4.59E-01,1.33E+00
0.507653415203095,0.25078010559082,1.27588427066803,1.02995336055756,0.939939916133881,1.07018649578094,8.46E-01,7.68E-01,8.42E-01,7.34E-01,7.56E-01,-1.66220893061215,1.26E+00,1,5269,4.17E+02,2.54E+02,4.31E+02,2.73E+02,3.69E+02,3.75E+02,4.22E+02,3.91E+02,3.86E+02,3.48E+02,4.11E+02,3.41E+02,8.21E-01,5.49E-01,1.71E+00
0.511967837810516,0.24915437400341,1.25123250484467,1.04218304157257,0.936861217021942,1.12394499778748,7.85E-01,8.07E-01,8.45E-01,7.43E-01,7.52E-01,0.393924995538249,8.20E-01,1,5272,4.17E+02,2.55E+02,4.32E+02,2.73E+02,3.70E+02,3.73E+02,4.25E+02,3.88E+02,3.88E+02,3.48E+02,4.13E+02,3.40E+02,1.03E+00,3.68E-01,3.37E+00
0.512728869915009,0.245262831449509,1.22624433040619,1.04034149646759,0.951670825481415,1.09935712814331,8.53E-01,7.68E-01,8.25E-01,7.10E-01,7.36E-01,0.547422017276879,9.11E-01,1,5274,4.17E+02,2.53E+02,4.34E+02,2.75E+02,3.69E+02,3.74E+02,4.27E+02,3.85E+02,3.87E+02,3.47E+02,4.16E+02,3.42E+02,8.12E-01,8.49E-01,4.04E+00
0.512588441371918,0.244444414973259,1.23835813999176,1.02911007404327,0.939509332180023,1.16374063491821,7.90E-01,7.90E-01,8.38E-01,7.15E-01,7.54E-01,-0.064382062204957,1.68E+00,1,5277,4.17E+02,2.48E+02,4.32E+02,2.66E+02,3.69E+02,3.66E+02,4.23E+02,3.82E+02,3.87E+02,3.41E+02,4.12E+02,3.34E+02,7.85E-01,8.62E-01,5.23E+00
0.509521245956421,0.247247636318207,1.25557780265808,1.05118882656097,0.954676568508148,1.07128167152405,8.52E-01,7.71E-01,8.47E-01,7.03E-01,7.52E-01,-0.897876748374796,1.15E+00,1,5280,4.17E+02,2.46E+02,4.32E+02,2.64E+02,3.69E+02,3.66E+02,4.24E+02,3.80E+02,3.87E+02,3.39E+02,4.13E+02,3.32E+02,8.23E-01,4.57E-01,5.97E+00
0.51101940870285,0.245960667729378,1.24908316135407,1.03815793991089,0.962761759757996,1.09630537033081,8.06E-01,7.94E-01,8.39E-01,7.16E-01,7.55E-01,-1.33303982467379,7.38E-01,1,5283,4.18E+02,2.44E+02,4.32E+02,2.62E+02,3.70E+02,3.64E+02,4.24E+02,3.79E+02,3.87E+02,3.37E+02,4.12E+02,3.30E+02,3.18E-01,9.81E-01,6.41E+00
0.506138205528259,0.244723379611969,1.218705534935,1.03171145915985,0.946324050426483,1.06954288482666,8.72E-01,7.70E-01,8.42E-01,7.04E-01,7.49E-01,2.79797094037942,2.93E+00,1,5286,4.17E+02,2.40E+02,4.33E+02,2.60E+02,3.69E+02,3.62E+02,4.23E+02,3.77E+02,3.87E+02,3.35E+02,4.13E+02,3.27E+02,1.29E+00,7.40E-01,6.76E+00
0.511384665966034,0.245255991816521,1.23129200935364,1.03900051116943,0.957836866378784,1.1163547039032,8.12E-01,7.86E-01,8.29E-01,7.18E-01,7.57E-01,0.443617671175053,7.65E-01,1,5288,4.17E+02,2.40E+02,4.32E+02,2.58E+02,3.70E+02,3.59E+02,4.23E+02,3.74E+02,3.87E+02,3.33E+02,4.12E+02,3.25E+02,7.19E-01,8.36E-01,6.55E+00
0.51002436876297,0.243909999728203,1.21768844127655,1.05014538764954,0.938916802406311,1.08982825279236,8.69E-01,7.73E-01,8.44E-01,6.79E-01,7.62E-01,-0.80540296882782,1.69E+00,1,5291,4.18E+02,2.46E+02,4.33E+02,2.55E+02,3.70E+02,3.58E+02,4.24E+02,3.71E+02,3.87E+02,3.31E+02,4.12E+02,3.23E+02,1.25E+00,1.10E+00,5.66E+00
0.50468784570694,0.243191733956337,1.21661841869354,1.0225203037262,0.955084502696991,1.13261497020721,8.19E-01,7.85E-01,8.36E-01,7.06E-01,7.40E-01,0.16214023819745,2.85E+00,1,5294,4.18E+02,2.46E+02,4.33E+02,2.64E+02,3.70E+02,3.66E+02,4.24E+02,3.81E+02,3.88E+02,3.39E+02,4.12E+02,3.32E+02,1.48E+00,2.12E+00,4.72E+00
0.497544169425964,0.240483909845352,1.2280570268631,1.0390659570694,0.94283938407898,1.08353173732758,8.16E-01,7.74E-01,8.25E-01,7.18E-01,7.39E-01,-0.215929204153105,2.99E+00,1,5297,4.18E+02,2.41E+02,4.34E+02,2.61E+02,3.71E+02,3.63E+02,4.25E+02,3.79E+02,3.88E+02,3.36E+02,4.14E+02,3.32E+02,1.62E+00,1.68E+00,3.42E+00
0.495411783456802,0.24074712395668,1.21076118946075,1.04166853427887,0.942646026611328,1.16287875175476,8.44E-01,7.84E-01,8.30E-01,7.22E-01,7.49E-01,2.99711180548877,4.01E+00,1,5300,4.18E+02,2.36E+02,4.34E+02,2.57E+02,3.71E+02,3.59E+02,4.24E+02,3.88E+02,3.89E+02,3.32E+02,4.13E+02,3.35E+02,9.19E-01,6.63E-01,3.01E+00
0.496277511119843,0.242151170969009,1.21298778057098,1.06739854812622,0.955903828144074,1.10451281070709,8.39E-01,7.75E-01,8.38E-01,7.14E-01,7.45E-01,0.88348278918863,2.72E+00,1,5302,4.19E+02,2.66E+02,4.34E+02,2.89E+02,3.72E+02,3.91E+02,4.24E+02,4.10E+02,3.88E+02,3.65E+02,4.13E+02,3.62E+02,2.74E+00,3.24E-01,4.34E+00
0,0,0,0,0,0,0.00E+00,0.00E+00,0.00E+00,0.00E+00,0.00E+00,12.9225656554122,4.93E+00,1,5305,0.00E+00,0.00E+00,0.00E+00,0.00E+00,0.00E+00,0.00E+00,0.00E+00,0.00E+00,0.00E+00,0.00E+00,0.00E+00,0.00E+00,2.25E+00,2.38E+00,5.14E+00
0.498664826154709,0.250493854284286,1.1530624628067,1.06339728832245,0.954047322273254,1.20631289482117,8.55E-01,7.60E-01,8.34E-01,7.01E-01,7.33E-01,-0.605740605521482,4.91E-01,1,5308,4.19E+02,5.16E+02,4.33E+02,5.37E+02,3.70E+02,6.36E+02,4.22E+02,6.56E+02,3.87E+02,6.11E+02,4.12E+02,6.07E+02,1.06E+01,5.21E+00,9.48E+00
0.501705288887024,0.244829341769218,1.19414961338043,1.04811728000641,0.965046167373657,1.2447829246521,7.94E-01,7.93E-01,8.23E-01,7.09E-01,7.58E-01,-0.710486591670454,2.99E+00,1,5311,4.23E+02,4.85E+02,4.34E+02,4.99E+02,3.72E+02,6.01E+02,4.24E+02,6.16E+02,3.89E+02,5.73E+02,4.11E+02,5.69E+02,7.03E-01,9.54E+00,1.44E+01
0.495458990335465,0.244641944766045,1.17032635211945,1.06466770172119,0.957158327102661,1.26379895210266,8.32E-01,7.92E-01,8.23E-01,7.07E-01,7.45E-01,0,0.00E+00,0,5314,4.23E+02,4.73E+02,4.34E+02,4.92E+02,3.72E+02,5.91E+02,4.23E+02,6.10E+02,3.89E+02,5.65E+02,4.12E+02,5.61E+02,1.19E+00,4.08E+00,2.09E+01
0.505524575710297,0.242986783385277,1.22731649875641,1.06573128700256,0.962071239948273,1.29094648361206,7.88E-01,7.97E-01,8.18E-01,6.48E-01,7.56E-01,0.145298342802163,1.21E+00,0,5316,4.25E+02,4.71E+02,4.35E+02,4.76E+02,3.73E+02,5.76E+02,4.23E+02,5.94E+02,3.91E+02,5.50E+02,4.12E+02,5.45E+02,6.37E-02,4.61E+00,2.68E+01
0.499455273151398,0.246487706899643,1.19030547142029,1.05768442153931,0.959384560585022,1.34034585952759,7.99E-01,7.97E-01,8.31E-01,7.06E-01,7.70E-01,-0.84630320753398,1.57E+00,0,5319,4.24E+02,4.60E+02,4.34E+02,4.78E+02,3.72E+02,5.77E+02,4.22E+02,5.95E+02,3.89E+02,5.52E+02,4.11E+02,5.48E+02,4.02E-01,7.78E-01,3.33E+01
0.501066267490387,0.246346518397331,1.17040085792542,1.06074976921082,0.967136144638062,1.42273545265198,8.54E-01,7.93E-01,8.37E-01,7.22E-01,7.63E-01,-0.467144918008699,5.46E+00,0,5322,4.24E+02,4.72E+02,4.33E+02,4.99E+02,3.70E+02,6.00E+02,4.21E+02,6.18E+02,3.87E+02,5.73E+02,4.10E+02,5.69E+02,2.06E+00,8.33E-02,4.29E+01
0.509876072406769,0.247592926025391,1.14824056625366,1.0628616809845,0.963405072689056,1.43661499023438,8.17E-01,7.90E-01,8.38E-01,7.13E-01,7.58E-01,-0.134375558533908,3.32E+00,0,5325,4.22E+02,5.00E+02,4.32E+02,5.14E+02,3.69E+02,6.13E+02,4.19E+02,6.30E+02,3.87E+02,5.88E+02,4.09E+02,5.81E+02,6.25E-01,1.28E+00,4.74E+01
0.505830049514771,0.250149458646774,1.16310489177704,1.05001711845398,0.977077603340149,1.47403752803803,8.16E-01,7.99E-01,8.23E-01,7.09E-01,7.51E-01,1.53074903602747,2.68E+00,0,5328,4.21E+02,5.17E+02,4.32E+02,5.39E+02,3.69E+02,6.40E+02,4.22E+02,6.55E+02,3.87E+02,6.13E+02,4.10E+02,6.06E+02,2.00E+00,9.47E-02,5.11E+01
0.506685078144074,0.247523277997971,1.16074812412262,1.0560268163681,0.955723643302918,1.46462249755859,8.34E-01,7.77E-01,8.28E-01,7.05E-01,7.52E-01,-2.69228729595595,4.74E+00,0,5330,4.20E+02,5.24E+02,4.31E+02,5.42E+02,3.69E+02,6.42E+02,4.20E+02,6.57E+02,3.86E+02,6.17E+02,4.11E+02,6.09E+02,1.93E+00,1.17E+00,4.99E+01
0.502043187618256,0.246274456381798,1.16558289527893,1.04498994350433,0.967627942562103,1.4542111158371,7.97E-01,8.04E-01,8.26E-01,7.21E-01,7.48E-01,-1.13519681502335,5.93E-01,0,5333,4.20E+02,5.25E+02,4.31E+02,5.51E+02,3.69E+02,6.52E+02,4.22E+02,6.70E+02,3.86E+02,6.26E+02,4.10E+02,6.21E+02,1.77E+00,2.67E+00,4.46E+01
0.532723963260651,0.248229533433914,1.18977344036102,1.07616543769836,0.966866135597229,1.43197274208069,7.99E-01,7.93E-01,8.17E-01,6.90E-01,7.43E-01,0.238826430294381,1.37E+00,0,5336,4.12E+02,6.25E+02,4.28E+02,6.25E+02,3.65E+02,7.24E+02,4.22E+02,7.27E+02,3.82E+02,6.99E+02,4.10E+02,6.85E+02,3.44E-01,2.09E+00,3.58E+01
0.507216691970825,0.25184553861618,1.19889724254608,1.05184018611908,0.973404586315155,1.35209131240845,8.59E-01,7.63E-01,8.41E-01,7.07E-01,7.30E-01,-2.30533674595377,1.04E+00,0,5339,4.10E+02,6.56E+02,4.31E+02,6.81E+02,3.66E+02,7.75E+02,4.29E+02,7.82E+02,3.83E+02,7.51E+02,4.18E+02,7.43E+02,2.54E+00,1.34E+00,2.39E+01
0,0,0,0,0,0,0.00E+00,0.00E+00,0.00E+00,0.00E+00,0.00E+00,-2.55948670112775,4.70E+00,0,5342,0.00E+00,0.00E+00,0.00E+00,0.00E+00,0.00E+00,0.00E+00,0.00E+00,0.00E+00,0.00E+00,0.00E+00,0.00E+00,0.00E+00,3.79E+00,8.17E-01,1.52E+01
0.505105078220367,0.237878188490868,1.2081024646759,1.04953873157501,0.961013853549957,1.37360048294067,8.41E-01,7.92E-01,8.48E-01,7.24E-01,7.53E-01,-1.6638115713035,3.47E-02,0,5344,4.12E+02,5.28E+02,4.31E+02,5.46E+02,3.67E+02,6.47E+02,4.24E+02,6.59E+02,3.85E+02,6.21E+02,4.12E+02,6.13E+02,4.69E+00,2.49E+00,1.04E+01
0.501524806022644,0.24174676835537,1.1823673248291,1.05571568012238,0.966337978839874,1.35321056842804,8.34E-01,7.79E-01,8.24E-01,7.09E-01,7.29E-01,-0.391909450336749,1.74E+00,0,5347,4.11E+02,5.22E+02,4.30E+02,5.42E+02,3.66E+02,6.45E+02,4.22E+02,6.57E+02,3.84E+02,6.18E+02,4.11E+02,6.10E+02,1.46E+00,6.78E+00,1.06E+01
0.500247180461884,0.240186721086502,1.18339359760284,1.04583370685577,0.957997560501099,1.32621479034424,8.35E-01,7.85E-01,8.33E-01,7.15E-01,7.31E-01,0.054555550520104,1.07E+00,0,5350,4.12E+02,5.20E+02,4.30E+02,5.40E+02,3.67E+02,6.43E+02,4.23E+02,6.56E+02,3.85E+02,6.16E+02,4.12E+02,6.08E+02,7.21E-01,6.06E+00,1.58E+01
0.48784726858139,0.239440888166428,1.19468915462494,1.0493346452713,0.967458665370941,1.28699493408203,8.42E-01,7.78E-01,8.15E-01,6.88E-01,7.32E-01,-8.0557625350461,3.80E+00,0,5353,4.12E+02,5.20E+02,4.31E+02,5.39E+02,3.68E+02,6.43E+02,4.23E+02,6.56E+02,3.85E+02,6.16E+02,4.13E+02,6.08E+02,5.17E+00,1.30E+00,2.09E+01
0.496523886919022,0.236950382590294,1.17437052726746,1.03966534137726,0.9707270860672,1.23966586589813,8.54E-01,7.75E-01,8.45E-01,7.19E-01,7.39E-01,-0.043005105867154,1.26E+00,0,5356,4.66E+02,2.45E+02,4.86E+02,2.65E+02,4.23E+02,3.70E+02,4.77E+02,3.82E+02,4.41E+02,3.40E+02,4.67E+02,3.33E+02,9.12E+00,5.85E-01,2.65E+01
0.48487451672554,0.235289976000786,1.17397820949554,1.04912292957306,0.955972731113434,1.21514451503754,8.16E-01,7.73E-01,8.31E-01,6.85E-01,7.48E-01,-0.120933707850607,1.05E+00,0,5358,4.64E+02,2.45E+02,4.85E+02,2.66E+02,4.23E+02,3.70E+02,4.78E+02,3.81E+02,4.39E+02,3.42E+02,4.67E+02,3.34E+02,1.33E+01,6.30E+00,3.06E+01
0,0,0,0,0,0,0.00E+00,0.00E+00,0.00E+00,0.00E+00,0.00E+00,6.0360613604654,3.79E+00,0,5361,0.00E+00,0.00E+00,0.00E+00,0.00E+00,0.00E+00,0.00E+00,0.00E+00,0.00E+00,0.00E+00,0.00E+00,0.00E+00,0.00E+00,2.48E+00,1.14E+01,3.53E+01
0.475509196519852,0.234446510672569,1.15789473056793,1.03506028652191,0.966502487659454,1.19525945186615,8.09E-01,7.91E-01,8.23E-01,6.85E-01,7.29E-01,-0.010711981087319,1.41E-01,0,5364,4.64E+02,3.48E+02,4.85E+02,3.69E+02,4.22E+02,4.71E+02,4.78E+02,4.85E+02,4.40E+02,4.44E+02,4.67E+02,4.37E+02,2.96E+00,7.47E+00,4.27E+01
0.48019739985466,0.233658239245415,1.16775155067444,1.04813492298126,0.960682332515717,1.18061184883118,8.39E-01,7.63E-01,8.42E-01,6.61E-01,7.15E-01,-0.344682002137884,2.34E-01,0,5367,4.63E+02,3.65E+02,4.85E+02,3.94E+02,4.24E+02,4.96E+02,4.79E+02,5.10E+02,4.40E+02,4.70E+02,4.67E+02,4.62E+02,1.00E+00,1.44E+00,4.69E+01
0.507386445999146,0.234399542212486,1.19950175285339,1.05271852016449,0.978047549724579,1.13158226013184,8.23E-01,7.87E-01,8.28E-01,6.85E-01,7.35E-01,-0.054542428835686,1.01E+00,0,5370,4.62E+02,4.06E+02,4.84E+02,4.10E+02,4.22E+02,5.12E+02,4.80E+02,5.17E+02,4.39E+02,4.85E+02,4.68E+02,4.74E+02,2.05E-01,2.02E+00,5.34E+01
0.485188215970993,0.232067719101906,1.23147511482239,1.04647362232208,0.970523774623871,1.13380599021912,8.42E-01,7.77E-01,8.27E-01,6.51E-01,7.21E-01,-0.84204244725634,1.74E+00,0,5372,4.60E+02,4.33E+02,4.82E+02,4.62E+02,4.20E+02,5.66E+02,4.79E+02,5.71E+02,4.37E+02,5.37E+02,4.67E+02,5.27E+02,6.62E-01,2.00E+00,5.18E+01
0.49640291929245,0.23398844897747,1.23830807209015,1.0628536939621,0.970723628997803,1.11503529548645,8.25E-01,8.01E-01,8.45E-01,7.08E-01,7.37E-01,-0.05498640109019,1.13E+00,0,5375,4.60E+02,4.61E+02,4.82E+02,4.78E+02,4.19E+02,5.81E+02,4.77E+02,5.89E+02,4.37E+02,5.53E+02,4.68E+02,5.44E+02,3.57E-01,1.91E-01,5.35E+01
0.493024110794067,0.234663292765617,1.21309161186218,1.04221999645233,0.975190162658691,1.06950187683105,8.44E-01,7.85E-01,8.46E-01,7.18E-01,7.44E-01,-0.455080853281691,1.09E+00,0,5378,4.60E+02,4.63E+02,4.81E+02,4.84E+02,4.19E+02,5.88E+02,4.78E+02,5.96E+02,4.37E+02,5.59E+02,4.67E+02,5.51E+02,1.19E+00,3.94E-01,5.16E+01
0.494642376899719,0.233814030885696,1.20417273044586,1.04485177993774,0.965868055820465,1.08029794692993,8.38E-01,8.02E-01,8.39E-01,6.92E-01,7.43E-01,0.034679575282231,1.97E-01,0,5381,4.60E+02,4.62E+02,4.81E+02,4.82E+02,4.18E+02,5.86E+02,4.76E+02,5.96E+02,4.36E+02,5.58E+02,4.65E+02,5.50E+02,4.02E-01,7.45E-01,4.27E+01
0.493392109870911,0.235729828476906,1.20455455780029,1.0578705072403,0.977164506912231,1.07644927501678,8.53E-01,7.87E-01,8.43E-01,7.00E-01,7.42E-01,-0.332703320021834,1.06E+00,0,5384,4.61E+02,4.60E+02,4.81E+02,4.78E+02,4.19E+02,5.83E+02,4.76E+02,5.93E+02,4.37E+02,5.55E+02,4.65E+02,5.46E+02,9.60E-01,6.04E-01,3.59E+01
0.489355653524399,0.23499171435833,1.24135386943817,1.04833626747131,0.977915465831757,1.11578834056854,8.14E-01,7.95E-01,8.53E-01,7.00E-01,7.37E-01,0.384752783246951,8.70E-01,0,5386,4.60E+02,4.57E+02,4.81E+02,4.77E+02,4.20E+02,5.82E+02,4.75E+02,5.94E+02,4.37E+02,5.53E+02,4.64E+02,5.46E+02,1.12E+00,1.37E+00,2.89E+01
0.485513985157013,0.234461694955826,1.21867752075195,1.04745197296143,0.974640548229218,1.03235137462616,8.49E-01,7.89E-01,8.46E-01,7.07E-01,7.45E-01,0.315649144931335,1.04E+00,0,5389,4.61E+02,4.55E+02,4.81E+02,4.74E+02,4.19E+02,5.79E+02,4.75E+02,5.90E+02,4.37E+02,5.51E+02,4.66E+02,5.43E+02,2.70E-01,2.30E+00,1.60E+01
0.478710293769836,0.233773678541183,1.21743679046631,1.05690491199493,0.987985074520111,1.08449804782867,8.03E-01,7.93E-01,8.39E-01,7.01E-01,7.28E-01,-3.60196235741067,3.25E+00,0,5392,4.60E+02,4.55E+02,4.81E+02,4.74E+02,4.20E+02,5.77E+02,4.76E+02,5.90E+02,4.37E+02,5.50E+02,4.65E+02,5.43E+02,1.90E+00,6.92E-01,7.83E+00
0.473220318555832,0.2335165143013,1.2093540430069,1.04595625400543,0.996023118495941,1.0371767282486,8.44E-01,7.85E-01,8.44E-01,6.80E-01,7.36E-01,-0.187694927172364,3.59E-01,0,5395,4.60E+02,4.56E+02,4.81E+02,4.76E+02,4.20E+02,5.82E+02,4.76E+02,5.93E+02,4.38E+02,5.52E+02,4.65E+02,5.46E+02,1.47E+00,1.80E+00,4.39E+00
0.468804687261581,0.232810094952583,1.17840278148651,1.0519767999649,0.987858772277832,1.1028345823288,7.98E-01,7.98E-01,8.35E-01,6.90E-01,7.32E-01,0.05887817486823,1.20E+00,0,5398,4.59E+02,4.58E+02,4.81E+02,4.78E+02,4.20E+02,5.81E+02,4.74E+02,5.94E+02,4.37E+02,5.54E+02,4.63E+02,5.47E+02,1.22E+00,1.78E+00,6.31E+00
0.466923087835312,0.237078756093979,1.19696223735809,1.05443978309631,0.993118822574616,1.05395722389221,8.15E-01,7.66E-01,8.35E-01,6.84E-01,7.28E-01,0.08154665512133,5.77E-01,0,5400,4.59E+02,4.60E+02,4.81E+02,4.80E+02,4.20E+02,5.84E+02,4.75E+02,5.97E+02,4.37E+02,5.56E+02,4.64E+02,5.51E+02,7.68E-01,3.33E-01,5.66E+00
0.462645620107651,0.230405882000923,1.18533158302307,1.0351300239563,0.982391119003296,1.08714199066162,7.81E-01,8.00E-01,8.31E-01,6.94E-01,7.34E-01,-0.21250315473124,1.29E+00,0,5403,4.59E+02,4.59E+02,4.82E+02,4.80E+02,4.21E+02,5.83E+02,4.76E+02,5.97E+02,4.38E+02,5.56E+02,4.65E+02,5.48E+02,6.71E-01,5.54E-01,7.33E+00
0.466267228126526,0.232842147350311,1.16880512237549,1.05629944801331,0.986369848251343,1.03282833099365,8.22E-01,7.77E-01,8.37E-01,6.94E-01,7.23E-01,0.240593922038605,1.79E+00,0,5406,4.60E+02,4.60E+02,4.83E+02,4.82E+02,4.21E+02,5.86E+02,4.76E+02,5.98E+02,4.39E+02,5.57E+02,4.67E+02,5.52E+02,2.47E-01,4.72E-01,5.66E+00
0.46698933839798,0.232287809252739,1.17629671096802,1.05711817741394,0.986052453517914,1.09003531932831,8.01E-01,7.71E-01,8.28E-01,6.88E-01,7.31E-01,0.049259360297879,1.15E+00,0,5409,4.59E+02,4.62E+02,4.82E+02,4.82E+02,4.20E+02,5.86E+02,4.76E+02,5.97E+02,4.37E+02,5.59E+02,4.65E+02,5.49E+02,9.47E-01,2.46E-01,4.24E+00
0.463038474321365,0.237202778458595,1.2012552022934,1.05717325210571,0.999061286449432,1.04832696914673,8.24E-01,7.76E-01,8.28E-01,6.76E-01,7.22E-01,0.029689097749429,5.96E-02,0,5412,4.60E+02,4.61E+02,4.83E+02,4.83E+02,4.21E+02,5.86E+02,4.77E+02,5.98E+02,4.39E+02,5.58E+02,4.66E+02,5.50E+02,1.24E+00,9.74E-01,2.06E+00
0.465873003005981,0.22875964641571,1.18493509292603,1.04528117179871,0.989919066429138,1.1050568819046,8.28E-01,7.75E-01,8.22E-01,6.86E-01,7.22E-01,0.074553202134806,1.79E+00,0,5414,4.59E+02,4.62E+02,4.83E+02,4.82E+02,4.22E+02,5.85E+02,4.77E+02,5.97E+02,4.38E+02,5.59E+02,4.65E+02,5.50E+02,9.26E-01,4.15E-01,8.64E-01
0.464573323726654,0.235215872526169,1.16618156433105,1.06237697601318,0.99856823682785,1.04720211029053,8.26E-01,7.51E-01,8.23E-01,6.77E-01,7.19E-01,-0.015354814805367,2.16E-02,0,5417,4.60E+02,4.61E+02,4.83E+02,4.82E+02,4.22E+02,5.86E+02,4.77E+02,5.98E+02,4.39E+02,5.58E+02,4.66E+02,5.50E+02,1.17E+00,5.72E-01,1.12E+00
0.464869141578674,0.229595169425011,1.14910769462585,1.05268466472626,0.985073149204254,1.09880542755127,8.38E-01,7.75E-01,8.31E-01,7.05E-01,7.19E-01,0.302816404484073,3.69E-01,0,5420,4.59E+02,4.62E+02,4.83E+02,4.83E+02,4.21E+02,5.86E+02,4.77E+02,5.98E+02,4.38E+02,5.59E+02,4.66E+02,5.50E+02,7.27E-01,1.03E+00,1.34E+00
0.467059344053268,0.237086027860641,1.18437564373016,1.04041528701782,1.00288832187653,1.04817616939545,8.36E-01,7.58E-01,8.31E-01,6.60E-01,7.27E-01,-0.185027377610693,8.05E-01,0,5423,4.59E+02,4.62E+02,4.83E+02,4.84E+02,4.21E+02,5.87E+02,4.76E+02,5.99E+02,4.39E+02,5.59E+02,4.66E+02,5.51E+02,9.84E-01,4.15E-01,1.46E+00
0.465245962142944,0.228608027100563,1.16621363162994,1.04490208625793,0.980864644050598,1.0942714214325,8.20E-01,7.77E-01,8.34E-01,6.94E-01,7.19E-01,-0.003812673403228,5.45E-01,0,5426,4.60E+02,4.63E+02,4.83E+02,4.85E+02,4.22E+02,5.88E+02,4.77E+02,6.00E+02,4.39E+02,5.60E+02,4.67E+02,5.52E+02,4.27E-01,1.25E+00,1.21E+00
0.459371566772461,0.233890175819397,1.16042530536652,1.03955018520355,0.993832647800446,1.03512716293335,8.14E-01,7.68E-01,8.15E-01,6.76E-01,7.26E-01,-1.12250659474843,2.70E-01,0,5428,4.59E+02,4.64E+02,4.83E+02,4.86E+02,4.21E+02,5.88E+02,4.76E+02,6.02E+02,4.38E+02,5.61E+02,4.66E+02,5.53E+02,8.19E-01,1.30E+00,1.64E+00
0.462904423475266,0.22800301015377,1.15032541751862,1.03453433513641,0.98256242275238,1.0846893787384,8.20E-01,7.72E-01,8.26E-01,6.78E-01,7.29E-01,-1.91579171762214,1.87E+00,0,5431,4.59E+02,4.66E+02,4.83E+02,4.86E+02,4.21E+02,5.90E+02,4.75E+02,6.02E+02,4.38E+02,5.62E+02,4.65E+02,5.54E+02,6.67E-01,5.33E-01,1.78E+00
0.463389843702316,0.231321573257446,1.15613102912903,1.04396569728851,0.982129633426666,1.03692078590393,8.18E-01,7.57E-01,8.14E-01,6.67E-01,7.18E-01,-0.239522553839201,2.06E-01,0,5434,4.60E+02,4.67E+02,4.84E+02,4.88E+02,4.22E+02,5.91E+02,4.77E+02,6.04E+02,4.39E+02,5.64E+02,4.67E+02,5.57E+02,9.22E-01,4.33E-01,2.27E+00
0.465372711420059,0.226715132594109,1.14238905906677,1.0402957201004,0.971842408180237,1.08791065216064,8.06E-01,7.78E-01,8.25E-01,6.94E-01,7.35E-01,-0.180456590663896,1.76E+00,0,5437,4.59E+02,4.68E+02,4.83E+02,4.88E+02,4.21E+02,5.91E+02,4.76E+02,6.04E+02,4.38E+02,5.64E+02,4.66E+02,5.56E+02,9.50E-01,7.72E-01,2.03E+00
0.464961498975754,0.231345564126968,1.14624381065369,1.05504357814789,1.00623679161072,1.04605340957642,8.08E-01,7.63E-01,8.31E-01,6.83E-01,7.17E-01,0.04439375254804,6.35E-01,0,5440,4.59E+02,4.69E+02,4.83E+02,4.90E+02,4.21E+02,5.93E+02,4.76E+02,6.06E+02,4.38E+02,5.65E+02,4.66E+02,5.58E+02,7.68E-01,5.95E-01,1.98E+00
0.462761491537094,0.224726974964142,1.14836668968201,1.05852878093719,0.975199580192566,1.06683039665222,8.20E-01,7.76E-01,8.28E-01,6.83E-01,7.19E-01,0.070514481382697,5.61E-01,0,5442,4.59E+02,4.70E+02,4.83E+02,4.90E+02,4.21E+02,5.94E+02,4.76E+02,6.05E+02,4.38E+02,5.66E+02,4.66E+02,5.57E+02,7.17E-01,9.27E-02,2.36E+00
0.45722159743309,0.229497477412224,1.11809861660004,1.06154096126556,0.989322066307068,1.02372777462006,8.41E-01,7.42E-01,8.18E-01,6.67E-01,7.06E-01,-1.89074092350467,1.83E+00,0,5445,4.59E+02,4.73E+02,4.83E+02,4.94E+02,4.20E+02,5.99E+02,4.77E+02,6.11E+02,4.38E+02,5.71E+02,4.66E+02,5.61E+02,1.03E+00,1.37E+00,2.21E+00
0.460843771696091,0.22361595928669,1.14819872379303,1.04058587551117,0.980102002620697,1.08502268791199,8.15E-01,7.75E-01,8.19E-01,6.93E-01,7.22E-01,-1.55485730549866,1.98E+00,0,5448,4.59E+02,4.75E+02,4.83E+02,4.96E+02,4.21E+02,5.99E+02,4.77E+02,6.12E+02,4.38E+02,5.72E+02,4.66E+02,5.64E+02,7.42E-01,1.38E+00,2.00E+00
0.460016906261444,0.230072006583214,1.11156475543976,1.05900013446808,0.982434630393982,1.04512441158295,8.31E-01,7.42E-01,8.13E-01,6.59E-01,7.26E-01,-0.414067032160251,5.87E-01,0,5451,4.60E+02,4.74E+02,4.84E+02,4.96E+02,4.21E+02,5.99E+02,4.78E+02,6.12E+02,4.39E+02,5.71E+02,4.66E+02,5.63E+02,6.71E-01,1.50E+00,1.92E+00
0.460135757923126,0.224018543958664,1.11861824989319,1.04686832427979,0.97829532623291,1.05341017246246,8.19E-01,7.83E-01,8.14E-01,6.85E-01,7.25E-01,-1.45823895813206,7.66E-01,0,5454,4.59E+02,4.76E+02,4.83E+02,4.97E+02,4.20E+02,5.98E+02,4.76E+02,6.14E+02,4.37E+02,5.72E+02,4.66E+02,5.64E+02,1.20E+00,4.86E-01,2.77E+00
0.459987789392471,0.226854026317596,1.1203510761261,1.05298209190369,0.968203842639923,1.02838718891144,8.29E-01,7.35E-01,8.19E-01,6.64E-01,7.23E-01,-0.292249168136785,1.32E+00,0,5456,4.60E+02,4.79E+02,4.84E+02,5.01E+02,4.21E+02,6.02E+02,4.77E+02,6.15E+02,4.39E+02,5.76E+02,4.67E+02,5.68E+02,9.52E-01,7.21E-01,3.72E+00
0.458821386098862,0.225903868675232,1.11458110809326,1.05345571041107,0.986749231815338,1.06258940696716,8.34E-01,7.79E-01,8.16E-01,6.77E-01,7.20E-01,0.088903196425456,1.21E+00,0,5459,4.59E+02,4.80E+02,4.84E+02,5.01E+02,4.21E+02,6.04E+02,4.77E+02,6.16E+02,4.38E+02,5.76E+02,4.65E+02,5.69E+02,8.42E-01,1.30E+00,5.07E+00
0.465590566396713,0.233775034546852,1.11178088188171,1.06235539913178,0.97117406129837,1.03906679153442,8.35E-01,7.35E-01,8.26E-01,6.53E-01,7.21E-01,-0.365054213395623,9.93E-01,0,5462,4.60E+02,4.85E+02,4.83E+02,5.08E+02,4.20E+02,6.11E+02,4.76E+02,6.24E+02,4.38E+02,5.84E+02,4.66E+02,5.77E+02,1.17E+00,1.40E+00,5.82E+00
0.459827095270157,0.226167798042297,1.11850452423096,1.04215121269226,0.974389016628265,1.0418484210968,8.23E-01,7.68E-01,8.16E-01,6.89E-01,7.14E-01,-0.723407394805443,8.50E-01,0,5465,4.60E+02,4.89E+02,4.84E+02,5.10E+02,4.21E+02,6.11E+02,4.77E+02,6.25E+02,4.38E+02,5.85E+02,4.66E+02,5.76E+02,7.68E-01,1.27E+00,5.91E+00
0.465942651033402,0.233746200799942,1.11621344089508,1.05050075054169,0.966422557830811,1.04276025295258,8.45E-01,7.41E-01,8.05E-01,6.73E-01,7.11E-01,-0.045939001487348,4.12E-01,0,5468,4.60E+02,4.90E+02,4.83E+02,5.12E+02,4.19E+02,6.15E+02,4.74E+02,6.27E+02,4.37E+02,5.86E+02,4.64E+02,5.81E+02,6.71E-01,9.46E-01,5.40E+00
0.465679317712784,0.228092834353447,1.12172937393188,1.04307889938355,0.962730467319489,1.08243632316589,7.83E-01,7.93E-01,8.14E-01,6.86E-01,7.21E-01,-0.27601324394653,1.15E+00,0,5470,4.59E+02,4.93E+02,4.83E+02,5.14E+02,4.19E+02,6.16E+02,4.74E+02,6.29E+02,4.36E+02,5.89E+02,4.64E+02,5.82E+02,1.03E+00,7.18E-01,4.34E+00
0.469051092863083,0.23731891810894,1.13426852226257,1.0515832901001,0.982234537601471,1.02993750572205,8.50E-01,7.49E-01,8.18E-01,6.72E-01,7.14E-01,0.22939568497159,2.68E+00,1,5473,4.60E+02,4.95E+02,4.83E+02,5.18E+02,4.19E+02,6.20E+02,4.75E+02,6.33E+02,4.37E+02,5.92E+02,4.66E+02,5.85E+02,9.98E-01,3.42E-01,4.37E+00
0.462422072887421,0.234147399663925,1.11782109737396,1.04188501834869,0.976389110088348,1.02938544750214,7.99E-01,7.97E-01,8.16E-01,6.86E-01,7.16E-01,0.068964282768842,8.49E-01,1,5476,4.60E+02,4.98E+02,4.83E+02,5.19E+02,4.20E+02,6.20E+02,4.75E+02,6.34E+02,4.37E+02,5.94E+02,4.66E+02,5.85E+02,3.89E-01,5.65E-01,5.65E+00
0.469247609376907,0.240549221634865,1.09502351284027,1.04333305358887,0.990383625030518,1.02797496318817,8.39E-01,7.55E-01,8.23E-01,6.95E-01,7.09E-01,-0.977710393038996,8.58E-01,1,5479,4.60E+02,4.98E+02,4.83E+02,5.20E+02,4.18E+02,6.23E+02,4.74E+02,6.36E+02,4.37E+02,5.94E+02,4.64E+02,5.89E+02,6.40E-01,3.05E-01,6.53E+00
0.470517307519913,0.233662366867065,1.10579609870911,1.04923486709595,0.981329023838043,1.055539727211,7.89E-01,7.89E-01,8.17E-01,6.88E-01,7.19E-01,1.3678228098861,2.73E+00,1,5482,4.60E+02,5.07E+02,4.82E+02,5.26E+02,4.18E+02,6.27E+02,4.75E+02,6.39E+02,4.36E+02,6.01E+02,4.65E+02,5.93E+02,1.08E+00,1.11E+00,6.85E+00
0.478878617286682,0.235404312610626,1.10860419273376,1.05546939373016,0.966392517089844,1.01342058181763,8.17E-01,7.53E-01,8.20E-01,6.83E-01,7.07E-01,-1.67570993038842,7.45E-01,1,5484,4.60E+02,5.12E+02,4.82E+02,5.35E+02,4.18E+02,6.37E+02,4.73E+02,6.51E+02,4.36E+02,6.09E+02,4.65E+02,6.03E+02,1.18E+00,9.01E-01,6.16E+00
0.47659757733345,0.233003199100494,1.09779727458954,1.06691467761993,0.96748960018158,1.05147361755371,7.98E-01,7.79E-01,8.15E-01,7.08E-01,7.05E-01,-2.99610551912957,2.09E+00,1,5487,4.60E+02,5.22E+02,4.82E+02,5.42E+02,4.18E+02,6.44E+02,4.73E+02,6.57E+02,4.36E+02,6.17E+02,4.63E+02,6.08E+02,8.87E-01,9.18E-01,5.61E+00
0.479923844337463,0.236668840050697,1.11403787136078,1.06735670566559,0.96869820356369,1.03529298305511,8.40E-01,7.49E-01,8.23E-01,6.84E-01,7.05E-01,-0.797434859950388,1.22E+00,1,5490,4.60E+02,5.23E+02,4.82E+02,5.45E+02,4.18E+02,6.48E+02,4.73E+02,6.60E+02,4.36E+02,6.19E+02,4.65E+02,6.12E+02,1.54E+00,3.19E-01,4.11E+00
0.473815113306046,0.233729377388954,1.09828972816467,1.0632129907608,0.975698530673981,1.08318603038788,7.87E-01,7.75E-01,8.35E-01,6.84E-01,7.16E-01,0.419261261619326,1.70E+00,1,5493,4.60E+02,5.25E+02,4.82E+02,5.46E+02,4.19E+02,6.48E+02,4.73E+02,6.61E+02,4.35E+02,6.21E+02,4.63E+02,6.14E+02,6.48E-01,1.62E+00,2.64E+00
0.478942066431046,0.237107530236244,1.09884858131409,1.07650816440582,0.980399191379547,1.0373752117157,8.25E-01,7.59E-01,8.20E-01,6.73E-01,7.14E-01,0.761303608899796,1.20E+00,1,5496,4.59E+02,5.25E+02,4.82E+02,5.46E+02,4.18E+02,6.49E+02,4.73E+02,6.62E+02,4.36E+02,6.20E+02,4.64E+02,6.15E+02,8.54E-01,1.33E+00,2.82E+00
0.474372029304504,0.233407706022263,1.08057832717896,1.05861842632294,0.972023665904999,1.07222867012024,7.95E-01,7.89E-01,8.01E-01,6.87E-01,7.15E-01,-0.229421312014789,9.93E-01,1,5498,4.60E+02,5.25E+02,4.83E+02,5.46E+02,4.19E+02,6.49E+02,4.74E+02,6.63E+02,4.37E+02,6.21E+02,4.64E+02,6.13E+02,5.83E-01,1.11E+00,3.05E+00
0.482717871665955,0.240210980176926,1.09117245674133,1.065354347229,0.98271644115448,1.03646326065063,8.41E-01,7.71E-01,8.24E-01,6.89E-01,7.13E-01,-2.11480352772785,2.24E+00,1,5501,4.60E+02,5.25E+02,4.82E+02,5.46E+02,4.18E+02,6.49E+02,4.73E+02,6.63E+02,4.36E+02,6.21E+02,4.63E+02,6.15E+02,9.04E-01,1.65E-01,3.66E+00
0.481712698936462,0.233185768127441,1.08653342723846,1.0368686914444,0.974147200584412,1.04419672489166,8.04E-01,7.85E-01,8.20E-01,6.84E-01,7.19E-01,0.009834031878134,7.65E-01,1,5504,4.60E+02,5.25E+02,4.82E+02,5.46E+02,4.17E+02,6.49E+02,4.73E+02,6.62E+02,4.36E+02,6.21E+02,4.65E+02,6.13E+02,7.60E-01,6.86E-01,5.13E+00
0.477714002132416,0.236758440732956,1.07474756240845,1.05482733249664,0.974631011486053,1.04970753192902,8.12E-01,7.75E-01,8.08E-01,6.98E-01,7.13E-01,-0.047912145056472,1.23E+00,1,5507,4.60E+02,5.25E+02,4.82E+02,5.46E+02,4.19E+02,6.47E+02,4.72E+02,6.61E+02,4.37E+02,6.20E+02,4.64E+02,6.16E+02,5.38E-01,1.23E+00,6.02E+00
0.485413908958435,0.234766185283661,1.08307087421417,1.05044233798981,0.976270318031311,1.07864367961884,8.03E-01,7.86E-01,8.25E-01,6.91E-01,7.04E-01,1.96521432123872,1.69E+00,1,5510,4.60E+02,5.29E+02,4.84E+02,5.50E+02,4.19E+02,6.50E+02,4.74E+02,6.63E+02,4.36E+02,6.22E+02,4.66E+02,6.15E+02,5.51E-01,4.08E-01,6.70E+00
0.486412018537521,0.23620942234993,1.10296964645386,1.06508135795593,0.975511789321899,1.03274035453796,8.30E-01,7.60E-01,8.24E-01,6.95E-01,7.14E-01,-0.05014802635289,1.69E-01,1,5512,4.61E+02,5.26E+02,4.83E+02,5.47E+02,4.19E+02,6.48E+02,4.74E+02,6.62E+02,4.36E+02,6.21E+02,4.65E+02,6.16E+02,5.64E-01,6.47E-01,7.30E+00
0.480011641979218,0.23216325044632,1.09879434108734,1.05526173114777,0.982567191123962,1.06512475013733,8.06E-01,7.85E-01,8.15E-01,6.87E-01,7.12E-01,-1.1162125518652,1.02E+00,1,5515,4.60E+02,5.26E+02,4.83E+02,5.47E+02,4.19E+02,6.49E+02,4.75E+02,6.62E+02,4.36E+02,6.22E+02,4.66E+02,6.14E+02,4.68E-01,1.03E+00,6.59E+00
0.481037199497223,0.235186457633972,1.08155393600464,1.04885816574097,0.978039145469666,1.0403299331665,8.29E-01,7.56E-01,8.22E-01,6.98E-01,7.14E-01,0.018210703287492,9.30E-01,1,5518,4.60E+02,5.25E+02,4.83E+02,5.47E+02,4.19E+02,6.50E+02,4.73E+02,6.63E+02,4.37E+02,6.21E+02,4.65E+02,6.15E+02,4.72E-01,9.33E-01,5.10E+00
0.476955384016037,0.231621503829956,1.08051180839539,1.04589998722076,0.974556565284729,1.07398068904877,8.00E-01,7.82E-01,8.24E-01,6.66E-01,7.15E-01,-0.289213721403041,2.97E-01,1,5521,4.59E+02,5.25E+02,4.82E+02,5.46E+02,4.19E+02,6.48E+02,4.74E+02,6.62E+02,4.36E+02,6.21E+02,4.64E+02,6.13E+02,6.48E-01,7.63E-01,2.92E+00
0.483239978551865,0.235345900058746,1.08914422988892,1.05038583278656,0.983887374401093,1.03912043571472,8.24E-01,7.54E-01,8.29E-01,6.98E-01,7.19E-01,0.086028469271706,5.71E-01,1,5524,4.60E+02,5.25E+02,4.83E+02,5.46E+02,4.19E+02,6.49E+02,4.74E+02,6.62E+02,4.37E+02,6.20E+02,4.65E+02,6.14E+02,2.94E-01,6.30E-01,1.41E+00
0.478101581335068,0.23281367123127,1.07483792304993,1.06184673309326,0.97244393825531,1.07393312454224,8.12E-01,7.72E-01,8.23E-01,6.88E-01,7.19E-01,-0.125597023623052,2.36E+00,1,5526,4.59E+02,5.25E+02,4.83E+02,5.46E+02,4.19E+02,6.48E+02,4.74E+02,6.62E+02,4.36E+02,6.21E+02,4.65E+02,6.13E+02,1.05E+00,5.21E-01,1.55E+00
0.478516608476639,0.23405759036541,1.08058381080627,1.05846190452576,0.969314754009247,1.06727433204651,8.16E-01,7.66E-01,8.33E-01,6.76E-01,7.15E-01,-2.29192890874969,1.55E+00,1,5529,4.60E+02,5.26E+02,4.82E+02,5.47E+02,4.18E+02,6.49E+02,4.73E+02,6.63E+02,4.37E+02,6.21E+02,4.65E+02,6.17E+02,1.74E+00,1.74E+00,2.21E+00
0.476467132568359,0.231813862919807,1.07262694835663,1.05593454837799,0.975458741188049,1.09690952301025,8.08E-01,7.74E-01,8.16E-01,6.86E-01,7.14E-01,-0.38989696585516,4.13E-01,1,5532,4.60E+02,5.27E+02,4.83E+02,5.48E+02,4.20E+02,6.50E+02,4.75E+02,6.63E+02,4.37E+02,6.23E+02,4.64E+02,6.15E+02,1.05E+00,1.76E+00,3.08E+00
0.478908389806747,0.234943673014641,1.08534944057465,1.05565869808197,0.96769517660141,1.07762503623962,8.29E-01,7.66E-01,8.25E-01,6.94E-01,7.09E-01,-0.231917113511456,5.72E-01,1,5535,4.60E+02,5.27E+02,4.83E+02,5.48E+02,4.20E+02,6.50E+02,4.73E+02,6.63E+02,4.37E+02,6.22E+02,4.65E+02,6.17E+02,3.87E-01,4.77E-01,2.39E+00
0.476099282503128,0.234314471483231,1.07370030879974,1.06056141853333,0.971240937709808,1.09169459342957,8.04E-01,7.75E-01,8.19E-01,6.84E-01,7.17E-01,-0.162602490020991,1.36E-01,1,5538,4.60E+02,5.27E+02,4.83E+02,5.48E+02,4.19E+02,6.51E+02,4.73E+02,6.64E+02,4.36E+02,6.23E+02,4.65E+02,6.15E+02,7.16E-01,9.21E-01,1.72E+00
0.479282349348068,0.23410239815712,1.07437026500702,1.04673624038696,0.982995569705963,1.07195281982422,8.25E-01,7.83E-01,8.20E-01,6.85E-01,7.22E-01,0.065454022498208,5.64E-01,1,5540,4.60E+02,5.27E+02,4.83E+02,5.49E+02,4.18E+02,6.50E+02,4.74E+02,6.65E+02,4.37E+02,6.23E+02,4.64E+02,6.17E+02,9.08E-01,1.18E+00,8.09E-01
0.484546571969986,0.235179677605629,1.06864869594574,1.05142784118652,0.975753664970398,1.1041544675827,8.11E-01,7.91E-01,8.15E-01,6.85E-01,7.10E-01,0.141539528731221,8.19E-01,1,5543,4.60E+02,5.30E+02,4.83E+02,5.51E+02,4.20E+02,6.52E+02,4.73E+02,6.68E+02,4.37E+02,6.25E+02,4.65E+02,6.18E+02,1.06E-01,1.78E-01,1.43E+00
0.479811489582062,0.237883821129799,1.0988028049469,1.06136763095856,0.958988428115845,1.08664989471436,8.25E-01,7.68E-01,8.05E-01,6.91E-01,7.14E-01,0.043129284570737,7.60E-02,1,5546,4.60E+02,5.30E+02,4.83E+02,5.51E+02,4.19E+02,6.54E+02,4.73E+02,6.67E+02,4.37E+02,6.26E+02,4.65E+02,6.19E+02,3.68E-01,6.27E-01,2.35E+00
0.475278586149216,0.235897421836853,1.07041049003601,1.05873370170593,0.970062017440796,1.11533296108246,8.00E-01,7.82E-01,8.15E-01,6.88E-01,7.19E-01,0.255929813813203,8.62E-01,1,5549,4.60E+02,5.30E+02,4.83E+02,5.51E+02,4.20E+02,6.52E+02,4.74E+02,6.67E+02,4.37E+02,6.25E+02,4.65E+02,6.18E+02,7.89E-01,4.70E-01,2.67E+00
0.484435468912125,0.237514898180962,1.07655501365662,1.05880558490753,0.974080145359039,1.08519172668457,8.52E-01,7.50E-01,8.30E-01,6.82E-01,7.08E-01,0.02606952614707,9.46E-01,1,5552,4.60E+02,5.30E+02,4.83E+02,5.51E+02,4.20E+02,6.53E+02,4.73E+02,6.67E+02,4.37E+02,6.25E+02,4.65E+02,6.19E+02,2.83E-01,9.72E-01,1.88E+00
0.478297531604767,0.236453086137772,1.07034385204315,1.04946708679199,0.979467928409576,1.12309181690216,7.97E-01,7.82E-01,8.17E-01,6.92E-01,7.09E-01,-0.134428490529327,1.59E+00,0,5554,4.60E+02,5.30E+02,4.83E+02,5.51E+02,4.19E+02,6.52E+02,4.74E+02,6.67E+02,4.36E+02,6.26E+02,4.64E+02,6.18E+02,5.58E-01,1.03E+00,3.25E-01
0.477832823991776,0.239145070314407,1.06078708171844,1.0743715763092,0.966900587081909,1.09995377063751,8.49E-01,7.65E-01,8.19E-01,6.91E-01,7.13E-01,-0.789937824198085,5.67E+00,0,5557,4.60E+02,5.26E+02,4.83E+02,5.48E+02,4.19E+02,6.50E+02,4.75E+02,6.63E+02,4.37E+02,6.22E+02,4.66E+02,6.15E+02,1.79E+00,5.63E-01,5.47E-01
0.481988430023193,0.233859300613403,1.06368851661682,1.05231511592865,0.958853244781494,1.12353122234344,7.94E-01,7.89E-01,8.25E-01,6.97E-01,7.18E-01,-0.123937791968725,2.13E-01,0,5560,4.59E+02,5.27E+02,4.83E+02,5.49E+02,4.19E+02,6.51E+02,4.75E+02,6.65E+02,4.37E+02,6.23E+02,4.65E+02,6.16E+02,2.04E+00,1.90E+00,2.29E+00
0.483533591032028,0.235651388764381,1.0603209733963,1.05814528465271,0.976380586624146,1.1094229221344,8.48E-01,7.51E-01,8.13E-01,6.59E-01,7.17E-01,-0.090884270751235,1.10E+00,0,5563,4.60E+02,5.28E+02,4.84E+02,5.49E+02,4.19E+02,6.49E+02,4.75E+02,6.64E+02,4.38E+02,6.23E+02,4.66E+02,6.17E+02,5.49E-01,1.81E+00,3.33E+00
0.475714892148972,0.235075071454048,1.06469988822937,1.07312071323395,0.97160804271698,1.11930429935455,8.05E-01,7.92E-01,8.28E-01,6.97E-01,7.19E-01,5.07297491768612,2.77E+00,0,5566,4.59E+02,5.27E+02,4.83E+02,5.49E+02,4.20E+02,6.50E+02,4.74E+02,6.66E+02,4.37E+02,6.23E+02,4.66E+02,6.15E+02,6.33E-01,8.09E-01,3.48E+00
0.480619877576828,0.239183336496353,1.05013680458069,1.06221234798431,0.962736666202545,1.10276341438293,8.40E-01,7.66E-01,8.24E-01,6.68E-01,7.07E-01,-4.86633477191005,3.21E+00,0,5568,4.60E+02,5.26E+02,4.83E+02,5.48E+02,4.19E+02,6.51E+02,4.75E+02,6.65E+02,4.37E+02,6.23E+02,4.65E+02,6.15E+02,1.27E+00,9.22E-01,4.06E+00
0.478400945663452,0.232035353779793,1.07291078567505,1.0735114812851,0.978169143199921,1.11037003993988,8.31E-01,7.57E-01,8.22E-01,6.88E-01,7.09E-01,-3.87114457945978,2.66E+00,0,5571,4.59E+02,5.26E+02,4.83E+02,5.48E+02,4.20E+02,6.49E+02,4.76E+02,6.64E+02,4.37E+02,6.22E+02,4.65E+02,6.15E+02,4.44E-01,6.87E-01,4.70E+00
0.475444972515106,0.233167633414268,1.06758606433868,1.06246113777161,0.975588440895081,1.11646783351898,8.47E-01,7.58E-01,8.12E-01,6.91E-01,7.13E-01,-0.404669227137022,1.89E+00,0,5574,4.59E+02,5.25E+02,4.83E+02,5.48E+02,4.20E+02,6.50E+02,4.75E+02,6.65E+02,4.38E+02,6.22E+02,4.66E+02,6.16E+02,1.46E+00,4.48E-01,6.61E+00
0.467751830816269,0.233120188117027,1.08877432346344,1.04655945301056,0.98473858833313,1.11374711990356,8.44E-01,7.72E-01,8.23E-01,6.74E-01,7.13E-01,-0.456630670911268,5.13E-01,0,5577,4.59E+02,5.25E+02,4.83E+02,5.48E+02,4.20E+02,6.51E+02,4.76E+02,6.65E+02,4.37E+02,6.23E+02,4.66E+02,6.15E+02,9.02E-01,2.94E-01,8.30E+00
0.475006073713303,0.235806658864021,1.06386208534241,1.06372082233429,0.968189418315887,1.11490559577942,8.49E-01,7.49E-01,8.17E-01,7.04E-01,7.11E-01,-0.006231443699585,9.12E-01,0,5580,4.59E+02,5.26E+02,4.83E+02,5.49E+02,4.20E+02,6.52E+02,4.75E+02,6.66E+02,4.37E+02,6.24E+02,4.66E+02,6.18E+02,5.46E-01,7.57E-01,9.27E+00
0.479043155908585,0.236296594142914,1.07218396663666,1.06855320930481,0.977010905742645,1.11283361911774,8.32E-01,7.78E-01,8.16E-01,6.83E-01,7.09E-01,-0.366293169279094,1.20E+00,0,5582,4.58E+02,5.28E+02,4.83E+02,5.50E+02,4.19E+02,6.53E+02,4.75E+02,6.67E+02,4.37E+02,6.25E+02,4.66E+02,6.19E+02,3.59E-01,2.58E-01,9.32E+00
0.477883338928223,0.238723859190941,1.07192766666412,1.08133721351624,0.979178190231323,1.10917234420776,8.63E-01,7.54E-01,8.32E-01,6.89E-01,7.01E-01,-0.455536609687488,1.29E+00,0,5585,4.59E+02,5.28E+02,4.83E+02,5.50E+02,4.19E+02,6.52E+02,4.76E+02,6.66E+02,4.38E+02,6.25E+02,4.66E+02,6.17E+02,4.13E-01,8.41E-01,8.46E+00
0.474551022052765,0.234460636973381,1.07516372203827,1.07240223884583,0.985524892807007,1.10165452957153,8.03E-01,7.84E-01,8.21E-01,6.77E-01,7.15E-01,-0.231629531500379,5.78E-01,0,5588,4.59E+02,5.27E+02,4.83E+02,5.49E+02,4.21E+02,6.51E+02,4.76E+02,6.66E+02,4.37E+02,6.24E+02,4.66E+02,6.17E+02,1.19E+00,7.86E-01,7.42E+00
0.476230442523956,0.239888295531273,1.07953679561615,1.06543457508087,0.962932229042053,1.09504640102386,8.41E-01,7.47E-01,8.36E-01,6.72E-01,7.15E-01,0.132088823491012,8.50E-01,0,5591,4.59E+02,5.26E+02,4.83E+02,5.48E+02,4.20E+02,6.50E+02,4.75E+02,6.65E+02,4.38E+02,6.23E+02,4.66E+02,6.15E+02,3.22E-01,9.43E-01,4.90E+00
0.474160671234131,0.235141903162003,1.09160733222961,1.06916415691376,0.973491370677948,1.10925483703613,8.22E-01,7.80E-01,8.28E-01,6.79E-01,7.15E-01,3.45076909778985,2.17E+00,0,5594,4.59E+02,5.26E+02,4.83E+02,5.49E+02,4.20E+02,6.50E+02,4.76E+02,6.65E+02,4.38E+02,6.23E+02,4.66E+02,6.17E+02,2.09E-01,9.14E-01,2.76E+00
0.474981665611267,0.242466360330582,1.08760368824005,1.0622034072876,0.979691505432129,1.09885621070862,8.47E-01,7.57E-01,8.13E-01,6.76E-01,7.13E-01,-2.98560298383495,9.47E-01,0,5596,4.59E+02,5.26E+02,4.83E+02,5.48E+02,4.20E+02,6.51E+02,4.75E+02,6.63E+02,4.38E+02,6.22E+02,4.65E+02,6.17E+02,5.18E-01,5.09E-01,2.24E+00
0.473584443330765,0.234924450516701,1.07333362102509,1.07467246055603,0.979551315307617,1.0829758644104,8.15E-01,7.79E-01,8.14E-01,6.91E-01,7.11E-01,-0.87979240175385,1.43E+00,0,5599,4.58E+02,5.24E+02,4.83E+02,5.47E+02,4.20E+02,6.49E+02,4.74E+02,6.65E+02,4.37E+02,6.22E+02,4.65E+02,6.15E+02,1.66E+00,6.13E-01,2.08E+00
0.477113395929337,0.239806085824966,1.07996368408203,1.06652843952179,0.965872347354889,1.06964063644409,8.55E-01,7.61E-01,8.15E-01,6.82E-01,7.10E-01,-0.328635188591063,2.54E+00,0,5602,4.59E+02,5.21E+02,4.83E+02,5.43E+02,4.21E+02,6.45E+02,4.76E+02,6.57E+02,4.38E+02,6.17E+02,4.66E+02,6.10E+02,3.31E-01,1.59E+00,3.08E+00
0.475965082645416,0.235187709331512,1.06573975086212,1.04957139492035,0.9735267162323,1.08476293087006,8.22E-01,7.71E-01,8.04E-01,7.09E-01,7.07E-01,-0.225672233590491,1.78E-01,0,5605,4.59E+02,5.20E+02,4.84E+02,5.42E+02,4.21E+02,6.44E+02,4.75E+02,6.59E+02,4.38E+02,6.17E+02,4.66E+02,6.09E+02,1.37E+00,1.39E+00,3.70E+00
0.481704890727997,0.241163924336433,1.07935476303101,1.0506409406662,0.968418419361115,1.07034313678741,8.42E-01,7.44E-01,8.14E-01,7.09E-01,7.05E-01,0.036651664123427,1.06E-01,0,5608,4.59E+02,5.17E+02,4.84E+02,5.39E+02,4.21E+02,6.41E+02,4.76E+02,6.55E+02,4.38E+02,6.14E+02,4.66E+02,6.07E+02,3.87E-01,6.86E-01,3.57E+00
0.473103910684586,0.237629696726799,1.08128535747528,1.06302452087402,0.977763712406158,1.05509757995605,8.25E-01,7.72E-01,8.08E-01,6.79E-01,7.02E-01,0.029249452640668,2.45E+00,0,5610,4.58E+02,5.16E+02,4.84E+02,5.39E+02,4.21E+02,6.42E+02,4.78E+02,6.52E+02,4.38E+02,6.14E+02,4.67E+02,6.06E+02,5.31E-01,1.28E+00,2.32E+00
0.474887311458588,0.241485521197319,1.07689762115479,1.06911504268646,0.975299954414368,1.04342222213745,8.47E-01,7.48E-01,8.24E-01,6.85E-01,7.09E-01,-1.03085736738355,2.48E+00,0,5613,4.59E+02,5.16E+02,4.84E+02,5.38E+02,4.21E+02,6.41E+02,4.76E+02,6.53E+02,4.39E+02,6.13E+02,4.66E+02,6.05E+02,1.19E+00,1.96E-01,1.74E+00
0.475201308727264,0.237729415297508,1.0838018655777,1.05840969085693,0.976285636425018,1.05852997303009,8.41E-01,7.72E-01,8.03E-01,6.85E-01,7.03E-01,-0.458453843748734,8.42E-01,0,5616,4.58E+02,5.16E+02,4.84E+02,5.38E+02,4.21E+02,6.40E+02,4.78E+02,6.54E+02,4.38E+02,6.13E+02,4.67E+02,6.06E+02,3.77E-01,7.45E-01,2.13E+00
0.478827834129334,0.240773439407349,1.06594407558441,1.07392156124115,0.98041695356369,1.04116213321686,8.57E-01,7.41E-01,8.14E-01,6.83E-01,7.04E-01,0.018227482767817,1.66E+00,0,5619,4.59E+02,5.13E+02,4.84E+02,5.41E+02,4.20E+02,6.47E+02,4.76E+02,6.64E+02,4.39E+02,6.17E+02,4.67E+02,6.14E+02,7.15E-01,8.73E-01,2.86E+00
0.479014396667481,0.240977942943573,1.07622575759888,1.06650352478027,0.972758948802948,0.994923412799835,8.57E-01,7.65E-01,8.09E-01,7.12E-01,7.12E-01,2.37649036154484,2.46E+00,0,5622,4.57E+02,5.39E+02,4.84E+02,5.63E+02,4.20E+02,6.66E+02,4.77E+02,6.78E+02,4.38E+02,6.37E+02,4.69E+02,6.31E+02,4.33E-01,9.09E-01,2.89E+00
0.483142405748367,0.243853375315666,1.09217369556427,1.05808067321777,0.962217450141907,1.01638805866241,8.24E-01,7.59E-01,8.21E-01,7.07E-01,7.15E-01,-4.59483490530376,2.44E+00,0,5624,4.58E+02,5.29E+02,4.84E+02,5.50E+02,4.21E+02,6.54E+02,4.78E+02,6.65E+02,4.39E+02,6.25E+02,4.67E+02,6.16E+02,9.53E-01,1.91E+00,1.94E+00
0.473364770412445,0.241207271814346,1.08709859848022,1.05035746097565,0.973596930503845,1.02591097354889,8.63E-01,7.67E-01,8.27E-01,6.85E-01,7.07E-01,-0.765631941219565,2.96E-01,0,5627,4.57E+02,5.27E+02,4.85E+02,5.50E+02,4.21E+02,6.56E+02,4.78E+02,6.66E+02,4.39E+02,6.26E+02,4.69E+02,6.17E+02,1.26E+00,6.76E-01,1.72E+00
0.483471184968948,0.242365896701813,1.08507454395294,1.05224096775055,0.990713119506836,1.00202405452728,8.04E-01,7.59E-01,8.16E-01,6.94E-01,7.18E-01,-1.36568685134449,3.18E+00,0,5630,4.58E+02,5.26E+02,4.84E+02,5.48E+02,4.22E+02,6.52E+02,4.79E+02,6.63E+02,4.40E+02,6.24E+02,4.69E+02,6.16E+02,1.35E+00,1.66E-01,2.28E+00
0.472021609544754,0.241265654563904,1.08704960346222,1.05916559696198,0.98227334022522,1.01956963539124,8.56E-01,7.66E-01,8.16E-01,6.95E-01,7.14E-01,0.054583930072408,2.18E+00,0,5633,4.58E+02,5.27E+02,4.85E+02,5.49E+02,4.22E+02,6.54E+02,4.79E+02,6.65E+02,4.40E+02,6.25E+02,4.69E+02,6.16E+02,7.19E-01,3.55E-01,3.64E+00
0.481456220149994,0.244846075773239,1.10791301727295,1.06286227703094,0.98163765668869,1.02174615859985,8.40E-01,7.55E-01,8.11E-01,7.03E-01,7.07E-01,0.564114280385728,2.12E+00,0,5636,4.58E+02,5.27E+02,4.84E+02,5.48E+02,4.22E+02,6.53E+02,4.79E+02,6.64E+02,4.40E+02,6.24E+02,4.68E+02,6.15E+02,6.63E-01,7.46E-01,4.86E+00
0.477198928594589,0.242206037044525,1.08592760562897,1.06176149845123,0.979972660541534,1.02188539505005,8.45E-01,7.65E-01,8.17E-01,6.74E-01,7.14E-01,-0.692167245849856,1.36E+00,0,5638,4.57E+02,5.25E+02,4.84E+02,5.47E+02,4.23E+02,6.51E+02,4.78E+02,6.64E+02,4.39E+02,6.24E+02,4.67E+02,6.16E+02,5.94E-01,1.18E+00,5.17E+00
0.47712653875351,0.244429290294647,1.08773863315582,1.06574988365173,0.979205846786499,1.02714920043945,8.50E-01,7.52E-01,8.19E-01,6.85E-01,7.08E-01,-1.90926624881471,1.54E+00,0,5641,4.58E+02,5.23E+02,4.84E+02,5.44E+02,4.23E+02,6.47E+02,4.78E+02,6.61E+02,4.40E+02,6.18E+02,4.68E+02,6.11E+02,1.30E+00,1.19E+00,5.44E+00
0.483345925807953,0.243397399783134,1.08061850070953,1.05131649971008,0.972155392169952,1.03620970249176,8.20E-01,7.70E-01,8.17E-01,7.16E-01,7.12E-01,-0.946525820528962,1.58E+00,0,5644,4.58E+02,5.21E+02,4.85E+02,5.42E+02,4.22E+02,6.45E+02,4.79E+02,6.58E+02,4.39E+02,6.18E+02,4.69E+02,6.10E+02,2.95E-01,1.29E+00,4.44E+00
0.484948635101318,0.249198526144028,1.07134544849396,1.04542469978333,0.981753885746002,1.01386368274689,8.46E-01,7.50E-01,8.11E-01,6.88E-01,7.08E-01,-0.07508545412458,1.13E+00,0,5647,4.58E+02,5.18E+02,4.84E+02,5.38E+02,4.23E+02,6.41E+02,4.79E+02,6.52E+02,4.39E+02,6.13E+02,4.68E+02,6.05E+02,6.34E-01,6.65E-01,3.91E+00
0.471896708011627,0.245151475071907,1.06564056873322,1.04866743087769,0.969463884830475,1.03640305995941,8.01E-01,7.74E-01,8.16E-01,6.89E-01,7.03E-01,-0.148976348213616,7.21E-01,0,5650,4.58E+02,5.12E+02,4.84E+02,5.35E+02,4.22E+02,6.37E+02,4.77E+02,6.51E+02,4.39E+02,6.10E+02,4.68E+02,6.02E+02,5.09E-01,8.93E-01,4.40E+00
0.478562295436859,0.249410316348076,1.06495451927185,1.05125224590302,0.97109854221344,1.0078272819519,8.44E-01,7.37E-01,8.22E-01,6.93E-01,7.13E-01,-0.113757069340695,1.41E+00,0,5652,4.59E+02,5.10E+02,4.85E+02,5.31E+02,4.22E+02,6.33E+02,4.78E+02,6.47E+02,4.40E+02,6.06E+02,4.67E+02,5.99E+02,9.22E-01,1.15E+00,4.73E+00
0.473621100187302,0.243002086877823,1.07611536979675,1.03660321235657,0.976666212081909,1.0363734960556,8.27E-01,7.75E-01,8.07E-01,7.09E-01,7.04E-01,-1.74681291020107,1.31E+00,0,5655,4.58E+02,5.09E+02,4.84E+02,5.30E+02,4.22E+02,6.34E+02,4.77E+02,6.47E+02,4.39E+02,6.06E+02,4.68E+02,5.98E+02,7.19E-01,8.22E-01,5.93E+00
0.474504590034485,0.245777979493141,1.06803452968597,1.06350147724152,0.975017309188843,1.00900816917419,8.37E-01,7.53E-01,8.25E-01,6.75E-01,7.07E-01,-0.125562877308099,2.21E+00,0,5658,4.59E+02,5.09E+02,4.85E+02,5.30E+02,4.22E+02,6.35E+02,4.78E+02,6.46E+02,4.40E+02,6.06E+02,4.68E+02,5.98E+02,5.48E-01,6.28E-01,6.70E+00
0.465676009654999,0.240438893437386,1.08131694793701,1.04660522937775,0.961647927761078,1.02672529220581,8.40E-01,7.66E-01,8.14E-01,6.91E-01,7.05E-01,-0.087417099686614,1.36E+00,0,5661,4.59E+02,5.08E+02,4.85E+02,5.30E+02,4.22E+02,6.34E+02,4.78E+02,6.48E+02,4.40E+02,6.06E+02,4.68E+02,5.99E+02,1.25E+00,5.20E-01,5.90E+00
0.465555399656296,0.247094377875328,1.07229042053223,1.06084859371185,0.963069617748261,0.990295648574829,8.12E-01,7.37E-01,7.96E-01,6.92E-01,7.08E-01,0.29440441703221,2.95E+00,0,5664,4.59E+02,5.05E+02,4.85E+02,5.27E+02,4.23E+02,6.30E+02,4.78E+02,6.43E+02,4.40E+02,6.03E+02,4.69E+02,5.95E+02,4.45E-01,1.17E+00,4.51E+00
0.457936137914658,0.243689894676208,1.06826651096344,1.0491179227829,0.971389293670654,1.01441252231598,8.48E-01,7.68E-01,7.94E-01,6.60E-01,7.05E-01,0.228182968624184,1.49E-01,0,5666,4.59E+02,5.03E+02,4.85E+02,5.25E+02,4.23E+02,6.29E+02,4.78E+02,6.43E+02,4.40E+02,6.02E+02,4.68E+02,5.94E+02,5.59E-01,2.03E+00,2.80E+00
0.464883118867874,0.246046811342239,1.05270850658417,1.05248880386353,0.97954136133194,1.02634799480438,8.48E-01,7.44E-01,8.11E-01,7.02E-01,7.09E-01,-1.6506363820217,1.31E+00,0,5669,4.59E+02,5.00E+02,4.85E+02,5.21E+02,4.22E+02,6.24E+02,4.78E+02,6.37E+02,4.40E+02,5.97E+02,4.68E+02,5.90E+02,8.93E-01,8.29E-01,1.32E+00
0.460023611783981,0.245016306638718,1.07065188884735,1.06302356719971,0.969919621944428,1.02319014072418,8.55E-01,7.60E-01,8.01E-01,6.77E-01,7.06E-01,0.106357005588981,3.07E-01,0,5672,4.59E+02,4.97E+02,4.85E+02,5.20E+02,4.23E+02,6.23E+02,4.78E+02,6.37E+02,4.40E+02,5.95E+02,4.68E+02,5.88E+02,6.86E-02,5.64E-01,2.88E+00
0.461379379034042,0.242063939571381,1.07454514503479,1.06923305988312,0.970626473426819,1.0038937330246,8.42E-01,7.33E-01,8.08E-01,7.02E-01,7.11E-01,0.002695053362628,1.01E+00,0,5675,4.59E+02,4.93E+02,4.85E+02,5.15E+02,4.23E+02,6.18E+02,4.78E+02,6.31E+02,4.40E+02,5.90E+02,4.69E+02,5.83E+02,2.79E-01,6.12E-01,4.87E+00
0.457867801189423,0.241019800305367,1.08586323261261,1.0661872625351,0.982813060283661,1.01981043815613,8.40E-01,7.57E-01,8.06E-01,6.51E-01,7.17E-01,-0.823272485075286,1.83E+00,0,5678,4.59E+02,4.91E+02,4.85E+02,5.14E+02,4.24E+02,6.17E+02,4.79E+02,6.31E+02,4.40E+02,5.90E+02,4.69E+02,5.82E+02,4.67E-01,8.99E-01,5.59E+00
0.465359270572662,0.24108923971653,1.09633362293243,1.08046996593475,0.974328815937042,1.03147959709167,8.30E-01,7.46E-01,8.04E-01,6.83E-01,7.07E-01,-2.1862555067299,4.22E+00,0,5680,4.59E+02,4.91E+02,4.85E+02,5.13E+02,4.24E+02,6.16E+02,4.78E+02,6.30E+02,4.40E+02,5.88E+02,4.68E+02,5.81E+02,8.11E-01,6.94E-01,5.63E+00
0.457444608211517,0.239481836557388,1.08966374397278,1.05146265029907,0.97692346572876,1.02918446063995,8.11E-01,7.64E-01,8.23E-01,6.99E-01,7.07E-01,-1.68355439979963,2.49E+00,0,5683,4.60E+02,4.91E+02,4.85E+02,5.13E+02,4.24E+02,6.17E+02,4.79E+02,6.30E+02,4.40E+02,5.89E+02,4.68E+02,5.82E+02,1.44E+00,1.13E+00,5.30E+00
0.467824399471283,0.245107263326645,1.08383238315582,1.05443072319031,0.984698116779327,1.02275538444519,8.24E-01,7.40E-01,8.21E-01,6.90E-01,7.16E-01,-0.097210885988032,5.40E-01,0,5686,4.60E+02,4.90E+02,4.85E+02,5.12E+02,4.23E+02,6.14E+02,4.78E+02,6.28E+02,4.40E+02,5.86E+02,4.68E+02,5.80E+02,5.38E-01,1.15E+00,3.88E+00
0.463431745767593,0.238262787461281,1.07023632526398,1.05906808376312,0.972602725028992,1.03872501850128,8.25E-01,7.77E-01,8.02E-01,7.01E-01,7.09E-01,0.727927458577123,1.05E+00,0,5689,4.59E+02,4.90E+02,4.85E+02,5.11E+02,4.22E+02,6.14E+02,4.77E+02,6.29E+02,4.39E+02,5.87E+02,4.68E+02,5.79E+02,4.95E-01,6.89E-01,3.87E+00
0.465690135955811,0.245447039604187,1.10220658779144,1.05769789218903,0.984143376350403,1.01835763454437,8.50E-01,7.41E-01,8.21E-01,6.64E-01,7.11E-01,-0.522846598882354,1.70E+00,0,5692,4.60E+02,4.89E+02,4.85E+02,5.12E+02,4.23E+02,6.14E+02,4.78E+02,6.29E+02,4.41E+02,5.87E+02,4.69E+02,5.79E+02,7.44E-01,6.67E-01,4.34E+00
0.465630203485489,0.24227075278759,1.07705163955688,1.05316889286041,0.97634220123291,1.03311729431152,8.08E-01,7.94E-01,8.11E-01,6.98E-01,7.14E-01,-0.334824060452744,8.46E-01,0,5694,4.60E+02,4.92E+02,4.86E+02,5.12E+02,4.22E+02,6.15E+02,4.79E+02,6.27E+02,4.40E+02,5.88E+02,4.67E+02,5.78E+02,1.79E+00,6.92E-01,5.12E+00
0.469322592020035,0.241116210818291,1.07816970348358,1.05433773994446,0.989409923553467,1.00447332859039,8.50E-01,7.62E-01,8.26E-01,6.80E-01,7.09E-01,-0.032660687258855,5.69E-01,0,5697,4.60E+02,4.88E+02,4.84E+02,5.08E+02,4.21E+02,6.12E+02,4.77E+02,6.23E+02,4.39E+02,5.84E+02,4.68E+02,5.78E+02,5.22E-01,1.92E+00,5.14E+00
0.473606735467911,0.24032586812973,1.07625472545624,1.04628431797028,0.961989760398865,1.03070104122162,8.06E-01,7.82E-01,8.21E-01,6.80E-01,7.16E-01,-0.029198480207243,1.14E+00,0,5700,4.60E+02,4.86E+02,4.85E+02,5.07E+02,4.23E+02,6.08E+02,4.78E+02,6.23E+02,4.39E+02,5.82E+02,4.67E+02,5.73E+02,1.42E+00,1.72E+00,4.55E+00
0.468260079622269,0.241031929850578,1.08408486843109,1.0486307144165,0.964366018772125,1.0150500535965,8.31E-01,7.56E-01,8.10E-01,6.80E-01,7.16E-01,0.567141130467523,6.28E-01,0,5703,4.61E+02,4.85E+02,4.85E+02,5.05E+02,4.22E+02,6.09E+02,4.77E+02,6.21E+02,4.40E+02,5.81E+02,4.68E+02,5.76E+02,5.99E-01,1.02E+00,3.05E+00
0.467788130044937,0.242096439003944,1.07795572280884,1.05717754364014,0.974400103092194,1.03543090820313,7.89E-01,7.74E-01,8.32E-01,6.99E-01,7.19E-01,0.787133583112294,6.66E-01,0,5706,4.61E+02,4.82E+02,4.85E+02,5.04E+02,4.23E+02,6.05E+02,4.76E+02,6.20E+02,4.39E+02,5.80E+02,4.68E+02,5.72E+02,1.37E-01,1.52E+00,2.84E+00
0.473848074674606,0.240019246935844,1.07311904430389,1.05992114543915,0.979481399059296,1.00215148925781,8.33E-01,7.63E-01,8.27E-01,6.97E-01,7.21E-01,-1.38254300987868,1.44E+00,0,5708,4.61E+02,4.80E+02,4.84E+02,5.00E+02,4.22E+02,6.02E+02,4.76E+02,6.17E+02,4.39E+02,5.75E+02,4.66E+02,5.71E+02,6.40E-02,1.13E+00,3.00E+00
0.474718511104584,0.243328064680099,1.08639693260193,1.0614470243454,0.990233063697815,1.04337656497955,7.79E-01,7.90E-01,8.11E-01,6.87E-01,7.34E-01,-1.08198404996421,1.05E+00,0,5711,4.61E+02,4.78E+02,4.85E+02,5.00E+02,4.23E+02,6.02E+02,4.77E+02,6.17E+02,4.39E+02,5.75E+02,4.67E+02,5.69E+02,4.72E-01,7.59E-01,3.61E+00
0.477759271860123,0.242720946669579,1.0614413022995,1.04975807666779,0.982129096984863,1.00063586235046,8.37E-01,7.73E-01,8.20E-01,6.85E-01,7.28E-01,-0.164202607736275,1.06E+00,1,5714,4.62E+02,4.77E+02,4.85E+02,4.97E+02,4.22E+02,5.99E+02,4.76E+02,6.13E+02,4.40E+02,5.72E+02,4.68E+02,5.65E+02,6.83E-01,1.06E-01,3.85E+00
0.47171950340271,0.240471392869949,1.06592047214508,1.05054664611816,0.991532623767853,1.03249847888947,7.94E-01,7.73E-01,8.02E-01,6.48E-01,7.11E-01,2.57415129067394,1.94E+00,1,5717,4.61E+02,4.64E+02,4.84E+02,4.95E+02,4.22E+02,5.97E+02,4.76E+02,6.11E+02,4.39E+02,5.70E+02,4.67E+02,5.62E+02,1.30E+00,1.00E+00,3.13E+00
0.475271224975586,0.244227007031441,1.08761191368103,1.06166422367096,1.00548660755157,1.00027871131897,8.35E-01,7.70E-01,8.22E-01,6.89E-01,7.13E-01,-0.577006367296114,1.16E+00,1,5720,4.62E+02,4.65E+02,4.85E+02,4.86E+02,4.23E+02,5.89E+02,4.77E+02,6.03E+02,4.40E+02,5.61E+02,4.67E+02,5.56E+02,1.10E+00,1.32E+00,2.36E+00
0.466530859470367,0.242114469408989,1.06034195423126,1.05846929550171,0.981292247772217,1.02779626846313,7.85E-01,7.91E-01,8.09E-01,6.84E-01,7.18E-01,-1.47113633640235,2.82E+00,1,5722,4.61E+02,4.65E+02,4.85E+02,4.86E+02,4.22E+02,5.88E+02,4.76E+02,6.02E+02,4.39E+02,5.61E+02,4.66E+02,5.53E+02,1.31E+00,1.21E+00,2.59E+00
0.47064608335495,0.240584507584572,1.04776513576508,1.04831492900848,0.985707879066467,1.01342105865479,8.25E-01,7.66E-01,8.16E-01,6.84E-01,7.26E-01,0.006820534475281,9.83E-01,1,5725,4.62E+02,4.67E+02,4.84E+02,4.88E+02,4.23E+02,5.90E+02,4.77E+02,6.05E+02,4.40E+02,5.62E+02,4.67E+02,5.58E+02,5.09E-01,4.08E-02,4.24E+00
0.470687568187714,0.238522961735725,1.07377004623413,1.06830143928528,0.983121931552887,1.02716898918152,8.00E-01,7.91E-01,8.07E-01,6.77E-01,7.32E-01,1.05075657866647,1.66E+00,1,5728,4.62E+02,4.74E+02,4.85E+02,4.94E+02,4.23E+02,5.96E+02,4.77E+02,6.10E+02,4.39E+02,5.70E+02,4.69E+02,5.61E+02,1.11E+00,1.12E+00,5.66E+00
0.474469542503357,0.240882113575935,1.09462547302246,1.04773986339569,0.97955197095871,0.994350433349609,8.26E-01,7.76E-01,8.18E-01,6.81E-01,7.23E-01,0.143257624770027,1.00E+00,1,5731,4.61E+02,4.75E+02,4.84E+02,4.96E+02,4.22E+02,5.98E+02,4.76E+02,6.14E+02,4.39E+02,5.71E+02,4.68E+02,5.65E+02,2.87E-01,1.31E+00,6.92E+00
0.466025590896606,0.238868579268455,1.06695139408112,1.03610467910767,0.981880605220795,1.03226351737976,7.89E-01,7.72E-01,8.19E-01,6.84E-01,7.29E-01,1.61850105388158,1.37E+00,1,5734,4.60E+02,4.76E+02,4.85E+02,4.97E+02,4.22E+02,5.98E+02,4.77E+02,6.12E+02,4.39E+02,5.72E+02,4.67E+02,5.63E+02,1.35E+00,4.54E-01,7.24E+00
0.472204148769379,0.23913200199604,1.06379497051239,1.05524814128876,1.00388717651367,1.00009500980377,8.35E-01,7.68E-01,8.09E-01,6.88E-01,7.13E-01,-0.863652920514312,6.25E-01,1,5736,4.62E+02,4.75E+02,4.85E+02,4.96E+02,4.23E+02,5.99E+02,4.77E+02,6.12E+02,4.39E+02,5.72E+02,4.69E+02,5.65E+02,1.09E+00,1.18E+00,7.85E+00
0.473984301090241,0.238167479634285,1.06511211395264,1.05921506881714,0.990034997463226,1.04240834712982,7.92E-01,7.69E-01,8.24E-01,6.73E-01,7.28E-01,-1.54098097666965,1.46E+00,1,5739,4.61E+02,4.76E+02,4.85E+02,4.98E+02,4.22E+02,5.98E+02,4.78E+02,6.14E+02,4.39E+02,5.73E+02,4.68E+02,5.65E+02,7.52E-01,1.16E+00,7.13E+00
0.475501894950867,0.240870401263237,1.06649029254913,1.05007994174957,0.985103607177734,1.00034987926483,8.30E-01,7.71E-01,8.24E-01,6.80E-01,7.27E-01,0.208436161599703,2.18E+00,1,5742,4.61E+02,4.76E+02,4.84E+02,4.97E+02,4.22E+02,5.98E+02,4.76E+02,6.12E+02,4.40E+02,5.72E+02,4.69E+02,5.65E+02,8.60E-01,8.80E-01,6.53E+00
0.467848688364029,0.238291382789612,1.05022168159485,1.05530631542206,0.998892068862915,1.02668428421021,8.01E-01,7.91E-01,8.15E-01,6.80E-01,7.31E-01,1.11149050764104,4.85E-01,1,5745,4.61E+02,4.76E+02,4.85E+02,4.97E+02,4.23E+02,5.98E+02,4.77E+02,6.12E+02,4.40E+02,5.73E+02,4.69E+02,5.64E+02,9.84E-01,8.54E-01,5.66E+00
0.473473310470581,0.238619551062584,1.07372272014618,1.05342710018158,0.986259877681732,1.00013840198517,8.35E-01,7.57E-01,8.25E-01,6.74E-01,7.24E-01,0.147309335296293,7.15E-01,1,5748,4.62E+02,4.76E+02,4.85E+02,4.97E+02,4.23E+02,6.00E+02,4.77E+02,6.14E+02,4.40E+02,5.72E+02,4.69E+02,5.66E+02,3.10E-01,1.37E-01,4.51E+00
0.465201735496521,0.238430708646774,1.07021462917328,1.04373455047607,0.983639359474182,1.02998983860016,7.98E-01,7.83E-01,8.07E-01,6.79E-01,7.21E-01,-1.52072115085289,1.64E+00,1,5750,4.61E+02,4.76E+02,4.85E+02,4.97E+02,4.23E+02,5.99E+02,4.78E+02,6.12E+02,4.40E+02,5.72E+02,4.68E+02,5.64E+02,7.59E-01,8.23E-01,3.81E+00
0.474974125623703,0.240630254149437,1.07340788841248,1.05042386054993,0.996745407581329,1.00319397449493,8.31E-01,7.81E-01,8.23E-01,6.70E-01,7.28E-01,-0.042591406225912,9.14E-01,1,5753,4.62E+02,4.77E+02,4.86E+02,4.98E+02,4.22E+02,6.00E+02,4.78E+02,6.14E+02,4.40E+02,5.72E+02,4.69E+02,5.68E+02,9.79E-01,1.28E+00,2.65E+00
0.468257129192352,0.246292114257812,1.09009194374084,1.03734374046326,1.01101446151733,1.04851794242859,8.45E-01,7.52E-01,8.44E-01,6.26E-01,7.69E-01,4.26376071098055,3.87E+00,1,5756,4.61E+02,4.35E+02,4.88E+02,4.83E+02,4.26E+02,5.86E+02,4.79E+02,6.05E+02,4.42E+02,5.58E+02,4.70E+02,5.56E+02,1.54E+00,1.34E+00,1.64E+00
0.502400696277618,0.24585123360157,1.04449450969696,1.03759372234344,1.05788695812225,1.02374577522278,8.72E-01,7.68E-01,8.47E-01,7.21E-01,8.07E-01,-0.115609153094445,4.38E-01,1,5759,4.70E+02,3.45E+02,4.97E+02,3.49E+02,4.31E+02,4.40E+02,4.91E+02,4.53E+02,4.49E+02,4.16E+02,4.81E+02,4.08E+02,1.77E+00,1.91E+00,8.06E-01
0.506250500679016,0.244257524609566,1.04560339450836,1.05157268047333,1.114630818367,1.03380072116852,8.62E-01,8.08E-01,8.40E-01,7.60E-01,8.03E-01,1.64170360230216,1.93E+00,1,5762,4.74E+02,2.54E+02,4.95E+02,2.92E+02,4.30E+02,3.90E+02,4.85E+02,4.07E+02,4.48E+02,3.64E+02,4.78E+02,3.60E+02,1.65E+00,3.46E+00,1.37E+00
0.533044219017029,0.250613868236542,1.05706930160522,1.03779292106628,1.27340757846832,1.01830220222473,8.75E-01,8.14E-01,8.58E-01,7.85E-01,8.08E-01,0.505209725238341,5.90E+00,1,5764,4.79E+02,1.84E+02,4.98E+02,1.95E+02,4.32E+02,2.91E+02,4.90E+02,3.04E+02,4.50E+02,2.66E+02,4.81E+02,2.58E+02,3.96E+00,3.76E+00,1.89E+00
0.525420665740967,0.258288532495499,1.03960871696472,1.03471398353577,1.35118007659912,1.02629065513611,8.55E-01,7.83E-01,8.60E-01,7.82E-01,7.82E-01,8.77331559330783,3.86E+00,1,5767,4.85E+02,1.14E+02,5.04E+02,1.61E+02,4.38E+02,2.52E+02,4.96E+02,2.74E+02,4.57E+02,2.28E+02,4.87E+02,2.28E+02,5.14E-01,3.56E+00,6.50E+00
0,0,0,0,0,0,0.00E+00,0.00E+00,0.00E+00,0.00E+00,0.00E+00,-5.84905125599591,6.45E+01,1,5770,0.00E+00,0.00E+00,0.00E+00,0.00E+00,0.00E+00,0.00E+00,0.00E+00,0.00E+00,0.00E+00,0.00E+00,0.00E+00,0.00E+00,2.38E+01,1.37E+01,4.24E+00
0.556324601173401,0.255509197711945,1.06821072101593,1.03114104270935,1.47771286964417,1.02699208259583,8.75E-01,8.28E-01,9.11E-01,8.15E-01,8.01E-01,0.987684221776945,4.39E+01,1,5773,4.91E+02,2.25E+02,5.09E+02,2.63E+02,4.47E+02,3.41E+02,5.12E+02,3.66E+02,4.66E+02,3.20E+02,4.99E+02,3.24E+02,1.29E+01,2.15E+01,6.08E+00
0.583567678928375,0.280462265014648,1.04661870002747,1.01787352561951,1.45401525497437,0.983435690402985,9.11E-01,8.77E-01,9.08E-01,8.59E-01,8.22E-01,-0.215189606587128,5.71E+00,1,5776,4.93E+02,1.12E+02,5.08E+02,8.75E+01,4.45E+02,1.64E+02,5.06E+02,1.78E+02,4.63E+02,1.43E+02,4.93E+02,1.33E+02,1.31E+01,1.74E+01,1.19E+01
0,0,0,0,0,0,0.00E+00,0.00E+00,0.00E+00,0.00E+00,0.00E+00,15.243128597721,5.91E+00,1,5778,0.00E+00,0.00E+00,0.00E+00,0.00E+00,0.00E+00,0.00E+00,0.00E+00,0.00E+00,0.00E+00,0.00E+00,0.00E+00,0.00E+00,1.23E+01,1.73E+01,2.63E+01
0.489937096834183,0.259154796600342,1.09395623207092,1.00296437740326,1.57831084728241,1.01502418518066,8.09E-01,7.97E-01,8.90E-01,8.00E-01,8.10E-01,-2.02890656729216,6.62E+00,1,5781,6.06E+02,2.17E+02,6.02E+02,1.91E+02,5.09E+02,2.63E+02,5.56E+02,2.79E+02,5.35E+02,2.44E+02,5.60E+02,2.34E+02,1.89E+01,2.30E+01,4.98E+01
0,0,0,0,0,0,0.00E+00,0.00E+00,0.00E+00,0.00E+00,0.00E+00,40.859961507214,1.01E+01,1,5784,0.00E+00,0.00E+00,0.00E+00,0.00E+00,0.00E+00,0.00E+00,0.00E+00,0.00E+00,0.00E+00,0.00E+00,0.00E+00,0.00E+00,3.17E+01,3.54E+01,8.95E+01
0,0,0,0,0,0,0.00E+00,0.00E+00,0.00E+00,0.00E+00,0.00E+00,-12.5450908227631,4.98E+00,1,5787,0.00E+00,0.00E+00,0.00E+00,0.00E+00,0.00E+00,0.00E+00,0.00E+00,0.00E+00,0.00E+00,0.00E+00,0.00E+00,0.00E+00,4.11E+01,2.13E+01,1.13E+02
0.522905707359314,0.26871520280838,1.08366477489471,1.03279280662537,1.65919852256775,1.11190116405487,8.63E-01,8.16E-01,9.19E-01,8.65E-01,8.23E-01,3.80405292267395,5.08E+00,1,5790,3.99E+02,7.01E+01,4.06E+02,1.16E+02,3.26E+02,1.89E+02,3.77E+02,2.33E+02,3.49E+02,1.71E+02,3.75E+02,1.82E+02,1.73E+01,1.23E+01,1.44E+02
0.496689051389694,0.296200066804886,1.11345314979553,1.05219781398773,1.75828635692596,1.15056037902832,8.96E-01,8.32E-01,8.80E-01,8.79E-01,8.17E-01,1.32641313933807,2.85E+01,1,5792,3.70E+02,4.83E+01,3.63E+02,7.20E+01,3.05E+02,1.54E+02,3.63E+02,1.80E+02,3.23E+02,1.32E+02,3.50E+02,1.38E+02,1.54E+01,1.19E+01,1.69E+02
0.520636856555939,0.27398493885994,1.05566072463989,1.03478729724884,1.77287256717682,1.10246193408966,9.06E-01,8.74E-01,8.91E-01,8.10E-01,8.38E-01,2.28439331798302,6.41E+00,0,5795,3.64E+02,1.75E+02,3.54E+02,1.36E+02,2.96E+02,2.12E+02,3.53E+02,2.40E+02,3.15E+02,1.93E+02,3.40E+02,1.97E+02,9.68E+00,1.10E+01,1.81E+02
0,0,0,0,0,0,0.00E+00,0.00E+00,0.00E+00,0.00E+00,0.00E+00,1.3396171118129,1.70E+01,0,5798,0.00E+00,0.00E+00,0.00E+00,0.00E+00,0.00E+00,0.00E+00,0.00E+00,0.00E+00,0.00E+00,0.00E+00,0.00E+00,0.00E+00,5.98E+00,2.45E+01,2.06E+02
0,0,0,0,0,0,0.00E+00,0.00E+00,0.00E+00,0.00E+00,0.00E+00,20.1472688473107,2.82E+01,0,5801,0.00E+00,0.00E+00,0.00E+00,0.00E+00,0.00E+00,0.00E+00,0.00E+00,0.00E+00,0.00E+00,0.00E+00,0.00E+00,0.00E+00,7.22E+00,2.05E+01,2.16E+02
0.515020370483398,0.275775790214539,1.06150412559509,1.06225311756134,1.5710711479187,1.25871479511261,8.56E-01,8.00E-01,8.94E-01,7.91E-01,8.26E-01,1.32332924326754,8.47E+00,0,5804,3.61E+02,6.25E+02,3.60E+02,6.31E+02,2.90E+02,7.15E+02,3.42E+02,7.34E+02,3.11E+02,6.94E+02,3.35E+02,6.92E+02,2.41E+01,2.38E+01,2.31E+02
0.484974503517151,0.269035458564758,1.07893466949463,1.04492342472076,1.62858462333679,1.24494409561157,8.39E-01,8.16E-01,8.67E-01,8.00E-01,7.81E-01,-0.212788026961487,3.42E+00,0,5806,3.68E+02,5.56E+02,3.70E+02,5.92E+02,2.97E+02,6.75E+02,3.40E+02,7.06E+02,3.17E+02,6.55E+02,3.40E+02,6.59E+02,2.44E+00,2.53E+01,2.34E+02
0.492383599281311,0.273261219263077,1.08373332023621,1.05592107772827,1.51517510414124,1.21466863155365,8.19E-01,8.33E-01,8.80E-01,7.96E-01,8.06E-01,0.109366204252988,1.70E+00,0,5809,3.59E+02,5.37E+02,3.52E+02,5.51E+02,2.92E+02,6.44E+02,3.33E+02,6.67E+02,3.07E+02,6.22E+02,3.26E+02,6.20E+02,2.10E+00,2.17E+01,2.39E+02
0.504809498786926,0.265312373638153,1.08580207824707,1.05195987224579,1.48430728912354,1.21128404140472,8.30E-01,8.08E-01,8.61E-01,7.61E-01,8.25E-01,0.64971945326828,9.04E+00,0,5812,3.56E+02,5.21E+02,3.50E+02,5.42E+02,2.89E+02,6.37E+02,3.34E+02,6.60E+02,3.06E+02,6.14E+02,3.24E+02,6.14E+02,2.61E+00,1.38E+01,2.43E+02
0.507772564888001,0.267753034830093,1.05958473682404,1.03137123584747,1.45151042938232,1.13994932174683,8.21E-01,7.87E-01,8.62E-01,7.70E-01,8.07E-01,-0.527685060179124,6.73E+00,0,5815,3.55E+02,5.23E+02,3.49E+02,5.42E+02,2.88E+02,6.36E+02,3.34E+02,6.57E+02,3.06E+02,6.13E+02,3.25E+02,6.12E+02,4.25E+00,7.91E+00,2.41E+02
0.502858340740204,0.264319896697998,1.08689391613007,1.05583655834198,1.4612729549408,1.16876149177551,8.14E-01,7.84E-01,8.55E-01,7.74E-01,8.21E-01,0.349036983342462,5.38E+00,0,5818,3.54E+02,5.22E+02,3.49E+02,5.41E+02,2.88E+02,6.36E+02,3.35E+02,6.58E+02,3.06E+02,6.13E+02,3.24E+02,6.12E+02,2.08E+00,8.50E+00,2.46E+02
0.514208614826202,0.26320669054985,1.0342800617218,1.03884673118591,1.41976511478424,1.1128716468811,8.08E-01,8.00E-01,8.52E-01,7.52E-01,8.07E-01,-0.176010301415873,2.30E+00,0,5820,3.54E+02,5.19E+02,3.48E+02,5.37E+02,2.89E+02,6.40E+02,3.33E+02,6.54E+02,3.06E+02,6.11E+02,3.24E+02,6.07E+02,4.44E+00,4.96E+00,2.36E+02
0.508463203907013,0.260714650154114,1.05959701538086,1.0292934179306,1.38449430465698,1.16762292385101,8.38E-01,7.80E-01,8.55E-01,7.51E-01,8.08E-01,-0.073499932440506,5.05E+00,0,5823,3.53E+02,5.18E+02,3.48E+02,5.36E+02,2.87E+02,6.40E+02,3.33E+02,6.53E+02,3.05E+02,6.10E+02,3.23E+02,6.08E+02,3.65E+00,3.84E+00,2.28E+02
0.514219641685486,0.266031414270401,1.09944105148315,1.03530526161194,1.36732602119446,1.08795976638794,8.01E-01,7.86E-01,8.44E-01,7.56E-01,8.02E-01,-1.51298226842615,9.39E+00,0,5826,3.54E+02,5.17E+02,3.49E+02,5.35E+02,2.93E+02,6.32E+02,3.34E+02,6.52E+02,3.07E+02,6.09E+02,3.24E+02,6.06E+02,4.75E+00,3.96E+00,2.12E+02
0.50976973772049,0.261879116296768,1.06530916690826,1.04517495632172,1.35406672954559,1.1200897693634,7.95E-01,7.90E-01,8.48E-01,7.19E-01,8.10E-01,-1.05562238623834,2.15E+01,0,5829,3.53E+02,5.18E+02,3.48E+02,5.36E+02,2.88E+02,6.36E+02,3.33E+02,6.54E+02,3.06E+02,6.09E+02,3.23E+02,6.09E+02,5.41E+00,2.74E+00,1.86E+02
0.510623514652252,0.261958628892899,1.06196236610413,1.04166889190674,1.36702358722687,1.07418322563171,7.94E-01,7.82E-01,8.43E-01,7.48E-01,8.00E-01,0.084493189612548,1.00E+01,0,5832,3.54E+02,5.17E+02,3.48E+02,5.34E+02,2.90E+02,6.31E+02,3.35E+02,6.50E+02,3.07E+02,6.09E+02,3.24E+02,6.06E+02,6.01E+00,3.41E+00,1.62E+02
0.50494521856308,0.264977753162384,1.05533337593079,1.05221390724182,1.33133447170258,1.09225177764893,8.32E-01,7.60E-01,8.40E-01,7.39E-01,8.05E-01,-0.231580508150431,3.24E+00,0,5834,3.54E+02,5.18E+02,3.48E+02,5.36E+02,2.88E+02,6.38E+02,3.34E+02,6.53E+02,3.06E+02,6.10E+02,3.23E+02,6.08E+02,1.50E+00,6.93E+00,1.35E+02
0.51780092716217,0.264682114124298,1.05199348926544,1.06737971305847,1.30146443843842,1.05858707427979,7.81E-01,7.76E-01,8.46E-01,7.34E-01,7.90E-01,0.596611100143597,1.00E+01,0,5837,3.54E+02,5.20E+02,3.48E+02,5.38E+02,2.88E+02,6.43E+02,3.33E+02,6.55E+02,3.07E+02,6.12E+02,3.24E+02,6.08E+02,2.59E+00,3.67E+00,1.06E+02
0.505030989646912,0.261401176452637,1.07389998435974,1.04585015773773,1.28019976615906,1.1060197353363,7.76E-01,7.50E-01,8.18E-01,7.02E-01,7.94E-01,-0.159427507772733,4.93E+00,0,5840,3.53E+02,5.19E+02,3.47E+02,5.37E+02,2.90E+02,6.34E+02,3.32E+02,6.54E+02,3.05E+02,6.12E+02,3.22E+02,6.09E+02,3.85E+00,1.57E+00,7.03E+01
0.509669542312622,0.262348622083664,1.06451618671417,1.03811883926392,1.30572295188904,1.06559765338898,7.89E-01,7.72E-01,8.32E-01,7.33E-01,7.91E-01,0.479070093644423,7.65E+00,0,5843,3.54E+02,5.18E+02,3.49E+02,5.36E+02,2.90E+02,6.38E+02,3.35E+02,6.53E+02,3.07E+02,6.10E+02,3.25E+02,6.06E+02,1.41E+00,1.75E+00,4.05E+01
0.50673770904541,0.259873032569885,1.05218398571014,1.05270338058472,1.24276447296143,1.07639491558075,7.72E-01,7.62E-01,8.28E-01,7.09E-01,8.02E-01,-0.2533544092501,6.07E+00,0,5846,3.54E+02,5.21E+02,3.48E+02,5.39E+02,2.90E+02,6.36E+02,3.34E+02,6.55E+02,3.06E+02,6.14E+02,3.24E+02,6.11E+02,4.61E-01,5.91E-01,2.10E+01
0.51283186674118,0.262325167655945,1.06830739974976,1.04545450210571,1.23637640476227,1.03727102279663,7.62E-01,7.65E-01,8.32E-01,7.02E-01,7.83E-01,0.635696465322337,1.72E+00,0,5848,3.54E+02,5.22E+02,3.48E+02,5.40E+02,2.90E+02,6.39E+02,3.34E+02,6.57E+02,3.07E+02,6.13E+02,3.24E+02,6.11E+02,6.29E+00,3.36E+00,6.27E+00
0.508646130561829,0.263103902339935,1.06416034698486,1.05598056316376,1.23542153835297,1.05653822422028,7.91E-01,7.54E-01,8.27E-01,7.14E-01,7.99E-01,0.029028169193135,9.62E+00,0,5851,3.54E+02,5.20E+02,3.48E+02,5.40E+02,2.90E+02,6.35E+02,3.34E+02,6.55E+02,3.06E+02,6.13E+02,3.23E+02,6.12E+02,5.59E+00,3.12E+00,1.03E+01
0.50776743888855,0.264299750328064,1.0460764169693,1.04890048503876,1.20318245887756,1.04230785369873,7.89E-01,7.69E-01,8.24E-01,7.02E-01,7.84E-01,2.22010133804255,8.47E+00,0,5854,3.54E+02,5.20E+02,3.48E+02,5.38E+02,2.89E+02,6.41E+02,3.35E+02,6.52E+02,3.07E+02,6.11E+02,3.24E+02,6.10E+02,3.56E+00,1.25E+00,1.29E+01
0.50721538066864,0.261940270662308,1.07843935489655,1.05105662345886,1.20429682731628,1.03499305248261,7.77E-01,7.48E-01,8.40E-01,7.18E-01,7.93E-01,0.407688814409351,7.22E+00,0,5857,3.55E+02,5.17E+02,3.48E+02,5.37E+02,2.90E+02,6.40E+02,3.34E+02,6.52E+02,3.06E+02,6.10E+02,3.25E+02,6.08E+02,1.69E+00,3.99E+00,1.39E+01
0.511754155158997,0.264507710933685,1.10257792472839,1.0442031621933,1.16478979587555,1.01926684379578,8.06E-01,7.58E-01,8.23E-01,7.12E-01,7.92E-01,7.01289350973737,7.38E+00,0,5860,3.55E+02,5.16E+02,3.47E+02,5.33E+02,2.90E+02,6.32E+02,3.33E+02,6.48E+02,3.06E+02,6.07E+02,3.24E+02,6.05E+02,5.53E+00,5.82E+00,1.08E+01
0.500603795051575,0.266506999731064,1.0791095495224,1.04228329658508,1.16928327083588,1.06294441223145,7.86E-01,7.54E-01,8.20E-01,7.03E-01,7.97E-01,-0.212523632425048,3.32E+00,0,5862,3.55E+02,5.17E+02,3.47E+02,5.36E+02,2.91E+02,6.33E+02,3.34E+02,6.50E+02,3.06E+02,6.09E+02,3.22E+02,6.08E+02,1.41E+00,3.17E+00,8.42E+00
0.5115105509758,0.268444448709488,1.07487964630127,1.03925919532776,1.16337931156158,1.04467010498047,8.01E-01,7.51E-01,8.28E-01,7.18E-01,8.01E-01,-0.948748516932786,6.55E-01,0,5865,3.56E+02,5.15E+02,3.47E+02,5.33E+02,2.90E+02,6.28E+02,3.34E+02,6.47E+02,3.06E+02,6.07E+02,3.23E+02,6.04E+02,7.49E-01,2.44E+00,3.33E+00
0.503209054470062,0.267630487680435,1.07124006748199,1.05534207820892,1.14861118793488,1.04248523712158,7.73E-01,7.57E-01,8.32E-01,7.19E-01,8.14E-01,-0.385821300891918,4.86E+00,0,5868,3.56E+02,5.11E+02,3.47E+02,5.30E+02,2.89E+02,6.28E+02,3.34E+02,6.45E+02,3.06E+02,6.03E+02,3.23E+02,6.03E+02,5.11E-01,1.29E+00,5.12E+00
0.507348835468292,0.269912838935852,1.13156056404114,1.04211044311523,1.11783754825592,1.04259371757507,8.17E-01,7.91E-01,8.35E-01,7.40E-01,8.05E-01,-0.833117287759011,5.62E+00,0,5871,3.58E+02,5.20E+02,3.50E+02,5.33E+02,2.90E+02,6.29E+02,3.37E+02,6.43E+02,3.09E+02,6.04E+02,3.25E+02,6.01E+02,5.75E-01,1.71E+00,8.00E+00
0.505028486251831,0.274956226348877,1.07948791980743,1.04541182518005,1.12109076976776,1.03193330764771,8.22E-01,7.75E-01,8.53E-01,7.60E-01,8.39E-01,-0.006366672916975,2.51E+00,0,5874,3.57E+02,5.08E+02,3.48E+02,5.26E+02,2.91E+02,6.22E+02,3.37E+02,6.41E+02,3.08E+02,5.99E+02,3.26E+02,5.99E+02,3.81E+00,4.32E+00,1.26E+01
0.501350820064545,0.276744812726974,1.04127895832062,1.05241465568542,1.09384417533875,1.02400994300842,8.45E-01,7.84E-01,8.52E-01,7.79E-01,8.31E-01,-1.19666694104735,1.73E-01,0,5876,3.59E+02,5.11E+02,3.53E+02,5.34E+02,2.90E+02,6.30E+02,3.45E+02,6.40E+02,3.10E+02,6.01E+02,3.32E+02,6.02E+02,2.05E+00,5.27E+00,1.43E+01
0.503417193889618,0.275299370288849,1.05312597751617,1.04269528388977,1.10820698738098,1.02576148509979,8.47E-01,7.85E-01,8.47E-01,8.11E-01,8.57E-01,-0.520684897016188,2.82E+01,0,5879,3.59E+02,5.17E+02,3.50E+02,5.32E+02,2.90E+02,6.25E+02,3.41E+02,6.41E+02,3.08E+02,6.02E+02,3.31E+02,5.99E+02,8.43E+00,9.44E-01,1.28E+01
0.519647598266602,0.281860321760178,1.0948873758316,1.05172681808472,1.10137629508972,1.0267733335495,8.58E-01,8.01E-01,8.36E-01,8.03E-01,8.32E-01,0.886547091618215,8.18E+00,0,5882,3.59E+02,5.16E+02,3.51E+02,5.35E+02,2.90E+02,6.29E+02,3.47E+02,6.43E+02,3.09E+02,6.04E+02,3.32E+02,6.03E+02,5.62E+00,3.51E+00,2.01E+01
0.526020526885986,0.277443408966064,1.09541034698486,1.05147254467011,1.08440315723419,1.03907132148743,8.45E-01,7.97E-01,8.48E-01,7.94E-01,8.32E-01,0.455260346950896,8.48E+00,0,5885,3.59E+02,5.21E+02,3.52E+02,5.37E+02,2.91E+02,6.33E+02,3.45E+02,6.44E+02,3.10E+02,6.04E+02,3.31E+02,6.06E+02,1.95E+00,5.53E+00,1.94E+01
0.495778918266296,0.278115093708038,1.14315176010132,1.04733073711395,1.05632042884827,1.02417588233948,8.47E-01,8.16E-01,8.56E-01,8.14E-01,8.23E-01,0.087233483128492,5.42E+00,0,5888,3.58E+02,5.14E+02,3.52E+02,5.36E+02,2.93E+02,6.28E+02,3.46E+02,6.43E+02,3.11E+02,6.04E+02,3.31E+02,6.02E+02,4.06E+00,3.07E+00,1.76E+01
0.513936758041382,0.279938578605652,1.08734488487244,1.03306758403778,1.08202290534973,1.01327455043793,8.50E-01,8.02E-01,8.81E-01,7.63E-01,8.41E-01,0.029299003713452,4.68E+00,0,5890,3.62E+02,5.34E+02,3.54E+02,5.44E+02,2.94E+02,6.29E+02,3.51E+02,6.50E+02,3.12E+02,6.09E+02,3.40E+02,6.10E+02,1.03E+00,3.79E+00,2.12E+01
0.485715627670288,0.28799507021904,1.08369588851929,1.04725754261017,1.07916963100433,1.00908136367798,8.52E-01,8.36E-01,8.65E-01,8.24E-01,8.09E-01,-4.57684440474254,1.99E+00,0,5893,3.61E+02,5.39E+02,3.59E+02,5.65E+02,2.95E+02,6.42E+02,3.60E+02,6.73E+02,3.16E+02,6.25E+02,3.48E+02,6.33E+02,2.22E+00,4.63E-01,1.31E+01
0.484562188386917,0.286063849925995,1.18580687046051,1.02089357376099,1.08259308338165,1.03280067443848,8.65E-01,7.85E-01,8.59E-01,7.82E-01,8.04E-01,-0.275839399226984,4.30E+00,0,5896,3.76E+02,5.70E+02,3.68E+02,5.90E+02,3.04E+02,6.61E+02,3.73E+02,6.96E+02,3.24E+02,6.46E+02,3.52E+02,6.57E+02,1.78E+00,2.07E+00,1.06E+01
0.496735513210297,0.283284217119217,1.12685537338257,1.02866268157959,1.05284917354584,1.00456607341766,8.49E-01,8.31E-01,8.76E-01,8.40E-01,8.15E-01,0.00332549949924,2.22E+00,0,5899,3.68E+02,5.55E+02,3.62E+02,5.73E+02,3.04E+02,6.50E+02,3.67E+02,6.74E+02,3.22E+02,6.32E+02,3.50E+02,6.34E+02,5.33E-01,7.22E-01,7.04E+00
0.565536320209503,0.281736254692078,1.08219182491303,1.02602398395538,1.05354392528534,1.01512336730957,8.58E-01,8.25E-01,8.84E-01,8.00E-01,8.09E-01,-0.292104594245829,3.82E+00,0,5902,3.65E+02,5.55E+02,3.58E+02,5.56E+02,2.99E+02,6.40E+02,3.60E+02,6.59E+02,3.17E+02,6.17E+02,3.43E+02,6.18E+02,2.57E+00,1.48E+00,9.26E+00
0.487461507320404,0.29203861951828,1.16300177574158,1.04348301887512,1.04629516601563,1.01507592201233,8.61E-01,7.97E-01,8.66E-01,8.27E-01,8.17E-01,3.30726550985422,9.73E+00,0,5904,3.70E+02,5.64E+02,3.65E+02,5.79E+02,3.04E+02,6.55E+02,3.65E+02,6.80E+02,3.23E+02,6.40E+02,3.49E+02,6.41E+02,7.09E+00,3.38E+00,7.15E+00
0.585339426994324,0.28396874666214,1.12317478656769,1.03848040103912,1.0541969537735,1.0150500535965,8.41E-01,8.11E-01,8.40E-01,7.88E-01,8.16E-01,0.029863124864629,8.08E-01,0,5907,3.63E+02,5.40E+02,3.57E+02,5.49E+02,2.99E+02,6.37E+02,3.55E+02,6.58E+02,3.16E+02,6.14E+02,3.44E+02,6.17E+02,3.26E+00,7.13E+00,6.63E+00
0.492066770792007,0.288610011339188,1.10961973667145,1.05919969081879,1.03431570529938,1.02010083198547,8.40E-01,8.14E-01,8.70E-01,8.29E-01,8.09E-01,0.02778472985633,9.01E-01,0,5910,3.63E+02,5.36E+02,3.57E+02,5.53E+02,2.95E+02,6.39E+02,3.54E+02,6.59E+02,3.15E+02,6.18E+02,3.41E+02,6.20E+02,1.62E+00,7.29E+00,1.34E+00
0.517448961734772,0.282763183116913,1.05969572067261,1.06854367256165,1.03160953521729,1.0214296579361,8.52E-01,8.11E-01,8.55E-01,7.84E-01,8.12E-01,-0.053685800907707,9.62E-01,0,5913,3.59E+02,5.20E+02,3.52E+02,5.39E+02,2.92E+02,6.34E+02,3.46E+02,6.48E+02,3.12E+02,6.10E+02,3.35E+02,6.06E+02,1.19E+00,7.32E-01,9.94E+00
0.568644762039185,0.287032753229141,1.12982141971588,1.06280601024628,1.03246867656708,1.01708602905273,8.41E-01,8.12E-01,8.61E-01,7.98E-01,8.25E-01,-3.36717485073787,1.22E+00,0,5916,3.60E+02,5.30E+02,3.54E+02,5.49E+02,2.96E+02,6.35E+02,3.53E+02,6.56E+02,3.13E+02,6.13E+02,3.39E+02,6.16E+02,2.11E+00,2.52E+00,1.91E+01
0.473023951053619,0.288979321718216,1.15714287757874,1.02895534038544,1.02789890766144,1.03585350513458,8.72E-01,8.07E-01,8.57E-01,8.25E-01,7.64E-01,-1.34319819691727,3.10E+01,0,5918,3.69E+02,5.53E+02,3.77E+02,5.82E+02,3.14E+02,6.63E+02,3.78E+02,6.86E+02,3.36E+02,6.43E+02,3.61E+02,6.44E+02,1.15E+01,5.67E+00,2.42E+01
0.554791808128357,0.298720717430115,1.10910427570343,1.04521715641022,1.02627384662628,0.999678730964661,8.54E-01,8.35E-01,8.92E-01,8.01E-01,8.20E-01,-0.669139899024199,3.98E+00,0,5921,3.58E+02,5.43E+02,3.49E+02,5.56E+02,2.90E+02,6.47E+02,3.41E+02,6.68E+02,3.06E+02,6.27E+02,3.32E+02,6.23E+02,1.04E+01,1.15E+01,2.96E+01
0.511297702789307,0.297892659902573,1.06273949146271,1.04275226593018,1.03986537456512,1.02041065692902,8.16E-01,8.21E-01,8.76E-01,7.96E-01,8.31E-01,-0.956944499997341,8.22E+00,0,5924,3.58E+02,5.36E+02,3.48E+02,5.59E+02,2.88E+02,6.55E+02,3.39E+02,6.68E+02,3.07E+02,6.30E+02,3.30E+02,6.23E+02,1.99E+00,1.26E+01,2.45E+01
0.540692985057831,0.291586965322495,1.13251745700836,1.03357768058777,1.06063890457153,1.00623452663422,8.50E-01,8.15E-01,8.73E-01,7.79E-01,8.28E-01,0.371904428616364,4.82E+00,0,5927,3.60E+02,5.48E+02,3.52E+02,5.73E+02,2.91E+02,6.56E+02,3.49E+02,6.82E+02,3.09E+02,6.35E+02,3.35E+02,6.42E+02,2.52E+00,5.32E+00,1.71E+01
0.493640810251236,0.299391776323318,1.06914889812469,1.04320597648621,1.02676784992218,1.01692759990692,8.48E-01,8.08E-01,8.52E-01,7.90E-01,8.07E-01,0.012844215008821,1.45E-01,0,5930,3.59E+02,5.40E+02,3.54E+02,5.68E+02,2.92E+02,6.54E+02,3.47E+02,6.73E+02,3.10E+02,6.36E+02,3.36E+02,6.33E+02,9.49E-01,2.43E+00,7.51E+00
0.532684922218323,0.295088350772858,1.00177621841431,1.05172097682953,1.03858137130737,1.02084946632385,8.44E-01,8.13E-01,8.63E-01,7.99E-01,8.13E-01,1.51414524147884,3.55E+00,0,5932,3.58E+02,5.35E+02,3.48E+02,5.51E+02,2.93E+02,6.38E+02,3.40E+02,6.67E+02,3.08E+02,6.21E+02,3.30E+02,6.21E+02,4.75E+00,3.13E+00,1.48E+01
0.507017612457275,0.303757309913635,1.08436346054077,1.04631114006042,1.02156960964203,1.04260277748108,8.21E-01,8.09E-01,8.71E-01,7.87E-01,8.23E-01,-0.251383084691178,5.42E+00,0,5935,3.58E+02,5.35E+02,3.50E+02,5.60E+02,2.90E+02,6.49E+02,3.45E+02,6.70E+02,3.08E+02,6.27E+02,3.28E+02,6.27E+02,2.14E+00,3.92E+00,3.46E+01
0.516099393367767,0.294020086526871,1.12939548492432,1.05710089206696,1.04039013385773,1.04012787342072,8.37E-01,8.08E-01,8.59E-01,7.90E-01,8.13E-01,1.97140960852925,4.87E+00,0,5938,3.59E+02,5.29E+02,3.48E+02,5.48E+02,2.92E+02,6.43E+02,3.38E+02,6.64E+02,3.07E+02,6.19E+02,3.28E+02,6.20E+02,2.68E+00,6.54E+00,4.77E+01
0.510027587413788,0.301496028900146,1.11919188499451,1.05829811096191,1.04752612113953,1.00973868370056,8.32E-01,8.15E-01,8.53E-01,7.93E-01,8.18E-01,0.488473574534052,7.88E+00,0,5941,3.58E+02,5.33E+02,3.49E+02,5.57E+02,2.90E+02,6.46E+02,3.43E+02,6.65E+02,3.07E+02,6.24E+02,3.29E+02,6.23E+02,4.03E+00,3.28E+00,5.88E+01
0.511621057987213,0.300286412239075,1.09603404998779,1.05320489406586,1.05488514900208,1.02952837944031,8.28E-01,8.07E-01,8.45E-01,7.88E-01,8.13E-01,0.323046705541687,7.63E+00,0,5944,3.61E+02,5.29E+02,3.51E+02,5.55E+02,2.92E+02,6.42E+02,3.45E+02,6.66E+02,3.08E+02,6.19E+02,3.35E+02,6.24E+02,4.86E+00,7.84E-01,5.97E+01
0.523091673851013,0.296336680650711,1.09207355976105,1.04189550876617,1.03378117084503,1.01037406921387,8.29E-01,8.04E-01,8.59E-01,8.07E-01,8.25E-01,0.646366947882584,8.50E+00,0,5946,3.61E+02,5.30E+02,3.51E+02,5.48E+02,2.91E+02,6.46E+02,3.45E+02,6.60E+02,3.08E+02,6.17E+02,3.36E+02,6.18E+02,9.05E-01,1.61E+00,5.91E+01
0.505465507507324,0.299944758415222,1.10607481002808,1.06217181682587,1.03503954410553,1.0283111333847,8.44E-01,8.05E-01,8.36E-01,7.94E-01,8.07E-01,-1.08249265096773,1.15E+01,0,5949,3.60E+02,5.22E+02,3.49E+02,5.39E+02,2.89E+02,6.34E+02,3.37E+02,6.53E+02,3.07E+02,6.12E+02,3.26E+02,6.10E+02,3.88E+00,9.42E-01,5.39E+01
0.504526555538178,0.298449844121933,1.10046529769897,1.05831968784332,1.0095146894455,1.03478705883026,8.35E-01,7.98E-01,8.44E-01,7.39E-01,8.11E-01,0.266843085447901,4.56E+00,0,5952,3.59E+02,5.18E+02,3.49E+02,5.44E+02,2.89E+02,6.40E+02,3.40E+02,6.52E+02,3.07E+02,6.14E+02,3.30E+02,6.09E+02,1.16E+00,1.71E+00,4.47E+01
0.481641829013824,0.312238991260529,1.10405576229095,1.04112029075623,1.01646685600281,1.03344452381134,8.40E-01,7.98E-01,8.26E-01,7.60E-01,7.84E-01,-0.059618518834609,3.78E+00,0,5955,3.62E+02,5.34E+02,3.53E+02,5.60E+02,2.93E+02,6.45E+02,3.48E+02,6.61E+02,3.11E+02,6.24E+02,3.33E+02,6.25E+02,1.57E+00,3.47E+00,3.72E+01
0.497466593980789,0.299461483955383,1.05403006076813,1.04261553287506,1.02741408348084,1.04693067073822,8.44E-01,8.05E-01,8.46E-01,7.71E-01,7.83E-01,-0.797056609609698,1.07E+01,0,5958,3.58E+02,5.23E+02,3.50E+02,5.45E+02,2.90E+02,6.36E+02,3.42E+02,6.56E+02,3.09E+02,6.14E+02,3.32E+02,6.14E+02,5.85E+00,1.43E+00,3.06E+01
0.510872960090637,0.30283972620964,1.11458337306976,1.04664993286133,1.01751983165741,1.02755212783813,8.42E-01,8.12E-01,8.58E-01,7.73E-01,8.06E-01,3.07307113357876,1.15E+00,0,5960,3.59E+02,5.20E+02,3.50E+02,5.43E+02,2.92E+02,6.33E+02,3.43E+02,6.57E+02,3.08E+02,6.11E+02,3.31E+02,6.13E+02,2.97E+00,1.18E+00,2.67E+01
0.554048895835876,0.297750860452652,1.07993197441101,1.04578185081482,1.04333114624023,1.05405402183533,8.22E-01,7.90E-01,8.56E-01,7.55E-01,8.17E-01,-0.209260252332147,4.88E+00,0,5963,3.59E+02,5.24E+02,3.49E+02,5.39E+02,2.91E+02,6.30E+02,3.40E+02,6.52E+02,3.08E+02,6.10E+02,3.29E+02,6.11E+02,7.73E-01,2.33E+00,1.89E+01
0.519541501998901,0.297491997480392,1.08983516693115,1.05898797512054,1.01723575592041,1.02857339382172,8.33E-01,8.09E-01,8.38E-01,7.72E-01,8.14E-01,-7.1669708944581,1.00E+01,0,5966,3.59E+02,5.23E+02,3.48E+02,5.36E+02,2.89E+02,6.32E+02,3.39E+02,6.49E+02,3.08E+02,6.08E+02,3.28E+02,6.06E+02,3.61E+00,7.60E-01,1.08E+01
0.504097878932953,0.30463844537735,1.10279417037964,1.05614948272705,1.01069104671478,1.03394949436188,8.31E-01,7.92E-01,8.45E-01,7.81E-01,8.15E-01,0.815275334525752,1.36E+01,0,5969,3.58E+02,5.20E+02,3.49E+02,5.45E+02,2.91E+02,6.35E+02,3.41E+02,6.54E+02,3.07E+02,6.14E+02,3.30E+02,6.13E+02,3.29E+00,4.74E+00,6.18E+00
0.513825535774231,0.301239848136902,1.05639493465424,1.06107437610626,1.02251100540161,1.01853489875793,8.37E-01,7.96E-01,8.46E-01,7.78E-01,8.03E-01,-0.982318469978657,9.54E+00,0,5972,3.58E+02,5.17E+02,3.47E+02,5.38E+02,2.89E+02,6.43E+02,3.36E+02,6.53E+02,3.06E+02,6.12E+02,3.25E+02,6.06E+02,1.69E+00,6.10E+00,6.29E+00
0.506373822689056,0.300940752029419,1.07798743247986,1.05959784984589,1.01099669933319,1.05335235595703,8.15E-01,7.94E-01,8.23E-01,7.73E-01,8.06E-01,0.49278951131715,7.78E+00,0,5974,3.58E+02,5.17E+02,3.48E+02,5.39E+02,2.89E+02,6.38E+02,3.37E+02,6.51E+02,3.07E+02,6.11E+02,3.26E+02,6.06E+02,5.52E+00,2.58E+00,6.51E+00
0.511372864246368,0.303320854902267,1.10581243038178,1.07428669929504,1.00458073616028,1.02504920959473,8.19E-01,7.84E-01,8.30E-01,7.58E-01,8.12E-01,0.470695913105726,8.30E+00,0,5977,3.59E+02,5.17E+02,3.49E+02,5.42E+02,2.95E+02,6.31E+02,3.37E+02,6.51E+02,3.09E+02,6.12E+02,3.25E+02,6.10E+02,7.39E+00,1.09E+00,1.08E+01
0.506385982036591,0.298820316791534,1.10786283016205,1.05531227588654,1.01319396495819,1.04598450660706,8.26E-01,7.83E-01,8.32E-01,7.31E-01,7.96E-01,-0.143972473510919,1.13E+01,0,5980,3.60E+02,5.28E+02,3.49E+02,5.42E+02,2.91E+02,6.38E+02,3.41E+02,6.50E+02,3.07E+02,6.11E+02,3.25E+02,6.15E+02,3.29E+00,2.21E+00,7.95E+00
0.489324420690537,0.308970987796783,1.09169363975525,1.04264330863953,0.999279975891113,1.03233432769775,8.31E-01,7.98E-01,8.53E-01,7.85E-01,8.02E-01,-0.686001775694009,1.35E+01,0,5983,3.62E+02,5.32E+02,3.53E+02,5.50E+02,2.93E+02,6.35E+02,3.48E+02,6.61E+02,3.11E+02,6.16E+02,3.35E+02,6.19E+02,2.76E+00,1.06E+00,1.08E+01
0.530752599239349,0.303408920764923,1.1102147102356,1.06127047538757,0.998995959758759,1.05911302566528,8.37E-01,8.16E-01,8.58E-01,7.49E-01,7.95E-01,0.813798617568988,5.32E+00,0,5986,3.56E+02,5.24E+02,3.47E+02,5.38E+02,2.88E+02,6.34E+02,3.40E+02,6.52E+02,3.06E+02,6.09E+02,3.28E+02,6.10E+02,1.77E+00,1.23E+00,1.46E+01
0.540360331535339,0.289592653512955,1.18575406074524,1.06285309791565,1.04679608345032,1.04435551166534,8.32E-01,7.79E-01,8.52E-01,7.56E-01,7.97E-01,-0.281523860968312,7.14E+00,0,5988,3.69E+02,5.35E+02,3.68E+02,5.61E+02,2.93E+02,6.38E+02,3.41E+02,6.71E+02,3.12E+02,6.19E+02,3.36E+02,6.26E+02,2.16E+00,1.92E+00,1.23E+01
0.488679021596909,0.288343906402588,1.12854933738709,1.05883729457855,1.09500563144684,1.05849146842957,8.17E-01,7.07E-01,8.28E-01,7.18E-01,7.94E-01,0.649553827153299,7.48E+00,0,5991,4.45E+02,5.60E+02,4.13E+02,5.78E+02,3.26E+02,6.55E+02,3.66E+02,6.81E+02,3.52E+02,6.33E+02,3.68E+02,6.35E+02,5.85E+00,9.51E-01,1.57E+01
0.492210775613785,0.289880841970444,1.07649970054626,1.07053959369659,1.15571677684784,1.02937197685242,8.35E-01,8.19E-01,8.33E-01,7.54E-01,7.83E-01,-0.127404123701931,2.81E+00,0,5994,5.24E+02,6.16E+02,5.28E+02,6.49E+02,4.27E+02,7.05E+02,4.81E+02,7.46E+02,4.57E+02,6.91E+02,4.88E+02,7.05E+02,1.29E+00,3.27E+00,1.62E+01
0.484649300575256,0.284523010253906,1.10690259933472,1.05832707881928,1.22989225387573,1.02432012557983,8.59E-01,7.97E-01,8.50E-01,7.63E-01,7.70E-01,0.433351312341025,7.16E+00,0,5997,5.66E+02,6.29E+02,5.49E+02,6.57E+02,4.59E+02,7.18E+02,5.05E+02,7.54E+02,4.85E+02,7.04E+02,5.09E+02,7.08E+02,2.87E+00,3.82E+00,1.68E+01
0.490725249052048,0.289974004030228,1.11039793491364,1.05709671974182,1.33880496025085,1.05518782138824,8.18E-01,8.11E-01,8.51E-01,7.63E-01,8.02E-01,-0.195165544889047,4.24E+00,0,6000,5.75E+02,6.42E+02,5.65E+02,6.60E+02,4.89E+02,7.35E+02,5.47E+02,7.63E+02,5.13E+02,7.16E+02,5.39E+02,7.18E+02,1.69E+00,3.93E+00,1.06E+01
0.502372324466705,0.278792828321457,1.08055007457733,1.06013882160187,1.35898661613464,1.01633930206299,8.38E-01,8.06E-01,8.20E-01,7.81E-01,7.70E-01,-0.04116565504503,5.47E+00,0,6002,5.25E+02,6.27E+02,5.45E+02,6.55E+02,4.77E+02,7.33E+02,5.44E+02,7.61E+02,4.98E+02,7.13E+02,5.31E+02,7.22E+02,4.70E+00,5.41E+00,8.64E+00
0.591243147850037,0.325383454561234,1.10819566249847,1.0338830947876,1.42782831192017,0.96357125043869,8.64E-01,7.90E-01,8.80E-01,7.86E-01,8.29E-01,0.344389480663518,4.99E+00,0,6005,4.32E+02,6.32E+02,4.12E+02,6.46E+02,3.70E+02,7.42E+02,4.35E+02,7.41E+02,3.82E+02,7.15E+02,4.15E+02,7.04E+02,4.33E+00,3.30E+00,8.06E+00
0.555431187152863,0.303745418787003,1.09619569778442,1.01031470298767,1.45641791820526,0.966176986694336,8.66E-01,8.15E-01,8.49E-01,7.68E-01,7.80E-01,-0.800589438334784,9.01E+00,0,6008,3.64E+02,6.03E+02,3.63E+02,6.20E+02,3.14E+02,7.17E+02,3.78E+02,7.24E+02,3.28E+02,6.93E+02,3.68E+02,6.91E+02,5.51E-01,1.93E-01,2.14E+01
0.553376376628876,0.299123883247375,1.07452404499054,1.05329847335815,1.5001814365387,1.03584015369415,8.65E-01,8.26E-01,8.60E-01,7.94E-01,8.00E-01,0.589441381488671,7.75E+00,0,6011,3.52E+02,6.01E+02,3.46E+02,6.20E+02,2.87E+02,7.11E+02,3.43E+02,7.24E+02,3.03E+02,6.88E+02,3.32E+02,6.86E+02,3.16E+00,2.61E+00,2.98E+01
0.56072872877121,0.289080828428268,1.09037125110626,1.07286536693573,1.52588522434235,1.07890164852142,8.86E-01,8.36E-01,8.52E-01,7.90E-01,7.89E-01,-0.006645176993896,1.67E+01,0,6014,3.56E+02,5.97E+02,3.50E+02,6.09E+02,2.88E+02,6.99E+02,3.46E+02,7.16E+02,3.05E+02,6.76E+02,3.36E+02,6.73E+02,9.14E-01,4.30E+00,3.40E+01
0.465502440929413,0.310605853796005,1.09425687789917,1.0699098110199,1.51375436782837,1.04652369022369,8.54E-01,8.28E-01,8.50E-01,8.10E-01,7.80E-01,-6.60663113426524,7.60E+00,0,6016,3.58E+02,6.33E+02,3.54E+02,6.41E+02,2.89E+02,7.28E+02,3.49E+02,7.43E+02,3.08E+02,7.05E+02,3.39E+02,7.04E+02,5.86E+00,5.45E+00,3.76E+01
0.56222939491272,0.305879414081573,1.13976776599884,1.04163932800293,1.48928153514862,1.01971673965454,8.43E-01,8.28E-01,8.79E-01,8.01E-01,8.18E-01,-0.034534732019125,3.13E+00,0,6019,3.56E+02,5.94E+02,3.46E+02,6.09E+02,2.84E+02,7.06E+02,3.33E+02,7.22E+02,3.00E+02,6.83E+02,3.27E+02,6.77E+02,4.81E+00,3.44E+00,3.83E+01
0.563139855861664,0.312470644712448,1.05033850669861,1.07140183448792,1.4462057352066,1.01792442798615,8.65E-01,8.38E-01,8.87E-01,8.09E-01,8.39E-01,0.144177601549956,2.27E+00,0,6022,3.57E+02,5.91E+02,3.47E+02,6.08E+02,2.84E+02,7.02E+02,3.32E+02,7.14E+02,3.01E+02,6.77E+02,3.27E+02,6.75E+02,1.51E+00,1.57E+00,3.36E+01
0.542144179344177,0.297042399644852,1.08853828907013,1.22487258911133,1.47208881378174,1.05399346351624,8.71E-01,8.44E-01,8.72E-01,7.88E-01,8.11E-01,0.770121418387097,8.66E+00,0,6025,3.57E+02,5.64E+02,3.45E+02,5.87E+02,2.82E+02,6.83E+02,3.32E+02,7.05E+02,3.00E+02,6.59E+02,3.22E+02,6.56E+02,2.57E+00,1.70E+00,3.00E+01
0.538206398487091,0.305446773767471,1.08263003826141,1.05120468139648,1.46756100654602,1.03433239459991,8.27E-01,8.28E-01,8.53E-01,8.07E-01,7.98E-01,0.934300434621141,5.30E+00,0,6028,3.58E+02,5.58E+02,3.47E+02,5.76E+02,2.83E+02,6.77E+02,3.28E+02,6.90E+02,3.02E+02,6.49E+02,3.22E+02,6.46E+02,2.04E+00,2.35E+00,3.19E+01
0.540733456611633,0.301808387041092,1.07318592071533,1.08814668655396,1.45693683624268,1.0530366897583,8.25E-01,8.28E-01,8.52E-01,7.66E-01,8.31E-01,-0.507428074946547,7.35E+00,0,6030,3.57E+02,5.39E+02,3.47E+02,5.58E+02,2.85E+02,6.56E+02,3.29E+02,6.76E+02,3.03E+02,6.31E+02,3.22E+02,6.27E+02,3.41E+00,2.69E+00,3.21E+01
0.532360970973969,0.307220280170441,1.09831929206848,1.05816197395325,1.39822030067444,1.01830565929413,8.07E-01,8.15E-01,8.43E-01,7.50E-01,7.89E-01,-1.45355950719961,6.83E+00,0,6033,3.57E+02,5.30E+02,3.48E+02,5.43E+02,2.86E+02,6.41E+02,3.32E+02,6.59E+02,3.05E+02,6.16E+02,3.23E+02,6.12E+02,2.25E+00,3.30E+00,3.36E+01
0.518106460571289,0.300671726465225,1.10464549064636,1.08439934253693,1.38219332695007,1.06256556510925,8.27E-01,8.02E-01,8.43E-01,7.83E-01,7.97E-01,-0.589046257133681,9.50E+00,0,6036,3.58E+02,5.13E+02,3.47E+02,5.35E+02,2.87E+02,6.31E+02,3.31E+02,6.53E+02,3.04E+02,6.07E+02,3.21E+02,6.06E+02,3.01E+00,3.16E+00,3.38E+01
0.566266357898712,0.305015385150909,1.1442608833313,1.05310785770416,1.35783398151398,1.01704895496368,8.23E-01,8.15E-01,8.48E-01,7.54E-01,7.88E-01,3.92374542493929,9.47E+00,0,6039,3.59E+02,5.12E+02,3.49E+02,5.26E+02,2.87E+02,6.22E+02,3.32E+02,6.42E+02,3.05E+02,5.98E+02,3.25E+02,5.95E+02,4.49E+00,1.28E+00,3.35E+01
0.503773868083954,0.301897287368774,1.09886336326599,1.08225524425507,1.32334280014038,1.0393294095993,8.50E-01,7.98E-01,8.56E-01,7.54E-01,7.99E-01,0.157945001918806,5.07E+00,0,6042,3.59E+02,4.89E+02,3.49E+02,5.13E+02,2.88E+02,6.08E+02,3.33E+02,6.32E+02,3.06E+02,5.86E+02,3.23E+02,5.85E+02,2.91E+00,2.67E+00,2.81E+01
0.557557761669159,0.295239686965942,1.07824122905731,1.05646193027496,1.32278966903687,1.00557315349579,8.26E-01,8.24E-01,8.34E-01,7.24E-01,7.92E-01,-1.58979524516637,1.02E+01,0,6044,3.59E+02,4.93E+02,3.49E+02,5.05E+02,2.88E+02,6.07E+02,3.35E+02,6.21E+02,3.06E+02,5.78E+02,3.27E+02,5.75E+02,3.52E+00,3.40E+00,2.74E+01
0.510138928890228,0.297649294137955,1.09184455871582,1.07050335407257,1.31398022174835,1.03230369091034,8.26E-01,7.92E-01,8.36E-01,7.18E-01,7.97E-01,-0.21627307412494,9.13E+00,0,6047,3.60E+02,4.72E+02,3.50E+02,4.96E+02,2.91E+02,5.89E+02,3.34E+02,6.10E+02,3.07E+02,5.67E+02,3.27E+02,5.64E+02,6.88E+00,2.04E+00,2.32E+01
0.515647709369659,0.30430281162262,1.11694896221161,1.07683122158051,1.24960207939148,1.02803528308868,8.49E-01,7.98E-01,8.49E-01,7.33E-01,8.01E-01,-3.0363556558377,5.57E+00,0,6050,3.61E+02,4.66E+02,3.51E+02,4.91E+02,2.93E+02,5.85E+02,3.35E+02,6.01E+02,3.08E+02,5.63E+02,3.26E+02,5.57E+02,1.26E+00,1.13E+00,1.86E+01
0.515941500663757,0.294726252555847,1.13684320449829,1.05370044708252,1.25871849060059,1.04728066921234,8.14E-01,7.84E-01,8.24E-01,7.33E-01,8.08E-01,0.000428701755843,4.17E+00,0,6053,3.62E+02,4.62E+02,3.50E+02,4.79E+02,2.90E+02,5.73E+02,3.36E+02,5.95E+02,3.07E+02,5.52E+02,3.26E+02,5.51E+02,2.33E+00,1.17E+00,1.40E+01
0.515609741210938,0.292697310447693,1.13748812675476,1.06188941001892,1.24203896522522,1.02056765556335,8.44E-01,7.97E-01,8.28E-01,7.30E-01,7.94E-01,-0.08322752415592,3.85E+00,0,6056,3.62E+02,4.62E+02,3.51E+02,4.75E+02,2.91E+02,5.70E+02,3.35E+02,5.91E+02,3.08E+02,5.48E+02,3.26E+02,5.45E+02,1.76E+00,3.17E-01,1.32E+01
0.505271375179291,0.292721003293991,1.12021374702454,1.06676161289215,1.21007180213928,1.04769945144653,8.10E-01,7.82E-01,8.24E-01,6.96E-01,7.84E-01,0.028215103632202,3.77E+00,0,6058,3.61E+02,4.54E+02,3.50E+02,4.75E+02,2.93E+02,5.69E+02,3.36E+02,5.90E+02,3.08E+02,5.47E+02,3.26E+02,5.44E+02,2.72E+00,4.35E+00,9.66E+00
0.524752080440521,0.293168425559998,1.10822832584381,1.07111358642578,1.18611693382263,1.00337886810303,8.31E-01,7.93E-01,8.40E-01,7.40E-01,8.04E-01,-0.722697409924467,6.18E+00,0,6061,3.64E+02,4.54E+02,3.53E+02,4.75E+02,2.93E+02,5.71E+02,3.41E+02,5.93E+02,3.10E+02,5.44E+02,3.31E+02,5.47E+02,1.81E+00,1.35E+00,8.12E+00
0.54912281036377,0.295981675386429,1.11060297489166,1.06134068965912,1.18637299537659,1.05221748352051,7.89E-01,7.78E-01,8.25E-01,7.20E-01,8.11E-01,-0.76765017980074,1.52E+01,0,6064,3.61E+02,4.59E+02,3.50E+02,4.68E+02,2.91E+02,5.65E+02,3.41E+02,5.86E+02,3.08E+02,5.40E+02,3.28E+02,5.39E+02,8.34E+00,4.79E+00,6.81E+00
0.515202164649963,0.293563812971115,1.13153862953186,1.05938315391541,1.17185711860657,1.04500436782837,8.49E-01,7.83E-01,8.37E-01,7.20E-01,7.91E-01,3.12595125995197,2.20E+01,0,6067,3.63E+02,4.53E+02,3.52E+02,4.67E+02,2.95E+02,5.60E+02,3.40E+02,5.84E+02,3.10E+02,5.39E+02,3.27E+02,5.39E+02,4.45E+00,2.80E+00,3.26E+00
0.505721688270569,0.301134347915649,1.0863573551178,1.05861341953278,1.17005550861359,1.05817413330078,8.07E-01,7.72E-01,8.18E-01,7.48E-01,8.28E-01,-0.241237799994042,3.41E+00,0,6070,3.63E+02,4.46E+02,3.53E+02,4.71E+02,2.94E+02,5.57E+02,3.41E+02,5.84E+02,3.10E+02,5.40E+02,3.29E+02,5.40E+02,5.85E+00,1.50E+00,3.74E+00
0.509479343891144,0.29520308971405,1.21094262599945,1.04618966579437,1.14300513267517,1.02934050559998,8.43E-01,7.84E-01,8.29E-01,7.29E-01,7.81E-01,-0.250200675858652,3.88E+00,0,6072,3.63E+02,4.43E+02,3.53E+02,4.65E+02,2.94E+02,5.61E+02,3.43E+02,5.77E+02,3.11E+02,5.38E+02,3.30E+02,5.32E+02,2.85E+00,8.80E+00,6.87E+00
0.521546065807343,0.300192564725876,1.12273156642914,1.06782937049866,1.15703630447388,1.0340747833252,8.08E-01,7.86E-01,8.30E-01,7.34E-01,8.11E-01,0.273623144829561,6.38E+00,0,6075,3.62E+02,4.45E+02,3.51E+02,4.60E+02,2.93E+02,5.59E+02,3.39E+02,5.76E+02,3.10E+02,5.33E+02,3.28E+02,5.31E+02,3.12E+00,8.13E+00,8.63E+00
0.541628181934357,0.296539306640625,1.11030983924866,1.06304800510407,1.16124784946442,1.05177640914917,8.42E-01,7.84E-01,8.31E-01,7.32E-01,8.04E-01,-3.06960850136605,6.42E+00,0,6078,3.63E+02,4.52E+02,3.52E+02,4.61E+02,2.95E+02,5.61E+02,3.41E+02,5.76E+02,3.11E+02,5.34E+02,3.29E+02,5.32E+02,2.13E+00,3.02E+00,1.38E+01
0.52043741941452,0.306223928928375,1.08269321918488,1.04424393177032,1.12165749073029,1.05887722969055,7.96E-01,7.58E-01,8.26E-01,7.08E-01,8.18E-01,-0.435671867841938,6.66E+00,0,6081,3.62E+02,4.47E+02,3.52E+02,4.67E+02,2.93E+02,5.55E+02,3.41E+02,5.82E+02,3.10E+02,5.34E+02,3.29E+02,5.38E+02,3.89E+00,1.84E+00,1.79E+01
0.514199554920197,0.295630276203156,1.07380414009094,1.05484592914581,1.12235116958618,1.00362241268158,8.43E-01,7.82E-01,8.31E-01,7.35E-01,7.77E-01,2.58527027153889,6.26E+00,0,6084,3.62E+02,4.46E+02,3.52E+02,4.60E+02,2.90E+02,5.57E+02,3.41E+02,5.75E+02,3.10E+02,5.33E+02,3.29E+02,5.29E+02,1.81E+00,4.34E+00,2.11E+01
0.513687074184418,0.3024862408638,1.11896371841431,1.07461416721344,1.10255658626556,1.03294968605042,8.14E-01,7.61E-01,8.29E-01,7.14E-01,8.06E-01,-0.161976162017526,3.68E+00,0,6086,3.62E+02,4.39E+02,3.52E+02,4.66E+02,2.96E+02,5.55E+02,3.43E+02,5.78E+02,3.11E+02,5.32E+02,3.31E+02,5.34E+02,3.00E+00,4.95E+00,2.72E+01
0.516198754310608,0.302121371030807,1.21482276916504,1.06278240680695,1.0673748254776,1.01001465320587,8.47E-01,7.90E-01,8.43E-01,6.92E-01,7.82E-01,1.2267093914763,3.49E+00,0,6089,3.63E+02,4.38E+02,3.53E+02,4.62E+02,2.98E+02,5.54E+02,3.40E+02,5.73E+02,3.11E+02,5.36E+02,3.29E+02,5.28E+02,9.24E-01,4.93E+00,3.65E+01
0.540577173233032,0.296311646699905,1.10088491439819,1.0738810300827,1.09533965587616,1.03067553043365,7.90E-01,7.59E-01,8.12E-01,7.45E-01,7.96E-01,-0.219221350239085,3.69E+00,0,6092,3.63E+02,4.45E+02,3.51E+02,4.55E+02,2.93E+02,5.56E+02,3.40E+02,5.71E+02,3.10E+02,5.28E+02,3.29E+02,5.26E+02,8.83E-01,1.36E+00,4.21E+01
0.514751970767975,0.295328795909882,1.13997936248779,1.05923652648926,1.07108068466187,1.04214310646057,8.36E-01,7.75E-01,8.25E-01,7.10E-01,7.92E-01,2.31802654690564,1.10E+01,0,6095,3.63E+02,4.36E+02,3.52E+02,4.55E+02,2.95E+02,5.51E+02,3.40E+02,5.69E+02,3.09E+02,5.29E+02,3.27E+02,5.26E+02,3.65E+00,2.85E+00,4.77E+01
0.518548667430878,0.297921806573868,1.08335566520691,1.0548779964447,1.07273983955383,1.034703373909,8.00E-01,7.66E-01,8.33E-01,7.11E-01,8.04E-01,-0.081997437056761,2.76E+00,0,6098,3.62E+02,4.36E+02,3.51E+02,4.56E+02,2.95E+02,5.51E+02,3.38E+02,5.70E+02,3.10E+02,5.28E+02,3.28E+02,5.25E+02,1.10E+00,4.09E+00,5.27E+01
0.52502852678299,0.291726142168045,1.12239265441895,1.05843055248261,1.05498647689819,1.00123488903046,8.24E-01,7.77E-01,8.40E-01,7.07E-01,7.85E-01,0.022415613192112,2.14E+00,0,6100,3.63E+02,4.36E+02,3.51E+02,4.54E+02,2.95E+02,5.50E+02,3.39E+02,5.68E+02,3.09E+02,5.28E+02,3.28E+02,5.25E+02,4.86E+00,3.76E+00,5.08E+01
0.520010352134705,0.299385607242584,1.13730084896088,1.04324567317963,1.04684042930603,1.05578374862671,8.08E-01,7.70E-01,8.34E-01,7.14E-01,8.14E-01,0.419677699718073,2.84E+00,0,6103,3.63E+02,4.35E+02,3.51E+02,4.54E+02,2.95E+02,5.48E+02,3.38E+02,5.68E+02,3.10E+02,5.27E+02,3.28E+02,5.24E+02,1.28E+00,3.07E+00,4.87E+01
0.539785385131836,0.293014734983444,1.12453055381775,1.06463420391083,1.04845428466797,1.0180436372757,8.27E-01,7.67E-01,8.13E-01,7.11E-01,7.88E-01,-0.340866118918293,1.65E+00,0,6106,3.64E+02,4.38E+02,3.51E+02,4.54E+02,2.97E+02,5.49E+02,3.39E+02,5.68E+02,3.11E+02,5.26E+02,3.28E+02,5.23E+02,2.36E+00,2.28E+00,4.87E+01
0.521690428256989,0.296589761972427,1.06754279136658,1.07005763053894,1.02569568157196,1.02060925960541,8.06E-01,7.55E-01,8.35E-01,7.28E-01,7.81E-01,-0.113398991330311,1.61E+00,0,6109,3.63E+02,4.34E+02,3.51E+02,4.58E+02,2.99E+02,5.48E+02,3.39E+02,5.68E+02,3.11E+02,5.30E+02,3.29E+02,5.24E+02,5.06E-01,2.12E+00,4.82E+01
0.522599935531616,0.292032688856125,1.1399416923523,1.04192960262299,1.02595436573029,1.01952314376831,8.34E-01,7.71E-01,8.52E-01,7.21E-01,7.89E-01,-0.403085350147509,2.50E+00,0,6112,3.63E+02,4.33E+02,3.51E+02,4.51E+02,2.96E+02,5.47E+02,3.39E+02,5.65E+02,3.10E+02,5.25E+02,3.27E+02,5.22E+02,3.86E-01,9.60E-01,4.37E+01
0.517514526844025,0.298412531614304,1.09526884555817,1.04883599281311,1.01153612136841,1.03894603252411,7.92E-01,7.56E-01,8.13E-01,7.13E-01,7.88E-01,0.333674171784653,5.22E+00,0,6114,3.62E+02,4.33E+02,3.50E+02,4.52E+02,2.95E+02,5.55E+02,3.41E+02,5.65E+02,3.10E+02,5.23E+02,3.28E+02,5.21E+02,8.11E-01,1.25E+00,4.25E+01
0.524909853935242,0.294662296772003,1.09761726856232,1.04142487049103,1.01136207580566,1.0478343963623,8.15E-01,7.76E-01,8.38E-01,7.06E-01,7.84E-01,-0.579477439096782,8.10E+00,0,6117,3.64E+02,4.33E+02,3.52E+02,4.51E+02,2.95E+02,5.47E+02,3.39E+02,5.64E+02,3.10E+02,5.24E+02,3.27E+02,5.21E+02,6.42E-01,1.70E+00,3.89E+01
0.522736966609955,0.29472291469574,1.17765784263611,1.06388139724731,1.02046072483063,1.03337705135345,7.88E-01,7.53E-01,8.25E-01,7.05E-01,7.99E-01,0.099761191755207,2.61E+00,0,6120,3.64E+02,4.32E+02,3.52E+02,4.51E+02,2.96E+02,5.49E+02,3.41E+02,5.64E+02,3.11E+02,5.24E+02,3.30E+02,5.21E+02,2.86E+00,2.43E+00,3.57E+01
0.526508450508118,0.29345828294754,1.11413037776947,1.05613470077515,0.983674645423889,1.01737534999847,8.28E-01,7.65E-01,8.33E-01,6.87E-01,7.97E-01,2.05483175640365,8.42E+00,0,6123,3.64E+02,4.31E+02,3.52E+02,4.49E+02,2.98E+02,5.41E+02,3.41E+02,5.62E+02,3.11E+02,5.22E+02,3.28E+02,5.19E+02,3.72E+00,1.19E+00,2.98E+01
0.522735714912415,0.29478320479393,1.04056119918823,1.05500340461731,0.992402851581574,1.04658794403076,7.94E-01,7.56E-01,8.30E-01,7.16E-01,8.08E-01,0.158219461431481,6.41E+00,0,6126,3.64E+02,4.31E+02,3.52E+02,4.50E+02,2.94E+02,5.53E+02,3.41E+02,5.64E+02,3.11E+02,5.22E+02,3.29E+02,5.19E+02,1.53E+00,5.87E-01,2.19E+01
0.526565492153168,0.289574682712555,1.04550886154175,1.0487574338913,0.993979513645172,1.01799356937408,8.22E-01,7.62E-01,8.28E-01,6.94E-01,7.78E-01,-1.15874005989371,1.08E+01,0,6128,3.64E+02,4.31E+02,3.52E+02,4.49E+02,2.93E+02,5.52E+02,3.41E+02,5.62E+02,3.11E+02,5.22E+02,3.28E+02,5.19E+02,1.29E+00,1.38E+00,1.87E+01
0.533202350139618,0.296090483665466,1.10969126224518,1.06965315341949,1.00205385684967,1.0427006483078,7.70E-01,7.54E-01,8.34E-01,7.31E-01,7.90E-01,0.244074801516543,3.22E+00,0,6131,3.63E+02,4.29E+02,3.51E+02,4.48E+02,2.97E+02,5.47E+02,3.40E+02,5.63E+02,3.11E+02,5.20E+02,3.28E+02,5.18E+02,3.34E+00,1.87E+00,1.02E+01
0.529093325138092,0.292810350656509,1.09581613540649,1.05805575847626,0.976108908653259,1.0198667049408,8.31E-01,7.64E-01,8.24E-01,6.88E-01,7.97E-01,-0.895914944806416,7.33E+00,0,6134,3.64E+02,4.31E+02,3.52E+02,4.48E+02,2.98E+02,5.39E+02,3.41E+02,5.61E+02,3.12E+02,5.21E+02,3.28E+02,5.18E+02,5.87E-01,2.25E+00,5.11E+00
0.522663593292236,0.29296013712883,1.06757986545563,1.06655311584473,0.988641023635864,1.04096257686615,7.95E-01,7.56E-01,8.35E-01,6.95E-01,8.02E-01,-0.339060529310843,4.62E+00,0,6137,3.64E+02,4.29E+02,3.51E+02,4.48E+02,2.94E+02,5.47E+02,3.39E+02,5.62E+02,3.11E+02,5.20E+02,3.30E+02,5.17E+02,5.86E+00,1.30E+00,3.72E+00
0.528276324272156,0.289690941572189,1.10952830314636,1.0550103187561,0.994601130485535,1.03881740570068,8.16E-01,7.56E-01,8.38E-01,6.84E-01,7.87E-01,2.27819877364401,6.73E+00,0,6140,3.64E+02,4.29E+02,3.52E+02,4.47E+02,2.97E+02,5.46E+02,3.43E+02,5.59E+02,3.12E+02,5.19E+02,3.28E+02,5.17E+02,2.29E+00,1.91E+00,3.35E+00
0.525991261005402,0.293289572000504,1.04154109954834,1.05471909046173,0.977278172969818,1.06321179866791,7.74E-01,7.49E-01,8.21E-01,6.88E-01,7.78E-01,0.26382983964642,3.51E+00,0,6142,3.63E+02,4.28E+02,3.51E+02,4.47E+02,2.96E+02,5.50E+02,3.40E+02,5.60E+02,3.11E+02,5.19E+02,3.29E+02,5.16E+02,8.07E-01,3.62E-01,5.73E+00
0.528410136699677,0.291206628084183,1.08645176887512,1.05791282653809,0.982405483722687,1.00544512271881,8.26E-01,7.67E-01,8.32E-01,6.76E-01,7.80E-01,-0.589451159749458,1.06E+01,0,6145,3.65E+02,4.27E+02,3.52E+02,4.46E+02,2.95E+02,5.43E+02,3.41E+02,5.59E+02,3.12E+02,5.19E+02,3.28E+02,5.16E+02,1.82E+00,2.39E+00,9.63E+00
0.528182506561279,0.290355533361435,1.07822525501251,1.05987703800201,0.968268156051636,1.0495913028717,7.87E-01,7.54E-01,8.28E-01,7.13E-01,7.87E-01,0.0759800958905,3.76E+00,0,6148,3.64E+02,4.27E+02,3.51E+02,4.46E+02,2.95E+02,5.49E+02,3.40E+02,5.59E+02,3.12E+02,5.18E+02,3.29E+02,5.15E+02,1.48E+00,3.19E+00,1.10E+01
0.52625697851181,0.292476147413254,1.06466734409332,1.05070984363556,0.973974466323853,1.019890666008,8.22E-01,7.70E-01,8.30E-01,7.03E-01,7.87E-01,0.366225071713873,5.65E+00,0,6151,3.65E+02,4.26E+02,3.52E+02,4.44E+02,2.98E+02,5.41E+02,3.41E+02,5.57E+02,3.13E+02,5.15E+02,3.28E+02,5.13E+02,4.69E-01,3.41E+00,1.20E+01
0.524651050567627,0.295858323574066,1.04154765605927,1.04960191249847,0.975883185863495,1.04490172863007,7.90E-01,7.49E-01,8.36E-01,7.07E-01,8.05E-01,0.305242200675576,5.76E+00,0,6154,3.64E+02,4.25E+02,3.52E+02,4.43E+02,2.96E+02,5.43E+02,3.41E+02,5.56E+02,3.12E+02,5.16E+02,3.29E+02,5.12E+02,2.13E+00,3.29E-01,1.25E+01
0.526246607303619,0.288321137428284,1.06426048278809,1.05058336257935,0.976231038570404,1.03205597400665,8.17E-01,7.53E-01,8.25E-01,6.97E-01,7.83E-01,-0.499826406161496,4.73E+00,0,6156,3.65E+02,4.24E+02,3.52E+02,4.43E+02,2.94E+02,5.42E+02,3.43E+02,5.54E+02,3.13E+02,5.14E+02,3.29E+02,5.12E+02,2.62E+00,2.44E+00,1.01E+01
0.519280672073364,0.29383972287178,1.04881072044373,1.04378807544708,0.960831880569458,1.07192707061768,7.78E-01,7.41E-01,8.20E-01,6.76E-01,7.85E-01,0.196373721197786,8.45E+00,0,6159,3.64E+02,4.24E+02,3.52E+02,4.43E+02,2.93E+02,5.40E+02,3.41E+02,5.55E+02,3.12E+02,5.15E+02,3.30E+02,5.12E+02,3.12E+00,1.21E+00,7.21E+00
0.522536754608154,0.290502578020096,1.12157785892487,1.05133295059204,0.960249364376068,1.03646922111511,8.31E-01,7.55E-01,8.27E-01,7.02E-01,7.89E-01,1.36921536469584,6.13E+00,0,6162,3.64E+02,4.26E+02,3.52E+02,4.45E+02,2.95E+02,5.38E+02,3.41E+02,5.57E+02,3.12E+02,5.18E+02,3.29E+02,5.15E+02,7.74E-01,2.89E+00,3.25E+00
0.515135169029236,0.288047969341278,1.05810713768005,1.05338895320892,0.970025777816772,1.05214655399323,8.03E-01,7.50E-01,8.25E-01,6.84E-01,7.69E-01,-0.185314508495969,7.22E+00,0,6165,3.65E+02,4.26E+02,3.52E+02,4.44E+02,2.98E+02,5.35E+02,3.44E+02,5.56E+02,3.13E+02,5.17E+02,3.31E+02,5.14E+02,1.81E+00,3.20E+00,2.91E+00
0.518264710903168,0.287698149681091,1.03807508945465,1.0542083978653,0.948505222797394,1.02855241298676,8.19E-01,7.67E-01,8.28E-01,6.79E-01,7.79E-01,4.54155223785822,4.12E+00,0,6168,3.65E+02,4.24E+02,3.53E+02,4.42E+02,2.97E+02,5.41E+02,3.44E+02,5.54E+02,3.14E+02,5.14E+02,3.30E+02,5.10E+02,1.88E+00,1.27E+00,5.91E+00
0.514292001724243,0.291821539402008,1.0749546289444,1.03470754623413,0.963354349136353,1.02849817276001,7.58E-01,7.44E-01,8.22E-01,7.01E-01,7.88E-01,-0.253112047796126,3.74E+00,0,6170,3.66E+02,4.20E+02,3.53E+02,4.39E+02,2.98E+02,5.36E+02,3.43E+02,5.52E+02,3.14E+02,5.11E+02,3.32E+02,5.08E+02,9.70E-01,4.00E+00,3.19E+00
0.521746695041657,0.290125101804733,1.1294801235199,1.05435597896576,0.95684140920639,1.04945731163025,8.30E-01,7.66E-01,8.29E-01,7.05E-01,7.76E-01,-2.15709437164371,9.96E+00,0,6173,3.66E+02,4.20E+02,3.54E+02,4.39E+02,2.99E+02,5.28E+02,3.45E+02,5.50E+02,3.15E+02,5.10E+02,3.31E+02,5.07E+02,2.67E+00,1.81E+00,4.17E+00
0.517914593219757,0.289440006017685,1.08577346801758,1.05925595760345,0.966612756252289,1.04257786273956,7.86E-01,7.47E-01,8.26E-01,6.69E-01,7.86E-01,-0.456593304547443,3.18E+00,0,6176,3.66E+02,4.20E+02,3.53E+02,4.39E+02,2.99E+02,5.32E+02,3.43E+02,5.53E+02,3.14E+02,5.10E+02,3.31E+02,5.07E+02,4.03E+00,2.09E+00,2.36E+00
0.516024470329285,0.29300993680954,1.14106214046478,1.04452288150787,0.949855268001556,1.06275808811188,8.31E-01,7.54E-01,8.22E-01,6.90E-01,7.91E-01,0.884577344351558,4.08E+00,0,6179,3.67E+02,4.18E+02,3.54E+02,4.36E+02,3.01E+02,5.29E+02,3.45E+02,5.48E+02,3.16E+02,5.07E+02,3.32E+02,5.06E+02,1.41E+00,2.95E+00,2.14E+00
0.509911000728607,0.290215641260147,1.07079172134399,1.06290411949158,0.94420462846756,1.03902006149292,7.94E-01,7.37E-01,8.38E-01,6.82E-01,7.84E-01,0.092929816581156,7.23E+00,0,6182,3.69E+02,4.20E+02,3.57E+02,4.38E+02,3.03E+02,5.35E+02,3.47E+02,5.48E+02,3.18E+02,5.09E+02,3.36E+02,5.07E+02,2.29E+00,2.87E+00,1.56E+00
0.521319687366486,0.292044341564178,1.07092654705048,1.0585618019104,0.952086210250855,1.03925728797913,8.27E-01,7.65E-01,8.52E-01,6.95E-01,7.87E-01,0.024193592385144,8.75E+00,0,6184,3.68E+02,4.17E+02,3.55E+02,4.35E+02,3.03E+02,5.30E+02,3.47E+02,5.47E+02,3.17E+02,5.07E+02,3.33E+02,5.05E+02,2.80E+00,3.08E+00,5.53E+00
0.51703006029129,0.287888169288635,1.03454387187958,1.07225775718689,0.950640022754669,1.04257917404175,8.10E-01,7.46E-01,8.36E-01,6.95E-01,7.97E-01,-0.06075361232149,3.13E+00,0,6187,3.67E+02,4.16E+02,3.55E+02,4.35E+02,3.01E+02,5.26E+02,3.46E+02,5.47E+02,3.16E+02,5.07E+02,3.32E+02,5.03E+02,9.35E-01,2.95E+00,5.87E+00
0.515199720859528,0.292814671993256,1.12129461765289,1.06021022796631,0.946057438850403,1.06103897094727,8.28E-01,7.58E-01,8.31E-01,6.83E-01,8.09E-01,-0.918407643485115,5.03E+00,0,6190,3.68E+02,4.17E+02,3.56E+02,4.35E+02,3.02E+02,5.27E+02,3.49E+02,5.44E+02,3.18E+02,5.05E+02,3.35E+02,5.03E+02,8.33E-01,1.61E+00,5.41E+00
0.507228076457977,0.289133638143539,1.07136595249176,1.06885480880737,0.941729187965393,1.02700805664063,7.81E-01,7.29E-01,8.39E-01,6.57E-01,8.31E-01,-0.71549905222777,1.09E+01,0,6193,3.85E+02,4.24E+02,3.61E+02,4.35E+02,3.07E+02,5.32E+02,3.53E+02,5.44E+02,3.24E+02,5.04E+02,3.42E+02,5.06E+02,5.80E+00,3.45E+00,6.10E+00
0.446397453546524,0.289358854293823,1.17947864532471,1.03479933738709,0.940180957317352,1.00111532211304,8.23E-01,7.38E-01,8.24E-01,7.25E-01,7.91E-01,-1.28310478798371,1.10E+01,0,6196,4.21E+02,4.57E+02,3.96E+02,4.77E+02,3.45E+02,5.57E+02,4.04E+02,5.78E+02,3.62E+02,5.36E+02,3.84E+02,5.37E+02,3.04E+00,6.03E+00,6.51E+00
0.520546853542328,0.290397703647614,1.09575593471527,1.04065036773682,0.962966322898865,1.05373561382294,8.34E-01,8.00E-01,8.48E-01,7.41E-01,8.19E-01,-6.76E-05,5.41E-01,0,6198,3.70E+02,4.58E+02,3.64E+02,4.69E+02,3.08E+02,5.50E+02,3.73E+02,5.66E+02,3.26E+02,5.29E+02,3.56E+02,5.32E+02,4.06E+00,2.07E+00,7.99E+00
0.516514718532562,0.280159026384354,1.12178075313568,1.04548859596252,0.963892638683319,1.03721022605896,8.59E-01,8.17E-01,8.51E-01,7.89E-01,8.19E-01,-0.123757289867429,9.40E+00,0,6201,3.78E+02,4.61E+02,3.64E+02,4.84E+02,3.09E+02,5.59E+02,3.72E+02,5.84E+02,3.28E+02,5.40E+02,3.56E+02,5.44E+02,2.83E+00,3.07E+00,1.15E+01
0.468182176351547,0.304306089878082,1.13415539264679,1.0290402173996,0.981464922428131,1.04463934898376,8.21E-01,7.81E-01,8.31E-01,7.73E-01,7.97E-01,0.274949147217562,4.71E+00,0,6204,4.36E+02,5.12E+02,4.42E+02,5.15E+02,3.91E+02,5.92E+02,4.49E+02,6.15E+02,4.08E+02,5.73E+02,4.35E+02,5.78E+02,6.69E+00,4.84E+00,1.55E+01
0.513272225856781,0.285879492759705,1.13301765918732,1.06385004520416,0.982048690319061,1.01329076290131,8.58E-01,8.14E-01,8.85E-01,8.13E-01,8.31E-01,-1.0316218530138,1.17E+01,0,6207,3.88E+02,4.88E+02,3.59E+02,5.04E+02,3.11E+02,5.87E+02,3.65E+02,6.07E+02,3.25E+02,5.66E+02,3.47E+02,5.66E+02,3.61E+00,7.59E+00,2.15E+01
0.50736403465271,0.281478494405746,1.10653650760651,1.06168258190155,1.01360893249512,1.02284777164459,8.66E-01,8.20E-01,8.56E-01,7.89E-01,8.06E-01,0.279933240801391,4.95E+00,0,6210,3.69E+02,4.86E+02,3.63E+02,5.10E+02,3.00E+02,5.79E+02,3.54E+02,6.10E+02,3.18E+02,5.62E+02,3.42E+02,5.68E+02,2.96E+00,6.40E+00,3.33E+01
0.510469734668732,0.279871314764023,1.18530130386353,1.04576063156128,0.995549082756043,1.01897466182709,8.48E-01,8.10E-01,8.80E-01,7.99E-01,8.32E-01,0.556967157113435,7.97E+00,0,6212,3.81E+02,4.87E+02,3.66E+02,5.15E+02,3.00E+02,5.79E+02,3.57E+02,6.13E+02,3.22E+02,5.64E+02,3.47E+02,5.72E+02,5.72E+00,3.59E+00,3.99E+01
0.520959258079529,0.29890763759613,1.09169769287109,1.04069602489471,1.0013667345047,0.959361255168915,8.13E-01,8.08E-01,8.71E-01,7.87E-01,7.80E-01,-0.259362496027234,5.00E+00,0,6215,3.98E+02,5.84E+02,3.85E+02,5.86E+02,3.30E+02,6.65E+02,3.96E+02,6.87E+02,3.46E+02,6.43E+02,3.88E+02,6.45E+02,2.40E+00,9.10E-01,5.38E+01
0.48864483833313,0.298545986413956,1.10655736923218,1.02758038043976,1.10397672653198,1.02257108688355,8.28E-01,8.27E-01,8.73E-01,7.86E-01,8.07E-01,-0.489890879714469,6.95E+00,0,6218,3.61E+02,5.63E+02,3.64E+02,5.71E+02,2.92E+02,6.48E+02,3.48E+02,6.71E+02,3.13E+02,6.28E+02,3.44E+02,6.30E+02,8.35E-01,1.98E+00,6.38E+01
0.516182839870453,0.283491641283035,1.09796440601349,1.04464781284332,1.15033960342407,1.02758228778839,8.06E-01,7.51E-01,8.34E-01,7.42E-01,8.14E-01,2.53341435320224,1.69E+00,0,6221,4.68E+02,5.89E+02,4.44E+02,5.91E+02,3.58E+02,6.52E+02,4.08E+02,6.85E+02,3.82E+02,6.36E+02,4.05E+02,6.45E+02,1.90E+00,2.04E+00,6.97E+01
0.542213797569275,0.289305657148361,1.08979690074921,1.0533332824707,1.21744287014008,1.00920271873474,8.73E-01,8.35E-01,8.71E-01,7.93E-01,8.48E-01,0.164603485575808,6.22E+00,0,6224,5.62E+02,6.00E+02,5.52E+02,6.21E+02,4.71E+02,6.62E+02,5.16E+02,7.13E+02,4.92E+02,6.55E+02,5.19E+02,6.72E+02,3.48E+00,6.79E+00,6.73E+01
0.529711961746216,0.290905475616455,1.11321198940277,1.06235527992249,1.27076506614685,1.03228104114532,8.06E-01,7.98E-01,8.57E-01,7.75E-01,8.32E-01,-0.519890817328461,4.90E+00,0,6226,5.71E+02,6.02E+02,5.72E+02,6.19E+02,4.97E+02,6.84E+02,5.51E+02,7.18E+02,5.20E+02,6.66E+02,5.47E+02,6.73E+02,1.27E+00,6.06E+00,6.47E+01
0.541563630104065,0.323158353567123,1.05580472946167,1.02943062782288,1.27187788486481,0.969363451004028,8.58E-01,7.98E-01,8.70E-01,8.09E-01,8.08E-01,-2.5581493521583,7.88E+00,0,6229,4.67E+02,6.40E+02,4.56E+02,6.60E+02,4.14E+02,7.44E+02,4.86E+02,7.48E+02,4.29E+02,7.21E+02,4.61E+02,7.06E+02,3.10E+00,6.81E-01,5.14E+01
0.579100430011749,0.314285814762115,1.0978924036026,1.04712891578674,1.35824632644653,0.977838039398193,8.61E-01,8.12E-01,8.61E-01,7.98E-01,8.01E-01,0.016077998320753,7.96E-01,0,6232,3.96E+02,6.05E+02,4.02E+02,6.16E+02,3.63E+02,7.11E+02,4.34E+02,7.08E+02,3.77E+02,6.84E+02,4.14E+02,6.75E+02,4.63E+00,4.87E+00,3.62E+01
0.599314630031586,0.302799522876739,1.04615652561188,1.01740610599518,1.38262033462524,0.954623401165009,8.50E-01,8.49E-01,8.68E-01,8.07E-01,8.02E-01,0.352391586527387,1.68E+00,0,6235,4.04E+02,5.92E+02,4.12E+02,5.93E+02,3.64E+02,6.80E+02,4.30E+02,6.81E+02,3.79E+02,6.55E+02,4.12E+02,6.38E+02,2.63E+00,3.87E+00,2.04E+01
0.52182674407959,0.280957341194153,1.09300899505615,1.00892853736877,1.40317845344543,1.03346812725067,8.68E-01,8.32E-01,8.77E-01,7.94E-01,7.81E-01,-0.078916476404239,3.70E+00,0,6238,3.77E+02,4.89E+02,3.89E+02,5.24E+02,3.33E+02,6.13E+02,3.97E+02,6.24E+02,3.50E+02,5.90E+02,3.84E+02,5.85E+02,2.50E+00,4.89E+00,8.97E+00
0.507790982723236,0.270344287157059,1.05206382274628,1.0473405122757,1.39984023571014,1.02256858348846,8.39E-01,8.31E-01,8.61E-01,7.76E-01,7.98E-01,-0.682744114741236,1.20E+01,0,6240,3.59E+02,4.65E+02,3.54E+02,4.82E+02,2.91E+02,5.76E+02,3.44E+02,5.88E+02,3.08E+02,5.52E+02,3.33E+02,5.47E+02,7.59E+00,5.86E+00,7.02E+00
0.481242686510086,0.265352755784988,1.09553694725037,1.06643962860107,1.53721213340759,1.06736648082733,8.07E-01,8.02E-01,8.49E-01,7.61E-01,8.14E-01,-1.12544143906236,1.38E+01,0,6243,3.83E+02,4.51E+02,3.77E+02,4.73E+02,3.01E+02,5.55E+02,3.52E+02,5.77E+02,3.23E+02,5.35E+02,3.47E+02,5.36E+02,8.29E+00,6.67E+00,9.57E+00
0.488637387752533,0.299182295799255,1.08532345294952,1.04159200191498,1.63487696647644,1.08562135696411,8.47E-01,7.80E-01,8.23E-01,8.14E-01,7.84E-01,-2.70243434996618,1.16E+01,0,6246,4.18E+02,4.73E+02,3.92E+02,5.29E+02,3.21E+02,6.03E+02,3.76E+02,6.42E+02,3.44E+02,5.83E+02,3.62E+02,5.97E+02,2.90E+00,7.08E+00,2.22E+01
0.485821008682251,0.291518270969391,1.10222041606903,1.04710173606873,1.61192727088928,1.07431316375732,8.66E-01,7.69E-01,8.17E-01,7.70E-01,8.17E-01,0.939820701294145,6.78E+00,0,6249,4.14E+02,5.42E+02,3.70E+02,5.55E+02,3.02E+02,6.33E+02,3.62E+02,6.57E+02,3.23E+02,6.12E+02,3.51E+02,6.15E+02,4.23E+00,4.15E+00,3.37E+01
0.522783815860748,0.295782744884491,1.0268714427948,1.05258011817932,1.50007522106171,0.999866366386414,8.69E-01,8.13E-01,8.65E-01,7.99E-01,8.27E-01,-1.33193846665091,1.55E+01,0,6252,5.12E+02,5.75E+02,4.94E+02,5.94E+02,4.05E+02,6.46E+02,4.60E+02,6.89E+02,4.29E+02,6.34E+02,4.60E+02,6.49E+02,7.32E+00,3.27E+00,4.38E+01
0.488649874925613,0.297033041715622,1.09372651576996,1.05761694908142,1.60991287231445,1.06022357940674,8.31E-01,7.94E-01,8.48E-01,8.01E-01,8.03E-01,0.039678609315344,4.01E+00,0,6254,5.41E+02,5.84E+02,5.37E+02,6.22E+02,4.69E+02,6.93E+02,5.19E+02,7.25E+02,4.89E+02,6.75E+02,5.11E+02,6.80E+02,1.09E+00,2.35E+00,5.26E+01
0.507501900196075,0.308622419834137,1.08315515518188,1.04694998264313,1.5773161649704,1.06539344787598,8.39E-01,8.29E-01,8.42E-01,8.19E-01,7.64E-01,-1.30109314366161,3.10E+00,0,6257,5.18E+02,5.91E+02,5.21E+02,6.37E+02,4.69E+02,7.20E+02,5.32E+02,7.44E+02,4.86E+02,7.00E+02,5.13E+02,7.03E+02,4.06E+00,2.67E+00,5.63E+01
0.564900398254395,0.327581763267517,1.04735887050629,1.06131768226624,1.53262484073639,1.01537311077118,8.63E-01,8.44E-01,8.73E-01,8.34E-01,8.21E-01,-0.794682639882366,1.04E+01,0,6260,4.08E+02,6.57E+02,4.30E+02,6.78E+02,3.94E+02,7.71E+02,4.75E+02,7.77E+02,4.07E+02,7.47E+02,4.56E+02,7.42E+02,4.39E+00,3.76E+00,5.62E+01
0.570186018943787,0.327294319868088,1.07985079288483,1.05807995796204,1.4507337808609,1.03189897537231,8.43E-01,8.06E-01,8.62E-01,8.02E-01,8.31E-01,-0.649755207419647,1.53E+01,0,6263,4.14E+02,6.28E+02,4.12E+02,6.38E+02,3.64E+02,7.38E+02,4.14E+02,7.48E+02,3.78E+02,7.12E+02,4.01E+02,7.06E+02,1.89E+00,3.84E+00,4.83E+01
0.551292896270752,0.333279430866241,1.07527315616608,1.03871738910675,1.41722428798676,0.982257068157196,8.65E-01,8.09E-01,8.78E-01,7.95E-01,8.33E-01,0.915820496214952,1.50E+01,0,6266,5.38E+02,6.61E+02,4.81E+02,6.67E+02,4.20E+02,7.52E+02,4.63E+02,7.65E+02,4.35E+02,7.30E+02,4.55E+02,7.21E+02,3.05E+00,3.47E+00,3.78E+01
0.568401873111725,0.327131807804108,1.07139885425568,1.06768000125885,1.48675847053528,1.07174742221832,8.27E-01,7.66E-01,8.68E-01,7.93E-01,8.71E-01,-0.210403965566058,2.86E+00,0,6268,5.06E+02,6.44E+02,4.76E+02,6.59E+02,4.14E+02,7.51E+02,4.59E+02,7.70E+02,4.33E+02,7.28E+02,4.50E+02,7.28E+02,3.88E+00,2.31E+00,3.04E+01
0.564646184444428,0.333911806344986,1.0959404706955,1.06857872009277,1.42968356609344,1.06469309329987,8.41E-01,7.79E-01,8.48E-01,7.79E-01,8.44E-01,-0.277250635081574,5.70E+00,0,6271,4.59E+02,6.31E+02,4.53E+02,6.51E+02,3.93E+02,7.44E+02,4.43E+02,7.61E+02,4.11E+02,7.20E+02,4.32E+02,7.21E+02,1.50E+01,3.50E+00,1.66E+01
0.561624109745026,0.328353047370911,1.09562075138092,1.03454720973969,1.3755509853363,1.06889092922211,8.38E-01,7.79E-01,8.49E-01,7.48E-01,8.46E-01,-0.141947772840809,3.83E+00,0,6274,4.67E+02,6.27E+02,4.62E+02,6.44E+02,4.02E+02,7.38E+02,4.50E+02,7.56E+02,4.19E+02,7.14E+02,4.38E+02,7.14E+02,3.45E+00,1.23E+01,1.05E+01
0,0,0,0,0,0,0.00E+00,0.00E+00,0.00E+00,0.00E+00,0.00E+00,-1.5059518967058,7.21E+00,0,6277,0.00E+00,0.00E+00,0.00E+00,0.00E+00,0.00E+00,0.00E+00,0.00E+00,0.00E+00,0.00E+00,0.00E+00,0.00E+00,0.00E+00,4.39E+00,9.18E+00,1.83E+01
0.516984522342682,0.271076172590256,1.07639741897583,1.08386313915253,1.39060688018799,1.04709458351135,7.89E-01,7.59E-01,8.25E-01,7.78E-01,7.57E-01,-0.346436651053101,3.39E+00,0,6280,5.73E+02,5.19E+02,5.63E+02,4.85E+02,4.91E+02,5.78E+02,5.41E+02,5.88E+02,5.15E+02,5.49E+02,5.35E+02,5.44E+02,1.61E+00,8.12E+00,3.04E+01
0.486631214618683,0.25976687669754,1.06347680091858,1.069655418396,1.51031744480133,1.05549073219299,8.01E-01,7.61E-01,8.02E-01,6.89E-01,7.49E-01,-0.11290174769544,5.86E+00,0,6282,5.77E+02,5.11E+02,5.66E+02,5.08E+02,4.87E+02,5.93E+02,5.37E+02,6.11E+02,5.10E+02,5.67E+02,5.35E+02,5.64E+02,4.94E+00,8.58E+00,4.15E+01
0.465852588415146,0.279848963022232,1.0999915599823,1.05590760707855,1.43047249317169,1.03006386756897,8.13E-01,7.81E-01,8.07E-01,7.52E-01,7.09E-01,0.69345643210767,9.32E+00,0,6285,5.79E+02,5.42E+02,5.68E+02,5.80E+02,4.87E+02,6.41E+02,5.46E+02,6.84E+02,5.13E+02,6.27E+02,5.40E+02,6.40E+02,6.78E+00,6.34E+00,6.00E+01
0.460153728723526,0.278994590044022,1.11045563220978,1.07649338245392,1.41186702251434,1.07328701019287,8.19E-01,7.62E-01,8.34E-01,6.96E-01,7.30E-01,1.24309879270493,5.57E+00,0,6288,5.71E+02,5.36E+02,5.65E+02,5.62E+02,4.85E+02,6.27E+02,5.42E+02,6.68E+02,5.09E+02,6.13E+02,5.38E+02,6.23E+02,3.68E+00,5.19E+00,7.39E+01
0.491893261671066,0.2791927754879,1.09701585769653,1.04775130748749,1.35273814201355,1.031454205513,8.02E-01,7.85E-01,8.47E-01,7.07E-01,7.54E-01,0.435771410447481,4.21E+00,0,6291,5.73E+02,5.16E+02,5.61E+02,5.34E+02,4.81E+02,6.05E+02,5.30E+02,6.39E+02,5.05E+02,5.88E+02,5.30E+02,5.92E+02,2.61E+00,3.04E+00,8.50E+01
0.483932495117188,0.271438866853714,1.08236563205719,1.07695508003235,1.36046516895294,1.04481327533722,8.14E-01,7.62E-01,8.51E-01,7.03E-01,7.39E-01,-0.976213609485826,8.93E+00,0,6294,5.76E+02,5.00E+02,5.62E+02,5.27E+02,4.82E+02,5.97E+02,5.29E+02,6.32E+02,5.06E+02,5.80E+02,5.28E+02,5.84E+02,5.00E+00,2.98E+00,9.25E+01
0.479011684656143,0.265803068876266,1.15488696098328,1.07255971431732,1.32011127471924,1.02830576896667,7.84E-01,7.72E-01,8.56E-01,6.94E-01,7.55E-01,0.540131281037495,1.52E+01,0,6296,5.78E+02,4.84E+02,5.64E+02,5.06E+02,4.85E+02,5.81E+02,5.28E+02,6.15E+02,5.08E+02,5.63E+02,5.30E+02,5.67E+02,1.70E+00,4.27E+00,9.31E+01
0.475719124078751,0.257854610681534,1.15382945537567,1.06783485412598,1.31748974323273,1.07075953483582,8.26E-01,7.55E-01,8.52E-01,6.96E-01,7.34E-01,2.82576359540838,5.03E+01,0,6299,5.79E+02,4.74E+02,5.66E+02,5.00E+02,4.86E+02,5.74E+02,5.27E+02,6.10E+02,5.09E+02,5.56E+02,5.29E+02,5.60E+02,2.17E+01,7.44E+00,8.15E+01
0.480951339006424,0.262306034564972,1.10367786884308,1.06232893466949,1.27229261398315,1.04345774650574,7.68E-01,7.58E-01,8.22E-01,7.00E-01,7.33E-01,1.21216129714209,1.18E+01,0,6302,5.78E+02,4.64E+02,5.64E+02,4.84E+02,4.84E+02,5.62E+02,5.26E+02,5.94E+02,5.08E+02,5.42E+02,5.28E+02,5.46E+02,3.53E+00,1.28E+01,6.41E+01
0.485307604074478,0.262229055166244,1.09597527980804,1.07273721694946,1.26095426082611,1.05043387413025,8.30E-01,7.39E-01,8.23E-01,7.13E-01,7.46E-01,0.117892404552927,1.50E+00,0,6305,5.78E+02,4.57E+02,5.63E+02,4.80E+02,4.85E+02,5.54E+02,5.26E+02,5.90E+02,5.07E+02,5.37E+02,5.27E+02,5.42E+02,4.43E+00,4.88E+00,5.27E+01
0.484230637550354,0.264857530593872,1.12495231628418,1.06240677833557,1.22892463207245,1.03206896781921,7.73E-01,7.51E-01,8.15E-01,7.07E-01,7.28E-01,2.64206480201302,6.14E+00,0,6308,5.78E+02,4.52E+02,5.63E+02,4.73E+02,4.84E+02,5.49E+02,5.25E+02,5.83E+02,5.07E+02,5.30E+02,5.27E+02,5.35E+02,5.43E+00,7.76E+00,2.72E+01
0.482053816318512,0.258892923593521,1.08736336231232,1.07172918319702,1.22044777870178,1.0219886302948,8.26E-01,7.13E-01,8.04E-01,7.00E-01,7.34E-01,-0.641307564089273,8.02E+00,0,6310,5.78E+02,4.45E+02,5.62E+02,4.68E+02,4.81E+02,5.45E+02,5.24E+02,5.79E+02,5.07E+02,5.24E+02,5.25E+02,5.30E+02,1.44E+00,7.17E+00,2.41E+01
0.486276894807816,0.263928830623627,1.1158766746521,1.0699782371521,1.2577451467514,1.06477773189545,7.71E-01,7.21E-01,8.40E-01,6.69E-01,7.30E-01,-0.543263578387798,2.38E-01,0,6313,5.75E+02,4.40E+02,5.55E+02,4.58E+02,4.78E+02,5.33E+02,5.14E+02,5.67E+02,4.99E+02,5.15E+02,5.17E+02,5.18E+02,2.03E+00,1.18E+00,7.73E+00
0.477112799882889,0.267044752836227,1.09652352333069,1.0732136964798,1.18704402446747,1.07086956501007,7.98E-01,7.24E-01,8.17E-01,6.77E-01,7.29E-01,-0.36627800114593,9.85E+00,0,6316,5.54E+02,4.27E+02,5.44E+02,4.50E+02,4.63E+02,5.26E+02,5.05E+02,5.62E+02,4.85E+02,5.07E+02,5.06E+02,5.13E+02,1.98E+00,1.09E+00,6.35E+00
0.511746287345886,0.275704652070999,1.09779667854309,1.03316807746887,1.19017994403839,1.04842066764832,8.09E-01,6.95E-01,8.23E-01,6.91E-01,7.91E-01,1.32026579899747,1.00E+01,0,6319,4.84E+02,4.17E+02,4.53E+02,4.38E+02,3.89E+02,5.23E+02,4.40E+02,5.50E+02,4.10E+02,5.00E+02,4.30E+02,5.01E+02,6.06E+00,1.98E+00,1.86E+01
0,0,0,0,0,0,0.00E+00,0.00E+00,0.00E+00,0.00E+00,0.00E+00,-0.370961842611856,4.11E+00,0,6322,0.00E+00,0.00E+00,0.00E+00,0.00E+00,0.00E+00,0.00E+00,0.00E+00,0.00E+00,0.00E+00,0.00E+00,0.00E+00,0.00E+00,1.24E+00,3.76E+00,2.52E+01
0.464539170265198,0.27178692817688,1.11901915073395,1.05669724941254,1.16332602500916,1.03327417373657,8.36E-01,7.44E-01,8.19E-01,7.38E-01,7.49E-01,-3.53237708175961,4.67E+00,0,6324,3.98E+02,4.17E+02,3.89E+02,4.33E+02,3.30E+02,5.23E+02,3.78E+02,5.47E+02,3.46E+02,5.01E+02,3.68E+02,5.01E+02,1.02E+01,2.87E+00,2.27E+01
0.46527361869812,0.272205650806427,1.1092563867569,1.06401813030243,1.16362249851227,1.04078578948975,7.77E-01,7.56E-01,8.36E-01,7.46E-01,7.47E-01,0.555560471798742,8.78E+00,0,6327,3.97E+02,4.06E+02,3.85E+02,4.29E+02,3.26E+02,5.19E+02,3.74E+02,5.41E+02,3.45E+02,4.96E+02,3.64E+02,4.98E+02,1.31E+00,8.52E+00,2.31E+01
0.466790825128555,0.277989745140076,1.1033536195755,1.07223737239838,1.15683305263519,1.06109368801117,8.16E-01,7.09E-01,8.21E-01,7.19E-01,7.75E-01,0.542351148778028,1.36E+00,0,6330,4.01E+02,4.04E+02,3.82E+02,4.24E+02,3.23E+02,5.13E+02,3.66E+02,5.38E+02,3.40E+02,4.91E+02,3.58E+02,4.92E+02,6.19E+00,7.36E+00,2.02E+01
0.463697344064713,0.275861442089081,1.09408676624298,1.06859350204468,1.14075124263763,1.02987194061279,8.01E-01,7.25E-01,8.19E-01,7.28E-01,7.60E-01,-0.251204283719725,3.85E+00,0,6333,3.89E+02,4.08E+02,3.73E+02,4.36E+02,3.15E+02,5.20E+02,3.64E+02,5.42E+02,3.32E+02,4.99E+02,3.53E+02,5.01E+02,1.73E+00,1.48E+00,1.13E+01
0.467577904462814,0.271863579750061,1.09235489368439,1.0717601776123,1.11677968502045,1.0624680519104,8.26E-01,7.28E-01,7.99E-01,7.47E-01,7.78E-01,1.4961859300195,1.34E+01,0,6336,3.84E+02,4.01E+02,3.61E+02,4.22E+02,3.03E+02,5.13E+02,3.45E+02,5.36E+02,3.20E+02,4.91E+02,3.37E+02,4.90E+02,3.79E+00,3.63E+00,1.64E+00
0.48416793346405,0.275177359580994,1.02266609668732,1.06525063514709,1.11680853366852,0.997960865497589,7.87E-01,7.30E-01,8.24E-01,7.26E-01,7.70E-01,0.515001411179075,6.64E+00,0,6338,3.67E+02,4.06E+02,3.53E+02,4.24E+02,2.87E+02,5.20E+02,3.39E+02,5.38E+02,3.10E+02,4.94E+02,3.30E+02,4.90E+02,1.84E+00,1.82E+00,5.68E+00
0.467213690280914,0.267413198947906,1.08851063251495,1.07040786743164,1.11563324928284,1.06013703346252,7.70E-01,7.45E-01,8.29E-01,7.37E-01,7.70E-01,-0.175197954227068,2.74E+00,0,6341,3.69E+02,4.04E+02,3.52E+02,4.24E+02,2.93E+02,5.15E+02,3.37E+02,5.39E+02,3.09E+02,4.92E+02,3.27E+02,4.91E+02,3.52E+00,1.88E+00,1.25E+01
0.478619903326035,0.267717987298965,1.08843100070953,1.05501639842987,1.09404993057251,0.990336775779724,7.86E-01,7.47E-01,8.37E-01,7.13E-01,7.64E-01,-0.081149953774228,2.54E+00,0,6344,3.68E+02,4.02E+02,3.51E+02,4.23E+02,2.89E+02,5.15E+02,3.34E+02,5.38E+02,3.08E+02,4.91E+02,3.26E+02,4.90E+02,4.31E+00,2.27E+00,2.04E+01
0.478379875421524,0.266819387674332,1.1273558139801,1.07111489772797,1.071453332901,1.06224524974823,8.11E-01,7.41E-01,8.30E-01,7.16E-01,7.66E-01,-2.34290190184686,1.53E+00,0,6347,3.68E+02,4.04E+02,3.53E+02,4.23E+02,2.93E+02,5.13E+02,3.36E+02,5.36E+02,3.09E+02,4.91E+02,3.27E+02,4.90E+02,1.17E-01,4.69E+00,2.09E+01
0.477673172950745,0.266530930995941,1.07674384117126,1.07270932197571,1.06132566928864,1.05136847496033,8.01E-01,7.55E-01,8.21E-01,7.33E-01,7.58E-01,-0.475724292309641,2.06E+00,0,6350,3.67E+02,4.02E+02,3.50E+02,4.23E+02,2.90E+02,5.13E+02,3.33E+02,5.36E+02,3.08E+02,4.91E+02,3.26E+02,4.90E+02,3.41E+00,2.79E+00,1.93E+01
0.474461585283279,0.261347413063049,1.06645512580872,1.05608546733856,1.05701959133148,1.06794118881226,7.80E-01,7.42E-01,8.16E-01,7.14E-01,7.52E-01,0.223461739346386,5.29E+00,0,6352,3.69E+02,4.01E+02,3.52E+02,4.21E+02,2.91E+02,5.15E+02,3.36E+02,5.35E+02,3.09E+02,4.90E+02,3.27E+02,4.89E+02,3.05E+00,2.85E+00,1.75E+01
0.466480880975723,0.263772755861282,1.10442495346069,1.05416309833527,1.04362189769745,1.00129771232605,7.66E-01,7.53E-01,8.36E-01,7.17E-01,7.51E-01,-0.378215438961353,5.03E+00,0,6355,3.68E+02,3.98E+02,3.51E+02,4.20E+02,2.91E+02,5.11E+02,3.34E+02,5.35E+02,3.09E+02,4.88E+02,3.26E+02,4.89E+02,4.10E+00,5.30E+00,1.55E+01
0.46674832701683,0.26267072558403,1.12627410888672,1.05696547031403,1.02201902866364,1.04916608333588,8.47E-01,7.46E-01,8.22E-01,7.21E-01,7.45E-01,-0.070588902338077,1.91E+00,0,6358,3.69E+02,3.97E+02,3.53E+02,4.18E+02,2.93E+02,5.08E+02,3.35E+02,5.34E+02,3.09E+02,4.86E+02,3.27E+02,4.86E+02,1.03E+00,2.07E+00,1.82E+01
0.435345739126205,0.25216206908226,1.10533213615417,1.06241643428803,1.07745385169983,1.03424060344696,8.16E-01,6.98E-01,8.09E-01,6.46E-01,7.31E-01,-0.28051186964334,7.55E+00,0,6361,3.88E+02,4.25E+02,3.76E+02,4.45E+02,3.08E+02,5.31E+02,3.48E+02,5.57E+02,3.28E+02,5.11E+02,3.46E+02,5.10E+02,2.55E+00,3.68E-01,2.04E+01
0.478713423013687,0.278398901224136,1.1142520904541,1.04939579963684,1.03515923023224,1.07187294960022,8.19E-01,7.16E-01,7.69E-01,7.27E-01,6.60E-01,-0.47029386563616,8.18E+00,0,6364,4.06E+02,4.75E+02,3.90E+02,5.32E+02,3.18E+02,6.09E+02,3.67E+02,6.47E+02,3.40E+02,5.88E+02,3.60E+02,5.99E+02,3.64E+00,2.57E+00,2.20E+01
0.473119467496872,0.286514401435852,1.13763201236725,1.08023059368134,1.04342806339264,1.04754030704498,8.37E-01,7.16E-01,8.28E-01,7.03E-01,7.78E-01,0.19856156996309,5.05E+00,0,6366,3.98E+02,5.93E+02,3.87E+02,6.07E+02,3.18E+02,6.91E+02,3.63E+02,7.16E+02,3.36E+02,6.71E+02,3.56E+02,6.70E+02,3.27E+00,3.11E+00,2.07E+01
0,0,0,0,0,0,0.00E+00,0.00E+00,0.00E+00,0.00E+00,0.00E+00,-0.287719368296611,5.75E+00,0,6369,0.00E+00,0.00E+00,0.00E+00,0.00E+00,0.00E+00,0.00E+00,0.00E+00,0.00E+00,0.00E+00,0.00E+00,0.00E+00,0.00E+00,2.72E+00,8.24E-01,1.89E+01
0,0,0,0,0,0,0.00E+00,0.00E+00,0.00E+00,0.00E+00,0.00E+00,-1.0025832537831,2.00E+00,0,6372,0.00E+00,0.00E+00,0.00E+00,0.00E+00,0.00E+00,0.00E+00,0.00E+00,0.00E+00,0.00E+00,0.00E+00,0.00E+00,0.00E+00,2.72E+00,2.77E+00,1.80E+01
0,0,0,0,0,0,0.00E+00,0.00E+00,0.00E+00,0.00E+00,0.00E+00,-0.405826909961148,5.87E+00,0,6375,0.00E+00,0.00E+00,0.00E+00,0.00E+00,0.00E+00,0.00E+00,0.00E+00,0.00E+00,0.00E+00,0.00E+00,0.00E+00,0.00E+00,7.46E-01,2.81E+00,1.39E+01
0,0,0,0,0,0,0.00E+00,0.00E+00,0.00E+00,0.00E+00,0.00E+00,0.28156107672033,2.79E+00,0,6378,0.00E+00,0.00E+00,0.00E+00,0.00E+00,0.00E+00,0.00E+00,0.00E+00,0.00E+00,0.00E+00,0.00E+00,0.00E+00,0.00E+00,3.58E+00,3.45E+00,1.31E+01
0,0,0,0,0,0,0.00E+00,0.00E+00,0.00E+00,0.00E+00,0.00E+00,-1.35937464816502,1.77E+00,0,6380,0.00E+00,0.00E+00,0.00E+00,0.00E+00,0.00E+00,0.00E+00,0.00E+00,0.00E+00,0.00E+00,0.00E+00,0.00E+00,0.00E+00,1.46E+00,1.59E+00,1.13E+01
0,0,0,0,0,0,0.00E+00,0.00E+00,0.00E+00,0.00E+00,0.00E+00,1.63777091318137,2.79E+01,0,6383,0.00E+00,0.00E+00,0.00E+00,0.00E+00,0.00E+00,0.00E+00,0.00E+00,0.00E+00,0.00E+00,0.00E+00,0.00E+00,0.00E+00,7.43E+00,5.85E+00,1.10E+01
0,0,0,0,0,0,0.00E+00,0.00E+00,0.00E+00,0.00E+00,0.00E+00,-34.3795067857312,2.77E+01,0,6386,0.00E+00,0.00E+00,0.00E+00,0.00E+00,0.00E+00,0.00E+00,0.00E+00,0.00E+00,0.00E+00,0.00E+00,0.00E+00,0.00E+00,6.11E+00,9.25E+00,9.53E+00
0,0,0,0,0,0,0.00E+00,0.00E+00,0.00E+00,0.00E+00,0.00E+00,13.0214200080992,1.13E+01,0,6389,0.00E+00,0.00E+00,0.00E+00,0.00E+00,0.00E+00,0.00E+00,0.00E+00,0.00E+00,0.00E+00,0.00E+00,0.00E+00,0.00E+00,5.58E+01,2.53E+01,4.57E+00
0,0,0,0,0,0,0.00E+00,0.00E+00,0.00E+00,0.00E+00,0.00E+00,3.80599715486297,1.58E+00,0,6392,0.00E+00,0.00E+00,0.00E+00,0.00E+00,0.00E+00,0.00E+00,0.00E+00,0.00E+00,0.00E+00,0.00E+00,0.00E+00,0.00E+00,1.50E+01,5.59E+01,1.13E+01
0.483732342720032,0.260371655225754,1.14169681072235,1.06086027622223,0.981217682361603,0.993748784065247,8.49E-01,7.47E-01,8.24E-01,7.13E-01,7.50E-01,-0.255832482101329,2.76E+01,0,6394,3.05E+02,2.46E+02,2.96E+02,2.70E+02,2.34E+02,3.59E+02,2.81E+02,3.86E+02,2.51E+02,3.37E+02,2.71E+02,3.38E+02,2.57E+01,4.06E+01,3.06E+01
0.473181575536728,0.266937881708145,1.11509358882904,1.04195094108582,0.985689520835876,1.06775534152985,7.96E-01,7.84E-01,8.36E-01,6.94E-01,7.47E-01,1.19161559094118,7.47E-01,0,6397,3.05E+02,2.61E+02,2.95E+02,2.85E+02,2.36E+02,3.73E+02,2.80E+02,3.99E+02,2.52E+02,3.53E+02,2.69E+02,3.53E+02,9.20E+00,2.74E+00,7.40E+01
0.477956265211105,0.269071877002716,1.12725484371185,1.0697910785675,0.966028571128845,1.03553652763367,7.73E-01,7.67E-01,8.28E-01,7.15E-01,7.49E-01,-0.006087179863922,2.44E-01,0,6400,3.04E+02,2.61E+02,2.94E+02,2.85E+02,2.34E+02,3.75E+02,2.80E+02,4.00E+02,2.51E+02,3.53E+02,2.71E+02,3.53E+02,1.75E-01,2.23E+01,1.11E+02
0.480356603860855,0.264898002147675,1.14675223827362,1.04757273197174,0.968849420547485,1.05401718616486,8.07E-01,7.80E-01,8.42E-01,6.83E-01,7.50E-01,-0.32817809859072,7.25E-02,0,6403,3.05E+02,2.59E+02,2.95E+02,2.82E+02,2.36E+02,3.73E+02,2.80E+02,3.96E+02,2.53E+02,3.50E+02,2.71E+02,3.50E+02,1.13E+00,7.79E+00,1.54E+02
0.48101606965065,0.261545866727829,1.1373952627182,1.06269216537476,0.961938858032227,1.05925393104553,7.97E-01,7.48E-01,8.19E-01,6.92E-01,7.59E-01,0.149059941680939,3.92E+00,0,6406,3.05E+02,2.59E+02,2.95E+02,2.81E+02,2.36E+02,3.70E+02,2.81E+02,3.95E+02,2.53E+02,3.50E+02,2.71E+02,3.49E+02,1.80E+00,1.97E+00,1.81E+02
0.483349502086639,0.26807576417923,1.12965071201324,1.05479085445404,0.969884932041168,1.03660154342651,8.35E-01,7.61E-01,8.14E-01,7.04E-01,7.58E-01,0.705164940829631,1.63E-01,0,6408,3.08E+02,2.57E+02,2.97E+02,2.79E+02,2.38E+02,3.70E+02,2.83E+02,3.93E+02,2.55E+02,3.47E+02,2.73E+02,3.47E+02,1.01E+00,2.04E+00,1.84E+02
0.482531934976578,0.263533145189285,1.14424276351929,1.06360042095184,0.968559265136719,1.05388188362122,8.09E-01,7.60E-01,8.11E-01,6.96E-01,7.45E-01,-0.021159837910327,1.14E-01,0,6411,3.08E+02,2.55E+02,2.97E+02,2.78E+02,2.38E+02,3.68E+02,2.84E+02,3.91E+02,2.55E+02,3.46E+02,2.74E+02,3.46E+02,3.84E-01,9.35E-01,1.76E+02
0.482161909341812,0.269224762916565,1.12642383575439,1.04507744312286,0.962128877639771,1.05132472515106,8.30E-01,7.67E-01,8.21E-01,6.74E-01,7.58E-01,-0.443883977162917,9.61E-01,0,6414,3.10E+02,2.54E+02,3.00E+02,2.76E+02,2.40E+02,3.66E+02,2.88E+02,3.90E+02,2.58E+02,3.44E+02,2.75E+02,3.45E+02,8.55E-01,2.46E+00,1.39E+02
0.479554176330566,0.258914589881897,1.11532533168793,1.06860065460205,0.962728321552277,1.0479599237442,7.89E-01,7.44E-01,8.12E-01,6.92E-01,7.40E-01,1.63472027203123,3.38E+00,0,6417,3.09E+02,2.74E+02,3.00E+02,2.76E+02,2.39E+02,3.71E+02,2.88E+02,3.89E+02,2.57E+02,3.45E+02,2.75E+02,3.43E+02,3.57E+00,3.86E+00,1.05E+02
0,0,0,0,0,0,0.00E+00,0.00E+00,0.00E+00,0.00E+00,0.00E+00,12.5252701496493,8.04E+00,0,6420,0.00E+00,0.00E+00,0.00E+00,0.00E+00,0.00E+00,0.00E+00,0.00E+00,0.00E+00,0.00E+00,0.00E+00,0.00E+00,0.00E+00,4.60E+00,6.23E+00,5.25E+01
0.454210072755814,0.256144315004349,1.10480749607086,1.05751585960388,0.963293612003326,1.06079041957855,7.89E-01,7.38E-01,8.15E-01,6.81E-01,7.32E-01,0.256840045205581,3.60E+00,0,6422,3.11E+02,4.81E+02,3.01E+02,5.04E+02,2.41E+02,5.94E+02,2.89E+02,6.18E+02,2.60E+02,5.72E+02,2.78E+02,5.72E+02,7.52E+00,6.16E+00,2.98E+01
0.458826988935471,0.259624361991882,1.11613583564758,1.06000947952271,0.969635248184204,1.04180026054382,8.20E-01,7.50E-01,8.19E-01,7.09E-01,7.34E-01,0.758138588193467,9.37E+00,0,6425,3.13E+02,4.80E+02,3.02E+02,5.02E+02,2.42E+02,5.95E+02,2.90E+02,6.17E+02,2.60E+02,5.72E+02,2.79E+02,5.69E+02,3.78E+00,1.01E+01,3.24E+00
0.452890694141388,0.252921730279922,1.11092090606689,1.07048487663269,0.956099808216095,1.07016324996948,7.72E-01,7.37E-01,8.12E-01,6.70E-01,7.29E-01,0.173441754293657,2.09E+00,0,6428,3.12E+02,4.79E+02,3.02E+02,5.01E+02,2.43E+02,5.92E+02,2.91E+02,6.14E+02,2.60E+02,5.69E+02,2.80E+02,5.69E+02,2.43E+00,1.18E+01,1.72E+01
0.458188146352768,0.259267657995224,1.13010680675507,1.06490790843964,0.959797918796539,1.03142046928406,8.26E-01,7.45E-01,8.14E-01,7.08E-01,7.40E-01,-0.003258405575161,6.89E-01,0,6431,3.14E+02,4.77E+02,3.03E+02,4.98E+02,2.44E+02,5.90E+02,2.92E+02,6.12E+02,2.62E+02,5.68E+02,2.80E+02,5.65E+02,1.79E+00,6.42E+00,2.77E+01
0.452605903148651,0.251148045063019,1.11165273189545,1.06868875026703,0.957368075847626,1.10738265514374,7.93E-01,7.36E-01,8.15E-01,6.61E-01,7.24E-01,0.796997777985517,1.06E+01,0,6434,3.14E+02,4.74E+02,3.04E+02,4.97E+02,2.44E+02,5.89E+02,2.92E+02,6.11E+02,2.62E+02,5.66E+02,2.81E+02,5.64E+02,1.83E+00,3.91E-01,3.91E+01
0.455623954534531,0.255464047193527,1.1135174036026,1.06442177295685,0.954241693019867,1.05705833435059,8.27E-01,7.45E-01,8.10E-01,6.91E-01,7.35E-01,0.00457096252443,4.38E-01,0,6436,3.16E+02,4.72E+02,3.05E+02,4.93E+02,2.46E+02,5.85E+02,2.94E+02,6.07E+02,2.63E+02,5.63E+02,2.83E+02,5.60E+02,3.57E+00,9.81E-01,4.86E+01
0.452650457620621,0.247939854860306,1.13049185276032,1.04766356945038,0.957978904247284,1.1148693561554,7.89E-01,7.32E-01,7.91E-01,6.77E-01,7.18E-01,-0.648580169267764,4.45E+00,0,6439,3.17E+02,4.69E+02,3.07E+02,4.92E+02,2.47E+02,5.85E+02,2.97E+02,6.04E+02,2.65E+02,5.62E+02,2.84E+02,5.58E+02,4.17E-01,3.26E+00,5.30E+01
0.456117153167725,0.253037959337234,1.13200461864471,1.06534397602081,0.94970715045929,1.06338703632355,8.35E-01,7.37E-01,8.19E-01,6.80E-01,7.37E-01,-0.0321584675822,2.68E+00,0,6442,3.24E+02,4.65E+02,3.13E+02,4.87E+02,2.54E+02,5.79E+02,3.02E+02,6.00E+02,2.71E+02,5.56E+02,2.91E+02,5.55E+02,1.69E+00,1.00E+00,5.60E+01
0.446787029504776,0.248933032155037,1.10224497318268,1.07320296764374,0.957920670509338,1.12184226512909,7.82E-01,7.08E-01,7.93E-01,6.97E-01,7.39E-01,-0.009315722578937,6.40E-01,0,6445,3.28E+02,4.63E+02,3.15E+02,4.86E+02,2.56E+02,5.78E+02,3.04E+02,5.99E+02,2.74E+02,5.54E+02,2.92E+02,5.53E+02,9.70E-01,8.43E-01,5.55E+01
0.447456508874893,0.250937104225159,1.12395334243774,1.05688178539276,0.961719214916229,1.07521784305573,8.06E-01,7.26E-01,8.05E-01,7.02E-01,7.26E-01,-1.10412672718674,1.02E+00,0,6448,3.30E+02,4.62E+02,3.19E+02,4.83E+02,2.59E+02,5.74E+02,3.06E+02,5.97E+02,2.76E+02,5.51E+02,2.95E+02,5.49E+02,2.18E+00,2.59E-01,5.09E+01
0.446023911237717,0.249240383505821,1.13500761985779,1.0719587802887,0.961225688457489,1.11219596862793,7.83E-01,7.10E-01,7.93E-01,6.62E-01,7.26E-01,0.103883504555245,9.48E-01,0,6450,3.31E+02,4.59E+02,3.18E+02,4.82E+02,2.59E+02,5.73E+02,3.05E+02,5.96E+02,2.77E+02,5.49E+02,2.95E+02,5.49E+02,8.38E-01,1.06E+00,4.44E+01
0.447468161582947,0.249490857124329,1.1451758146286,1.05343842506409,0.952055633068085,1.08201158046722,8.13E-01,7.29E-01,8.02E-01,6.53E-01,7.30E-01,0.003037184603962,3.96E-01,0,6453,3.33E+02,4.58E+02,3.21E+02,4.80E+02,2.62E+02,5.70E+02,3.09E+02,5.93E+02,2.79E+02,5.48E+02,2.98E+02,5.46E+02,3.79E-01,1.71E+00,3.43E+01
0.445369035005569,0.245058462023735,1.12210893630981,1.05778384208679,0.959774613380432,1.10275506973267,7.57E-01,7.14E-01,8.10E-01,6.59E-01,7.35E-01,0.011754808088845,1.55E+00,0,6456,3.35E+02,4.56E+02,3.23E+02,4.79E+02,2.62E+02,5.71E+02,3.09E+02,5.92E+02,2.80E+02,5.47E+02,2.99E+02,5.46E+02,5.81E-01,7.37E-01,2.73E+01
0.444978147745132,0.248072877526283,1.15461730957031,1.05461621284485,0.957093954086304,1.05958187580109,8.10E-01,7.15E-01,7.76E-01,6.38E-01,7.33E-01,0.000871542706839,9.27E-01,0,6459,3.39E+02,4.54E+02,3.27E+02,4.77E+02,2.65E+02,5.67E+02,3.12E+02,5.90E+02,2.84E+02,5.45E+02,3.02E+02,5.43E+02,5.95E-01,5.28E-01,1.99E+01
0.444646060466766,0.248257130384445,1.10994064807892,1.05896437168121,0.953385472297668,1.08345115184784,7.86E-01,7.11E-01,7.98E-01,6.54E-01,7.32E-01,0.562095749521854,1.18E+00,0,6462,3.36E+02,4.54E+02,3.27E+02,4.77E+02,2.65E+02,5.66E+02,3.15E+02,5.89E+02,2.83E+02,5.44E+02,3.04E+02,5.43E+02,6.51E-01,6.55E-01,1.53E+01
0.445670753717423,0.24593985080719,1.13461005687714,1.07818615436554,0.962752461433411,1.03732001781464,8.05E-01,7.23E-01,7.98E-01,6.49E-01,7.35E-01,0.305491449825829,2.95E+00,0,6465,3.37E+02,4.50E+02,3.25E+02,4.66E+02,2.65E+02,5.59E+02,3.11E+02,5.79E+02,2.82E+02,5.35E+02,3.00E+02,5.33E+02,1.20E+00,7.33E-01,1.36E+01
0.450624078512192,0.248599797487259,1.12796342372894,1.058464884758,0.965870916843414,1.08533596992493,7.96E-01,7.25E-01,7.87E-01,6.63E-01,7.36E-01,-0.044490695543302,1.49E+00,0,6467,3.32E+02,4.28E+02,3.23E+02,4.52E+02,2.63E+02,5.43E+02,3.10E+02,5.65E+02,2.81E+02,5.19E+02,3.00E+02,5.19E+02,7.91E-01,1.13E+00,1.18E+01
0.455570995807648,0.252577424049377,1.1329345703125,1.0659373998642,0.967361330986023,1.0778431892395,8.25E-01,7.49E-01,8.10E-01,6.72E-01,7.44E-01,0.128648166211984,1.80E+00,0,6470,3.29E+02,4.24E+02,3.16E+02,4.46E+02,2.56E+02,5.37E+02,3.05E+02,5.58E+02,2.75E+02,5.15E+02,2.93E+02,5.14E+02,2.81E-01,1.10E+00,1.11E+01
0.44810625910759,0.245576113462448,1.1074275970459,1.07144212722778,0.972045481204987,1.08580136299133,7.98E-01,7.22E-01,8.09E-01,6.56E-01,7.36E-01,0.131297757604532,8.41E-01,0,6473,3.25E+02,4.24E+02,3.13E+02,4.46E+02,2.54E+02,5.36E+02,3.01E+02,5.58E+02,2.71E+02,5.14E+02,2.90E+02,5.13E+02,2.04E+00,6.78E-01,9.18E+00
0.445990353822708,0.252261728048325,1.12664723396301,1.05366361141205,0.963552117347717,1.08547222614288,8.27E-01,7.38E-01,8.11E-01,6.68E-01,7.36E-01,0.312188816396979,1.23E+00,0,6476,3.26E+02,4.23E+02,3.13E+02,4.45E+02,2.54E+02,5.34E+02,3.02E+02,5.57E+02,2.71E+02,5.14E+02,2.91E+02,5.13E+02,1.95E+00,1.39E+00,8.82E+00
0.446760624647141,0.247440382838249,1.11096084117889,1.05905222892761,0.969943046569824,1.08945155143738,7.94E-01,7.30E-01,8.06E-01,6.46E-01,7.23E-01,0.333238394572736,1.03E+00,0,6479,3.26E+02,4.23E+02,3.15E+02,4.45E+02,2.56E+02,5.35E+02,3.03E+02,5.57E+02,2.73E+02,5.13E+02,2.91E+02,5.12E+02,1.08E+00,1.14E+00,9.61E+00
0.445681750774384,0.245407596230507,1.14250576496124,1.0588436126709,0.94982236623764,1.10122835636139,8.05E-01,7.25E-01,8.11E-01,6.66E-01,7.35E-01,1.04419389788392,9.87E-02,0,6481,3.31E+02,4.22E+02,3.17E+02,4.45E+02,2.58E+02,5.35E+02,3.04E+02,5.57E+02,2.75E+02,5.12E+02,2.92E+02,5.10E+02,1.54E+00,8.93E-01,9.80E+00
0.445421427488327,0.245993584394455,1.11398088932037,1.07803678512573,0.96888941526413,1.10948979854584,7.78E-01,7.37E-01,8.07E-01,6.70E-01,7.41E-01,-0.088202973566029,7.52E-01,0,6484,3.25E+02,4.22E+02,3.13E+02,4.45E+02,2.55E+02,5.34E+02,3.01E+02,5.58E+02,2.72E+02,5.12E+02,2.91E+02,5.10E+02,7.58E-01,1.26E+00,9.79E+00
0.437344193458557,0.246156841516495,1.14622807502747,1.07181191444397,0.957700312137604,1.12693202495575,8.05E-01,7.36E-01,7.98E-01,6.70E-01,7.19E-01,0.024277898416999,5.56E-01,0,6487,3.26E+02,4.23E+02,3.15E+02,4.45E+02,2.54E+02,5.36E+02,3.02E+02,5.58E+02,2.72E+02,5.13E+02,2.91E+02,5.11E+02,3.62E-01,2.47E-01,8.96E+00
0.445337474346161,0.247793674468994,1.12139844894409,1.06459879875183,0.953937768936157,1.10522699356079,7.62E-01,7.25E-01,8.03E-01,6.64E-01,7.29E-01,1.66043602384793,8.03E-01,0,6490,3.25E+02,4.23E+02,3.11E+02,4.45E+02,2.51E+02,5.36E+02,2.99E+02,5.58E+02,2.69E+02,5.14E+02,2.88E+02,5.12E+02,6.87E-01,5.68E-01,8.46E+00
0.43911874294281,0.242934614419937,1.14140248298645,1.06946957111359,0.9649298787117,1.07706427574158,8.04E-01,7.34E-01,8.18E-01,6.69E-01,7.30E-01,-1.94681120862177,1.74E+00,0,6493,3.29E+02,4.23E+02,3.18E+02,4.45E+02,2.57E+02,5.36E+02,3.05E+02,5.58E+02,2.75E+02,5.13E+02,2.94E+02,5.10E+02,1.98E-01,1.53E+00,6.02E+00
0.443645805120468,0.246508926153183,1.12086069583893,1.07654392719269,0.967488706111908,1.07424187660217,7.59E-01,7.18E-01,8.14E-01,6.66E-01,7.32E-01,0.01264397863443,7.26E-01,0,6495,3.28E+02,4.23E+02,3.16E+02,4.46E+02,2.57E+02,5.34E+02,3.05E+02,5.58E+02,2.74E+02,5.13E+02,2.93E+02,5.11E+02,7.84E-01,9.20E-01,4.83E+00
0.439859509468079,0.24254409968853,1.1426100730896,1.05551218986511,0.940779685974121,1.09236097335815,8.00E-01,7.32E-01,7.97E-01,6.61E-01,7.26E-01,-0.061946976948113,8.92E-01,0,6498,3.27E+02,4.22E+02,3.15E+02,4.45E+02,2.55E+02,5.34E+02,3.02E+02,5.57E+02,2.72E+02,5.13E+02,2.92E+02,5.11E+02,3.67E-01,7.96E-01,3.03E+00
0.441140204668045,0.242832571268082,1.09273159503937,1.06581938266754,0.968920528888702,1.07049107551575,7.60E-01,7.31E-01,8.15E-01,6.61E-01,7.22E-01,0.021317417595937,3.66E-01,0,6501,3.25E+02,4.22E+02,3.13E+02,4.45E+02,2.54E+02,5.34E+02,3.02E+02,5.57E+02,2.71E+02,5.13E+02,2.92E+02,5.12E+02,4.89E-01,2.76E-01,1.30E+00
0.438963800668716,0.243520885705948,1.13750457763672,1.04795062541962,0.964774608612061,1.0882248878479,8.13E-01,7.43E-01,8.13E-01,6.67E-01,7.14E-01,2.2939625882988,1.02E+00,0,6504,3.24E+02,4.21E+02,3.13E+02,4.44E+02,2.54E+02,5.35E+02,3.00E+02,5.56E+02,2.71E+02,5.11E+02,2.90E+02,5.10E+02,8.43E-01,2.18E-01,9.37E-01
0.439543604850769,0.245584011077881,1.12740385532379,1.08735370635986,0.95873636007309,1.06137156486511,7.55E-01,7.38E-01,8.14E-01,6.62E-01,7.34E-01,1.6024647797656,1.01E+00,0,6507,3.24E+02,4.21E+02,3.12E+02,4.44E+02,2.53E+02,5.34E+02,3.01E+02,5.57E+02,2.70E+02,5.11E+02,2.90E+02,5.11E+02,1.44E+00,8.38E-01,2.99E+00
0.443660140037537,0.241993218660355,1.14590775966644,1.07382047176361,0.960101544857025,1.05904150009155,7.99E-01,7.36E-01,8.08E-01,6.61E-01,7.17E-01,0.003414281061755,4.74E-01,0,6509,3.25E+02,4.20E+02,3.13E+02,4.42E+02,2.53E+02,5.33E+02,3.02E+02,5.55E+02,2.70E+02,5.10E+02,2.91E+02,5.09E+02,1.29E+00,1.73E+00,3.38E+00
0.442081689834595,0.242801323533058,1.13134586811066,1.07391202449799,0.972542822360992,1.07704949378967,7.44E-01,7.41E-01,8.21E-01,6.61E-01,7.35E-01,0.244994362360729,1.38E+00,0,6512,3.24E+02,4.19E+02,3.12E+02,4.42E+02,2.53E+02,5.32E+02,3.01E+02,5.53E+02,2.71E+02,5.09E+02,2.89E+02,5.08E+02,1.62E+00,1.03E+00,4.43E+00
0.443377643823624,0.243647292256355,1.15436100959778,1.05309784412384,0.963642537593842,1.06735956668854,8.02E-01,7.39E-01,8.15E-01,6.62E-01,7.22E-01,0.013586134028357,1.03E+00,0,6515,3.25E+02,4.18E+02,3.13E+02,4.41E+02,2.52E+02,5.32E+02,3.01E+02,5.53E+02,2.71E+02,5.08E+02,2.89E+02,5.07E+02,9.20E-01,8.31E-01,4.14E+00
0.440862566232681,0.245761707425117,1.09383356571198,1.07199597358704,0.956109642982483,1.05584514141083,7.49E-01,7.39E-01,8.19E-01,6.61E-01,7.32E-01,0.07401668180101,1.42E-01,0,6518,3.23E+02,4.18E+02,3.10E+02,4.41E+02,2.51E+02,5.30E+02,2.99E+02,5.53E+02,2.69E+02,5.09E+02,2.88E+02,5.07E+02,8.55E-01,2.07E+00,2.82E+00
0.442024767398834,0.244397953152657,1.13977944850922,1.06845152378082,0.952846825122833,1.09042775630951,7.87E-01,7.44E-01,8.13E-01,6.62E-01,7.20E-01,0.722686083223318,1.17E+00,0,6521,3.25E+02,4.17E+02,3.14E+02,4.39E+02,2.55E+02,5.30E+02,3.01E+02,5.51E+02,2.71E+02,5.07E+02,2.89E+02,5.05E+02,6.58E-01,1.39E+00,2.69E+00
0.442980915307999,0.246587201952934,1.11764311790466,1.0720180273056,0.961166381835938,1.07241630554199,7.54E-01,7.37E-01,8.05E-01,6.49E-01,7.30E-01,0.036272823112186,1.85E+00,0,6523,3.23E+02,4.20E+02,3.12E+02,4.40E+02,2.53E+02,5.29E+02,3.00E+02,5.52E+02,2.70E+02,5.08E+02,2.89E+02,5.07E+02,1.27E+00,6.55E-01,2.81E+00
0.438714295625687,0.245176762342453,1.12511849403381,1.08715116977692,0.966136276721954,1.07190477848053,8.07E-01,7.41E-01,8.10E-01,6.65E-01,7.20E-01,-0.302037083219777,2.03E+00,0,6526,3.24E+02,4.16E+02,3.13E+02,4.37E+02,2.55E+02,5.30E+02,3.01E+02,5.50E+02,2.70E+02,5.06E+02,2.90E+02,5.03E+02,8.02E-01,1.63E+00,2.40E+00
0.442038774490356,0.24425707757473,1.08537948131561,1.07239615917206,0.947078943252564,1.08497488498688,7.49E-01,7.26E-01,8.22E-01,6.70E-01,7.28E-01,-0.438183499118095,2.85E+00,0,6529,3.23E+02,4.12E+02,3.12E+02,4.36E+02,2.51E+02,5.26E+02,3.01E+02,5.47E+02,2.70E+02,5.03E+02,2.89E+02,5.00E+02,9.94E-01,1.54E+00,1.78E+00
0.44387024641037,0.241470545530319,1.10124444961548,1.08005857467651,0.963550508022308,1.10640501976013,7.95E-01,7.32E-01,8.12E-01,7.03E-01,7.25E-01,-0.673817561615493,1.90E+00,0,6532,3.24E+02,4.10E+02,3.12E+02,4.32E+02,2.51E+02,5.24E+02,3.01E+02,5.44E+02,2.69E+02,5.00E+02,2.88E+02,4.98E+02,1.01E+00,1.45E-01,8.38E-01
0.443831622600555,0.245115607976913,1.09792184829712,1.07174944877625,0.962313175201416,1.04381740093231,7.69E-01,7.35E-01,8.12E-01,6.71E-01,7.39E-01,0.090527655466526,1.95E+00,0,6535,3.19E+02,4.08E+02,3.08E+02,4.31E+02,2.47E+02,5.22E+02,2.98E+02,5.43E+02,2.66E+02,4.99E+02,2.87E+02,4.97E+02,4.27E-01,1.27E+00,7.52E-01
0.447345972061157,0.241096332669258,1.11974442005157,1.05585813522339,0.948239862918854,1.06372439861298,8.13E-01,7.44E-01,8.12E-01,7.00E-01,7.22E-01,-0.042582154749122,1.09E+00,0,6537,3.17E+02,4.06E+02,3.05E+02,4.28E+02,2.45E+02,5.19E+02,2.93E+02,5.40E+02,2.63E+02,4.96E+02,2.83E+02,4.93E+02,3.76E-01,1.07E+00,1.61E+00
0.448912143707275,0.241733193397522,1.09395289421082,1.05848550796509,0.945026338100433,1.03270721435547,7.55E-01,7.36E-01,8.08E-01,6.71E-01,7.36E-01,-0.054308064098283,3.02E-01,0,6540,3.16E+02,4.04E+02,3.04E+02,4.27E+02,2.43E+02,5.18E+02,2.93E+02,5.39E+02,2.62E+02,4.95E+02,2.82E+02,4.92E+02,1.33E+00,6.58E-01,2.12E+00
0.444425404071808,0.240572333335876,1.11635529994965,1.06210744380951,0.942686915397644,1.0639317035675,8.12E-01,7.51E-01,8.14E-01,6.63E-01,7.30E-01,-0.019077285382723,5.94E-01,0,6543,3.17E+02,4.02E+02,3.06E+02,4.25E+02,2.45E+02,5.17E+02,2.93E+02,5.38E+02,2.63E+02,4.93E+02,2.82E+02,4.91E+02,1.16E+00,1.19E+00,2.57E+00
0.445658802986145,0.243822753429413,1.11762857437134,1.04989695549011,0.954265654087067,1.03468704223633,7.63E-01,7.38E-01,8.07E-01,6.79E-01,7.40E-01,-0.011909700001134,1.74E+00,0,6546,3.17E+02,4.02E+02,3.04E+02,4.25E+02,2.46E+02,5.14E+02,2.94E+02,5.37E+02,2.63E+02,4.93E+02,2.83E+02,4.91E+02,1.84E-01,7.61E-01,2.66E+00
0.449199914932251,0.237801179289818,1.10929763317108,1.0514280796051,0.947950303554535,1.05568611621857,8.00E-01,7.37E-01,8.09E-01,6.86E-01,7.26E-01,-0.409897983675876,8.84E-02,0,6549,3.20E+02,4.00E+02,3.07E+02,4.23E+02,2.47E+02,5.13E+02,2.98E+02,5.35E+02,2.65E+02,4.91E+02,2.85E+02,4.89E+02,2.78E+00,8.14E-01,2.60E+00
0.451959937810898,0.243402197957039,1.10312950611115,1.05817711353302,0.952208042144775,1.03912353515625,7.55E-01,7.22E-01,8.22E-01,6.73E-01,7.36E-01,-0.001866508225922,1.38E-01,0,6551,3.17E+02,3.99E+02,3.06E+02,4.23E+02,2.47E+02,5.13E+02,2.96E+02,5.33E+02,2.65E+02,4.90E+02,2.85E+02,4.88E+02,1.02E+00,1.84E+00,2.12E+00
0.450368732213974,0.239822998642921,1.14593482017517,1.05437076091766,0.947337746620178,1.06575977802277,8.11E-01,7.36E-01,8.11E-01,6.71E-01,7.24E-01,-0.224499743319481,8.43E-01,0,6554,3.20E+02,3.98E+02,3.08E+02,4.20E+02,2.49E+02,5.13E+02,2.95E+02,5.33E+02,2.66E+02,4.89E+02,2.86E+02,4.85E+02,8.44E-01,1.74E+00,2.36E+00
0.447284728288651,0.241381168365479,1.13235080242157,1.06120622158051,0.952412247657776,1.00835561752319,7.39E-01,7.33E-01,8.21E-01,6.51E-01,7.36E-01,0.036242720256403,2.81E-01,0,6557,3.19E+02,3.97E+02,3.07E+02,4.21E+02,2.48E+02,5.11E+02,2.97E+02,5.31E+02,2.66E+02,4.88E+02,2.86E+02,4.86E+02,1.18E+00,1.06E+00,2.82E+00
0.454613298177719,0.243761911988258,1.0794665813446,1.06591379642487,0.927841007709503,1.07071924209595,8.05E-01,7.49E-01,8.29E-01,6.53E-01,7.24E-01,-0.010851881581503,3.72E-01,0,6560,3.14E+02,3.89E+02,3.02E+02,4.10E+02,2.42E+02,4.99E+02,2.90E+02,5.22E+02,2.60E+02,4.77E+02,2.79E+02,4.76E+02,1.58E+00,3.31E-01,3.46E+00
0.459022045135498,0.245282903313637,1.10389697551727,1.06212174892426,0.946473002433777,1.0298056602478,7.55E-01,7.49E-01,8.16E-01,6.76E-01,7.34E-01,-0.066266246992422,1.94E+00,0,6563,3.15E+02,3.84E+02,3.02E+02,4.08E+02,2.44E+02,4.96E+02,2.91E+02,5.20E+02,2.61E+02,4.75E+02,2.81E+02,4.75E+02,1.60E-01,1.19E+00,5.59E+00
0.462749749422073,0.243720889091492,1.07115614414215,1.05503296852112,0.940154314041138,1.06015884876251,8.08E-01,7.37E-01,8.17E-01,6.73E-01,7.30E-01,-0.052455359780877,3.65E+00,0,6565,3.17E+02,3.72E+02,3.04E+02,3.94E+02,2.43E+02,4.85E+02,2.92E+02,5.06E+02,2.63E+02,4.62E+02,2.82E+02,4.61E+02,2.28E+00,1.96E+00,5.97E+00
0.464959055185318,0.246584668755531,1.10446691513062,1.06318140029907,0.960305094718933,1.04032468795776,7.83E-01,7.40E-01,8.22E-01,6.76E-01,7.40E-01,0.277422269420042,4.81E-01,0,6568,3.17E+02,3.69E+02,3.04E+02,3.93E+02,2.46E+02,4.82E+02,2.94E+02,5.04E+02,2.62E+02,4.59E+02,2.81E+02,4.59E+02,5.28E-01,2.19E+00,7.97E+00
0.461050182580948,0.249410554766655,1.09523808956146,1.04538726806641,0.942552030086517,1.06275403499603,8.13E-01,7.45E-01,8.11E-01,6.75E-01,7.27E-01,0.12882189676427,1.92E-01,0,6571,3.21E+02,3.66E+02,3.09E+02,3.88E+02,2.48E+02,4.77E+02,2.99E+02,4.99E+02,2.67E+02,4.56E+02,2.86E+02,4.55E+02,7.22E-02,4.41E-01,9.74E+00
0.462759792804718,0.252250492572784,1.09238934516907,1.07663810253143,0.957424461841583,1.04916036128998,7.67E-01,7.44E-01,8.18E-01,6.70E-01,7.39E-01,0.106198332788648,2.34E+00,0,6574,3.22E+02,3.63E+02,3.09E+02,3.87E+02,2.50E+02,4.75E+02,2.98E+02,4.98E+02,2.67E+02,4.53E+02,2.87E+02,4.55E+02,1.64E+00,5.25E-01,1.11E+01
0.463680982589722,0.250994682312012,1.10912108421326,1.06448793411255,0.947143971920013,1.05106449127197,8.02E-01,7.45E-01,8.09E-01,6.62E-01,7.29E-01,-0.010558184251741,1.25E+00,0,6577,3.23E+02,3.61E+02,3.10E+02,3.84E+02,2.50E+02,4.76E+02,2.98E+02,4.95E+02,2.68E+02,4.51E+02,2.87E+02,4.50E+02,8.49E-01,8.06E-01,1.22E+01
0.462959855794907,0.252338409423828,1.07586586475372,1.05254805088043,0.945308744907379,1.05374705791473,7.55E-01,7.45E-01,8.13E-01,6.67E-01,7.30E-01,-0.143039599490923,3.21E+00,0,6579,3.22E+02,3.61E+02,3.09E+02,3.84E+02,2.51E+02,4.72E+02,2.99E+02,4.94E+02,2.68E+02,4.50E+02,2.87E+02,4.50E+02,1.35E+00,1.75E+00,1.23E+01
0.462700575590134,0.252371668815613,1.09814965724945,1.05234980583191,0.950222611427307,1.06217956542969,8.04E-01,7.37E-01,8.12E-01,6.80E-01,7.27E-01,0.049714608237358,2.56E+00,0,6582,3.22E+02,3.59E+02,3.07E+02,3.82E+02,2.46E+02,4.72E+02,2.94E+02,4.93E+02,2.65E+02,4.50E+02,2.83E+02,4.49E+02,1.14E+00,1.65E-01,1.39E+01
0.467525124549866,0.25329664349556,1.10276424884796,1.06983292102814,0.951676845550537,1.01842224597931,7.75E-01,7.40E-01,8.23E-01,6.65E-01,7.41E-01,-0.037772400299387,4.76E+00,0,6585,3.16E+02,3.58E+02,3.03E+02,3.82E+02,2.44E+02,4.72E+02,2.92E+02,4.92E+02,2.62E+02,4.48E+02,2.83E+02,4.48E+02,2.29E+00,1.68E+00,1.35E+01
0.468372315168381,0.252390742301941,1.09453392028809,1.04698014259338,0.958819627761841,1.05354428291321,8.14E-01,7.52E-01,8.32E-01,6.64E-01,7.36E-01,-0.833075520049664,2.32E-01,0,6588,3.17E+02,3.57E+02,3.05E+02,3.80E+02,2.45E+02,4.71E+02,2.94E+02,4.91E+02,2.63E+02,4.47E+02,2.82E+02,4.47E+02,6.40E-01,2.06E+00,1.32E+01
0.465350598096848,0.254916310310364,1.11653220653534,1.05949032306671,0.96055394411087,1.03487658500671,7.71E-01,7.47E-01,8.17E-01,6.68E-01,7.35E-01,1.13937872448411,3.50E+00,0,6591,3.15E+02,3.57E+02,3.02E+02,3.80E+02,2.43E+02,4.69E+02,2.92E+02,4.92E+02,2.60E+02,4.47E+02,2.81E+02,4.46E+02,3.55E-01,1.81E+00,1.09E+01
0.465543955564499,0.252008825540543,1.1075439453125,1.07044422626495,0.964282512664795,1.04107666015625,8.20E-01,7.53E-01,8.25E-01,6.68E-01,7.27E-01,0.018058824393469,1.27E+00,0,6593,3.17E+02,3.56E+02,3.04E+02,3.79E+02,2.45E+02,4.70E+02,2.92E+02,4.91E+02,2.62E+02,4.47E+02,2.82E+02,4.47E+02,1.39E+00,5.68E-01,9.73E+00
0.463955491781235,0.254171133041382,1.10075354576111,1.06182932853699,0.944428861141205,1.03315997123718,7.65E-01,7.50E-01,8.26E-01,6.70E-01,7.29E-01,-0.023580749797258,1.00E+00,0,6596,3.16E+02,3.56E+02,3.03E+02,3.80E+02,2.43E+02,4.69E+02,2.93E+02,4.91E+02,2.61E+02,4.46E+02,2.82E+02,4.45E+02,5.11E-01,1.20E+00,5.93E+00
0.463809788227081,0.253926992416382,1.09069538116455,1.05489039421082,0.947652757167816,1.04903388023376,8.09E-01,7.39E-01,8.19E-01,6.60E-01,7.36E-01,0.019009247813602,4.90E-01,0,6599,3.17E+02,3.55E+02,3.05E+02,3.78E+02,2.44E+02,4.68E+02,2.94E+02,4.90E+02,2.63E+02,4.46E+02,2.83E+02,4.44E+02,1.28E+00,1.34E+00,2.21E+00
0.464043080806732,0.255816608667374,1.09744501113892,1.0648148059845,0.959613561630249,1.04062676429749,7.71E-01,7.47E-01,8.27E-01,6.98E-01,7.52E-01,-0.077551247934693,1.63E-01,0,6602,3.16E+02,3.57E+02,3.03E+02,3.79E+02,2.46E+02,4.67E+02,2.94E+02,4.90E+02,2.63E+02,4.46E+02,2.82E+02,4.46E+02,9.74E-01,7.59E-01,1.49E+00
0.467887312173843,0.254056364297867,1.09390270709991,1.03964734077454,0.956380069255829,1.05245637893677,8.17E-01,7.58E-01,8.41E-01,6.79E-01,7.64E-01,-0.005107423662936,1.31E+00,0,6605,3.17E+02,3.55E+02,3.05E+02,3.78E+02,2.45E+02,4.69E+02,2.93E+02,4.90E+02,2.63E+02,4.46E+02,2.82E+02,4.45E+02,8.53E-01,2.90E-01,3.18E+00
0.467374593019486,0.258406072854996,1.10004055500031,1.06453144550323,0.957869827747345,1.01398694515228,7.76E-01,7.57E-01,8.27E-01,6.72E-01,7.68E-01,0.003226450517138,4.38E-01,0,6607,3.19E+02,3.56E+02,3.06E+02,3.80E+02,2.46E+02,4.70E+02,2.95E+02,4.89E+02,2.65E+02,4.46E+02,2.85E+02,4.46E+02,1.28E+00,6.97E-01,3.51E+00
0.47269943356514,0.259104341268539,1.09691059589386,1.04252696037292,0.96942126750946,1.06164264678955,8.22E-01,7.56E-01,8.37E-01,6.92E-01,7.55E-01,-0.0084869278572,2.34E-01,0,6610,3.17E+02,3.54E+02,3.05E+02,3.77E+02,2.45E+02,4.68E+02,2.95E+02,4.88E+02,2.63E+02,4.44E+02,2.81E+02,4.44E+02,7.91E-01,7.53E-01,2.07E+00
0.470115453004837,0.257870703935623,1.09015321731567,1.07186257839203,0.950474202632904,1.02016758918762,7.69E-01,7.55E-01,8.32E-01,6.82E-01,7.56E-01,0.000272519877074,2.54E-03,0,6613,3.16E+02,3.54E+02,3.04E+02,3.77E+02,2.44E+02,4.68E+02,2.94E+02,4.88E+02,2.63E+02,4.43E+02,2.84E+02,4.43E+02,9.75E-01,4.44E-01,1.56E+00
0.468004673719406,0.256600707769394,1.10869371891022,1.05006456375122,0.957089722156525,1.05035531520844,8.21E-01,7.56E-01,8.33E-01,6.86E-01,7.52E-01,0.000164668824498,2.33E-03,0,6616,3.18E+02,3.54E+02,3.06E+02,3.77E+02,2.46E+02,4.66E+02,2.95E+02,4.88E+02,2.64E+02,4.44E+02,2.84E+02,4.45E+02,4.95E-01,8.18E-01,1.83E+00
0.468290448188782,0.259781360626221,1.10698461532593,1.05331671237946,0.953086256980896,1.02369797229767,7.84E-01,7.49E-01,8.20E-01,6.80E-01,7.60E-01,0.004543887732488,7.57E-01,0,6619,3.18E+02,3.53E+02,3.05E+02,3.77E+02,2.47E+02,4.66E+02,2.94E+02,4.88E+02,2.64E+02,4.42E+02,2.83E+02,4.43E+02,9.70E-01,2.83E-01,3.55E+00
0.468075394630432,0.256908088922501,1.07530045509338,1.05726563930511,0.949238121509552,1.04574763774872,8.06E-01,7.56E-01,8.41E-01,6.81E-01,7.48E-01,-0.001301039755729,2.52E-01,0,6621,3.18E+02,3.53E+02,3.05E+02,3.75E+02,2.45E+02,4.66E+02,2.94E+02,4.87E+02,2.63E+02,4.43E+02,2.83E+02,4.42E+02,6.17E-01,7.04E-01,3.50E+00
0.470257163047791,0.258901834487915,1.10305440425873,1.05939888954163,0.959578335285187,1.03311252593994,7.83E-01,7.45E-01,8.34E-01,6.81E-01,7.59E-01,0.032452025853766,3.77E-01,0,6624,3.18E+02,3.51E+02,3.05E+02,3.75E+02,2.46E+02,4.66E+02,2.94E+02,4.87E+02,2.63E+02,4.42E+02,2.83E+02,4.41E+02,1.20E-01,9.36E-01,3.04E+00
0.4654301404953,0.260732799768448,1.11194980144501,1.03813076019287,0.950113713741303,1.04915332794189,8.22E-01,7.45E-01,8.32E-01,6.60E-01,7.56E-01,0.00695464282,1.46E-02,0,6627,3.18E+02,3.50E+02,3.06E+02,3.72E+02,2.47E+02,4.62E+02,2.96E+02,4.83E+02,2.65E+02,4.39E+02,2.84E+02,4.39E+02,1.18E+00,5.80E-01,2.11E+00
0.465937972068787,0.263358205556869,1.10291969776154,1.04741847515106,0.978188693523407,1.03776121139526,7.69E-01,7.45E-01,8.23E-01,6.82E-01,7.57E-01,0.165844019020647,1.20E+00,0,6630,3.17E+02,3.47E+02,3.04E+02,3.71E+02,2.45E+02,4.60E+02,2.94E+02,4.82E+02,2.63E+02,4.37E+02,2.83E+02,4.37E+02,1.18E+00,1.18E+00,2.70E+00
0.467710554599762,0.258557945489883,1.10850405693054,1.07389259338379,0.95191764831543,1.0433737039566,8.05E-01,7.35E-01,8.36E-01,6.76E-01,7.44E-01,-1.32885293906989,6.73E+00,0,6633,3.18E+02,3.44E+02,3.05E+02,3.66E+02,2.46E+02,4.55E+02,2.94E+02,4.78E+02,2.64E+02,4.33E+02,2.83E+02,4.32E+02,1.19E+00,2.15E+00,4.35E+00
0.470129102468491,0.25995460152626,1.09873056411743,1.06629467010498,0.946365833282471,1.04080903530121,7.59E-01,7.36E-01,8.21E-01,6.67E-01,7.46E-01,-0.004815405359094,2.18E-01,0,6635,3.17E+02,3.42E+02,3.04E+02,3.66E+02,2.46E+02,4.53E+02,2.94E+02,4.77E+02,2.63E+02,4.31E+02,2.83E+02,4.32E+02,9.56E-02,4.60E-01,4.16E+00
0.465174466371536,0.262093544006348,1.10954105854034,1.05582392215729,0.950440049171448,1.04824888706207,8.15E-01,7.39E-01,8.10E-01,6.73E-01,7.28E-01,0.010076971565314,2.85E+00,0,6638,3.18E+02,3.41E+02,3.06E+02,3.64E+02,2.48E+02,4.52E+02,2.94E+02,4.75E+02,2.64E+02,4.31E+02,2.84E+02,4.30E+02,1.44E+00,1.14E+00,5.07E+00
0.46607506275177,0.261397182941437,1.08335638046265,1.06666672229767,0.957292795181274,1.02151608467102,7.59E-01,7.44E-01,8.26E-01,6.74E-01,7.37E-01,0.002004511131483,2.40E-01,0,6641,3.18E+02,3.40E+02,3.05E+02,3.63E+02,2.46E+02,4.51E+02,2.93E+02,4.74E+02,2.64E+02,4.30E+02,2.83E+02,4.29E+02,1.83E+00,2.65E+00,4.10E+00
0.466794937849045,0.260968565940857,1.0843448638916,1.05018305778503,0.95137369632721,1.04727745056152,8.07E-01,7.41E-01,8.33E-01,6.82E-01,7.31E-01,-0.056286875620735,3.36E-01,0,6644,3.18E+02,3.39E+02,3.07E+02,3.61E+02,2.47E+02,4.50E+02,2.95E+02,4.73E+02,2.65E+02,4.28E+02,2.84E+02,4.29E+02,1.10E+00,1.13E+00,3.46E+00
0.468118667602539,0.264733612537384,1.10492622852325,1.0486364364624,0.951172471046448,1.0493620634079,7.64E-01,7.52E-01,8.16E-01,6.72E-01,7.38E-01,0.365857429935879,1.92E-01,0,6647,3.18E+02,3.37E+02,3.05E+02,3.61E+02,2.46E+02,4.50E+02,2.94E+02,4.71E+02,2.64E+02,4.26E+02,2.84E+02,4.27E+02,5.55E-01,9.57E-01,2.82E+00
0.465865015983582,0.259594738483429,1.09123349189758,1.06826746463776,0.953511238098145,1.04903340339661,8.04E-01,7.43E-01,8.18E-01,6.83E-01,7.21E-01,0.012244356979274,3.03E-01,0,6649,3.20E+02,3.36E+02,3.08E+02,3.58E+02,2.47E+02,4.47E+02,2.96E+02,4.70E+02,2.65E+02,4.25E+02,2.85E+02,4.26E+02,8.27E-01,1.05E+00,1.13E+00
0.473107904195786,0.261271595954895,1.1036661863327,1.05993139743805,0.952721059322357,1.05148649215698,7.77E-01,7.36E-01,8.04E-01,6.66E-01,7.34E-01,0.026166707278049,1.99E-01,0,6652,3.18E+02,3.35E+02,3.05E+02,3.59E+02,2.47E+02,4.47E+02,2.94E+02,4.69E+02,2.64E+02,4.24E+02,2.85E+02,4.24E+02,7.33E-01,1.34E+00,1.22E+00
0.465477973222733,0.262627273797989,1.1027375459671,1.05656480789185,0.954838216304779,1.04122722148895,8.11E-01,7.44E-01,7.98E-01,6.71E-01,7.29E-01,-0.88801882262845,1.16E+00,0,6655,3.20E+02,3.34E+02,3.08E+02,3.56E+02,2.48E+02,4.44E+02,2.94E+02,4.69E+02,2.65E+02,4.23E+02,2.85E+02,4.22E+02,1.31E+00,8.55E-01,1.01E+00
0.467573553323746,0.266350567340851,1.098468542099,1.05481696128845,0.951631367206574,1.04031777381897,7.72E-01,7.34E-01,8.14E-01,6.75E-01,7.37E-01,0.012760882663333,6.44E-01,0,6658,3.18E+02,3.34E+02,3.06E+02,3.57E+02,2.47E+02,4.46E+02,2.94E+02,4.67E+02,2.65E+02,4.23E+02,2.84E+02,4.24E+02,1.40E+00,4.48E-01,2.34E+00
0.470036149024963,0.261111348867416,1.11035311222076,1.05506157875061,0.951456308364868,1.05495202541351,8.08E-01,7.41E-01,8.15E-01,6.61E-01,7.22E-01,0.41789457348693,1.57E+00,0,6661,3.20E+02,3.33E+02,3.08E+02,3.56E+02,2.48E+02,4.45E+02,2.94E+02,4.66E+02,2.65E+02,4.22E+02,2.85E+02,4.23E+02,1.40E+00,5.31E-01,2.92E+00
0.471182525157928,0.26430207490921,1.09674203395844,1.05366230010986,0.965454995632172,1.00818300247192,7.61E-01,7.46E-01,8.08E-01,6.88E-01,7.32E-01,-0.059980103424447,9.41E-01,0,6663,3.18E+02,3.32E+02,3.05E+02,3.56E+02,2.45E+02,4.44E+02,2.94E+02,4.66E+02,2.63E+02,4.22E+02,2.84E+02,4.21E+02,1.80E+00,5.02E-02,2.35E+00
0.46882775425911,0.263358891010284,1.10254490375519,1.05827832221985,0.941304802894592,1.03770899772644,8.13E-01,7.38E-01,8.25E-01,6.70E-01,7.34E-01,0.116440112200783,6.73E-01,0,6666,3.18E+02,3.32E+02,3.06E+02,3.55E+02,2.47E+02,4.45E+02,2.95E+02,4.66E+02,2.65E+02,4.21E+02,2.84E+02,4.22E+02,1.35E+00,3.86E-01,2.71E+00
0.469406962394714,0.265921831130981,1.11233997344971,1.05242121219635,0.963425755500793,1.03988254070282,7.59E-01,7.36E-01,8.07E-01,6.91E-01,7.36E-01,-0.01988148862805,6.31E-01,0,6669,3.18E+02,3.31E+02,3.05E+02,3.55E+02,2.46E+02,4.43E+02,2.94E+02,4.66E+02,2.62E+02,4.21E+02,2.83E+02,4.21E+02,3.99E-01,1.31E+00,3.87E+00
0.470376461744309,0.266486287117004,1.10823047161102,1.05795979499817,0.950809895992279,1.04474818706512,8.08E-01,7.39E-01,8.11E-01,6.60E-01,7.27E-01,-0.039186852718532,1.25E+00,0,6672,3.19E+02,3.31E+02,3.07E+02,3.53E+02,2.48E+02,4.44E+02,2.95E+02,4.65E+02,2.64E+02,4.22E+02,2.84E+02,4.20E+02,4.08E-01,5.65E-01,3.60E+00
0.472097039222717,0.266513109207153,1.09721982479095,1.05600535869598,0.954831540584564,1.05001783370972,7.68E-01,7.40E-01,8.17E-01,6.86E-01,7.34E-01,0.027651645729411,1.18E+00,0,6675,3.18E+02,3.30E+02,3.04E+02,3.54E+02,2.45E+02,4.43E+02,2.93E+02,4.64E+02,2.63E+02,4.21E+02,2.83E+02,4.21E+02,2.88E+00,1.66E+00,3.12E+00
0.476841509342194,0.265744715929031,1.1240918636322,1.06235694885254,0.962589919567108,1.05191814899445,8.10E-01,7.44E-01,8.17E-01,6.68E-01,7.24E-01,-0.006297804225294,2.76E-01,0,6677,3.18E+02,3.30E+02,3.06E+02,3.53E+02,2.45E+02,4.43E+02,2.94E+02,4.65E+02,2.64E+02,4.20E+02,2.83E+02,4.20E+02,1.60E+00,2.27E+00,2.86E+00
0.474147111177444,0.265729457139969,1.08349573612213,1.06591105461121,0.957865357398987,1.0360689163208,7.67E-01,7.34E-01,8.28E-01,6.87E-01,7.38E-01,-0.159150220820936,2.76E+00,0,6680,3.18E+02,3.30E+02,3.05E+02,3.53E+02,2.46E+02,4.41E+02,2.93E+02,4.65E+02,2.63E+02,4.19E+02,2.82E+02,4.19E+02,1.68E+00,1.66E+00,1.82E+00
0.475056082010269,0.266167908906937,1.10679912567139,1.04850625991821,0.964291512966156,1.04471433162689,8.22E-01,7.38E-01,8.17E-01,6.83E-01,7.21E-01,0.388848814031015,1.58E+00,0,6683,3.18E+02,3.27E+02,3.06E+02,3.49E+02,2.47E+02,4.40E+02,2.94E+02,4.60E+02,2.63E+02,4.17E+02,2.83E+02,4.17E+02,8.34E-01,1.40E+00,2.52E+00
0.476156055927277,0.266839474439621,1.10249948501587,1.06657147407532,0.965126812458038,1.03001356124878,7.68E-01,7.30E-01,8.15E-01,6.71E-01,7.31E-01,2.47024505898807,4.45E-01,0,6686,3.19E+02,3.25E+02,3.06E+02,3.48E+02,2.47E+02,4.38E+02,2.94E+02,4.60E+02,2.64E+02,4.15E+02,2.85E+02,4.14E+02,5.07E-01,1.91E+00,2.65E+00
0.476508110761642,0.264178782701492,1.09275186061859,1.08435416221619,0.961172640323639,1.06091392040253,7.89E-01,7.29E-01,8.19E-01,6.53E-01,7.18E-01,0.650993376171,1.19E-01,0,6689,3.19E+02,3.23E+02,3.07E+02,3.45E+02,2.47E+02,4.35E+02,2.96E+02,4.56E+02,2.66E+02,4.13E+02,2.85E+02,4.13E+02,1.31E+00,1.27E+00,4.67E+00
0.475045263767242,0.266179144382477,1.09662961959839,1.07200419902802,0.960017085075378,1.0301821231842,7.73E-01,7.33E-01,8.09E-01,6.65E-01,7.31E-01,0,0.00E+00,0,6691,3.18E+02,3.22E+02,3.06E+02,3.45E+02,2.46E+02,4.35E+02,2.95E+02,4.56E+02,2.64E+02,4.12E+02,2.85E+02,4.11E+02,1.65E+00,1.68E+00,5.65E+00
0.471169888973236,0.267326176166534,1.10303962230682,1.06799411773682,0.963102996349335,1.03875708580017,8.11E-01,7.40E-01,8.23E-01,6.64E-01,7.23E-01,-0.304089866764884,6.69E-01,0,6694,3.20E+02,3.22E+02,3.08E+02,3.44E+02,2.48E+02,4.35E+02,2.94E+02,4.55E+02,2.66E+02,4.11E+02,2.85E+02,4.12E+02,6.93E-01,1.77E+00,5.79E+00
0.473640918731689,0.266333192586899,1.1159371137619,1.0629791021347,0.953366160392761,1.02879226207733,7.84E-01,7.34E-01,7.97E-01,6.69E-01,7.25E-01,0.051803456314398,6.35E-01,0,6697,3.19E+02,3.21E+02,3.06E+02,3.45E+02,2.47E+02,4.34E+02,2.94E+02,4.54E+02,2.65E+02,4.11E+02,2.85E+02,4.11E+02,1.05E+00,1.48E+00,5.86E+00
0.474193006753922,0.265917539596558,1.08452010154724,1.06540381908417,0.963320851325989,1.04271852970123,8.13E-01,7.39E-01,8.18E-01,6.61E-01,7.23E-01,-0.012663960467657,3.32E-01,0,6700,3.19E+02,3.21E+02,3.07E+02,3.43E+02,2.46E+02,4.34E+02,2.95E+02,4.54E+02,2.65E+02,4.11E+02,2.85E+02,4.09E+02,1.25E+00,7.10E-01,5.47E+00
0.474275976419449,0.266949385404587,1.08883225917816,1.0626825094223,0.952904164791107,1.03657293319702,7.79E-01,7.26E-01,8.22E-01,6.64E-01,7.32E-01,0.151174676010102,2.14E+00,0,6703,3.20E+02,3.20E+02,3.06E+02,3.43E+02,2.47E+02,4.32E+02,2.95E+02,4.54E+02,2.65E+02,4.09E+02,2.85E+02,4.11E+02,1.24E+00,3.86E-01,4.37E+00
0.474962621927261,0.269040763378143,1.10667419433594,1.08349871635437,0.958408951759338,1.04349362850189,8.32E-01,7.51E-01,8.20E-01,7.03E-01,7.82E-01,-0.010601734738607,4.62E-01,0,6705,3.22E+02,3.20E+02,3.10E+02,3.43E+02,2.51E+02,4.32E+02,2.98E+02,4.53E+02,2.68E+02,4.09E+02,2.88E+02,4.09E+02,1.57E+00,2.31E-01,3.82E+00
0.477445214986801,0.270552664995193,1.11384069919586,1.06410503387451,0.954788148403168,1.0498161315918,7.71E-01,7.47E-01,8.28E-01,7.02E-01,7.76E-01,0.000691077259334,2.99E-01,0,6708,3.23E+02,3.19E+02,3.10E+02,3.42E+02,2.50E+02,4.31E+02,3.00E+02,4.52E+02,2.68E+02,4.08E+02,2.88E+02,4.08E+02,5.97E-01,1.08E+00,4.10E+00
0.470993787050247,0.268755793571472,1.11329197883606,1.08002960681915,0.94219696521759,1.04975140094757,8.35E-01,7.45E-01,8.36E-01,6.98E-01,7.66E-01,0.53214791956539,1.77E-01,0,6711,3.25E+02,3.17E+02,3.13E+02,3.38E+02,2.52E+02,4.29E+02,3.02E+02,4.50E+02,2.71E+02,4.05E+02,2.91E+02,4.07E+02,7.04E-01,8.97E-01,5.28E+00
0.476083248853684,0.265610754489899,1.09317576885223,1.08298444747925,0.955555558204651,1.04354405403137,7.83E-01,7.38E-01,8.07E-01,6.96E-01,7.62E-01,0.58806425840995,1.30E+00,0,6714,3.25E+02,3.13E+02,3.12E+02,3.37E+02,2.51E+02,4.26E+02,3.01E+02,4.47E+02,2.69E+02,4.02E+02,2.90E+02,4.03E+02,1.57E+00,6.82E-01,7.11E+00
0.47457081079483,0.263935327529907,1.1160728931427,1.07206797599792,0.953997135162354,1.03969442844391,8.28E-01,7.43E-01,8.34E-01,6.89E-01,7.54E-01,-0.883689051769843,8.41E-01,0,6717,3.26E+02,3.10E+02,3.14E+02,3.33E+02,2.52E+02,4.23E+02,3.02E+02,4.43E+02,2.70E+02,4.00E+02,2.91E+02,4.00E+02,1.76E+00,7.05E-01,7.26E+00
0.477769285440445,0.265518516302109,1.10515427589417,1.06699395179749,0.970947086811066,1.04272210597992,7.72E-01,7.29E-01,8.16E-01,6.95E-01,7.57E-01,-0.000563584470684,5.19E-03,0,6719,3.24E+02,3.09E+02,3.11E+02,3.32E+02,2.51E+02,4.21E+02,3.00E+02,4.42E+02,2.70E+02,3.98E+02,2.90E+02,3.99E+02,8.05E-01,1.32E+00,7.59E+00
0.473190903663635,0.26425638794899,1.09735035896301,1.05817461013794,0.956509292125702,1.03827118873596,8.06E-01,7.44E-01,8.27E-01,6.87E-01,7.45E-01,0.552707357308324,1.09E+00,0,6722,3.26E+02,3.08E+02,3.14E+02,3.30E+02,2.53E+02,4.21E+02,3.02E+02,4.41E+02,2.71E+02,3.97E+02,2.92E+02,3.98E+02,1.04E+00,1.23E+00,7.49E+00
0.476341068744659,0.26493164896965,1.10726153850555,1.05088949203491,0.956234097480774,1.03292977809906,7.70E-01,7.36E-01,8.19E-01,7.00E-01,7.57E-01,-0.006057175421074,7.94E-01,0,6725,3.24E+02,3.08E+02,3.12E+02,3.31E+02,2.51E+02,4.21E+02,3.00E+02,4.42E+02,2.70E+02,3.97E+02,2.91E+02,3.97E+02,1.42E+00,4.00E-01,7.15E+00
0.47973757982254,0.264494448900223,1.10260117053986,1.04637694358826,0.949295580387116,1.04168665409088,8.09E-01,7.36E-01,8.17E-01,6.84E-01,7.36E-01,-0.548425408722617,1.37E+00,0,6728,3.24E+02,3.07E+02,3.11E+02,3.30E+02,2.51E+02,4.20E+02,2.99E+02,4.40E+02,2.69E+02,3.97E+02,2.89E+02,3.96E+02,1.65E+00,1.48E+00,7.14E+00
0.47890442609787,0.26605886220932,1.10714709758759,1.08987665176392,0.961659729480743,1.02750706672668,7.72E-01,7.39E-01,8.09E-01,6.80E-01,7.44E-01,0.744466677175547,2.70E+00,0,6731,3.23E+02,3.07E+02,3.10E+02,3.30E+02,2.50E+02,4.19E+02,2.99E+02,4.40E+02,2.67E+02,3.96E+02,2.90E+02,3.97E+02,1.78E+00,9.06E-01,7.01E+00
0.477485477924347,0.264382153749466,1.09617149829865,1.04716074466705,0.948144316673279,1.04338133335114,8.18E-01,7.31E-01,8.27E-01,6.78E-01,7.30E-01,0.468426683698729,1.13E+00,0,6733,3.25E+02,3.06E+02,3.13E+02,3.29E+02,2.53E+02,4.17E+02,3.02E+02,4.39E+02,2.70E+02,3.96E+02,2.90E+02,3.97E+02,1.38E+00,5.16E-01,6.74E+00
0.474349975585938,0.262985587120056,1.10028839111328,1.04791712760925,0.949142217636108,1.03977108001709,7.73E-01,7.16E-01,8.14E-01,7.09E-01,7.45E-01,-0.075032357079763,1.22E+00,0,6736,3.24E+02,3.06E+02,3.11E+02,3.29E+02,2.51E+02,4.18E+02,3.00E+02,4.39E+02,2.69E+02,3.96E+02,2.89E+02,3.96E+02,2.53E-01,1.23E+00,5.41E+00
0.478954076766968,0.266308069229126,1.10448348522186,1.06180095672607,0.966539442539215,1.03382062911987,8.25E-01,7.40E-01,8.19E-01,6.74E-01,7.37E-01,-0.09467459662387,1.59E+00,0,6739,3.26E+02,3.05E+02,3.14E+02,3.28E+02,2.53E+02,4.19E+02,3.02E+02,4.38E+02,2.72E+02,3.94E+02,2.92E+02,3.94E+02,4.33E-01,4.32E-01,3.57E+00
0.474882274866104,0.266272068023682,1.10182273387909,1.06028366088867,0.962363541126251,1.027792096138,7.88E-01,7.24E-01,8.13E-01,6.79E-01,7.34E-01,0.15818568892452,8.75E-01,0,6742,3.25E+02,3.04E+02,3.12E+02,3.28E+02,2.52E+02,4.15E+02,3.02E+02,4.38E+02,2.70E+02,3.94E+02,2.90E+02,3.93E+02,1.53E+00,7.57E-01,2.82E+00
0.473060071468353,0.261943757534027,1.08872830867767,1.07336115837097,0.957386374473572,1.03983235359192,8.09E-01,7.32E-01,8.01E-01,6.73E-01,7.29E-01,-0.223061345808222,2.37E+00,0,6745,3.26E+02,3.04E+02,3.15E+02,3.26E+02,2.53E+02,4.17E+02,3.02E+02,4.37E+02,2.72E+02,3.93E+02,2.93E+02,3.94E+02,1.34E+00,2.16E+00,3.32E-01
0.474120110273361,0.259512454271317,1.09204542636871,1.05730974674225,0.953800976276398,1.03017389774323,7.81E-01,7.24E-01,8.07E-01,6.82E-01,7.48E-01,0.006237744512348,3.08E-01,0,6747,3.27E+02,3.03E+02,3.14E+02,3.26E+02,2.53E+02,4.15E+02,3.02E+02,4.36E+02,2.72E+02,3.93E+02,2.92E+02,3.92E+02,2.48E-01,1.73E+00,5.41E-01
0.474843084812164,0.266699194908142,1.09904634952545,1.07628738880157,0.950664281845093,1.0344500541687,8.12E-01,7.34E-01,7.97E-01,6.79E-01,7.41E-01,0.734393155252573,1.11E+00,0,6750,3.27E+02,3.02E+02,3.14E+02,3.25E+02,2.54E+02,4.14E+02,3.03E+02,4.35E+02,2.72E+02,3.91E+02,2.92E+02,3.91E+02,9.88E-01,1.02E+00,1.87E+00
0.475549429655075,0.266414433717728,1.08881437778473,1.06215989589691,0.970241844654083,1.03993260860443,7.61E-01,7.24E-01,8.08E-01,6.90E-01,7.34E-01,0.146369984252436,1.92E+00,0,6753,3.23E+02,3.02E+02,3.11E+02,3.25E+02,2.50E+02,4.16E+02,3.01E+02,4.34E+02,2.69E+02,3.91E+02,2.89E+02,3.91E+02,2.31E-01,6.57E-01,2.97E+00
0.476818740367889,0.262322187423706,1.08776164054871,1.05935418605804,0.968855440616608,1.02461063861847,8.18E-01,7.27E-01,8.07E-01,6.75E-01,7.31E-01,-1.82890537483756,9.50E-01,0,6756,3.24E+02,3.01E+02,3.12E+02,3.24E+02,2.51E+02,4.13E+02,3.02E+02,4.34E+02,2.70E+02,3.90E+02,2.90E+02,3.90E+02,1.55E+00,1.74E+00,4.22E+00
0.472810328006744,0.265048831701279,1.11576056480408,1.05895280838013,0.954565584659576,1.02281975746155,7.87E-01,7.16E-01,8.01E-01,6.82E-01,7.29E-01,-0.23036060460641,1.89E+00,0,6759,3.23E+02,3.02E+02,3.11E+02,3.25E+02,2.50E+02,4.14E+02,3.00E+02,4.35E+02,2.68E+02,3.91E+02,2.89E+02,3.91E+02,1.37E+00,1.24E+00,4.67E+00
0.475906044244766,0.264552533626556,1.1234405040741,1.0682852268219,0.976104915142059,1.03750717639923,8.22E-01,7.28E-01,8.05E-01,6.84E-01,7.26E-01,-0.022586029900163,5.28E-01,0,6761,3.23E+02,3.01E+02,3.11E+02,3.24E+02,2.51E+02,4.12E+02,2.99E+02,4.35E+02,2.69E+02,3.91E+02,2.89E+02,3.90E+02,8.68E-01,8.22E-01,4.01E+00
0.478875666856766,0.266553193330765,1.12002313137054,1.06991958618164,0.960949122905731,1.02423715591431,7.81E-01,7.20E-01,8.12E-01,6.85E-01,7.35E-01,-0.082552073948333,3.20E+00,0,6764,3.23E+02,3.01E+02,3.10E+02,3.24E+02,2.50E+02,4.15E+02,3.00E+02,4.35E+02,2.68E+02,3.91E+02,2.89E+02,3.90E+02,8.67E-01,8.98E-01,3.37E+00
0.476511180400848,0.263794392347336,1.12855207920074,1.05636501312256,0.954497218132019,1.03583824634552,8.29E-01,7.34E-01,8.22E-01,6.83E-01,7.39E-01,0.06615357411986,1.91E+00,0,6767,3.25E+02,3.01E+02,3.12E+02,3.24E+02,2.51E+02,4.14E+02,3.00E+02,4.34E+02,2.69E+02,3.91E+02,2.90E+02,3.90E+02,2.21E-01,1.08E+00,2.73E+00
0.474294900894165,0.266267865896225,1.12855017185211,1.06786417961121,0.961132109165192,1.0401828289032,7.77E-01,7.19E-01,8.00E-01,6.86E-01,7.41E-01,0.002783790812044,2.34E-01,0,6770,3.23E+02,3.01E+02,3.10E+02,3.24E+02,2.51E+02,4.13E+02,3.00E+02,4.34E+02,2.68E+02,3.91E+02,2.88E+02,3.90E+02,5.95E-01,7.13E-01,2.24E+00
0.477584958076477,0.265573382377625,1.07229959964752,1.06494677066803,0.961541533470154,1.029789686203,8.14E-01,7.30E-01,8.21E-01,6.69E-01,7.55E-01,1.4886902835856,9.49E-02,0,6773,3.24E+02,2.99E+02,3.11E+02,3.19E+02,2.53E+02,4.08E+02,2.99E+02,4.28E+02,2.69E+02,3.86E+02,2.90E+02,3.86E+02,1.28E+00,1.86E+00,2.95E+00
0.479331970214844,0.26808774471283,1.11779117584229,1.06784224510193,0.962629675865173,1.03040516376495,7.87E-01,7.29E-01,8.24E-01,6.92E-01,7.73E-01,-0.070625816007665,2.24E+00,0,6775,3.19E+02,2.79E+02,3.05E+02,3.06E+02,2.45E+02,3.94E+02,2.94E+02,4.16E+02,2.64E+02,3.71E+02,2.84E+02,3.71E+02,1.15E+00,2.28E+00,5.17E+00
0.476560860872269,0.27105900645256,1.10247850418091,1.06055307388306,0.960002720355988,1.03906154632568,8.19E-01,7.45E-01,8.31E-01,6.91E-01,7.61E-01,-0.237503794523811,2.09E+00,0,6778,3.19E+02,2.75E+02,3.06E+02,2.97E+02,2.45E+02,3.86E+02,2.95E+02,4.08E+02,2.64E+02,3.64E+02,2.83E+02,3.64E+02,7.21E-01,1.22E+00,6.83E+00
0.477586686611176,0.27101069688797,1.11560642719269,1.07443153858185,0.972552359104157,1.04960918426514,7.70E-01,7.31E-01,8.21E-01,6.90E-01,7.65E-01,0.747887049511744,4.24E+00,0,6781,3.19E+02,2.74E+02,3.05E+02,2.98E+02,2.46E+02,3.87E+02,2.95E+02,4.07E+02,2.63E+02,3.64E+02,2.82E+02,3.62E+02,1.68E+00,7.65E-01,8.03E+00
0.481444358825684,0.268429189920425,1.12414002418518,1.06538987159729,0.964362919330597,1.04232275485992,8.24E-01,7.46E-01,8.08E-01,6.86E-01,7.57E-01,-0.773279827396523,2.51E+00,0,6784,3.20E+02,2.74E+02,3.07E+02,2.97E+02,2.46E+02,3.84E+02,2.96E+02,4.06E+02,2.65E+02,3.63E+02,2.84E+02,3.63E+02,1.73E+00,1.73E+00,8.32E+00
0.475646317005158,0.265898823738098,1.13438093662262,1.05928361415863,0.9597407579422,1.03911542892456,7.88E-01,7.38E-01,8.15E-01,6.98E-01,7.54E-01,0.482607305383701,6.49E-02,0,6787,3.19E+02,2.73E+02,3.05E+02,2.96E+02,2.45E+02,3.85E+02,2.94E+02,4.05E+02,2.64E+02,3.62E+02,2.83E+02,3.62E+02,1.62E+00,2.40E+00,8.24E+00
0.481572806835175,0.266599416732788,1.1230376958847,1.06437301635742,0.950133264064789,1.03304135799408,8.23E-01,7.42E-01,8.32E-01,6.80E-01,7.63E-01,0.002555087161324,2.47E+00,0,6789,3.19E+02,2.73E+02,3.06E+02,2.97E+02,2.46E+02,3.85E+02,2.95E+02,4.06E+02,2.64E+02,3.63E+02,2.84E+02,3.64E+02,1.78E+00,1.99E+00,7.60E+00
0.476761937141418,0.265962660312653,1.11300778388977,1.07264506816864,0.957998871803284,1.02685701847076,7.81E-01,7.33E-01,8.19E-01,6.67E-01,7.80E-01,0,0.00E+00,0,6792,3.19E+02,2.73E+02,3.05E+02,2.96E+02,2.46E+02,3.85E+02,2.94E+02,4.06E+02,2.64E+02,3.62E+02,2.83E+02,3.60E+02,1.61E+00,4.60E-01,5.59E+00
0.477076590061188,0.267890810966492,1.13368892669678,1.06454169750214,0.970585882663727,1.03540194034576,8.33E-01,7.58E-01,8.35E-01,6.78E-01,7.82E-01,-0.001214867764835,5.62E-01,0,6795,3.20E+02,2.73E+02,3.07E+02,2.96E+02,2.47E+02,3.84E+02,2.95E+02,4.07E+02,2.65E+02,3.62E+02,2.84E+02,3.63E+02,1.09E-01,2.14E+00,2.42E+00
0.470293283462524,0.26834511756897,1.12743198871613,1.04590451717377,0.972123920917511,1.0423024892807,7.91E-01,7.44E-01,8.22E-01,6.74E-01,7.67E-01,0.058860306283754,1.19E+00,0,6798,3.19E+02,2.80E+02,3.06E+02,2.99E+02,2.46E+02,3.85E+02,2.95E+02,4.07E+02,2.64E+02,3.65E+02,2.85E+02,3.64E+02,3.63E-01,1.65E+00,8.92E-01
0.471658200025559,0.266522824764252,1.10503304004669,1.0506808757782,0.962892770767212,1.03376579284668,8.17E-01,7.45E-01,8.28E-01,6.65E-01,7.64E-01,-2.89432562445335,3.23E+00,0,6801,3.19E+02,2.76E+02,3.07E+02,2.97E+02,2.45E+02,3.85E+02,2.97E+02,4.06E+02,2.64E+02,3.63E+02,2.86E+02,3.64E+02,9.53E-02,1.12E+00,2.91E+00
0.476931720972061,0.267113447189331,1.10422599315643,1.04850745201111,0.948164939880371,1.03897142410278,7.75E-01,7.41E-01,8.22E-01,6.79E-01,7.63E-01,-0.196123485412845,3.11E+00,0,6803,3.19E+02,2.74E+02,3.05E+02,2.97E+02,2.45E+02,3.84E+02,2.95E+02,4.06E+02,2.64E+02,3.63E+02,2.83E+02,3.63E+02,1.47E+00,5.76E-01,4.91E+00
0.482816070318222,0.270097553730011,1.13512754440308,1.06657183170319,0.939731955528259,1.02148020267487,8.20E-01,7.44E-01,8.09E-01,6.82E-01,7.73E-01,-0.053439997324377,3.45E+00,0,6806,3.19E+02,2.75E+02,3.06E+02,2.98E+02,2.46E+02,3.84E+02,2.96E+02,4.07E+02,2.64E+02,3.64E+02,2.84E+02,3.64E+02,1.52E+00,3.40E-01,5.35E+00
0.484655320644379,0.272196173667908,1.12378227710724,1.05166792869568,0.967532455921173,1.04067361354828,7.89E-01,7.31E-01,8.26E-01,6.80E-01,7.90E-01,0.176611250285848,4.14E+00,0,6809,3.19E+02,2.75E+02,3.05E+02,2.98E+02,2.45E+02,3.86E+02,2.95E+02,4.07E+02,2.64E+02,3.64E+02,2.84E+02,3.63E+02,2.07E+00,2.09E+00,5.46E+00
0.484870404005051,0.269846826791763,1.12570416927338,1.05517828464508,0.954297184944153,1.04235339164734,8.25E-01,7.50E-01,8.36E-01,6.67E-01,7.73E-01,-0.472450834806038,1.90E-01,0,6812,3.19E+02,2.74E+02,3.06E+02,2.97E+02,2.47E+02,3.86E+02,2.94E+02,4.08E+02,2.64E+02,3.63E+02,2.84E+02,3.63E+02,1.00E+00,1.77E+00,5.59E+00
0.483791947364807,0.269085794687271,1.11212491989136,1.07097184658051,0.975436866283417,1.0398907661438,7.80E-01,7.41E-01,8.27E-01,6.90E-01,7.67E-01,-0.020912422813953,1.05E+00,0,6815,3.19E+02,2.74E+02,3.05E+02,2.97E+02,2.44E+02,3.86E+02,2.95E+02,4.07E+02,2.64E+02,3.63E+02,2.84E+02,3.63E+02,5.34E-01,3.96E-01,4.36E+00
0.491251200437546,0.269363015890121,1.10683763027191,1.0701402425766,0.959239542484283,1.0389883518219,8.15E-01,7.38E-01,8.24E-01,6.82E-01,7.58E-01,0.005364499828308,1.38E+00,0,6817,3.20E+02,2.75E+02,3.06E+02,2.98E+02,2.48E+02,3.83E+02,2.95E+02,4.08E+02,2.64E+02,3.65E+02,2.83E+02,3.64E+02,1.70E+00,1.40E+00,4.46E+00
0.485170930624008,0.269005000591278,1.12888848781586,1.05191564559937,0.966227293014526,1.04522168636322,7.85E-01,7.30E-01,8.18E-01,6.85E-01,7.60E-01,0.642217228776623,1.36E+00,0,6820,3.19E+02,2.75E+02,3.05E+02,2.99E+02,2.45E+02,3.85E+02,2.94E+02,4.08E+02,2.64E+02,3.65E+02,2.84E+02,3.64E+02,3.81E-01,1.23E+00,3.36E+00
0.487908124923706,0.270708739757538,1.09073197841644,1.05611443519592,0.961947619915009,1.03096234798431,8.27E-01,7.49E-01,8.26E-01,6.69E-01,7.54E-01,-1.34444576959212,7.22E-01,0,6823,3.20E+02,2.75E+02,3.06E+02,2.98E+02,2.46E+02,3.86E+02,2.95E+02,4.08E+02,2.65E+02,3.64E+02,2.85E+02,3.65E+02,6.85E-01,1.12E+00,2.44E+00
0.488213032484055,0.270019859075546,1.10944402217865,1.06463742256165,0.972250103950501,1.05584013462067,7.70E-01,7.36E-01,8.27E-01,6.77E-01,7.53E-01,0.110850422448827,7.63E-01,0,6826,3.19E+02,2.76E+02,3.05E+02,2.99E+02,2.44E+02,3.87E+02,2.95E+02,4.08E+02,2.64E+02,3.65E+02,2.83E+02,3.64E+02,1.41E+00,3.28E-01,3.21E+00
0.485427170991898,0.269357115030289,1.10830140113831,1.05457127094269,0.950468897819519,1.03645789623261,8.13E-01,7.42E-01,8.25E-01,6.81E-01,7.57E-01,-1.38232339291029,2.39E+00,0,6829,3.20E+02,2.75E+02,3.07E+02,2.99E+02,2.46E+02,3.85E+02,2.97E+02,4.08E+02,2.65E+02,3.64E+02,2.85E+02,3.65E+02,1.49E+00,1.32E+00,3.45E+00
0.486655563116074,0.269289582967758,1.11907911300659,1.07039415836334,0.959415853023529,1.03900980949402,7.90E-01,7.33E-01,8.10E-01,6.84E-01,7.52E-01,-0.210583850355797,2.98E+00,0,6831,3.19E+02,2.75E+02,3.06E+02,2.98E+02,2.46E+02,3.87E+02,2.96E+02,4.07E+02,2.65E+02,3.64E+02,2.84E+02,3.64E+02,1.51E+00,1.22E+00,3.64E+00
0.483803927898407,0.273499727249145,1.11410284042358,1.07443702220917,0.951573073863983,1.03376805782318,8.27E-01,7.39E-01,8.36E-01,6.82E-01,7.43E-01,-0.016093841132571,1.78E+00,0,6834,3.20E+02,2.76E+02,3.07E+02,2.99E+02,2.47E+02,3.87E+02,2.96E+02,4.08E+02,2.65E+02,3.66E+02,2.84E+02,3.64E+02,8.56E-01,1.45E+00,3.99E+00
0.483848959207535,0.270671099424362,1.09857225418091,1.06430208683014,0.954960465431213,1.03704679012299,7.87E-01,7.34E-01,8.13E-01,6.82E-01,7.50E-01,0.214323622826436,1.87E+00,0,6837,3.19E+02,2.75E+02,3.06E+02,2.98E+02,2.46E+02,3.87E+02,2.96E+02,4.07E+02,2.64E+02,3.64E+02,2.84E+02,3.64E+02,1.91E+00,7.51E-01,3.68E+00
0.488674253225327,0.274360626935959,1.1075953245163,1.06509685516357,0.970398962497711,1.04243552684784,8.27E-01,7.57E-01,8.22E-01,6.83E-01,7.45E-01,-1.23748057376734,1.74E+00,0,6840,3.20E+02,2.76E+02,3.07E+02,2.99E+02,2.47E+02,3.86E+02,2.98E+02,4.08E+02,2.66E+02,3.65E+02,2.85E+02,3.65E+02,7.27E-01,1.98E+00,3.21E+00
0.487679332494736,0.269535899162292,1.1340639591217,1.06018424034119,0.960434436798096,1.05616164207459,7.83E-01,7.39E-01,8.35E-01,6.80E-01,7.53E-01,2.62213975532181,1.58E+00,0,6843,3.19E+02,2.75E+02,3.05E+02,2.99E+02,2.46E+02,3.86E+02,2.97E+02,4.08E+02,2.64E+02,3.64E+02,2.84E+02,3.65E+02,1.13E-01,1.29E+00,3.32E+00
0.488499760627747,0.27218747138977,1.09242951869965,1.06097435951233,0.952084720134735,1.03532922267914,8.23E-01,7.51E-01,8.17E-01,6.63E-01,7.47E-01,-0.000995272513363,1.66E+00,0,6845,3.20E+02,2.76E+02,3.07E+02,2.99E+02,2.46E+02,3.87E+02,2.96E+02,4.07E+02,2.65E+02,3.64E+02,2.84E+02,3.64E+02,6.85E-01,8.18E-01,2.99E+00
0.487624973058701,0.271937876939774,1.10460865497589,1.05922591686249,0.958369970321655,1.04024982452393,7.99E-01,7.40E-01,8.27E-01,6.97E-01,7.47E-01,-0.007951410344566,4.85E-01,0,6848,3.19E+02,2.76E+02,3.05E+02,2.99E+02,2.45E+02,3.87E+02,2.96E+02,4.09E+02,2.64E+02,3.65E+02,2.83E+02,3.64E+02,3.76E-01,7.20E-01,2.47E+00
0.485788285732269,0.270949929952621,1.13308191299438,1.05995917320251,0.966370284557343,1.0356662273407,8.30E-01,7.47E-01,8.20E-01,6.89E-01,7.45E-01,-0.004769141131291,1.77E+00,0,6851,3.18E+02,2.77E+02,3.06E+02,2.99E+02,2.46E+02,3.89E+02,2.96E+02,4.09E+02,2.64E+02,3.66E+02,2.83E+02,3.66E+02,1.69E+00,1.09E+00,2.82E+00
0.483446627855301,0.27192685008049,1.13252890110016,1.082883477211,0.969618141651154,1.04858577251434,7.92E-01,7.32E-01,8.12E-01,6.89E-01,7.80E-01,-0.00167792861496,2.25E+00,0,6854,3.19E+02,2.77E+02,3.06E+02,3.00E+02,2.47E+02,3.88E+02,2.97E+02,4.08E+02,2.65E+02,3.65E+02,2.84E+02,3.66E+02,1.11E+00,1.85E+00,3.39E+00
0.483893483877182,0.272785842418671,1.09487271308899,1.05938112735748,0.957058489322662,1.04000687599182,8.24E-01,7.57E-01,8.21E-01,6.78E-01,7.72E-01,0.322662846254846,3.23E+00,0,6857,3.20E+02,2.76E+02,3.06E+02,2.99E+02,2.45E+02,3.87E+02,2.96E+02,4.09E+02,2.65E+02,3.65E+02,2.84E+02,3.65E+02,1.82E+00,4.11E-01,5.09E+00
0.489882975816727,0.27176570892334,1.13428497314453,1.06664776802063,0.967490911483765,1.02680575847626,8.05E-01,7.34E-01,8.14E-01,6.88E-01,7.79E-01,-0.215941701911331,4.13E+00,0,6859,3.19E+02,2.77E+02,3.05E+02,3.00E+02,2.46E+02,3.87E+02,2.96E+02,4.09E+02,2.64E+02,3.66E+02,2.84E+02,3.64E+02,2.69E+00,1.12E+00,6.08E+00
0.484256863594055,0.271823287010193,1.09904026985168,1.06371462345123,0.950588703155518,1.02816903591156,8.23E-01,7.51E-01,8.36E-01,6.94E-01,7.56E-01,-0.134615837216771,4.23E-01,0,6862,3.20E+02,2.76E+02,3.07E+02,2.99E+02,2.45E+02,3.89E+02,2.97E+02,4.09E+02,2.65E+02,3.66E+02,2.84E+02,3.65E+02,1.06E+00,2.75E+00,6.18E+00
0.485182136297226,0.272314071655273,1.14005994796753,1.07931625843048,0.958656907081604,1.04597091674805,7.88E-01,7.33E-01,8.27E-01,6.91E-01,7.58E-01,-0.036989569766879,1.75E+00,0,6865,3.19E+02,2.78E+02,3.05E+02,3.01E+02,2.46E+02,3.88E+02,2.96E+02,4.09E+02,2.63E+02,3.67E+02,2.84E+02,3.66E+02,6.41E-01,1.34E+00,6.18E+00
0.486957579851151,0.271821975708008,1.09982967376709,1.06879925727844,0.94970178604126,1.03167307376862,8.16E-01,7.51E-01,8.21E-01,6.69E-01,7.84E-01,-0.070562466633065,1.59E+00,0,6868,3.20E+02,2.77E+02,3.07E+02,2.99E+02,2.46E+02,3.89E+02,2.97E+02,4.09E+02,2.66E+02,3.65E+02,2.86E+02,3.65E+02,2.74E-01,9.31E-01,4.80E+00
0.485413938760757,0.272681087255478,1.10282862186432,1.05119073390961,0.965279579162598,1.02376914024353,8.01E-01,7.39E-01,8.06E-01,6.87E-01,7.90E-01,0.04194466550782,1.34E+00,0,6871,3.19E+02,2.79E+02,3.06E+02,2.99E+02,2.45E+02,3.86E+02,2.96E+02,4.08E+02,2.64E+02,3.65E+02,2.85E+02,3.64E+02,1.44E+00,1.77E-01,1.90E+00
0.484014302492142,0.272185683250427,1.11036956310272,1.06083583831787,0.95178359746933,1.02963650226593,8.30E-01,7.43E-01,8.40E-01,6.72E-01,7.88E-01,-0.010042352116518,3.76E-01,0,6873,3.20E+02,2.77E+02,3.07E+02,3.00E+02,2.45E+02,3.91E+02,2.96E+02,4.09E+02,2.64E+02,3.66E+02,2.85E+02,3.65E+02,5.74E-01,4.48E-01,1.17E+00
0.489851444959641,0.273168325424194,1.13437128067017,1.07009518146515,0.967219650745392,1.037393450737,7.94E-01,7.38E-01,8.36E-01,6.79E-01,7.73E-01,0.226364504168222,1.32E+00,0,6876,3.18E+02,2.77E+02,3.04E+02,3.00E+02,2.46E+02,3.86E+02,2.94E+02,4.10E+02,2.63E+02,3.65E+02,2.83E+02,3.66E+02,4.77E-02,5.32E-01,2.91E+00
0.489021480083466,0.269443869590759,1.0783748626709,1.07964050769806,0.950765788555145,1.04275071620941,8.13E-01,7.58E-01,8.37E-01,6.74E-01,7.72E-01,0.006184775880562,8.32E-02,0,6879,3.19E+02,2.78E+02,3.07E+02,3.01E+02,2.46E+02,3.89E+02,2.96E+02,4.11E+02,2.64E+02,3.66E+02,2.84E+02,3.67E+02,1.66E+00,1.06E+00,5.25E+00
0.484767079353333,0.270116329193115,1.1270227432251,1.05390596389771,0.954826831817627,1.03926169872284,7.90E-01,7.43E-01,8.32E-01,6.90E-01,7.91E-01,0.307207330865955,2.55E-01,0,6882,3.18E+02,2.77E+02,3.05E+02,3.01E+02,2.45E+02,3.87E+02,2.94E+02,4.10E+02,2.64E+02,3.66E+02,2.83E+02,3.66E+02,2.33E+00,6.66E-01,6.75E+00
0.490779727697372,0.271432429552078,1.11605143547058,1.06932389736176,0.936352968215942,1.0430713891983,8.25E-01,7.59E-01,8.38E-01,7.13E-01,7.71E-01,-1.88536384574326,9.64E-01,0,6885,3.20E+02,2.78E+02,3.26E+02,3.04E+02,2.56E+02,3.92E+02,3.18E+02,4.14E+02,2.76E+02,3.68E+02,3.06E+02,3.70E+02,4.83E-01,1.46E+00,6.04E+00
0.488584756851196,0.277681648731232,1.08397591114044,1.05399322509766,0.965291023254395,1.02433049678803,8.51E-01,7.79E-01,8.49E-01,7.52E-01,7.83E-01,-1.02288900898937,3.41E+00,0,6887,3.44E+02,2.83E+02,3.58E+02,3.07E+02,2.94E+02,3.92E+02,3.59E+02,4.16E+02,3.12E+02,3.71E+02,3.45E+02,3.71E+02,1.59E+00,1.06E+00,6.07E+00
0.484568893909454,0.276831686496735,1.11881279945374,1.0632449388504,0.958159983158112,1.02928006649017,8.61E-01,7.79E-01,8.46E-01,7.50E-01,7.84E-01,-0.000922123584558,7.70E-01,0,6890,3.30E+02,2.78E+02,3.16E+02,3.00E+02,2.58E+02,3.89E+02,3.08E+02,4.08E+02,2.75E+02,3.65E+02,2.97E+02,3.68E+02,1.25E+00,5.84E-01,4.69E+00
0.489199787378311,0.272064864635468,1.1021728515625,1.05648040771484,0.959968149662018,1.04102993011475,8.00E-01,7.53E-01,8.28E-01,7.45E-01,7.80E-01,0.213575478592665,2.79E+00,0,6893,3.25E+02,2.77E+02,3.13E+02,3.00E+02,2.54E+02,3.87E+02,3.05E+02,4.08E+02,2.71E+02,3.67E+02,2.94E+02,3.65E+02,2.41E-01,1.65E+00,2.32E+00
0.488529890775681,0.274165242910385,1.12583231925964,1.06548643112183,0.967915296554565,1.02412033081055,8.46E-01,7.74E-01,8.44E-01,7.48E-01,7.78E-01,0.000520272468984,1.36E+00,0,6896,3.23E+02,2.77E+02,3.10E+02,2.99E+02,2.50E+02,3.86E+02,3.00E+02,4.08E+02,2.68E+02,3.66E+02,2.88E+02,3.65E+02,1.42E+00,1.04E+00,1.43E+00
0.489345133304596,0.272287875413895,1.12399387359619,1.06346487998962,0.962071239948273,1.04466152191162,8.02E-01,7.51E-01,8.31E-01,7.35E-01,7.91E-01,0.778866742470029,1.43E+00,0,6899,3.21E+02,2.77E+02,3.07E+02,3.00E+02,2.47E+02,3.88E+02,3.00E+02,4.09E+02,2.66E+02,3.66E+02,2.86E+02,3.65E+02,1.55E+00,7.85E-01,1.87E+00
0.481235593557358,0.271620512008667,1.1162703037262,1.07673323154449,0.958358466625214,1.03516590595245,8.45E-01,7.70E-01,8.45E-01,7.37E-01,7.86E-01,-0.011604206700222,5.86E-01,0,6901,3.26E+02,2.77E+02,3.21E+02,3.01E+02,2.62E+02,3.87E+02,3.11E+02,4.09E+02,2.80E+02,3.65E+02,2.99E+02,3.67E+02,1.20E+00,1.39E+00,1.68E+00
0.481995046138763,0.269005686044693,1.10325729846954,1.05086886882782,0.971912860870361,1.02929425239563,8.11E-01,7.61E-01,8.42E-01,7.58E-01,7.81E-01,-0.432547008489951,4.28E+00,0,6904,3.21E+02,2.76E+02,3.09E+02,3.00E+02,2.48E+02,3.89E+02,3.00E+02,4.07E+02,2.66E+02,3.65E+02,2.88E+02,3.65E+02,1.63E+00,5.17E-01,1.81E+00
0.485831677913666,0.270383983850479,1.07030665874481,1.06444275379181,0.954679787158966,1.03829383850098,8.33E-01,7.76E-01,8.41E-01,7.29E-01,7.72E-01,0.085685821465813,9.76E-01,0,6907,3.20E+02,2.75E+02,3.07E+02,2.98E+02,2.46E+02,3.85E+02,2.96E+02,4.07E+02,2.65E+02,3.64E+02,2.85E+02,3.64E+02,1.52E+00,1.98E+00,9.99E-01
0.486650615930557,0.273591190576553,1.11894273757935,1.07895243167877,0.951268553733826,1.03069138526917,8.05E-01,7.49E-01,8.35E-01,7.30E-01,7.75E-01,0.001566152273038,7.66E-01,0,6910,3.19E+02,2.72E+02,3.05E+02,2.98E+02,2.46E+02,3.85E+02,2.95E+02,4.08E+02,2.64E+02,3.64E+02,2.84E+02,3.63E+02,1.24E+00,1.46E+00,3.17E-01
0.492693096399307,0.268211334943771,1.11721992492676,1.07124185562134,0.973872542381287,1.03423297405243,8.33E-01,7.70E-01,8.42E-01,7.19E-01,7.82E-01,-0.13188160408338,2.31E+00,0,6913,3.20E+02,2.53E+02,3.05E+02,2.75E+02,2.44E+02,3.62E+02,2.95E+02,3.83E+02,2.63E+02,3.39E+02,2.83E+02,3.40E+02,1.99E+00,4.01E-01,1.44E+00
0.490923881530762,0.267399728298187,1.08650362491608,1.06212902069092,0.961114287376404,1.02947890758514,8.00E-01,7.55E-01,8.26E-01,7.28E-01,7.91E-01,-0.106770428035455,1.22E+00,0,6915,3.18E+02,2.48E+02,3.03E+02,2.74E+02,2.43E+02,3.60E+02,2.97E+02,3.78E+02,2.60E+02,3.36E+02,2.84E+02,3.36E+02,1.77E+00,8.52E-01,1.71E+00
0.507991969585419,0.289238631725311,1.0696142911911,1.0664963722229,0.960242390632629,1.0189197063446,8.35E-01,7.68E-01,8.51E-01,7.57E-01,7.92E-01,0.719525317140724,1.11E+00,0,6918,3.57E+02,2.47E+02,3.87E+02,2.72E+02,3.19E+02,3.51E+02,3.91E+02,3.80E+02,3.38E+02,3.33E+02,3.77E+02,3.39E+02,9.13E-02,1.32E+00,2.73E+00
0.504288077354431,0.287680953741074,1.1076328754425,1.06203711032867,0.964788317680359,1.00142729282379,8.32E-01,8.11E-01,8.64E-01,8.00E-01,7.96E-01,-0.113935446421555,1.40E+00,0,6921,3.69E+02,2.53E+02,3.89E+02,2.77E+02,3.28E+02,3.63E+02,4.01E+02,3.84E+02,3.48E+02,3.40E+02,3.85E+02,3.43E+02,5.29E-01,1.21E+00,3.33E+00
0.488424420356751,0.271357923746109,1.13114929199219,1.05996072292328,0.952332735061646,1.03013038635254,8.65E-01,7.87E-01,8.74E-01,7.56E-01,8.11E-01,-0.137931623106418,2.57E-01,0,6924,3.43E+02,2.40E+02,3.27E+02,2.60E+02,2.69E+02,3.50E+02,3.21E+02,3.67E+02,2.87E+02,3.25E+02,3.09E+02,3.26E+02,7.67E-01,1.13E+00,3.05E+00
0.499888241291046,0.266307771205902,1.0958456993103,1.05066609382629,0.965973556041718,1.04170739650726,8.39E-01,7.80E-01,8.49E-01,7.52E-01,7.89E-01,-0.22313218272311,2.71E-01,0,6927,3.30E+02,2.34E+02,3.17E+02,2.57E+02,2.58E+02,3.45E+02,3.08E+02,3.66E+02,2.75E+02,3.22E+02,2.97E+02,3.21E+02,1.29E-01,1.33E+00,3.75E+00
0.499139755964279,0.267588764429092,1.09684348106384,1.06238555908203,0.960013449192047,1.0413566827774,8.45E-01,7.80E-01,8.33E-01,7.48E-01,7.91E-01,0.07467372915066,1.81E+00,0,6929,3.27E+02,2.33E+02,3.12E+02,2.56E+02,2.52E+02,3.44E+02,3.03E+02,3.63E+02,2.71E+02,3.21E+02,2.90E+02,3.22E+02,7.64E-01,1.64E+00,3.56E+00
0.515875637531281,0.278436154127121,1.11802005767822,1.07865560054779,1.00649178028107,1.02157819271088,8.41E-01,7.12E-01,8.23E-01,7.37E-01,7.79E-01,0.348825024574322,3.15E-01,0,6932,3.98E+02,2.47E+02,3.36E+02,2.60E+02,2.86E+02,3.44E+02,3.18E+02,3.65E+02,3.06E+02,3.23E+02,3.04E+02,3.19E+02,2.42E+00,1.63E+00,2.03E+00
0.510689795017242,0.264362871646881,1.12952935695648,1.05818402767181,0.964816808700562,1.05350601673126,7.92E-01,7.59E-01,8.17E-01,7.69E-01,7.83E-01,-0.216284209570765,2.30E+00,0,6935,4.53E+02,2.73E+02,4.23E+02,2.91E+02,3.68E+02,3.71E+02,4.23E+02,3.93E+02,3.87E+02,3.49E+02,4.05E+02,3.51E+02,7.15E-01,2.30E+00,2.23E+00
0.485160917043686,0.275466680526733,1.09485638141632,1.04953157901764,0.98229455947876,1.03965365886688,8.17E-01,7.52E-01,8.36E-01,7.92E-01,7.79E-01,-0.229565164862201,6.53E-01,0,6938,3.98E+02,2.46E+02,3.92E+02,2.73E+02,3.29E+02,3.54E+02,3.89E+02,3.79E+02,3.49E+02,3.33E+02,3.74E+02,3.37E+02,1.44E+00,1.13E+00,4.60E+00
0.496610343456268,0.264062315225601,1.13160932064056,1.05811405181885,0.947703182697296,1.02014124393463,8.39E-01,7.68E-01,8.37E-01,7.80E-01,7.77E-01,-0.043636894163482,7.47E-01,0,6941,3.70E+02,2.38E+02,3.42E+02,2.60E+02,2.85E+02,3.48E+02,3.33E+02,3.69E+02,3.03E+02,3.25E+02,3.21E+02,3.26E+02,1.01E+00,1.22E+00,7.07E+00
0.488891243934631,0.260320574045181,1.10209715366364,1.06128108501434,0.978662014007568,1.02330017089844,8.40E-01,7.96E-01,8.34E-01,7.57E-01,7.63E-01,-0.022208950080132,1.35E+00,0,6943,3.18E+02,2.42E+02,3.08E+02,2.66E+02,2.46E+02,3.50E+02,3.05E+02,3.72E+02,2.66E+02,3.28E+02,2.92E+02,3.29E+02,1.11E+00,2.08E+00,7.64E+00
0.518558382987976,0.272221237421036,1.00414645671844,1.0550891160965,0.974291324615479,1.01248097419739,8.27E-01,8.09E-01,8.46E-01,7.85E-01,7.76E-01,-0.025679092966843,1.30E+00,0,6946,3.30E+02,2.50E+02,3.69E+02,2.82E+02,2.87E+02,3.55E+02,3.50E+02,3.87E+02,3.11E+02,3.32E+02,3.44E+02,3.45E+02,1.32E+00,2.51E+00,8.59E+00
0.517271816730499,0.270859986543655,1.16862154006958,1.10622477531433,1.02765989303589,0.996415972709656,7.56E-01,7.19E-01,8.05E-01,7.33E-01,7.86E-01,-0.213102132198923,1.40E+01,0,6949,4.65E+02,2.85E+02,4.22E+02,3.02E+02,3.51E+02,3.71E+02,3.91E+02,4.00E+02,3.73E+02,3.51E+02,3.87E+02,3.58E+02,1.05E+01,9.00E+00,7.06E+00
0.516835510730743,0.280687779188156,1.1339271068573,1.03617882728577,1.11448228359222,1.01300466060638,7.45E-01,7.63E-01,8.31E-01,7.66E-01,7.99E-01,-1.72693907463432,4.84E-01,0,6952,4.85E+02,3.06E+02,4.48E+02,3.36E+02,3.98E+02,4.23E+02,4.54E+02,4.39E+02,4.16E+02,3.98E+02,4.34E+02,3.99E+02,5.81E+00,1.62E+01,8.52E+00
0.511380553245544,0.259694904088974,1.08041596412659,1.05711257457733,1.2447235584259,0.996550679206848,8.48E-01,8.02E-01,8.59E-01,7.80E-01,7.76E-01,3.57255805880041,2.26E+00,0,6955,3.47E+02,3.81E+02,3.62E+02,3.88E+02,3.24E+02,4.79E+02,3.99E+02,4.76E+02,3.37E+02,4.55E+02,3.74E+02,4.42E+02,2.46E+00,1.51E+01,1.96E+01
0.522102296352387,0.267942428588867,1.09220194816589,1.0529545545578,1.34319746494293,0.992963254451752,8.44E-01,7.46E-01,8.79E-01,7.33E-01,7.83E-01,-0.05115077595919,6.16E-01,0,6957,4.07E+02,3.56E+02,4.16E+02,3.71E+02,3.45E+02,4.43E+02,4.15E+02,4.63E+02,3.67E+02,4.22E+02,4.10E+02,4.28E+02,1.24E+00,1.13E+01,3.31E+01
0.602310717105866,0.254185914993286,1.11172330379486,1.06156826019287,1.42716467380524,1.00891137123108,8.44E-01,8.06E-01,8.60E-01,7.06E-01,7.96E-01,-0.470027555640789,3.86E+00,0,6960,4.97E+02,3.54E+02,4.77E+02,3.75E+02,4.00E+02,4.30E+02,4.60E+02,4.66E+02,4.25E+02,4.15E+02,4.54E+02,4.25E+02,1.62E+00,2.33E+00,5.36E+01
0.555734217166901,0.258924633264542,1.08646488189697,1.07541072368622,1.3768013715744,1.07967448234558,8.14E-01,7.59E-01,8.86E-01,7.62E-01,7.91E-01,-0.105642193772545,3.27E+00,0,6963,5.05E+02,4.21E+02,4.97E+02,4.34E+02,4.34E+02,4.89E+02,4.90E+02,5.26E+02,4.58E+02,4.80E+02,4.73E+02,4.86E+02,1.42E+01,9.13E+00,7.26E+01
0.551644742488861,0.253626435995102,1.11375641822815,1.05611634254456,1.37968516349792,1.02004539966583,8.43E-01,7.64E-01,8.76E-01,7.68E-01,7.98E-01,-0.208159197019655,5.84E-01,0,6966,5.03E+02,3.60E+02,4.96E+02,4.00E+02,4.30E+02,4.52E+02,4.93E+02,4.92E+02,4.54E+02,4.41E+02,4.73E+02,4.54E+02,1.83E+00,1.84E+01,8.24E+01
0.495601713657379,0.252356141805649,1.1190150976181,1.07399988174438,1.41245329380035,1.04603445529938,8.34E-01,8.10E-01,8.75E-01,8.04E-01,7.77E-01,-0.019046319581222,4.17E+00,0,6969,5.04E+02,3.43E+02,4.85E+02,3.68E+02,4.13E+02,4.30E+02,4.81E+02,4.62E+02,4.36E+02,4.15E+02,4.63E+02,4.23E+02,6.33E-01,1.19E+01,8.02E+01
0.548456788063049,0.258728474378586,1.10434281826019,1.07672190666199,1.38853418827057,1.03417909145355,8.19E-01,8.24E-01,8.54E-01,7.02E-01,8.00E-01,-0.007429501526616,2.08E+00,0,6971,5.06E+02,3.14E+02,5.03E+02,3.43E+02,4.28E+02,4.06E+02,4.92E+02,4.39E+02,4.51E+02,3.91E+02,4.81E+02,3.99E+02,2.49E+00,8.78E+00,6.92E+01
0.532414197921753,0.257180333137512,1.09954035282135,1.06569385528564,1.38363409042358,1.03316247463226,8.44E-01,7.90E-01,8.40E-01,7.63E-01,7.81E-01,0.010101926070988,6.12E-01,0,6974,5.03E+02,2.93E+02,4.96E+02,3.12E+02,4.25E+02,3.88E+02,4.86E+02,4.11E+02,4.47E+02,3.68E+02,4.77E+02,3.70E+02,1.25E+00,2.49E-01,4.27E+01
0.514114856719971,0.258355498313904,1.09680438041687,1.07482171058655,1.39992499351501,1.01738262176514,8.26E-01,7.81E-01,8.18E-01,7.60E-01,7.70E-01,-0.037821053950545,1.24E-01,0,6977,5.02E+02,2.89E+02,4.97E+02,3.09E+02,4.26E+02,3.82E+02,4.88E+02,4.09E+02,4.47E+02,3.64E+02,4.80E+02,3.69E+02,3.31E-01,8.82E-01,6.14E+00
0.511981427669525,0.253380298614502,1.14331841468811,1.08825063705444,1.37749719619751,1.08038973808289,8.27E-01,7.86E-01,8.58E-01,7.33E-01,7.96E-01,-0.059167524692114,4.58E-01,0,6980,4.96E+02,2.85E+02,4.89E+02,2.99E+02,4.18E+02,3.71E+02,4.75E+02,3.99E+02,4.38E+02,3.52E+02,4.64E+02,3.56E+02,7.19E-01,7.59E-01,3.03E+01
0.50655996799469,0.256733566522598,1.12016010284424,1.08905971050262,1.35235810279846,1.02536225318909,8.42E-01,7.54E-01,8.38E-01,7.54E-01,7.87E-01,-0.081901464774321,2.58E+00,0,6983,5.13E+02,2.54E+02,5.00E+02,2.84E+02,4.28E+02,3.59E+02,4.83E+02,3.87E+02,4.48E+02,3.39E+02,4.76E+02,3.44E+02,7.66E-01,1.09E+00,6.09E+01
0.508447885513306,0.262075662612915,1.10517597198486,1.07015752792358,1.31973350048065,1.07475483417511,8.07E-01,7.73E-01,8.66E-01,7.60E-01,8.02E-01,-0.066805752703424,2.28E+00,0,6985,5.09E+02,2.44E+02,4.96E+02,2.64E+02,4.23E+02,3.44E+02,4.75E+02,3.70E+02,4.45E+02,3.23E+02,4.66E+02,3.25E+02,6.18E-01,8.06E-01,7.44E+01
0.512003183364868,0.257341146469116,1.11330139636993,1.09592974185944,1.27491521835327,1.02762997150421,8.03E-01,7.59E-01,8.47E-01,7.49E-01,7.82E-01,-1.30462527547659,1.75E+00,0,6988,4.92E+02,2.29E+02,4.84E+02,2.57E+02,4.12E+02,3.38E+02,4.65E+02,3.66E+02,4.33E+02,3.17E+02,4.57E+02,3.19E+02,1.02E+00,6.25E-01,8.06E+01
0.52905946969986,0.265973299741745,1.1323390007019,1.06779491901398,1.25373697280884,1.07462954521179,7.90E-01,7.59E-01,8.44E-01,7.44E-01,7.94E-01,-0.095872813764108,2.00E+00,0,6991,4.35E+02,2.28E+02,3.93E+02,2.50E+02,3.30E+02,3.26E+02,3.78E+02,3.54E+02,3.51E+02,3.05E+02,3.67E+02,3.11E+02,1.45E+00,1.16E+00,7.22E+01
0.50425112247467,0.256237119436264,1.12145662307739,1.12049388885498,1.28261983394623,1.04416048526764,8.10E-01,7.38E-01,8.31E-01,7.53E-01,8.10E-01,-0.730451108048722,1.24E+00,0,6994,4.83E+02,2.09E+02,4.70E+02,2.38E+02,3.98E+02,3.10E+02,4.41E+02,3.45E+02,4.19E+02,2.92E+02,4.36E+02,2.97E+02,1.98E+00,2.29E+00,5.51E+01
0.523351788520813,0.275103360414505,1.15392565727234,1.06647455692291,1.2527916431427,1.06677877902985,7.77E-01,7.35E-01,8.55E-01,7.37E-01,8.33E-01,-0.806224400175388,4.93E-01,0,6997,3.88E+02,1.91E+02,3.56E+02,2.14E+02,2.98E+02,3.02E+02,3.41E+02,3.24E+02,3.15E+02,2.79E+02,3.30E+02,2.77E+02,2.34E+00,3.60E+00,3.72E+01
0.514977991580963,0.274890214204788,1.1001923084259,1.07101321220398,1.21395325660706,1.05908238887787,8.38E-01,7.62E-01,8.43E-01,7.51E-01,8.04E-01,-0.116263571200604,2.87E+00,0,6999,3.34E+02,1.85E+02,3.28E+02,2.09E+02,2.65E+02,2.96E+02,3.19E+02,3.21E+02,2.84E+02,2.74E+02,3.07E+02,2.75E+02,1.31E+00,3.26E+00,2.37E+01
0.524423480033875,0.275062322616577,1.13024258613586,1.08197498321533,1.18453025817871,1.06047904491425,8.34E-01,7.78E-01,8.56E-01,7.44E-01,8.14E-01,0.001090211627283,3.48E-01,0,7002,3.24E+02,1.81E+02,3.08E+02,2.04E+02,2.49E+02,2.92E+02,2.96E+02,3.16E+02,2.67E+02,2.69E+02,2.85E+02,2.70E+02,7.40E-01,1.62E+00,9.47E+00
0.522054791450501,0.278676778078079,1.11257863044739,1.08363878726959,1.21257543563843,1.05298888683319,8.00E-01,7.76E-01,8.45E-01,7.33E-01,8.10E-01,0.11347849276646,2.16E+00,0,7005,3.20E+02,1.78E+02,3.06E+02,2.02E+02,2.46E+02,2.90E+02,2.93E+02,3.15E+02,2.63E+02,2.67E+02,2.83E+02,2.69E+02,1.22E+00,9.55E-01,6.15E+00
0.516043603420258,0.28127384185791,1.1164116859436,1.06721258163452,1.18053150177002,1.06929659843445,8.24E-01,8.00E-01,8.58E-01,7.43E-01,7.83E-01,0.930949521307532,1.52E+00,0,7008,3.24E+02,1.86E+02,3.22E+02,2.20E+02,2.51E+02,2.92E+02,3.05E+02,3.27E+02,2.71E+02,2.73E+02,3.00E+02,2.83E+02,6.82E-01,2.12E+00,9.94E+00
0.501627922058106,0.273386776447296,1.09851002693176,1.06676232814789,1.23072290420532,1.01888203620911,8.04E-01,7.39E-01,8.46E-01,6.74E-01,8.02E-01,-0.619883747630984,5.03E+00,0,7011,4.24E+02,1.92E+02,4.11E+02,2.27E+02,3.37E+02,2.96E+02,3.68E+02,3.34E+02,3.63E+02,2.76E+02,3.68E+02,2.88E+02,8.06E-01,7.63E-01,1.45E+01
0.515059471130371,0.279723763465881,1.11162078380585,1.06396651268005,1.18431234359741,1.08445334434509,8.05E-01,7.53E-01,8.58E-01,7.19E-01,8.50E-01,-0.003288184477111,1.11E-01,0,7013,3.41E+02,1.78E+02,3.17E+02,2.06E+02,2.54E+02,2.90E+02,3.03E+02,3.18E+02,2.74E+02,2.66E+02,2.90E+02,2.72E+02,9.01E-01,1.35E+00,1.53E+01
0.517564952373505,0.280606627464294,1.1157763004303,1.07882702350616,1.16452205181122,1.05777752399445,7.98E-01,7.74E-01,8.60E-01,7.35E-01,8.26E-01,0.113867411117743,5.03E-01,0,7016,3.21E+02,1.84E+02,3.05E+02,2.08E+02,2.45E+02,2.93E+02,2.90E+02,3.21E+02,2.63E+02,2.72E+02,2.82E+02,2.74E+02,5.76E-01,1.10E+00,1.53E+01
0.53117048740387,0.280544817447662,1.11497163772583,1.05513107776642,1.15326595306396,1.05102610588074,8.19E-01,7.81E-01,8.57E-01,8.02E-01,8.05E-01,0.817612091919303,2.67E+00,0,7019,3.21E+02,1.81E+02,3.05E+02,2.22E+02,2.44E+02,3.06E+02,2.89E+02,3.39E+02,2.62E+02,2.84E+02,2.79E+02,2.89E+02,7.89E-01,1.21E+00,1.35E+01
0,0,0,0,0,0,0.00E+00,0.00E+00,0.00E+00,0.00E+00,0.00E+00,6.4883879105564,2.42E+00,0,7022,0.00E+00,0.00E+00,0.00E+00,0.00E+00,0.00E+00,0.00E+00,0.00E+00,0.00E+00,0.00E+00,0.00E+00,0.00E+00,0.00E+00,4.49E+00,1.54E+00,9.92E+00
0.493325024843216,0.265340179204941,1.11524307727814,1.06900441646576,1.12872993946075,1.0642501115799,8.25E-01,7.65E-01,8.30E-01,7.04E-01,7.76E-01,-0.307060554618205,3.21E-01,0,7025,3.42E+02,3.29E+02,3.27E+02,3.52E+02,2.65E+02,4.41E+02,3.12E+02,4.64E+02,2.83E+02,4.18E+02,3.01E+02,4.17E+02,4.49E+00,4.38E+00,5.38E+00
0.494762778282166,0.265728235244751,1.16525781154633,1.06634390354157,1.16264688968658,1.06276905536652,7.90E-01,7.59E-01,8.20E-01,7.08E-01,7.75E-01,0.047498767525304,8.24E-01,0,7027,3.41E+02,3.28E+02,3.25E+02,3.52E+02,2.67E+02,4.38E+02,3.12E+02,4.64E+02,2.84E+02,4.17E+02,3.01E+02,4.18E+02,2.63E+00,6.34E+00,3.67E+00
0.493692845106125,0.264512091875076,1.12319695949554,1.07047939300537,1.11446964740753,1.0549910068512,8.23E-01,7.55E-01,8.32E-01,6.83E-01,7.77E-01,-0.140969453327673,2.73E+00,0,7030,3.42E+02,3.28E+02,3.27E+02,3.51E+02,2.66E+02,4.38E+02,3.13E+02,4.64E+02,2.83E+02,4.17E+02,3.02E+02,4.18E+02,1.99E+00,7.00E+00,6.61E+00
0.49473050236702,0.258034646511078,1.14277029037476,1.07554113864899,1.09969902038574,1.04880321025848,7.94E-01,7.44E-01,8.01E-01,6.92E-01,7.62E-01,0.009000837619335,2.50E+00,0,7033,3.42E+02,3.29E+02,3.26E+02,3.52E+02,2.67E+02,4.38E+02,3.12E+02,4.64E+02,2.83E+02,4.17E+02,3.02E+02,4.17E+02,8.59E-01,4.98E+00,1.21E+01
0.494166284799576,0.266230463981628,1.11144351959229,1.08111381530762,1.10500192642212,1.04517948627472,8.22E-01,7.53E-01,8.03E-01,6.93E-01,7.55E-01,-0.025792818394882,7.89E-01,0,7036,3.44E+02,3.29E+02,3.27E+02,3.51E+02,2.68E+02,4.39E+02,3.14E+02,4.64E+02,2.85E+02,4.17E+02,3.03E+02,4.19E+02,1.30E+00,2.61E+00,1.85E+01
0.496025145053864,0.258644968271255,1.14289450645447,1.09555685520172,1.07962870597839,1.06842219829559,7.97E-01,7.36E-01,8.09E-01,6.77E-01,7.48E-01,0.070335551138858,2.88E+00,0,7039,3.42E+02,3.30E+02,3.26E+02,3.53E+02,2.67E+02,4.40E+02,3.13E+02,4.65E+02,2.84E+02,4.18E+02,3.02E+02,4.20E+02,1.58E+00,1.90E+00,2.48E+01
0.495847851037979,0.269427806138992,1.10340416431427,1.07328689098358,1.08995580673218,1.04478478431702,8.44E-01,7.40E-01,8.13E-01,7.55E-01,7.56E-01,2.18456030960585,1.38E+00,0,7041,3.43E+02,3.30E+02,3.26E+02,3.53E+02,2.69E+02,4.38E+02,3.13E+02,4.66E+02,2.85E+02,4.18E+02,3.03E+02,4.19E+02,1.16E+00,2.00E+00,2.74E+01
0.495626002550125,0.262397974729538,1.1134387254715,1.0887885093689,1.07781934738159,1.06527638435364,8.01E-01,7.36E-01,8.05E-01,6.93E-01,7.61E-01,0,0.00E+00,0,7044,3.44E+02,3.30E+02,3.27E+02,3.53E+02,2.67E+02,4.39E+02,3.13E+02,4.64E+02,2.85E+02,4.18E+02,3.04E+02,4.17E+02,1.20E+00,2.42E+00,3.05E+01
0.491111755371094,0.265661478042603,1.09273409843445,1.05966091156006,1.10875618457794,1.04281771183014,8.25E-01,7.43E-01,8.11E-01,7.23E-01,7.50E-01,-0.329831103380857,2.89E+00,0,7047,3.44E+02,3.29E+02,3.27E+02,3.52E+02,2.66E+02,4.45E+02,3.14E+02,4.63E+02,2.84E+02,4.19E+02,3.03E+02,4.19E+02,1.45E+00,1.61E+00,3.03E+01
0.491925865411758,0.25762802362442,1.1140261888504,1.07101142406464,1.09384095668793,1.06386756896973,7.95E-01,7.42E-01,7.99E-01,6.94E-01,7.42E-01,1.28737977223998,2.42E+00,0,7050,3.41E+02,3.30E+02,3.26E+02,3.53E+02,2.67E+02,4.39E+02,3.12E+02,4.65E+02,2.84E+02,4.18E+02,3.03E+02,4.19E+02,7.87E-01,1.64E+00,2.69E+01
0.490571528673172,0.267874777317047,1.07948482036591,1.06780064105988,1.07196807861328,1.04569602012634,8.38E-01,7.45E-01,8.08E-01,7.15E-01,7.55E-01,0.433435009358289,2.99E+00,0,7053,3.43E+02,3.30E+02,3.26E+02,3.53E+02,2.65E+02,4.42E+02,3.13E+02,4.64E+02,2.84E+02,4.18E+02,3.02E+02,4.20E+02,2.30E+00,1.21E+00,2.14E+01
0.493856877088547,0.259032607078552,1.10589003562927,1.07732403278351,1.07299649715424,1.05428206920624,7.83E-01,7.40E-01,8.15E-01,6.80E-01,7.48E-01,-0.150705128354716,1.87E+00,0,7055,3.42E+02,3.30E+02,3.26E+02,3.53E+02,2.67E+02,4.38E+02,3.13E+02,4.65E+02,2.84E+02,4.18E+02,3.02E+02,4.19E+02,1.24E+00,1.65E+00,1.56E+01
0.493420541286469,0.263675034046173,1.15298676490784,1.07746696472168,1.0775762796402,1.05068981647491,8.28E-01,7.45E-01,8.05E-01,7.30E-01,7.49E-01,2.85965235550564,1.94E+00,0,7058,3.43E+02,3.29E+02,3.27E+02,3.53E+02,2.67E+02,4.41E+02,3.13E+02,4.65E+02,2.85E+02,4.18E+02,3.03E+02,4.20E+02,2.51E-01,1.71E+00,9.87E+00
0.493765294551849,0.256759345531464,1.12237071990967,1.10779988765717,1.06156587600708,1.04401183128357,7.91E-01,7.30E-01,7.78E-01,6.83E-01,7.56E-01,0.1644765164994,2.10E+00,0,7061,3.43E+02,3.30E+02,3.27E+02,3.53E+02,2.69E+02,4.38E+02,3.13E+02,4.65E+02,2.84E+02,4.18E+02,3.04E+02,4.19E+02,7.71E-01,1.12E+00,4.98E+00
0.493275046348572,0.262337893247604,1.13121175765991,1.08114075660706,1.06349956989288,1.03103649616241,8.25E-01,7.47E-01,8.07E-01,7.14E-01,7.54E-01,0.595635125308933,4.21E-01,0,7064,3.44E+02,3.30E+02,3.28E+02,3.53E+02,2.70E+02,4.39E+02,3.16E+02,4.65E+02,2.85E+02,4.18E+02,3.04E+02,4.20E+02,6.44E-01,9.67E-01,2.21E+00
0.481811821460724,0.254635035991669,1.12824869155884,1.07924246788025,1.0514018535614,1.05369400978088,8.06E-01,7.35E-01,7.95E-01,6.83E-01,7.37E-01,0.297567387584366,2.41E+00,0,7067,3.49E+02,3.32E+02,3.37E+02,3.55E+02,2.78E+02,4.41E+02,3.26E+02,4.65E+02,2.94E+02,4.20E+02,3.14E+02,4.20E+02,1.00E+00,3.38E-01,2.19E+00
0.489820063114166,0.261396914720535,1.12110817432404,1.08321225643158,1.03498864173889,1.03167331218719,8.37E-01,7.43E-01,7.94E-01,7.12E-01,7.47E-01,-0.897223454523297,1.28E+00,0,7069,3.46E+02,3.29E+02,3.29E+02,3.52E+02,2.71E+02,4.40E+02,3.16E+02,4.63E+02,2.87E+02,4.18E+02,3.06E+02,4.19E+02,1.59E+00,9.20E-01,1.77E+00
0.488875508308411,0.256014913320541,1.13178706169128,1.08310186862946,1.02303433418274,1.03823065757751,7.93E-01,7.31E-01,8.08E-01,7.11E-01,7.45E-01,1.08E-05,1.91E-03,0,7072,3.44E+02,3.30E+02,3.29E+02,3.53E+02,2.69E+02,4.42E+02,3.16E+02,4.64E+02,2.86E+02,4.19E+02,3.05E+02,4.18E+02,1.13E+00,8.91E-01,2.19E+00
0.501335740089417,0.264387935400009,1.11288237571716,1.0592839717865,1.01060628890991,1.0389130115509,8.39E-01,7.47E-01,8.28E-01,7.28E-01,7.68E-01,-0.084488900526649,2.14E+00,0,7075,3.46E+02,3.29E+02,3.29E+02,3.53E+02,2.71E+02,4.40E+02,3.18E+02,4.64E+02,2.88E+02,4.18E+02,3.06E+02,4.19E+02,1.33E+00,8.59E-02,2.94E+00
0.492017537355423,0.25972506403923,1.13641381263733,1.08701598644257,1.01430201530457,1.03725099563599,8.09E-01,7.38E-01,8.23E-01,7.05E-01,7.60E-01,1.5384115374175,2.49E+00,0,7078,3.46E+02,3.30E+02,3.30E+02,3.53E+02,2.72E+02,4.42E+02,3.17E+02,4.65E+02,2.87E+02,4.19E+02,3.08E+02,4.19E+02,2.02E+00,8.43E-01,2.68E+00
0.497215330600739,0.265791147947311,1.13107419013977,1.0589462518692,1.01370096206665,1.03352236747742,8.26E-01,7.39E-01,8.27E-01,7.37E-01,7.59E-01,-0.048861169131535,3.35E+00,0,7081,3.47E+02,3.30E+02,3.30E+02,3.53E+02,2.73E+02,4.41E+02,3.19E+02,4.65E+02,2.88E+02,4.18E+02,3.07E+02,4.19E+02,1.05E+00,1.57E+00,2.72E+00
0.489081650972366,0.261824458837509,1.11634564399719,1.07386815547943,1.00457978248596,1.05282211303711,8.09E-01,7.42E-01,8.21E-01,6.88E-01,7.55E-01,-0.215917501523671,2.63E+00,0,7083,3.47E+02,3.30E+02,3.31E+02,3.53E+02,2.72E+02,4.38E+02,3.18E+02,4.64E+02,2.88E+02,4.18E+02,3.07E+02,4.18E+02,1.16E+00,6.88E-01,1.73E+00
0.48911052942276,0.262254953384399,1.12532675266266,1.0625764131546,1.00671911239624,1.03542339801788,8.36E-01,7.34E-01,8.04E-01,7.12E-01,7.57E-01,-0.349304841398801,2.87E-01,0,7086,3.47E+02,3.30E+02,3.30E+02,3.53E+02,2.73E+02,4.42E+02,3.20E+02,4.64E+02,2.89E+02,4.18E+02,3.08E+02,4.19E+02,1.14E+00,7.38E-01,2.20E+00
0.489523649215698,0.259248793125153,1.14597034454346,1.06918716430664,1.00647759437561,1.04152774810791,7.98E-01,7.32E-01,8.13E-01,7.06E-01,7.45E-01,-0.048225438022208,1.35E+00,0,7089,3.46E+02,3.30E+02,3.31E+02,3.52E+02,2.73E+02,4.41E+02,3.18E+02,4.64E+02,2.88E+02,4.18E+02,3.09E+02,4.18E+02,1.11E+00,3.79E-01,2.62E+00
0.490687400102615,0.264418512582779,1.12904119491577,1.06616377830505,1.00791954994202,1.02288520336151,8.25E-01,7.41E-01,8.08E-01,7.25E-01,7.51E-01,-0.048797815277369,1.15E+00,0,7092,3.47E+02,3.30E+02,3.30E+02,3.53E+02,2.73E+02,4.39E+02,3.19E+02,4.64E+02,2.89E+02,4.18E+02,3.08E+02,4.19E+02,6.03E-01,1.26E+00,3.42E+00
0.485822737216949,0.260197937488556,1.12692308425903,1.07541263103485,0.990400850772858,1.03477799892426,8.15E-01,7.37E-01,8.04E-01,7.21E-01,7.41E-01,0.645982445751377,1.30E+00,0,7095,3.47E+02,3.30E+02,3.31E+02,3.53E+02,2.73E+02,4.41E+02,3.18E+02,4.64E+02,2.89E+02,4.19E+02,3.09E+02,4.19E+02,6.47E-01,1.34E+00,4.17E+00
0.494043529033661,0.264883160591125,1.14086747169495,1.08138906955719,0.991597235202789,1.02724313735962,8.48E-01,7.46E-01,7.96E-01,7.21E-01,7.63E-01,0.006990112222724,5.47E-02,0,7097,3.47E+02,3.30E+02,3.30E+02,3.53E+02,2.73E+02,4.41E+02,3.20E+02,4.64E+02,2.89E+02,4.19E+02,3.08E+02,4.20E+02,2.64E-01,1.71E+00,4.49E+00
0.490225195884705,0.2568439245224,1.13733446598053,1.06865096092224,0.976984143257141,1.03187131881714,8.00E-01,7.36E-01,8.05E-01,7.13E-01,7.37E-01,0.010101860838002,6.61E-01,0,7100,3.47E+02,3.30E+02,3.31E+02,3.53E+02,2.72E+02,4.41E+02,3.19E+02,4.63E+02,2.89E+02,4.19E+02,3.08E+02,4.19E+02,1.68E+00,6.65E-01,4.30E+00
0.487812131643295,0.259245872497559,1.08293461799622,1.0596832036972,0.992601752281189,1.03026592731476,8.32E-01,7.45E-01,8.07E-01,7.02E-01,7.54E-01,0.174982870523931,4.64E-01,0,7103,3.48E+02,3.29E+02,3.32E+02,3.52E+02,2.73E+02,4.43E+02,3.21E+02,4.63E+02,2.90E+02,4.18E+02,3.09E+02,4.19E+02,8.37E-01,1.67E+00,4.28E+00
0.48759064078331,0.25506591796875,1.11857974529266,1.06949627399445,0.985273659229279,1.03260946273804,7.78E-01,7.34E-01,8.07E-01,6.52E-01,7.33E-01,-0.306966364699397,2.26E+00,0,7106,3.49E+02,3.29E+02,3.33E+02,3.52E+02,2.75E+02,4.39E+02,3.21E+02,4.63E+02,2.91E+02,4.18E+02,3.10E+02,4.18E+02,4.55E-01,8.15E-01,3.13E+00
0.486429631710053,0.262909263372421,1.11970746517181,1.07035672664642,0.980832636356354,1.02143347263336,8.33E-01,7.47E-01,8.20E-01,7.09E-01,7.42E-01,-0.668337492648181,7.58E-01,0,7109,3.54E+02,3.30E+02,3.38E+02,3.52E+02,2.80E+02,4.41E+02,3.28E+02,4.63E+02,2.97E+02,4.18E+02,3.16E+02,4.19E+02,1.38E+00,4.35E-01,2.06E+00
0.488291770219803,0.257239252328873,1.11156296730042,1.08253908157349,0.989020943641663,1.03830766677856,8.02E-01,7.30E-01,7.99E-01,7.12E-01,7.40E-01,-0.07745279327546,1.08E+00,0,7111,3.48E+02,3.31E+02,3.32E+02,3.54E+02,2.76E+02,4.41E+02,3.21E+02,4.63E+02,2.91E+02,4.20E+02,3.10E+02,4.19E+02,9.44E-01,6.67E-01,1.35E+00
0.490208864212036,0.261480033397675,1.10847067832947,1.07172834873199,0.984801113605499,1.01926076412201,8.28E-01,7.42E-01,8.09E-01,7.24E-01,7.59E-01,0.060188364682768,6.23E-01,0,7114,3.49E+02,3.30E+02,3.32E+02,3.53E+02,2.75E+02,4.41E+02,3.21E+02,4.64E+02,2.92E+02,4.18E+02,3.11E+02,4.20E+02,1.18E+00,1.16E+00,1.05E+00
0.492551177740097,0.256368309259415,1.13453328609467,1.07819676399231,0.98658949136734,1.04356491565704,7.91E-01,7.34E-01,8.03E-01,6.93E-01,7.49E-01,-0.001566399077874,3.29E-01,0,7117,3.57E+02,3.33E+02,3.35E+02,3.54E+02,2.79E+02,4.44E+02,3.22E+02,4.64E+02,2.93E+02,4.20E+02,3.12E+02,4.18E+02,1.34E+00,1.36E+00,1.81E+00
0.483200132846832,0.26246389746666,1.10794174671173,1.05967891216278,0.978183746337891,1.03617596626282,8.37E-01,7.56E-01,8.09E-01,7.18E-01,7.46E-01,-0.924896940807631,1.03E+00,0,7120,3.49E+02,3.31E+02,3.31E+02,3.54E+02,2.74E+02,4.42E+02,3.20E+02,4.64E+02,2.90E+02,4.19E+02,3.09E+02,4.20E+02,1.59E-01,1.43E+00,2.53E+00
0.485164165496826,0.257592529058456,1.14422583580017,1.05699849128723,0.997855842113495,1.03698623180389,8.09E-01,7.36E-01,7.88E-01,6.91E-01,7.44E-01,1.19179632038292,1.55E+00,0,7123,3.46E+02,3.32E+02,3.30E+02,3.56E+02,2.72E+02,4.39E+02,3.19E+02,4.65E+02,2.88E+02,4.20E+02,3.09E+02,4.20E+02,6.56E-01,4.24E-01,3.25E+00
0.481491923332214,0.264690339565277,1.09773719310761,1.07908189296722,0.976355195045471,1.03378748893738,8.44E-01,7.55E-01,8.11E-01,7.30E-01,7.78E-01,0.444651999770893,1.68E+00,0,7125,3.48E+02,3.30E+02,3.37E+02,3.55E+02,2.75E+02,4.42E+02,3.31E+02,4.67E+02,2.92E+02,4.20E+02,3.19E+02,4.21E+02,1.89E+00,1.20E+00,3.17E+00
0.514501512050629,0.273332983255386,1.10905635356903,1.05903494358063,0.984712183475494,1.00148284435272,8.29E-01,7.89E-01,8.13E-01,7.77E-01,7.76E-01,0.323414809239826,1.33E+00,0,7128,3.97E+02,3.44E+02,4.21E+02,3.66E+02,3.62E+02,4.55E+02,4.26E+02,4.76E+02,3.82E+02,4.31E+02,4.12E+02,4.33E+02,6.15E-01,2.19E+00,4.33E+00
0,0,0,0,0,0,0.00E+00,0.00E+00,0.00E+00,0.00E+00,0.00E+00,1.54683924211479,6.60E+00,0,7131,0.00E+00,0.00E+00,0.00E+00,0.00E+00,0.00E+00,0.00E+00,0.00E+00,0.00E+00,0.00E+00,0.00E+00,0.00E+00,0.00E+00,5.20E+00,1.72E+00,3.17E+00
0.50177937746048,0.266001522541046,1.18446826934814,0,0.99340558052063,1.05941593647003,7.94E-01,7.20E-01,8.37E-01,6.76E-01,7.57E-01,-0.39667890292988,7.94E-01,0,7134,5.01E+02,7.14E+02,4.65E+02,7.08E+02,3.91E+02,7.90E+02,0.00E+00,0.00E+00,4.14E+02,7.67E+02,4.31E+02,7.66E+02,4.55E+00,6.14E+00,2.56E+00
0,0,0,0,0,0,0.00E+00,0.00E+00,0.00E+00,0.00E+00,0.00E+00,1.63008813821033,5.11E+00,0,7137,0.00E+00,0.00E+00,0.00E+00,0.00E+00,0.00E+00,0.00E+00,0.00E+00,0.00E+00,0.00E+00,0.00E+00,0.00E+00,0.00E+00,2.30E+00,5.51E+00,5.13E+00
0.4871985912323,0.263046771287918,0,0,0,0,7.95E-01,7.28E-01,8.23E-01,7.34E-01,6.66E-01,6.70403989729991,7.66E+00,0,7139,4.88E+02,7.40E+02,4.71E+02,7.67E+02,0.00E+00,0.00E+00,0.00E+00,0.00E+00,0.00E+00,0.00E+00,0.00E+00,0.00E+00,4.31E+00,3.61E+00,7.79E+00
0.464170902967453,0.248303651809692,1.1286062002182,1.06775367259979,0.982958972454071,1.04866445064545,7.77E-01,7.22E-01,7.80E-01,6.91E-01,6.98E-01,-0.303320960280916,5.13E+01,0,7142,4.85E+02,2.76E+02,4.68E+02,3.01E+02,3.84E+02,3.68E+02,4.29E+02,4.04E+02,4.09E+02,3.51E+02,4.33E+02,3.57E+02,1.99E+01,1.29E+01,1.53E+01
0.493108093738556,0.248559027910233,1.14260900020599,1.07238960266113,0.974496960639954,1.03456127643585,7.88E-01,7.52E-01,8.01E-01,7.14E-01,7.33E-01,-0.002058692538119,1.31E+01,0,7145,4.85E+02,1.69E+02,4.69E+02,1.97E+02,3.84E+02,2.64E+02,4.31E+02,3.01E+02,4.09E+02,2.47E+02,4.33E+02,2.54E+02,2.16E+01,2.42E+01,2.51E+01
0.484112501144409,0.251437395811081,1.15803611278534,1.07462549209595,0.998630225658417,1.06748104095459,7.60E-01,7.25E-01,7.96E-01,6.43E-01,7.18E-01,3.53535995411853,2.48E+00,0,7148,4.86E+02,2.15E+02,4.68E+02,2.40E+02,3.86E+02,3.07E+02,4.30E+02,3.43E+02,4.10E+02,2.91E+02,4.32E+02,2.97E+02,5.56E+00,2.83E+01,4.08E+01
0.478061378002167,0.246329948306084,1.17230975627899,1.07159578800201,1.00679624080658,1.05403387546539,7.82E-01,7.46E-01,8.06E-01,6.68E-01,7.18E-01,-0.000950200255721,3.12E+00,0,7151,4.83E+02,2.10E+02,4.69E+02,2.37E+02,3.87E+02,3.06E+02,4.31E+02,3.42E+02,4.10E+02,2.89E+02,4.32E+02,2.94E+02,3.85E+00,1.67E+01,6.67E+01
0.478032350540161,0.253250807523727,1.15155613422394,1.05879175662994,1.00963294506073,1.05549550056458,7.66E-01,7.32E-01,8.04E-01,7.00E-01,7.08E-01,2.82694688713019,1.75E+00,1,7153,4.77E+02,2.06E+02,4.60E+02,2.31E+02,3.79E+02,3.01E+02,4.24E+02,3.35E+02,4.03E+02,2.82E+02,4.26E+02,2.88E+02,9.72E-01,2.58E+00,8.20E+01
0.47691810131073,0.25111523270607,1.15396785736084,1.05860996246338,0.997150659561157,1.05053222179413,7.83E-01,7.52E-01,8.10E-01,6.87E-01,7.23E-01,-0.561789485947579,2.51E-01,1,7156,4.71E+02,2.01E+02,4.58E+02,2.28E+02,3.75E+02,2.99E+02,4.22E+02,3.34E+02,3.98E+02,2.81E+02,4.24E+02,2.87E+02,3.28E+00,3.50E+00,1.13E+02
0.504056334495544,0.263267189264297,1.1707466840744,1.08128416538239,0.982181668281555,1.05297017097473,7.93E-01,7.22E-01,8.03E-01,6.67E-01,7.34E-01,0.127833911796809,1.71E+00,1,7159,4.96E+02,1.50E+02,4.65E+02,1.74E+02,3.88E+02,2.46E+02,4.33E+02,2.79E+02,4.11E+02,2.28E+02,4.33E+02,2.32E+02,2.92E+00,2.69E+00,1.37E+02
0.49617600440979,0.265674620866776,1.11601722240448,1.07918274402618,1.00276279449463,1.04457211494446,8.18E-01,7.41E-01,8.11E-01,7.45E-01,7.10E-01,1.49660544949649,2.65E-01,1,7162,4.62E+02,1.92E+02,4.54E+02,1.76E+02,3.75E+02,2.62E+02,4.23E+02,2.78E+02,3.98E+02,2.43E+02,4.20E+02,2.31E+02,1.21E+00,1.77E+00,1.53E+02
0.483557015657425,0.263784170150757,1.13551247119904,1.05660617351532,0.973845720291138,1.05047464370728,7.75E-01,7.32E-01,8.08E-01,7.28E-01,7.17E-01,0.707760724855422,3.23E+00,1,7165,4.03E+02,1.85E+02,3.82E+02,2.12E+02,3.09E+02,2.89E+02,3.56E+02,3.20E+02,3.33E+02,2.69E+02,3.53E+02,2.74E+02,3.51E+00,2.33E+00,1.52E+02
0.505674779415131,0.275111168622971,1.19536972045898,1.063232421875,0.985379934310913,1.03480684757233,8.58E-01,8.12E-01,8.27E-01,6.65E-01,7.72E-01,0.001710588660727,1.22E+00,1,7167,4.71E+02,1.94E+02,4.32E+02,2.14E+02,3.75E+02,3.01E+02,4.14E+02,3.22E+02,3.93E+02,2.75E+02,4.04E+02,2.80E+02,1.54E+00,3.03E+00,1.43E+02
0.494862496852875,0.28930127620697,1.14105474948883,1.08509802818298,0.983882129192352,1.03054296970367,8.50E-01,8.18E-01,8.47E-01,7.64E-01,7.24E-01,-0.284315424470216,4.56E-01,1,7170,3.56E+02,1.83E+02,3.41E+02,1.90E+02,2.89E+02,2.74E+02,3.49E+02,2.88E+02,3.07E+02,2.53E+02,3.29E+02,2.50E+02,1.76E+00,2.33E+00,1.18E+02
0.539854228496552,0.273128926753998,1.13650476932526,1.05682837963104,0.99884706735611,1.01815390586853,8.45E-01,7.98E-01,8.51E-01,7.79E-01,7.83E-01,0.240264214581791,4.33E+00,1,7173,3.47E+02,1.07E+02,3.17E+02,1.54E+02,2.54E+02,2.30E+02,3.11E+02,2.58E+02,2.74E+02,2.09E+02,2.99E+02,2.18E+02,4.04E+00,1.88E+00,8.72E+01
0.529640555381775,0.26953449845314,1.09582269191742,1.06663131713867,1.05542290210724,1.03111338615417,8.65E-01,8.05E-01,8.55E-01,7.79E-01,7.95E-01,1.21999486873661,2.74E+00,1,7176,3.79E+02,1.37E+02,3.93E+02,1.67E+02,3.10E+02,2.21E+02,3.71E+02,2.65E+02,3.35E+02,2.07E+02,3.75E+02,2.24E+02,2.25E+00,5.87E+00,5.48E+01
0,0,0,0,0,0,0.00E+00,0.00E+00,0.00E+00,0.00E+00,0.00E+00,-0.260238692125801,4.82E+00,1,7179,0.00E+00,0.00E+00,0.00E+00,0.00E+00,0.00E+00,0.00E+00,0.00E+00,0.00E+00,0.00E+00,0.00E+00,0.00E+00,0.00E+00,3.60E+00,6.46E+00,2.71E+01
0.47221252322197,0.26872256398201,1.12617492675781,1.03776657581329,1.12983536720276,1.02785623073578,8.33E-01,7.96E-01,8.62E-01,7.87E-01,7.61E-01,-0.677559916039118,1.46E-01,1,7181,4.23E+02,2.25E+02,4.10E+02,2.57E+02,3.70E+02,3.37E+02,4.33E+02,3.53E+02,3.83E+02,3.19E+02,4.07E+02,3.15E+02,3.19E+00,5.77E+00,1.76E+01
0.544934868812561,0.274016350507736,1.14963674545288,1.04616355895996,1.16867589950562,1.02385413646698,8.68E-01,8.31E-01,8.86E-01,8.10E-01,8.05E-01,-0.399212396083908,5.89E+00,1,7184,3.25E+02,2.18E+02,3.41E+02,2.38E+02,2.98E+02,3.29E+02,3.67E+02,3.34E+02,3.11E+02,3.06E+02,3.46E+02,2.97E+02,7.21E+00,4.74E+00,1.35E+01
0,0,0,0,0,0,0.00E+00,0.00E+00,0.00E+00,0.00E+00,0.00E+00,1.18595346420469,3.22E+00,1,7187,0.00E+00,0.00E+00,0.00E+00,0.00E+00,0.00E+00,0.00E+00,0.00E+00,0.00E+00,0.00E+00,0.00E+00,0.00E+00,0.00E+00,7.62E+00,1.12E+01,2.24E+01
0.560089349746704,0.27901890873909,1.10819923877716,1.00553381443024,1.25662040710449,1.06327962875366,8.20E-01,7.75E-01,8.85E-01,7.54E-01,8.10E-01,-0.898784879544088,6.63E+00,1,7190,4.86E+02,5.70E+02,4.46E+02,5.69E+02,3.65E+02,6.23E+02,4.12E+02,6.55E+02,3.89E+02,6.08E+02,4.14E+02,6.16E+02,5.36E+00,1.60E+01,3.44E+01
0.510676503181458,0.280849248170853,1.13092052936554,1.05219578742981,1.32615685462952,1.07910811901093,8.04E-01,7.38E-01,8.60E-01,7.30E-01,8.06E-01,-4.7765824805716,5.35E+00,1,7193,4.79E+02,5.72E+02,4.53E+02,6.00E+02,3.99E+02,6.66E+02,4.46E+02,7.02E+02,4.18E+02,6.53E+02,4.32E+02,6.61E+02,1.94E+00,1.21E+01,5.16E+01
0.479653894901276,0.279132306575775,1.1343320608139,1.08145225048065,1.34213292598724,1.08889579772949,8.49E-01,7.77E-01,8.35E-01,7.96E-01,7.47E-01,-0.212535681510363,5.47E+00,1,7195,3.44E+02,5.39E+02,3.56E+02,5.78E+02,2.99E+02,6.45E+02,3.62E+02,6.80E+02,3.16E+02,6.32E+02,3.43E+02,6.42E+02,5.43E+00,9.27E+00,6.70E+01
0.474987834692001,0.271695882081985,1.10165798664093,1.06329774856567,1.27540695667267,1.07942676544189,8.45E-01,8.23E-01,8.28E-01,7.70E-01,7.90E-01,-0.042249770128385,6.38E+00,1,7198,2.99E+02,4.97E+02,2.84E+02,5.04E+02,2.24E+02,5.86E+02,2.80E+02,6.05E+02,2.42E+02,5.65E+02,2.67E+02,5.65E+02,4.61E+00,8.12E+00,8.68E+01
0.498945683240891,0.279579311609268,1.11319375038147,1.05623471736908,1.28962361812592,1.10325193405151,7.99E-01,7.64E-01,8.35E-01,7.40E-01,8.05E-01,0.787194167199389,1.01E+01,1,7201,3.48E+02,4.75E+02,3.07E+02,4.95E+02,2.38E+02,5.64E+02,2.82E+02,5.95E+02,2.57E+02,5.46E+02,2.76E+02,5.52E+02,1.75E+01,1.51E+01,1.05E+02
0,0,0,0,0,0,0.00E+00,0.00E+00,0.00E+00,0.00E+00,0.00E+00,0.161505137169477,1.27E+00,1,7204,0.00E+00,0.00E+00,0.00E+00,0.00E+00,0.00E+00,0.00E+00,0.00E+00,0.00E+00,0.00E+00,0.00E+00,0.00E+00,0.00E+00,2.69E+00,2.10E+01,1.22E+02
0,0,0,0,0,0,0.00E+00,0.00E+00,0.00E+00,0.00E+00,0.00E+00,-1.43498279451434,6.74E+00,1,7207,0.00E+00,0.00E+00,0.00E+00,0.00E+00,0.00E+00,0.00E+00,0.00E+00,0.00E+00,0.00E+00,0.00E+00,0.00E+00,0.00E+00,8.74E-01,1.66E+01,1.29E+02
0,0,0,0,0,0,0.00E+00,0.00E+00,0.00E+00,0.00E+00,0.00E+00,1.01841211266278,8.01E+00,1,7209,0.00E+00,0.00E+00,0.00E+00,0.00E+00,0.00E+00,0.00E+00,0.00E+00,0.00E+00,0.00E+00,0.00E+00,0.00E+00,0.00E+00,1.65E+00,4.87E+00,1.35E+02
0,0,0,0,0,0,0.00E+00,0.00E+00,0.00E+00,0.00E+00,0.00E+00,-7.35189125211937,5.36E+00,1,7212,0.00E+00,0.00E+00,0.00E+00,0.00E+00,0.00E+00,0.00E+00,0.00E+00,0.00E+00,0.00E+00,0.00E+00,0.00E+00,0.00E+00,4.05E+00,4.05E+00,1.37E+02
0,0,0,0,0,0,0.00E+00,0.00E+00,0.00E+00,0.00E+00,0.00E+00,-10.0741984262271,4.60E-01,1,7215,0.00E+00,0.00E+00,0.00E+00,0.00E+00,0.00E+00,0.00E+00,0.00E+00,0.00E+00,0.00E+00,0.00E+00,0.00E+00,0.00E+00,1.07E+01,5.18E+00,1.35E+02
0,0,0,0,0,0,0.00E+00,0.00E+00,0.00E+00,0.00E+00,0.00E+00,1.36260186987499,6.83E-02,1,7218,0.00E+00,0.00E+00,0.00E+00,0.00E+00,0.00E+00,0.00E+00,0.00E+00,0.00E+00,0.00E+00,0.00E+00,0.00E+00,0.00E+00,8.16E+00,1.64E+01,1.35E+02
0,0,0,0,0,0,0.00E+00,0.00E+00,0.00E+00,0.00E+00,0.00E+00,-0.741862722216062,3.31E+00,1,7221,0.00E+00,0.00E+00,0.00E+00,0.00E+00,0.00E+00,0.00E+00,0.00E+00,0.00E+00,0.00E+00,0.00E+00,0.00E+00,0.00E+00,6.11E+00,1.62E+01,1.36E+02
0,0,0,0,0,0,0.00E+00,0.00E+00,0.00E+00,0.00E+00,0.00E+00,-4.54325414399007,2.04E+01,1,7223,0.00E+00,0.00E+00,0.00E+00,0.00E+00,0.00E+00,0.00E+00,0.00E+00,0.00E+00,0.00E+00,0.00E+00,0.00E+00,0.00E+00,4.37E+00,9.95E+00,1.33E+02
0,0,0,0,0,0,0.00E+00,0.00E+00,0.00E+00,0.00E+00,0.00E+00,-1.43951281376764,5.80E+00,1,7226,0.00E+00,0.00E+00,0.00E+00,0.00E+00,0.00E+00,0.00E+00,0.00E+00,0.00E+00,0.00E+00,0.00E+00,0.00E+00,0.00E+00,2.19E+01,1.36E+01,1.24E+02
0,0,0,0,0,0,0.00E+00,0.00E+00,0.00E+00,0.00E+00,0.00E+00,-5.40146577877279,8.41E+00,1,7229,0.00E+00,0.00E+00,0.00E+00,0.00E+00,0.00E+00,0.00E+00,0.00E+00,0.00E+00,0.00E+00,0.00E+00,0.00E+00,0.00E+00,7.99E+00,2.41E+01,1.19E+02
0,0,0,0,0,0,0.00E+00,0.00E+00,0.00E+00,0.00E+00,0.00E+00,-13.7146791161964,8.37E+00,1,7232,0.00E+00,0.00E+00,0.00E+00,0.00E+00,0.00E+00,0.00E+00,0.00E+00,0.00E+00,0.00E+00,0.00E+00,0.00E+00,0.00E+00,7.50E+00,2.21E+01,1.16E+02
0,0,0,0,0,0,0.00E+00,0.00E+00,0.00E+00,0.00E+00,0.00E+00,-15.0940375793762,6.38E+00,0,7235,0.00E+00,0.00E+00,0.00E+00,0.00E+00,0.00E+00,0.00E+00,0.00E+00,0.00E+00,0.00E+00,0.00E+00,0.00E+00,0.00E+00,1.93E+01,2.66E+01,1.32E+02
0.396543979644775,0.261252403259277,1.18291962146759,1.16345703601837,1.83073925971985,1.9988226890564,7.93E-01,7.60E-01,8.39E-01,7.99E-01,6.87E-01,0.080717374541537,1.52E+01,0,7237,4.09E+02,4.55E+02,4.16E+02,4.83E+02,3.33E+02,5.26E+02,3.90E+02,5.86E+02,3.52E+02,5.25E+02,3.82E+02,5.41E+02,1.19E+01,3.55E+01,1.54E+02
0.409039795398712,0.254677057266235,1.1554206609726,1.10545408725739,1.82520818710327,1.88241899013519,7.65E-01,7.25E-01,8.00E-01,7.81E-01,7.54E-01,0.303234404135361,1.25E-01,0,7240,4.02E+02,4.60E+02,4.26E+02,4.83E+02,3.47E+02,5.29E+02,4.02E+02,5.87E+02,3.65E+02,5.26E+02,3.91E+02,5.42E+02,9.70E+00,3.73E+01,1.94E+02
0.487845927476883,0.269016295671463,1.1560150384903,1.09267640113831,1.73185980319977,1.74473714828491,8.37E-01,7.86E-01,8.46E-01,8.36E-01,7.69E-01,0.363791904847457,1.21E+00,0,7243,3.79E+02,4.26E+02,3.83E+02,4.30E+02,3.22E+02,4.81E+02,3.87E+02,5.24E+02,3.41E+02,4.74E+02,3.75E+02,4.81E+02,1.46E+00,2.71E+01,2.36E+02
0.501340866088867,0.265981137752533,1.15253734588623,1.10036313533783,1.74804186820984,1.77163255214691,8.21E-01,7.55E-01,8.65E-01,8.24E-01,7.67E-01,-1.63744562122574,1.41E+01,0,7246,3.77E+02,4.37E+02,3.56E+02,4.36E+02,2.89E+02,4.87E+02,3.52E+02,5.26E+02,3.09E+02,4.79E+02,3.37E+02,4.85E+02,8.60E+00,1.60E+01,2.75E+02
0.521191537380219,0.283551663160324,1.2176525592804,1.08507966995239,1.751424908638,1.58568024635315,8.43E-01,8.06E-01,8.67E-01,7.88E-01,7.39E-01,-0.274102716099188,1.17E+00,0,7249,3.40E+02,5.54E+02,3.44E+02,5.92E+02,2.73E+02,6.44E+02,3.35E+02,6.94E+02,2.94E+02,6.38E+02,3.25E+02,6.51E+02,2.61E+00,1.00E+01,3.06E+02
0.584996521472931,0.278030335903168,1.06756031513214,1.10219144821167,1.70427632331848,1.68570256233215,8.71E-01,7.74E-01,9.00E-01,8.22E-01,8.23E-01,-0.82911967935065,4.82E+00,0,7251,3.29E+02,5.49E+02,2.99E+02,5.74E+02,2.28E+02,6.13E+02,2.84E+02,6.72E+02,2.49E+02,6.12E+02,2.73E+02,6.27E+02,4.48E+00,1.02E+01,3.24E+02
0.527185797691345,0.272794663906097,1.1629478931427,1.08001232147217,1.6480427980423,1.60105788707733,8.51E-01,8.15E-01,8.97E-01,7.34E-01,7.85E-01,0.446215891492953,3.31E+00,0,7254,2.88E+02,4.88E+02,2.77E+02,4.90E+02,2.05E+02,5.49E+02,2.67E+02,5.91E+02,2.30E+02,5.43E+02,2.56E+02,5.47E+02,9.39E-01,7.54E+00,3.34E+02
0.537518799304962,0.268506288528442,1.18504059314728,1.10123264789581,1.72708714008331,1.5939679145813,8.63E-01,8.35E-01,8.85E-01,7.93E-01,7.70E-01,0.394167373774544,4.96E+00,0,7257,2.62E+02,4.38E+02,2.65E+02,4.72E+02,2.04E+02,5.36E+02,2.66E+02,5.73E+02,2.21E+02,5.24E+02,2.53E+02,5.33E+02,1.08E+01,8.62E+00,3.23E+02
0,0,0,0,0,0,0.00E+00,0.00E+00,0.00E+00,0.00E+00,0.00E+00,-4.25519104802975,1.90E+01,0,7260,0.00E+00,0.00E+00,0.00E+00,0.00E+00,0.00E+00,0.00E+00,0.00E+00,0.00E+00,0.00E+00,0.00E+00,0.00E+00,0.00E+00,9.37E+00,1.80E+01,3.04E+02
0.542382657527924,0.268816262483597,1.24861669540405,1.06736195087433,1.63133645057678,1.49470007419586,8.36E-01,7.60E-01,8.78E-01,8.08E-01,8.42E-01,-1.5758187222041,9.60E+00,0,7263,5.02E+02,4.39E+02,4.58E+02,4.79E+02,3.84E+02,5.21E+02,4.39E+02,5.79E+02,4.05E+02,5.17E+02,4.28E+02,5.36E+02,1.45E+01,2.03E+01,2.68E+02
0,0,0,0,0,0,0.00E+00,0.00E+00,0.00E+00,0.00E+00,0.00E+00,-2.2434504587051,1.21E+01,0,7265,0.00E+00,0.00E+00,0.00E+00,0.00E+00,0.00E+00,0.00E+00,0.00E+00,0.00E+00,0.00E+00,0.00E+00,0.00E+00,0.00E+00,5.30E+00,1.62E+01,2.38E+02
0,0,0,0,0,0,0.00E+00,0.00E+00,0.00E+00,0.00E+00,0.00E+00,0.218340736498606,1.83E+01,0,7268,0.00E+00,0.00E+00,0.00E+00,0.00E+00,0.00E+00,0.00E+00,0.00E+00,0.00E+00,0.00E+00,0.00E+00,0.00E+00,0.00E+00,1.21E+01,1.32E+01,2.10E+02
0,0,0,0,0,0,0.00E+00,0.00E+00,0.00E+00,0.00E+00,0.00E+00,-3.43466170993371,3.06E+00,0,7271,0.00E+00,0.00E+00,0.00E+00,0.00E+00,0.00E+00,0.00E+00,0.00E+00,0.00E+00,0.00E+00,0.00E+00,0.00E+00,0.00E+00,1.64E+01,6.18E+00,1.86E+02
0,0,0,0,0,0,0.00E+00,0.00E+00,0.00E+00,0.00E+00,0.00E+00,-1.46796950508121,1.76E+01,0,7274,0.00E+00,0.00E+00,0.00E+00,0.00E+00,0.00E+00,0.00E+00,0.00E+00,0.00E+00,0.00E+00,0.00E+00,0.00E+00,0.00E+00,3.33E+00,1.47E+01,1.70E+02
0,0,0,0,0,0,0.00E+00,0.00E+00,0.00E+00,0.00E+00,0.00E+00,3.77660056578374,4.91E+00,0,7277,0.00E+00,0.00E+00,0.00E+00,0.00E+00,0.00E+00,0.00E+00,0.00E+00,0.00E+00,0.00E+00,0.00E+00,0.00E+00,0.00E+00,1.65E+01,2.38E+01,1.63E+02
0,0,0,0,0,0,0.00E+00,0.00E+00,0.00E+00,0.00E+00,0.00E+00,-9.33487534387594,4.06E+01,0,7279,0.00E+00,0.00E+00,0.00E+00,0.00E+00,0.00E+00,0.00E+00,0.00E+00,0.00E+00,0.00E+00,0.00E+00,0.00E+00,0.00E+00,1.88E+01,2.89E+01,1.58E+02
0,0,0,0,0,0,0.00E+00,0.00E+00,0.00E+00,0.00E+00,0.00E+00,-10.8038133243565,2.45E+01,0,7282,0.00E+00,0.00E+00,0.00E+00,0.00E+00,0.00E+00,0.00E+00,0.00E+00,0.00E+00,0.00E+00,0.00E+00,0.00E+00,0.00E+00,1.69E+01,2.47E+01,1.47E+02
0.494038611650467,0.272350668907166,1.15261471271515,1.09840846061707,1.53451371192932,1.33313095569611,8.08E-01,7.96E-01,8.49E-01,7.62E-01,7.13E-01,0.658378464950531,7.08E+01,0,7285,5.92E+02,2.47E+02,5.94E+02,2.78E+02,5.00E+02,3.23E+02,5.39E+02,3.75E+02,5.24E+02,3.14E+02,5.52E+02,3.27E+02,4.80E+01,1.14E+01,1.46E+02
0.514667689800262,0.278504222631454,1.10869562625885,1.10374999046326,1.47829747200012,1.29824590682983,8.15E-01,8.13E-01,8.46E-01,7.34E-01,7.42E-01,3.30499344668718,1.69E+00,0,7288,5.56E+02,2.75E+02,5.71E+02,2.90E+02,4.88E+02,3.54E+02,5.36E+02,3.95E+02,5.10E+02,3.40E+02,5.38E+02,3.46E+02,2.30E+01,3.56E+01,1.46E+02
0.510846853256226,0.285120129585266,1.11612164974213,1.10726141929626,1.44526600837708,1.2880687713623,8.36E-01,8.08E-01,8.30E-01,7.43E-01,7.52E-01,-1.31021444071976,1.92E+01,0,7291,5.77E+02,2.55E+02,5.82E+02,2.83E+02,4.93E+02,3.46E+02,5.39E+02,3.91E+02,5.16E+02,3.31E+02,5.44E+02,3.39E+02,9.20E+00,3.49E+01,1.53E+02
0.486123561859131,0.261119604110718,1.14538073539734,0.970999181270599,1.41209495067596,1.02819240093231,7.81E-01,7.98E-01,8.02E-01,5.84E-01,6.49E-01,0.711438634916608,4.36E+00,0,7293,5.94E+02,3.05E+02,5.93E+02,3.43E+02,4.91E+02,3.80E+02,5.30E+02,4.34E+02,5.18E+02,3.71E+02,5.46E+02,3.88E+02,9.00E+00,2.67E+01,1.59E+02
0.48526456952095,0.259124040603638,1.19248151779175,1.09686350822449,1.46868062019348,1.2060694694519,7.95E-01,7.50E-01,8.30E-01,6.96E-01,6.68E-01,2.64614739034166,2.83E+00,0,7296,5.92E+02,3.28E+02,5.84E+02,3.67E+02,4.81E+02,3.91E+02,5.10E+02,4.47E+02,5.08E+02,3.86E+02,5.31E+02,4.09E+02,1.23E+00,1.14E+01,1.60E+02
0.498662859201431,0.248971000313759,1.16509020328522,0,1.44356548786163,0.973375082015991,7.90E-01,7.69E-01,8.12E-01,7.30E-01,6.93E-01,1.36547996575051,4.75E+00,0,7299,6.02E+02,3.15E+02,6.00E+02,3.44E+02,4.92E+02,3.70E+02,0.00E+00,0.00E+00,5.20E+02,3.64E+02,5.49E+02,3.89E+02,1.32E+00,5.92E+00,1.65E+02
0.499504238367081,0.264580845832825,1.15010333061218,1.12741267681122,1.41744410991669,1.19129574298859,7.86E-01,7.44E-01,8.19E-01,6.80E-01,6.91E-01,6.89987425463713,3.08E+00,0,7302,5.48E+02,3.05E+02,5.83E+02,3.40E+02,4.75E+02,3.68E+02,5.09E+02,4.25E+02,5.02E+02,3.62E+02,5.25E+02,3.78E+02,2.36E+00,2.48E+00,1.75E+02
0.507314205169678,0.251021713018417,1.10199654102325,1.22823882102966,1.30873286724091,1.00678491592407,8.13E-01,7.91E-01,8.31E-01,6.63E-01,6.90E-01,3.0771317241179,1.24E+00,0,7305,4.11E+02,2.86E+02,4.07E+02,3.13E+02,2.95E+02,3.40E+02,3.22E+02,3.99E+02,3.26E+02,3.34E+02,3.60E+02,3.45E+02,9.50E+00,3.35E+00,2.02E+02
0.497423589229584,0.271421849727631,1.11995685100555,1.13699853420258,1.28998577594757,1.18007755279541,7.91E-01,7.99E-01,8.25E-01,6.61E-01,6.91E-01,1.19339143642918,2.52E+00,0,7307,4.23E+02,2.87E+02,4.10E+02,3.08E+02,3.02E+02,3.34E+02,3.23E+02,3.91E+02,3.30E+02,3.30E+02,3.52E+02,3.45E+02,3.95E+00,8.35E+00,2.17E+02
0.496145397424698,0.247882857918739,1.13169062137604,1.11781990528107,1.25525760650635,1.17795145511627,7.88E-01,7.47E-01,8.05E-01,6.10E-01,6.92E-01,-0.565243083475553,2.04E+00,0,7310,4.58E+02,3.04E+02,4.54E+02,3.27E+02,3.43E+02,3.55E+02,3.67E+02,4.07E+02,3.72E+02,3.48E+02,3.90E+02,3.63E+02,2.40E+00,8.68E+00,2.22E+02
0.490141689777374,0.261437386274338,1.14075171947479,1.09455263614655,1.26758527755737,1.16941237449646,7.80E-01,7.69E-01,7.95E-01,6.75E-01,6.95E-01,0.1819883102928,3.25E-01,0,7313,4.70E+02,2.90E+02,4.55E+02,3.21E+02,3.45E+02,3.49E+02,3.67E+02,4.03E+02,3.76E+02,3.43E+02,3.93E+02,3.58E+02,1.98E+00,4.20E+00,2.18E+02
0.503198325634003,0.249164327979088,1.12926280498505,1.12839412689209,1.24460625648499,1.04436922073364,7.80E-01,7.35E-01,8.19E-01,6.51E-01,6.93E-01,-0.023713717381354,4.15E+00,0,7316,4.86E+02,2.72E+02,4.77E+02,2.96E+02,3.66E+02,3.23E+02,3.94E+02,3.81E+02,3.96E+02,3.17E+02,4.18E+02,3.29E+02,1.62E+00,2.33E+00,1.86E+02
0.489723533391953,0.263417720794678,1.11418747901917,1.13183212280273,1.2671811580658,1.10954451560974,7.75E-01,7.61E-01,8.08E-01,6.76E-01,7.03E-01,-0.535354253722258,4.52E+00,0,7319,4.95E+02,2.62E+02,4.79E+02,2.90E+02,3.69E+02,3.18E+02,3.92E+02,3.72E+02,4.00E+02,3.10E+02,4.19E+02,3.26E+02,1.65E+00,2.67E+00,1.48E+02
0.501318156719208,0.25286865234375,1.14759421348572,0.938488602638245,1.22600209712982,0.933277726173401,8.18E-01,7.22E-01,8.09E-01,6.94E-01,7.00E-01,0.407145741753187,1.00E+00,0,7321,5.10E+02,2.46E+02,5.02E+02,2.68E+02,3.92E+02,2.94E+02,4.20E+02,3.44E+02,4.21E+02,2.88E+02,4.46E+02,2.96E+02,2.84E-01,8.24E-01,1.25E+02
0.491288632154465,0.259977847337723,1.15164172649384,1.12963533401489,1.22409880161285,1.1259970664978,7.73E-01,7.58E-01,7.90E-01,6.72E-01,7.03E-01,-0.195840807154024,3.65E+00,0,7324,5.19E+02,2.35E+02,5.02E+02,2.63E+02,3.94E+02,2.89E+02,4.13E+02,3.42E+02,4.22E+02,2.83E+02,4.40E+02,2.98E+02,2.15E+00,3.95E-01,9.06E+01
0.513160049915314,0.252555429935455,1.12388169765472,0,1.17717134952545,1.02199840545654,8.54E-01,7.46E-01,8.04E-01,6.71E-01,6.95E-01,-0.103923521519208,8.09E+00,0,7327,5.31E+02,2.23E+02,5.20E+02,2.46E+02,4.09E+02,2.70E+02,0.00E+00,0.00E+00,4.38E+02,2.65E+02,4.62E+02,2.72E+02,4.30E+00,4.20E+00,7.03E+01
0.484835803508759,0.256696164608002,1.15118670463562,1.11142516136169,1.1982342004776,1.12692761421204,7.72E-01,7.23E-01,7.79E-01,6.79E-01,7.21E-01,-4.59028250190451,6.88E+00,0,7330,5.36E+02,2.18E+02,5.20E+02,2.44E+02,4.10E+02,2.69E+02,4.30E+02,3.22E+02,4.39E+02,2.62E+02,4.56E+02,2.78E+02,1.79E+00,6.09E+00,5.34E+01
0.48946875333786,0.259813040494919,1.15860080718994,1.11284708976746,1.17529308795929,1.11166155338287,8.28E-01,7.50E-01,8.15E-01,6.86E-01,7.46E-01,1.54140303964852,2.37E+00,0,7333,5.42E+02,2.13E+02,5.30E+02,2.35E+02,4.18E+02,2.59E+02,4.40E+02,3.10E+02,4.48E+02,2.53E+02,4.65E+02,2.67E+02,6.52E+00,2.43E+00,4.64E+01
0.491979449987412,0.259213984012604,1.14753425121307,1.11414110660553,1.14986455440521,1.06687700748444,8.21E-01,7.48E-01,7.91E-01,6.78E-01,7.32E-01,1.988153982488,4.18E+00,0,7335,5.56E+02,1.95E+02,5.39E+02,2.23E+02,4.27E+02,2.46E+02,4.47E+02,3.00E+02,4.57E+02,2.41E+02,4.73E+02,2.56E+02,1.94E+00,3.13E+00,4.11E+01
0.491839051246643,0.255778759717941,1.16890120506287,1.0953152179718,1.14342188835144,1.11621367931366,8.07E-01,7.69E-01,8.17E-01,6.99E-01,7.51E-01,-0.365204479708279,7.08E-01,0,7338,5.61E+02,1.91E+02,5.48E+02,2.13E+02,4.36E+02,2.35E+02,4.56E+02,2.87E+02,4.65E+02,2.31E+02,4.83E+02,2.45E+02,1.06E+00,6.29E+00,3.55E+01
0.485966145992279,0.255017429590225,1.14181995391846,1.12090110778809,1.12042272090912,1.05377590656281,8.37E-01,7.49E-01,8.01E-01,6.85E-01,7.34E-01,1.01436192795329,1.93E+00,0,7341,5.69E+02,1.82E+02,5.52E+02,2.07E+02,4.41E+02,2.29E+02,4.61E+02,2.82E+02,4.71E+02,2.25E+02,4.88E+02,2.38E+02,8.33E-01,3.89E+00,3.12E+01
0.489643037319183,0.25241020321846,1.1785740852356,1.10424292087555,1.12411653995514,1.08307862281799,8.03E-01,7.69E-01,8.11E-01,6.84E-01,7.55E-01,-1.10268002031555,3.78E-01,0,7344,5.72E+02,1.79E+02,5.58E+02,2.02E+02,4.47E+02,2.24E+02,4.66E+02,2.75E+02,4.76E+02,2.19E+02,4.93E+02,2.33E+02,6.68E-01,3.80E-01,2.42E+01
0.517242729663849,0.28883171081543,1.12628591060638,1.11638522148132,1.09493410587311,1.06460297107697,7.64E-01,7.69E-01,8.22E-01,7.29E-01,7.02E-01,3.49970740985824,4.75E+00,0,7347,4.67E+02,1.72E+02,5.12E+02,1.97E+02,3.90E+02,2.18E+02,4.43E+02,2.74E+02,4.19E+02,2.13E+02,4.61E+02,2.32E+02,4.20E+00,3.67E+00,2.05E+01
0.489624530076981,0.253834038972855,1.13965749740601,1.07510912418365,1.10856771469116,1.0841588973999,7.96E-01,7.63E-01,8.04E-01,6.94E-01,7.47E-01,-4.02570456584402,4.87E+00,0,7349,4.69E+02,1.71E+02,4.54E+02,1.94E+02,3.42E+02,2.15E+02,3.62E+02,2.67E+02,3.72E+02,2.10E+02,3.88E+02,2.24E+02,6.71E+00,5.97E+00,2.11E+01
0.468806445598602,0.247768923640251,1.14149248600006,1.11368417739868,1.09923946857452,1.06272113323212,8.25E-01,7.27E-01,7.76E-01,6.62E-01,7.33E-01,0.536051674308125,1.56E+01,0,7352,4.72E+02,2.89E+02,4.55E+02,3.13E+02,3.42E+02,3.35E+02,3.62E+02,3.87E+02,3.73E+02,3.30E+02,3.89E+02,3.45E+02,1.11E+01,9.95E-01,2.12E+01
0.466426640748978,0.244772613048553,1.11066055297852,1.08464217185974,1.07221114635468,1.0861976146698,8.00E-01,7.40E-01,7.88E-01,6.66E-01,7.36E-01,-0.748168764617342,2.26E+00,0,7355,4.74E+02,2.88E+02,4.59E+02,3.10E+02,3.47E+02,3.30E+02,3.66E+02,3.82E+02,3.77E+02,3.26E+02,3.92E+02,3.40E+02,6.59E+00,9.31E+00,2.36E+01
0.469697386026382,0.247972950339317,1.13017296791077,1.09187924861908,1.06581497192383,1.06261467933655,8.16E-01,7.25E-01,7.87E-01,6.72E-01,7.30E-01,0.016529923420298,5.90E+00,0,7358,4.77E+02,2.82E+02,4.59E+02,3.06E+02,3.48E+02,3.27E+02,3.67E+02,3.80E+02,3.78E+02,3.22E+02,3.95E+02,3.38E+02,2.59E+00,1.00E+01,2.47E+01
0.469323754310608,0.244061887264252,1.13181293010712,1.07051539421082,1.06623148918152,1.09792327880859,7.88E-01,7.43E-01,7.90E-01,6.60E-01,7.41E-01,0.545298386217466,1.13E+00,0,7361,4.79E+02,2.82E+02,4.63E+02,3.03E+02,3.51E+02,3.24E+02,3.71E+02,3.77E+02,3.81E+02,3.20E+02,3.97E+02,3.34E+02,8.33E+00,4.98E+00,2.07E+01
0.470554322004318,0.242136642336845,1.16642510890961,1.09626019001007,1.0611617565155,1.07634806632996,8.26E-01,7.17E-01,7.87E-01,6.81E-01,7.25E-01,0.334972362931711,5.15E-01,0,7363,4.83E+02,2.77E+02,4.65E+02,3.00E+02,3.55E+02,3.21E+02,3.73E+02,3.73E+02,3.84E+02,3.16E+02,4.00E+02,3.31E+02,2.94E-01,1.10E+01,1.57E+01
0.470067620277405,0.242196157574654,1.1262321472168,1.08877575397491,1.06097769737244,1.0934020280838,7.93E-01,7.36E-01,7.97E-01,6.65E-01,7.37E-01,0.273049652620993,2.05E+00,0,7366,4.85E+02,2.76E+02,4.68E+02,2.98E+02,3.54E+02,3.19E+02,3.76E+02,3.70E+02,3.86E+02,3.14E+02,4.02E+02,3.27E+02,6.40E-01,1.15E+01,8.49E+00
0.469669133424759,0.245458468794823,1.13399004936218,1.10895717144012,1.04876434803009,1.07421970367432,8.20E-01,7.22E-01,7.93E-01,6.64E-01,7.33E-01,-0.096953582073975,1.74E+00,0,7369,4.88E+02,2.69E+02,4.70E+02,2.93E+02,3.58E+02,3.13E+02,3.77E+02,3.66E+02,3.88E+02,3.09E+02,4.05E+02,3.23E+02,2.99E-01,5.57E+00,1.35E+00
0.466407090425491,0.243159279227257,1.14124059677124,1.08872902393341,1.05054366588593,1.08821547031403,8.02E-01,7.46E-01,7.92E-01,6.58E-01,7.27E-01,0.092383059929906,1.01E+00,0,7372,4.91E+02,2.68E+02,4.75E+02,2.88E+02,3.63E+02,3.08E+02,3.82E+02,3.60E+02,3.93E+02,3.03E+02,4.09E+02,3.17E+02,5.38E-01,3.48E-01,9.26E+00
0.466146171092987,0.243363931775093,1.14161109924316,1.09786343574524,1.02536237239838,1.06018209457397,8.20E-01,7.11E-01,7.79E-01,6.60E-01,7.33E-01,-0.356350752395659,1.90E+00,0,7375,4.95E+02,2.63E+02,4.76E+02,2.86E+02,3.64E+02,3.06E+02,3.82E+02,3.59E+02,3.95E+02,3.01E+02,4.11E+02,3.16E+02,8.51E-01,5.62E-01,1.71E+01
0.490004688501358,0.270933389663696,1.10820984840393,1.0821670293808,1.07422244548798,1.06501626968384,8.38E-01,7.51E-01,7.95E-01,7.19E-01,7.23E-01,0.932966817933059,2.15E+00,0,7377,4.96E+02,2.60E+02,4.80E+02,3.16E+02,3.66E+02,3.26E+02,3.86E+02,4.02E+02,3.98E+02,3.23E+02,4.14E+02,3.57E+02,1.55E+00,1.60E+00,2.23E+01
0.463010370731354,0.24517959356308,1.1177750825882,1.1108021736145,1.05218052864075,1.04544079303741,8.10E-01,7.03E-01,7.83E-01,6.42E-01,7.24E-01,-0.451835079294353,5.12E-02,0,7380,4.99E+02,3.08E+02,4.80E+02,3.32E+02,3.66E+02,3.51E+02,3.88E+02,4.02E+02,3.98E+02,3.46E+02,4.15E+02,3.61E+02,2.03E+00,6.96E-01,2.87E+01
0.46959388256073,0.244544208049774,1.12711226940155,1.07142853736877,1.02799141407013,1.12034726142883,7.88E-01,7.31E-01,8.07E-01,6.64E-01,7.26E-01,-1.59770946739088,6.33E-01,0,7383,5.03E+02,3.05E+02,4.86E+02,3.26E+02,3.72E+02,3.45E+02,3.93E+02,3.96E+02,4.05E+02,3.41E+02,4.20E+02,3.54E+02,5.50E-01,2.16E+00,3.64E+01
0.465478271245956,0.245283842086792,1.13952326774597,1.08706247806549,1.01441740989685,1.0635461807251,8.23E-01,7.14E-01,7.74E-01,6.55E-01,7.25E-01,0.0557919573698,6.23E-01,0,7386,5.07E+02,3.00E+02,4.88E+02,3.24E+02,3.76E+02,3.42E+02,3.96E+02,3.94E+02,4.07E+02,3.37E+02,4.23E+02,3.52E+02,4.71E-01,3.67E+00,3.69E+01
0.46239647269249,0.240692377090454,1.13103306293488,1.08468675613403,0.998643457889557,1.07557880878448,7.85E-01,7.30E-01,8.01E-01,6.61E-01,7.23E-01,0.066606184864,2.31E+00,0,7389,5.10E+02,2.99E+02,4.92E+02,3.21E+02,3.78E+02,3.39E+02,4.00E+02,3.91E+02,4.11E+02,3.35E+02,4.26E+02,3.49E+02,1.13E+00,2.52E+00,3.26E+01
0.465075671672821,0.23933133482933,1.12882089614868,1.09184765815735,0.999746084213257,1.03304052352905,8.29E-01,7.16E-01,7.78E-01,6.48E-01,7.19E-01,-0.175050224391321,7.99E-01,0,7391,5.12E+02,2.94E+02,4.93E+02,3.18E+02,3.81E+02,3.35E+02,4.00E+02,3.88E+02,4.11E+02,3.32E+02,4.29E+02,3.46E+02,7.12E-01,8.48E-01,2.50E+01
0.466801345348358,0.23658786714077,1.1335197687149,1.07457482814789,1.00645458698273,1.09335768222809,8.07E-01,7.26E-01,7.84E-01,6.60E-01,7.32E-01,0.841835237002879,1.28E+00,1,7394,5.13E+02,2.94E+02,4.95E+02,3.16E+02,3.82E+02,3.34E+02,4.02E+02,3.85E+02,4.13E+02,3.30E+02,4.28E+02,3.44E+02,1.39E+00,2.07E-01,1.39E+01
0.473283559083939,0.238510385155678,1.16230607032776,1.09535396099091,0.995596706867218,1.04793334007263,8.15E-01,7.06E-01,7.76E-01,6.43E-01,7.26E-01,0.336123494699273,1.96E+00,1,7397,5.16E+02,2.91E+02,4.95E+02,3.14E+02,3.84E+02,3.30E+02,4.02E+02,3.83E+02,4.14E+02,3.27E+02,4.31E+02,3.42E+02,1.61E+00,9.61E-01,5.04E+00
0.474585950374603,0.235913768410683,1.15408706665039,1.06884467601776,1.00044989585876,1.13526856899261,7.95E-01,7.22E-01,7.96E-01,6.49E-01,7.37E-01,0.212752766858531,5.76E-01,1,7400,5.17E+02,2.89E+02,5.00E+02,3.11E+02,3.88E+02,3.27E+02,4.03E+02,3.79E+02,4.19E+02,3.24E+02,4.33E+02,3.38E+02,1.08E+00,1.13E+00,8.23E+00
0.474348247051239,0.239324614405632,1.11087834835053,1.07401728630066,0.975866198539734,1.18364441394806,8.15E-01,6.89E-01,7.84E-01,6.66E-01,7.33E-01,0.23945636094028,7.30E-01,1,7403,5.24E+02,2.83E+02,5.03E+02,3.06E+02,3.90E+02,3.21E+02,4.06E+02,3.76E+02,4.22E+02,3.19E+02,4.37E+02,3.34E+02,6.18E-01,2.17E+00,1.20E+01
0.471857160329819,0.23848158121109,1.14522981643677,1.08640086650848,1.00196743011475,1.28847134113312,7.91E-01,7.28E-01,7.99E-01,6.89E-01,7.48E-01,-0.111218485185967,1.15E+00,1,7405,5.33E+02,2.76E+02,5.17E+02,2.96E+02,4.05E+02,3.09E+02,4.19E+02,3.61E+02,4.33E+02,3.08E+02,4.48E+02,3.21E+02,1.56E+00,2.47E+00,1.36E+01
0.465191841125488,0.239374488592148,1.15843689441681,1.09487450122833,0.976564049720764,1.33195281028748,8.10E-01,6.94E-01,7.88E-01,6.83E-01,7.38E-01,0.068296468592717,2.56E+00,1,7408,5.44E+02,2.67E+02,5.23E+02,2.91E+02,4.10E+02,3.03E+02,4.23E+02,3.58E+02,4.42E+02,3.01E+02,4.55E+02,3.16E+02,1.26E+00,2.29E+00,1.17E+01
0.471097350120544,0.234732761979103,1.17269778251648,1.0746476650238,0.989057600498199,1.41961550712585,7.65E-01,7.32E-01,8.17E-01,6.80E-01,7.36E-01,-0.263058584594824,1.75E+00,1,7411,5.46E+02,2.67E+02,5.28E+02,2.89E+02,4.15E+02,3.00E+02,4.28E+02,3.54E+02,4.44E+02,2.98E+02,4.59E+02,3.13E+02,1.04E-01,2.01E+00,8.31E+00
0.464895308017731,0.236755102872848,1.16619145870209,1.06266152858734,0.97666209936142,1.49350523948669,8.21E-01,6.91E-01,7.87E-01,6.81E-01,7.45E-01,0.212383299372058,1.07E-01,1,7414,5.47E+02,2.64E+02,5.27E+02,2.87E+02,4.14E+02,2.99E+02,4.27E+02,3.52E+02,4.44E+02,2.97E+02,4.57E+02,3.12E+02,7.95E-01,3.74E-01,7.21E+00
0.460847288370132,0.234165072441101,1.16162323951721,1.06188070774078,0.981876909732819,1.55865025520325,8.04E-01,7.11E-01,8.07E-01,6.71E-01,7.47E-01,-0.392866820253999,1.06E+00,1,7417,5.48E+02,2.64E+02,5.30E+02,2.86E+02,4.16E+02,2.97E+02,4.27E+02,3.52E+02,4.47E+02,2.96E+02,4.59E+02,3.10E+02,1.36E+00,4.32E-01,8.80E+00
0.460818260908127,0.236206829547882,1.18623268604279,1.07376825809479,0.977027535438538,1.61152637004852,8.15E-01,6.77E-01,7.87E-01,6.84E-01,7.45E-01,4.14052002439744,2.68E+00,1,7419,5.51E+02,2.61E+02,5.31E+02,2.84E+02,4.17E+02,2.96E+02,4.28E+02,3.50E+02,4.47E+02,2.93E+02,4.60E+02,3.09E+02,1.21E+00,8.45E-01,1.13E+01
0.464543789625168,0.233263716101646,1.20249509811401,1.06998765468597,0.975871324539185,1.63345944881439,7.88E-01,7.14E-01,7.94E-01,6.73E-01,7.60E-01,0.434885756808031,1.35E+00,1,7422,5.53E+02,2.60E+02,5.36E+02,2.83E+02,4.20E+02,2.94E+02,4.31E+02,3.47E+02,4.50E+02,2.92E+02,4.63E+02,3.06E+02,5.88E-01,9.96E-01,1.36E+01
0.466461569070816,0.232944846153259,1.16772043704987,1.07558703422546,0.978796541690826,1.7217812538147,7.95E-01,6.77E-01,7.79E-01,6.72E-01,7.65E-01,0.094166439580571,1.33E+00,1,7425,5.55E+02,2.61E+02,5.35E+02,2.81E+02,4.21E+02,2.92E+02,4.30E+02,3.47E+02,4.51E+02,2.91E+02,4.62E+02,3.08E+02,1.51E+00,8.57E-01,1.45E+01
0.454868197441101,0.234328836202621,1.15360379219055,1.07731747627258,0.967476367950439,1.70354318618774,7.53E-01,7.35E-01,8.11E-01,6.98E-01,7.42E-01,-0.175804368411637,3.78E-01,1,7428,5.53E+02,2.72E+02,5.36E+02,2.94E+02,4.23E+02,3.00E+02,4.37E+02,3.57E+02,4.54E+02,3.01E+02,4.66E+02,3.17E+02,2.28E-01,8.16E-01,1.31E+01
0.461878091096878,0.231679230928421,1.16670310497284,1.0890052318573,0.980794370174408,1.72213816642761,8.01E-01,6.84E-01,7.75E-01,6.85E-01,7.56E-01,-0.408357049129987,4.05E+00,1,7431,5.53E+02,2.69E+02,5.34E+02,2.91E+02,4.20E+02,3.02E+02,4.29E+02,3.57E+02,4.49E+02,3.01E+02,4.61E+02,3.16E+02,4.20E-01,8.62E-01,1.21E+01
0.456067025661469,0.232236266136169,1.17020881175995,1.07947015762329,0.973761856555939,1.71487987041473,7.75E-01,7.22E-01,7.96E-01,6.94E-01,7.76E-01,-0.517695725985183,1.18E+00,1,7433,5.54E+02,2.71E+02,5.37E+02,2.93E+02,4.20E+02,3.03E+02,4.31E+02,3.59E+02,4.52E+02,3.03E+02,4.63E+02,3.18E+02,7.79E-01,1.33E+00,9.83E+00
0.450166761875153,0.232296645641327,1.16596472263336,1.07449209690094,0.963096022605896,1.80679142475128,7.99E-01,6.67E-01,7.96E-01,6.60E-01,7.72E-01,-0.069120997272503,5.62E-01,1,7436,5.50E+02,2.81E+02,5.35E+02,2.94E+02,4.20E+02,3.05E+02,4.30E+02,3.58E+02,4.50E+02,3.05E+02,4.63E+02,3.18E+02,3.49E-01,1.43E+00,7.60E+00
0.460636168718338,0.237006068229675,1.16961324214935,1.07559907436371,0.994845390319824,1.78035569190979,7.85E-01,7.09E-01,7.92E-01,6.77E-01,7.50E-01,-0.521280850539281,1.10E+00,1,7439,5.43E+02,2.86E+02,5.17E+02,3.19E+02,4.01E+02,3.31E+02,4.12E+02,3.89E+02,4.33E+02,3.30E+02,4.45E+02,3.47E+02,2.92E-01,1.47E+00,5.46E+00
0.446609199047089,0.23456896841526,1.17528223991394,1.0828560590744,0.982528984546661,1.82526695728302,7.51E-01,6.79E-01,7.51E-01,6.26E-01,7.40E-01,-1.24389642968295,1.58E+00,1,7442,5.13E+02,3.48E+02,5.12E+02,3.43E+02,3.95E+02,3.53E+02,4.12E+02,4.01E+02,4.28E+02,3.52E+02,4.43E+02,3.64E+02,7.04E-01,1.29E+00,3.45E+00
0.448607414960861,0.242870062589645,1.1661342382431,1.06454205513,0.997870326042175,1.79162287712097,7.93E-01,7.43E-01,8.25E-01,6.93E-01,7.43E-01,0.950745590155703,1.41E+00,1,7445,4.87E+02,3.77E+02,4.73E+02,4.06E+02,3.75E+02,4.01E+02,3.89E+02,4.68E+02,4.02E+02,4.05E+02,4.18E+02,4.33E+02,1.92E-01,8.81E-01,4.07E+00
0.449745923280716,0.234264671802521,1.13611006736755,1.09004402160645,0.98503714799881,1.70268404483795,8.15E-01,7.30E-01,8.17E-01,7.51E-01,7.89E-01,0.412139476071575,8.19E-01,1,7447,4.91E+02,3.45E+02,4.83E+02,3.71E+02,3.71E+02,3.75E+02,3.90E+02,4.36E+02,4.00E+02,3.76E+02,4.17E+02,3.95E+02,8.13E-01,8.22E-01,5.27E+00
0.448975682258606,0.235714510083199,1.13957059383392,1.0700364112854,1.01183235645294,1.77417540550232,8.12E-01,7.48E-01,8.17E-01,7.33E-01,7.86E-01,-0.977020337028408,9.81E-01,1,7450,4.92E+02,3.51E+02,4.79E+02,3.78E+02,3.66E+02,3.82E+02,3.76E+02,4.41E+02,3.94E+02,3.84E+02,4.07E+02,4.02E+02,1.29E+00,9.46E-01,8.31E+00
0.445254892110825,0.235812723636627,1.17625033855438,1.11093175411224,1.03262543678284,1.75181579589844,8.15E-01,7.23E-01,8.13E-01,7.42E-01,7.97E-01,0.542404564999941,2.16E-01,1,7453,5.00E+02,3.72E+02,4.77E+02,3.97E+02,3.62E+02,3.95E+02,3.69E+02,4.53E+02,3.91E+02,3.97E+02,4.03E+02,4.15E+02,5.47E-01,1.67E+00,1.09E+01
0.446133583784103,0.23771658539772,1.14837312698364,1.0988267660141,1.06291699409485,1.67731618881226,8.15E-01,7.41E-01,8.22E-01,7.62E-01,8.19E-01,-0.098031901177317,1.30E+00,1,7456,5.06E+02,3.72E+02,4.92E+02,3.95E+02,3.76E+02,3.90E+02,3.81E+02,4.47E+02,4.05E+02,3.94E+02,4.16E+02,4.09E+02,3.19E-01,1.45E+00,1.28E+01
0.439291507005692,0.23371197283268,1.1528924703598,1.09546303749084,1.07110095024109,1.67459535598755,8.06E-01,7.24E-01,7.91E-01,7.41E-01,8.10E-01,0.830346485546727,8.53E-01,1,7459,5.22E+02,3.55E+02,5.03E+02,3.84E+02,3.85E+02,3.81E+02,3.89E+02,4.39E+02,4.18E+02,3.84E+02,4.27E+02,4.02E+02,1.05E+00,3.69E-01,1.46E+01
0.440047740936279,0.236019864678383,1.15190041065216,1.08656597137451,1.01696717739105,1.59527385234833,8.02E-01,7.43E-01,8.01E-01,7.26E-01,7.99E-01,-0.151634984859281,1.29E+00,1,7461,5.27E+02,3.51E+02,5.13E+02,3.77E+02,3.96E+02,3.73E+02,3.99E+02,4.31E+02,4.26E+02,3.76E+02,4.36E+02,3.93E+02,1.00E+00,8.55E-01,1.46E+01
0.439381331205368,0.232850715517998,1.17638576030731,1.08986639976501,1.03337919712067,1.57313942909241,7.84E-01,7.12E-01,8.00E-01,7.15E-01,7.99E-01,-0.152482575687828,5.28E-01,1,7464,5.34E+02,3.44E+02,5.18E+02,3.72E+02,4.02E+02,3.68E+02,4.03E+02,4.28E+02,4.31E+02,3.72E+02,4.42E+02,3.90E+02,2.87E-01,1.07E+00,1.48E+01
0.443757146596909,0.234191343188286,1.17432606220245,1.08940637111664,1.02727901935577,1.53191137313843,7.84E-01,7.34E-01,7.91E-01,7.20E-01,7.78E-01,0.091982971606268,2.24E+01,1,7467,5.34E+02,3.48E+02,5.19E+02,3.80E+02,4.02E+02,3.72E+02,4.06E+02,4.33E+02,4.33E+02,3.77E+02,4.43E+02,3.95E+02,9.12E+00,6.02E+00,1.52E+01
0.435779452323914,0.231821641325951,1.18353652954102,1.09922957420349,1.00841963291168,1.49257934093475,7.88E-01,7.07E-01,7.90E-01,7.14E-01,7.84E-01,1.50983683340628,7.57E+00,1,7470,5.23E+02,3.73E+02,5.08E+02,3.98E+02,3.90E+02,3.87E+02,3.94E+02,4.48E+02,4.22E+02,3.92E+02,4.33E+02,4.11E+02,8.76E+00,1.17E+01,1.59E+01
0.452408671379089,0.237692892551422,1.1508857011795,1.07998561859131,1.01452684402466,1.45976531505585,7.85E-01,7.20E-01,7.87E-01,7.07E-01,7.73E-01,1.36159144576214,5.46E+00,1,7473,4.92E+02,4.08E+02,4.75E+02,4.37E+02,3.59E+02,4.14E+02,3.57E+02,4.78E+02,3.92E+02,4.24E+02,3.97E+02,4.44E+02,3.84E+00,1.28E+01,1.97E+01
0.450063198804855,0.237690359354019,1.18139171600342,1.07371938228607,1.01241886615753,1.41858625411987,7.77E-01,6.91E-01,7.71E-01,6.97E-01,7.95E-01,-6.08972156006302,7.53E+00,0,7475,4.43E+02,4.34E+02,4.33E+02,4.61E+02,3.23E+02,4.26E+02,3.23E+02,4.88E+02,3.53E+02,4.38E+02,3.63E+02,4.62E+02,2.74E+00,8.95E+00,2.47E+01
0.473729074001312,0.243621870875359,1.19584894180298,1.06220901012421,1.00892496109009,1.38627970218658,8.02E-01,7.24E-01,7.95E-01,7.21E-01,7.18E-01,-3.43294533721663,8.57E+00,0,7478,3.72E+02,4.37E+02,3.08E+02,4.62E+02,2.08E+02,4.13E+02,1.85E+02,4.76E+02,2.33E+02,4.27E+02,2.29E+02,4.53E+02,5.87E+00,6.45E+00,3.81E+01
0.460663676261902,0.248887345194817,1.23149335384369,1.05359327793121,0.987429082393646,1.32880449295044,8.10E-01,6.97E-01,7.66E-01,6.74E-01,7.50E-01,1.50412244967636,1.14E+01,0,7481,2.12E+02,4.26E+02,2.14E+02,4.58E+02,1.13E+02,4.12E+02,1.07E+02,4.75E+02,1.38E+02,4.25E+02,1.47E+02,4.52E+02,3.49E+00,7.23E+00,5.67E+01
0.487639516592026,0.264273434877396,1.21375048160553,1.03764533996582,0.99285227060318,1.27431261539459,8.16E-01,7.30E-01,8.10E-01,6.99E-01,7.52E-01,1.96027179790237,1.51E+00,0,7484,2.03E+02,4.03E+02,1.61E+02,4.33E+02,6.40E+01,4.01E+02,5.38E+01,4.69E+02,8.68E+01,4.11E+02,8.75E+01,4.36E+02,3.08E+00,4.34E+00,7.44E+01
0,0,0,0,0,0,0.00E+00,0.00E+00,0.00E+00,0.00E+00,0.00E+00,-13.3577580483759,4.90E+00,0,7487,0.00E+00,0.00E+00,0.00E+00,0.00E+00,0.00E+00,0.00E+00,0.00E+00,0.00E+00,0.00E+00,0.00E+00,0.00E+00,0.00E+00,9.94E+00,3.85E+00,8.74E+01
0.452416777610779,0.257199168205261,0,0,0,0,7.65E-01,6.25E-01,7.84E-01,7.21E-01,6.93E-01,1.34795088586548,3.99E+01,0,7489,3.28E+02,7.38E+02,3.69E+02,7.79E+02,0.00E+00,0.00E+00,0.00E+00,0.00E+00,0.00E+00,0.00E+00,0.00E+00,0.00E+00,1.37E+01,5.31E+00,9.39E+01
0.429550558328629,0.252130061388016,1.39152646064758,1.06417989730835,0.99779736995697,1.25514757633209,7.63E-01,6.52E-01,7.53E-01,6.54E-01,7.20E-01,-10.3788332316357,2.04E+00,0,7492,3.57E+02,5.31E+02,3.58E+02,5.48E+02,2.70E+02,5.86E+02,3.19E+02,6.40E+02,2.95E+02,5.78E+02,3.16E+02,5.94E+02,1.26E+01,3.37E+00,9.55E+01
0.434762418270111,0.249147221446037,1.36458122730255,1.05267322063446,0.989697873592377,1.23372292518616,7.90E-01,6.77E-01,7.64E-01,6.75E-01,7.40E-01,4.42431682565699,8.68E+00,0,7495,3.62E+02,5.31E+02,3.75E+02,5.58E+02,2.84E+02,5.94E+02,3.34E+02,6.51E+02,3.10E+02,5.88E+02,3.33E+02,6.06E+02,1.25E+01,9.78E+00,8.54E+01
0.425447136163712,0.240847766399384,1.34251070022583,1.05035972595215,0.973596453666687,1.22544121742249,7.68E-01,6.82E-01,7.69E-01,6.94E-01,7.30E-01,3.26089180671748,3.29E+00,0,7498,3.89E+02,5.12E+02,3.93E+02,5.47E+02,3.00E+02,5.81E+02,3.46E+02,6.39E+02,3.26E+02,5.74E+02,3.46E+02,5.92E+02,2.23E+00,1.44E+01,7.28E+01
0.43477475643158,0.24261499941349,1.39392030239105,1.07496345043182,0.987311899662018,1.20051240921021,7.93E-01,6.91E-01,7.66E-01,6.50E-01,7.41E-01,1.69927460294814,4.47E+00,0,7501,4.01E+02,5.02E+02,4.13E+02,5.27E+02,3.16E+02,5.61E+02,3.59E+02,6.16E+02,3.43E+02,5.54E+02,3.62E+02,5.69E+02,4.16E-01,6.78E+00,5.09E+01
0.430841416120529,0.239734843373299,1.39348673820496,1.06319069862366,1.00026214122772,1.2063045501709,7.68E-01,6.95E-01,7.65E-01,6.81E-01,7.43E-01,-1.56978684079558,3.27E+00,0,7503,4.14E+02,4.86E+02,4.16E+02,5.18E+02,3.21E+02,5.50E+02,3.61E+02,6.08E+02,3.48E+02,5.44E+02,3.65E+02,5.61E+02,2.27E+00,7.04E+00,4.07E+01
0.433281660079956,0.239731386303902,1.40612781047821,1.06650018692017,0.979016661643982,1.17372000217438,7.80E-01,6.93E-01,7.79E-01,6.64E-01,7.57E-01,-0.42589047007419,4.40E+00,0,7506,4.20E+02,4.83E+02,4.28E+02,5.09E+02,3.29E+02,5.41E+02,3.73E+02,5.97E+02,3.57E+02,5.34E+02,3.78E+02,5.50E+02,1.97E+00,1.01E+00,3.68E+01
0.425711512565613,0.231042340397835,1.38145482540131,1.07159733772278,0.980112791061401,1.16425669193268,7.78E-01,6.84E-01,7.67E-01,6.88E-01,7.50E-01,0.789881908400043,6.61E+00,0,7509,4.39E+02,4.68E+02,4.40E+02,4.98E+02,3.40E+02,5.30E+02,3.81E+02,5.88E+02,3.69E+02,5.23E+02,3.87E+02,5.41E+02,2.15E+00,9.84E-01,5.28E+01
0.432675093412399,0.227196246385574,1.36087739467621,1.06768012046814,0.982677698135376,1.13264429569244,7.50E-01,7.03E-01,7.64E-01,6.62E-01,7.61E-01,-0.250691885666644,2.75E+00,0,7512,4.51E+02,4.57E+02,4.59E+02,4.74E+02,3.56E+02,5.05E+02,3.95E+02,5.59E+02,3.86E+02,4.99E+02,4.05E+02,5.12E+02,2.82E+00,5.66E-01,6.65E+01
0.43951940536499,0.228607192635536,1.39965856075287,1.0691876411438,0.98265552520752,1.13384449481964,7.70E-01,6.91E-01,7.65E-01,6.73E-01,7.60E-01,-0.063597621739759,1.59E+00,0,7515,4.81E+02,4.25E+02,4.78E+02,4.52E+02,3.75E+02,4.79E+02,4.08E+02,5.37E+02,4.04E+02,4.74E+02,4.21E+02,4.90E+02,1.02E+00,3.60E+00,7.73E+01
0.446532934904099,0.230329871177673,1.3604930639267,1.10133028030396,0.981627404689789,1.12981188297272,7.68E-01,7.12E-01,7.66E-01,6.82E-01,7.54E-01,0.385612914521459,4.92E+00,0,7517,4.84E+02,4.21E+02,4.86E+02,4.42E+02,3.81E+02,4.69E+02,4.16E+02,5.25E+02,4.11E+02,4.64E+02,4.28E+02,4.80E+02,1.91E+00,4.64E+00,7.98E+01
0.445711314678192,0.232325255870819,1.38859522342682,1.05666589736938,0.992492020130158,1.11334240436554,7.74E-01,6.78E-01,7.60E-01,6.65E-01,7.67E-01,-0.33050534500945,4.95E+00,0,7520,4.97E+02,4.12E+02,4.94E+02,4.37E+02,3.88E+02,4.63E+02,4.20E+02,5.19E+02,4.18E+02,4.57E+02,4.36E+02,4.74E+02,7.32E-01,3.06E+00,7.43E+01
0.448193609714508,0.234977960586548,1.37647116184235,1.07326102256775,0.961847841739655,1.09587860107422,7.77E-01,6.95E-01,7.68E-01,6.68E-01,7.54E-01,-0.153652562197687,6.55E+00,0,7523,5.05E+02,4.09E+02,5.06E+02,4.30E+02,4.00E+02,4.56E+02,4.33E+02,5.10E+02,4.30E+02,4.51E+02,4.49E+02,4.65E+02,7.08E-01,8.88E-01,6.30E+01
0.442160993814468,0.236447900533676,1.39985704421997,1.0727766752243,0.971538305282593,1.07096695899963,7.81E-01,6.95E-01,7.72E-01,6.56E-01,7.52E-01,0.080178050797704,4.66E+00,0,7526,5.38E+02,4.01E+02,5.26E+02,4.25E+02,4.20E+02,4.51E+02,4.50E+02,5.06E+02,4.49E+02,4.46E+02,4.65E+02,4.61E+02,2.18E+00,1.05E-01,4.83E+01
0.446089327335358,0.226271167397499,1.35494387149811,1.05850851535797,0.961782217025757,1.06816458702087,7.91E-01,6.88E-01,7.72E-01,6.53E-01,7.68E-01,-0.271755596462057,1.15E+01,0,7529,5.54E+02,3.97E+02,5.54E+02,4.16E+02,4.46E+02,4.45E+02,4.76E+02,4.96E+02,4.75E+02,4.39E+02,4.96E+02,4.52E+02,3.54E-01,1.56E+00,3.52E+01
0.452172130346298,0.229124844074249,1.3236608505249,1.05090606212616,0.955560863018036,1.03835737705231,7.93E-01,6.84E-01,7.82E-01,6.64E-01,7.69E-01,0.51630265878319,5.96E+00,0,7531,5.94E+02,3.86E+02,5.82E+02,4.08E+02,4.74E+02,4.39E+02,5.03E+02,4.91E+02,5.03E+02,4.33E+02,5.21E+02,4.47E+02,2.23E+00,9.03E-01,3.09E+01
0.471327185630798,0.236840575933456,1.29407167434692,1.06098508834839,0.97518253326416,1.08936381340027,7.82E-01,7.01E-01,7.84E-01,6.78E-01,7.91E-01,0.612294166928902,6.35E+00,0,7534,6.07E+02,3.82E+02,6.08E+02,3.98E+02,5.02E+02,4.35E+02,5.37E+02,4.83E+02,5.31E+02,4.27E+02,5.52E+02,4.38E+02,3.30E+00,4.04E+00,2.84E+01
0.470919042825699,0.239650011062622,1.31233048439026,1.0849940776825,0.966275811195374,1.02126038074493,8.01E-01,6.85E-01,7.92E-01,6.86E-01,7.75E-01,-1.10281972774821,6.57E+00,0,7537,6.35E+02,3.59E+02,6.26E+02,3.85E+02,5.20E+02,4.29E+02,5.55E+02,4.76E+02,5.51E+02,4.19E+02,5.69E+02,4.31E+02,2.77E+00,3.33E+00,2.33E+01
0,0,0,0,0,0,0.00E+00,0.00E+00,0.00E+00,0.00E+00,0.00E+00,5.21985573893501,2.77E+00,0,7540,0.00E+00,0.00E+00,0.00E+00,0.00E+00,0.00E+00,0.00E+00,0.00E+00,0.00E+00,0.00E+00,0.00E+00,0.00E+00,0.00E+00,4.68E+00,5.61E+00,2.64E+01
0.472514718770981,0.232703760266304,1.32093143463135,1.08591508865356,0.967570245265961,1.05144739151001,8.02E-01,7.13E-01,7.66E-01,6.68E-01,7.85E-01,0.359931201650277,2.24E+00,0,7543,4.75E+02,3.42E+02,4.70E+02,3.67E+02,3.67E+02,4.18E+02,4.01E+02,4.64E+02,3.96E+02,4.06E+02,4.16E+02,4.16E+02,7.45E+00,2.27E+00,2.35E+01
0.471095144748688,0.23343750834465,1.30376994609833,1.07907557487488,1.00115418434143,1.03994059562683,8.13E-01,7.06E-01,7.90E-01,6.65E-01,7.74E-01,0.012642459808905,4.44E+00,0,7545,4.76E+02,3.41E+02,4.73E+02,3.62E+02,3.71E+02,4.14E+02,4.06E+02,4.59E+02,3.99E+02,4.02E+02,4.20E+02,4.10E+02,1.26E+00,7.19E+00,2.09E+01
0,0,0,0,0,0,0.00E+00,0.00E+00,0.00E+00,0.00E+00,0.00E+00,6.51870448344781,3.76E+00,0,7548,0.00E+00,0.00E+00,0.00E+00,0.00E+00,0.00E+00,0.00E+00,0.00E+00,0.00E+00,0.00E+00,0.00E+00,0.00E+00,0.00E+00,3.88E+00,9.31E+00,1.52E+01
0.453803479671478,0.238269165158272,1.32095992565155,1.09146237373352,0.989705502986908,1.01209759712219,7.99E-01,6.97E-01,7.70E-01,6.55E-01,7.74E-01,-0.24632392066999,6.71E+00,0,7551,4.80E+02,5.02E+02,4.77E+02,5.24E+02,3.76E+02,5.77E+02,4.12E+02,6.21E+02,4.03E+02,5.66E+02,4.23E+02,5.75E+02,5.76E+00,7.17E+00,8.87E+00
0.452095150947571,0.234386011958122,1.29791235923767,1.07020044326782,1.00930845737457,1.08983194828033,7.71E-01,7.07E-01,7.82E-01,6.83E-01,7.66E-01,0.269649076269385,4.99E+00,0,7554,4.85E+02,4.90E+02,4.81E+02,5.16E+02,3.79E+02,5.70E+02,4.15E+02,6.14E+02,4.08E+02,5.57E+02,4.29E+02,5.65E+02,2.08E+00,7.71E+00,1.18E+00
0.451221108436585,0.231678441166878,1.32143700122833,1.08654654026032,0.998289346694946,1.03528392314911,7.80E-01,7.06E-01,7.71E-01,6.63E-01,7.64E-01,0.239283609711134,6.73E+00,0,7557,4.86E+02,4.89E+02,4.82E+02,5.14E+02,3.80E+02,5.69E+02,4.17E+02,6.14E+02,4.10E+02,5.55E+02,4.28E+02,5.65E+02,2.75E+00,1.01E+01,9.80E+00
0.481127947568893,0.254073292016983,1.3831342458725,1.1060585975647,0.995480120182037,1.00491750240326,7.42E-01,7.34E-01,7.54E-01,6.65E-01,7.70E-01,3.14647013777859,3.51E+00,0,7559,4.06E+02,6.67E+02,4.17E+02,6.70E+02,3.16E+02,7.27E+02,3.68E+02,7.51E+02,3.45E+02,7.12E+02,3.72E+02,7.12E+02,4.94E+00,4.40E+00,1.94E+01
0,0,0,0,0,0,0.00E+00,0.00E+00,0.00E+00,0.00E+00,0.00E+00,-7.35577332840053,1.18E+01,0,7562,0.00E+00,0.00E+00,0.00E+00,0.00E+00,0.00E+00,0.00E+00,0.00E+00,0.00E+00,0.00E+00,0.00E+00,0.00E+00,0.00E+00,4.21E+00,2.81E+00,2.79E+01
0,0,0,0,0,0,0.00E+00,0.00E+00,0.00E+00,0.00E+00,0.00E+00,-1.02718917545427,3.52E+00,0,7565,0.00E+00,0.00E+00,0.00E+00,0.00E+00,0.00E+00,0.00E+00,0.00E+00,0.00E+00,0.00E+00,0.00E+00,0.00E+00,0.00E+00,8.57E+00,4.84E+00,3.84E+01
0.4561567902565,0.232082203030586,1.39796936511993,1.08361637592316,0.973811209201813,1.0195803642273,8.24E-01,7.19E-01,7.62E-01,6.82E-01,7.73E-01,-1.87477968105337,2.08E+00,0,7568,4.16E+02,4.29E+02,4.21E+02,4.53E+02,3.20E+02,5.10E+02,3.62E+02,5.51E+02,3.48E+02,4.96E+02,3.73E+02,5.01E+02,2.91E+00,9.08E+00,4.35E+01
0.471024632453918,0.234057992696762,1.35528540611267,1.10110986232758,1.03267204761505,1.0221152305603,7.94E-01,7.16E-01,7.86E-01,6.53E-01,7.37E-01,-0.709716308307536,8.94E+00,0,7571,4.21E+02,3.98E+02,4.23E+02,4.44E+02,3.23E+02,5.00E+02,3.64E+02,5.43E+02,3.51E+02,4.86E+02,3.74E+02,4.96E+02,1.75E+00,8.65E+00,4.27E+01
0.460231989622116,0.233887419104576,1.39342772960663,1.08623385429382,0.97667121887207,1.05006980895996,8.18E-01,7.12E-01,7.87E-01,6.84E-01,7.68E-01,3.66881175486446,3.37E+00,0,7573,4.25E+02,3.83E+02,4.29E+02,4.05E+02,3.29E+02,4.60E+02,3.69E+02,5.03E+02,3.56E+02,4.48E+02,3.82E+02,4.57E+02,4.13E+00,7.16E+00,3.64E+01
0.464082896709442,0.237411364912987,1.34955585002899,1.06310927867889,0.995492458343506,1.03427565097809,8.07E-01,7.15E-01,7.73E-01,6.98E-01,7.64E-01,0.65561327738742,1.58E+00,0,7576,4.29E+02,3.65E+02,4.32E+02,3.94E+02,3.31E+02,4.50E+02,3.72E+02,4.93E+02,3.59E+02,4.37E+02,3.83E+02,4.46E+02,1.17E+00,9.99E-01,3.26E+01
0.467812150716782,0.232186898589134,1.35672008991241,1.06072437763214,0.990848124027252,1.0313777923584,8.09E-01,7.15E-01,7.72E-01,6.88E-01,7.70E-01,-1.90038647163057,1.47E+00,0,7579,4.32E+02,3.61E+02,4.35E+02,3.85E+02,3.35E+02,4.41E+02,3.76E+02,4.83E+02,3.62E+02,4.28E+02,3.89E+02,4.35E+02,1.16E+00,6.47E-01,2.89E+01
0.463150411844254,0.235905632376671,1.32604324817657,1.09177243709564,0.986764490604401,1.00481295585632,8.07E-01,7.03E-01,7.64E-01,6.89E-01,7.67E-01,-2.0442134416722,1.03E+00,0,7582,4.36E+02,3.48E+02,4.38E+02,3.78E+02,3.37E+02,4.33E+02,3.78E+02,4.76E+02,3.66E+02,4.20E+02,3.89E+02,4.28E+02,3.93E-01,1.38E+00,3.60E+01
0.469958454370499,0.232741981744766,1.31640303134918,1.06997573375702,0.984185338020325,1.00606203079224,8.12E-01,7.20E-01,7.66E-01,6.61E-01,7.70E-01,0.615401070958038,2.93E+00,0,7585,4.38E+02,3.45E+02,4.40E+02,3.69E+02,3.42E+02,4.23E+02,3.81E+02,4.68E+02,3.67E+02,4.12E+02,3.93E+02,4.19E+02,9.48E-01,2.35E+00,4.46E+01
0.464282929897308,0.234537243843079,1.29933762550354,1.0769454240799,1.01340305805206,1.025226354599,7.98E-01,7.15E-01,7.61E-01,6.77E-01,7.68E-01,1.29337557470188,4.05E+00,0,7587,4.42E+02,3.33E+02,4.43E+02,3.62E+02,3.42E+02,4.16E+02,3.84E+02,4.61E+02,3.71E+02,4.04E+02,3.94E+02,4.13E+02,1.38E+00,2.09E+00,4.72E+01
0.45876333117485,0.235955774784088,1.32184898853302,1.08391153812408,0.983151257038116,1.02118182182312,8.05E-01,7.18E-01,7.51E-01,6.63E-01,7.69E-01,0.180610339244288,1.87E+00,0,7590,4.44E+02,3.29E+02,4.46E+02,3.54E+02,3.45E+02,4.10E+02,3.87E+02,4.53E+02,3.73E+02,3.97E+02,3.97E+02,4.05E+02,2.41E+00,1.71E+00,4.73E+01
0.456735998392105,0.234174713492393,1.34312856197357,1.08324444293976,0.996963143348694,1.04898595809937,7.86E-01,7.22E-01,7.47E-01,6.76E-01,7.58E-01,0.432680322883073,3.72E+00,0,7593,4.46E+02,3.24E+02,4.46E+02,3.52E+02,3.47E+02,4.07E+02,3.88E+02,4.51E+02,3.75E+02,3.95E+02,3.98E+02,4.04E+02,2.41E+00,1.65E+00,4.36E+01
0.461224853992462,0.233908280730247,1.35950064659119,1.09343791007996,0.97009688615799,1.03230798244476,8.02E-01,7.28E-01,7.69E-01,6.92E-01,7.64E-01,-1.74975604816206,2.17E+00,0,7596,4.48E+02,3.22E+02,4.49E+02,3.48E+02,3.50E+02,4.03E+02,3.90E+02,4.47E+02,3.77E+02,3.91E+02,4.01E+02,3.99E+02,1.30E+00,3.38E+00,3.12E+01
0.45556652545929,0.235166192054749,1.31630206108093,1.06374955177307,1.00347769260407,1.02539873123169,7.92E-01,7.16E-01,7.58E-01,6.69E-01,7.61E-01,-2.06705177179039,2.00E+00,0,7599,4.51E+02,3.12E+02,4.50E+02,3.41E+02,3.50E+02,3.96E+02,3.90E+02,4.41E+02,3.77E+02,3.84E+02,4.01E+02,3.91E+02,7.11E-02,3.21E+00,1.89E+01
0.455124646425247,0.231202125549316,1.31421291828156,1.08623242378235,0.978640794754028,1.01867306232452,8.08E-01,7.28E-01,7.58E-01,6.84E-01,7.68E-01,0.950728576134202,1.00E+00,0,7601,4.56E+02,3.02E+02,4.57E+02,3.27E+02,3.60E+02,3.85E+02,4.00E+02,4.27E+02,3.87E+02,3.72E+02,4.10E+02,3.81E+02,1.42E+00,1.98E+00,1.07E+01
0.449084013700485,0.231606289744377,1.344761967659,1.08590888977051,1.00257778167725,0.983938872814178,8.06E-01,7.18E-01,7.68E-01,6.70E-01,7.71E-01,0.093218125695288,4.35E+00,0,7604,4.15E+02,4.24E+02,4.27E+02,4.41E+02,3.33E+02,5.01E+02,3.82E+02,5.36E+02,3.58E+02,4.87E+02,3.86E+02,4.91E+02,8.29E-01,1.33E+00,1.63E+00
0.437113553285599,0.22228080034256,1.39424872398376,1.07574272155762,1.02079367637634,1.00931167602539,7.89E-01,7.31E-01,7.67E-01,6.70E-01,7.45E-01,-0.532836770802229,1.56E+00,0,7607,4.14E+02,4.29E+02,4.21E+02,4.59E+02,3.26E+02,5.18E+02,3.73E+02,5.59E+02,3.52E+02,5.04E+02,3.80E+02,5.11E+02,4.71E+00,1.29E+00,6.59E+00
0.439656645059586,0.224828794598579,1.40671014785767,1.07642602920532,1.02681720256805,1.01711976528168,7.98E-01,7.06E-01,7.54E-01,6.82E-01,7.45E-01,0.566593117878806,1.74E+00,0,7610,4.16E+02,4.20E+02,4.22E+02,4.53E+02,3.25E+02,5.12E+02,3.73E+02,5.54E+02,3.53E+02,4.98E+02,3.79E+02,5.07E+02,1.56E+00,3.64E+00,1.27E+01
0.443385750055313,0.219737648963928,1.38743019104004,1.0908590555191,0.993131875991821,1.04080259799957,7.76E-01,7.43E-01,7.63E-01,6.80E-01,7.55E-01,0.290094041864288,2.74E+00,0,7613,4.17E+02,4.15E+02,4.24E+02,4.41E+02,3.27E+02,5.01E+02,3.74E+02,5.42E+02,3.54E+02,4.87E+02,3.82E+02,4.93E+02,1.43E+00,2.56E+00,1.66E+01
0.445260941982269,0.223292872309685,1.40370762348175,1.08501207828522,1.02302014827728,0.995613694190979,7.97E-01,7.14E-01,7.66E-01,7.01E-01,7.38E-01,0.610231332288254,4.64E+00,0,7615,4.21E+02,4.02E+02,4.26E+02,4.34E+02,3.29E+02,4.94E+02,3.75E+02,5.35E+02,3.57E+02,4.79E+02,3.84E+02,4.87E+02,7.56E-01,2.42E+00,2.07E+01
0.443378120660782,0.219710975885391,1.38386714458466,1.07499134540558,1.01300764083862,1.03443348407745,7.73E-01,7.27E-01,7.51E-01,6.91E-01,7.48E-01,-0.545957370224762,2.05E+00,0,7618,4.22E+02,3.97E+02,4.29E+02,4.25E+02,3.31E+02,4.85E+02,3.77E+02,5.26E+02,3.58E+02,4.70E+02,3.86E+02,4.78E+02,1.23E+00,1.15E+00,2.07E+01
0.434749007225037,0.220850363373756,1.41137290000916,1.06043612957001,1.03070080280304,0.990920543670654,7.99E-01,7.12E-01,7.71E-01,6.88E-01,7.39E-01,-1.12941708483807,1.11E+00,0,7621,4.21E+02,4.07E+02,4.29E+02,4.36E+02,3.34E+02,4.96E+02,3.82E+02,5.37E+02,3.60E+02,4.82E+02,3.88E+02,4.90E+02,4.84E-01,8.84E-01,2.03E+01
0.437108010053635,0.217888131737709,1.42169642448425,1.08123958110809,1.02522873878479,1.03997898101807,8.01E-01,7.22E-01,7.56E-01,6.87E-01,7.38E-01,-0.414565228482576,3.01E+00,0,7624,4.22E+02,4.06E+02,4.30E+02,4.33E+02,3.34E+02,4.93E+02,3.83E+02,5.34E+02,3.61E+02,4.79E+02,3.88E+02,4.86E+02,1.12E+00,1.34E+00,1.83E+01
0.433729946613312,0.217476606369019,1.44291388988495,1.04898881912231,1.01904606819153,1.00676131248474,8.00E-01,7.12E-01,7.63E-01,6.74E-01,7.29E-01,-1.40604718338153,7.35E+00,0,7627,4.24E+02,3.92E+02,4.30E+02,4.25E+02,3.32E+02,4.86E+02,3.81E+02,5.27E+02,3.60E+02,4.70E+02,3.88E+02,4.78E+02,5.89E-01,1.64E+00,1.67E+01
0.434895068407059,0.220112815499306,1.44051551818848,1.07791292667389,1.04621934890747,1.01676690578461,8.05E-01,7.14E-01,7.65E-01,6.77E-01,7.40E-01,0.49884009949814,4.33E+00,0,7629,4.27E+02,3.87E+02,4.33E+02,4.15E+02,3.35E+02,4.76E+02,3.83E+02,5.17E+02,3.62E+02,4.61E+02,3.91E+02,4.68E+02,1.91E+00,1.75E+00,1.27E+01
0.428785979747772,0.222141087055206,1.44929385185242,1.04977071285248,1.02528214454651,0.977283775806427,7.86E-01,7.04E-01,7.54E-01,6.73E-01,7.34E-01,-0.95576103347926,3.95E+00,0,7632,4.29E+02,3.74E+02,4.34E+02,4.07E+02,3.37E+02,4.68E+02,3.83E+02,5.09E+02,3.64E+02,4.53E+02,3.91E+02,4.61E+02,2.30E+00,2.30E+00,1.14E+01
0.431545972824097,0.218812271952629,1.42825901508331,1.07334303855896,0.979203462600708,1.04345083236694,8.05E-01,7.13E-01,7.86E-01,6.70E-01,7.33E-01,0.355978136168178,6.88E+00,1,7635,4.33E+02,3.64E+02,4.38E+02,3.93E+02,3.44E+02,4.56E+02,3.91E+02,4.96E+02,3.70E+02,4.41E+02,3.98E+02,4.48E+02,3.66E+00,2.03E+00,9.97E+00
0.447563230991364,0.216362565755844,1.42116117477417,1.07787823677063,1.00440061092377,0.994811356067658,7.92E-01,7.26E-01,7.52E-01,6.45E-01,7.02E-01,0.113112174890178,4.78E+00,1,7638,4.43E+02,3.25E+02,4.45E+02,3.66E+02,3.51E+02,4.28E+02,3.97E+02,4.71E+02,3.77E+02,4.13E+02,4.03E+02,4.22E+02,4.41E+00,1.30E+00,8.96E+00
0.438848346471787,0.220856919884682,1.36834943294525,1.08012068271637,0.970854580402374,1.06190466880798,8.18E-01,7.13E-01,7.77E-01,6.58E-01,7.38E-01,-0.645484110199892,2.00E+01,1,7641,4.52E+02,3.01E+02,4.54E+02,3.27E+02,3.60E+02,3.89E+02,4.05E+02,4.29E+02,3.85E+02,3.74E+02,4.11E+02,3.82E+02,4.16E+00,5.67E+00,9.12E+00
0.44001117348671,0.216377258300781,1.37170541286469,1.07778084278107,0.970519483089447,1.03460717201233,7.98E-01,7.10E-01,7.65E-01,6.71E-01,7.28E-01,-0.784512507798201,8.91E+00,1,7643,4.57E+02,2.83E+02,4.57E+02,3.16E+02,3.62E+02,3.77E+02,4.04E+02,4.20E+02,3.88E+02,3.63E+02,4.13E+02,3.71E+02,3.00E+00,3.77E+00,7.10E+00
0.441267102956772,0.217129245400429,1.36842930316925,1.06613123416901,0.995327591896057,1.10911047458649,8.20E-01,7.13E-01,7.72E-01,6.61E-01,7.36E-01,0.238512036371813,4.64E+00,1,7646,4.60E+02,2.76E+02,4.60E+02,3.04E+02,3.64E+02,3.67E+02,4.08E+02,4.07E+02,3.91E+02,3.50E+02,4.16E+02,3.58E+02,2.08E+00,6.21E-01,8.99E+00
0.437618762254715,0.216207563877106,1.36166739463806,1.07130968570709,0.971753239631653,1.09576785564423,7.85E-01,6.92E-01,7.71E-01,6.67E-01,7.24E-01,-0.393131002958942,2.30E+00,1,7649,4.65E+02,2.60E+02,4.63E+02,2.96E+02,3.67E+02,3.56E+02,4.10E+02,3.99E+02,3.94E+02,3.42E+02,4.19E+02,3.51E+02,6.24E-01,2.42E+00,9.05E+00
0.436055213212967,0.228406026959419,1.3827360868454,1.03012835979462,1.01045775413513,1.09019994735718,8.21E-01,7.12E-01,7.81E-01,7.10E-01,7.38E-01,-3.32258978036145,7.71E+00,1,7652,4.66E+02,2.55E+02,4.66E+02,2.93E+02,3.71E+02,3.52E+02,4.13E+02,4.09E+02,3.97E+02,3.36E+02,4.23E+02,3.65E+02,3.84E+00,4.09E+00,1.07E+01
0.439493447542191,0.215146973729134,1.36790454387665,1.07056248188019,0.986131906509399,1.21112084388733,7.89E-01,7.01E-01,7.67E-01,6.51E-01,7.27E-01,2.46715480229174,3.80E+00,1,7655,4.66E+02,3.94E+02,4.66E+02,4.27E+02,3.71E+02,4.90E+02,4.12E+02,5.34E+02,3.97E+02,4.74E+02,4.20E+02,4.83E+02,5.90E+00,1.99E+00,1.25E+01
0.442268997430801,0.21748349070549,1.35317265987396,1.09292852878571,0.957722067832947,1.26511299610138,7.97E-01,7.01E-01,7.71E-01,6.62E-01,7.36E-01,0.048728206045247,2.10E+00,1,7657,4.71E+02,3.83E+02,4.70E+02,4.10E+02,3.75E+02,4.76E+02,4.17E+02,5.15E+02,4.02E+02,4.59E+02,4.25E+02,4.65E+02,6.64E+00,3.61E+00,1.18E+01
0.437547147274017,0.220178842544556,1.36899089813232,1.08101952075958,0.974437534809113,1.31361961364746,7.94E-01,6.93E-01,7.68E-01,6.74E-01,7.33E-01,-0.509885284345076,5.51E+00,1,7660,4.71E+02,3.78E+02,4.70E+02,4.08E+02,3.75E+02,4.72E+02,4.16E+02,5.15E+02,4.03E+02,4.57E+02,4.25E+02,4.64E+02,6.58E-01,5.89E+00,1.07E+01
0.44163179397583,0.218598753213882,1.37414824962616,1.080286860466,0.983026564121246,1.3749783039093,7.86E-01,7.11E-01,7.81E-01,6.62E-01,7.31E-01,0.255562410367096,2.18E+00,1,7663,4.70E+02,3.77E+02,4.70E+02,4.06E+02,3.76E+02,4.70E+02,4.17E+02,5.12E+02,4.02E+02,4.55E+02,4.24E+02,4.62E+02,1.04E+00,4.08E+00,1.19E+01
0.437669277191162,0.218640729784966,1.34267675876617,1.08730673789978,0.976595938205719,1.41660487651825,7.90E-01,7.03E-01,7.64E-01,6.78E-01,7.38E-01,1.21840506449715,3.65E+00,1,7666,4.69E+02,3.73E+02,4.70E+02,4.03E+02,3.75E+02,4.68E+02,4.15E+02,5.11E+02,4.02E+02,4.53E+02,4.23E+02,4.59E+02,1.48E+00,4.97E-01,1.17E+01
0.44128280878067,0.219500869512558,1.3705747127533,1.09046244621277,0.979923069477081,1.45280599594116,7.90E-01,7.13E-01,7.66E-01,6.69E-01,7.38E-01,-0.023213279209126,1.93E+00,1,7669,4.70E+02,3.73E+02,4.70E+02,4.01E+02,3.75E+02,4.68E+02,4.15E+02,5.10E+02,4.01E+02,4.51E+02,4.23E+02,4.59E+02,1.97E+00,1.80E+00,1.10E+01
0.435452908277512,0.221795469522476,1.32590353488922,1.09119713306427,0.971418678760529,1.4762316942215,7.92E-01,6.99E-01,7.60E-01,6.68E-01,7.43E-01,-0.521209101413475,2.07E+00,1,7671,4.70E+02,3.71E+02,4.70E+02,4.00E+02,3.75E+02,4.67E+02,4.15E+02,5.09E+02,4.03E+02,4.51E+02,4.22E+02,4.59E+02,1.74E+00,1.38E+00,1.19E+01
0.435618877410889,0.223101437091827,1.32925701141357,1.09263384342194,0.97649085521698,1.49260890483856,7.91E-01,7.15E-01,7.79E-01,6.71E-01,7.52E-01,-1.28321520801306,8.41E+00,1,7674,4.70E+02,3.70E+02,4.69E+02,3.97E+02,3.75E+02,4.64E+02,4.15E+02,5.08E+02,4.01E+02,4.49E+02,4.22E+02,4.56E+02,1.78E+00,1.24E+00,1.47E+01
0.437710165977478,0.220016315579414,1.31584537029266,1.08620381355286,1.01737821102142,1.49414360523224,8.00E-01,6.98E-01,7.58E-01,6.70E-01,7.47E-01,-0.083033626013665,1.74E+00,1,7677,4.69E+02,3.67E+02,4.68E+02,3.96E+02,3.74E+02,4.64E+02,4.12E+02,5.07E+02,4.05E+02,4.48E+02,4.22E+02,4.55E+02,2.86E+00,9.71E-01,1.72E+01
0.436390280723572,0.221521332859993,1.33415007591248,1.09465956687927,0.956698358058929,1.53761506080627,7.95E-01,7.10E-01,7.76E-01,6.89E-01,7.61E-01,-3.447432527244,6.51E+00,1,7680,4.69E+02,3.67E+02,4.69E+02,3.95E+02,3.74E+02,4.63E+02,4.14E+02,5.06E+02,4.01E+02,4.48E+02,4.22E+02,4.55E+02,1.29E+00,2.48E+00,1.81E+01
0.430374890565872,0.224618181586266,1.31974816322327,1.09475040435791,0.966120183467865,1.53116226196289,8.10E-01,7.16E-01,7.72E-01,6.80E-01,7.63E-01,3.03404300944225,6.94E+00,1,7683,4.70E+02,3.69E+02,4.68E+02,3.97E+02,3.75E+02,4.61E+02,4.15E+02,5.07E+02,4.02E+02,4.48E+02,4.21E+02,4.57E+02,1.75E+00,1.08E+00,2.05E+01
0.44513937830925,0.223629608750343,1.31552648544312,1.10006856918335,0.965392768383026,1.54732227325439,8.00E-01,7.22E-01,7.84E-01,6.98E-01,7.87E-01,-0.017055179882915,2.03E+00,1,7685,4.71E+02,3.66E+02,4.71E+02,3.93E+02,3.75E+02,4.62E+02,4.15E+02,5.04E+02,4.02E+02,4.46E+02,4.23E+02,4.52E+02,2.39E+00,2.10E+00,1.95E+01
0.442725032567978,0.223877981305122,1.32355570793152,1.08504199981689,0.96480667591095,1.52447926998138,8.10E-01,7.15E-01,7.86E-01,6.97E-01,7.80E-01,2.0016818902566,7.75E+00,1,7688,4.68E+02,3.66E+02,4.67E+02,3.97E+02,3.75E+02,4.62E+02,4.15E+02,5.06E+02,4.02E+02,4.47E+02,4.22E+02,4.55E+02,4.71E+00,1.65E+00,1.46E+01
0.437370896339417,0.22425439953804,1.31070220470428,1.09591889381409,0.96477597951889,1.46501088142395,8.12E-01,7.26E-01,8.01E-01,7.06E-01,7.79E-01,-0.913490994609275,5.87E+00,1,7691,4.68E+02,3.65E+02,4.69E+02,3.93E+02,3.76E+02,4.59E+02,4.15E+02,5.03E+02,4.02E+02,4.45E+02,4.23E+02,4.52E+02,9.77E-01,2.83E+00,1.28E+01
0.440790921449661,0.226685538887978,1.31859147548676,1.09476602077484,0.965649783611298,1.45808124542236,8.19E-01,7.30E-01,7.90E-01,6.91E-01,7.83E-01,-2.56658740865165,6.45E+00,1,7694,4.73E+02,3.62E+02,4.70E+02,3.91E+02,3.77E+02,4.58E+02,4.14E+02,5.01E+02,4.03E+02,4.43E+02,4.23E+02,4.51E+02,1.13E+00,3.47E+00,1.10E+01
0.46041864156723,0.222789347171783,1.30724930763245,1.08639979362488,0.963380932807922,1.38411915302277,8.11E-01,7.22E-01,8.11E-01,6.89E-01,7.67E-01,-1.79865215969746,5.54E+00,1,7697,4.48E+02,3.99E+02,4.50E+02,4.55E+02,3.61E+02,5.29E+02,4.03E+02,5.81E+02,3.87E+02,5.10E+02,4.07E+02,5.23E+02,4.29E+00,8.21E-01,1.46E+01
0.466288208961487,0.234728887677193,1.36667609214783,1.10966360569,0.970328807830811,1.45679152011871,7.59E-01,7.35E-01,7.99E-01,6.86E-01,7.78E-01,-6.95756797130588,1.30E+01,1,7699,4.22E+02,5.82E+02,4.31E+02,5.68E+02,3.46E+02,6.42E+02,3.89E+02,6.73E+02,3.68E+02,6.26E+02,3.90E+02,6.25E+02,7.58E-01,4.55E-01,1.88E+01
0.473100364208221,0.252852290868759,0,0,0,0,8.31E-01,7.04E-01,7.92E-01,6.95E-01,7.40E-01,-0.508070967476207,7.34E+00,1,7702,4.01E+02,6.96E+02,4.03E+02,7.53E+02,0.00E+00,0.00E+00,0.00E+00,0.00E+00,0.00E+00,0.00E+00,0.00E+00,0.00E+00,7.19E+00,1.44E+00,2.14E+01
0,0,0,0,0,0,0.00E+00,0.00E+00,0.00E+00,0.00E+00,0.00E+00,-15.0386520485708,2.15E+01,1,7705,0.00E+00,0.00E+00,0.00E+00,0.00E+00,0.00E+00,0.00E+00,0.00E+00,0.00E+00,0.00E+00,0.00E+00,0.00E+00,0.00E+00,1.55E+01,1.04E+01,2.15E+01
0,0,0,0,0,0,0.00E+00,0.00E+00,0.00E+00,0.00E+00,0.00E+00,-16.4742164013217,1.55E+01,1,7708,0.00E+00,0.00E+00,0.00E+00,0.00E+00,0.00E+00,0.00E+00,0.00E+00,0.00E+00,0.00E+00,0.00E+00,0.00E+00,0.00E+00,1.14E+01,1.43E+01,2.08E+01
0.465343564748764,0.240249425172806,1.53186881542206,1.05305099487305,0.958886444568634,1.27967810630798,7.79E-01,6.94E-01,7.58E-01,7.16E-01,7.44E-01,-0.150315079006316,4.90E+01,1,7711,3.58E+02,4.86E+02,3.69E+02,5.18E+02,2.76E+02,5.33E+02,3.09E+02,5.96E+02,3.00E+02,5.31E+02,3.27E+02,5.58E+02,2.87E+01,1.11E+01,1.31E+01
0.468215763568878,0.249193251132965,1.5478367805481,1.05901288986206,0.986024439334869,1.21846735477448,8.10E-01,6.76E-01,7.54E-01,7.17E-01,7.24E-01,-0.032151685429848,5.87E-02,0,7713,3.50E+02,4.98E+02,3.57E+02,5.38E+02,2.63E+02,5.57E+02,3.01E+02,6.19E+02,2.90E+02,5.54E+02,3.17E+02,5.85E+02,1.70E+01,2.50E+01,1.15E+01
0.481728136539459,0.249044209718704,1.59960639476776,1.04924726486206,0.9716637134552,1.18596243858337,7.55E-01,6.81E-01,7.36E-01,6.81E-01,7.27E-01,0.815256356182927,2.20E+00,0,7716,3.40E+02,5.11E+02,3.51E+02,5.48E+02,2.58E+02,5.68E+02,2.97E+02,6.31E+02,2.85E+02,5.65E+02,3.11E+02,5.94E+02,3.21E+00,3.86E+01,8.20E+00
0.491646736860275,0.252367347478867,1.59417867660522,1.04366230964661,0.995565056800842,1.20777916908264,8.22E-01,7.07E-01,7.72E-01,7.43E-01,7.21E-01,-3.77572241386263,9.35E-01,0,7719,3.04E+02,5.64E+02,3.09E+02,6.06E+02,2.17E+02,6.29E+02,2.55E+02,6.90E+02,2.44E+02,6.25E+02,2.73E+02,6.51E+02,4.91E+00,1.82E+01,1.94E+01
0.524559497833252,0.245998233556747,1.6184333562851,1.04211819171906,1.00012600421906,1.17987084388733,7.91E-01,7.02E-01,8.06E-01,7.36E-01,6.81E-01,-0.656182862031445,1.66E-01,0,7722,3.30E+02,5.72E+02,3.07E+02,6.05E+02,2.16E+02,6.29E+02,2.54E+02,6.89E+02,2.41E+02,6.25E+02,2.69E+02,6.50E+02,3.79E+00,2.56E+00,4.46E+01
0.51265674829483,0.251807868480682,1.57955276966095,1.06534194946289,0.994646430015564,1.11869835853577,8.04E-01,6.89E-01,7.60E-01,7.39E-01,7.29E-01,-2.29337204837483,4.97E+00,0,7725,3.64E+02,5.65E+02,3.76E+02,5.97E+02,2.83E+02,6.22E+02,3.21E+02,6.79E+02,3.09E+02,6.18E+02,3.35E+02,6.44E+02,3.49E+00,7.06E-01,8.19E+01
0.51549357175827,0.248309969902039,1.66546189785004,1.05194973945618,1.00456714630127,1.14041185379028,8.00E-01,6.93E-01,7.53E-01,7.36E-01,7.34E-01,0.016026281529933,4.56E-01,0,7727,3.72E+02,5.52E+02,3.80E+02,5.89E+02,2.84E+02,6.16E+02,3.22E+02,6.75E+02,3.10E+02,6.10E+02,3.39E+02,6.36E+02,2.39E+00,3.14E+00,1.09E+02
0.4981669485569,0.240990832448006,1.5703911781311,1.03827714920044,1.02511477470398,1.12197089195251,8.04E-01,6.99E-01,7.36E-01,7.28E-01,7.48E-01,0.015124266670662,4.73E-01,0,7730,3.78E+02,5.44E+02,3.89E+02,5.77E+02,2.93E+02,6.03E+02,3.29E+02,6.59E+02,3.18E+02,5.96E+02,3.47E+02,6.21E+02,1.82E+00,2.63E+00,1.38E+02
0.518625676631928,0.274026066064835,1.55588281154633,1.02287948131561,1.02627742290497,1.05008673667908,7.75E-01,6.79E-01,7.82E-01,7.59E-01,7.26E-01,-0.877337749941374,1.94E+00,0,7733,3.28E+02,6.76E+02,3.60E+02,6.78E+02,2.82E+02,6.94E+02,3.10E+02,7.59E+02,3.03E+02,6.92E+02,3.29E+02,7.19E+02,5.99E+00,6.50E-01,1.58E+02
0.534380435943604,0.277351170778275,1.59344959259033,1.0229549407959,1.00190305709839,1.00862181186676,7.58E-01,6.65E-01,7.20E-01,7.21E-01,7.24E-01,1.9172363313989,7.36E-01,0,7736,3.16E+02,7.00E+02,3.38E+02,7.19E+02,2.58E+02,7.27E+02,2.88E+02,7.93E+02,2.82E+02,7.29E+02,3.05E+02,7.54E+02,1.63E+00,5.07E+00,1.59E+02
0,0,0,0,0,0,0.00E+00,0.00E+00,0.00E+00,0.00E+00,0.00E+00,-7.12441646923816,1.38E+00,0,7739,0.00E+00,0.00E+00,0.00E+00,0.00E+00,0.00E+00,0.00E+00,0.00E+00,0.00E+00,0.00E+00,0.00E+00,0.00E+00,0.00E+00,2.43E+00,2.61E+00,1.40E+02
0.514363169670105,0.247352764010429,1.57267141342163,1.05769538879395,0.982162833213806,1.05180954933167,7.68E-01,6.48E-01,7.71E-01,7.01E-01,7.50E-01,3.66704042585796,4.73E+00,0,7741,4.39E+02,4.91E+02,4.61E+02,5.11E+02,3.79E+02,5.28E+02,4.13E+02,5.95E+02,4.01E+02,5.29E+02,4.24E+02,5.54E+02,5.36E+00,3.46E+00,1.19E+02
0.49339634180069,0.23938424885273,1.57269394397736,1.03581488132477,1.02666521072388,1.05909717082977,7.70E-01,6.83E-01,7.84E-01,7.01E-01,7.77E-01,-0.07990563191633,2.05E-01,0,7744,4.55E+02,4.22E+02,4.69E+02,4.65E+02,3.78E+02,4.86E+02,4.17E+02,5.52E+02,4.02E+02,4.82E+02,4.29E+02,5.11E+02,6.43E-01,5.34E+00,8.67E+01
0.486876040697098,0.238725289702415,1.53792142868042,1.0388970375061,0.981215357780457,1.0693154335022,7.73E-01,6.73E-01,7.57E-01,6.73E-01,7.42E-01,1.12883814868148,1.32E+00,0,7747,4.64E+02,4.00E+02,4.84E+02,4.19E+02,3.91E+02,4.36E+02,4.29E+02,4.99E+02,4.17E+02,4.34E+02,4.42E+02,4.57E+02,6.74E-01,3.53E+00,5.50E+01
0.454948246479034,0.224664613604546,1.52190816402435,1.06604242324829,0.993732571601868,1.05740058422089,7.87E-01,6.78E-01,7.47E-01,6.99E-01,7.12E-01,0.786331375056876,2.27E+00,0,7750,4.94E+02,3.18E+02,4.94E+02,3.70E+02,3.95E+02,3.84E+02,4.27E+02,4.51E+02,4.22E+02,3.81E+02,4.45E+02,4.10E+02,8.68E-01,1.71E+00,2.83E+01
0.437217712402344,0.22380530834198,1.51371216773987,1.08066165447235,0.967688202857971,1.06991493701935,7.82E-01,6.63E-01,7.37E-01,6.78E-01,7.09E-01,-1.57839824196486,4.52E+00,0,7753,5.11E+02,2.99E+02,5.15E+02,3.40E+02,4.14E+02,3.53E+02,4.46E+02,4.19E+02,4.40E+02,3.51E+02,4.63E+02,3.76E+02,7.99E-01,7.64E-01,1.98E+01
0.426895171403885,0.218311101198196,1.48210275173187,1.06554222106934,0.999508440494537,1.05274784564972,7.76E-01,6.67E-01,7.32E-01,6.56E-01,7.22E-01,-0.003958389224888,2.52E-01,0,7755,5.30E+02,2.87E+02,5.25E+02,3.34E+02,4.22E+02,3.47E+02,4.52E+02,4.12E+02,4.50E+02,3.45E+02,4.72E+02,3.71E+02,2.09E+00,1.06E+00,1.56E+01
0.423545330762863,0.220526188611984,1.50938928127289,1.04244410991669,0.993391990661621,1.04900300502777,7.85E-01,6.69E-01,7.45E-01,6.67E-01,7.31E-01,0.111342369762832,2.42E-01,0,7758,5.37E+02,2.82E+02,5.36E+02,3.26E+02,4.33E+02,3.39E+02,4.60E+02,4.01E+02,4.59E+02,3.37E+02,4.81E+02,3.61E+02,1.28E+00,2.77E-01,1.55E+01
0.41816172003746,0.216268613934517,1.47999382019043,1.06379818916321,0.985552132129669,1.02981805801392,7.84E-01,6.60E-01,7.66E-01,6.64E-01,7.36E-01,-0.891678936214338,2.60E+00,0,7761,5.47E+02,2.78E+02,5.42E+02,3.23E+02,4.38E+02,3.36E+02,4.64E+02,3.98E+02,4.64E+02,3.34E+02,4.87E+02,3.58E+02,1.88E+00,1.39E+00,1.51E+01
