RIAL,RIAR,RIBR,RIM,RIBL,sensory,,,,,,velocity,speed,odor,upp_cam_index,RIAL_x,RIAL_y,RIAR_x,RIAR_y,RIBR_x,RIBR_y,RIM_x,RIM_y,RIBL_x,RIBL_y,sensory_x,sensory_y,Speed_3,Speed_5,Speed_10,Curvature,Speed_all_points,Acceleration_all_parts_3
0.846076667308807,0,1.03777158260345,0.951542317867279,1.04723632335663,1.04515755176544,6.30E-01,7.69E-01,8.67E-01,9.07E-01,8.33E-01,-0.801755877628607,3.17695498888597,0,86,505,389,0,0,407,506,391,460,385,446,410,463,4.1,13.3,4.62,1.65,4.3,10.3
0.830711901187897,0,1.04656887054443,0.950115501880646,1.04993975162506,1.05232465267181,6.48E-01,7.70E-01,8.73E-01,9.01E-01,8.42E-01,-16.6430131982287,17.2987028142249,0,88,501,447,0,0,399,555,384,517,375,521,401,515,4.38,6.19,9.24,0.85,31.3,9.28
0.815786957740784,0.937329709529877,1.03978681564331,0.959514498710632,1.06719839572907,1.02020168304443,6.50E-01,7.89E-01,8.56E-01,8.89E-01,8.21E-01,2.79603700651662,2.92442361128192,0,90,500,472,465,463,399,583,385,546,374,543,404,541,8.37,5.19,11.8,0.7,1.46,6.92
0.834767639636993,0.957854390144348,1.05595481395721,0.937510251998901,1.04544413089752,1.02954578399658,6.30E-01,7.76E-01,8.71E-01,9.07E-01,8.62E-01,-0.089105571499844,1.05777987702833,0,92,525,465,481,453,423,578,409,542,401,541,425,541,4.12,1.84,15,0.789,1.43,5.8
0.816030025482178,0.913369715213776,1.06583201885223,0.948407113552094,1.0484139919281,1.04101204872131,6.41E-01,7.70E-01,8.69E-01,8.87E-01,8.58E-01,3.13520861862687,3.67822686160845,0,94,570,450,523,448,489,569,462,535,442,535,475,535,2.7,6.89,21.9,0.209,3,3.05
0.843333840370178,0.944948196411133,1.03125905990601,0.946869373321533,1.04911553859711,1.02547168731689,6.32E-01,7.45E-01,8.71E-01,8.96E-01,8.21E-01,-8.94777659813358,12.787058218836,0,96,617,449,571,448,541,577,517,543,506,544,538,537,7.31,5,23.7,0.18,28.2,4.2
0.824346899986267,0.913560032844543,1.04202365875244,0.948039829730988,1.04652202129364,1.0305118560791,6.59E-01,7.62E-01,8.65E-01,8.73E-01,7.90E-01,12.3568191558429,12.7998564668774,0,99,635,458,589,458,567,592,538,556,521,556,559,552,9.75,7.06,26.9,0.713,3.33,37.8
0.820344090461731,0.912195146083832,1.04927527904511,0.944391071796417,1.03064501285553,1.00854587554932,6.43E-01,7.55E-01,8.65E-01,8.96E-01,8.11E-01,-62.9915181484362,66.1283200659324,0,101,645,480,606,485,577,613,549,580,538,585,568,573,11.8,15.6,32,-1.13,43,43.1
0.817828297615051,0.940107643604279,1.06228244304657,0.972501277923584,1.03588855266571,1.05468845367432,6.74E-01,7.66E-01,8.56E-01,8.94E-01,8.00E-01,42.6769710709581,48.1226183823591,0,103,648,488,601,490,583,624,555,590,544,594,574,586,18.6,2.39,36.4,-0.733,49.8,479
0.842495679855347,0.944162428379059,1.05976903438568,0.935009717941284,1.03919553756714,1.06191337108612,6.58E-01,7.68E-01,8.87E-01,9.03E-01,7.82E-01,36.3270326094784,37.3271156040901,0,105,646,499,623,506,604,638,568,607,524,615,601,596,93.1,53.7,6.4,-1.47,352,454
0.833858013153076,0.911989808082581,1.0402455329895,0.963046133518219,1.01950895786285,0.992197513580322,6.56E-01,7.73E-01,8.59E-01,8.92E-01,8.11E-01,651.945073231196,683.937949303332,0,107,616,507,587,521,573,650,541,621,526,628,569,605,77.7,95.4,57.7,-1.28,394,529
0.840987026691437,0.875862061977387,1.06157743930817,0.933970332145691,1.0075079202652,1.0286271572113,6.46E-01,7.49E-01,8.69E-01,8.95E-01,8.42E-01,-322.445871142142,453.205577680864,0,109,629,504,590,516,585,648,555,622,546,629,576,608,158,27.9,60.7,-1.09,248,146
0,0,0,0,0,0,0.00E+00,0.00E+00,0.00E+00,0.00E+00,0.00E+00,-50.860590225075,206.929067811654,0,111,0,0,0,0,0,0,0,0,0,0,0,0,137,118,151,-0.902,404,123
0.818479537963867,0.889370918273926,1.06294655799866,0.934610247612,1.01950204372406,1.01282823085785,6.04E-01,7.24E-01,8.60E-01,8.96E-01,8.28E-01,384.276401600552,490.67878130295,0,113,485,388,446,405,453,538,419,512,408,520,443,497,153,66.5,182,-0.714,285,579
0.802345871925354,0,1.05015158653259,0.929478108882904,1.03626036643982,1.10263466835022,6.00E-01,7.01E-01,8.56E-01,8.90E-01,8.15E-01,17.7678147495101,516.99890872496,0,115,478,374,0,0,448,520,413,498,409,508,436,476,227,71.4,166,-0.526,393,624
0.814889192581177,0.918976545333862,1.04606688022614,0.935044348239899,1.0299266576767,1.04302358627319,6.05E-01,7.18E-01,8.54E-01,9.02E-01,7.86E-01,17.0912019393341,281.271973208298,0,117,478,337,436,355,456,489,420,465,413,472,437,451,51.4,22.6,209,-0.337,656,349
0.804711103439331,0.886653244495392,1.06572473049164,0.935204029083252,1.04574680328369,1.01116538047791,6.17E-01,6.98E-01,8.32E-01,8.76E-01,8.03E-01,-264.048026827266,331.316840262423,0,120,445,321,413,345,435,468,400,451,394,463,415,434,233,114,262,-0.149,254,757
0.798432767391205,0.513161718845367,1.04922580718994,0.932181835174561,1.02421867847443,0.986291289329529,6.11E-01,7.16E-01,8.29E-01,9.08E-01,7.99E-01,-167.839269109273,341.431485834991,0,122,406,303,384,357,410,458,369,440,362,449,384,426,102,238,168,0.0388,354,585
0.802866458892822,0,1.05127561092377,0.922811031341553,1.01123631000519,1.13854086399078,5.85E-01,6.91E-01,8.50E-01,8.73E-01,7.96E-01,466.730059152535,818.291421132366,0,124,386,298,0,0,392,449,353,434,352,446,368,412,32.5,217,20.6,-0.388,602,561
0.797603309154511,0.932016253471375,1.06127870082855,0.926506161689758,1.00507187843323,1.04910600185394,5.70E-01,6.98E-01,8.47E-01,8.93E-01,7.89E-01,23.1828735972258,24.1997966470236,0,126,364,295,335,321,377,446,338,433,332,443,351,416,86.3,166,40,-0.636,14.3,380
0.803150594234467,0,1.04365170001984,0.94867742061615,1.00641107559204,1.12778699398041,5.92E-01,6.91E-01,8.45E-01,8.70E-01,8.05E-01,2.71651830151044,14.5539890039041,0,128,348,291,0,0,361,444,325,428,323,441,337,402,131,89.9,142,-0.656,9.97,412
0.800254225730896,0.838250279426575,1.06683433055878,0.93163400888443,1.02715861797333,0.997514545917511,5.53E-01,6.86E-01,8.47E-01,8.80E-01,7.68E-01,2.48149033070012,4.25423605794461,0,130,330,294,300,322,350,443,311,432,308,441,321,407,2.44,123,365,-0.582,2.22,1.76
0.809305131435394,0,1.04808735847473,0.924888014793396,1.02839601039886,1.01468765735626,5.63E-01,6.77E-01,8.44E-01,8.69E-01,7.84E-01,-7.67642604436585,10.4493821828692,0,132,320,291,0,0,338,440,301,429,301,441,312,410,1.88,176,345,-0.597,4.49,10.7
0.803088843822479,0.902871608734131,1.04029786586761,0.923898816108704,1.02268600463867,1.02191007137299,5.54E-01,6.70E-01,8.33E-01,9.02E-01,7.57E-01,-11.2101107021729,11.419121058657,0,134,318,290,293,318,335,439,297,428,297,440,308,409,1.21,104,442,-0.571,5.84,10.7
0.789987206459045,0,1.04697358608246,0.925906240940094,1.03191244602203,1.00424134731293,5.60E-01,6.67E-01,8.36E-01,8.88E-01,7.67E-01,-9.61207407080969,11.6016803479537,0,136,314,291,0,0,332,441,295,430,295,440,305,413,2.09,3.7,570,-0.655,2.21,3.18
0.804863274097443,0.921534419059753,1.0405445098877,0.93881744146347,1.02907931804657,1.01490759849548,5.53E-01,6.78E-01,8.45E-01,9.06E-01,7.99E-01,-10.7484005517503,11.2850081484811,0,139,311,287,292,313,329,436,293,426,294,437,304,407,0.627,4.17,429,-0.503,3.76,4.04
0.798885881900787,0,1.06271123886108,0.928202867507935,1.0666286945343,0.99724555015564,5.49E-01,6.57E-01,8.29E-01,8.64E-01,7.99E-01,-1.57923788359618,2.58753967033691,0,141,315,291,0,0,333,438,296,428,299,440,305,413,1.96,3.79,286,-0.406,0.611,5.03
0.798197567462921,0.834733903408051,1.0471476316452,0.942790508270264,1.04195868968964,1.28216469287872,5.48E-01,6.65E-01,8.36E-01,9.16E-01,8.14E-01,20.8760068443684,22.8410411415336,0,143,313,286,292,314,333,435,295,424,296,435,307,398,5.08,2.26,189,-0.554,12.7,15.5
0.786180734634399,0,1.04875802993774,0.934687912464142,1.02494788169861,1.0081387758255,5.26E-01,6.65E-01,8.29E-01,8.73E-01,7.92E-01,10.9662958334113,11.0349786354106,0,145,311,280,0,0,326,429,290,421,292,431,301,396,1.88,1.62,144,-0.454,4.29,3.39
0.802621722221375,0.886752128601074,1.04731297492981,0.960144877433777,1.01501178741455,1.01646506786346,5.46E-01,6.68E-01,8.30E-01,8.59E-01,7.51E-01,-3.31007347136603,3.84072990182071,0,147,303,279,278,310,322,428,289,416,289,429,300,393,2.65,1.87,207,-0.507,1.61,8.07
0.802853167057037,0,1.05821001529694,0.922388911247253,1.03290784358978,1.12137484550476,5.36E-01,6.60E-01,8.24E-01,8.56E-01,8.04E-01,6.69989440930856,6.7502544572857,0,149,302,276,0,0,322,425,285,415,286,427,295,395,0.523,2.32,232,-0.53,5.04,8.21
0.792627692222595,0,1.04559075832367,0.963237345218658,1.03490483760834,0.988619804382324,5.41E-01,6.69E-01,8.37E-01,8.74E-01,7.78E-01,10.015096746751,13.4944381181149,0,151,321,267,0,0,331,419,300,406,307,416,305,381,0.779,1.38,211,-0.548,7.71,0.587
0.775572717189789,0,1.04196584224701,0.949218332767487,1.04143643379211,1.00338685512543,5.42E-01,6.69E-01,8.44E-01,8.54E-01,7.91E-01,4.94692590281227,5.3663519315951,0,153,328,259,0,0,341,411,305,400,307,412,317,382,0.726,0.467,389,-0.52,1.84,1.21
0.790929079055786,0.895916342735291,1.04319489002228,0.949363589286804,1.02842915058136,0.99637770652771,5.22E-01,6.53E-01,8.32E-01,8.65E-01,7.80E-01,27.9933972481525,29.890699354286,0,155,314,253,288,283,335,405,298,393,300,401,314,369,2.68,2.25,391,-0.472,16.9,1.79
0.788067936897278,0,1.05585551261902,0.945763647556305,1.02774393558502,1.13784790039063,5.30E-01,6.43E-01,8.21E-01,8.49E-01,7.95E-01,-7.73229968886402,11.9851594436031,0,158,313,244,0,0,334,393,298,384,299,394,309,356,4.25,4.21,288,-0.506,4.19,29.6
0.788979887962341,0.945887446403503,1.05958044528961,0.938293218612671,1.02057385444641,1.42411065101624,5.19E-01,6.30E-01,8.33E-01,8.68E-01,7.79E-01,12.1219656872156,16.8444250572459,0,160,316,231,299,253,338,381,301,371,303,379,312,342,2.1,2.32,205,-0.556,6.32,1.15
0.786138892173767,0.903395771980286,1.04734063148499,0.90773993730545,1.0220217704773,1.36640501022339,5.18E-01,6.19E-01,8.20E-01,8.48E-01,7.72E-01,0.867873184717397,0.924344255332016,0,162,320,222,298,250,337,372,301,363,303,376,311,339,2.48,1.94,195,-0.452,2.45,8.45
0.777081608772278,0.920494675636292,1.05886161327362,0.937007665634155,1.02656102180481,1.03555071353912,5.07E-01,6.34E-01,8.34E-01,8.73E-01,7.67E-01,9.32798121706468,9.45157172832245,0,164,325,185,301,207,340,341,304,329,308,335,315,306,3.93,3.65,122,-0.561,8.93,4.16
0.772675752639771,0,1.05168581008911,0.937009334564209,1.02312326431274,1.06719779968262,4.99E-01,6.15E-01,8.23E-01,8.47E-01,7.69E-01,0.500388203849128,1.19444421323309,0,166,319,167,0,0,338,315,302,307,307,318,311,285,2.39,3.31,56.4,-0.358,0.669,4.28
0.792737245559692,0.922626793384552,1.04324090480804,0.963277101516724,1.02006793022156,1.20420217514038,5.24E-01,6.27E-01,8.38E-01,8.68E-01,7.82E-01,-1.30671319121181,1.32212403672474,0,168,318,198,296,219,337,353,301,340,306,346,308,316,0.16,3.63,21.4,-0.376,2.26,0.594
0.746562063694,0.875354111194611,1.06036949157715,0.930253744125366,1.01591873168945,1.00716841220856,4.88E-01,6.15E-01,8.41E-01,8.52E-01,7.41E-01,0.866640318845975,1.15606738194518,0,170,372,153,357,166,393,308,348,294,334,311,366,272,1.34,6.28,26.5,-0.26,2.87,1.71
0.76635479927063,0.945054948329926,1.0425169467926,0.929885983467102,1.02247357368469,1.02971839904785,4.71E-01,6.37E-01,8.26E-01,8.59E-01,7.65E-01,17.819974948942,18.0798786713234,0,172,405,137,378,152,407,292,373,275,374,278,387,254,7.92,6.95,19,-0.28,15.8,3.61
0,0,0,0,0,0,0.00E+00,0.00E+00,0.00E+00,0.00E+00,0.00E+00,0.034922064709428,0.289056731390515,0,174,0,0,0,0,0,0,0,0,0,0,0,0,7.27,8.58,20.3,-0.268,1.48,5.28
0.783139526844025,0.952332139015198,1.05951499938965,0.960378289222717,1.02365922927856,1.01657676696777,4.84E-01,6.55E-01,8.34E-01,8.56E-01,7.68E-01,13.8495690407662,14.2434444747129,0,177,452,259,427,269,443,420,410,398,413,397,421,384,1.35,9.6,30.8,-0.339,8.32,3.36
0.745423197746277,0,1.0788322687149,0.926870942115784,1.01561081409454,1.00364255905151,4.81E-01,6.21E-01,8.17E-01,8.38E-01,6.90E-01,0.507234889784862,0.575319399962219,0,179,441,181,0,0,435,323,404,317,408,339,415,293,2.5,8.2,42.7,-0.354,3.34,5.24
0.76553863286972,0.884615361690521,1.05409395694733,0.934585928916931,1.03760242462158,0.959185779094696,4.54E-01,5.92E-01,8.35E-01,8.41E-01,7.95E-01,13.1909861109878,13.3506952411905,0,181,441,59.6,415,66.5,429,224,398,198,401,193,410,188,4.12,5.83,50.5,-0.332,10.1,2.5
0.668711662292481,0.938864648342133,0,0.659574449062347,0.946641266345978,0,0.00E+00,6.00E-01,6.47E-01,0.00E+00,9.18E-01,13.4228191648835,14.2413983858066,0,183,0,0,0,0,0,0,0,0,0,0,0,0,5.05,5.47,56.2,-0.318,8.63,1.04
0,0,0,0,0,0,0.00E+00,0.00E+00,0.00E+00,0.00E+00,0.00E+00,10.5657127322285,10.726770733545,0,185,0,0,0,0,0,0,0,0,0,0,0,0,4.17,6.75,69.3,-0.347,7.45,11.4
0,0,0,0,0,0,0.00E+00,0.00E+00,0.00E+00,0.00E+00,0.00E+00,5.74992250673228,6.36364963232253,0,187,0,0,0,0,0,0,0,0,0,0,0,0,5.86,11.6,80.6,-0.454,2.43,16.3
0.768282353878021,0.348970800638199,1.0962518453598,0.954628586769104,1.01442539691925,1.03240156173706,4.69E-01,6.00E-01,8.25E-01,8.46E-01,7.79E-01,-6.45679690855642,6.77173647592556,0,189,423,169,398,225,410,314,381,309,387,313,389,288,7.99,14,86.6,-0.408,2.45,10.3
0,0,0,0,0,0,0.00E+00,0.00E+00,0.00E+00,0.00E+00,0.00E+00,-0.143923523145136,0.702515623767067,0,191,0,0,0,0,0,0,0,0,0,0,0,0,4.31,15.7,102,-0.418,1.4,21.4
0.78234601020813,0.915408909320831,1.06098008155823,0.949933469295502,1.03305697441101,1.01345920562744,4.72E-01,6.00E-01,8.22E-01,8.68E-01,7.57E-01,-1.94340002453359,1.97389686651915,0,193,413,331,386,347,411,483,377,467,380,473,386,451,2.35,10.9,110,-0.383,1.08,2.95
0.772009432315826,0.915966391563416,1.05947268009186,0.937281310558319,1.03325486183167,0.999051034450531,4.73E-01,5.94E-01,8.16E-01,8.53E-01,7.66E-01,-2.96912824543771,2.99050159298675,0,195,412,314,389,334,405,465,376,451,380,460,385,426,1.9,6.46,118,-0.353,1.11,7.37
0.783692955970764,0.972972989082336,1.06348013877869,0.970462441444397,1.02633428573608,1.01855659484863,4.71E-01,6.13E-01,8.34E-01,8.63E-01,7.62E-01,4.49481202495825,5.79151397622758,0,198,404,301,379,320,400,456,369,439,374,446,378,424,0.546,0.768,125,-0.482,1.85,3.16
0.778600931167603,0,1.06164789199829,0.955076634883881,1.0264720916748,1.01848483085632,4.63E-01,5.89E-01,8.10E-01,8.51E-01,7.58E-01,-0.494810093014545,0.69441959500437,0,200,407,288,0,0,400,442,370,427,375,437,378,419,0.188,0.831,133,-0.438,2.07,2.6
0.789314448833466,0.897182047367096,1.05713760852814,0.958101212978363,1.01797640323639,1.00315248966217,4.77E-01,6.04E-01,8.30E-01,8.54E-01,7.75E-01,7.79111716140262,8.38345866740655,0,202,407,280,382,299,400,436,371,418,376,425,379,403,0.283,0.983,133,-0.479,3.83,0.911
0.769924163818359,0.894528687000275,1.06224536895752,0.958330392837524,1.02205395698547,0.974218845367432,4.55E-01,5.94E-01,8.15E-01,8.41E-01,7.83E-01,0.33990991394904,0.649903540880488,0,204,407,276,379,296,400,429,370,413,375,423,379,395,1.23,0.639,129,-0.406,1.58,4.7
0.78163880109787,0.891158878803253,1.05566489696503,0.965515553951263,1.01340961456299,1.00237464904785,4.51E-01,6.03E-01,8.24E-01,8.53E-01,7.67E-01,7.163115427313,7.271054564017,0,206,408,273,382,291,400,428,371,411,376,417,379,392,0.635,0.591,125,-0.407,2.39,0.39
0.768672645092011,0,1.05913197994232,0.947108924388886,1.02491652965546,1.00250709056854,4.50E-01,6.03E-01,8.30E-01,8.54E-01,7.27E-01,-4.71239749305268,4.8004811790889,0,208,409,251,0,0,404,400,372,387,377,399,381,366,0.74,0.3,117,-0.4,0.482,9.05
0.782666444778442,0.850000023841858,1.05524444580078,0.948935627937317,1.0254453420639,1.02027451992035,4.54E-01,5.99E-01,8.15E-01,8.62E-01,7.46E-01,-3.58954743874164,4.67077788143206,0,210,413,222,390,238,407,379,376,359,383,366,385,343,0.211,0.585,104,-0.477,4.37,2.29
0.771761655807495,0,1.05667006969452,0.947595715522766,1.04812693595886,0.981905519962311,4.53E-01,5.95E-01,8.14E-01,8.35E-01,7.49E-01,4.16906700375723,4.24360394613253,0,212,415,200,0,0,411,349,380,336,385,349,388,315,1.65,1.78,91.9,-0.373,2.93,5.09
0.76378059387207,0.944022119045258,1.0581773519516,0.966856837272644,1.03916990756989,0.996908068656921,4.46E-01,5.97E-01,8.22E-01,8.47E-01,7.70E-01,-2.37494067077517,2.52435741915375,0,214,424,158,413,166,419,315,388,295,395,295,397,278,0.873,0.737,76.3,-0.471,1.99,2.05
0.769500613212585,0.895368754863739,1.05002415180206,0.914464950561523,1.02452421188355,1.02725541591644,4.25E-01,5.80E-01,8.09E-01,8.41E-01,7.44E-01,-4.07274143975339,4.10288984470606,0,217,432,97.2,412,131,434,240,401,232,405,251,411,210,4.47,3.23,57.8,-0.474,2.18,0.571
0.779290497303009,0.884297549724579,1.04794311523438,0.91917496919632,1.00724637508392,1.0046398639679,4.31E-01,6.36E-01,8.12E-01,8.27E-01,7.45E-01,14.9449728086031,15.1521886059856,0,219,442,51.4,419,51,439,199,409,184,416,209,416,164,5.73,6.7,44.2,-0.511,8.14,20.3
0.771153509616852,0.947826087474823,1.05781364440918,0.933592736721039,1.04642260074615,0.999740123748779,4.29E-01,5.95E-01,8.11E-01,8.42E-01,7.37E-01,-0.205813169517763,2.8746907868963,0,221,448,158,424,187,446,303,415,293,419,311,421,274,1.12,5.17,36.4,-0.362,2.11,0.872
0.778064370155335,0,1.06032145023346,0.937715768814087,1.00606763362885,1.00699555873871,4.29E-01,5.91E-01,7.92E-01,8.37E-01,7.33E-01,8.98186574631483,9.20427661623241,0,223,447,102,0,0,446,255,417,238,422,244,423,223,2.87,3.3,28.7,-0.43,2.86,7.06
0.769868850708008,0,1.05732679367065,0.925767600536346,1.01258838176727,1.02864611148834,4.28E-01,5.98E-01,8.01E-01,8.31E-01,7.46E-01,8.38016414029083,9.4628859449439,0,225,450,71.8,0,0,455,213,421,205,424,222,430,186,2.08,2.66,26.4,-0.34,6.38,1.78
0.6220782995224,0,0,0.786470592021942,2.16343760490417,0,0.00E+00,6.32E-01,7.02E-01,0.00E+00,9.56E-01,3.61715458429367,4.97834798735824,0,227,0,0,0,0,0,0,0,0,0,0,0,0,1.27,2.14,24,-0.429,0.675,1.65
0.838042616844177,0,1.04741585254669,0.945947349071503,1.02285099029541,1.02007496356964,4.36E-01,5.97E-01,8.39E-01,8.40E-01,7.70E-01,2.27717347177797,2.8703201232244,0,229,400,4,0,0,436,131,402,127,403,146,410,106,0.65,1.84,24.9,-0.305,3,5.14
0,0,0,0,0,0,0.00E+00,0.00E+00,0.00E+00,0.00E+00,0.00E+00,4.82194415790372,15.552717076742,0,231,0,0,0,0,0,0,0,0,0,0,0,0,6.47,5.52,29.8,-0.437,17,4.68
0,0,0,0,0,0,0.00E+00,0.00E+00,0.00E+00,0.00E+00,0.00E+00,22.7702886010132,23.4918644760153,0,233,0,0,0,0,0,0,0,0,0,0,0,0,13.6,10,36.8,-0.471,22.9,583
0,0,0,0,0,0,0.00E+00,0.00E+00,0.00E+00,0.00E+00,0.00E+00,-23.2178017604286,30.7504020427499,0,236,0,0,0,0,0,0,0,0,0,0,0,0,17.4,11.1,40.3,-0.428,23.7,27.7
0.900072336196899,0.832051277160645,1.04759395122528,0.928028702735901,1.00834107398987,1.00938677787781,4.71E-01,5.97E-01,9.05E-01,8.66E-01,7.86E-01,-1.12719372119179,5.78110952300645,0,238,161,270,176,299,177,411,139,399,143,409,147,383,173,12.7,45.7,-0.293,3.54,552
0,0,0,0,0,0,0.00E+00,0.00E+00,0.00E+00,0.00E+00,0.00E+00,17.0850392749608,35.3083176659344,0,240,0,0,0,0,0,0,0,0,0,0,0,0,12.2,12.1,42.1,-0.404,44.7,7.53
0.868811011314392,0.890977442264557,1.04629588127136,0.931058585643768,1.02811908721924,0.979643762111664,4.59E-01,6.43E-01,9.42E-01,8.51E-01,8.13E-01,5.25509074275455,5.40076636779388,0,242,493,274,486,303,545,403,507,399,509,414,510,380,14.7,104,48.8,-0.39,5.7,5.56
0.872895956039429,0.948830425739288,1.04584050178528,0.919723391532898,1.02014803886414,1.05252885818481,4.62E-01,6.34E-01,9.36E-01,8.70E-01,7.96E-01,3.79978109262137,12.9787255443762,0,244,485,268,482,285,538,394,493,391,495,401,501,372,2.35,4.35,52.9,-0.331,4.73,4.67
0.882055342197418,0.88659793138504,1.03387320041657,0.91990739107132,1.02965009212494,1.00176227092743,4.73E-01,6.22E-01,9.24E-01,8.55E-01,8.18E-01,6.40290926579362,6.8327637027044,0,246,507,252,509,282,543,383,496,376,498,388,512,356,1.16,10.4,93.3,-0.438,4.68,5.72
0.894973456859589,0.949334681034088,1.05343627929688,0.960934281349182,1.01349544525146,1.0370911359787,4.81E-01,6.44E-01,9.10E-01,8.64E-01,8.07E-01,-3.37827463693136,3.42099717949264,0,248,582,228,576,227,551,366,514,339,517,337,530,328,0.77,7.95,98.2,-0.378,3.15,1.19
0.857406079769135,0.925284266471863,1.05955731868744,0.936348438262939,1.04169487953186,1.05596768856049,4.31E-01,6.34E-01,9.00E-01,8.37E-01,7.44E-01,7.55676023391387,8.57363528492502,0,250,609,174,604,182,564,298,531,274,529,283,552,261,0.398,8.57,62.8,-0.331,8,5.78
0.8834028840065,0.846186101436615,1.05470740795136,0.963454484939575,1.01675081253052,0.9806107878685,4.38E-01,5.78E-01,8.79E-01,8.46E-01,7.69E-01,-0.390432796624011,2.46534427171376,0,252,653,108,651,113,588,235,562,194,562,190,578,195,2.17,0.336,102,-0.31,2.44,4.13
0.57036966085434,0,0,0.587407410144806,0.906846225261688,0,6.38E-01,5.85E-01,6.12E-01,0.00E+00,9.81E-01,-3.8061514410425,4.34076192288951,0,255,0,0,0,0,0,0,0,0,0,0,0,0,2.26,3.02,60.2,-0.283,2.23,2.62
0.615220010280609,0.494674056768417,0.636993944644928,0.679047822952271,0,0.918918907642365,6.50E-01,5.83E-01,5.82E-01,6.72E-01,7.21E-01,9.97921250702336,10.0428976597243,0,257,0,0,0,0,0,0,0,0,0,0,0,0,3.54,6.42,58.2,-0.306,3.44,15.8
0,0,0,0,0,0,0.00E+00,0.00E+00,0.00E+00,0.00E+00,0.00E+00,2.90612281337908,3.19088090560845,0,259,0,0,0,0,0,0,0,0,0,0,0,0,7.86,7.94,96.2,-0.429,7.53,11.1
0,0,0,0,0,0,0.00E+00,0.00E+00,0.00E+00,0.00E+00,0.00E+00,-4.88002533582841,51.4332899280725,0,261,0,0,0,0,0,0,0,0,0,0,0,0,16.6,10.9,53.3,-0.359,52.9,47.8
0,0.877049207687378,0,0,0.942771077156067,0,0.00E+00,0.00E+00,0.00E+00,0.00E+00,0.00E+00,-6.51058407721403,12.0814205875854,0,263,0,0,0,0,0,0,0,0,0,0,0,0,31.8,14.5,95.7,0.331,3.54,51.4
0,0,0,0,0,0,0.00E+00,0.00E+00,0.00E+00,0.00E+00,0.00E+00,44.5011506381651,67.6754065541673,0,265,0,0,0,0,0,0,0,0,0,0,0,0,26.2,17.8,156,0.0232,89,35.9
0,0,0,0,0,0,0.00E+00,0.00E+00,0.00E+00,0.00E+00,0.00E+00,4.84478555523414,7.11656477940758,0,267,0,0,0,0,0,0,0,0,0,0,0,0,36.2,8.44,105,-0.117,13.3,39.8
0,0,0,0,0,0,0.00E+00,0.00E+00,0.00E+00,0.00E+00,0.00E+00,-8.09434312787579,11.9567215348716,0,269,0,0,0,0,0,0,0,0,0,0,0,0,9.68,21.3,105,-0.0226,17.7,41.5
0,0,0,0,0,0,0.00E+00,0.00E+00,0.00E+00,0.00E+00,0.00E+00,-2.81715953579913,4.67797323321069,0,271,0,0,0,0,0,0,0,0,0,0,0,0,9.58,33.5,165,-0.591,9.3,9.23
0,0,0,0,0,0,0.00E+00,0.00E+00,0.00E+00,0.00E+00,0.00E+00,41.91076808758,42.2225217631096,0,273,0,0,0,0,0,0,0,0,0,0,0,0,11.6,26.1,125,-0.762,39.6,19.1
0,0,0,0,0,0,0.00E+00,0.00E+00,0.00E+00,0.00E+00,0.00E+00,-6.47310920725825,12.6098424087312,0,276,0,0,0,0,0,0,0,0,0,0,0,0,22.6,10.3,94.7,-0.441,11.9,50.4
0.587770164012909,0.67619925737381,0.935840725898743,0.640100657939911,1.54931128025055,1.58827316761017,6.10E-01,5.29E-01,5.22E-01,5.61E-01,6.76E-01,-4.86499554314638,6.19541106229921,0,278,0,0,0,0,0,0,0,0,0,0,0,0,8.11,16.7,104,-0.815,0.741,10.9
0,0,0,0,0,0,0.00E+00,0.00E+00,0.00E+00,0.00E+00,0.00E+00,-3.10236249246873,3.50323668624105,0,280,0,0,0,0,0,0,0,0,0,0,0,0,8.96,23,170,-0.618,6.69,14.9
0,0,0,0,0,0,0.00E+00,0.00E+00,0.00E+00,0.00E+00,0.00E+00,-7.44937568352459,8.98321285424139,0,282,0,0,0,0,0,0,0,0,0,0,0,0,6.21,17.4,133,-0.404,6.36,4.97
0.88072407245636,0,1.06132924556732,0.950395882129669,1.04009687900543,1.04147326946259,4.65E-01,6.76E-01,9.20E-01,9.10E-01,8.21E-01,-0.725515797172372,5.24638991578823,0,284,306,309,0,0,421,341,387,376,380,392,386,354,5.27,13.6,134,-0.151,2.26,3.77
0.905279755592346,0.804878056049347,1.04956877231598,1.06936764717102,1.03382790088654,1.04009532928467,4.70E-01,6.82E-01,9.28E-01,9.23E-01,7.92E-01,-8.99478086961049,9.49301551965515,0,286,318,335,299,364,433,380,390,413,370,434,400,389,4.37,13.8,138,0.266,7.19,9.12
0.918311715126038,0.936615407466888,1.0275444984436,1.13688242435455,1.03074896335602,1.04155457019806,4.82E-01,7.10E-01,9.25E-01,9.03E-01,8.24E-01,-3.22209156268695,8.27246917141837,0,288,302,369,294,382,406,423,359,452,348,471,374,429,1.16,8.17,136,0.441,4.91,4.66
0.913847148418427,0.929146766662598,1.02189433574677,1.06581282615662,0.99841445684433,1.04452240467072,5.25E-01,6.87E-01,9.21E-01,9.30E-01,8.07E-01,-9.73114663048879,10.9446320274191,0,290,311,407,301,448,415,462,361,495,347,544,382,462,1.46,6.85,117,0.333,6.36,4.26
0.907326698303223,0,1.05596315860748,1.05568790435791,1.00917017459869,1.02902126312256,4.97E-01,6.82E-01,9.11E-01,9.30E-01,8.93E-01,-4.97121038538993,6.0472063701277,0,292,289,508,0,0,372,613,322,622,311,618,337,606,3.26,3.6,102,-0.0245,5.1,11.5
0,0,0,0,0,0,0.00E+00,0.00E+00,0.00E+00,0.00E+00,0.00E+00,-7.99914852584979,8.09220591115523,0,295,0,0,0,0,0,0,0,0,0,0,0,0,5.87,5.02,64,-0.0922,8.08,12.6
0.887412428855896,0.505703449249268,1.039067029953,0.970610022544861,0.999067842960358,1.01870334148407,5.03E-01,7.52E-01,9.21E-01,9.49E-01,8.91E-01,2.64302319938532,3.49776231109288,0,297,321,656,320,726,378,763,327,772,314,786,339,751,3.34,5.79,44.8,-0.146,4.62,11.8
0.877667605876923,0.941465616226196,1.05630075931549,1.08049845695496,1.03971982002258,1.01393485069275,5.13E-01,7.28E-01,9.32E-01,9.59E-01,8.97E-01,-4.45267828278845,4.67768559143834,0,299,290,531,245,547,349,649,296,648,280,647,314,635,1.87,5.84,29.1,-0.0984,4.72,15.6
0,0,0,0,0,0,0.00E+00,0.00E+00,0.00E+00,0.00E+00,0.00E+00,24.1068956615227,24.5396592011483,0,301,0,0,0,0,0,0,0,0,0,0,0,0,2.6,2.87,32.9,-0.221,18.9,7.67
0.908730924129486,0,1.03888773918152,0.995180726051331,1.03449416160584,1.05516386032105,4.97E-01,7.47E-01,9.24E-01,9.18E-01,8.26E-01,1.47937913710599,1.60159389403807,0,303,283,309,0,0,301,429,250,417,247,419,274,406,8.24,3.77,45.8,-0.145,10.9,15.1
0.888037800788879,0.904986500740051,1.07649779319763,0.956973254680634,1.06106245517731,1.02962183952332,4.77E-01,6.89E-01,9.28E-01,9.27E-01,8.34E-01,4.1877459090497,4.5720915320021,0,305,346,261,312,274,367,379,318,375,306,385,337,358,4.81,5.66,56.2,-0.21,3.85,5.44
0.860748708248138,0,1.05866873264313,1.08878910541534,1.02097189426422,1.09239447116852,4.84E-01,6.86E-01,9.25E-01,9.26E-01,8.37E-01,-3.83472155019865,4.21977525129896,0,307,312,237,0,0,342,358,289,349,282,349,310,339,2.57,7.93,56.3,-0.206,4.61,7.97
0.867370069026947,0.94646680355072,1.06693363189697,0.934921801090241,1.05087339878082,1.01006472110748,4.77E-01,7.02E-01,9.22E-01,9.48E-01,8.10E-01,-6.72651971626594,6.8147144561151,0,309,325,237,306,249,357,347,309,348,295,361,326,328,1.15,5.29,50.5,-0.339,5.24,0.97
0,0,0,0,0,0,0.00E+00,0.00E+00,0.00E+00,0.00E+00,0.00E+00,-15.8274192428704,16.0325609484354,0,311,0,0,0,0,0,0,0,0,0,0,0,0,3.83,3.09,47.4,-0.686,13.4,19.7
0.837285459041595,0,1.05632674694061,1.02864706516266,1.00916016101837,1.08530271053314,5.30E-01,7.67E-01,9.28E-01,9.51E-01,8.36E-01,10.200507207341,11.4240594104036,0,314,452,672,0,0,508,787,457,790,443,790,474,773,12.4,11.7,36.9,-0.631,12.5,10.3
0,0,0,0,0,0,0.00E+00,0.00E+00,0.00E+00,0.00E+00,0.00E+00,14.4283532018669,20.2261087976939,0,316,0,0,0,0,0,0,0,0,0,0,0,0,4.9,17.5,32.4,-0.215,20.9,22.8
0,0,0,0,0,0,0.00E+00,0.00E+00,0.00E+00,0.00E+00,0.00E+00,-1.77887793872273,8.65244029089484,0,318,0,0,0,0,0,0,0,0,0,0,0,0,6.43,16.5,25.9,-0.516,11,30.5
0.863170266151428,0.995726466178894,1.05682897567749,1.07057118415833,1.0495080947876,1.02583813667297,5.18E-01,7.52E-01,9.05E-01,9.33E-01,7.97E-01,-0.846534551659753,9.98349659096629,0,320,326,529,325,513,410,614,365,626,361,622,376,607,12.7,9.16,23.7,-0.776,11.6,19.6
0,0,0,0,0,0,0.00E+00,0.00E+00,0.00E+00,0.00E+00,0.00E+00,1.95819567695335,4.31411693202836,0,322,0,0,0,0,0,0,0,0,0,0,0,0,17.2,9.66,25.6,-1.05,8.89,34.8
0,0,0,0,0,0,0.00E+00,0.00E+00,0.00E+00,0.00E+00,0.00E+00,4.28406438966328,12.6633476770467,0,324,0,0,0,0,0,0,0,0,0,0,0,0,10.4,8.33,26.3,-0.827,36,23.1
0.877004265785217,0.919457733631134,1.04993939399719,1.10735809803009,1.04546713829041,1.04634475708008,5.67E-01,7.53E-01,9.01E-01,9.19E-01,8.07E-01,0.969150051091374,4.70805971381027,0,326,613,422,611,436,703,462,660,498,649,519,666,477,14.3,7.69,30,-0.962,6.61,25.1
0.8355553150177,0,1.0704220533371,1.13655245304108,1.04340374469757,1.10221290588379,5.28E-01,7.34E-01,9.07E-01,9.59E-01,8.24E-01,-1.30685410126529,1.52411407517524,0,328,368,303,0,0,478,356,427,379,415,380,442,365,8.1,3.94,42.8,-0.902,5.06,15
0.894054710865021,0,1.09344279766083,1.02831435203552,1.07644557952881,1.12241017818451,5.27E-01,7.29E-01,9.40E-01,9.70E-01,8.31E-01,13.4414441054381,13.4892937657032,0,330,343,281,0,0,442,285,402,318,403,334,404,298,4.28,5.91,52.8,-0.981,6.96,12.5
0.923302233219147,0.900862097740173,1.0505690574646,1.25969791412354,1.02638697624207,1.31179046630859,5.44E-01,7.54E-01,9.01E-01,9.62E-01,8.09E-01,-13.2127384645091,13.2593265412499,0,333,336,388,350,339,429,333,392,379,401,417,397,354,1,3.56,69.1,-0.867,13.7,5.47
0.878497540950775,0.974963188171387,1.05492687225342,1.13907325267792,1.02593541145325,1.07545781135559,5.48E-01,7.59E-01,8.88E-01,9.66E-01,8.58E-01,13.0692449190636,14.1486069757307,0,335,386,426,384,426,488,444,445,485,436,504,454,450,2.33,5.09,74.9,-0.98,10.4,6.63
0.858082950115204,0,1.08906853199005,0.979369342327118,1.03993558883667,1.14541268348694,5.19E-01,7.23E-01,9.13E-01,9.34E-01,8.14E-01,-0.019875687370605,4.06425226105596,0,337,331,220,0,0,436,271,394,295,383,293,401,285,4.66,3.59,75.9,-1.11,2.51,3.72
0.907596409320831,0,1.06868016719818,1.04222881793976,1.09289407730103,1.30187427997589,5.17E-01,6.97E-01,1.02E+00,0.00E+00,7.44E-01,9.43254957409731,9.54490848331306,0,339,303,212,0,0,401,207,366,242,365,257,364,222,5.32,2.91,74.4,-1.47,11.2,7.26
0.907513856887817,0.924528300762177,1.06592094898224,1.10102713108063,1.02453541755676,1.09606373310089,4.97E-01,7.16E-01,9.12E-01,9.40E-01,8.04E-01,-2.69309301198772,4.23857160570286,0,341,301,212,291,182,404,206,370,239,367,250,372,215,3.11,6.03,68.5,-1.25,0.597,8.58
0.924994587898254,1.00943398475647,1.05696177482605,1.16721642017365,1.03346538543701,1.03300321102142,5.19E-01,7.29E-01,9.15E-01,9.96E-01,8.54E-01,11.6720592459805,11.7000691427262,0,343,279,249,274,243,377,223,349,265,345,278,343,242,1.21,5.64,62.2,-1.28,14.5,3.75
0.928589940071106,0,1.06763482093811,1.1920657157898,1.01063120365143,1.54371476173401,5.11E-01,7.35E-01,9.48E-01,9.44E-01,8.34E-01,-0.635976746854141,2.80042684648187,0,345,271,234,0,0,370,204,339,249,334,260,336,232,0.926,5.39,47.6,-1.36,3.98,5.79
0.932865917682648,0.947252750396729,1.09311294555664,1.07780003547668,1.05761289596558,1.05566024780273,5.10E-01,7.35E-01,9.50E-01,1.00E+00,8.13E-01,2.86075976729544,3.68757201743044,0,347,267,215,260,187,365,193,334,234,333,246,333,206,1.93,2.81,35.6,-1.14,1.23,13.1
0.952881991863251,0,1.0680536031723,1.29537034034729,1.00665283203125,1.1320788860321,5.27E-01,6.90E-01,9.36E-01,9.31E-01,8.55E-01,3.50822911378116,3.908500333535,0,349,242,227,0,0,336,201,305,252,299,268,310,229,2.84,3.77,26.7,-1.19,2.73,2.4
0.922173023223877,0.905982911586762,1.07706153392792,1.4251800775528,1.01862514019012,1.08867788314819,5.41E-01,6.93E-01,9.25E-01,1.12E+00,8.69E-01,-5.03800572742651,5.05633589140824,0,351,257,219,248,233,362,222,327,264,306,266,335,242,2.14,2.88,13.3,-1.25,5.29,7.01
0.960756182670593,1.19203186035156,1.08431208133698,1.23151922225952,1.03060245513916,1.10283744335175,5.14E-01,7.08E-01,9.50E-01,9.73E-01,8.18E-01,1.07080535978922,3.69441758143782,0,354,261,189,251,217,362,187,328,222,328,214,331,204,6.66,5.7,20.1,-1.14,11,5.03
0.967418074607849,0,1.09683859348297,1.07125186920166,1.0091917514801,1.02495610713959,5.36E-01,7.08E-01,9.23E-01,0.00E+00,9.16E-01,-3.52301384162354,3.62018733223475,0,356,235,149,0,0,328,119,306,156,307,157,300,136,5,6.33,29.9,-0.877,5.36,29.7
0.970093965530396,0,1.07615888118744,1.28197765350342,1.03432154655457,1.08878445625305,5.00E-01,6.57E-01,9.68E-01,9.61E-01,8.38E-01,-3.67381324721484,7.362611565159,0,358,486,238,0,0,580,201,552,246,550,270,555,220,7.71,8.56,41.3,-0.812,4.07,6.15
0.972806334495544,0.935571193695068,1.11145222187042,1.22756898403168,1.0694317817688,1.07161343097687,5.08E-01,6.69E-01,9.04E-01,1.04E+00,8.58E-01,-2.68129471287669,3.39303351315627,0,360,491,200,494,174,585,171,558,209,559,233,559,185,7.33,7.11,47.7,-0.778,13.8,19.1
0.967326402664185,0,1.10045087337494,1.25983440876007,1.03532183170319,1.0176819562912,5.09E-01,7.06E-01,8.81E-01,9.74E-01,8.36E-01,-2.03695637125119,2.05077131178077,0,362,467,190,0,0,561,150,536,191,535,205,536,170,2.78,9.07,57.1,-0.501,2.46,2.89
0.97756153345108,0,1.10504925251007,1.19628131389618,1.04118144512177,1.09118759632111,5.09E-01,7.08E-01,9.38E-01,0.00E+00,8.51E-01,0.851242092930226,8.376900200399,0,364,447,212,0,0,535,170,515,211,519,221,504,198,0.905,8.99,63.8,-0.637,7.27,4.97
0.936202168464661,0,1.08572447299957,1.30208110809326,1.0123565196991,1.19112241268158,5.32E-01,7.03E-01,9.09E-01,1.06E+00,7.80E-01,-2.03682688691731,6.80891009967108,0,366,482,234,0,0,581,219,555,265,547,279,552,240,2.51,6.08,69.7,-0.35,5.2,2.16
0.937005817890167,0.945812821388245,1.08694970607758,1.18906760215759,1.06155240535736,1.07037115097046,4.96E-01,7.07E-01,9.21E-01,1.09E+00,7.99E-01,6.24938828838284,6.67953804988573,0,368,478,197,480,214,585,197,558,238,554,257,551,215,1.69,3.26,69.6,-0.159,4.19,5.03
0.975650668144226,0,1.11962080001831,1.21257138252258,1.07579612731934,1.08491468429565,5.21E-01,7.06E-01,9.07E-01,9.62E-01,8.53E-01,6.43503283351169,6.64006294211538,0,370,452,168,0,0,548,132,523,171,524,181,515,151,2.38,4.21,69.2,0.258,2.69,2.18
0.844661891460419,0,1.08389949798584,1.52826023101807,1.01470589637756,1.02390253543854,5.13E-01,7.01E-01,9.67E-01,1.05E+00,9.32E-01,-14.3123241859573,14.5553333137009,0,373,0,0,0,0,0,0,0,0,0,0,0,0,2.3,1.33,64.8,0.365,14.1,18
0,0,0,0,0,0,0.00E+00,0.00E+00,0.00E+00,0.00E+00,0.00E+00,8.5355490550525,8.72650596268123,0,375,0,0,0,0,0,0,0,0,0,0,0,0,4.59,2.2,61.2,-0.168,17.9,1.58
0.953459203243256,0.996339678764343,1.0739905834198,1.30703413486481,1.03552651405334,1.03126299381256,5.54E-01,7.81E-01,9.35E-01,1.20E+00,8.17E-01,-2.36352781856389,6.05381422131541,0,377,632,299,635,310,728,289,688,331,682,382,701,304,2.32,5.05,52.3,-0.733,2.64,9.02
0,0,0,0,0,0,0.00E+00,0.00E+00,0.00E+00,0.00E+00,0.00E+00,-8.88205320120509,9.44552876912357,0,379,0,0,0,0,0,0,0,0,0,0,0,0,15.2,12.2,44,-0.639,24,5.97
0,0,0,0,0,0,0.00E+00,0.00E+00,0.00E+00,0.00E+00,0.00E+00,0.820467799051473,11.4510590978414,0,381,0,0,0,0,0,0,0,0,0,0,0,0,12.6,14,36.9,-0.597,16.7,39.8
0.847316563129425,0,1.07230830192566,1.2014719247818,1.06435465812683,0.990890085697174,5.35E-01,7.94E-01,9.34E-01,1.05E+00,8.70E-01,-4.77547822824426,5.06365281932224,0,383,444,448,0,0,599,429,563,470,545,485,568,443,6.76,17.9,30.6,-0.203,8.27,10.7
0,0,0,0,0,0,0.00E+00,0.00E+00,0.00E+00,0.00E+00,0.00E+00,-6.34500944334773,6.95979459974925,0,385,0,0,0,0,0,0,0,0,0,0,0,0,2.53,7.24,33.9,-0.794,13.6,21.7
0.968610405921936,0,1.01156866550446,1.0006217956543,1.03816044330597,1.48394513130188,5.68E-01,8.84E-01,8.88E-01,8.88E-01,8.36E-01,1.13502969798253,1.55463036993571,0,387,280,611,0,0,276,490,286,532,292,544,273,545,6.41,5.32,41.5,-0.841,22.7,51.7
0,0,0,0,0,0,0.00E+00,0.00E+00,0.00E+00,0.00E+00,0.00E+00,15.1165792017085,16.3567053459632,0,389,0,0,0,0,0,0,0,0,0,0,0,0,5.6,7.68,53.2,-0.981,29.3,14.8
0.857041358947754,0,1.06459283828735,1.00379526615143,1.0762186050415,1.02425467967987,5.15E-01,7.90E-01,9.39E-01,9.66E-01,9.98E-01,12.6748132467696,12.7100719865371,0,392,220,587,0,0,196,457,240,489,260,503,215,485,4.7,8.71,67.4,-0.842,8.25,14
0,0,0,0,0,0,0.00E+00,0.00E+00,0.00E+00,0.00E+00,0.00E+00,28.1886225136177,30.2134841049619,0,394,0,0,0,0,0,0,0,0,0,0,0,0,21,7.16,77,-0.992,42.9,3.16
0,0,0,0,0,0,0.00E+00,0.00E+00,0.00E+00,0.00E+00,0.00E+00,-12.5740464369646,12.7633453814617,0,396,0,0,0,0,0,0,0,0,0,0,0,0,15.3,12.4,80.3,-1.28,11.9,35.9
0,0,0,0,0,0,0.00E+00,0.00E+00,0.00E+00,0.00E+00,0.00E+00,2.03960144475388,16.1598242083264,0,398,0,0,0,0,0,0,0,0,0,0,0,0,10.7,13.9,83.3,-1.09,13.1,6.05
0,0,0,0,0,0,0.00E+00,0.00E+00,0.00E+00,0.00E+00,0.00E+00,3.56284429664359,5.41040954875578,0,400,0,0,0,0,0,0,0,0,0,0,0,0,8.14,15.5,83.2,-0.222,20.2,19.9
0,0,0,0,0,0,0.00E+00,0.00E+00,0.00E+00,0.00E+00,0.00E+00,-15.1198221531773,36.6908628077332,0,402,0,0,0,0,0,0,0,0,0,0,0,0,9.96,4.78,71,-0.0229,36.7,16.1
0,0,0,0,0,0,0.00E+00,0.00E+00,0.00E+00,0.00E+00,0.00E+00,-9.29574333987597,11.9954673348432,0,404,0,0,0,0,0,0,0,0,0,0,0,0,14.8,4.61,58.1,-0.496,4.29,17.7
0.88730263710022,0.896860957145691,1.06886100769043,1.2260115146637,1.1622474193573,1.05276489257813,5.41E-01,8.15E-01,9.57E-01,9.95E-01,8.29E-01,0.651118700724394,4.90357223003804,0,406,437,313,405,290,394,413,363,377,352,363,380,383,4.03,12.2,49.9,-0.918,5.03,11
0.855093836784363,0.814323604106903,1.07219707965851,1.33533370494843,1.17880296707153,1.11983835697174,5.45E-01,7.87E-01,9.03E-01,9.78E-01,8.35E-01,-16.0342162239738,16.5016801867345,0,408,271,293,255,299,277,385,229,366,195,377,256,355,12.2,14,33.2,-0.945,18.5,16.4
0,0,0,0,0,0,0.00E+00,0.00E+00,0.00E+00,0.00E+00,0.00E+00,-8.92301202809723,23.2009815664178,0,411,0,0,0,0,0,0,0,0,0,0,0,0,13.9,21.7,23.4,-1.51,12.2,22.3
0.891828954219818,1,1.03556430339813,1.44694077968597,1.20352709293365,1.05931866168976,5.61E-01,8.42E-01,9.30E-01,1.02E+00,7.97E-01,-8.800745530337,9.22838976936365,0,413,281,585,260,585,337,681,283,685,275,683,305,669,13.5,21,14.3,-1.78,17.3,59.6
0.805051326751709,1.01924884319305,1.05424416065216,1.46534097194672,0,1.06643080711365,4.96E-01,8.80E-01,9.29E-01,9.42E-01,8.77E-01,-11.6625565478812,12.8015139232629,0,415,311,264,299,287,374,358,316,361,0,0,343,348,5.57,16.4,13.8,-1.63,15.4,9.19
0.810922622680664,0,1.04391467571259,1.4811954498291,1.23404359817505,1.38582742214203,5.00E-01,7.68E-01,9.92E-01,9.17E-01,8.04E-01,-4.65243217833209,5.67573295651172,0,417,333,256,0,0,373,360,312,352,299,354,337,349,11.3,6.06,15.2,-1.8,4.76,37
0.832089900970459,0.918719232082367,1.07442653179169,1.55119812488556,1.27957952022553,1.04203772544861,4.92E-01,7.75E-01,8.72E-01,9.88E-01,7.78E-01,-0.766326758210691,10.8696696669105,0,419,295,237,260,242,348,326,298,330,290,337,317,316,4.52,7.65,13.1,-0.88,4.48,16.1
0.910586357116699,0,1.07108700275421,1.47126471996307,1.18641901016235,1.0436886548996,5.04E-01,8.09E-01,8.86E-01,9.22E-01,8.96E-01,5.2294761224209,18.5662563440576,0,421,282,325,0,0,378,363,331,382,330,385,343,362,7.72,14,24.3,-1.09,16.4,5.48
0.797142684459686,0.434634387493134,1.10797703266144,1.54273581504822,1.26586294174194,1.05872166156769,5.41E-01,7.85E-01,9.31E-01,1.04E+00,7.85E-01,-0.753129004588838,1.50327067021766,0,423,396,334,421,380,469,425,412,431,387,420,438,418,4.32,9.27,41.9,-1.06,5.55,3.34
0.896060109138489,0,1.1624835729599,1.6031049489975,1.34485447406769,1.09050035476685,5.40E-01,7.76E-01,8.91E-01,9.02E-01,8.22E-01,-7.787741465053,8.63435073314518,0,425,449,416,0,0,522,490,475,488,460,495,488,473,2.3,5.67,54.5,-0.905,4.76,2.17
0.910896241664887,0.857142865657806,1.1512758731842,1.52117383480072,1.30342352390289,1.07775163650513,5.09E-01,8.16E-01,9.21E-01,9.81E-01,9.09E-01,7.47854816306189,9.19470655254195,0,427,486,430,475,437,521,532,477,525,469,528,495,517,1.25,5.6,64.2,-0.9,2.74,9.6
0,0,0,0,0,0,0.00E+00,0.00E+00,0.00E+00,0.00E+00,0.00E+00,5.14305040166153,13.140701225188,0,430,0,0,0,0,0,0,0,0,0,0,0,0,8.67,6.71,66.6,-0.713,11.6,3.29
0.943250596523285,0.979289948940277,1.08609533309937,1.59256970882416,1.33390247821808,1.05010545253754,5.77E-01,7.78E-01,8.87E-01,1.00E+00,9.69E-01,2.52124220256268,15.616256623518,0,432,194,276,212,294,291,289,269,321,275,352,256,297,4.54,3.76,66.5,-1.61,27.5,16.4
0,0,0,0,0,0,0.00E+00,0.00E+00,0.00E+00,0.00E+00,0.00E+00,-37.3254331872231,47.2048518912638,0,434,0,0,0,0,0,0,0,0,0,0,0,0,26.2,7.59,54.5,-2.34,37.8,10.6
0,0,0,0,0,0,0.00E+00,0.00E+00,0.00E+00,0.00E+00,0.00E+00,-5.3425693100949,7.81336917235758,0,436,0,0,0,0,0,0,0,0,0,0,0,0,21.5,19.2,38.5,-2.48,17.5,23.3
0,0,0,0,0,0,0.00E+00,0.00E+00,0.00E+00,0.00E+00,0.00E+00,20.9801511662479,21.9238201978586,0,438,0,0,0,0,0,0,0,0,0,0,0,0,14,33.3,34.3,-1.73,17.1,22.5
0,0,0,0,0,0,0.00E+00,0.00E+00,0.00E+00,0.00E+00,0.00E+00,-37.1341985928951,37.57796524058,0,440,0,0,0,0,0,0,0,0,0,0,0,0,25.6,50.1,42.9,-1.28,27.6,68.7
0,0,0,0,0,0,0.00E+00,0.00E+00,0.00E+00,0.00E+00,0.00E+00,-2.98463926354454,17.339557817612,0,442,0,0,0,0,0,0,0,0,0,0,0,0,11.9,41,43.6,-1.17,15.5,76.9
0,0,0,0,0,0,0.00E+00,0.00E+00,0.00E+00,0.00E+00,0.00E+00,21.4385370563286,23.6342629856541,0,444,0,0,0,0,0,0,0,0,0,0,0,0,36.6,15.3,50.6,-0.142,40.8,59.4
0,0,0,0,0,0,0.00E+00,0.00E+00,0.00E+00,0.00E+00,0.00E+00,-26.8189943533353,27.5115341542649,0,446,0,0,0,0,0,0,0,0,0,0,0,0,14.1,12.4,86.8,-1.76,27,60.7
0,0,0,0,0,0,0.00E+00,0.00E+00,0.00E+00,0.00E+00,0.00E+00,-18.1420019725833,24.9804654813778,0,448,0,0,0,0,0,0,0,0,0,0,0,0,21.4,17.5,113,-0.564,10.7,39.3
0.88160628080368,0.905376315116882,1.15115582942963,1.82451963424683,1.42806851863861,1.07096076011658,5.84E-01,7.80E-01,8.95E-01,1.02E+00,8.36E-01,-6.29180578672022,7.76816599605012,0,451,261,542,305,545,329,610,273,601,242,626,311,590,2.89,3.57,161,0.774,17.2,17.4
0,0,0,0,0,0,0.00E+00,0.00E+00,0.00E+00,0.00E+00,0.00E+00,7.10696663480512,9.09219671378113,0,453,0,0,0,0,0,0,0,0,0,0,0,0,1.47,2.18,185,0.471,10,34.7
0.842028141021729,0,1.10008907318115,1.88155400753021,1.42436420917511,1.08055245876312,5.74E-01,7.71E-01,9.30E-01,8.94E-01,8.50E-01,13.7301170801943,16.1378655753542,0,455,507,348,0,0,526,453,485,443,492,435,507,431,11.8,9.05,224,-0.504,10.2,16
0,0,0,0,0,0,0.00E+00,0.00E+00,0.00E+00,0.00E+00,0.00E+00,5.91550445594676,6.89048991259206,0,457,0,0,0,0,0,0,0,0,0,0,0,0,8.16,5.9,231,-2.03,8.61,40
0.822108626365662,0,1.05849242210388,1.70496380329132,1.38261330127716,1.02372884750366,5.90E-01,7.61E-01,9.62E-01,1.03E+00,9.01E-01,6.43532289899296,7.09548082445594,0,459,590,120,0,0,701,194,645,210,614,215,670,190,9.23,16.5,220,-2.01,9.75,5.98
0.864951074123383,0,1.07665801048279,1.66667878627777,1.3435697555542,1.02408146858215,5.53E-01,7.62E-01,9.88E-01,8.78E-01,8.87E-01,9.09370388953382,9.53023721244576,0,461,554,124,0,0,637,187,597,217,591,206,609,195,14.1,18.3,221,-2.1,17.8,26.6
0.792050004005432,0.923728823661804,1.06816518306732,1.66810536384583,1.3884950876236,1.08330345153809,5.33E-01,7.98E-01,9.21E-01,9.94E-01,8.54E-01,-4.79040186484496,6.51358134638182,0,463,472,110,437,142,569,158,529,194,513,211,535,167,2.98,15.9,200,-2.2,8.34,13.2
0,0,0,0,0,0,0.00E+00,0.00E+00,0.00E+00,0.00E+00,0.00E+00,-13.4073133351915,14.533839581817,0,465,0,0,0,0,0,0,0,0,0,0,0,0,7.42,14.8,161,-2.29,23.8,21.2
0.855217695236206,0,1.07999420166016,1.70204401016235,1.28874707221985,1.09624469280243,5.16E-01,7.81E-01,9.17E-01,1.04E+00,8.12E-01,-0.711028020232916,3.42210423294341,0,467,299,295,0,0,418,295,386,334,376,353,388,310,7.2,12.2,138,-2.38,9.16,9.9
0.912395656108856,0,1.06536245346069,1.76682019233704,1.31670212745667,1.13541257381439,5.28E-01,7.78E-01,9.68E-01,9.56E-01,7.99E-01,6.77701404722679,7.51479836954373,0,470,238,286,0,0,360,287,334,324,341,351,322,304,1.84,8.54,101,-2.48,4.76,3.92
0.902964115142822,0,1.0744172334671,1.76058328151703,1.2910475730896,1.08407950401306,5.19E-01,7.81E-01,9.63E-01,1.03E+00,7.59E-01,-2.17832438316478,3.07209934719997,0,472,266,281,0,0,386,281,359,324,353,346,358,299,5.54,6.26,86.2,-2.57,6,7.34
0.936642169952393,0.923169255256653,1.0702965259552,1.83101665973663,1.23491716384888,1.1716206073761,6.05E-01,7.58E-01,9.20E-01,8.73E-01,8.48E-01,-3.5019376643661,4.63575112508001,0,474,211,301,223,319,361,339,330,363,327,351,330,356,2.95,3.55,87,-2.67,6.61,13.2
0.91697233915329,0.98525071144104,1.05845665931702,1.836256980896,1.1534435749054,1.03117096424103,5.35E-01,7.96E-01,1.01E+00,9.08E-01,7.56E-01,0.290526132563421,2.3452502084836,0,476,222,363,236,398,369,372,339,395,346,417,333,374,7.29,1.98,98.8,-2.76,6.82,15.8
0.928327322006226,0,1.06706440448761,1.86104047298431,0,1.07305562496185,5.43E-01,8.14E-01,1.06E+00,9.39E-01,8.07E-01,-5.63589531760284,6.39552972568216,0,478,278,354,0,0,449,369,419,391,0,0,403,372,2.5,4.65,102,-2.86,4.42,3.97
0.934025704860687,0.934397757053375,1.06649851799011,1.89523887634277,1.17447555065155,1.13101100921631,5.38E-01,8.15E-01,1.00E+00,8.95E-01,7.57E-01,2.50974621134273,16.7069821666841,0,480,309,362,303,372,460,370,430,390,429,410,417,369,3.03,5.85,110,-2.95,14.7,6.71
0.936120271682739,0.929152727127075,1.07493162155151,1.86722815036774,1.20576500892639,1.16468119621277,5.58E-01,8.02E-01,1.01E+00,9.24E-01,7.51E-01,-1.75412008529415,2.702615800488,0,482,288,360,296,375,442,361,409,383,414,406,389,364,6,4.79,107,-3.05,1.8,6.51
0,0,0,0,0,0,0.00E+00,0.00E+00,0.00E+00,0.00E+00,0.00E+00,-0.372954991361137,17.6090363314457,0,484,0,0,0,0,0,0,0,0,0,0,0,0,5.58,1.81,94.4,-3.14,12.3,2.78
0.959846138954163,0.941723525524139,1.07947814464569,1.94928872585297,1.32413768768311,1.18840909004211,5.81E-01,8.33E-01,1.25E+00,8.45E-01,7.67E-01,-2.06113825731382,4.6662776110811,0,486,549,352,545,373,712,349,679,379,672,402,669,355,9.87,2.4,91,-3.27,11.7,13.7
0.951785206794739,0.984595656394959,1.06136977672577,1.89574205875397,1.29275226593018,1.31667065620422,5.71E-01,8.68E-01,1.07E+00,8.84E-01,7.65E-01,-1.87013610409485,2.43086921786452,0,489,548,357,552,382,706,349,670,376,672,401,650,355,1.75,6.28,65.8,-3.4,2.09,3.74
0.955007910728455,0.902654886245728,1.0634902715683,1.78578531742096,1.21771669387817,1.1904581785202,5.45E-01,8.41E-01,1.02E+00,8.91E-01,7.94E-01,-0.017554398213077,2.87519498737527,0,491,536,359,537,378,687,352,652,374,657,402,628,356,1.6,6.18,52.9,-3.37,6.82,36.8
0.961330711841583,0.93917179107666,1.05314636230469,1.78719997406006,1.36831140518188,1.26464772224426,5.38E-01,8.29E-01,1.03E+00,9.63E-01,7.62E-01,-8.72203594446951,15.2198532545007,0,493,550,360,563,382,672,367,652,394,674,424,636,371,15.6,14.9,35.6,-2.04,13.2,13.4
0.959493935108185,0,1.04707765579224,1.95164835453033,1.57760977745056,1.19533693790436,6.03E-01,8.30E-01,1.38E+00,1.58E+00,9.07E-01,11.6421897205602,13.19423600168,0,495,0,0,0,0,0,0,0,0,0,0,0,0,5.34,7.28,20.2,0.189,32.2,106
0,0,0,0,0,0,0.00E+00,0.00E+00,0.00E+00,0.00E+00,0.00E+00,-18.4764929460317,19.0770365467443,0,497,0,0,0,0,0,0,0,0,0,0,0,0,41.4,18.5,7.07,0.154,32.6,5.63
0.951876282691956,0,1.03989517688751,1.50161290168762,1.33168995380402,1.10181820392609,6.66E-01,8.49E-01,1.01E+00,9.93E-01,8.43E-01,-18.8065016430094,19.17852040777,0,499,587,543,0,0,654,614,598,627,574,631,626,606,37.8,39.8,12.2,0.163,23.1,124
0,0,0,0,0,0,0.00E+00,0.00E+00,0.00E+00,0.00E+00,0.00E+00,28.8562904623328,28.8666083269221,0,501,0,0,0,0,0,0,0,0,0,0,0,0,17.7,38.7,19,-0.297,10.4,26.1
0,0,0,0,0,0,0.00E+00,0.00E+00,0.00E+00,0.00E+00,0.00E+00,-0.014039511325853,4.04694676116272,0,503,0,0,0,0,0,0,0,0,0,0,0,0,38.1,31.5,24.9,-0.438,12.4,66.1
0,0,0,0,0,0,0.00E+00,0.00E+00,0.00E+00,0.00E+00,0.00E+00,-20.3700857089736,21.4226382071133,0,505,0,0,0,0,0,0,0,0,0,0,0,0,10.4,26.8,43.9,-0.397,7.72,19.2
0,0.948905110359192,0,0,0.91786527633667,0,0.00E+00,0.00E+00,0.00E+00,0.00E+00,0.00E+00,-0.233236857781048,2.49553129146284,0,508,0,0,0,0,0,0,0,0,0,0,0,0,14.3,33.2,56.7,-0.306,14.3,0.443
0,0,0,0,0,0,0.00E+00,0.00E+00,0.00E+00,0.00E+00,0.00E+00,-8.93424928933275,8.99695755823569,0,510,0,0,0,0,0,0,0,0,0,0,0,0,10.5,38.5,72.4,-0.671,6.17,82.7
0,0,0,0,0,0,0.00E+00,0.00E+00,0.00E+00,0.00E+00,0.00E+00,-1.09523203379357,1.59523058706229,0,512,0,0,0,0,0,0,0,0,0,0,0,0,14.8,13.5,90.3,-0.721,6.17,13.5
0.885970950126648,0,1.06970381736755,1.61625850200653,1.24269926548004,1.16201162338257,5.76E-01,7.89E-01,9.36E-01,1.04E+00,8.32E-01,-11.4205207369331,12.3558677563253,0,514,530,251,0,0,630,287,586,323,562,334,600,293,12.6,4.86,112,-0.646,4.53,39.7
0.876999914646149,0.913818955421448,1.07845389842987,1.89039361476898,1.33654499053955,1.15553486347198,5.94E-01,7.38E-01,9.59E-01,1.07E+00,8.42E-01,0.131857604567115,2.08993951487311,0,516,527,251,519,263,616,303,567,335,541,355,589,307,2.75,6.62,131,-0.343,3.85,14.2
0.893457412719727,0.953554511070251,1.04677212238312,1.78473973274231,1.290194272995,1.13243889808655,5.46E-01,7.45E-01,9.30E-01,9.79E-01,7.87E-01,-0.470056756818471,4.13521951866125,0,518,512,291,521,269,605,335,552,363,529,373,576,340,1.1,18.4,149,-0.26,6.88,1.9
0.879413783550262,0,1.07031524181366,1.628981590271,1.28584778308868,1.20678079128265,5.73E-01,7.89E-01,9.43E-01,9.61E-01,8.25E-01,1.28042737378048,1.28911601711824,0,520,532,263,0,0,633,308,586,335,564,347,596,309,2.12,6.96,157,0.326,1.54,9.61
0.904816150665283,0,1.07757651805878,1.6164333820343,1.27534937858582,1.15299081802368,5.57E-01,7.83E-01,9.45E-01,9.17E-01,7.56E-01,-6.19354776630717,6.78173174931477,0,522,555,272,0,0,652,305,607,338,595,359,614,311,3.82,2.91,165,0.572,13.7,14.8
0.850352764129639,0,1.05558347702026,1.69576418399811,1.35039818286896,1.25973725318909,5.95E-01,7.33E-01,1.05E+00,9.45E-01,8.36E-01,-3.41128149088183,4.49180497994607,0,524,520,356,0,0,644,356,595,402,569,415,615,372,9.26,5.43,166,0.581,3.06,4.84
0.893094062805176,0,1.04620027542114,1.59342157840729,1.28304815292358,1.13570833206177,6.16E-01,7.68E-01,1.01E+00,9.08E-01,7.86E-01,3.44247421549159,5.2128582073086,0,526,539,336,0,0,643,365,594,397,565,417,613,368,1.75,7.94,152,0.452,11.3,14.3
0.90623927116394,0,1.05104982852936,1.55716383457184,1.3476665019989,1.20073914527893,6.25E-01,7.81E-01,9.77E-01,9.28E-01,7.57E-01,36.2939119661095,36.5641864145546,0,529,568,306,0,0,674,347,625,376,597,397,641,353,16.5,2.01,129,-0.499,45.9,32.8
0.871251940727234,0,0,0,0.974137902259827,0,0.00E+00,9.89E-01,0.00E+00,0.00E+00,0.00E+00,-5.81761086175887,6.34573722806891,0,531,0,0,0,0,0,0,0,0,0,0,0,0,17.2,7.92,108,-0.142,28.8,15.6
0.9308100938797,0,1.08305478096008,0,0,2.70134401321411,5.78E-01,8.00E-01,9.84E-01,2.01E+00,8.83E-01,-22.9852067302826,25.5651996397944,0,533,0,0,0,0,0,0,0,0,0,0,0,0,15.6,16.6,77.6,0.493,36.6,47.2
0.870581567287445,0,1.02087771892548,0,1.13545680046082,1.19369578361511,6.13E-01,7.78E-01,9.82E-01,1.05E+00,8.16E-01,3.92906524049102,4.28531961679977,0,535,508,714,0,0,625,721,0,0,552,772,598,738,22.8,5.95,49.4,0.333,5.15,33.4
0.885003805160522,0.95434045791626,1.05170786380768,1.77537131309509,1.25599563121796,1.23444497585297,5.67E-01,7.63E-01,9.04E-01,1.13E+00,8.91E-01,-0.447882173345525,5.20594026057756,0,537,514,392,501,419,611,424,571,465,558,514,584,431,3.76,10.5,31.6,0.652,2.76,1.9
0.885584652423859,0,1.05016028881073,1.86367249488831,1.22564041614532,1.26737785339355,5.94E-01,7.76E-01,9.20E-01,9.75E-01,8.06E-01,2.64062226857331,10.434468521426,0,539,512,430,0,0,617,433,578,481,554,513,591,451,4.12,11.5,16.8,0.497,4.2,14
0.992436170578003,0,1.0441529750824,1.76323175430298,1.27852499485016,1.21850740909576,6.14E-01,7.25E-01,9.23E-01,9.81E-01,7.72E-01,1.58524486601574,1.614261031925,0,541,511,429,0,0,621,454,574,494,551,511,596,471,0.156,17.7,28.5,0.16,6.11,13.5
0.899250030517578,0,1.05096971988678,1.74361133575439,1.33499336242676,1.23087358474731,6.16E-01,7.60E-01,9.80E-01,9.04E-01,8.28E-01,-5.31783799280443,5.4052932912847,0,543,519,409,0,0,627,451,578,478,556,499,596,455,5.4,3.99,24.4,-0.0706,7.38,1.98
0.877732992172241,0,1.06630480289459,1.67964339256287,1.2799037694931,1.18257904052734,6.02E-01,7.57E-01,9.79E-01,1.04E+00,8.25E-01,2.20553874124398,4.90181813617263,0,545,510,398,0,0,617,430,575,464,556,484,588,439,5.05,5.6,19.5,-0.339,9.46,11.7
0.916890025138855,0.494988024234772,1.06539189815521,1.64603579044342,1.25307464599609,1.31971788406372,6.39E-01,7.77E-01,1.01E+00,9.28E-01,7.89E-01,-1.19722059760078,1.25980358542042,0,548,518,460,579,459,635,480,586,515,560,517,607,487,4.07,8.23,27.8,-0.0133,6.51,5.37
0.910436511039734,0.989270389080048,1.06194591522217,1.70686829090118,1.20502316951752,1.16325104236603,5.73E-01,7.54E-01,9.59E-01,9.69E-01,8.40E-01,-1.75555968975457,2.85507553540898,0,550,522,375,530,358,631,399,589,432,570,457,596,401,2.72,8.61,25.1,0.778,2.35,8.04
0.933946847915649,0.525557041168213,1.06801581382751,1.67359805107117,1.13843297958374,1.16011881828308,6.09E-01,8.36E-01,9.68E-01,9.83E-01,8.70E-01,-1.91311190281988,2.0198552401133,0,552,530,436,572,453,627,432,591,481,575,513,599,447,0.756,6.37,17.7,1.44,7.74,5.53
0.90456610918045,0,1.05215132236481,1.5431706905365,1.21279108524323,1.15249276161194,5.95E-01,7.82E-01,1.00E+00,9.98E-01,9.21E-01,-4.5910814173013,13.7269044512679,0,554,581,414,0,0,676,463,630,498,591,501,651,470,2.84,1.87,15.9,1.42,1.78,16.5
0.889840602874756,0,0.881762981414795,0.858644545078278,0,0.938468933105469,6.36E-01,7.83E-01,1.01E+00,8.99E-01,7.65E-01,-25.0292661735679,61.2401731068839,0,556,0,0,0,0,0,0,0,0,0,0,0,0,13.3,7.75,18.3,0.852,53.2,5.08
0,0,0,0,0,0,0.00E+00,0.00E+00,0.00E+00,0.00E+00,0.00E+00,5.44657962464037,9.44510541261885,0,558,0,0,0,0,0,0,0,0,0,0,0,0,12,5.88,11.9,-0.363,10.4,53
0,0,0,0,0,0,0.00E+00,0.00E+00,0.00E+00,0.00E+00,0.00E+00,24.7306542132604,27.4111620439886,0,560,0,0,0,0,0,0,0,0,0,0,0,0,13.3,8.93,9.34,-0.531,20.3,4.7
0.963000953197479,0,1.03172874450684,1.35906434059143,1.43356740474701,1.12419939041138,6.23E-01,7.43E-01,1.27E+00,8.78E-01,7.84E-01,-1.03894712022498,1.17245219998659,0,562,646,250,0,0,598,346,566,293,546,270,606,323,14,7,14.2,-0.508,4.19,50.5
0.996858656406403,0.919655680656433,1.03411245346069,1.55856537818909,1.57282829284668,1.62571024894714,6.41E-01,7.80E-01,1.01E+00,7.78E-01,8.63E-01,-5.51549485167689,6.21370272008875,0,564,0,0,0,0,0,0,0,0,0,0,0,0,3.94,10.3,15,-0.653,6.51,8.83
0.888655543327332,0,1.03402245044708,1.25135850906372,1.69125771522522,1.21593415737152,6.03E-01,7.13E-01,7.91E-01,9.73E-01,1.11E+00,1.37300111555623,6.76037644482561,0,567,594,265,0,0,544,362,512,295,504,281,535,332,0.793,11.6,17.6,-0.886,4.74,6.45
0.861187875270844,0.881243050098419,1.03378105163574,1.3228622674942,1.40370213985443,1.24021446704865,6.02E-01,7.36E-01,9.27E-01,9.03E-01,7.12E-01,-1.0851335762649,2.9678575576756,0,569,592,262,615,286,541,366,499,311,480,290,533,338,5.36,9.57,16.1,-1.09,3.75,12.9
0.908386647701263,0.928381979465485,1.04885697364807,1.38380634784698,1.44068896770477,1.19825804233551,6.19E-01,7.00E-01,9.14E-01,9.97E-01,8.04E-01,10.0514671191543,21.6791323287674,0,571,665,308,676,319,612,414,573,364,552,335,603,387,8.76,4.28,15.7,-1.29,25.1,1.98
0.914213359355927,0.892148375511169,1.04107570648193,1.29019713401794,1.43840157985687,2.36351203918457,5.85E-01,7.48E-01,9.65E-01,8.89E-01,7.77E-01,-2.63444278269397,2.96300094908049,0,573,650,262,660,267,596,356,561,304,536,275,570,311,7.05,5.9,11.1,-2.35,2.3,47.7
0,0,0,0,0,0,0.00E+00,0.00E+00,0.00E+00,0.00E+00,0.00E+00,19.3836563286128,23.7295513009695,0,575,0,0,0,0,0,0,0,0,0,0,0,0,20.5,11.3,11.3,-2.83,16.5,19.1
1.01094686985016,0,1.04711759090424,0.800848841667175,0,0.896878898143768,5.51E-01,7.81E-01,9.70E-01,8.71E-01,1.29E+00,43.5674528868032,56.1483124771153,0,577,0,0,0,0,0,0,0,0,0,0,0,0,33,27.8,11.8,-1.41,32.4,81.7
0,0,0,0,0,0,0.00E+00,0.00E+00,0.00E+00,0.00E+00,0.00E+00,12.7099027757517,22.3040111774862,0,579,0,0,0,0,0,0,0,0,0,0,0,0,2.47,27.8,22.3,-1.6,15.3,50.2
0.753756523132324,1.58479535579681,0.911504447460175,0.674293518066406,2.20499563217163,0.922191858291626,6.28E-01,6.29E-01,5.95E-01,6.47E-01,0.00E+00,20.2571205331025,24.8152391893602,0,581,0,0,0,0,0,0,0,0,0,0,0,0,16.4,21.8,33.3,-1.99,22.5,81.2
0,0,0,0,0,0,0.00E+00,0.00E+00,0.00E+00,0.00E+00,0.00E+00,17.1165205404547,28.9775100360361,0,583,0,0,0,0,0,0,0,0,0,0,0,0,15.7,18,51.6,-1.44,20.9,20.9
0,0,0,0,0,0,0.00E+00,0.00E+00,0.00E+00,0.00E+00,0.00E+00,4.21858374053209,6.5751576070661,0,586,0,0,0,0,0,0,0,0,0,0,0,0,14.7,26.1,87.9,-2.07,4.66,21.5
0,0,0,0,0,0,0.00E+00,0.00E+00,0.00E+00,0.00E+00,0.00E+00,-1.62540168139702,12.6557393236762,0,588,0,0,0,0,0,0,0,0,0,0,0,0,10.7,24.1,118,-1.94,31.2,67.6
0,0,0,0,0,0,0.00E+00,0.00E+00,0.00E+00,0.00E+00,0.00E+00,8.4532958906092,11.4807716893335,0,590,0,0,0,0,0,0,0,0,0,0,0,0,18.2,21.5,146,-2.06,28.2,46.2
0,0,0,0,0,0,0.00E+00,0.00E+00,0.00E+00,0.00E+00,0.00E+00,27.6683264064681,45.2509714371202,0,592,0,0,0,0,0,0,0,0,0,0,0,0,28.5,31,181,-0.938,39.2,82.6
0,0,0,0,0,0,0.00E+00,0.00E+00,0.00E+00,0.00E+00,0.00E+00,-30.9750032010862,34.2134845547497,0,594,0,0,0,0,0,0,0,0,0,0,0,0,45.3,31.9,216,2.31,12.5,80.8
0,0,0,0,0,0,0.00E+00,0.00E+00,0.00E+00,0.00E+00,0.00E+00,-40.9030342959832,44.6315416508106,0,596,0,0,0,0,0,0,0,0,0,0,0,0,21,52.5,246,1.89,60.1,51.1
0,0,0,0,0,0,0.00E+00,0.00E+00,0.00E+00,0.00E+00,0.00E+00,30.9930237086132,31.8692308826847,0,598,0,0,0,0,0,0,0,0,0,0,0,0,24.5,67.7,290,1.36,31.1,78
0,0,0,0,0,0,0.00E+00,0.00E+00,0.00E+00,0.00E+00,0.00E+00,28.3315568224992,30.6626461933861,0,600,0,0,0,0,0,0,0,0,0,0,0,0,21.5,56.6,338,0.918,25.5,34.3
0,0,0,0,0,0,0.00E+00,0.00E+00,0.00E+00,0.00E+00,0.00E+00,10.386428616979,11.5792224996323,0,602,0,0,0,0,0,0,0,0,0,0,0,0,7.96,42.6,365,0.215,6.76,7.29
0,0,0,0,0,0,0.00E+00,0.00E+00,0.00E+00,0.00E+00,0.00E+00,-1.59247439744119,8.32590681093603,0,604,0,0,0,0,0,0,0,0,0,0,0,0,12.2,26.5,408,-0.144,3.79,34.3
0.920458614826202,0.951612889766693,1.0621337890625,1.5778706073761,1.17840170860291,1.24764955043793,6.01E-01,7.81E-01,9.87E-01,8.94E-01,1.04E+00,-0.470587547759327,10.6045747976337,0,607,414,174,411,181,427,281,363,272,329,274,397,263,3.78,15,462,-0.0205,1.76,19.1
0,0,0,0,0,0,0.00E+00,0.00E+00,0.00E+00,0.00E+00,0.00E+00,-1.30023112076663,5.39003044569463,0,609,0,0,0,0,0,0,0,0,0,0,0,0,7.08,6.66,487,1.19,12,33.3
0.881945610046387,0,1.03006684780121,1.32496845722198,1.18471038341522,1.2015368938446,6.54E-01,7.60E-01,9.48E-01,9.37E-01,8.50E-01,3.11715215172284,3.52216923889812,0,611,165,250,0,0,249,338,191,346,173,351,212,332,8.78,3.32,495,1.03,15.4,24.6
0.935488641262054,0.878048777580261,1.02622842788696,1.44780147075653,1.32672369480133,1.3568811416626,5.59E-01,8.09E-01,8.40E-01,7.62E-01,8.56E-01,2.16809024607892,3.05930446157578,0,613,368,148,385,176,413,247,353,234,323,237,402,225,16.7,9.7,516,-0.0772,8.14,35.7
1.01059091091156,0.961767196655273,1.04202115535736,1.43383514881134,1.235964179039,1.15312659740448,6.92E-01,7.96E-01,9.78E-01,9.45E-01,9.11E-01,-2.55733954628191,16.5557566549237,0,615,311,410,291,419,368,503,309,513,285,529,340,492,7.69,12.4,505,-0.352,10.3,4.47
0.956157922744751,0,1.07660615444183,1.42657268047333,1.1628532409668,1.13177490234375,6.40E-01,7.95E-01,9.85E-01,9.51E-01,9.24E-01,-4.45380069829677,14.8427632059147,0,617,600,441,0,0,664,524,614,536,599,543,627,520,4.07,17.6,483,-0.241,4.51,12.9
0.894648253917694,0.939936757087708,1.05294322967529,1.41893088817596,1.13012516498566,1.16668975353241,6.46E-01,8.34E-01,9.68E-01,9.93E-01,9.03E-01,-7.16207458997375,7.44868945587387,0,619,326,453,289,472,401,519,356,546,345,555,365,535,3.22,12.9,461,0.0331,10.8,12.3
0.994165599346161,0,1.07584464550018,1.234330534935,1.10673010349274,1.24431252479553,6.18E-01,8.17E-01,9.40E-01,9.77E-01,9.06E-01,-9.73251049810236,10.2977937784457,0,621,291,433,0,0,351,514,301,527,295,538,305,515,2.19,6.4,423,0.852,7.51,3.32
0.946290791034699,0,1.0562059879303,1.43265426158905,1.1156895160675,1.24088943004608,6.00E-01,8.47E-01,9.71E-01,0.00E+00,8.88E-01,-5.10755956975427,8.30326541106332,0,623,345,428,0,0,415,484,363,497,390,495,385,469,4.81,2.77,370,0.998,5.86,8.74
0,0,0,0,0,0,0.00E+00,0.00E+00,0.00E+00,0.00E+00,0.00E+00,7.11937446884089,10.7511882088325,0,626,0,0,0,0,0,0,0,0,0,0,0,0,0.503,4.01,306,-0.806,2.3,22.5
0,0,0,0,0,0,0.00E+00,0.00E+00,0.00E+00,0.00E+00,0.00E+00,32.2414080651694,32.8036970902599,0,628,0,0,0,0,0,0,0,0,0,0,0,0,7.91,4.04,269,-1.39,9.65,8.47
0.958715617656708,0,0.901785731315613,0,0.843621373176575,0,9.22E-01,0.00E+00,9.48E-01,0.00E+00,0.00E+00,-6.79376947189472,13.0932135961302,0,630,0,0,0,0,0,0,0,0,0,0,0,0,8.12,10.9,226,-0.933,6.63,28.4
1.45736491680145,0.918918907642365,0.92268043756485,0.939642667770386,0.886297821998596,0.934370636940002,6.48E-01,9.43E-01,2.29E+00,7.31E-01,9.10E-01,4.22765406966171,6.62514627801189,0,632,0,0,0,0,0,0,0,0,0,0,0,0,4.85,8.43,187,-0.733,8.86,11.5
0,0,0,0,0,0,0.00E+00,0.00E+00,0.00E+00,0.00E+00,0.00E+00,20.7902559341235,23.0174827718402,0,634,0,0,0,0,0,0,0,0,0,0,0,0,13,14.4,166,0.138,24.5,11.5
0,0,0,0,0,0,0.00E+00,0.00E+00,0.00E+00,0.00E+00,0.00E+00,-6.72533444135928,8.63865811921583,0,636,0,0,0,0,0,0,0,0,0,0,0,0,6.23,9.05,139,0.216,5.99,70.5
0,0,0,0,0,0,0.00E+00,0.00E+00,0.00E+00,0.00E+00,0.00E+00,-26.6336483940197,30.2881986859386,0,638,0,0,0,0,0,0,0,0,0,0,0,0,37,12.8,114,0.188,35,16.4
0,0,0,0,0,0,0.00E+00,0.00E+00,0.00E+00,0.00E+00,0.00E+00,3.64759099824308,5.82339383446155,0,640,0,0,0,0,0,0,0,0,0,0,0,0,33.9,26.6,103,0.314,10.7,83.1
0,0,0,0,0,0,0.00E+00,0.00E+00,0.00E+00,0.00E+00,0.00E+00,-10.2529036886322,11.07985726232,0,642,0,0,0,0,0,0,0,0,0,0,0,0,2.49,34.8,84.3,0.0945,12,33.6
0,0,0,0,0,0,0.00E+00,0.00E+00,0.00E+00,0.00E+00,0.00E+00,-86.8672236343352,90.2488335955877,0,645,0,0,0,0,0,0,0,0,0,0,0,0,52.2,55.8,38.4,-0.668,78.5,7.65
0,0,0,0,0,0,0.00E+00,0.00E+00,0.00E+00,0.00E+00,0.00E+00,-36.8378087653886,59.8976184946304,0,647,0,0,0,0,0,0,0,0,0,0,0,0,64.4,76.7,12.7,-1.39,60.8,76.9
0,0,0,0,0,0,0.00E+00,0.00E+00,0.00E+00,0.00E+00,0.00E+00,-14.2503800066369,23.3274606521088,0,649,0,0,0,0,0,0,0,0,0,0,0,0,27.1,72.5,49.5,-1.13,21.9,249
0,0,0,0,0,0,0.00E+00,0.00E+00,0.00E+00,0.00E+00,0.00E+00,-158.938130255796,258.615634490668,0,651,0,0,0,0,0,0,0,0,0,0,0,0,62.1,77.3,116,-0.188,284,112
0,0,0,0,0,0,0.00E+00,0.00E+00,0.00E+00,0.00E+00,0.00E+00,47.9761339243439,53.7295797295617,0,653,0,0,0,0,0,0,0,0,0,0,0,0,84.7,38,160,0.31,43.4,252
0,0,0,0,0,0,0.00E+00,0.00E+00,0.00E+00,0.00E+00,0.00E+00,-3.5812427895862,80.7996862547353,0,655,0,0,0,0,0,0,0,0,0,0,0,0,44.8,57,230,0.733,59,84
0,0,0,0,0,0,0.00E+00,0.00E+00,0.00E+00,0.00E+00,0.00E+00,-14.6481771992182,26.7821046110091,0,657,0,0,0,0,0,0,0,0,0,0,0,0,27.6,71.1,295,-0.244,17.4,47.2
0,0,0,0,0,0,0.00E+00,0.00E+00,0.00E+00,0.00E+00,0.00E+00,-12.2955846010597,13.208332508194,0,659,0,0,0,0,0,0,0,0,0,0,0,0,27.8,46.9,337,-0.39,21.3,38.6
0,0,0,0,0,0,0.00E+00,0.00E+00,0.00E+00,0.00E+00,0.00E+00,5.6945879271007,12.0478508855258,0,661,0,0,0,0,0,0,0,0,0,0,0,0,14.2,35.9,390,0.49,29,69.5
0,0,0,0,0,0,0.00E+00,0.00E+00,0.00E+00,0.00E+00,0.00E+00,-3.5905702442286,7.47177028756673,0,664,0,0,0,0,0,0,0,0,0,0,0,0,19.1,33.8,384,-0.253,15.6,28.5
0,0.852459013462067,0,0,0,0.875527441501617,0.00E+00,0.00E+00,9.68E-01,0.00E+00,8.07E-01,-2.67530266846025,2.75100664964054,0,666,0,0,0,0,0,0,0,0,0,0,0,0,3.59,18.1,395,0.0654,12.6,19.8
0,0,0,0,0,0,0.00E+00,0.00E+00,0.00E+00,0.00E+00,0.00E+00,5.24641069517419,6.61255044282505,0,668,0,0,0,0,0,0,0,0,0,0,0,0,4.32,16.9,322,-0.428,3.88,18.3
0.895857453346252,0,1.08046138286591,0,1.01539707183838,1.48164629936218,6.57E-01,9.05E-01,9.24E-01,1.80E+00,9.10E-01,8.89212799548378,9.0137896564256,0,670,0,0,0,0,0,0,0,0,0,0,0,0,9.67,16.3,266,-0.236,7.26,16.1
0.94906485080719,1,1.02977728843689,1.33014810085297,1.04631817340851,1.07826709747314,6.78E-01,8.84E-01,9.54E-01,9.71E-01,9.26E-01,-4.08980886564685,4.40047256208972,0,672,413,286,449,242,534,274,484,309,487,325,500,282,9.56,14.3,230,-0.683,15.2,5.64
0.662759125232697,0.709862411022186,0.604007363319397,0.799279153347015,0.916965365409851,0.738738715648651,6.76E-01,6.33E-01,5.98E-01,6.08E-01,0.00E+00,0.990963890771404,6.37987436043121,0,674,0,0,0,0,0,0,0,0,0,0,0,0,8.15,22,139,-1.19,6.75,17.8
0.944892585277557,0.943005204200745,1.0276985168457,1.15630865097046,1.13663136959076,1.16240954399109,6.38E-01,7.97E-01,9.40E-01,8.97E-01,8.10E-01,-5.6063426614232,6.12056476717877,0,676,471,128,443,154,535,219,469,221,420,221,500,210,9.57,18.8,64.7,-0.564,7.32,14.5
0.901423752307892,0.945699393749237,1.71223437786102,0.869735240936279,1.15057909488678,1.37531983852386,6.71E-01,8.99E-01,9.27E-01,9.17E-01,9.46E-01,1.78114094462973,2.88302112382875,0,678,0,0,0,0,0,0,0,0,0,0,0,0,3.51,17.2,34.6,-0.747,0.683,3.36
0.953502893447876,0,0.881340980529785,1.01004350185394,1.27228724956512,0.968010604381561,6.66E-01,7.98E-01,8.76E-01,8.79E-01,6.82E-01,24.1023158225816,24.704922043048,0,680,0,0,0,0,0,0,0,0,0,0,0,0,9.6,19.2,94.6,-0.517,21.5,8.64
0,0,0,0,0,0,0.00E+00,0.00E+00,0.00E+00,0.00E+00,0.00E+00,-2.31461530660874,19.4824616209504,0,682,0,0,0,0,0,0,0,0,0,0,0,0,9.93,11.5,128,0.341,14.3,13.9
0,0,0,0,0,0,0.00E+00,0.00E+00,0.00E+00,0.00E+00,0.00E+00,-42.4661335186245,53.3280155133251,0,685,0,0,0,0,0,0,0,0,0,0,0,0,43.4,17.2,196,-0.459,44,19.7
0,0,0,0,0,0,0.00E+00,0.00E+00,0.00E+00,0.00E+00,0.00E+00,-74.5804165979738,76.4135274157198,0,687,0,0,0,0,0,0,0,0,0,0,0,0,54.6,44,166,-0.198,61.4,111
0,0,0,0,0,0,0.00E+00,0.00E+00,0.00E+00,0.00E+00,0.00E+00,-21.9752287917461,22.3552406169669,0,689,0,0,0,0,0,0,0,0,0,0,0,0,18.4,50.4,189,-0.565,23.5,73.9
0,0,0,0,0,0,0.00E+00,0.00E+00,0.00E+00,0.00E+00,0.00E+00,-21.4467622431025,24.2305560582752,0,691,0,0,0,0,0,0,0,0,0,0,0,0,20.2,73.9,160,1.07,11.3,13.8
0,0,0,0,0,0,0.00E+00,0.00E+00,0.00E+00,0.00E+00,0.00E+00,-44.5478500025448,44.9784139315512,0,693,0,0,0,0,0,0,0,0,0,0,0,0,18.3,63.4,89.5,-0.0913,25.9,34.8
0,0,0,0,0,0,0.00E+00,0.00E+00,0.00E+00,0.00E+00,0.00E+00,71.3513096728006,72.5086340103176,0,695,0,0,0,0,0,0,0,0,0,0,0,0,18.2,24.7,68.3,-0.0981,65.7,51.6
0,0,0,0,0,0,0.00E+00,0.00E+00,0.00E+00,0.00E+00,0.00E+00,9.43920112271656,9.46474453099285,0,697,0,0,0,0,0,0,0,0,0,0,0,0,17.6,26.8,12.8,0.127,21,12.9
0,0,0,0,0,0,0.00E+00,0.00E+00,0.00E+00,0.00E+00,0.00E+00,6.1176204220784,9.29369740404044,0,699,0,0,0,0,0,0,0,0,0,0,0,0,2.14,1.5,110,0.371,11.9,30.5
0,0,0,0,0,0,0.00E+00,0.00E+00,0.00E+00,0.00E+00,0.00E+00,-19.8953021157972,60.1155719150283,0,701,0,0,0,0,0,0,0,0,0,0,0,0,5.83,21.5,160,0.885,35,27.5
0,0,0,0,0,0,0.00E+00,0.00E+00,0.00E+00,0.00E+00,0.00E+00,1.25048864691852,8.8031395661602,0,704,0,0,0,0,0,0,0,0,0,0,0,0,7.37,20.4,249,0.615,13.5,31.8
0.890581667423248,0,0.977443635463715,0,1.09878647327423,1.52238547801971,7.30E-01,9.17E-01,9.82E-01,9.12E-01,1.03E+00,8.83757029684169,15.3306027336151,0,706,0,0,0,0,0,0,0,0,0,0,0,0,4.82,11.9,299,0.689,5.56,8.13
0,0,0,0,0,0,0.00E+00,0.00E+00,0.00E+00,0.00E+00,0.00E+00,2.05295604781154,7.96234536188977,0,708,0,0,0,0,0,0,0,0,0,0,0,0,5.74,13.4,340,1.42,8.4,20.2
0.981783509254456,0.982944369316101,1.05743443965912,1.27278852462769,1.09612512588501,1.18934726715088,6.69E-01,8.75E-01,1.01E+00,8.76E-01,8.64E-01,-11.2115324416333,17.6102601039347,0,710,789,309,638,369,703,406,656,408,688,425,665,390,7.11,10.1,314,1.39,12.4,22.2
0.94760137796402,0.924652993679047,1.07647228240967,1.08980059623718,1.04292154312134,0.999363243579865,7.41E-01,8.76E-01,9.19E-01,8.70E-01,0.00E+00,1.06759517398011,3.09712937950152,0,712,517,533,557,531,595,578,550,578,539,603,586,540,13,7.3,299,1.69,1.95,3.88
0.872771978378296,0.897424399852753,1.08837139606476,1.10333251953125,1.07081627845764,1.31059408187866,7.12E-01,9.00E-01,9.48E-01,9.05E-01,1.04E+00,-5.47658060636289,6.71108317863083,0,714,478,552,481,545,431,644,403,620,417,615,413,611,13.2,15.9,270,1.4,9.43,25
0,0,0,0,0,0,0.00E+00,0.00E+00,0.00E+00,0.00E+00,0.00E+00,2.13140783468316,2.16289988471352,0,716,0,0,0,0,0,0,0,0,0,0,0,0,18.6,27.7,195,0.923,2.19,18.2
0,0,0,0,0,0,0.00E+00,0.00E+00,0.00E+00,0.00E+00,0.00E+00,-18.5406568489991,19.9584809842276,0,718,0,0,0,0,0,0,0,0,0,0,0,0,13.3,34.5,145,-0.284,10.9,104
0,0,0,0,0,0,0.00E+00,0.00E+00,0.00E+00,0.00E+00,0.00E+00,-21.0642574901233,21.5133011712386,0,720,0,0,0,0,0,0,0,0,0,0,0,0,20.7,18.1,109,0.445,16.3,33.9
0,0,0,0,0,0,0.00E+00,0.00E+00,0.00E+00,0.00E+00,0.00E+00,-4.923820483673,5.51390557577544,0,723,0,0,0,0,0,0,0,0,0,0,0,0,6.33,18.8,59.7,1.54,1.55,1.67
0.894218921661377,0,1.09160530567169,1.3307238817215,1.19553732872009,1.13813960552216,6.74E-01,8.30E-01,9.14E-01,1.02E+00,8.90E-01,-6.74027896869308,11.5869060693998,0,725,782,255,0,0,733,375,680,376,702,403,691,366,5.96,24.1,44.2,0.307,13.9,30.3
0,0,0,0,0,0,0.00E+00,0.00E+00,0.00E+00,0.00E+00,0.00E+00,-4.01691092371525,4.04592474299778,0,727,0,0,0,0,0,0,0,0,0,0,0,0,14.5,18.5,45.9,0.52,3.66,7.65
0.806666612625122,0.957599103450775,1.06014716625214,1.24431562423706,1.16280293464661,1.2098833322525,6.70E-01,8.43E-01,9.72E-01,8.94E-01,9.12E-01,12.1185498970375,12.5799788821556,0,729,678,545,664,565,692,658,646,644,625,656,656,631,11.4,15.4,45.1,0.113,6.06,38.9
0.901311337947845,0.916095912456512,1.07547163963318,1.18521058559418,1.23487508296967,1.18534409999847,7.01E-01,8.68E-01,9.40E-01,8.85E-01,8.70E-01,-2.38336936739397,2.48342134418508,0,731,0,0,0,0,0,0,0,0,0,0,0,0,0.433,14,33.3,0.0372,2.57,11.6
0.995746076107025,0.897106111049652,1.07235968112946,1.19455146789551,1.19237995147705,0,7.19E-01,8.34E-01,9.92E-01,7.54E-01,8.53E-01,-9.23908180155523,9.82030943220812,0,733,503,496,553,522,581,564,552,566,549,579,0,0,2.18,15.8,41,0.673,12.7,10.3
0.865022718906403,0.948717951774597,1.04608583450317,1.23357224464417,1.1651097536087,1.16248297691345,6.89E-01,8.50E-01,9.59E-01,9.06E-01,8.80E-01,18.8126791239004,22.8797625936062,0,735,566,548,554,555,586,667,539,656,524,658,551,650,8.65,7.12,56.3,0.0665,25.2,6.12
0.82941335439682,0.60970151424408,1.04368615150452,1.25333821773529,1.16389167308807,1.12265515327454,6.95E-01,8.04E-01,9.09E-01,8.97E-01,8.19E-01,4.73957352001399,4.9172798698476,0,737,203,377,255,397,334,430,290,459,256,484,302,437,14.6,7.55,56.4,1.38,3.01,27.9
0.785736083984375,1.12100315093994,1.04276061058044,1.19301247596741,1.14465868473053,1.66041743755341,7.32E-01,8.11E-01,9.22E-01,8.96E-01,1.03E+00,-1.75014229322886,16.6841484391771,1,739,66.9,352,173,351,203,347,169,400,170,440,179,388,2.74,14.8,73.7,1.46,23.8,7.46
0.777750968933106,0.840245068073273,1.04830634593964,1.21339309215546,1.14697802066803,1.09664440155029,6.42E-01,7.88E-01,8.57E-01,9.01E-01,7.54E-01,-6.6975835658153,10.1777147362228,1,742,176,327,200,339,318,283,304,333,293,363,301,310,4.5,11.4,85.3,1.8,16.8,44.5
0,0,0,0,0,0,0.00E+00,0.00E+00,0.00E+00,0.00E+00,0.00E+00,-4.6048972739354,17.3938647877153,1,744,0,0,0,0,0,0,0,0,0,0,0,0,5.55,9.34,80.3,2.49,13.8,7.83
0,0,1.04531741142273,1.15500009059906,1.14143645763397,0,7.72E-01,0.00E+00,0.00E+00,9.26E-01,0.00E+00,3.55144751241092,23.7030672306198,1,746,0,0,0,0,69.2,560,99.2,600,102,623,0,0,6.46,7.73,72.4,2.68,12.1,67.5
0,0,0,0,0,0,0.00E+00,0.00E+00,0.00E+00,0.00E+00,0.00E+00,0.09089680668016,7.36399237454437,1,748,0,0,0,0,0,0,0,0,0,0,0,0,0.493,4.94,60.2,2.68,35.6,4.32
0.61293363571167,0.627118647098541,0,0,0.947268128395081,0.709265172481537,7.72E-01,5.57E-01,5.72E-01,5.42E-01,6.71E-01,1.09780699869121,31.674711515561,1,750,0,0,0,0,0,0,0,0,0,0,0,0,11.6,6.18,40.1,2.95,51.2,82.2
0.917877912521362,0.850000023841858,1.06004309654236,1.1595504283905,1.15084064006805,0,6.96E-01,8.75E-01,9.07E-01,8.62E-01,0.00E+00,4.43889840471949,12.2962221305378,1,752,139,557,125,524,99.4,444,133,432,141,437,0,0,31,19,23.4,4.51,11.8,3.37
0.940579473972321,0,1.06525456905365,1.16115987300873,1.17607998847961,1.16991603374481,6.41E-01,8.15E-01,9.35E-01,9.60E-01,8.91E-01,-4.93934354343795,22.1618667865413,1,754,412,715,0,0,294,648,342,628,386,631,331,652,29.5,38.1,27,3.61,49.8,48.6
0,0,0,0,2.1860249042511,0,0.00E+00,9.32E-01,9.33E-01,0.00E+00,0.00E+00,28.9459273617549,34.1075132439547,1,756,0,0,0,0,0,0,0,0,0,0,0,0,12.2,43.3,47.9,4.41,23.2,22.3
0.592652976512909,0,1.66942143440247,0,0.807154297828674,0.616943418979645,4.83E-01,5.73E-01,6.36E-01,5.48E-01,7.08E-01,-13.3534705689846,21.0741861325432,1,758,0,0,0,0,0,0,0,0,0,0,0,0,1.94,49.3,89.5,5.21,4.57,16.2
0,0,0,0,0,0,0.00E+00,0.00E+00,0.00E+00,0.00E+00,0.00E+00,-27.235920039828,39.90843095712,1,760,0,0,0,0,0,0,0,0,0,0,0,0,15.6,31,125,4.68,33.4,7.26
0,0,0,0,0,0,0.00E+00,0.00E+00,0.00E+00,0.00E+00,0.00E+00,13.6592464453244,14.878898239477,1,763,0,0,0,0,0,0,0,0,0,0,0,0,13.5,16.5,186,4.55,25.5,42.4
0,0,0,0,0,0,0.00E+00,0.00E+00,0.00E+00,0.00E+00,0.00E+00,-27.9229440081431,55.1200955264077,1,765,0,0,0,0,0,0,0,0,0,0,0,0,13.6,16.3,221,4.42,25,28.9
0.895236730575562,0,1.07304894924164,1.13945007324219,1.12037742137909,1.19204938411713,6.56E-01,8.02E-01,9.38E-01,9.47E-01,9.22E-01,-9.50293100733076,22.7115033033469,1,767,541,618,0,0,435,590,480,548,516,541,477,582,9.45,18.7,256,4.3,11.5,14.8
0,0,0,0,0,0,0.00E+00,0.00E+00,0.00E+00,0.00E+00,0.00E+00,-36.5460274252593,49.6940537995847,1,769,0,0,0,0,0,0,0,0,0,0,0,0,14,15.6,287,4.17,36.6,24.3
0.927351236343384,1.01600003242493,1.09314727783203,1.12534725666046,1.14595103263855,1.13899409770966,6.69E-01,8.11E-01,8.77E-01,1.00E+00,9.43E-01,-0.415189043832226,8.57987516551674,1,771,623,762,644,756,506,732,531,692,554,694,537,716,15.4,14.5,312,4.04,11.4,38.6
0,0,0,0,0,0,0.00E+00,0.00E+00,0.00E+00,0.00E+00,0.00E+00,-6.01955079225551,12.9018388913106,1,773,0,0,0,0,0,0,0,0,0,0,0,0,20.3,19.9,335,3.91,1.12,16.1
0,0,0,0,0,0,0.00E+00,0.00E+00,0.00E+00,0.00E+00,0.00E+00,1.45629121247756,9.48230609593192,1,775,0,0,0,0,0,0,0,0,0,0,0,0,15.7,22.6,339,3.78,17.8,53.5
0,0,0,0,0,0,0.00E+00,0.00E+00,0.00E+00,0.00E+00,0.00E+00,-0.669387421759777,14.4856483657702,1,777,0,0,0,0,0,0,0,0,0,0,0,0,11.5,27.4,338,3.71,3.58,12.3
0,0,0,0,0,0,0.00E+00,0.00E+00,0.00E+00,0.00E+00,0.00E+00,1.88915632798249,6.65903928039123,1,779,0,0,0,0,0,0,0,0,0,0,0,0,12.3,24.7,336,2.83,3.25,16.8
0.935522973537445,0,1.03926002979279,1.16842782497406,1.14173746109009,1.14952433109283,7.12E-01,7.74E-01,1.15E+00,9.11E-01,9.15E-01,1.98289996905326,29.7024622280507,1,782,486,448,0,0,427,565,408,509,392,478,423,533,6.54,20.1,314,2.87,6.06,7.58
0,0,0,0,0,0,0.00E+00,0.00E+00,0.00E+00,0.00E+00,0.00E+00,3.08018118573402,4.65948854007205,1,784,0,0,0,0,0,0,0,0,0,0,0,0,2.39,14.4,310,3.19,18.2,13.8
0,0,0,0,0,0,0.00E+00,0.00E+00,0.00E+00,0.00E+00,0.00E+00,4.94525586166564,9.09915813620994,1,786,0,0,0,0,0,0,0,0,0,0,0,0,13.8,7.66,300,2.91,15.8,13.1
0,0,0,0,0,0,0.00E+00,0.00E+00,0.00E+00,0.00E+00,0.00E+00,10.9164005483928,13.753971684003,1,788,0,0,0,0,0,0,0,0,0,0,0,0,9.37,6.23,290,3.01,18.3,8.86
0.838614046573639,0,1.09189367294312,1.04581367969513,1.08673131465912,1.09636378288269,6.22E-01,7.90E-01,9.46E-01,9.22E-01,8.60E-01,-6.1323852716005,9.95169447458134,1,790,96.9,441,0,0,6.52,346,48.9,334,65.5,311,41.6,354,1.03,11.5,285,3.15,17.7,14.4
0.932573139667511,0.941696107387543,1.07119572162628,1.09773826599121,1.08094990253448,1.24674904346466,6.65E-01,8.00E-01,8.99E-01,8.51E-01,8.22E-01,1.14018660134034,2.68887081283343,1,792,96.2,348,109,324,7.56,292,52.9,285,95.8,229,45.5,299,2.56,18,271,2.82,8.81,17.4
0.833755493164063,0,0,0,0,0,0.00E+00,7.49E-01,8.85E-01,8.99E-01,0.00E+00,-11.4672753369147,16.6054846674795,1,794,108,177,0,0,0,0,0,0,0,0,0,0,9.54,15.2,261,2.86,14.2,8.55
0,0,0,0,0,0,0.00E+00,0.00E+00,0.00E+00,0.00E+00,0.00E+00,7.36517964674582,12.718774180307,1,796,0,0,0,0,0,0,0,0,0,0,0,0,15.4,22.5,248,2.88,20.8,16.2
0,0,0,0,0,0,0.00E+00,0.00E+00,0.00E+00,0.00E+00,0.00E+00,10.5231108528817,25.8641570271863,1,798,0,0,0,0,0,0,0,0,0,0,0,0,18.7,25.5,236,2.51,23.5,36.6
0,0,0,0,0,0,0.00E+00,0.00E+00,0.00E+00,0.00E+00,0.00E+00,12.5932235084724,91.7972209156082,0,801,0,0,0,0,0,0,0,0,0,0,0,0,55.7,54.7,224,1.35,85.8,30.3
0,0,0,0,0,0,0.00E+00,0.00E+00,0.00E+00,0.00E+00,0.00E+00,3.29086616751686,125.167588050911,0,803,0,0,0,0,0,0,0,0,0,0,0,0,29.9,40.7,213,0.199,212,90.5
0,0,0,0,0,0,0.00E+00,0.00E+00,0.00E+00,0.00E+00,0.00E+00,-23.4071349940589,175.374809853039,0,805,0,0,0,0,0,0,0,0,0,0,0,0,65,77.9,240,-0.988,72,155
0,0,0,0,0,0,0.00E+00,0.00E+00,0.00E+00,0.00E+00,0.00E+00,-17.6002420491305,86.901712805715,0,807,0,0,0,0,0,0,0,0,0,0,0,0,43.2,62.6,261,-1.07,74,329
0,0,0,0,0,0,0.00E+00,0.00E+00,0.00E+00,0.00E+00,0.00E+00,-27.498118637361,30.4590107390315,0,809,0,0,0,0,0,0,0,0,0,0,0,0,113,78,249,-0.604,47.1,348
0,0,0,0,0,0,0.00E+00,0.00E+00,0.00E+00,0.00E+00,0.00E+00,-146.862888416156,204.221764219454,0,811,0,0,0,0,0,0,0,0,0,0,0,0,114,80.7,277,-0.44,221,235
0,0,0,0,0,0,0.00E+00,0.00E+00,0.00E+00,0.00E+00,0.00E+00,26.5076236938775,33.1085156759144,0,813,0,0,0,0,0,0,0,0,0,0,0,0,49.1,89.2,292,-0.897,16.4,225
0,0,0,0,0,0,0.00E+00,0.00E+00,0.00E+00,0.00E+00,0.00E+00,-3.68786251775996,17.4108678205962,0,815,0,0,0,0,0,0,0,0,0,0,0,0,4.3,132,247,-0.441,7.79,29.6
0,0,0,0,0,0,0.00E+00,0.00E+00,0.00E+00,0.00E+00,0.00E+00,29.9881503770593,30.3253616718358,0,817,0,0,0,0,0,0,0,0,0,0,0,0,6.66,82,217,-1.14,19.8,23.6
0,0,0,0,0,0,0.00E+00,0.00E+00,0.00E+00,0.00E+00,0.00E+00,-4.04738246715455,4.51598344588628,0,820,0,0,0,0,0,0,0,0,0,0,0,0,9.41,34.5,137,0.308,12,87.3
0,0,0,0,0,0,0.00E+00,0.00E+00,0.00E+00,0.00E+00,0.00E+00,-7.65526499488952,16.2308622752065,0,822,0,0,0,0,0,0,0,0,0,0,0,0,19,10.5,107,-0.171,16.1,31.7
0,0,0,0,0,0,0.00E+00,0.00E+00,0.00E+00,0.00E+00,0.00E+00,16.5099848651916,43.9364976272845,0,824,0,0,0,0,0,0,0,0,0,0,0,0,3.57,8.93,147,0.367,34.7,118
0,0,0,0,0,0,0.00E+00,0.00E+00,0.00E+00,0.00E+00,0.00E+00,-5.43984723940361,10.2609166132378,0,826,0,0,0,0,0,0,0,0,0,0,0,0,42.7,13.2,255,-0.475,37,20.9
0,0,0,0,0,0,0.00E+00,0.00E+00,0.00E+00,0.00E+00,0.00E+00,-13.4684513991179,17.4400265278387,0,828,0,0,0,0,0,0,0,0,0,0,0,0,24.5,24.2,305,0.466,48.2,59.6
0,0,0,0,0,0,0.00E+00,0.00E+00,0.00E+00,0.00E+00,0.00E+00,9.13875938354192,25.1197203214757,0,830,0,0,0,0,0,0,0,0,0,0,0,0,22.4,39.5,420,0.625,9.62,9.34
0,0,0,0,0,0,0.00E+00,0.00E+00,0.00E+00,0.00E+00,0.00E+00,-10.418755962617,17.3181076757303,0,832,0,0,0,0,0,0,0,0,0,0,0,0,13.6,43.3,464,0.738,25.2,30.4
0,0,0,0,0,0,0.00E+00,0.00E+00,0.00E+00,0.00E+00,0.00E+00,2.28692672949506,13.4679613345335,0,834,0,0,0,0,0,0,0,0,0,0,0,0,3.73,27,442,1.64,13.8,37.5
0,0,0,0,0,0,0.00E+00,0.00E+00,0.00E+00,0.00E+00,0.00E+00,-7.37920388634434,22.7153346028433,0,836,0,0,0,0,0,0,0,0,0,0,0,0,21,21.9,470,0.933,20.8,8.03
0,0,0,0,0,0,0.00E+00,0.00E+00,0.00E+00,0.00E+00,0.00E+00,4.47337279870545,18.453854170991,0,839,0,0,0,0,0,0,0,0,0,0,0,0,13.4,24.4,380,2.01,31.1,28.1
0,0,0,0,0,0,0.00E+00,0.00E+00,0.00E+00,0.00E+00,0.00E+00,-0.462591680635951,6.40006748574838,0,841,0,0,0,0,0,0,0,0,0,0,0,0,17.7,11.5,311,2.42,27.9,23.6
0,0,0,0,0,0,0.00E+00,0.00E+00,0.00E+00,0.00E+00,0.00E+00,4.7451549197968,53.5906585356577,0,843,0,0,0,0,0,0,0,0,0,0,0,0,16.1,19.8,208,2.83,41.6,9.71
0,0,0,0,0,0,0.00E+00,0.00E+00,0.00E+00,0.00E+00,0.00E+00,-0.304493800833885,2.66542564235608,0,845,0,0,0,0,0,0,0,0,0,0,0,0,23.8,23.8,156,3.25,4.57,34.4
0,0,0,0,0,0,0.00E+00,0.00E+00,0.00E+00,0.00E+00,0.00E+00,-3.64799244857996,7.26171198604312,0,847,0,0,0,0,0,0,0,0,0,0,0,0,3.99,25.1,135,3.66,3.13,12
0,0,0,0,0,0,0.00E+00,0.00E+00,0.00E+00,0.00E+00,0.00E+00,-12.4159381178299,16.0936752589747,0,849,0,0,0,0,0,0,0,0,0,0,0,0,8.62,30.3,125,4.07,17.5,5.86
0,0,0,0,0,0,0.00E+00,0.00E+00,0.00E+00,0.00E+00,0.00E+00,14.7897539620884,27.3734185738595,0,851,0,0,0,0,0,0,0,0,0,0,0,0,4.16,11.4,170,4.48,9.34,31.6
0,0,0,0,0,0,0.00E+00,0.00E+00,0.00E+00,0.00E+00,0.00E+00,47.477739698104,57.4228871096038,0,853,0,0,0,0,0,0,0,0,0,0,0,0,25.8,11.7,186,4.9,40.8,7.95
0,0,0,0,0,0,0.00E+00,0.00E+00,0.00E+00,0.00E+00,0.00E+00,-109.125208069568,112.75549108441,0,855,0,0,0,0,0,0,0,0,0,0,0,0,8.27,8.13,207,4.96,52.9,51.7
0,0,0,0,0,0,0.00E+00,0.00E+00,0.00E+00,0.00E+00,0.00E+00,11.562144576451,12.4702835868867,0,857,0,0,0,0,0,0,0,0,0,0,0,0,22.6,14.9,226,5.02,4.96,15.6
0,0,0,0,0,0,0.00E+00,0.00E+00,0.00E+00,0.00E+00,0.00E+00,-19.6767407739635,25.5450584662522,0,860,0,0,0,0,0,0,0,0,0,0,0,0,5.35,6.52,234,5.08,6.79,21.9
0,0,0,0,0,0,0.00E+00,0.00E+00,0.00E+00,0.00E+00,0.00E+00,-11.1706328292764,16.1247176508148,0,862,0,0,0,0,0,0,0,0,0,0,0,0,8.11,16,225,5.14,7.05,2.75
0,0,0,0,0,0,0.00E+00,0.00E+00,0.00E+00,0.00E+00,0.00E+00,-3.98978499801779,6.3688552888972,0,864,0,0,0,0,0,0,0,0,0,0,0,0,8.08,21.8,228,5.32,17.7,21.4
0,0,0,0,0,0,0.00E+00,0.00E+00,0.00E+00,0.00E+00,0.00E+00,15.0877067629971,21.6175927103719,0,866,0,0,0,0,0,0,0,0,0,0,0,0,4.23,6.4,208,5.5,12.6,18.6
0,0,0,0,0,0,0.00E+00,0.00E+00,0.00E+00,0.00E+00,0.00E+00,22.5019623507056,37.3353965085591,0,868,0,0,0,0,0,0,0,0,0,0,0,0,7.31,9.26,189,4.05,11,27.2
0,0,0,0,0,0,0.00E+00,0.00E+00,0.00E+00,0.00E+00,0.00E+00,7.99306717693276,14.6527474851568,0,870,0,0,0,0,0,0,0,0,0,0,0,0,7.37,7.83,183,2.59,3.61,23
0,0,0,0,0,0,0.00E+00,0.00E+00,0.00E+00,0.00E+00,0.00E+00,38.7728012115629,53.6787748859203,0,872,0,0,0,0,0,0,0,0,0,0,0,0,11.8,8.81,166,-0.636,36.3,11.9
0,0,0,0,0,0,0.00E+00,0.00E+00,0.00E+00,0.00E+00,0.00E+00,-6.17992225843456,28.7038126534032,0,874,0,0,0,0,0,0,0,0,0,0,0,0,17.5,17.2,149,-0.993,8.52,15.4
0,0,0,0,0,0,0.00E+00,0.00E+00,0.00E+00,0.00E+00,0.00E+00,-0.059271691959288,1.2852763838078,0,876,0,0,0,0,0,0,0,0,0,0,0,0,5.94,20.9,143,0.157,5.46,40.8
0,0,0,0,0,0,0.00E+00,0.00E+00,0.00E+00,0.00E+00,0.00E+00,3.24658335517625,7.80678777072048,0,879,0,0,0,0,0,0,0,0,0,0,0,0,11.4,13.1,134,0.332,12.1,7.23
0,0,0,0,0,0,0.00E+00,0.00E+00,0.00E+00,0.00E+00,0.00E+00,-3.21145754817616,6.33843230785272,0,881,0,0,0,0,0,0,0,0,0,0,0,0,10.6,11.4,124,0.317,1.53,37.8
0,0,0,0,0,0,0.00E+00,0.00E+00,0.00E+00,0.00E+00,0.00E+00,-39.7562639726995,44.6381246428802,0,883,0,0,0,0,0,0,0,0,0,0,0,0,14.6,5.46,122,0.178,36.8,10.7
0,0,0,0,0,0,0.00E+00,0.00E+00,0.00E+00,0.00E+00,0.00E+00,-30.9358509632631,38.7674549310933,0,885,0,0,0,0,0,0,0,0,0,0,0,0,20.3,7.17,127,0.374,16.2,30.7
0,0,0,0,0,0,0.00E+00,0.00E+00,0.00E+00,0.00E+00,0.00E+00,-18.8304779892867,19.1397281124293,0,887,0,0,0,0,0,0,0,0,0,0,0,0,3.92,12.8,123,-0.361,12.6,12.6
0,0,0,0,0,0,0.00E+00,0.00E+00,0.00E+00,0.00E+00,0.00E+00,29.9066119291407,31.7058077657811,0,889,0,0,0,0,0,0,0,0,0,0,0,0,8.67,13.8,113,0.3,20,2.14
0,0,0,0,0,0,0.00E+00,0.00E+00,0.00E+00,0.00E+00,0.00E+00,-14.9080588078667,18.5307108006282,0,891,0,0,0,0,0,0,0,0,0,0,0,0,8.43,10,121,0.424,9.06,6.75
0,0,0,0,0,0,0.00E+00,0.00E+00,0.00E+00,0.00E+00,0.00E+00,-18.4277728696166,20.4337861360011,0,893,0,0,0,0,0,0,0,0,0,0,0,0,3.3,8.29,111,-0.0802,7.33,17.5
0,0,0,0,0,0,0.00E+00,0.00E+00,0.00E+00,0.00E+00,0.00E+00,-9.29328660916475,10.9886123026801,0,895,0,0,0,0,0,0,0,0,0,0,0,0,9.94,13.8,103,-0.183,12.2,21
0,0,0,0,0,0,0.00E+00,0.00E+00,0.00E+00,0.00E+00,0.00E+00,13.5807090255876,43.5888554358809,0,898,0,0,0,0,0,0,0,0,0,0,0,0,14.5,5.89,92,0.088,25.7,37.1
0,0,0,0,0,0,0.00E+00,0.00E+00,0.00E+00,0.00E+00,0.00E+00,0.671489751036907,2.8805252163645,0,900,0,0,0,0,0,0,0,0,0,0,0,0,25,14.2,92,0.043,1.45,17.4
0,0,0,0,0,0,0.00E+00,0.00E+00,0.00E+00,0.00E+00,0.00E+00,2.19808174222114,2.67835001611198,0,902,0,0,0,0,0,0,0,0,0,0,0,0,12.1,28.7,80.6,-0.0185,2.16,29.3
0,0,0,0,0,0,0.00E+00,0.00E+00,0.00E+00,0.00E+00,0.00E+00,-3.50212000808218,3.79632431470072,0,904,0,0,0,0,0,0,0,0,0,0,0,0,3.35,28.9,74.4,-0.0919,1.93,2.62
0,0,0,0,0,0,0.00E+00,0.00E+00,0.00E+00,0.00E+00,0.00E+00,0.194619981896971,0.509016136014483,0,906,0,0,0,0,0,0,0,0,0,0,0,0,3.21,25.2,78.3,-0.0902,2.58,9.28
0,0,0,0,0,0,0.00E+00,0.00E+00,0.00E+00,0.00E+00,0.00E+00,-4.95722600296459,5.13482791219443,0,908,0,0,0,0,0,0,0,0,0,0,0,0,1.66,13.9,78.9,-0.181,5.17,3.27
0,0,0,0,0,0,0.00E+00,0.00E+00,0.00E+00,0.00E+00,0.00E+00,4.55403619311787,4.63675151736922,0,910,0,0,0,0,0,0,0,0,0,0,0,0,1.02,4.27,84.6,-0.161,3.94,4.18
0,0,0,0,0,0,0.00E+00,0.00E+00,0.00E+00,0.00E+00,0.00E+00,12.8548306131056,12.9121662146529,0,912,0,0,0,0,0,0,0,0,0,0,0,0,3.36,1.55,101,-0.239,8.29,4.05
0,0,0,0,0,0,0.00E+00,0.00E+00,0.00E+00,0.00E+00,0.00E+00,6.39734697949396,6.55658548005395,0,914,0,0,0,0,0,0,0,0,0,0,0,0,2.22,0.858,114,-0.376,3.55,10.4
0,0,0,0,0,0,0.00E+00,0.00E+00,0.00E+00,0.00E+00,0.00E+00,-1.07667803757608,1.5795926444114,0,917,0,0,0,0,0,0,0,0,0,0,0,0,4.13,1.49,133,-0.585,4.36,3.7
0,0,0,0,0,0,0.00E+00,0.00E+00,0.00E+00,0.00E+00,0.00E+00,-1.00583823584498,1.21926039605599,0,919,0,0,0,0,0,0,0,0,0,0,0,0,1.85,2.79,145,-0.577,3.14,4.56
0,0,0,0,0,0,0.00E+00,0.00E+00,0.00E+00,0.00E+00,0.00E+00,4.77570334666721,5.24738904101883,1,921,0,0,0,0,0,0,0,0,0,0,0,0,0.485,4.14,151,-0.673,1.98,0.33
0,0,0,0,0,0,0.00E+00,0.00E+00,0.00E+00,0.00E+00,0.00E+00,-2.61926140756642,3.29773370044487,1,923,0,0,0,0,0,0,0,0,0,0,0,0,0.867,4.52,149,-0.462,4.42,0.403
0,0,0,0,0,0,0.00E+00,0.00E+00,0.00E+00,0.00E+00,0.00E+00,1.37063613289959,2.46075356806154,1,925,0,0,0,0,0,0,0,0,0,0,0,0,0.646,3.36,141,-0.705,2.17,4.14
0,0,0,0,0,0,0.00E+00,0.00E+00,0.00E+00,0.00E+00,0.00E+00,-2.65637366875001,5.57124622481299,1,927,0,0,0,0,0,0,0,0,0,0,0,0,1.39,0.506,132,-0.587,2.63,5.87
0,0,0,0,0,0,0.00E+00,0.00E+00,0.00E+00,0.00E+00,0.00E+00,-1.71179359983735,1.77218275146595,1,929,0,0,0,0,0,0,0,0,0,0,0,0,2.76,1.47,112,-0.677,2.61,6.59
0,0,0,0,0,0,0.00E+00,0.00E+00,0.00E+00,0.00E+00,0.00E+00,2.13989032663295,6.76867160677866,1,931,0,0,0,0,0,0,0,0,0,0,0,0,2.03,3.63,90.4,-0.502,2.06,19
0,0,0,0,0,0,0.00E+00,0.00E+00,0.00E+00,0.00E+00,0.00E+00,-40.5031954693318,41.1081820655061,1,933,0,0,0,0,0,0,0,0,0,0,0,0,17.4,9.37,77.2,-0.538,40.2,4.44
0,0,0,0,0,0,0.00E+00,0.00E+00,0.00E+00,0.00E+00,0.00E+00,-15.2014357902906,15.4599795269874,1,935,0,0,0,0,0,0,0,0,0,0,0,0,23.5,14.8,62.1,-1.45,15.3,51.1
0,0,0,0,0,0,0.00E+00,0.00E+00,0.00E+00,0.00E+00,0.00E+00,5.58145366119329,6.27349093908533,1,938,0,0,0,0,0,0,0,0,0,0,0,0,43.5,39,51.9,-1.94,7.84,78.8
0,0.98805969953537,0,0,0.856000006198883,0,0.00E+00,1.04E+00,9.13E-01,0.00E+00,8.96E-01,-52.8772663654159,211.056649528167,1,940,0,0,0,0,0,0,0,0,0,0,0,0,71.8,20,54.4,-1.62,226,127
0,0,0,0,0,0,0.00E+00,0.00E+00,0.00E+00,0.00E+00,0.00E+00,-57.7150126386304,74.1049506522938,1,942,0,0,0,0,0,0,0,0,0,0,0,0,111,32.9,74.9,-1.81,35.1,161
0,0,0,0,0,0,0.00E+00,0.00E+00,0.00E+00,0.00E+00,0.00E+00,7.57852304974044,50.9206090270447,1,944,0,0,0,0,0,0,0,0,0,0,0,0,39,60.4,85.2,-1.93,62.2,48.3
0,0,0,0,0,0,0.00E+00,0.00E+00,0.00E+00,0.00E+00,0.00E+00,-0.134413154956894,7.90325843204569,1,946,0,0,0,0,0,0,0,0,0,0,0,0,54.2,56.3,96.8,-1.85,6.92,97.9
0.787482738494873,0.915800392627716,1.07547438144684,1.08381521701813,1.12078499794006,1.06001353263855,5.73E-01,7.12E-01,8.76E-01,9.34E-01,7.47E-01,3.77326719654352,9.3988271573065,1,948,358,616,337,635,308,737,271,706,254,712,290,700,13.4,19.3,118,-1.79,7.7,67.6
0,0,0,0,0.932211756706238,0,0.00E+00,0.00E+00,9.01E-01,0.00E+00,0.00E+00,1.93007989884221,3.65145091656426,1,950,0,0,0,0,0,0,0,0,0,0,0,0,10.9,12.6,137,-1.76,3.61,1.68
0.73912650346756,0.88443398475647,1.07639181613922,1.10589838027954,1.14520287513733,1.21943187713623,5.37E-01,6.83E-01,8.48E-01,8.33E-01,7.80E-01,1.45816450750362,4.6459065411361,1,952,346,260,312,255,294,385,253,348,232,346,281,347,9,32.1,148,-1.79,4.11,27.5
0.760471820831299,0.979041934013367,1.06229078769684,1.10054063796997,1.15203559398651,1.24913382530212,5.55E-01,6.75E-01,8.69E-01,8.20E-01,7.42E-01,1.52692853989663,5.4388126614447,1,954,348,283,316,274,294,410,254,370,234,365,282,376,0.377,13.3,177,-1.72,4.09,3.13
0.736081182956696,0.896396398544312,1.06546497344971,1.07915890216827,1.12317883968353,1.23925757408142,5.18E-01,6.48E-01,8.61E-01,8.31E-01,7.41E-01,-0.146450837639152,1.87720722608076,1,957,341,304,306,295,287,428,247,389,225,386,275,393,0.97,5.72,199,-1.84,1.11,2.02
0.75724858045578,0.902527093887329,1.06741607189178,1.06358766555786,1.15248572826386,1.14865207672119,5.55E-01,6.54E-01,8.73E-01,8.30E-01,7.13E-01,2.44308778235153,7.37307611414276,1,959,353,320,314,307,295,446,257,405,235,398,285,410,0.275,4.37,195,-1.75,3.43,2.31
0.75127112865448,0.93705290555954,1.07069909572601,1.06899416446686,1.11193656921387,1.07593679428101,5.37E-01,6.60E-01,8.70E-01,8.30E-01,7.07E-01,-2.97603641621405,4.23435495922164,1,961,349,335,314,324,290,458,253,418,232,413,282,420,0.164,1.11,195,-1.69,3.36,0.0256
0.764099061489105,0.869193136692047,1.05608820915222,1.05302000045776,1.14295363426209,1.13010835647583,5.52E-01,6.52E-01,8.62E-01,8.28E-01,7.35E-01,-0.172600657747297,4.33291342150535,1,963,348,343,310,329,285,466,250,426,228,418,279,430,1.08,1.33,195,-1.69,4.42,4.25
0.739609360694885,0.902177691459656,1.05819737911224,1.05202877521515,1.10371220111847,1.22043311595917,5.40E-01,6.52E-01,8.59E-01,8.19E-01,6.88E-01,-3.80630424392913,6.42081722261148,1,965,347,345,313,333,284,468,249,427,227,420,275,432,0.188,0.517,160,-1.82,4.53,2.76
0.76873242855072,0.972446262836456,1.06231725215912,1.02908325195313,1.10968196392059,1.17314147949219,5.56E-01,6.56E-01,8.51E-01,8.25E-01,7.61E-01,-0.014466549897419,3.68455217202794,1,967,345,347,306,334,283,472,247,431,226,423,276,434,1.14,0.52,132,-1.73,3.48,6.15
0.755354106426239,0.902438998222351,1.05844485759735,1.0291041135788,1.10390520095825,1.24689543247223,5.37E-01,6.47E-01,8.60E-01,8.04E-01,6.95E-01,-1.12426742071936,6.22710807460848,1,969,345,351,310,339,282,475,247,434,224,427,275,438,0.17,0.353,112,-1.72,4.07,1.79
0.756659328937531,0.901869177818298,1.05339789390564,1.03485465049744,1.10657906532288,1.13515031337738,5.43E-01,6.50E-01,8.58E-01,8.16E-01,7.39E-01,0.044249774771739,1.88774640347452,1,971,345,353,308,340,281,478,246,436,224,428,274,439,0.507,0.127,70,-1.66,2.84,3.3
0.747904062271118,0.888740539550781,1.04022693634033,1.03266298770905,1.09349119663239,1.19330108165741,5.35E-01,6.45E-01,8.48E-01,8.15E-01,7.00E-01,-3.75910296343079,7.92314367857326,1,973,345,355,308,342,280,479,245,438,224,430,274,442,0.349,0.198,27.4,-1.73,3.86,2.29
0.765690326690674,0.863247871398926,1.03839516639709,1.01513588428497,1.0971771478653,1.12754809856415,5.40E-01,6.53E-01,8.58E-01,8.36E-01,7.55E-01,0.171771044190002,1.2142312135864,1,976,342,360,309,350,276,485,241,444,219,436,268,448,0.83,0.472,13.7,-1.73,2.18,2.62
0.757057905197144,0.922997951507568,1.05349850654602,1.01588475704193,1.11958467960358,1.12000823020935,5.35E-01,6.50E-01,8.48E-01,8.55E-01,7.16E-01,-2.56568106875814,3.64104464058879,1,978,339,364,303,353,276,488,240,447,218,440,269,449,0.239,0.38,10.8,-1.89,1.68,1.86
0.755709052085876,0.902908444404602,1.05232572555542,1.01010978221893,1.08766913414001,1.1248950958252,5.52E-01,6.58E-01,8.58E-01,8.38E-01,7.37E-01,0.042305991846487,4.70831479063242,1,980,337,373,298,358,271,498,237,456,215,447,265,460,1.08,0.486,24,-1.71,3.07,2.88
0.746223270893097,0.881180226802826,1.0594185590744,1.00161910057068,1.09331238269806,1.15136885643005,5.42E-01,6.57E-01,8.52E-01,8.10E-01,7.10E-01,-1.88116802597968,2.66895287999324,0,982,335,378,299,363,267,501,233,460,211,451,262,463,0.0422,0.836,20.6,-1.71,2.17,3.6
0.752261996269226,0.889786899089813,1.03767454624176,0.994102418422699,1.09187006950378,1.14782190322876,5.35E-01,6.54E-01,8.56E-01,8.14E-01,7.48E-01,2.06760125809441,4.67379959495174,0,984,335,379,299,365,268,503,235,462,212,452,263,466,0.661,0.38,9.41,-1.69,3.77,2.35
0.744017422199249,0.922503709793091,1.06249558925629,0.996651530265808,1.08132219314575,1.15486538410187,5.40E-01,6.46E-01,8.53E-01,8.10E-01,7.30E-01,-2.86254947078854,4.48283001029134,0,986,333,391,291,378,265,513,232,473,208,467,259,478,0.892,0.872,18.4,-1.88,3.39,15
0.766529738903046,0.890997171401978,1.04488515853882,1.00530707836151,1.06601476669312,1.11460900306702,5.32E-01,6.51E-01,8.54E-01,8.46E-01,7.58E-01,2.2695464240537,5.69913333062305,0,988,326,408,292,393,257,533,226,488,203,478,253,493,5.79,3.94,16.3,-1.72,3.1,13.8
0.75633978843689,0.929577469825745,1.05453824996948,1.01135289669037,1.08333802223206,1.09652674198151,5.56E-01,6.74E-01,8.52E-01,8.09E-01,7.25E-01,-1.63673590944242,3.23443124996879,0,990,291,485,250,479,221,601,187,562,159,559,214,560,11,10.8,5.82,-1.53,6,32.8
0.79237288236618,0.884269416332245,1.03440082073212,1.0044914484024,1.0681232213974,1.15848219394684,5.42E-01,6.79E-01,8.58E-01,8.35E-01,7.77E-01,2.50881972178498,3.46189454629366,0,992,262,529,226,509,183,645,155,600,133,587,180,607,5.18,10.1,6.32,-1.29,5.13,31.5
0.744970560073853,0.974739134311676,1.05472099781036,1.00870966911316,1.08943355083466,1.07477486133575,5.30E-01,6.49E-01,8.40E-01,7.94E-01,7.30E-01,1.05593912445188,5.46677231984461,0,995,437,394,403,375,360,514,331,466,310,453,356,478,4.7,6.44,14.2,-1.41,3.49,7.88
0.733601868152618,0.872034311294556,1.06812143325806,0.993513345718384,1.07531321048737,1.10828757286072,4.70E-01,6.16E-01,8.37E-01,7.79E-01,7.13E-01,-1.74782972521656,4.03123258931051,0,997,577,167,540,146,499,284,469,238,447,225,500,245,4.45,9.03,18.5,-1.45,1.96,6.86
0.783269464969635,0.908004760742188,1.06300449371338,1.00087475776672,1.0831880569458,1.13973426818848,5.23E-01,6.65E-01,8.65E-01,8.39E-01,7.05E-01,-0.484683682378535,1.03068754101766,0,999,551,338,505,334,477,442,449,406,427,416,473,403,0.784,7.55,23.7,-1.33,1.59,3.5
0.778413116931915,0.925762236118317,1.06495106220245,0.994532406330109,1.08215475082397,1.14684557914734,5.31E-01,6.67E-01,8.58E-01,8.20E-01,7.51E-01,-3.44952074802008,4.49357799913253,0,1001,559,385,525,367,481,501,451,454,430,442,477,464,0.0976,6.19,29.1,-1.42,3.14,4.65
0.762959063053131,0.893359363079071,1.06795537471771,1.00756335258484,1.07212948799133,1.19820773601532,5.35E-01,6.57E-01,8.41E-01,7.84E-01,7.01E-01,-1.79689463646484,3.18513446478993,0,1003,560,381,527,361,481,497,452,450,430,438,479,460,1.38,2.14,34.1,-1.42,5.4,1.7
0.781735062599182,0.864341080188751,1.06527256965637,0.999749600887299,1.08738946914673,1.12533891201019,5.41E-01,6.59E-01,8.63E-01,8.10E-01,7.88E-01,-0.495772060444494,3.68740448158474,0,1005,560,399,523,367,469,525,444,471,427,446,464,490,0.18,2.36,40.6,-1.48,3.66,1.07
0.769717276096344,0.90207052230835,1.08066654205322,1.00182771682739,1.07318103313446,1.14358842372894,5.33E-01,6.51E-01,8.46E-01,8.04E-01,7.37E-01,-2.64037028266504,7.2071413107064,0,1007,508,451,477,429,423,566,396,515,375,501,423,527,0.45,1.39,44,-1.39,4.97,1.58
0.764261901378632,0.896392226219177,1.06036627292633,0.982075035572052,1.05627489089966,1.10836565494537,5.38E-01,6.60E-01,8.64E-01,8.13E-01,7.51E-01,-1.52337760135239,4.3219823441285,0,1009,512,441,477,421,426,553,399,505,377,491,427,515,0.532,1.16,46.8,-1.47,4.77,1.82
0.757537662982941,0.926829278469086,1.0562744140625,0.993264853954315,1.06321835517883,1.12653362751007,5.26E-01,6.56E-01,8.44E-01,8.14E-01,7.33E-01,1.8289014779557,5.16798456827299,0,1011,512,439,482,436,427,553,401,503,380,488,426,516,0.68,0.47,50.4,-1.53,5.48,2.93
0.766944408416748,0.901033997535706,1.04353868961334,0.970753371715546,1.05970227718353,1.16195547580719,5.36E-01,6.51E-01,8.61E-01,7.89E-01,7.52E-01,1.12194234762145,6.90826592491777,0,1013,515,435,480,414,428,548,402,498,380,484,429,510,0.688,0.278,51.2,-1.42,6.4,1.8
0.767309606075287,0.938722312450409,1.044273853302,0.981721818447113,1.07303237915039,1.10971832275391,5.27E-01,6.46E-01,8.36E-01,8.03E-01,6.97E-01,-1.41706779809334,1.86508668765544,0,1016,512,429,470,401,428,544,403,495,380,481,428,507,0.505,0.175,50.1,-1.44,2.56,2.68
0.752173006534576,0.908305644989014,1.04738903045654,0.97416478395462,1.05624282360077,1.25659239292145,5.41E-01,6.47E-01,8.59E-01,7.81E-01,7.26E-01,-3.02195335163382,4.5501607458316,0,1018,519,436,484,411,429,545,403,496,381,482,433,506,1.09,0.729,48.4,-1.49,3.61,3.47
0.764011323451996,0.991228044033051,1.05774307250977,0.974995136260986,1.04669368267059,1.14745545387268,5.20E-01,6.43E-01,8.30E-01,7.87E-01,7.11E-01,-3.34682454691713,4.43840931432784,0,1020,517,432,486,414,429,545,404,495,382,481,431,508,0.343,0.416,43.8,-1.4,2.35,1.27
0.767222106456757,0.90964674949646,1.05601596832275,0.987018048763275,1.06706094741821,1.15753328800201,5.30E-01,6.47E-01,8.46E-01,8.07E-01,7.12E-01,-3.02802715955665,4.40390277706419,0,1022,521,432,485,409,429,544,404,495,383,481,431,505,0.423,0.584,38.1,-1.37,4.13,4.57
0.753525495529175,0.873453319072723,1.04918026924133,0.981844902038574,1.08545625209808,1.08820605278015,5.20E-01,6.35E-01,8.33E-01,7.96E-01,6.95E-01,-1.73095479671287,5.91272635779818,0,1024,516,432,476,402,429,545,404,494,383,479,430,507,0.741,1.15,31.5,-1.38,5.8,1.98
0.764342367649078,0.882331788539887,1.05304086208344,0.994072496891022,1.06842505931854,1.14602649211884,5.16E-01,6.42E-01,8.50E-01,8.05E-01,7.27E-01,-1.54362641354705,2.25262394784647,0,1026,516,432,480,408,427,545,403,495,382,480,429,507,0.329,0.517,26.5,-1.45,4.01,2.44
0.766636848449707,0.876802086830139,1.0440661907196,0.975009322166443,1.06360387802124,1.12663340568542,5.14E-01,6.31E-01,8.26E-01,7.91E-01,7.12E-01,-2.81432788953001,10.0388629195355,0,1028,513,427,483,407,430,542,404,492,384,477,431,504,0.404,0.939,19.5,-1.49,6.83,2.18
0.74811464548111,0.871080160140991,1.04953336715698,0.956249296665192,1.07464206218719,1.35559296607971,5.17E-01,6.39E-01,8.41E-01,7.99E-01,7.45E-01,-1.95986811752879,5.42491530321545,0,1030,523,432,486,406,431,541,407,492,385,476,439,502,0.188,0.834,14.2,-1.44,5.52,1.03
0.749166131019592,0.910977244377136,1.06510674953461,0.974493503570557,1.04847347736359,1.07543873786926,5.12E-01,6.35E-01,8.25E-01,8.09E-01,6.99E-01,-1.53819042715542,2.50071469460857,0,1032,522,429,487,407,431,541,406,491,385,477,430,504,0.396,0.367,10.2,-1.51,5.07,1.92
0.769311487674713,0.946123540401459,1.04960489273071,0.972615242004395,1.04517829418182,1.1434839963913,5.14E-01,6.36E-01,8.37E-01,8.01E-01,7.48E-01,1.10601182520525,1.44542332369606,0,1035,518,428,484,408,431,542,406,493,385,477,430,507,0.0841,0.232,6.02,-1.45,1.75,1.19
0.75993275642395,0.875,1.0469536781311,0.982456564903259,1.04654920101166,1.14786291122437,5.13E-01,6.36E-01,8.23E-01,7.89E-01,6.97E-01,0.278513882264523,1.38742960871189,0,1037,516,427,486,409,430,543,406,492,384,478,431,505,0.322,0.613,2.36,-1.46,1.29,1.15
0.75947380065918,0.8813716173172,1.05612325668335,0.968051135540009,1.05069160461426,1.13382577896118,5.25E-01,6.43E-01,8.42E-01,7.95E-01,7.35E-01,-3.54222321564933,4.90554044460965,0,1039,518,428,482,406,430,540,405,491,383,476,434,501,0.695,0.631,2.68,-1.47,1.44,1.68
0.757404327392578,0.904434740543366,1.07041311264038,0.970477640628815,1.04512190818787,1.15146768093109,5.13E-01,6.33E-01,8.13E-01,7.85E-01,7.20E-01,-1.21843161984102,1.96601177397156,0,1041,519,427,484,405,430,539,405,489,384,474,431,501,0.484,0.439,0.868,-1.46,2.82,3.4
0.757739782333374,0.894117653369904,1.06597888469696,0.954706192016602,1.03692102432251,1.14749395847321,5.16E-01,6.43E-01,8.33E-01,7.93E-01,7.36E-01,-4.46513496884706,6.58049014795387,0,1043,520,427,484,405,429,539,405,489,383,474,432,502,0.492,0.905,0.699,-1.46,5.24,1.07
0.760900437831879,0.928770959377289,1.06298303604126,0.966526210308075,1.03330683708191,1.10839283466339,5.05E-01,6.41E-01,8.31E-01,7.88E-01,7.23E-01,-1.59428237189122,5.12601939472264,0,1045,520,425,486,402,429,537,404,487,383,472,429,501,0.461,0.805,0.216,-1.45,4.66,2.27
0.755789875984192,0.920336246490479,1.07588016986847,0.949720680713654,1.04938459396362,1.20934796333313,5.20E-01,6.41E-01,8.28E-01,8.00E-01,7.35E-01,-4.58580202874625,6.35654940843684,0,1047,521,425,486,402,431,538,407,488,385,472,435,499,0.51,0.773,0.372,-1.38,5.58,2.36
0.747140824794769,0.909592509269714,1.06132900714874,0.94561117887497,1.03844976425171,1.32452023029327,5.08E-01,6.36E-01,8.20E-01,8.03E-01,7.14E-01,-4.32991785255886,8.03132520889004,0,1049,520,426,487,404,429,537,405,487,384,473,436,500,1.02,0.486,0.641,-1.5,5.45,3.92
0.759134769439697,0.892174959182739,1.07264351844788,0.959749341011047,1.04368674755096,1.17306840419769,5.17E-01,6.44E-01,8.29E-01,8.14E-01,7.35E-01,0.499926118432855,3.08747479239828,0,1051,520,426,484,402,430,539,406,490,383,475,432,503,1.37,0.585,1.3,-1.48,3.99,5.42
0.755731761455536,0.931185126304626,1.07203936576843,0.959170341491699,1.04180514812469,1.38294661045074,5.05E-01,6.42E-01,8.22E-01,7.94E-01,7.29E-01,-1.20971309962233,1.60631294321851,0,1054,519,426,487,402,429,538,405,488,382,472,431,498,0.573,1,1.46,-1.48,0.872,1.55
0.748825967311859,0.927813172340393,1.06862854957581,0.946173369884491,1.03684914112091,1.13649189472198,5.15E-01,6.42E-01,8.38E-01,8.04E-01,7.49E-01,-1.17685894275936,2.8310522200317,0,1056,523,426,486,403,429,537,405,487,383,472,432,500,0.312,0.321,1,-1.47,0.939,1.1
0.756385505199432,0.909153461456299,1.05684721469879,0.949186086654663,1.05273234844208,1.1300311088562,5.07E-01,6.39E-01,8.23E-01,8.02E-01,7.27E-01,-1.35404677580444,3.65837990875939,0,1058,521,425,488,403,430,538,406,489,385,472,431,501,0.201,0.89,0.915,-1.4,1.48,1.65
0.760314226150513,0.90597015619278,1.05625426769257,0.937099754810333,1.03984916210175,1.33368611335754,5.23E-01,6.42E-01,8.37E-01,8.17E-01,7.49E-01,-2.46784390967111,3.94621745596126,0,1060,520,425,487,405,428,537,405,487,383,473,435,499,0.732,0.768,1.25,-1.45,2.87,1.6
0.755351424217224,0.893462479114533,1.06928396224976,0.946424007415772,1.04089319705963,1.32167541980743,5.04E-01,6.34E-01,8.17E-01,7.90E-01,7.17E-01,0.087561765834564,0.772087909850146,0,1062,520,426,486,405,430,538,406,488,384,473,435,499,0.301,0.289,1.26,-1.44,2.91,0.689
0.762446284294128,0.909763336181641,1.0554780960083,0.927580833435059,1.0331746339798,1.10918235778809,5.10E-01,6.43E-01,8.44E-01,8.04E-01,7.42E-01,-1.04701546195105,2.42158011771296,0,1064,521,425,489,404,429,537,406,487,384,471,432,497,1.01,0.443,0.819,-1.45,2.04,2.2
0.754248678684235,0.896127820014954,1.05721688270569,0.936734914779663,1.03507840633392,1.08452641963959,4.99E-01,6.48E-01,8.31E-01,7.89E-01,7.35E-01,-4.32131177982898,7.41961319617237,0,1066,517,427,480,406,427,537,404,488,380,473,429,499,0.323,0.709,1.08,-1.42,4.46,1.12
0.774945020675659,0.877239525318146,1.05913019180298,0.927871227264404,1.05329239368439,1.12721252441406,5.22E-01,6.54E-01,8.54E-01,8.13E-01,7.70E-01,-6.02896231848103,7.97892251939359,0,1068,520,425,482,401,428,536,404,487,382,471,431,499,1.36,0.249,0.73,-1.42,5.16,2.92
0.784283041954041,0.939014852046967,1.06671130657196,0.938903629779816,1.02607357501984,1.26701486110687,5.10E-01,6.56E-01,8.41E-01,8.08E-01,7.45E-01,-2.19185532347202,5.80599996956755,0,1070,510,426,480,401,417,536,396,486,376,468,425,499,0.287,0.349,0.26,-1.51,4.88,3.09
0.827710688114166,0.918292701244354,1.07465207576752,0.938191711902618,1.03330385684967,1.19405698776245,5.28E-01,6.60E-01,8.61E-01,8.08E-01,7.72E-01,1.50231185107912,1.97519350123132,0,1073,517,427,481,400,426,537,402,487,380,472,430,498,0.136,0.611,0.877,-1.48,2.59,0.909
0.816450893878937,0.932147562503815,1.06383919715881,0.93160879611969,1.0196738243103,1.28560471534729,5.02E-01,6.52E-01,8.42E-01,8.03E-01,7.43E-01,1.9478449861907,2.99399400357029,0,1075,519,422,486,400,427,534,404,485,382,469,433,496,0.279,0.104,1.63,-1.45,1.98,1.88
0.805120408535004,0.921938061714172,1.06185603141785,0.93280953168869,1.04011869430542,1.11128115653992,5.20E-01,6.58E-01,8.47E-01,8.04E-01,7.64E-01,1.35131487733079,2.45516522551077,0,1077,519,426,481,402,425,535,402,485,381,470,429,499,0.395,0.702,1.01,-1.45,1.37,1.32
0.804006397724152,0.952662706375122,1.05210840702057,0.93314802646637,1.02513313293457,1.15406596660614,5.09E-01,6.48E-01,8.56E-01,7.94E-01,7.87E-01,-0.777472555660389,1.64630115060303,0,1079,517,422,484,400,427,535,404,485,382,468,430,500,0.818,0.579,1.25,-1.41,2.62,0.827
0.78609573841095,0.91800457239151,1.06148779392242,0.924975156784058,1.02221643924713,1.3257771730423,5.26E-01,6.51E-01,8.52E-01,8.13E-01,7.76E-01,-1.27077808675114,1.71611824411596,0,1081,520,423,488,401,428,534,405,485,384,468,435,497,0.914,0.575,0.665,-1.44,0.936,3.04
0.778891623020172,0.898734152317047,1.05545711517334,0.934848070144653,1.02483296394348,1.20860111713409,5.11E-01,6.52E-01,8.30E-01,8.01E-01,7.49E-01,-2.38090367739757,6.20252779101978,0,1083,509,423,478,400,417,535,393,484,373,469,421,497,0.196,1.02,0.787,-1.41,3.77,1.51
0.794438779354095,0,1.05027568340302,0.935577213764191,1.00777411460876,1.40096056461334,5.23E-01,6.64E-01,8.43E-01,8.17E-01,7.33E-01,-5.08978409589745,7.01518689864955,0,1085,508,421,0,0,416,535,394,484,372,468,425,495,0.945,0.838,0.502,-1.51,5.6,1.17
0.781101226806641,0.920976161956787,1.04437506198883,0.922953724861145,1.00978851318359,1.10944592952728,5.07E-01,6.55E-01,8.35E-01,8.03E-01,7.71E-01,-1.0587625681806,2.39251991070628,0,1087,509,424,477,403,417,536,395,487,374,472,422,497,0.281,0.461,0.705,-1.51,4,1.38
0.781367838382721,0.892417371273041,1.06317150592804,0.935746669769287,1.02591824531555,1.13500928878784,5.22E-01,6.55E-01,8.53E-01,8.06E-01,7.86E-01,-2.93306545989145,4.83179075622647,0,1089,512,423,476,400,418,536,395,486,374,470,425,498,0.552,0.732,0.15,-1.51,4.45,0.502
0.773768365383148,0.895500719547272,1.06078100204468,0.925280392169952,1.00759947299957,1.08974981307983,5.12E-01,6.58E-01,8.44E-01,8.06E-01,7.69E-01,-0.13677892781105,4.50367397489876,0,1091,510,423,474,400,416,534,394,484,371,467,420,497,0.484,0.562,0.336,-1.45,4.71,2.15
0.817956447601318,0.964205801486969,1.05030620098114,0.935309648513794,1.00330126285553,1.13967883586884,5.30E-01,6.74E-01,8.56E-01,8.20E-01,7.85E-01,0.473932333519088,0.615288573378183,0,1094,507,426,470,403,415,536,391,487,370,470,417,500,0.766,0.296,1.33,-1.57,1.79,1.3
0.849047482013702,0.934059619903564,1.05335485935211,0.938164710998535,1.01884007453918,1.31806254386902,5.18E-01,6.74E-01,8.50E-01,8.18E-01,7.94E-01,1.95643888641246,2.78522601154716,0,1096,508,429,473,405,417,544,395,494,374,477,422,507,1.38,1.05,0.762,-1.47,1.64,2.19
0.834557354450226,0.910579919815064,1.05667054653168,0.938047587871552,1.01503336429596,1.26204395294189,5.25E-01,6.74E-01,8.66E-01,8.19E-01,7.91E-01,3.8449271472284,5.20874604123591,0,1098,511,425,478,403,419,539,396,489,376,474,424,503,5.41,2.87,0.615,-1.53,12.7,0.937
0.8522629737854,0.915197312831879,1.07801651954651,0.918934226036072,1.00585389137268,1.03174245357513,5.23E-01,6.65E-01,8.60E-01,8.19E-01,8.06E-01,-1.57873033012169,2.96840090285724,0,1100,483,419,455,394,390,529,369,478,352,461,400,491,3.13,3.76,1.6,-1.52,5.68,8.47
0.87859457731247,0.867992758750916,1.06494963169098,0.936264216899872,1.00701332092285,1.6013445854187,5.46E-01,6.73E-01,8.59E-01,8.31E-01,7.94E-01,-1.15694410891352,3.2185194888863,1,1102,507,418,475,413,415,530,392,479,371,462,426,491,4.66,3.43,1.68,-1.65,2.09,4.15
0.859346091747284,0.909090936183929,1.0490927696228,0.934716463088989,1.0146758556366,1.17645692825317,5.06E-01,6.87E-01,8.55E-01,8.25E-01,7.62E-01,0.937785923359519,2.84728220331265,1,1104,505,425,468,409,421,539,397,490,375,475,425,499,1.06,3.77,5.45,-1.58,8.15,8.08
0.863100171089172,0.888686120510101,1.05369639396667,0.929353177547455,1.00730407238007,1.03245890140533,5.24E-01,6.75E-01,8.54E-01,8.30E-01,8.10E-01,0.764755850003296,3.92403704227595,1,1106,463,443,445,433,392,550,371,505,354,491,407,507,5.82,1.88,8.09,-1.56,4.44,4.01
0.843807697296143,0.971148610115051,1.03733122348785,0.92121559381485,1.00128960609436,1.12062656879425,5.19E-01,6.71E-01,8.59E-01,8.21E-01,8.07E-01,-1.63171171312921,4.11075884559536,1,1108,500,412,466,387,413,521,390,470,369,455,415,485,2.61,4.62,11.6,-1.44,4.16,2.65
0.900660634040833,0.961702108383179,1.0545414686203,0.914718866348267,1.0084662437439,1.22049927711487,5.38E-01,6.58E-01,8.71E-01,8.40E-01,8.12E-01,2.32743833843101,5.44926835670222,1,1110,478,425,446,390,381,535,361,480,346,455,385,500,2.41,5.6,15.8,-1.62,3.86,3.98
0.921248137950897,0,1.06306672096252,0.91731458902359,1.00742316246033,1.48835945129395,5.32E-01,6.93E-01,8.86E-01,8.39E-01,8.27E-01,1.64377350157719,2.27756716128971,1,1113,530,408,0,0,434,538,414,486,404,461,438,502,0.5,6.98,26.5,-1.52,2.49,4.02
0.920333206653595,0.948280870914459,1.06618368625641,0.914478838443756,1.01117920875549,1.48499417304993,5.39E-01,6.77E-01,8.94E-01,8.38E-01,8.24E-01,-0.603168000255498,2.00042496796669,1,1115,572,315,552,310,508,441,476,400,450,395,509,399,1.9,1.32,29.2,-1.74,2.05,2.6
0.893546342849731,0.936744868755341,1.06022620201111,0.908045709133148,1.00982236862183,1.1591283082962,5.19E-01,6.77E-01,8.92E-01,8.34E-01,8.52E-01,2.78787587605237,3.76077217710216,1,1117,595,252,563,239,535,387,503,344,481,330,531,349,1.59,0.649,35.4,-1.53,2.63,7.21
0.883291959762573,0.965390264987946,1.07222747802734,0.901629507541657,1.02358794212341,1.12038516998291,5.34E-01,6.63E-01,8.81E-01,8.39E-01,8.00E-01,1.60078995316204,6.3355008177448,1,1119,610,232,575,222,545,359,513,317,492,307,542,320,1.65,2.58,40.3,-1.72,5.14,3.92
0.865793585777283,0.930264055728912,1.05530655384064,0.912834107875824,0.993539154529572,1.19785964488983,5.12E-01,6.38E-01,8.51E-01,7.98E-01,7.96E-01,9.29836834613875,14.7130030456387,1,1121,606,140,573,127,550,269,516,227,492,218,545,233,13.4,4.15,47,-1.7,39.1,21.2
0.872281789779663,0.900572121143341,1.04117286205292,0.893929064273834,1.00924694538116,1.13996732234955,4.99E-01,6.48E-01,8.63E-01,8.28E-01,8.23E-01,2.81695971399857,9.56697221420142,1,1123,664,77.9,645,83.5,611,198,572,166,545,171,604,158,21,10.8,49.4,-1.77,6.58,4.98
0,0,0,0,0,0,0.00E+00,0.00E+00,0.00E+00,0.00E+00,0.00E+00,-2.43269596111338,3.27638895168288,1,1125,0,0,0,0,0,0,0,0,0,0,0,0,8.61,23.1,56.5,-2.06,3.48,38.3
0,0,0,0,0,0,0.00E+00,0.00E+00,0.00E+00,0.00E+00,0.00E+00,19.2482697111663,23.8616145953761,1,1127,0,0,0,0,0,0,0,0,0,0,0,0,5.83,25.5,62.3,-2.03,19.7,12.8
0,0,0,0,0,0,0.00E+00,0.00E+00,0.00E+00,0.00E+00,0.00E+00,-4.00127850548065,10.5478887705465,1,1129,0,0,0,0,0,0,0,0,0,0,0,0,8.19,11.8,67.7,-2.36,6.38,15.1
0.872947454452515,0.942779302597046,1.06114172935486,0.910844027996063,1.0235435962677,1.06157457828522,4.91E-01,6.45E-01,8.66E-01,8.54E-01,7.60E-01,-0.930656262148254,2.73287060260718,1,1132,656,139,619,156,630,261,586,242,574,262,605,232,7.11,9.12,79.9,-1.91,2.12,10.3
0,0,0,0,0,0,0.00E+00,0.00E+00,0.00E+00,0.00E+00,0.00E+00,0.480893071423038,1.71616006112179,1,1134,0,0,0,0,0,0,0,0,0,0,0,0,4.12,8.8,90.1,-2.58,1.8,22.3
0.910076975822449,0.932190775871277,1.07793164253235,0.953251481056213,1.03957843780518,1.2050074338913,5.25E-01,6.80E-01,8.68E-01,8.61E-01,8.31E-01,0.766341140957227,1.42739654307937,1,1136,601,313,570,316,572,447,538,425,526,429,554,412,5.55,8.49,100,-2.18,1.62,10.4
0.893190979957581,0.933333337306976,1.06632924079895,0.943258941173553,1.02496385574341,1.34504067897797,5.29E-01,6.64E-01,8.76E-01,8.58E-01,7.62E-01,11.5459196903109,16.8506974453787,1,1138,526,276,506,280,507,413,469,390,461,394,488,378,10.9,2.56,104,-2.14,22.4,18.1
0.895987451076508,0,1.06574559211731,0.920307755470276,1.03289115428925,1.13074445724487,5.26E-01,6.71E-01,8.82E-01,8.74E-01,8.08E-01,-1.77002497453338,2.05621872115108,1,1140,547,242,0,0,512,369,479,344,471,351,495,333,8.75,5.43,108,-2.08,2.36,40.6
0.896588563919067,0,1.08121240139008,0.956935465335846,1.05559873580933,2.11742854118347,5.43E-01,6.71E-01,8.54E-01,9.24E-01,8.13E-01,3.46778414693943,22.9387353144511,1,1142,596,425,0,0,540,543,520,511,534,517,537,497,18,11.6,115,-2,16.9,16.4
0,0,0,0,0,0,0.00E+00,0.00E+00,0.00E+00,0.00E+00,0.00E+00,7.81649680615303,10.850285043974,1,1144,0,0,0,0,0,0,0,0,0,0,0,0,20.6,15.2,112,-1.77,1.77,49.9
0.870615839958191,0.947826087474823,1.07258236408234,0.956692576408386,1.03577029705048,1.50227129459381,5.37E-01,6.91E-01,8.99E-01,8.78E-01,7.95E-01,12.4927982504198,19.7396366671547,1,1146,367,250,339,235,291,384,268,338,272,328,286,345,11.8,23,112,-1.42,23,8.15
0,0,0,0,0,0,0.00E+00,0.00E+00,0.00E+00,0.00E+00,0.00E+00,7.4864248989685,8.84738969090267,1,1148,0,0,0,0,0,0,0,0,0,0,0,0,15.6,25.3,112,-0.194,17.6,11.8
0.827150762081146,0,1.08424162864685,0.949722766876221,1.00681924819946,1.44110083580017,5.71E-01,6.79E-01,9.15E-01,9.05E-01,7.76E-01,10.5837968794692,11.2493209342349,1,1151,334,213,0,0,299,380,255,331,235,292,283,345,16.2,30.8,116,2.56,19.7,9.53
0,0,0,0,0,0,0.00E+00,0.00E+00,0.00E+00,0.00E+00,0.00E+00,10.0057392900572,13.1168459633939,1,1153,0,0,0,0,0,0,0,0,0,0,0,0,17.9,32.7,117,1.63,7.35,36
0.824520111083984,0,1.0713232755661,0.97966068983078,1.02415120601654,1.50577855110168,5.47E-01,6.69E-01,8.90E-01,8.82E-01,8.63E-01,9.88295128216456,10.1781299575281,1,1155,473,162,0,0,398,310,373,263,366,242,393,274,6.55,30.2,129,1.64,12.7,5.71
0,0,0,0,0,0,0.00E+00,0.00E+00,0.00E+00,0.00E+00,0.00E+00,3.610572878651,3.75388032942159,1,1157,0,0,0,0,0,0,0,0,0,0,0,0,5.78,27.1,152,0.967,5.8,16.1
0.887179017066956,0.4393729865551,1.06248986721039,0.985455453395844,1.02793300151825,1.18007111549377,5.61E-01,7.37E-01,9.27E-01,9.34E-01,7.94E-01,18.6941724991672,21.7159585964345,1,1159,451,406,446,468,451,553,406,523,381,515,430,520,10.3,20.9,174,0.858,16,2.71
0.89046573638916,0.969477891921997,1.04706966876984,0.972641527652741,1.02581644058228,1.43543481826782,5.43E-01,7.51E-01,9.13E-01,9.12E-01,8.96E-01,12.2363081039409,12.6980487877472,0,1161,437,341,401,336,426,483,379,449,361,445,409,451,12.6,21.5,202,0.699,9.96,7.17
0.87241667509079,0.798657715320587,1.05987679958344,1.06903576850891,1.00828266143799,1.16471481323242,5.53E-01,7.66E-01,9.39E-01,9.51E-01,9.28E-01,2.3621799202978,7.09528989273813,0,1163,488,317,465,332,505,487,460,457,443,436,481,462,5.27,19.2,232,0.789,0.713,2.67
0,0.772893786430359,0,0,1.86908364295959,0,0.00E+00,1.59E+00,0.00E+00,0.00E+00,0.00E+00,4.27406859122924,4.65065821310367,0,1165,0,0,0,0,0,0,0,0,0,0,0,0,3.24,20.6,264,1.23,4.11,6.86
0.875011324882507,0.977822601795197,1.05275535583496,0.91758519411087,1.04776287078857,1.16407608985901,5.49E-01,7.12E-01,8.95E-01,9.61E-01,9.09E-01,13.1623643702003,14.6796847231047,0,1167,341,182,314,215,376,310,322,303,305,309,337,297,5.38,15.4,287,1.32,12,11.5
0.884578168392181,0.992248058319092,1.04848968982697,1.06840777397156,1.03784692287445,1.29816699028015,5.70E-01,6.68E-01,8.93E-01,9.33E-01,8.85E-01,3.49042842820745,6.1202576971265,0,1170,361,156,327,150,367,310,314,274,291,263,343,287,12.5,4.74,313,0.685,3.53,22.3
0.906522333621979,0,1.05099272727966,1.06890630722046,1.00703465938568,1.27142810821533,5.74E-01,7.06E-01,8.93E-01,9.35E-01,8.02E-01,26.3324250344195,26.5898850205738,0,1172,401,242,0,0,385,387,337,353,325,337,364,356,5.65,8.08,320,1.13,40.5,43.6
0,0,0,0,0,0,0.00E+00,0.00E+00,0.00E+00,0.00E+00,0.00E+00,-4.9813285684309,8.44940622757263,0,1174,0,0,0,0,0,0,0,0,0,0,0,0,9.4,13.2,315,1.17,4.22,13.6
0,0,0,0,0,0,0.00E+00,0.00E+00,0.00E+00,0.00E+00,0.00E+00,0.119519855561769,2.34046305143958,0,1176,0,0,0,0,0,0,0,0,0,0,0,0,8.56,10.9,300,1.17,6.18,34.3
0,0,0,0,0,0,0.00E+00,0.00E+00,0.00E+00,0.00E+00,0.00E+00,0.484376556843199,2.20401129986624,0,1178,0,0,0,0,0,0,0,0,0,0,0,0,4.82,8.57,276,1.4,2.71,1.52
0,0,0,0,0,0,0.00E+00,0.00E+00,0.00E+00,0.00E+00,0.00E+00,1.47313777732122,2.22649072238236,0,1180,0,0,0,0,0,0,0,0,0,0,0,0,4.36,8.33,250,1.31,3.38,9.67
0.92029732465744,0,1.0978901386261,1.03218626976013,1.04108142852783,1.08356368541718,5.83E-01,6.56E-01,9.21E-01,8.95E-01,8.18E-01,-1.73227635815681,4.32017062825617,0,1182,243,306,0,0,231,452,213,414,251,397,205,434,3.39,11.2,216,1.35,1.98,5.41
0.87337052822113,0,1.10079729557037,0.937223494052887,1.01557445526123,1.59503853321075,5.73E-01,7.01E-01,8.18E-01,9.11E-01,8.21E-01,-1.43613950005549,1.6362039831449,0,1184,253,324,0,0,274,435,231,416,216,441,249,397,0.766,5.12,173,1.3,2.53,5.39
0.882649719715118,0.9160475730896,1.08273828029633,0.947378516197205,1.0292786359787,1.05081427097321,5.93E-01,6.89E-01,9.14E-01,9.34E-01,8.44E-01,-5.5557140238612,6.22337745587479,0,1186,340,368,318,381,349,495,294,482,270,485,318,467,2.63,3.01,140,1.3,4.96,4.3
0.8767049908638,0.932773113250732,1.08959221839905,0.944167017936707,1.06629633903503,1.08419954776764,5.68E-01,6.98E-01,9.10E-01,9.41E-01,7.92E-01,5.22116887790168,16.7925708550514,0,1188,313,378,299,387,321,497,279,483,263,495,295,470,7.58,3.35,106,1.19,16.4,14.7
0.858087420463562,0.982758641242981,1.052077293396,1.07668745517731,1.02196407318115,1.077641248703,5.99E-01,6.97E-01,8.71E-01,9.48E-01,8.34E-01,-5.49644201779814,6.99980898615691,0,1191,263,411,285,424,259,547,216,530,229,519,230,517,4.32,6.16,58.6,0.485,7.43,49.1
0.84563809633255,0.915629327297211,1.08538937568665,0.984464049339294,1.07079470157623,1.4427342414856,5.64E-01,6.83E-01,8.87E-01,9.31E-01,8.00E-01,-0.624350490147271,12.3291849933032,0,1193,314,265,304,270,293,402,250,380,238,373,270,367,20,7.91,46.2,0.693,16.6,11.7
0.843485176563263,0.521345555782318,1.0483615398407,0.938091158866882,1.05637180805206,1.1084475517273,5.64E-01,6.93E-01,8.99E-01,8.98E-01,7.88E-01,3.53213181023489,5.11751116787856,0,1195,329,228,309,264,332,339,286,325,271,335,305,307,12,12.8,40.4,0.683,6.1,43.7
0.831614494323731,0.918022334575653,1.10942733287811,0.968676924705505,1.06952774524689,1.70320284366608,5.68E-01,7.02E-01,8.69E-01,9.08E-01,7.62E-01,8.39609089168806,8.50703877128377,0,1197,658,174,629,173,617,309,584,282,574,277,607,267,10.3,17.4,33.8,0.535,11.7,3.85
0.821983516216278,0.907209634780884,1.08978068828583,0.918478131294251,1.06112229824066,1.17983841896057,5.15E-01,6.86E-01,8.71E-01,9.25E-01,7.21E-01,1.44895244868624,2.82250170648548,0,1199,647,125,620,142,616,249,582,230,568,241,596,217,9.09,17.2,37.6,0.764,10.5,18.4
0.821459054946899,0.918422818183899,1.07213234901428,0.988015115261078,1.02189993858337,1.45554113388062,5.17E-01,7.10E-01,8.78E-01,9.48E-01,7.98E-01,5.20843107392386,6.62214920722869,0,1201,552,8.33,540,4.93,528,150,496,120,486,117,515,109,0.687,8.91,45.2,0.877,5.34,8.65
0,0,0,0,0,0,0.00E+00,0.00E+00,0.00E+00,0.00E+00,0.00E+00,0.467573023457733,3.15859437526398,0,1203,0,0,0,0,0,0,0,0,0,0,0,0,2.06,10.2,49.1,0.429,7.79,16.2
0.832248270511627,0.866537690162659,1.04016983509064,1.04311001300812,1.03270184993744,1.05092489719391,5.78E-01,7.23E-01,9.11E-01,9.03E-01,8.30E-01,5.77027746414816,7.74063742061236,0,1205,466,13.5,438,22.7,513,166,463,148,446,139,489,138,5.98,8.79,56.4,0.549,5.09,41.5
0,0,0,0,0,0,0.00E+00,0.00E+00,0.00E+00,0.00E+00,0.00E+00,-19.2385790185107,21.9462200403802,0,1207,0,0,0,0,0,0,0,0,0,0,0,0,11.1,1.43,71.2,0.0902,56.9,23.5
0,0,0,0,0,0,0.00E+00,0.00E+00,0.00E+00,0.00E+00,0.00E+00,-9.11682116608466,13.0736554955923,0,1210,0,0,0,0,0,0,0,0,0,0,0,0,27.3,15.3,83.5,0.866,7.75,58.1
0,0,0,0,0,0,0.00E+00,0.00E+00,0.00E+00,0.00E+00,0.00E+00,15.8382703946155,22.0397147883759,0,1212,0,0,0,0,0,0,0,0,0,0,0,0,2.95,16.9,91.4,-0.679,8.15,35.1
0,0,0,0,0,0,0.00E+00,0.00E+00,0.00E+00,0.00E+00,0.00E+00,-20.1802092290877,37.1350319970311,0,1214,0,0,0,0,0,0,0,0,0,0,0,0,12.9,33.5,88.1,-0.0205,20.6,10.6
0,0,0,0,0,0,0.00E+00,0.00E+00,0.00E+00,0.00E+00,0.00E+00,3.09652063103791,14.0723504409812,0,1216,0,0,0,0,0,0,0,0,0,0,0,0,9.82,20,80.8,0.23,8.8,38.4
0,0,0,0,0,0,0.00E+00,0.00E+00,0.00E+00,0.00E+00,0.00E+00,-1.0045061264303,1.96946206944379,0,1218,0,0,0,0,0,0,0,0,0,0,0,0,8.89,11.8,68.8,-0.0665,1.77,14.2
0,0,0,0,0,0,0.00E+00,0.00E+00,0.00E+00,0.00E+00,0.00E+00,-8.98304288029934,9.50498965392379,0,1220,0,0,0,0,0,0,0,0,0,0,0,0,1.39,8.63,59,0.302,3.3,64.2
0.940288484096527,0.896551728248596,1.05548095703125,0.94033420085907,1.14703059196472,1.49936854839325,6.28E-01,7.58E-01,9.96E-01,8.72E-01,8.49E-01,-79.5276002494637,89.8573811892632,0,1222,709,469,661,481,728,596,672,579,634,590,703,562,48.1,26.7,55.9,0.0708,87,1.87
0,0,0,0,0,0,0.00E+00,0.00E+00,0.00E+00,0.00E+00,0.00E+00,-36.5902821025982,39.0284625083175,0,1224,0,0,0,0,0,0,0,0,0,0,0,0,60.3,45.6,70.9,-1.09,40.8,134
0,0,0,0,0,0,0.00E+00,0.00E+00,0.00E+00,0.00E+00,0.00E+00,50.6691086839651,69.2418429904119,0,1226,0,0,0,0,0,0,0,0,0,0,0,0,26.9,38.9,94.2,0.259,43.1,12.4
0,0,0,0,0,0,0.00E+00,0.00E+00,0.00E+00,0.00E+00,0.00E+00,-4.12638213741046,4.95222155078252,0,1229,0,0,0,0,0,0,0,0,0,0,0,0,15.2,14,170,-0.787,7.14,39
0,0,0,0,0,0,0.00E+00,0.00E+00,0.00E+00,0.00E+00,0.00E+00,7.02736125953463,8.45147672916491,0,1231,0,0,0,0,0,0,0,0,0,0,0,0,4.64,6.49,215,-0.656,12,22.9
0.879520297050476,0.9386385679245,1.05158245563507,0.951823770999908,1.02820229530334,1.13718569278717,6.18E-01,7.27E-01,9.04E-01,8.88E-01,8.30E-01,-3.50002889734596,6.84616893983888,0,1233,243,518,205,537,307,636,253,642,231,656,276,626,10.8,31.7,232,-0.513,6.42,11.2
0,0,0,0,0,0,0.00E+00,0.00E+00,0.00E+00,0.00E+00,0.00E+00,9.19888613131228,9.20615428491966,0,1235,0,0,0,0,0,0,0,0,0,0,0,0,11.1,37.9,247,-1.01,8.73,12.4
0.882292568683624,0.858725786209106,1.06456053256989,0.927022516727448,1.0463604927063,1.06067192554474,6.01E-01,7.29E-01,8.54E-01,1.87E+00,8.36E-01,-6.43223952220058,7.04665124411485,0,1237,169,197,217,195,185,301,146,297,167,316,155,278,6.54,18.2,269,-0.807,0.352,21.7
0.874492526054382,0.895658791065216,1.07237350940704,0.948653399944305,1.08125507831573,1.19167149066925,5.79E-01,6.75E-01,8.54E-01,8.81E-01,8.21E-01,5.52029468677961,5.7858949141778,0,1239,313,110,288,91.4,262,256,234,222,238,209,246,220,3.04,16.5,250,-0.751,1.57,2.05
0,0,0,0,0,0,0.00E+00,0.00E+00,0.00E+00,0.00E+00,0.00E+00,1.83309354243757,2.02924258828101,0,1241,0,0,0,0,0,0,0,0,0,0,0,0,2.78,9.37,215,-0.581,3.27,11.7
0.848064839839935,0,1.07180595397949,0.934401154518127,1.02975118160248,1.08085238933563,5.60E-01,7.68E-01,8.37E-01,9.11E-01,8.30E-01,2.41257362202097,2.51246735931678,0,1243,305,235,0,0,271,347,233,322,214,346,258,307,2.02,3.38,192,-0.471,3.51,2.67
0.829346120357513,0.97717547416687,1.08320128917694,0.932352602481842,1.05138027667999,1.18593001365662,5.69E-01,6.98E-01,8.68E-01,9.25E-01,8.44E-01,5.09267890816735,5.84630231263468,0,1245,306,255,293,280,266,372,227,351,214,360,245,336,1.59,2.72,144,-0.103,0.718,18
0.812257051467896,0,1.11320161819458,0.948464453220367,1.06793808937073,1.32374322414398,6.25E-01,7.07E-01,8.84E-01,9.68E-01,8.88E-01,0.093099076603126,0.127380650542528,0,1248,315,260,0,0,280,376,240,370,231,384,248,351,5.1,2.14,57.9,-0.478,2.64,5.56
0.811044812202454,0.903876483440399,1.06624829769135,0.915153324604034,1.08134186267853,1.16931986808777,5.80E-01,7.20E-01,8.84E-01,9.33E-01,8.15E-01,14.7091313321715,15.5800132180383,0,1250,336,217,297,229,304,341,264,323,250,336,280,308,8.35,1.96,16.3,-0.492,21.7,12.3
0.794262111186981,0.893666446208954,1.07034420967102,0.923847556114197,1.05230700969696,1.35201048851013,5.58E-01,7.10E-01,8.84E-01,9.29E-01,8.50E-01,-3.44981386348566,3.47694985782865,0,1252,288,175,254,183,289,321,247,301,234,303,266,286,7.47,1.87,34.5,-0.685,4.53,21.7
0.810840964317322,0.932038843631744,1.0709353685379,0.920276820659637,1.04708135128021,1.01011610031128,5.51E-01,6.82E-01,8.59E-01,9.49E-01,7.90E-01,12.5088246312343,13.03576591598,0,1254,268,134,254,149,284,267,241,256,231,268,254,238,5.38,5.21,74,-0.488,7.85,12.4
1.05091762542725,0.918043196201324,0.858416020870209,0,1.02193188667297,0.890893459320068,6.08E-01,7.37E-01,1.35E+00,7.79E-01,1.79E+00,7.26484980299175,7.89456605400793,0,1256,0,0,0,0,0,0,0,0,0,0,0,0,3.98,3.49,97.6,-0.605,10.8,7.89
0.840967059135437,0.907458543777466,1.06131768226624,0.941044569015503,1.05713176727295,1.30093574523926,5.92E-01,7.17E-01,8.84E-01,9.40E-01,8.19E-01,7.51776721486981,7.69970507601882,0,1258,284,345,258,358,292,487,250,472,243,479,264,454,3.32,7.16,92.8,-0.805,2.61,9.45
0.805058896541595,0.982608675956726,1.06462025642395,0.933737456798553,1.0404052734375,1.19098997116089,6.03E-01,7.15E-01,8.73E-01,9.26E-01,8.57E-01,1.0231519536081,1.60725928391484,0,1260,274,359,284,383,294,495,251,481,244,492,266,464,3.03,5.92,95.4,-0.673,2.66,17.1
0.798906683921814,0.879522562026978,1.06867074966431,0.956117630004883,1.04837620258331,1.22768414020538,5.99E-01,7.21E-01,8.85E-01,9.23E-01,8.39E-01,8.96178016188721,9.01172269884474,0,1262,295,369,277,378,305,516,263,498,249,500,281,484,2.82,5.66,88.5,-0.744,2.33,4.28
0.795237302780151,0.932589113712311,1.07590425014496,1.00436890125275,1.04545104503632,1.28922235965729,5.99E-01,7.26E-01,8.91E-01,9.41E-01,8.01E-01,-4.25102669481744,4.31585681319163,0,1264,282,353,248,364,309,508,266,488,255,482,284,475,2.27,2.18,65.1,-0.689,4.59,6.92
0.79150378704071,0.853723406791687,1.07283449172974,0.91447776556015,1.04185616970062,1.06934523582459,6.16E-01,7.22E-01,8.94E-01,8.93E-01,8.64E-01,7.88821234258528,9.27461618073332,0,1266,264,257,243,302,311,380,265,382,257,410,278,363,1.07,4.72,41.2,-0.558,5.99,11.5
0.779588401317596,0.889064967632294,1.06870973110199,0.90409928560257,1.03263831138611,1.24562227725983,6.02E-01,7.14E-01,8.96E-01,9.01E-01,8.30E-01,-6.14086413984192,8.77364732811677,0,1269,161,236,154,244,248,350,199,354,183,372,213,332,7.85,5.65,23.8,0.0737,6.26,8.53
0.794510781764984,0.91397225856781,1.05214703083038,0.949896812438965,0.998985946178436,1.05027079582214,6.24E-01,7.04E-01,8.67E-01,9.37E-01,8.83E-01,9.49105332162045,9.52570384832464,0,1271,321,174,278,186,367,293,311,298,322,316,325,271,6.5,9.37,14.5,-0.267,6.01,22.6
0,0,0,0,0,0,0.00E+00,0.00E+00,0.00E+00,0.00E+00,0.00E+00,-4.77202226191098,11.5593630010372,0,1273,0,0,0,0,0,0,0,0,0,0,0,0,9.83,14.1,14.1,0.29,25.6,16.9
0,0,0,0,0,0,0.00E+00,0.00E+00,0.00E+00,0.00E+00,0.00E+00,-20.3258486929699,24.092706016688,0,1275,0,0,0,0,0,0,0,0,0,0,0,0,16.9,19.1,15,0.45,11.8,24.8
0,0,0,0,0,0,0.00E+00,0.00E+00,0.00E+00,0.00E+00,0.00E+00,0.132251985937298,2.03565478083175,0,1277,0,0,0,0,0,0,0,0,0,0,0,0,13.8,24.8,22.7,0.402,3.44,23
0,0,0,0,0,0,0.00E+00,0.00E+00,0.00E+00,0.00E+00,0.00E+00,-3.26667661025072,3.95399223620192,0,1279,0,0,0,0,0,0,0,0,0,0,0,0,6.46,27.9,32.5,0.0127,0.181,33.6
0.83783882856369,0.902807772159576,1.07249200344086,0.946719348430634,1.00700557231903,1.09031069278717,5.86E-01,7.01E-01,8.92E-01,9.48E-01,1.04E+00,-6.37237575803952,6.86682021331324,1,1281,455,83.7,412,104,461,221,416,204,397,210,436,191,6.66,18.7,49.2,-0.0189,5.46,11.6
0,0,0,0,0,0,0.00E+00,0.00E+00,0.00E+00,0.00E+00,0.00E+00,-16.9897843442566,17.3712461382603,1,1283,0,0,0,0,0,0,0,0,0,0,0,0,15.7,15,65.7,-0.15,16.5,38.5
0,0,0,0,0,0,0.00E+00,0.00E+00,0.00E+00,0.00E+00,0.00E+00,-56.9192852685268,57.5787957255429,1,1285,0,0,0,0,0,0,0,0,0,0,0,0,45.3,35.7,76.1,0.14,57.1,26.8
0,0,0,0,0,0,0.00E+00,0.00E+00,0.00E+00,0.00E+00,0.00E+00,53.6025229961723,60.2159978505126,1,1288,0,0,0,0,0,0,0,0,0,0,0,0,9.58,46.9,95.8,0.528,48.9,67.9
0,0,0,0,0,0,0.00E+00,0.00E+00,0.00E+00,0.00E+00,0.00E+00,3.48858835120765,3.72053506279808,1,1290,0,0,0,0,0,0,0,0,0,0,0,0,24.8,33.3,98,0.944,4.93,17.8
0,0,0,0,0,0,0.00E+00,0.00E+00,0.00E+00,0.00E+00,0.00E+00,43.1975567255049,43.3792698822322,1,1292,0,0,0,0,0,0,0,0,0,0,0,0,23,7.53,95.6,0.129,38.8,19.3
0,0,0,0,0,0,0.00E+00,0.00E+00,0.00E+00,0.00E+00,0.00E+00,-17.375451406293,33.5962246687409,1,1294,0,0,0,0,0,0,0,0,0,0,0,0,15.5,22.2,92.1,0.00433,29.6,36.5
0,0,0,0,0,0,0.00E+00,0.00E+00,0.00E+00,0.00E+00,0.00E+00,18.2840105173542,18.3159886248452,1,1296,0,0,0,0,0,0,0,0,0,0,0,0,25.8,51.2,94.5,-0.212,29.8,118
0,0,0,0,0,0,0.00E+00,0.00E+00,0.00E+00,0.00E+00,0.00E+00,-51.89160013213,52.7424849476073,1,1298,0,0,0,0,0,0,0,0,0,0,0,0,36.9,54.4,94,0.498,78.3,47.3
0,0,0,0,0,0,0.00E+00,0.00E+00,0.00E+00,0.00E+00,0.00E+00,-5.64423013406018,11.7067265166448,1,1300,0,0,0,0,0,0,0,0,0,0,0,0,32.5,64.1,94.7,0.961,16.9,115
0,0,0,0,0,0,0.00E+00,0.00E+00,0.00E+00,0.00E+00,0.00E+00,18.6675480945398,19.1271251768407,1,1302,0,0,0,0,0,0,0,0,0,0,0,0,15.8,57.9,95.8,0.342,41.4,45
0,0,0,0,0,0,0.00E+00,0.00E+00,0.00E+00,0.00E+00,0.00E+00,15.061419776512,16.4122778226959,1,1304,0,0,0,0,0,0,0,0,0,0,0,0,15,37.6,94.6,1.12,9.44,21.8
0,0,0,0,0,0,0.00E+00,0.00E+00,0.00E+00,0.00E+00,0.00E+00,-32.8288288215894,51.1379823956256,1,1307,0,0,0,0,0,0,0,0,0,0,0,0,34.3,17.2,88.7,-0.129,40.4,46.7
0,0,0,0,0,0,0.00E+00,0.00E+00,0.00E+00,0.00E+00,0.00E+00,102.105271079398,110.487386191294,1,1309,0,0,0,0,0,0,0,0,0,0,0,0,41.2,25,124,0.733,13.9,72.3
0,0,0,0,0,0,0.00E+00,0.00E+00,0.00E+00,0.00E+00,0.00E+00,-10.4093331128716,38.1534080866814,1,1311,0,0,0,0,0,0,0,0,0,0,0,0,18.3,45,167,-0.291,32,36.8
0,0,0,0,0,0,0.00E+00,0.00E+00,0.00E+00,0.00E+00,0.00E+00,5.65450575521709,9.42170471100621,1,1313,0,0,0,0,0,0,0,0,0,0,0,0,26.5,51.6,194,-0.642,12.7,20.3
0,0,0,0,0,0,0.00E+00,0.00E+00,0.00E+00,0.00E+00,0.00E+00,-6.54332273075225,83.8533910400359,1,1315,0,0,0,0,0,0,0,0,0,0,0,0,14,30.7,221,-0.448,69.8,40.9
0,0,0,0,0,0,0.00E+00,0.00E+00,0.00E+00,0.00E+00,0.00E+00,33.3224142849616,44.3263276293231,1,1317,0,0,0,0,0,0,0,0,0,0,0,0,30,13.4,236,-0.501,46.1,45.5
0,0,0,0,0,0,0.00E+00,0.00E+00,0.00E+00,0.00E+00,0.00E+00,7.82414730425644,14.6500407832107,1,1319,0,0,0,0,0,0,0,0,0,0,0,0,27.6,15.5,220,0.552,30.2,50.8
0,0,0,0,0,0,0.00E+00,0.00E+00,0.00E+00,0.00E+00,0.00E+00,91.8652192317012,91.8796372226276,1,1321,0,0,0,0,0,0,0,0,0,0,0,0,14.8,28.4,185,0.673,81.4,83.7
0,0,0,0,0,0,0.00E+00,0.00E+00,0.00E+00,0.00E+00,0.00E+00,-13.795590576336,24.0707817983906,1,1323,0,0,0,0,0,0,0,0,0,0,0,0,43.4,27.4,146,0.936,30.8,26.7
0,0,0,0,0,0,0.00E+00,0.00E+00,0.00E+00,0.00E+00,0.00E+00,30.0793970757846,45.530159982137,1,1326,0,0,0,0,0,0,0,0,0,0,0,0,15.4,48.9,103,2.3,40.4,127
0,0,0,0,0,0,0.00E+00,0.00E+00,0.00E+00,0.00E+00,0.00E+00,13.1502344544045,22.209395455984,1,1328,0,0,0,0,0,0,0,0,0,0,0,0,54.6,47.8,84.3,2.52,17.9,26.8
0,0,0,0,0,0,0.00E+00,0.00E+00,0.00E+00,0.00E+00,0.00E+00,13.0020188422161,24.991732169364,1,1330,0,0,0,0,0,0,0,0,0,0,0,0,37.4,45,93.9,1.83,7.36,93.5
0,0,0,0,0,0,0.00E+00,0.00E+00,0.00E+00,0.00E+00,0.00E+00,8.6560567050367,16.801889925085,1,1332,0,0,0,0,0,0,0,0,0,0,0,0,4.96,50,94.4,2.56,5.54,15.5
0,0,0,0,0,0,0.00E+00,0.00E+00,0.00E+00,0.00E+00,0.00E+00,34.2986224453806,54.0475888447238,1,1334,0,0,0,0,0,0,0,0,0,0,0,0,11.4,56.4,99.5,2.02,25.9,13.3
0,0,0,0,0,0,0.00E+00,0.00E+00,0.00E+00,0.00E+00,0.00E+00,-10.7147502408781,16.4276263428327,1,1336,0,0,0,0,0,0,0,0,0,0,0,0,2.79,34.8,133,2.19,9.07,5.02
0,0,0,0,0,0,0.00E+00,0.00E+00,0.00E+00,0.00E+00,0.00E+00,18.0126866518109,31.5955063572415,1,1338,0,0,0,0,0,0,0,0,0,0,0,0,6.61,15.6,174,2.8,35.9,15.1
0,0,0,0,0,0,0.00E+00,0.00E+00,0.00E+00,0.00E+00,0.00E+00,-6.42115977200374,11.408228653307,1,1340,0,0,0,0,0,0,0,0,0,0,0,0,10.7,10.6,237,3.04,5.21,17.6
0,0,0,0,0,0,0.00E+00,0.00E+00,0.00E+00,0.00E+00,0.00E+00,-2.32410801776649,17.1920334279007,0,1342,0,0,0,0,0,0,0,0,0,0,0,0,12.7,3.87,291,3.4,16.8,4.02
0,0,0,0,0,0,0.00E+00,0.00E+00,0.00E+00,0.00E+00,0.00E+00,-0.44521053013911,0.905148331500754,0,1344,0,0,0,0,0,0,0,0,0,0,0,0,13.3,4.08,339,3.47,6.83,26.2
0.879649341106415,0.837676465511322,1.19441199302673,1.02295243740082,1.01828932762146,2.00356650352478,6.58E-01,6.98E-01,0.00E+00,9.00E-01,8.02E-01,-0.6370758301869,4.85117341911435,0,1347,406,86.9,433,33.5,528,74.1,478,92.6,436,131,497,73.6,4.53,9.76,376,3.37,2.35,12.3
0.887717485427856,0.947030484676361,1.17886304855347,1.63036286830902,1.03787934780121,1.8009706735611,6.42E-01,8.42E-01,1.05E+00,1.15E+00,8.45E-01,-0.21884038400257,6.09989844635305,0,1349,430,58.4,384,72.1,513,158,464,161,435,154,483,153,0.163,11.2,379,3.43,7.28,14.1
0.900419533252716,0.603749990463257,2.27217602729797,0.845654964447022,2.32443714141846,0.680721163749695,5.68E-01,5.40E-01,5.72E-01,5.34E-01,0.00E+00,6.38665285071637,10.7408037143264,0,1351,0,0,0,0,0,0,0,0,0,0,0,0,5.41,10.7,357,3.67,8.45,10.7
0.578845143318176,0,0.948744237422943,0.754014372825623,0,0.652538180351257,5.95E-01,5.48E-01,5.75E-01,4.66E-01,5.57E-01,-5.91098652728291,11.2724944833453,0,1353,0,0,0,0,0,0,0,0,0,0,0,0,4.22,3.34,331,3.42,19,9.56
0.699010789394379,0,0,0,0.867298603057861,0.785383403301239,7.78E-01,5.51E-01,6.77E-01,6.96E-01,0.00E+00,-2.92438152953737,5.56305956035154,0,1355,0,0,0,0,0,0,0,0,0,0,0,0,12,3.25,297,3.82,11.3,21.3
0,0,0,0,0,0,0.00E+00,0.00E+00,0.00E+00,0.00E+00,0.00E+00,-1.57090488315983,4.78904952756885,0,1357,0,0,0,0,0,0,0,0,0,0,0,0,0.548,4.07,256,3.49,4.52,7.23
1.02981996536255,1.04712045192719,1.11511421203613,1.20736384391785,1.00724291801453,1.48401820659637,6.91E-01,7.85E-01,1.14E+00,0.00E+00,1.12E+00,7.30048286562042,13.9461767453644,0,1359,414,271,415,271,519,248,493,302,480,285,501,283,1.21,8.61,200,3.38,13.3,12
0.999594688415527,0,1.12800991535187,1.08420598506928,1.11920392513275,1.76234173774719,6.56E-01,7.75E-01,9.77E-01,8.52E-01,6.87E-01,-5.37086156068626,10.4602302838234,0,1361,427,371,0,0,525,326,499,373,489,400,507,349,7.04,9.65,170,3.38,8.85,10.1
0.983215510845184,0,1.1097491979599,1.24210464954376,1.08212089538574,1.7528258562088,6.53E-01,7.59E-01,8.84E-01,1.32E+00,8.21E-01,2.66272773740992,6.21111315668907,0,1363,428,342,0,0,538,328,508,372,501,403,513,349,5.57,8.41,128,3.3,10,14.7
0.963568508625031,0.927613914012909,1.13411951065063,1.02573442459106,1.0575190782547,1.73490297794342,6.57E-01,7.40E-01,8.81E-01,9.91E-01,8.08E-01,-6.90189456708687,14.9220170156744,0,1366,451,373,443,363,552,348,520,392,509,432,529,370,2.75,6.61,66.4,3.4,7.64,19.6
0.963300287723541,0.914529919624329,1.12261295318604,1.02216339111328,1.09581077098846,1.62931787967682,6.32E-01,7.28E-01,8.70E-01,9.48E-01,8.16E-01,-5.76344870737036,11.4656827544765,0,1368,456,381,445,428,564,364,529,408,508,444,542,383,15.2,13.6,32.6,3.74,14.6,13.7
0.893639326095581,0,1.12345457077026,1.07352530956268,1.08105385303497,1.5289785861969,6.49E-01,7.21E-01,9.79E-01,1.06E+00,7.38E-01,1.47681780623923,15.9678945916038,0,1370,467,378,0,0,574,367,537,406,522,440,545,379,8.59,13,10.3,4.13,30.7,92.2
0.880380749702454,0,1.11874091625214,2.01419854164124,1.02286243438721,1.66990256309509,6.44E-01,7.34E-01,8.98E-01,1.28E+00,9.16E-01,8.45293881091756,11.4782727042705,0,1372,503,392,0,0,619,413,579,456,551,473,605,439,34.1,15.7,19.4,3.99,9.36,22.4
0,0,0,0,0,0,0.00E+00,0.00E+00,0.00E+00,0.00E+00,0.00E+00,1.98719288806654,2.90526128484358,0,1374,0,0,0,0,0,0,0,0,0,0,0,0,19.7,29.4,38,3.64,1,66.5
0,0,1.07419991493225,0.971065402030945,1.0088564157486,1.37387573719025,6.95E-01,1.10E+00,0.00E+00,8.68E-01,8.63E-01,2.80139527776101,4.41748375964654,0,1376,0,0,0,0,323,744,276,763,292,771,283,740,7.52,31.3,53.3,3.55,10.9,15.1
0.880038976669312,0,1.04849469661713,0.973457634449005,1.01488757133484,1.35941171646118,6.72E-01,7.64E-01,8.86E-01,9.36E-01,8.68E-01,2.98889158390556,4.20363257204567,0,1378,148,451,0,0,231,522,181,553,169,561,198,532,7.44,31,60.2,3.5,2.55,12.8
0.91879004240036,0.982381522655487,1.07317364215851,1.07560086250305,1.09623456001282,1.52050912380219,6.79E-01,7.53E-01,9.10E-01,9.56E-01,7.91E-01,-1.3384017848507,1.80040871658279,0,1380,181,339,183,344,288,363,239,391,224,426,248,372,1.29,21.4,64,3.2,5.09,44.7
0.842648088932037,0.877825319766998,1.08498275279999,1.0387282371521,1.21564400196075,1.41453611850739,6.25E-01,7.42E-01,9.48E-01,1.02E+00,8.44E-01,-16.3658491607236,29.6317637215087,0,1382,211,251,188,280,326,284,282,318,264,350,291,294,19.6,11.4,68.2,3.19,17.8,5.15
0.879345893859863,0,1.07494211196899,1.6630392074585,1.09081399440765,1.40445148944855,6.22E-01,7.56E-01,9.78E-01,9.67E-01,8.61E-01,28.5195576220734,57.0395053764997,0,1385,289,324,0,0,393,399,343,429,323,436,365,418,14.2,9.19,75.2,2.94,77.1,15.5
1.0000456571579,0.893834054470062,1.06449937820435,1.13134360313416,1.03325009346008,1.20006442070007,6.86E-01,8.85E-01,9.21E-01,9.89E-01,9.06E-01,5.77136568295613,11.0388286777173,0,1387,610,533,619,578,716,569,678,617,688,659,684,596,23.7,12.3,82.1,2.91,7.66,36.8
0,0,0,0,0,0,0.00E+00,0.00E+00,0.00E+00,0.00E+00,0.00E+00,3.11113045421318,4.42592008446592,0,1389,0,0,0,0,0,0,0,0,0,0,0,0,13.6,15.4,94.7,3.97,6.13,2.58
0,0,0,0,0.921568632125855,0.968036532402039,0.00E+00,0.00E+00,9.46E-01,0.00E+00,0.00E+00,-14.458081854673,26.5082838553913,0,1391,0,0,0,0,0,0,0,0,0,0,0,0,3.43,20.9,99.5,3.97,37.4,54.3
0,0,0,0,0,0,0.00E+00,0.00E+00,0.00E+00,0.00E+00,0.00E+00,0.303898138625918,11.5763930021711,0,1393,0,0,0,0,0,0,0,0,0,0,0,0,15.5,20.8,114,4.18,7.17,24.8
0,0,0,0,0,0,0.00E+00,0.00E+00,0.00E+00,0.00E+00,0.00E+00,7.06437814136756,48.0889852047567,0,1395,0,0,0,0,0,0,0,0,0,0,0,0,9.87,20,124,4.29,47.2,47.6
0,0,0,0,0,0,0.00E+00,0.00E+00,0.00E+00,0.00E+00,0.00E+00,1.31436525329884,44.2648149817044,0,1397,0,0,0,0,0,0,0,0,0,0,0,0,16.9,4.32,123,4.16,14.3,55.9
0,0,0,0,0,0,0.00E+00,0.00E+00,0.00E+00,0.00E+00,0.00E+00,2.33230325360251,10.7312641329151,0,1399,0,0,0,0,0,0,0,0,0,0,0,0,10.4,9.42,121,4.2,11.8,17.1
0,0,0,0,0,0,0.00E+00,0.00E+00,0.00E+00,0.00E+00,0.00E+00,0.342676387171375,5.75224011363416,0,1401,0,0,0,0,0,0,0,0,0,0,0,0,17.4,20.4,123,4.44,4.21,40.9
0.811625480651856,0,1.08403778076172,0.971017181873322,1.02626836299896,1.2810435295105,5.85E-01,7.91E-01,8.58E-01,9.43E-01,8.09E-01,-1.30865936402636,33.3957618920769,0,1404,475,408,0,0,535,309,567,355,580,369,549,346,9.76,16.7,108,4.28,12.9,60.8
0.858753025531769,0,1.10109770298004,0.958074033260345,1.03055667877197,1.20406377315521,5.74E-01,7.08E-01,8.60E-01,8.66E-01,7.80E-01,-0.456583527926675,49.2848477390418,0,1406,512,134,0,0,483,27.1,516,59.5,537,58.6,491,68.8,25.1,9.14,107,4.86,20.5,63.1
0.798730731010437,0.910598397254944,1.10463213920593,0.99028205871582,1.02786493301392,1.15589773654938,5.92E-01,7.41E-01,9.00E-01,9.67E-01,8.14E-01,58.5543466378988,113.991033595361,0,1408,404,506,444,508,416,335,459,375,468,404,440,362,49.2,17.4,90.6,3.66,146,74.5
0.882179200649262,0.935332179069519,1.08104372024536,0.88944411277771,1.03015196323395,1.21752762794495,6.74E-01,7.48E-01,8.81E-01,8.88E-01,9.82E-01,-11.1337674058822,21.5691255561352,0,1410,488,623,447,642,390,559,447,573,460,537,423,572,62.6,22.6,84,5.13,22.5,56.2
0,0,0,0,0,0,0.00E+00,0.00E+00,0.00E+00,0.00E+00,0.00E+00,-25.273741605938,96.395873245647,0,1412,0,0,0,0,0,0,0,0,0,0,0,0,15.1,48.1,81.5,4.35,32.3,38.9
0,0,0,0,0,0,0.00E+00,0.00E+00,0.00E+00,0.00E+00,0.00E+00,-1.4189486975981,15.3810396307025,0,1414,0,0,0,0,0,0,0,0,0,0,0,0,23.8,47.7,92.7,4.59,8.13,26.4
0,0,0,0,0,0,0.00E+00,0.00E+00,0.00E+00,0.00E+00,0.00E+00,0.209900886074893,7.47128923363592,0,1416,0,0,0,0,0,0,0,0,0,0,0,0,7.28,18.2,122,4.65,6.25,26.3
0.815032720565796,0.922019779682159,1.08195519447327,0.894983947277069,1.07526171207428,1.2512241601944,5.22E-01,6.53E-01,8.57E-01,8.62E-01,8.37E-01,-2.72393414886431,4.01761057122512,0,1418,539,255,561,241,496,133,552,132,557,127,537,152,3.64,9.05,159,5.24,2.07,21.7
0,0,1.10113704204559,0.883395195007324,1.00784397125244,1.23470461368561,5.27E-01,6.31E-01,0.00E+00,7.50E-01,0.00E+00,0.690863360780625,20.2823997573562,0,1420,0,0,0,0,512,48.3,571,35.9,590,9.13,555,60.5,4.8,21.3,179,5.2,9.12,5.06
0.837212681770325,0.914936363697052,1.07695233821869,0.901329934597015,1.03051352500916,1.26651811599731,6.00E-01,7.27E-01,8.28E-01,8.62E-01,8.12E-01,2.46800991693613,9.69142624964974,0,1422,519,268,544,252,526,145,578,159,603,135,553,176,9.34,13.9,211,5.21,20.1,34.6
0.847387492656708,0.935598015785217,1.09560859203339,0.984087646007538,1.06591391563416,1.34546637535095,5.97E-01,6.95E-01,8.75E-01,8.94E-01,7.67E-01,6.94641934588609,14.9657092328369,0,1425,431,437,466,478,513,307,541,360,555,387,521,339,4.55,3.87,237,5.22,15.8,49.7
0.882191836833954,0.915764153003693,1.09572005271912,0.947872340679169,1.08389985561371,1.18360531330109,6.31E-01,7.39E-01,8.58E-01,8.87E-01,8.76E-01,-3.55332104864354,7.86615450502553,0,1427,416,606,429,599,502,511,529,547,549,534,504,557,12.6,7.97,236,5.22,7.9,11.1
0.857339560985565,0,1.08853447437286,0.932973682880402,1.07382023334503,1.13370251655579,6.16E-01,7.26E-01,8.80E-01,9.35E-01,8.17E-01,-3.53128365928653,7.44869188527025,0,1429,439,650,0,0,526,547,559,597,579,610,531,585,12.6,17.9,250,5.23,12.8,33.6
0,0,0,0,0,0,0.00E+00,0.00E+00,0.00E+00,0.00E+00,0.00E+00,25.8997683815137,29.9126426019998,0,1431,0,0,0,0,0,0,0,0,0,0,0,0,13.1,26.8,243,5.24,28.1,14.3
0.847276449203491,0,1.03713417053223,0.892970025539398,0.968083918094635,1.03675758838654,5.79E-01,7.16E-01,1.01E+00,6.74E-01,8.95E-01,-17.2193860682549,19.9542696989023,0,1433,689,304,0,0,682,183,740,201,752,220,704,203,11.4,25.3,219,5.05,21.4,26.7
0,0,0,0,0,0,0.00E+00,0.00E+00,0.00E+00,0.00E+00,0.00E+00,-4.86638942012901,9.41742278587011,0,1435,0,0,0,0,0,0,0,0,0,0,0,0,11.6,21.9,210,5.07,41.6,16.7
0,0,0,0,0,0,0.00E+00,0.00E+00,0.00E+00,0.00E+00,0.00E+00,-8.07797398609083,29.518176208657,0,1437,0,0,0,0,0,0,0,0,0,0,0,0,7.96,15.2,189,3.24,33.7,12
0,0,0,0,0,0,0.00E+00,0.00E+00,0.00E+00,0.00E+00,0.00E+00,14.8221507157821,20.6197823145285,0,1439,0,0,0,0,0,0,0,0,0,0,0,0,12.6,5.49,171,1.55,44.6,65.8
0,0,0,0,0,0,0.00E+00,0.00E+00,0.00E+00,0.00E+00,0.00E+00,6.92371228800174,38.0576191168837,0,1441,0,0,0,0,0,0,0,0,0,0,0,0,35,20.7,151,1.63,41,8.53
0,0,0,0,0,0,0.00E+00,0.00E+00,0.00E+00,0.00E+00,0.00E+00,-18.8697360027594,49.4403536694304,0,1444,0,0,0,0,0,0,0,0,0,0,0,0,18.4,55.3,137,1.19,30.1,39.3
0,0,0,0,0,0,0.00E+00,0.00E+00,0.00E+00,0.00E+00,0.00E+00,24.5623146649158,48.5527060992456,0,1446,0,0,0,0,0,0,0,0,0,0,0,0,8.78,38.4,114,1.78,43.9,64.7
0,0,0,0,0,0,0.00E+00,0.00E+00,0.00E+00,0.00E+00,0.00E+00,29.6174643128813,49.3484902864367,0,1448,0,0,0,0,0,0,0,0,0,0,0,0,7.66,38.7,76.6,2.13,25.9,39.3
0,0,0,0,0,0,0.00E+00,0.00E+00,0.00E+00,0.00E+00,0.00E+00,-144.298121844969,191.683434923145,0,1450,0,0,0,0,0,0,0,0,0,0,0,0,103,81.3,28.3,2.05,204,7
0,0,0,0,0,0,0.00E+00,0.00E+00,0.00E+00,0.00E+00,0.00E+00,89.6105483504052,95.1864253739556,0,1452,0,0,0,0,0,0,0,0,0,0,0,0,68.8,60.5,32.9,2.96,97.8,121
0,0,0,0,0,0,0.00E+00,0.00E+00,0.00E+00,0.00E+00,0.00E+00,71.4869349222893,74.9611285495086,0,1454,0,0,0,0,0,0,0,0,0,0,0,0,62.9,94.4,103,2.7,75.4,65.2
0,0,0,0,0,0,0.00E+00,0.00E+00,0.00E+00,0.00E+00,0.00E+00,-17.8043206338687,19.8239839054739,0,1456,0,0,0,0,0,0,0,0,0,0,0,0,50.2,41.7,199,2.69,8.2,54.7
0,0,0,0,0,0,0.00E+00,0.00E+00,0.00E+00,0.00E+00,0.00E+00,10.6023801055438,10.9891407759266,0,1458,0,0,0,0,0,0,0,0,0,0,0,0,14.6,36.3,275,1.94,14.8,26.3
0,0,0,0,0,0,0.00E+00,0.00E+00,0.00E+00,0.00E+00,0.00E+00,-49.009404847531,50.1308288383913,0,1460,0,0,0,0,0,0,0,0,0,0,0,0,17.8,42,360,0.271,33.9,67.9
0,0,0,0,0,0,0.00E+00,0.00E+00,0.00E+00,0.00E+00,0.00E+00,-133.504532937716,139.11930791286,1,1463,0,0,0,0,0,0,0,0,0,0,0,0,46.9,24,449,1.54,73.1,61
0,0,0,0,0,0,0.00E+00,0.00E+00,0.00E+00,0.00E+00,0.00E+00,-0.95943088615716,13.1984156189374,1,1465,0,0,0,0,0,0,0,0,0,0,0,0,16.9,17,508,1.26,6.7,37.8
0,0,0,0,0,0,0.00E+00,0.00E+00,0.00E+00,0.00E+00,0.00E+00,9.03300196631641,11.1131150205178,1,1467,0,0,0,0,0,0,0,0,0,0,0,0,24.4,22.8,483,-0.67,10.6,22.6
0,0,0,0,0,0,0.00E+00,0.00E+00,0.00E+00,0.00E+00,0.00E+00,-26.7817068080764,39.9388646976755,1,1469,0,0,0,0,0,0,0,0,0,0,0,0,14.4,10,467,0.698,53.1,131
0,0,0,0,0,0,0.00E+00,0.00E+00,0.00E+00,0.00E+00,0.00E+00,-6.20400664892443,53.2873393149689,1,1471,0,0,0,0,0,0,0,0,0,0,0,0,48,15.1,449,1.73,50.6,42.5
0,0,0,0,0,0,0.00E+00,0.00E+00,0.00E+00,0.00E+00,0.00E+00,-1.34957668256458,35.6479973895029,1,1473,0,0,0,0,0,0,0,0,0,0,0,0,44.7,36.9,376,1.15,2.47,130
0,0,0,0,0,0,0.00E+00,0.00E+00,0.00E+00,0.00E+00,0.00E+00,2.17437423917163,13.1557002716702,1,1475,0,0,0,0,0,0,0,0,0,0,0,0,15.9,38,309,0.0803,3.45,22.1
0,0,0,0,0,0,0.00E+00,0.00E+00,0.00E+00,0.00E+00,0.00E+00,-2.83173745837707,5.68142621484534,1,1477,0,0,0,0,0,0,0,0,0,0,0,0,19.9,33.5,267,0.777,8.09,61
0,0,0,0,0,0,0.00E+00,0.00E+00,0.00E+00,0.00E+00,0.00E+00,15.2295732390316,20.2832887374434,1,1479,0,0,0,0,0,0,0,0,0,0,0,0,10.3,10.4,212,1.32,32.2,42.6
0,0,0,0,0,0,0.00E+00,0.00E+00,0.00E+00,0.00E+00,0.00E+00,-4.03305385453305,6.33545935669614,1,1482,0,0,0,0,0,0,0,0,0,0,0,0,38,37.8,130,1.24,12.3,24.3
0,0,0,0,0,0,0.00E+00,0.00E+00,0.00E+00,0.00E+00,0.00E+00,-7.97642456169497,14.2424695781477,1,1484,0,0,0,0,0,0,0,0,0,0,0,0,8.37,51.5,124,1.75,8.51,32.9
0.953625917434692,0.972246289253235,1.08813846111298,1.11344122886658,1.15186548233032,1.20335340499878,5.80E-01,7.17E-01,9.14E-01,9.90E-01,7.73E-01,1.02495167217456,3.86509629158051,1,1486,345,476,328,487,428,394,431,444,438,448,411,430,6.33,50.4,123,1.76,14.5,3.64
0.934099197387695,0.933110356330872,1.08635663986206,1.13225746154785,1.10408043861389,1.54210138320923,5.73E-01,6.73E-01,9.32E-01,9.11E-01,7.51E-01,-3.66439637156153,6.46165083394984,1,1488,392,379,405,357,503,329,497,382,502,390,481,369,7.52,28.4,91.8,1.78,3.02,5.22
0.940438151359558,0.904419302940369,1.05419099330902,1.11212956905365,1.11251676082611,1.45427584648132,5.45E-01,7.23E-01,9.32E-01,9.36E-01,8.09E-01,-0.718318687976427,1.6922175861174,1,1490,382,358,394,338,488,307,479,363,491,371,464,342,1.35,25.3,81.6,1.98,2.12,2.96
0.925427377223969,0,1.04738545417786,1.10451030731201,1.02966380119324,1.51325464248657,5.65E-01,7.66E-01,9.31E-01,8.43E-01,9.83E-01,-1.58120791142518,2.5686087378407,1,1492,262,382,0,0,373,323,370,380,356,399,356,355,1.36,6.39,74.3,2.33,4.45,4.15
0.938837230205536,0,1.03109192848206,1.09485566616058,1.03468775749207,1.69477319717407,5.50E-01,7.28E-01,9.48E-01,9.41E-01,8.57E-01,1.66546349785323,3.83535008125712,1,1494,303,249,0,0,446,210,422,264,400,286,422,234,1.26,3.86,56.9,2.39,2.89,8.11
0.955451667308807,0,1.04332673549652,1.04730117321014,1.02981781959534,1.76390504837036,5.36E-01,7.41E-01,9.02E-01,8.50E-01,8.51E-01,0.447880292974564,1.34987613677015,1,1496,343,162,0,0,461,159,431,210,414,244,431,181,3.16,4.8,75.8,2.65,2.15,18.7
0.949874579906464,0,1.03374767303467,1.10116219520569,1.03886759281158,1.66684460639954,5.58E-01,7.48E-01,9.26E-01,8.17E-01,8.08E-01,7.68388867422095,15.1915652713674,1,1498,287,259,0,0,402,238,380,294,376,305,377,269,12.3,7.53,120,2.45,20.2,26.2
0.917827367782593,0,1.05896770954132,1.11548328399658,1.0819103717804,1.90089523792267,6.00E-01,6.94E-01,9.24E-01,9.02E-01,9.44E-01,2.97901171842062,8.90417923161022,1,1501,110,241,0,0,235,272,195,326,169,348,209,292,15.8,17,191,2.35,6.81,31.6
0.945415496826172,0.851916372776032,1.05747306346893,1.07828307151794,1.05776643753052,1.80739796161652,5.90E-01,6.94E-01,1.10E+00,9.34E-01,8.22E-01,10.0101568815907,19.2368199164055,1,1503,100,197,92.3,200,205,256,162,295,105,325,168,267,3.49,18.1,230,2.18,11.9,15.2
0,0,0,0,0,0,0.00E+00,0.00E+00,0.00E+00,0.00E+00,0.00E+00,5.79561039424612,11.3775011883462,1,1505,0,0,0,0,0,0,0,0,0,0,0,0,6.84,14.9,242,2.83,10.6,22
0,0,0,0,0,0,0.00E+00,0.00E+00,0.00E+00,0.00E+00,0.00E+00,-1.16263685002811,3.70683898829069,1,1507,0,0,0,0,0,0,0,0,0,0,0,0,3.25,5.11,271,2.93,1.63,14
0.947297215461731,0.928931474685669,1.06744694709778,1.03289437294006,1.043084025383,2.03167223930359,5.92E-01,6.21E-01,9.24E-01,9.18E-01,8.38E-01,3.35392230622751,6.83933468484969,1,1509,204,42.5,201,65.9,289,130,230,139,196,178,254,112,4.28,2.2,273,3.27,3.43,2.9
0.902763426303864,0.909610390663147,1.11375963687897,1.03911781311035,1.06432795524597,2.12206435203552,5.32E-01,6.75E-01,9.47E-01,9.09E-01,7.49E-01,-1.35771604792072,2.12259490071372,1,1511,264,33.9,210,28.4,327,163,271,164,216,151,293,141,4.47,0.944,264,3.18,7,18.1
0.947878658771515,0.442425280809402,1.09162068367004,1.23334443569183,1.04170417785645,1.98424601554871,6.27E-01,7.16E-01,9.41E-01,9.14E-01,1.78E+00,3.50892578516929,7.04241107249457,1,1513,418,224,436,269,471,339,414,337,381,348,435,313,8.56,6.11,248,3.31,7.54,20.9
0.931981444358826,0.947931349277496,1.08942592144012,1.03125512599945,1.04956841468811,2.21523284912109,5.46E-01,7.26E-01,9.73E-01,8.79E-01,7.61E-01,5.21140929892049,9.55424752075213,1,1515,348,179,370,197,432,268,375,264,354,289,396,245,1.02,6.26,220,3.57,6.2,1.93
0,0,0,0,0,0,0.00E+00,0.00E+00,0.00E+00,0.00E+00,0.00E+00,-4.00085010037908,6.24691802410373,1,1517,0,0,0,0,0,0,0,0,0,0,0,0,1.6,5.38,204,3.32,2.8,14.1
0.885660469532013,0,1.09874260425568,1.33754122257233,1.02211725711823,2.02033019065857,5.88E-01,6.98E-01,9.12E-01,9.83E-01,9.26E-01,9.57646502086721,15.5720890749025,1,1519,416,198,0,0,464,333,406,323,384,288,429,333,3.71,4.73,184,3.19,3.59,4.85
0.879687011241913,0,1.11708235740662,1.15959787368774,1.03732228279114,2.05114102363586,5.28E-01,6.73E-01,9.38E-01,9.15E-01,9.00E-01,-2.96563207670424,4.81175934524775,1,1522,466,224,0,0,485,363,432,338,417,304,457,342,4.53,5.57,148,2.88,6.87,9.83
0.913244724273682,0,1.12908720970154,1.17850172519684,1.10333025455475,1.87273871898651,5.33E-01,7.39E-01,9.55E-01,8.88E-01,8.09E-01,21.5439779559893,37.4529873820513,0,1524,524,262,0,0,523,390,473,362,445,307,501,363,8.29,1.28,134,3.07,25.2,3.44
0.916860938072205,0.963963985443115,1.15701735019684,1.1941454410553,1.04893088340759,2.08408522605896,5.24E-01,6.87E-01,9.26E-01,9.76E-01,8.10E-01,-14.12160403847,16.557511771275,0,1526,473,265,487,255,514,368,464,342,432,330,491,344,8.39,1.61,115,2.14,9.01,35.3
0.95569384098053,0.956499934196472,1.17495656013489,1.14594519138336,1.05680596828461,1.80804586410522,5.52E-01,6.53E-01,9.60E-01,9.22E-01,8.42E-01,-0.063702190458549,3.44275284030227,0,1528,529,247,518,255,548,368,501,338,470,338,529,337,8.84,6.1,104,2.11,3.34,5.96
0.892915785312653,0,1.15325939655304,1.30716967582703,1.05417668819428,1.96472871303558,5.17E-01,6.40E-01,9.51E-01,9.33E-01,8.04E-01,13.1740629202051,20.6892601283263,0,1530,559,115,0,0,576,273,524,248,495,225,551,252,4.74,6.09,89.4,2.19,10.3,26
0.965696156024933,0.936708867549896,1.16339373588562,1.11727380752563,1.03659224510193,1.88635659217834,5.56E-01,6.99E-01,9.44E-01,9.44E-01,9.03E-01,-2.14142923177563,2.48763185857767,0,1532,334,331,349,315,402,426,351,419,322,438,372,402,4.13,5.93,76.1,1.78,1.25,15.4
0.954802334308624,0,1.15883731842041,1.10028398036957,1.0173966884613,1.7780419588089,5.69E-01,6.87E-01,9.55E-01,9.06E-01,8.79E-01,5.34816131332062,5.59218081644511,0,1534,329,210,0,0,397,319,348,324,385,303,367,308,6.32,10.5,71.8,1.18,1.62,4.64
0.90083658695221,0,1.16038644313812,1.14357829093933,1.0051029920578,1.70686304569244,5.16E-01,6.38E-01,9.12E-01,9.04E-01,7.15E-01,-16.6039400822563,17.3826846491766,0,1536,352,165,0,0,451,256,404,264,370,265,422,247,3.29,6.93,62.2,1.16,6.84,19.8
0.932982444763184,0.947598278522491,1.14828395843506,1.0107673406601,1.05102598667145,1.86223888397217,5.28E-01,5.70E-01,9.62E-01,8.81E-01,7.28E-01,2.85344383936976,3.65152415990752,0,1538,316,172,280,211,433,246,381,268,329,265,401,246,3.74,7.58,55.4,0.971,0.72,3.97
0,0,0,0,0,0,0.00E+00,0.00E+00,0.00E+00,0.00E+00,0.00E+00,-2.64563311849811,3.06280512898893,0,1541,0,0,0,0,0,0,0,0,0,0,0,0,0.78,2.56,57.5,1.12,4.64,7.44
0.893221914768219,0,1.16368472576141,1.26243996620178,1.01266193389893,1.63541972637177,5.39E-01,6.61E-01,8.99E-01,9.84E-01,8.44E-01,5.9630768883236,45.5904937014486,0,1543,245,285,0,0,357,356,304,380,275,390,321,362,17.1,11.7,63.4,2,43.9,9.71
0.958174288272858,0.936475396156311,1.13027155399323,1.13247156143188,1.04035985469818,1.5463924407959,5.38E-01,6.93E-01,8.85E-01,1.03E+00,8.07E-01,-17.1891638437712,21.9904925962736,0,1545,215,327,221,286,320,317,275,346,256,369,286,321,11.8,8.96,65.9,-0.788,19.2,87.1
0.939398765563965,0.89568167924881,1.11689794063568,1.14371418952942,0.997542142868042,1.82611775398254,5.53E-01,6.86E-01,8.97E-01,1.03E+00,7.77E-01,-9.60723329994828,13.5048249580982,0,1547,167,228,162,243,295,290,252,324,224,343,266,299,36.1,10.1,68.2,-1.43,18.5,34.4
0.949037313461304,0.97246128320694,1.11691236495972,1.02324736118317,1.01415944099426,1.68601822853088,5.81E-01,7.16E-01,9.59E-01,8.60E-01,7.94E-01,-1.91347899199091,2.16098416391611,0,1549,153,290,136,238,247,250,213,286,204,324,218,259,19.5,20.5,78.1,-1.52,11.1,91.1
0,0,0,0,0,0,0.00E+00,0.00E+00,0.00E+00,0.00E+00,0.00E+00,-1.21971308507443,2.9688232106735,0,1551,0,0,0,0,0,0,0,0,0,0,0,0,14.5,19.4,84.1,-1.78,8.93,41.7
0,0,0,0,0,0,0.00E+00,0.00E+00,0.00E+00,0.00E+00,0.00E+00,7.66838662181257,9.05562293619902,0,1553,0,0,0,0,0,0,0,0,0,0,0,0,4.43,19.8,85.3,-1.64,15.4,22.3
0.956505715847015,0.955187261104584,1.12059020996094,0.987083613872528,1.00519907474518,1.79282689094543,5.07E-01,7.43E-01,9.31E-01,8.85E-01,7.22E-01,1.64390171644525,1.98484588547518,0,1555,456,296,469,327,620,300,599,339,582,365,594,310,1.52,7.05,92.9,-1.46,3.54,20.6
0.973327457904816,0.955717504024506,1.1148008108139,0.947639644145966,1.01789271831512,1.54241538047791,5.08E-01,7.29E-01,9.60E-01,8.66E-01,8.46E-01,-6.1512689205581,6.78553433090566,0,1557,453,300,465,333,616,302,592,341,578,363,586,311,3.37,5.17,93.4,-2.43,11.2,19.8
0.916007399559021,0.907732844352722,1.12232065200806,0.960509538650513,1.02288913726807,1.43550062179565,4.96E-01,7.26E-01,9.30E-01,8.87E-01,8.73E-01,4.36441632925813,4.62901048770312,0,1560,428,297,432,309,596,296,572,333,565,353,566,309,2.04,3.3,104,-2.55,14.3,16.5
0.939720630645752,0.933911085128784,1.14335024356842,0.960571229457855,0.993563950061798,1.33921897411346,4.99E-01,7.21E-01,9.27E-01,8.87E-01,8.14E-01,7.03967159785911,8.6253971616634,0,1562,413,296,420,312,590,301,565,335,557,350,555,309,1.73,4.72,106,-2.38,5.43,8.6
0.913264155387878,0.977653622627258,1.13510990142822,0.960778176784515,1.00351178646088,1.46910059452057,5.00E-01,7.32E-01,9.21E-01,8.71E-01,8.15E-01,4.22294614973425,6.1970926718463,0,1564,412,297,419,316,588,300,563,335,555,348,555,310,3.01,1.4,112,-1.64,5.24,14.8
0.916984617710114,0.939788937568665,1.14115369319916,0.956825196743012,1.01441740989685,1.33299195766449,4.92E-01,7.33E-01,9.19E-01,8.43E-01,8.19E-01,-10.1701424820954,11.7647512069404,0,1566,416,298,425,308,592,300,566,334,563,351,557,309,6.18,2.26,109,-1.16,7.89,7.39
0.883871853351593,0.944237947463989,1.16401755809784,0.944504320621491,0.993247926235199,1.38193082809448,4.91E-01,7.34E-01,9.41E-01,8.77E-01,8.34E-01,-9.38810494160874,9.51742547762423,0,1568,391,296,405,312,574,302,546,331,545,346,536,309,12.8,5.02,113,0.532,16,11.8
0.94567596912384,0.912508308887482,1.11252665519714,1.01432991027832,0.999883770942688,1.3439222574234,5.23E-01,7.37E-01,9.27E-01,8.73E-01,8.68E-01,-14.8514262412703,22.6503193385763,0,1570,441,295,447,333,613,303,585,338,561,353,584,310,12.1,13.2,106,1.55,29.9,24.4
0.891794502735138,0.909246563911438,1.13878321647644,1.1721967458725,1.06042575836182,1.32578349113464,5.79E-01,6.88E-01,9.87E-01,0.00E+00,8.61E-01,-12.4527358506078,12.7991848447268,0,1572,641,303,676,354,766,372,722,398,721,417,720,369,19.2,18.3,89.9,2,10.9,8.26
0.882112145423889,0,0,1.03321993350983,1.01385951042175,1.41238105297089,5.57E-01,6.76E-01,8.95E-01,9.85E-01,9.86E-01,-12.3057309335207,13.9537695401548,0,1574,699,338,0,0,0,0,757,444,746,455,754,426,8.18,22.5,80.6,2.38,4.8,18
0.845649361610413,0.921052634716034,1.13101661205292,1.0175051689148,1.0469913482666,1.41788363456726,5.33E-01,6.71E-01,9.62E-01,9.76E-01,7.53E-01,-17.4673775419922,18.6452567003586,0,1576,535,439,506,461,641,529,588,542,541,559,606,519,2.45,22.9,64.9,1.74,8.09,8.07
0.854956567287445,0.896551728248596,1.14774262905121,1.10412538051605,1.07102024555206,1.34505033493042,5.41E-01,6.76E-01,9.07E-01,1.01E+00,7.65E-01,12.674257690479,15.9589540490571,0,1579,560,490,520,534,650,598,596,600,575,599,612,581,2.9,12.4,24.1,1.21,4.42,8.81
0.848447382450104,0.941304326057434,1.12491750717163,1.00298178195953,1.05246686935425,1.35283255577087,5.33E-01,6.77E-01,9.26E-01,9.68E-01,7.93E-01,-0.579319093449059,0.99543787057257,0,1581,556,473,522,491,653,603,592,603,544,596,620,589,1.28,4.41,34.5,1.35,3.67,9.09
0.893208622932434,0.937804877758026,1.1292849779129,0.981703341007233,1.06822347640991,1.26934826374054,5.47E-01,7.09E-01,8.56E-01,1.03E+00,8.34E-01,-1.75667816967632,3.61420749763041,0,1583,478,436,495,447,567,503,522,522,516,546,531,500,2.22,5.04,52,1.04,3.2,3.91
0.847632467746735,0,1.10397911071777,1.20996260643005,1.02953207492828,1.31937062740326,5.09E-01,6.49E-01,8.92E-01,9.56E-01,8.02E-01,-0.06688388137102,4.87956053125554,0,1585,412,360,0,0,531,442,481,460,453,465,494,440,2.95,5.91,75.1,1.28,1.68,11
0.87977010011673,0.917673468589783,1.11752033233643,1.0045622587204,1.04230833053589,1.30554854869843,5.43E-01,6.07E-01,8.72E-01,9.35E-01,8.14E-01,-6.56081443702172,7.3359500526787,0,1587,318,328,334,335,440,351,398,388,391,420,401,355,1.26,6.52,99.4,1.76,2.63,10.4
0.903711438179016,0.901981234550476,1.06781542301178,1.04631996154785,1.02797818183899,1.23153901100159,5.20E-01,7.00E-01,8.87E-01,9.57E-01,8.75E-01,-14.6387248430242,15.719684706787,0,1589,269,303,267,296,398,317,361,357,349,378,369,331,5.91,0.5,114,2.21,9.64,12.4
0.929146587848663,0,1.10101532936096,1.37680447101593,1.0164669752121,1.20850086212158,5.20E-01,7.35E-01,9.13E-01,1.01E+00,7.67E-01,-22.1985091995743,23.7244037041886,0,1591,269,283,0,0,411,326,368,356,340,371,379,334,5.06,2.78,118,2.16,12,9.89
0.915341198444366,0.93703305721283,1.09707200527191,1.0483546257019,1.05119752883911,1.2043514251709,5.29E-01,6.61E-01,8.74E-01,9.71E-01,7.43E-01,-4.93965734308966,9.03811676264128,0,1593,424,377,437,373,533,425,487,444,473,461,490,420,3.59,5.91,126,1.91,5.88,12.6
0.899763584136963,0,1.10128116607666,1.04943466186523,1.04441010951996,1.21161210536957,5.18E-01,6.69E-01,9.00E-01,9.76E-01,8.51E-01,-0.304051126232495,3.21125862521604,0,1595,472,371,0,0,572,472,518,479,496,485,527,477,1.46,7.48,118,1.7,4.29,11.5
0.902513086795807,0.944849371910095,1.13255131244659,1.08380305767059,1.04477310180664,1.17639744281769,5.47E-01,6.31E-01,9.05E-01,1.28E+00,8.16E-01,3.28806683973408,7.49246975662595,0,1597,569,539,570,572,639,641,592,644,568,664,607,625,3.24,4.03,109,1.33,6.78,5.23
0.897822439670563,0.898265898227692,1.05613887310028,1.02619254589081,1.03535830974579,1.23868179321289,5.90E-01,6.50E-01,0.00E+00,9.31E-01,7.82E-01,0.380250670860961,3.28370232567282,0,1600,514,601,531,593,621,666,568,674,545,692,583,650,3.75,3.64,85.2,1.14,2.51,3.42
0.892358660697937,0.820083677768707,1.07194781303406,1.00545930862427,1.01585114002228,1.17335093021393,5.53E-01,7.00E-01,8.72E-01,8.63E-01,7.48E-01,4.80273577354673,4.93904363593172,0,1602,411,498,377,515,505,598,451,604,407,608,473,587,2.46,6.92,67.6,1.05,3.48,6.49
0.904259324073792,0.90570342540741,1.07586634159088,0.989485383033752,1.02649307250977,1.24146568775177,5.51E-01,6.90E-01,8.79E-01,8.94E-01,8.04E-01,6.38323405554149,7.10146215032209,0,1604,369,412,362,430,448,500,391,507,366,530,415,488,1.03,6.29,51.3,1.48,2.63,0.483
0.959766745567322,0,1.03927993774414,0.989711701869965,1.03835952281952,1.24102318286896,6.29E-01,8.40E-01,9.20E-01,9.39E-01,8.68E-01,3.09801043256865,3.97208692943859,0,1606,403,287,0,0,451,391,393,392,365,392,418,376,1.22,4.67,39.2,0.968,1.24,11.1
0.833652555942535,0,1.02934587001801,0.989148616790772,1.07252204418182,1.15930712223053,1.11E+00,8.84E-01,9.49E-01,9.49E-01,0.00E+00,5.5812703671639,8.46248895230129,0,1608,449,301,0,0,474,367,419,360,392,368,447,344,3.47,4.81,22.6,1.11,4.56,4.79
0.999090492725372,0,1.04651749134064,0.966490089893341,1.02751529216766,1.14561939239502,6.78E-01,8.99E-01,9.53E-01,9.29E-01,0.00E+00,-10.884274799042,12.5408706446667,0,1610,392,241,0,0,408,328,349,326,311,316,384,309,2.7,2.94,13.6,1.86,8.18,18.6
0,0,0,0,0,0,0.00E+00,0.00E+00,0.00E+00,0.00E+00,0.00E+00,-36.2871737828386,38.4237538419078,0,1612,0,0,0,0,0,0,0,0,0,0,0,0,11.8,1.87,6.54,2.18,20.4,25.6
0,0,0,0,0,0,0.00E+00,0.00E+00,0.00E+00,0.00E+00,0.00E+00,-8.8988242933404,9.87085450334872,0,1614,0,0,0,0,0,0,0,0,0,0,0,0,18,9.62,2.84,2.71,7.29,19.5
0.904607117176056,0,1.05213487148285,0.983835875988007,1.02569901943207,1.22988450527191,5.74E-01,7.78E-01,9.31E-01,9.23E-01,8.38E-01,9.99779102692911,10.7547679459421,0,1616,414,388,0,0,459,518,403,527,363,502,428,515,2.69,16.9,3.46,2.81,12.8,3.84
0,0,0,0,0,0,0.00E+00,0.00E+00,0.00E+00,0.00E+00,0.00E+00,5.51408275225936,6.00185605414909,0,1619,0,0,0,0,0,0,0,0,0,0,0,0,0.363,15.3,3.36,2.87,6.3,4.78
0,0,0,0,0,0,0.00E+00,0.00E+00,0.00E+00,0.00E+00,0.00E+00,-0.345639556805535,0.899308914855667,0,1621,0,0,0,0,0,0,0,0,0,0,0,0,7.36,7.04,7.59,2.98,1.51,2.76
0.84234607219696,0.909836053848267,1.09720492362976,1.06010985374451,1.08676266670227,1.09788763523102,5.32E-01,6.96E-01,8.57E-01,9.19E-01,7.60E-01,3.78492992938341,4.9522156094704,0,1623,555,598,543,615,567,739,519,714,499,703,540,706,4.73,3.35,13.7,2.58,0.92,13.3
0,0,0,0,0,0,0.00E+00,0.00E+00,0.00E+00,0.00E+00,0.00E+00,2.67827256897074,3.01043901069618,0,1625,0,0,0,0,0,0,0,0,0,0,0,0,1.25,8.76,22.7,2.76,1.55,2.22
0.775477528572083,0.818757891654968,1.08417367935181,1.07938933372498,1.10708403587341,1.24557816982269,4.91E-01,6.26E-01,8.45E-01,8.70E-01,7.77E-01,1.2384272311783,2.40514608272051,0,1627,509,330,497,345,561,461,502,451,475,445,527,435,1.35,4.42,36.7,2.69,2.54,6.53
0.777671217918396,0.926676630973816,1.07455790042877,1.05342257022858,1.11089622974396,1.187983751297,4.82E-01,6.34E-01,8.48E-01,8.83E-01,7.17E-01,4.06442902274957,4.6615518038743,0,1629,497,286,470,304,545,409,489,406,468,412,510,383,0.281,5.39,43.9,2.95,3.53,2.34
0.762155473232269,0.902800679206848,1.08045029640198,1.03231406211853,1.10304725170136,1.23249411582947,4.67E-01,6.18E-01,8.49E-01,8.64E-01,7.58E-01,-2.17805071244695,2.62947462353461,0,1631,479,269,477,290,534,390,477,390,456,397,498,367,0.741,0.288,54.1,2.6,2.51,5.53
0.78137731552124,1.04629623889923,1.06591689586639,1.03719711303711,1.1136999130249,1.39424061775208,4.78E-01,6.12E-01,8.36E-01,8.55E-01,7.41E-01,0.630856692591325,1.17325413332016,0,1633,475,274,461,274,537,393,478,395,453,397,502,372,0.482,1.25,60.9,2.71,1.36,0.462
0.75182455778122,0.873597621917725,1.08420157432556,1.02505481243134,1.10981202125549,1.17776203155518,4.59E-01,6.17E-01,8.40E-01,8.38E-01,7.47E-01,4.55197413771702,6.73868170194564,0,1635,476,255,445,268,533,379,475,380,450,380,498,360,2.16,1.17,60.1,2.44,2.7,3.2
0.782106757164001,0.853559851646423,1.08402693271637,1.04255652427673,1.11508166790009,1.27009773254395,4.70E-01,6.19E-01,8.40E-01,8.43E-01,7.70E-01,2.68559529634488,5.47384200172554,0,1638,469,226,438,244,526,351,468,351,444,357,492,330,4.23,3.71,50.4,2.78,6.52,2.13
0.74770313501358,0.975925922393799,1.067835688591,1.04357004165649,1.09974980354309,1.22073018550873,4.72E-01,6.24E-01,8.39E-01,8.31E-01,7.32E-01,-4.38836672216351,6.38085054179924,0,1640,472,230,440,245,529,355,472,356,447,357,497,336,3.19,4.07,42.8,2.4,0.822,6.22
0.765080809593201,0.853958487510681,1.07206583023071,1.03010094165802,1.11907732486725,1.11899328231812,4.70E-01,6.20E-01,8.45E-01,8.58E-01,7.55E-01,-6.94766696187856,7.76451206538614,0,1642,459,189,426,212,519,311,463,313,440,321,483,291,3.86,4.34,29.8,2.43,8.21,4.6
0.742586970329285,0.919304251670837,1.05720889568329,1.03583288192749,1.08199393749237,1.19420301914215,4.54E-01,6.07E-01,7.73E-01,8.44E-01,7.47E-01,10.7569448536383,13.0723074092614,1,1644,453,169,426,193,518,291,461,295,435,304,483,273,0.396,3.78,13.5,2.18,10.7,6.43
0.791880965232849,0.909156978130341,1.08564066886902,1.03266561031342,1.07483553886414,1.12059652805328,4.59E-01,6.25E-01,8.09E-01,8.46E-01,7.93E-01,-1.14131800693993,2.01003824296243,1,1646,445,155,437,195,509,275,454,281,431,290,474,257,4.65,1.46,2.98,2.08,0.189,7.46
0.77463287115097,0,1.08028185367584,1.04288923740387,1.06042397022247,1.43551278114319,4.79E-01,6.12E-01,8.42E-01,8.57E-01,7.49E-01,3.09107734106982,3.27114181685555,1,1648,439,226,0,0,500,361,446,360,421,351,470,341,1.27,2.33,11.6,2.14,5.18,5.38
0.774019062519074,0,1.09062659740448,1.01490831375122,1.07006239891052,1.1330474615097,4.78E-01,6.07E-01,8.33E-01,8.64E-01,7.57E-01,4.82806853612629,5.95054598419921,1,1650,409,190,0,0,485,307,431,313,408,320,451,291,3.62,4.36,26.8,2.08,9.57,2.21
0.766925096511841,1.01139605045319,1.06308400630951,0.995888590812683,1.07224321365356,1.24921321868896,5.00E-01,6.29E-01,8.19E-01,8.61E-01,7.87E-01,1.59264148285258,2.4510199183066,1,1652,391,219,372,252,474,329,419,340,393,369,436,309,2.16,3.07,33.7,2.23,0.412,8.28
0.807439625263214,0.905084729194641,1.09294164180756,1.05481112003326,1.06628429889679,1.69843506813049,4.91E-01,6.26E-01,8.43E-01,8.87E-01,7.78E-01,-9.85281094124899,10.6224248544296,1,1654,400,248,374,274,483,368,429,376,401,376,447,353,5.61,2.51,39.4,1.89,5.61,7.69
0.842231452465057,1.03846156597137,1.04668569564819,1.02252161502838,1.06512272357941,1.91004145145416,4.91E-01,6.13E-01,8.47E-01,8.75E-01,6.93E-01,-3.47854843283761,3.76035718494984,1,1657,387,274,365,298,475,384,421,394,397,402,439,367,1.91,2.65,40.9,2.05,1.48,2.51
0.859525680541992,0.89075630903244,1.09445524215698,1.05013525485992,1.06988573074341,2.14357733726501,4.96E-01,7.05E-01,8.82E-01,9.13E-01,7.74E-01,12.4431317068401,13.8116962397946,1,1659,393,381,368,353,475,512,422,520,399,477,440,498,0.381,2.47,45.1,1.93,5.41,3.74
0.848076403141022,1.00232017040253,1.06432414054871,1.0523442029953,1.05932259559631,2.45111417770386,4.99E-01,6.11E-01,8.42E-01,8.85E-01,7.74E-01,3.94483805897462,4.67703136489584,1,1661,401,413,384,438,482,530,427,538,404,540,445,514,1.21,4.49,39.9,1.61,5.08,9.79
0.85266786813736,0.923279643058777,1.08421230316162,1.01035821437836,1.05153107643127,2.40959286689758,5.05E-01,6.22E-01,8.63E-01,8.99E-01,7.51E-01,-1.8682039001851,1.92936387271415,1,1663,380,387,362,420,466,499,415,512,392,523,430,483,1.86,1.53,36.4,1.82,2.04,3.65
0.854477882385254,0.950664162635803,1.08850514888763,1.04581785202026,1.04594624042511,2.57228899002075,4.82E-01,6.04E-01,8.48E-01,8.78E-01,7.37E-01,-7.13411502014423,7.3922824724529,1,1665,394,410,377,429,479,524,425,533,401,533,443,509,0.32,2.16,34.8,1.65,4.39,0.825
0.849319040775299,0.967339098453522,1.08478450775146,1.02623915672302,1.0782527923584,2.46734189987183,4.93E-01,6.24E-01,8.51E-01,8.88E-01,7.57E-01,-4.80230651717095,5.00452557891682,1,1667,373,368,361,386,465,475,414,485,390,495,429,460,1.14,1.96,29.1,1.64,2.99,4.27
0.84594589471817,0,1.0612758398056,1.00346088409424,1.05173575878143,2.35753512382507,4.98E-01,6.30E-01,8.64E-01,8.86E-01,7.29E-01,9.50480345388191,10.1872789899054,1,1669,359,353,0,0,457,455,406,469,383,481,421,441,0.948,2.51,23.4,1.61,4.34,4.86
0.83726978302002,0.927454233169556,1.07324743270874,1.01351201534271,1.04357695579529,2.36905121803284,5.00E-01,5.92E-01,8.46E-01,8.87E-01,7.00E-01,-6.54550247519984,6.98177305903924,1,1671,360,364,358,366,458,460,406,476,386,488,420,450,0.171,1.07,20.6,1.71,1.88,3.86
0.818003177642822,0.920176327228546,1.06420493125916,1.02700638771057,1.03651106357574,2.4172420501709,4.90E-01,5.70E-01,8.33E-01,8.74E-01,8.03E-01,-2.12248849451126,3.63644928717628,1,1673,347,351,344,350,452,441,398,459,371,471,414,429,1.17,0.822,15.2,1.59,3.32,5.06
0.830712676048279,0.91877669095993,1.08006155490875,1.02344655990601,1.03526151180267,2.32525253295898,4.94E-01,5.73E-01,8.29E-01,8.91E-01,7.65E-01,-0.237787840714022,1.13552625027762,1,1675,346,347,347,349,449,435,397,452,374,466,411,419,1.52,0.702,11.2,1.58,3.63,2.81
0.826195538043976,0.943661987781525,1.05535066127777,0.987193584442139,1.03127932548523,2.36114382743835,4.84E-01,5.88E-01,8.43E-01,8.66E-01,7.48E-01,5.52731317726618,8.55441498695559,1,1678,324,302,309,336,432,404,381,421,355,433,393,393,1.62,0.916,5.49,1.44,2.41,5.49
0.848513603210449,0.865494072437286,1.0768951177597,1.00817692279816,1.05244076251984,2.17740797996521,4.86E-01,5.99E-01,8.59E-01,8.71E-01,7.43E-01,2.59812181147936,2.89899022368136,1,1680,310,279,324,310,415,369,368,389,349,407,378,361,1.72,1.58,6.85,1.82,2.34,5.93
0.819380581378937,0.912093043327332,1.07010209560394,1.00298452377319,1.02806055545807,2.22860670089722,4.79E-01,5.90E-01,8.57E-01,8.77E-01,7.72E-01,-3.45384766100885,4.00836086559833,1,1682,297,270,285,305,411,362,361,384,339,397,373,355,1.85,0.714,4.49,1.33,3.78,3.75
0.834932625293732,0.909090936183929,1.07565724849701,1.03254890441895,1.02673494815826,2.20009088516235,4.80E-01,5.77E-01,8.60E-01,8.81E-01,7.68E-01,0.719872592366179,1.298142052601,1,1684,287,273,278,309,402,357,353,381,333,397,365,354,0.668,1.92,6.63,1.27,0.972,5.23
0.831063866615295,0.995515704154968,1.06858551502228,1.01475238800049,1.02492165565491,2.17033815383911,4.81E-01,5.75E-01,8.43E-01,8.62E-01,7.08E-01,7.53946154494911,10.0484379862388,1,1686,312,282,304,311,433,363,384,388,360,403,396,360,1.45,0.204,7.57,1.43,5.92,4.02
0.822624683380127,0.945968389511108,1.06473624706268,1.04090237617493,1.02139759063721,2.05691266059875,4.80E-01,5.79E-01,8.56E-01,8.72E-01,7.50E-01,0.78553199000943,3.50734908463595,1,1688,310,316,303,349,428,402,379,426,359,442,390,401,0.658,1.21,8.68,1.49,1.86,5
0.830231845378876,0.98222827911377,1.06774985790253,1.04843866825104,1.0154767036438,1.98633921146393,4.72E-01,5.93E-01,8.49E-01,8.74E-01,7.30E-01,-1.8889963228153,2.1870848953214,1,1690,301,304,306,343,420,398,373,421,351,436,385,395,1.9,0.958,8.36,1.55,2.23,1.45
0.821913719177246,0.896990716457367,1.07856380939484,1.04624474048615,1.03762578964233,1.90163338184357,4.75E-01,6.00E-01,8.46E-01,8.67E-01,7.78E-01,-0.59465021294063,2.2280547989589,1,1692,292,305,289,319,412,395,366,416,347,435,375,391,0.415,1.03,10.3,1.56,3.67,5.22
0.798439979553223,0.914529919624329,1.0871524810791,0.993912816047668,1.018474817276,1.90529263019562,4.64E-01,6.07E-01,8.37E-01,8.61E-01,7.59E-01,2.94318556513253,3.1774522263322,1,1694,292,302,284,337,411,398,364,419,345,434,374,392,1.18,1.38,9.18,1.58,2.46,2.14
0.796397507190704,0.904958665370941,1.08172917366028,1.035808801651,1.02669084072113,1.82255303859711,4.74E-01,6.10E-01,8.35E-01,8.58E-01,7.61E-01,5.67888866380115,6.00168036381682,1,1697,289,303,283,310,406,398,361,418,343,436,370,394,1.67,2.03,9.57,1.61,4.7,4.68
0.800340712070465,0.937539041042328,1.08176016807556,0.983167111873627,1.01498115062714,1.93360471725464,4.65E-01,6.07E-01,8.29E-01,8.47E-01,7.41E-01,-3.93413076892839,6.00333467950635,1,1699,286,303,279,331,406,397,360,417,341,433,370,391,1.64,1,7.38,1.68,1.22,4.07
0.784164309501648,0.909175395965576,1.0835440158844,1.08962285518646,1.02308535575867,1.69383871555328,4.62E-01,6.31E-01,8.21E-01,8.41E-01,7.51E-01,7.09398149429698,7.98759649177263,1,1701,285,308,272,338,402,415,357,430,340,438,366,409,2.84,0.816,7.75,1.93,3.6,1.16
0.778182744979858,0.906706273555756,1.07962024211884,0.986947298049927,1.01891875267029,1.70411467552185,4.50E-01,6.14E-01,8.27E-01,8.44E-01,7.69E-01,-2.60555119479078,6.86784144468867,0,1703,280,316,272,348,397,415,353,435,335,454,363,408,2.26,4.32,3.84,1.7,1.48,14.6
0.795508563518524,0.922701358795166,1.05975234508514,1.03626704216003,1.02234506607056,1.71308195590973,4.66E-01,5.97E-01,8.15E-01,8.38E-01,7.60E-01,-4.42735230526766,4.81231539977491,0,1705,287,323,278,354,404,425,357,441,338,458,368,418,0.414,3.66,6.31,1.84,5.36,5
0.792197406291962,0.911849737167358,1.06871044635773,1.00644385814667,1.0107696056366,1.77818024158478,4.61E-01,6.14E-01,8.00E-01,8.46E-01,6.93E-01,1.34075314979638,2.68538734149133,0,1707,307,330,296,360,425,429,378,446,359,460,388,422,3.49,3.85,7.32,1.86,4.52,2.57
0.784590363502502,0.920269310474396,1.07733976840973,1.03138661384583,1.02510297298431,1.68030118942261,4.55E-01,6.23E-01,8.12E-01,8.34E-01,7.48E-01,-1.5856094984065,2.02454015322242,0,1709,313,333,297,363,433,438,386,453,362,465,396,430,2.44,4.46,9.28,2.08,1.67,11.2
0.798464894294739,0.886963725090027,1.06800329685211,0.961406469345093,0.996811389923096,1.71031475067139,4.82E-01,6.07E-01,7.84E-01,8.49E-01,8.05E-01,-3.55892050326249,3.7905671986005,0,1711,354,391,366,409,461,476,415,495,406,527,423,464,0.243,3.13,13,2.16,6.51,6.33
0.782195508480072,0.796992480754852,1.07801330089569,0.994595468044281,1.0265429019928,1.69361448287964,4.47E-01,5.92E-01,8.21E-01,8.43E-01,7.08E-01,-0.052318832848765,2.07758496776019,0,1713,410,435,388,456,508,561,457,565,428,566,478,546,2.15,3.08,15.2,2.3,2.32,2.54
0.779679179191589,0.952309966087341,1.05135130882263,1.0561009645462,1.0398713350296,1.49589788913727,4.90E-01,5.85E-01,8.02E-01,7.97E-01,7.85E-01,-3.64859209796966,6.5600111221985,0,1716,440,410,417,432,523,549,475,552,451,538,492,543,1.25,3.53,22.3,2.43,3.13,1.54
0.756312072277069,0.837209284305573,1.08168637752533,0.976077497005463,1.0257294178009,1.68000912666321,4.56E-01,5.80E-01,8.13E-01,8.36E-01,7.35E-01,-3.18189763456015,5.1628796349477,0,1718,452,428,443,453,538,551,486,558,460,562,504,535,1.33,1.3,26.9,2.62,0.699,5.68
0.847449123859406,0.911096692085266,1.07640027999878,0.964909255504608,1.03196442127228,1.66092121601105,4.59E-01,6.24E-01,8.39E-01,8.54E-01,7.70E-01,-4.3637734053507,9.51416166138759,0,1720,453,366,434,380,535,544,486,547,462,506,502,525,0.997,1.52,32.3,2.6,3.02,3.89
0.744251668453217,0,1.07311499118805,0.957841217517853,1.02402973175049,1.54023706912994,4.35E-01,5.67E-01,8.04E-01,8.16E-01,7.30E-01,-3.96116215427884,11.4430818353801,0,1722,446,339,0,0,532,460,482,466,459,472,500,443,0.561,0.861,32.6,2.81,2.34,0.709
0.745716094970703,0.85261195898056,1.06188344955444,0.971049666404724,1.04449117183685,1.60331845283508,4.39E-01,5.80E-01,7.85E-01,8.27E-01,6.95E-01,-8.07117467226281,9.56553249614598,0,1724,468,376,464,406,545,497,494,504,473,516,510,478,1.33,0.735,36.6,2.64,1.41,1.28
0.746176302433014,0.853994488716126,1.06880462169647,0.975158274173737,1.04345870018005,1.51261305809021,4.51E-01,5.82E-01,8.18E-01,8.34E-01,7.49E-01,-9.37888237273889,11.7397787507226,0,1726,480,369,470,381,550,494,499,498,475,515,517,473,2.54,1.84,37.9,2.95,4.61,1.69
0.759312391281128,0.970436990261078,1.06916224956512,0.980957448482513,1.02717518806458,1.56255376338959,4.44E-01,6.03E-01,8.13E-01,8.24E-01,7.41E-01,-0.137921554566295,1.24351340168637,0,1728,487,366,460,387,554,500,504,499,479,506,521,477,2.03,2.6,37.4,2.17,0.222,47.1
0.758267164230347,0,1.0586177110672,0.989318788051605,1.03141260147095,1.42454266548157,4.65E-01,6.22E-01,8.47E-01,8.55E-01,9.72E-01,6.5374548372465,8.62985864527444,0,1730,527,451,0,0,584,623,529,608,501,590,552,612,15.2,11.6,42.2,3.48,3.89,4.03
0.799424707889557,0.955947160720825,1.08536291122437,0.974562704563141,1.06443464756012,1.33900630474091,4.64E-01,6.30E-01,8.23E-01,8.62E-01,7.42E-01,108.790570460684,123.499181894957,0,1732,561,585,556,590,598,716,552,709,533,710,565,691,23.6,2.33,35,2.9,113,62.9
0.823783218860626,0,1.03806710243225,0.971558213233948,1.03242886066437,1.39023578166962,5.09E-01,6.60E-01,7.69E-01,8.74E-01,7.54E-01,-75.2199503099969,99.1349915479469,0,1735,549,606,0,0,596,726,543,724,525,730,563,704,19.6,16.5,35,1.28,68.2,135
0.836769580841064,0.921735405921936,1.04210603237152,0.976822555065155,1.00921416282654,1.37714302539825,4.95E-01,6.02E-01,8.59E-01,8.51E-01,7.66E-01,0.046784434652768,6.08476905475408,0,1737,512,532,476,548,575,660,518,660,485,658,545,644,29.9,24.6,30.1,2.24,6.97,27.5
0,0,0,0,0,0,0.00E+00,0.00E+00,0.00E+00,0.00E+00,0.00E+00,-4.51918191314386,4.82195396944832,0,1739,0,0,0,0,0,0,0,0,0,0,0,0,1.92,10.6,23,2.17,6.12,21.6
0,0,0,0,0,0,0.00E+00,0.00E+00,0.00E+00,0.00E+00,0.00E+00,0.854843192617498,0.908466412781531,0,1741,0,0,0,0,0,0,0,0,0,0,0,0,5.86,2.39,15.5,1.93,2.26,13.9
0,0,0,0,0,0,0.00E+00,0.00E+00,0.00E+00,0.00E+00,0.00E+00,-7.34594227821395,7.65708236871049,0,1743,0,0,0,0,0,0,0,0,0,0,0,0,2.58,9.48,11.9,2.28,3.93,5.56
0.858622252941132,0.914790987968445,1.05953705310822,0.950455367565155,1.00936353206635,1.28948307037354,4.71E-01,6.42E-01,8.96E-01,8.45E-01,7.84E-01,-2.04982862593249,2.17089764788345,0,1745,426,334,393,351,494,450,441,454,411,458,460,430,0.191,8.21,9.23,2.09,0.921,2.21
0.873572885990143,0.968115925788879,1.04864382743835,0.955254316329956,1.01622211933136,1.27423584461212,4.90E-01,6.25E-01,8.69E-01,8.60E-01,8.24E-01,-3.90346347913796,4.29923283418716,0,1747,397,317,400,325,473,419,419,424,395,438,440,401,0.539,5.97,18.1,2.58,3.25,1.26
0.871398508548737,0.879396975040436,1.05214095115662,0.935838997364044,1.00317668914795,1.27431738376617,4.78E-01,6.11E-01,8.55E-01,8.41E-01,7.69E-01,-7.28223951943679,7.86724264894702,0,1749,405,282,402,290,465,397,411,401,387,409,431,381,2.44,1.19,18.9,2.53,5.39,6.14
0.882080256938934,0.934893190860748,1.04466688632965,0.959206283092499,1.01451170444489,1.2662228345871,4.93E-01,6.05E-01,8.59E-01,8.54E-01,8.11E-01,-20.2212991886565,22.590603331468,0,1751,408,308,411,312,476,410,419,416,397,427,440,393,10.4,6.64,20,3.28,21.2,5.12
0.878012776374817,0.89792388677597,1.05585122108459,0.950798690319061,1.00600862503052,1.23711204528809,4.98E-01,6.24E-01,9.02E-01,9.01E-01,7.88E-01,-6.3654812330012,7.11219236510435,0,1753,383,388,415,386,492,449,438,452,422,483,458,431,11.1,10.9,27.7,2.71,4.38,22.9
0.829601347446442,0.964194357395172,1.04510343074799,0.966788828372955,1.0066659450531,1.23917436599731,4.70E-01,5.99E-01,8.89E-01,8.70E-01,7.71E-01,-9.85736683085121,11.8027822560474,0,1756,492,471,464,470,544,612,486,606,458,588,512,598,5.23,12.3,24.9,3.22,5.66,3.51
0.849598050117493,1.01785719394684,1.07409071922302,0.975015103816986,1.03362154960632,1.17399048805237,5.14E-01,6.38E-01,8.63E-01,8.72E-01,8.32E-01,10.5039355411036,12.4271278908459,0,1758,538,633,521,661,575,761,519,756,497,765,539,734,0.654,7.22,11.2,2.98,10.1,5.04
0,0,0,0,0,0,0.00E+00,0.00E+00,0.00E+00,0.00E+00,0.00E+00,0.460506893225398,1.56631159479284,0,1760,0,0,0,0,0,0,0,0,0,0,0,0,3.8,1.72,7.03,3.16,2.91,0.777
0.80299985408783,0.905746161937714,1.0616991519928,0.987369298934937,1.0535272359848,1.20586514472961,4.69E-01,6.07E-01,8.47E-01,8.31E-01,7.92E-01,7.13917350327169,8.48094820119094,0,1762,560,422,526,438,590,559,534,547,511,543,561,531,2.67,3.4,5.42,3.13,7.34,5.44
0.858334600925446,0.976245641708374,1.05795300006866,0.989254534244537,1.04335737228394,1.13536083698273,4.53E-01,6.57E-01,8.61E-01,8.02E-01,7.24E-01,-9.31092205514583,11.102474650926,0,1764,492,363,539,348,591,425,536,417,511,446,562,408,1.31,7.62,22.6,2.75,6.95,2.6
0.77361273765564,0.897277653217316,1.05839264392853,0.987053751945496,1.03786194324493,1.18139469623566,4.35E-01,5.79E-01,8.34E-01,8.36E-01,7.70E-01,14.9093593098329,18.873318196915,0,1766,557,282,527,300,592,421,538,412,512,412,563,393,2.51,6,32.9,2.99,15.1,2.45
0.771781921386719,0.869716763496399,1.05743324756622,0.997911214828491,1.04672348499298,1.19411778450012,4.53E-01,5.79E-01,8.21E-01,8.27E-01,7.60E-01,-5.18427333698313,7.70709789206075,0,1768,534,288,527,313,577,422,521,415,500,415,546,399,3.57,4.66,29.2,2.88,4.73,7.42
0.815993309020996,0.925269663333893,1.05194914340973,0.992617309093475,1.04455554485321,1.08270931243896,4.71E-01,5.76E-01,7.70E-01,8.91E-01,7.09E-01,0.869797014170682,1.03403497194679,0,1770,453,372,502,351,560,416,500,413,475,464,532,382,4.64,3.15,41.4,2.58,3.48,9.01
0.780131638050079,0.913848638534546,1.05138063430786,0.989684164524078,1.04655718803406,1.33859133720398,4.46E-01,5.77E-01,8.33E-01,8.11E-01,7.38E-01,-0.942028313241094,1.3349880968425,0,1772,506,334,467,349,551,464,493,461,468,462,522,438,3.9,0.787,39.8,2.89,3.7,9.09
0.755094349384308,0.92919796705246,1.05633211135864,0.994687139987946,1.04212892055511,1.15346717834473,4.43E-01,7.07E-01,8.28E-01,8.22E-01,7.57E-01,10.3870675441784,11.7711199239417,0,1775,506,323,490,333,548,454,490,450,464,456,517,435,0.449,2.92,32.2,2.59,9.69,2.64
0.779575705528259,0.936343848705292,1.03295624256134,0.985892593860626,1.05054044723511,1.17552196979523,4.42E-01,6.04E-01,8.39E-01,8.27E-01,7.34E-01,3.09889108228187,3.43701781922482,0,1777,507,461,475,475,547,596,491,591,465,596,516,571,1.69,2.06,19.2,2.47,3.64,4.43
0.756642937660217,0.925786435604095,1.04352068901062,0.986165821552277,1.05562388896942,1.14947092533112,4.37E-01,5.90E-01,8.37E-01,8.09E-01,7.05E-01,10.3105778246581,12.7406312278467,0,1779,500,446,459,460,543,582,486,578,460,578,514,560,0.309,2.42,20.6,2.65,7.01,6.58
0.755429685115814,0.884643137454987,1.04178905487061,0.975512802600861,1.04273676872253,1.11371088027954,4.40E-01,5.89E-01,8.42E-01,8.00E-01,7.74E-01,-6.47520802023469,7.05834892670791,0,1781,495,433,461,449,540,568,485,565,459,569,509,545,1.14,0.948,7.52,2.56,4.35,3.36
0.754903972148895,0.940922200679779,1.0516893863678,0.98387598991394,1.04583501815796,1.09379088878632,4.29E-01,5.89E-01,8.29E-01,8.19E-01,7.36E-01,6.4493249434769,7.96987374848361,0,1783,488,417,453,432,537,552,482,548,456,549,506,529,0.252,0.81,8.99,2.51,6.41,1.35
0.746443212032318,0.905773043632507,1.06569373607636,0.982532203197479,1.03654277324677,1.12598192691803,4.39E-01,6.00E-01,8.23E-01,8.19E-01,7.68E-01,-3.16221541017916,3.47501920718701,0,1785,483,395,448,413,533,528,478,525,452,531,503,505,0.532,0.453,11.5,2.5,2.19,4.8
0.740273416042328,0.894703686237335,1.05724215507507,0.988665521144867,1.02900755405426,1.10767805576324,4.30E-01,5.87E-01,8.20E-01,7.89E-01,7.39E-01,5.03150802722171,6.78770441877732,0,1787,477,383,444,394,530,517,476,514,445,513,503,499,3.38,3.38,14.6,2.53,9.84,1.36
0.744183778762817,0.889818429946899,1.05156993865967,0.986557722091675,1.02540981769562,1.16008830070496,4.17E-01,5.77E-01,8.10E-01,8.22E-01,7.63E-01,1.18955496428684,1.55339769766956,0,1789,473,356,439,373,523,490,470,487,441,494,495,466,3.97,4.09,18.2,2.55,0.918,14.8
0.738486647605896,0.912280678749085,1.03991878032684,0.980182111263275,1.04798865318298,1.06888389587402,4.12E-01,5.85E-01,8.34E-01,8.00E-01,7.34E-01,4.22266423441251,5.2236336344968,0,1791,471,333,439,339,524,474,470,469,441,464,497,453,2.97,2.41,14.9,2.59,3.96,6.63
0.751189291477203,0.902934551239014,1.04230737686157,0.962181806564331,1.01843011379242,1.09052658081055,4.30E-01,5.83E-01,8.40E-01,8.27E-01,7.66E-01,-5.1847526100442,6.14620687037645,0,1794,462,284,433,302,515,420,463,416,436,425,487,396,2.11,0.873,14.8,2.29,5.76,7.4
0.763846516609192,0.908805012702942,1.04534101486206,0.941921353340149,1.02014362812042,1.06999671459198,4.39E-01,6.41E-01,8.02E-01,8.23E-01,7.44E-01,8.177161212863,8.94167921295123,0,1796,458,289,440,333,516,409,463,407,430,452,491,385,1.83,1.15,14.5,2.35,6.11,2.84
0.771582901477814,0.89735347032547,1.03597223758698,0.962384879589081,1.00981652736664,1.15838062763214,4.31E-01,5.94E-01,8.47E-01,8.33E-01,7.39E-01,-7.45955421571484,8.50842535555206,0,1798,453,361,415,379,509,493,458,490,429,499,484,469,0.377,0.901,15.5,2.27,4.38,3.61
0.754094839096069,0.907700181007385,1.04789698123932,0.969377636909485,1.01506495475769,1.08225357532501,4.25E-01,6.36E-01,8.42E-01,8.31E-01,7.32E-01,3.83416034472613,4.19033499889114,0,1800,451,343,420,356,508,479,457,475,430,476,482,455,0.796,1.65,12.5,2.28,5.34,1.54
0.772086381912231,0.871967673301697,1.03828799724579,0.964364886283875,1.01756286621094,1.08761787414551,4.43E-01,6.11E-01,8.54E-01,8.38E-01,7.71E-01,-4.05472584110202,5.06183626191006,0,1802,447,404,412,422,506,537,453,534,426,540,478,515,0.795,0.688,17,2.28,4.18,1.55
0.779020309448242,0.886473417282105,1.05188882350922,0.966011106967926,1.00590169429779,1.05564272403717,4.50E-01,6.04E-01,8.36E-01,8.31E-01,6.91E-01,-1.63426251961204,2.79227235934378,0,1804,442,407,413,423,504,537,452,533,421,538,478,515,0.75,0.769,16.5,2.39,1.55,0.638
0.795722723007202,0.924591720104218,1.05223429203033,0.955775022506714,1.00807738304138,1.05730998516083,4.59E-01,6.15E-01,8.45E-01,8.38E-01,7.47E-01,-28.8218496698709,31.497207840141,0,1806,444,382,426,393,497,514,447,509,416,518,471,488,8.99,4.37,15.2,2.64,28.2,1.43
0.789968013763428,0.888000011444092,1.04774355888367,0.961355447769165,1.01800680160522,1.05377173423767,4.37E-01,6.10E-01,8.34E-01,8.23E-01,7.53E-01,-0.055279197040215,0.959652700411258,0,1808,443,366,410,382,494,501,444,496,415,500,467,476,10.2,6.74,14.7,2.81,1.2,18.9
0.779139995574951,0.913714826107025,1.05319011211395,0.961566507816315,1.00539600849152,1.10319578647614,4.50E-01,5.94E-01,8.26E-01,8.21E-01,7.38E-01,0.029703682324019,1.53754343675834,0,1810,448,381,415,395,501,520,450,515,420,515,475,498,5.88,7.32,16.2,3.09,2.4,6.74
0.761608481407166,0.922547340393066,1.05258059501648,0.989670693874359,1.03567934036255,1.07792031764984,4.54E-01,6.19E-01,8.40E-01,8.32E-01,7.56E-01,13.3895237263282,18.0437302550019,0,1813,486,524,447,555,517,660,463,654,441,671,486,630,1.83,3.6,7.42,3.09,9.22,5.43
0,0,0,0,0,0,0.00E+00,0.00E+00,0.00E+00,0.00E+00,0.00E+00,-8.22019819721595,9.46657799933677,0,1815,0,0,0,0,0,0,0,0,0,0,0,0,1.13,1.89,6.73,2.85,4.54,0.0633
0.767926514148712,0.916049361228943,1.0445761680603,0.983449637889862,1.03704154491425,1.04695725440979,4.47E-01,6.10E-01,8.19E-01,8.19E-01,7.08E-01,7.20561217586756,10.4058063042731,0,1817,524,442,491,455,527,579,477,561,455,567,501,547,0.739,4.13,9.88,2.87,6.01,5.76
0.765755414962769,0.918431401252747,1.0571129322052,0.981035709381104,1.05094575881958,1.0486501455307,4.44E-01,6.14E-01,8.27E-01,8.17E-01,6.88E-01,-4.54407821889889,5.29520776285743,0,1819,525,435,494,449,535,572,482,555,458,560,506,540,1.48,4.95,12.9,2.72,3.7,2.18
0.742119908332825,0.942148745059967,1.04994106292725,0.996494889259338,1.03319430351257,1.0939975976944,4.21E-01,5.93E-01,8.23E-01,8.00E-01,6.88E-01,4.64606438183082,5.62077180580704,0,1821,506,399,464,408,527,541,474,525,448,524,502,515,0.907,0.456,22,2.65,3.11,1.18
0.740119099617004,0.863802552223206,1.04876887798309,0.988742649555206,1.03902316093445,1.09674227237701,4.34E-01,5.88E-01,8.20E-01,8.10E-01,7.59E-01,-1.22673699454094,5.52170264731749,0,1823,494,377,460,390,519,517,464,504,438,510,494,489,0.681,2.25,23.3,2.7,4.52,4.11
0.751482725143433,0.898684203624725,1.04758656024933,0.993426084518433,1.04896974563599,1.06882441043854,4.37E-01,5.93E-01,8.05E-01,8.16E-01,6.85E-01,4.4543926674707,5.20589492331308,1,1825,499,353,464,365,527,493,472,480,447,480,498,468,0.697,1.29,25,2.54,6.77,2.31
0.762079358100891,0.893470764160156,1.05315816402435,0.986015558242798,1.04057633876801,1.07507264614105,4.52E-01,5.83E-01,8.33E-01,8.05E-01,6.94E-01,8.79297838775278,10.2528889784529,1,1827,510,341,474,359,532,480,478,468,454,472,503,452,3.91,2.56,23.1,2.7,5.81,1.77
0.745597422122955,0.89714926481247,1.05101799964905,0.982436180114746,1.04451668262482,1.09675061702728,4.25E-01,5.78E-01,8.32E-01,8.17E-01,6.83E-01,1.1154336308731,1.38899772952788,1,1829,492,318,453,329,525,458,470,448,442,447,496,434,3.84,2.97,23.3,2.28,3.86,2.25
0.762745082378387,0.931801319122314,1.04506635665894,0.964960336685181,1.02370810508728,1.05234968662262,4.59E-01,5.85E-01,8.32E-01,7.92E-01,7.81E-01,-16.9252502508283,18.2239354678876,1,1832,479,263,465,278,518,396,464,386,435,400,492,369,1.38,4.23,12.9,2.23,10.4,5.95
0.785880148410797,0.899071931838989,1.04123210906982,0.9569091796875,1.01556181907654,1.14550721645355,4.39E-01,5.70E-01,8.38E-01,8.33E-01,8.04E-01,13.2705217121127,16.476681563586,1,1834,468,168,431,177,513,310,462,305,432,295,492,290,0.253,4.78,4.91,2.38,10.1,1.38
0.765013873577118,0.857207417488098,1.02929258346558,0.972338259220123,1.00755941867828,1.08293545246124,4.47E-01,5.78E-01,8.28E-01,8.05E-01,8.38E-01,-5.30177910827926,6.39416177704335,1,1836,466,118,428,132,509,257,458,249,430,248,483,244,2.43,1.95,4.81,2.28,3.69,5.52
0.77029275894165,0.931421458721161,1.03978419303894,0.954390227794647,1.01552832126617,1.1694895029068,4.19E-01,5.98E-01,8.19E-01,8.10E-01,7.04E-01,5.51993808656252,7.86250047778596,1,1838,458,147,436,151,503,280,452,274,423,280,478,257,1.8,1.06,10.8,2.23,2.98,16.8
0.750888645648956,0.848708510398865,1.05688512325287,0.961287140846252,1.00646865367889,1.08942234516144,4.11E-01,5.73E-01,8.13E-01,7.95E-01,6.91E-01,-0.146543376515595,1.03071947712532,1,1840,452,154,433,162,495,289,444,284,418,291,468,265,4.07,3.05,21.6,1.75,1.62,1.69
0.764211893081665,0.916149079799652,1.04268217086792,0.954064965248108,1.00618410110474,1.13831949234009,4.24E-01,5.71E-01,8.22E-01,7.94E-01,6.91E-01,-10.1221812870337,11.6361438977799,1,1842,453,154,419,166,499,289,447,282,419,284,469,266,2.33,2.52,24.8,1.87,3.94,15.4
0.76644766330719,0.914529919624329,1.03563678264618,0.945688188076019,1.00166916847229,1.14312350749969,4.58E-01,6.03E-01,8.41E-01,7.98E-01,7.02E-01,-0.981250268904861,1.51773720023043,1,1844,441,215,431,216,500,339,444,338,415,338,469,318,3.44,3.48,31.6,2.12,2.04,1.39
0.799871265888214,0,1.0533047914505,0.957131564617157,1.00287294387817,1.15461468696594,4.53E-01,6.11E-01,8.28E-01,8.01E-01,7.67E-01,-6.78662631071593,7.37252366578586,1,1846,438,193,0,0,490,320,436,318,406,318,461,301,2.6,1.03,34.2,1.77,2.18,7.56
0,0,0,0,0,0,0.00E+00,0.00E+00,0.00E+00,0.00E+00,0.00E+00,0.212486068749691,0.820877184122498,1,1848,0,0,0,0,0,0,0,0,0,0,0,0,0.0474,1.68,38.1,1.82,2.3,2.29
0.796088755130768,0.906773507595062,1.06099045276642,0.961158812046051,1.01649987697601,1.09132397174835,4.50E-01,5.96E-01,8.40E-01,8.03E-01,7.87E-01,-2.26530412385864,2.58094770249531,1,1850,445,344,402,358,481,479,430,475,404,478,453,457,0.746,3,34.6,1.76,0.488,3.04
0.799810349941254,0.896210849285126,1.04471504688263,0.945106506347656,1.01824498176575,1.1176518201828,4.53E-01,6.11E-01,8.37E-01,7.92E-01,7.25E-01,-11.9246936686783,12.6541425042124,1,1853,429,338,390,354,480,466,426,464,399,469,449,445,0.884,1.22,33.9,1.77,6.64,2.86
0.79440712928772,0.956434309482574,1.04964804649353,0.943951368331909,1.02190625667572,1.13432621955872,4.53E-01,6.04E-01,8.25E-01,8.05E-01,7.52E-01,7.95288149878703,8.74379897940536,1,1855,431,320,395,334,476,451,423,451,398,454,445,431,0.186,0.4,30.4,2.37,6.74,27.6
0.790939331054688,0.904942989349365,1.03869712352753,0.952563524246216,1.01257503032684,1.1397590637207,4.54E-01,5.94E-01,8.28E-01,8.07E-01,7.44E-01,-16.4166017000697,17.6676581857158,1,1857,452,329,410,342,482,467,432,461,406,463,455,442,11.1,7.41,24.1,2.12,11.1,2.42
0.808945417404175,0.908114552497864,1.04794943332672,0.96129310131073,1.00685036182404,1.17164039611816,4.47E-01,6.19E-01,8.31E-01,8.12E-01,7.22E-01,27.8552576762488,30.2192637463925,1,1859,451,348,415,363,487,477,437,474,412,482,457,449,3.48,7.46,15.5,2.7,27.1,15.9
0.767989695072174,0.8984375,1.06031215190887,0.959336638450623,0.997992813587189,1.19309568405151,4.55E-01,6.21E-01,8.66E-01,8.21E-01,7.39E-01,-7.09312706268604,7.83806250675634,1,1861,464,389,421,387,502,540,451,531,420,516,471,516,5.72,10.2,9.15,2.79,4.32,7.45
0.766705632209778,0.923259496688843,1.05604159832001,0.957862973213196,1.00927340984344,1.15480864048004,4.63E-01,6.38E-01,8.49E-01,8.25E-01,7.11E-01,7.33320347433651,8.42563338063975,1,1863,486,551,442,573,515,684,462,677,436,689,484,656,3.49,8.56,3.23,2.79,6.23,9.35
0,0,0,0,0,0,0.00E+00,0.00E+00,0.00E+00,0.00E+00,0.00E+00,0.016005582193981,2.42514555495373,1,1865,0,0,0,0,0,0,0,0,0,0,0,0,0.664,1.99,13.3,2.67,2.76,2.66
0.739918529987335,0.910980582237244,1.05389034748077,0.98585706949234,1.02651631832123,1.21900463104248,4.52E-01,5.96E-01,8.23E-01,8.06E-01,6.95E-01,8.95228574343608,10.1711489567626,1,1867,491,410,456,426,516,548,461,538,435,544,487,521,1.43,1.56,22.4,2.66,6.83,2.45
0.780272305011749,0.912218272686005,1.0464403629303,0.962977051734924,1.02824592590332,1.24495136737823,4.64E-01,6.02E-01,8.08E-01,8.68E-01,7.49E-01,-1.23479024588156,4.42248710409558,1,1869,477,406,474,442,516,536,460,529,435,563,485,511,0.973,4.22,29.8,2.67,4.01,13.4
0.72640985250473,0.952795028686523,1.05890238285065,0.978621423244476,1.02033162117004,1.30325365066528,4.32E-01,5.87E-01,8.21E-01,8.05E-01,7.02E-01,10.362547712698,12.1616817956306,1,1872,492,378,456,387,518,519,463,507,435,506,490,492,17.2,12.2,39.4,3.31,6.07,10.7
0.769366502761841,0.953957974910736,1.05463325977325,0.973528981208801,1.0271018743515,1.24179768562317,4.43E-01,5.83E-01,7.97E-01,8.08E-01,7.44E-01,-60.1593485826429,64.5232416209723,1,1874,484,367,470,377,516,502,461,493,431,503,489,470,5.82,9.73,42.3,1.89,50,35.5
0.796423971652985,0.89605039358139,1.05629110336304,0.966416716575623,1.01358699798584,1.26873409748077,4.36E-01,5.82E-01,8.10E-01,7.80E-01,7.00E-01,20.0701228181456,21.2735124980734,1,1876,492,270,451,275,522,417,468,405,441,394,494,395,14.8,10.7,37.1,2.6,13.6,10.3
0.764761686325073,0.892142057418823,1.04818665981293,0.950923502445221,1.02314627170563,1.22850632667542,3.97E-01,5.80E-01,8.00E-01,8.22E-01,6.61E-01,-10.2707267744376,10.7974034776,1,1878,493,159,473,180,525,293,473,287,445,306,496,264,4.4,3.07,33.1,2.17,8.61,9.71
0,0,0,0,0,0,0.00E+00,0.00E+00,0.00E+00,0.00E+00,0.00E+00,16.2152868066092,19.6172038576241,1,1880,0,0,0,0,0,0,0,0,0,0,0,0,1.28,7.13,23.1,2.44,12.3,4.17
0.952673256397247,0,0,0.948319554328918,1.01039671897888,0.991365790367126,4.79E-01,6.65E-01,8.43E-01,8.46E-01,7.43E-01,-6.52426946687677,14.3356582671522,1,1882,787,532,0,0,0,0,687,694,669,693,700,678,1.05,8.51,13.5,2.33,7.64,5.26
0.875592470169067,0,1.04014337062836,0.960159718990326,1.01000940799713,1.23198711872101,4.58E-01,6.38E-01,8.49E-01,8.21E-01,7.89E-01,5.56714680298298,9.78420661746777,0,1884,695,357,0,0,741,492,687,485,660,480,710,470,0.819,7.12,8.08,2.36,5.53,6.74
0.907765984535217,0.926553666591644,1.05101191997528,0.946790635585785,1.00318813323975,1.2093288898468,4.54E-01,6.27E-01,8.77E-01,8.35E-01,7.16E-01,-10.4722856593657,12.0379651942404,0,1886,645,303,609,314,688,439,634,432,606,426,657,418,2.08,2.69,10.5,2.98,5.24,16.9
0.912704706192017,0.924055516719818,1.05334079265594,0.948086023330689,1.00813233852386,1.22524285316467,4.54E-01,5.99E-01,8.75E-01,8.36E-01,7.35E-01,-19.327475482847,24.7621827134508,0,1888,644,288,613,308,685,423,631,417,607,419,654,397,13.8,9.51,13.4,2.67,22.9,6.27
0,0,0,0,0,0,0.00E+00,0.00E+00,0.00E+00,0.00E+00,0.00E+00,-2.38056407449303,4.479282691816,0,1891,0,0,0,0,0,0,0,0,0,0,0,0,4.38,13.7,16.4,3.63,11.1,20.8
0.86088889837265,0.942815244197845,1.04893708229065,0.948136448860168,1.01508486270905,1.223468542099,4.76E-01,6.11E-01,9.27E-01,8.71E-01,7.64E-01,-1.75684998767126,6.74285595697146,0,1893,530,385,577,360,632,443,579,441,551,474,604,417,4.21,13.9,11.5,3.65,5.65,4.11
0.892448484897614,0.947545409202576,1.04582738876343,0.974981844425201,1.02322840690613,1.1443874835968,5.12E-01,6.20E-01,8.95E-01,8.79E-01,9.24E-01,2.02308003174304,8.79950053317753,0,1895,594,514,552,522,610,689,559,662,534,637,587,667,1.54,9.41,9.39,3.41,9.01,11.2
0.886016130447388,1.03097343444824,1.04356157779694,0.980957090854645,1.0322413444519,1.14689981937408,5.24E-01,6.44E-01,8.39E-01,8.63E-01,0.00E+00,6.17996054470759,8.72079032299977,0,1897,617,559,606,572,620,688,576,660,552,668,596,669,6.43,4.35,19.8,3.68,2.07,6.59
0.870563983917236,0.895839869976044,1.0565299987793,0.992610096931458,1.02915132045746,1.1225403547287,4.46E-01,6.39E-01,8.70E-01,8.56E-01,7.70E-01,-5.74798053214386,8.07990619177607,0,1899,654,388,618,368,619,537,580,507,554,487,602,501,2.91,6.61,30.4,3.38,4.89,5.76
0.829450488090515,0,1.0692286491394,0.97767174243927,1.0320782661438,1.11679244041443,4.31E-01,6.10E-01,8.45E-01,8.33E-01,7.59E-01,4.74560679290902,6.64837537883859,0,1901,574,305,0,0,568,435,524,408,499,399,547,402,2.56,8.44,44.8,3.67,6.01,3.69
0.850022971630096,0,1.02965438365936,0.966100513935089,1.03023374080658,1.13897323608398,4.63E-01,6.27E-01,8.10E-01,8.19E-01,7.23E-01,-0.861697903755682,4.42958263548205,0,1903,506,262,0,0,511,383,455,364,441,376,484,351,3.19,6.75,56,3.41,7.81,4.03
0.846646666526794,0.963636338710785,1.05382263660431,0.965575814247131,1.0276210308075,1.11131775379181,4.35E-01,5.90E-01,8.05E-01,8.07E-01,7.22E-01,4.00475396541109,5.42646932176442,0,1905,498,222,483,215,489,351,440,327,427,324,468,317,2.1,6.96,62.9,3.51,6.24,2.13
0.86307293176651,0.982300877571106,1.05135607719421,0.956827938556671,1.06879532337189,1.22357273101807,4.40E-01,5.84E-01,8.25E-01,8.27E-01,7.74E-01,-1.77996617535592,2.53850983739059,0,1907,532,213,506,212,503,335,460,311,442,313,487,296,0.503,3.94,61,3.51,5.22,2.28
0.846176445484161,0.951335906982422,1.07583069801331,0.975134611129761,1.04466581344605,1.05352687835693,4.14E-01,5.84E-01,8.67E-01,8.11E-01,7.37E-01,-5.1566258070828,6.99998124095286,0,1910,545,169,509,168,503,296,465,271,445,270,487,261,2.22,1.76,58.5,3.52,7.23,7.12
0.84745329618454,0.90230792760849,1.07703614234924,0.957570672035217,1.04677629470825,1.01157832145691,4.16E-01,5.90E-01,8.62E-01,8.49E-01,7.73E-01,0.77802182061295,3.67839296217763,0,1912,519,166,483,166,488,294,444,272,424,271,469,261,1.2,0.852,45.5,3.25,3.67,2.71
0.891205430030823,0.983284175395966,1.06547975540161,0.958874404430389,1.04158842563629,1.06413471698761,4.37E-01,6.14E-01,9.00E-01,8.68E-01,7.81E-01,-0.224611283709624,0.514098070727307,0,1914,536,226,497,224,499,354,455,331,434,330,480,322,2.29,1.31,32.1,3.26,3.81,7.2
0,0,0,0,0,0,0.00E+00,0.00E+00,0.00E+00,0.00E+00,0.00E+00,2.47099114758304,7.796210705252,0,1916,0,0,0,0,0,0,0,0,0,0,0,0,0.805,0.792,17.2,3.33,2.93,4.08
0.8594810962677,0.913144171237946,1.07061982154846,0.957133889198303,1.04656672477722,1.05839967727661,4.41E-01,6.16E-01,9.02E-01,8.62E-01,7.75E-01,7.23400134963164,8.76786022708771,0,1918,548,228,508,233,518,357,473,337,449,337,499,324,2.22,2.08,7.14,3.54,6.17,4.84
0.870193064212799,0.944903552532196,1.05984973907471,0.963498115539551,1.04544532299042,1.04276263713837,4.51E-01,6.47E-01,9.16E-01,8.97E-01,7.66E-01,-7.99635132329858,9.98390002252416,0,1920,562,246,538,219,525,389,480,371,454,355,508,360,0.519,0.237,13.6,3.09,3.25,5.36
0.84337317943573,0.932661473751068,1.0386883020401,0.96412467956543,1.03181481361389,1.08185338973999,4.42E-01,6.33E-01,9.03E-01,8.78E-01,7.56E-01,7.77626514064507,11.590282660575,0,1922,565,207,525,210,543,348,500,327,476,326,526,319,1.92,3.54,21.4,2.8,5.04,5.23
0.809483647346497,0.91439813375473,1.04742419719696,0.952110111713409,1.03317749500275,1.04920136928558,4.45E-01,6.23E-01,8.94E-01,8.77E-01,7.50E-01,-2.2191336506015,2.5310892603295,0,1924,567,189,548,194,549,325,506,311,480,317,531,296,5,4.12,27.7,2.79,3.59,2.97
0.832195103168488,0.915593564510345,1.05280876159668,0.95152485370636,1.02067518234253,1.04802966117859,5.03E-01,6.21E-01,8.83E-01,8.86E-01,8.18E-01,0.418024376563506,0.549258481089428,0,1926,557,228,531,244,556,354,507,346,477,363,532,323,3.51,6.42,34.2,2.83,3.1,10.4
0.817420363426209,0.887397170066834,1.04404437541962,0.939012229442596,1.02047502994537,1.03637290000916,4.74E-01,6.08E-01,8.57E-01,8.24E-01,7.35E-01,-4.78419735849701,6.30586082874311,0,1928,549,203,536,205,566,342,520,322,487,322,550,311,2.28,5.57,36.4,2.63,4.39,8.33
0.853797852993012,0.91671085357666,1.05993723869324,0.951932311058044,1.00426697731018,1.10756373405457,4.82E-01,6.25E-01,8.46E-01,8.76E-01,7.54E-01,2.78872336850556,6.16383838658406,0,1931,569,174,551,179,571,303,526,283,499,296,552,267,2.07,2.28,37.7,2.39,4.88,13.8
0.835205614566803,0.940793752670288,1.06497538089752,0.954373955726624,1.01759624481201,1.06535971164703,4.70E-01,6.17E-01,8.71E-01,8.53E-01,9.00E-01,3.19797917518502,4.80663107203137,0,1933,577,167,564,168,580,301,531,281,502,278,559,284,5.15,2.05,38.2,2.19,4.78,8.56
0.847773909568787,0.879189372062683,1.06218707561493,0.94835376739502,1.02491962909698,1.092733502388,4.68E-01,6.05E-01,8.87E-01,8.59E-01,8.14E-01,4.17282598440325,5.0589208817231,0,1935,580,250,561,258,582,380,532,360,506,363,560,348,7.77,4.59,39.7,2.29,5,16.2
0.868849039077759,0.951250016689301,1.07720804214478,0.940748393535614,1.04094314575195,1.02391541004181,4.66E-01,6.38E-01,8.92E-01,8.77E-01,7.98E-01,-8.29583546230201,9.06157584658748,0,1937,594,231,573,234,586,363,541,343,514,349,567,331,0.906,4.92,38.1,2.1,9.38,9.87
0.817121505737305,0.913490355014801,1.06605350971222,0.936087310314178,1.01949191093445,1.0806633234024,4.68E-01,6.31E-01,8.80E-01,8.65E-01,7.62E-01,0.703019076801088,3.61783267062914,0,1939,461,193,433,195,464,331,416,313,388,313,442,300,4.46,5.72,42.8,2.22,4.42,6.58
0.820665836334229,0.920277297496796,1.06489253044128,0.929424226284027,1.02237129211426,1.01590931415558,4.48E-01,6.32E-01,8.53E-01,8.34E-01,6.92E-01,-2.35577107688554,3.6207171131384,0,1941,452,156,439,168,464,287,415,270,386,283,441,257,0.801,2.74,44.6,1.97,4.09,3.62
0.842618823051453,0,1.06195819377899,0.927407622337341,1.02101719379425,1.07140707969666,4.79E-01,6.25E-01,8.42E-01,8.64E-01,7.91E-01,3.50371743346211,3.79816314378755,0,1943,465,270,0,0,462,395,415,382,391,393,440,358,0.63,1.92,46.2,2.13,3.62,6.94
0.846607983112335,0.888671875,1.05847692489624,0.925739586353302,1.02741765975952,1.03435277938843,4.58E-01,6.21E-01,8.59E-01,8.45E-01,7.69E-01,1.90654972438262,3.29493595771551,0,1945,475,269,452,270,466,405,420,385,395,387,445,370,4.01,0.259,48.2,1.65,2.99,6.73
0.848091959953308,0.899835824966431,1.07098841667175,0.946984648704529,1.02693974971771,1.02820825576782,4.55E-01,6.40E-01,8.62E-01,8.32E-01,7.55E-01,12.4574289298352,14.1754328744924,0,1947,492,252,466,255,471,393,429,374,404,376,451,362,3.69,2.62,49.4,0.956,8.83,3.32
0.831342220306397,0.9170823097229,1.06695711612701,0.936993360519409,1.02556419372559,1.11410915851593,4.67E-01,6.29E-01,8.54E-01,8.13E-01,7.33E-01,-6.39860413437783,6.92689095654119,0,1950,476,251,439,258,469,385,424,369,399,374,449,351,5.07,6.79,48.9,1.31,7.47,12.1
0.831554770469666,0.9355149269104,1.06775093078613,0.931685864925385,1.01884615421295,1.07614493370056,4.56E-01,6.21E-01,8.37E-01,8.13E-01,7.11E-01,-9.21287230233339,11.2899304532195,0,1952,478,168,432,161,468,316,424,293,398,284,449,286,2.51,6.58,47.6,0.866,9.17,7.46
0,0,0,0,0,0,0.00E+00,0.00E+00,0.00E+00,0.00E+00,0.00E+00,4.25334993543747,7.19489258122605,0,1954,0,0,0,0,0,0,0,0,0,0,0,0,1.29,5.53,48.3,0.867,4.84,8.86
0.848311901092529,0.906832277774811,1.04437220096588,0.936170697212219,1.02152836322784,1.04035985469818,4.41E-01,6.31E-01,8.31E-01,8.07E-01,7.01E-01,-8.45569950099066,10.4006040004491,0,1956,527,163,487,158,497,294,454,270,434,269,480,261,4.1,2.66,48.3,0.473,3.41,8.52
0,0,0,0,0,0,0.00E+00,0.00E+00,0.00E+00,0.00E+00,0.00E+00,19.5123151959813,21.7274247134063,0,1958,0,0,0,0,0,0,0,0,0,0,0,0,3.2,3.82,47.7,0.701,9.13,3.31
0.873811960220337,0,1.04076337814331,0.949052929878235,1.01276910305023,1.01370680332184,4.92E-01,6.92E-01,8.70E-01,8.31E-01,7.86E-01,-15.9371316741068,16.9497926821421,0,1960,552,304,0,0,527,440,485,417,463,417,513,404,0.556,1.52,46,0.539,8.9,14.2
0.855051398277283,0.910701096057892,1.02963602542877,0.954733312129974,1.02974367141724,1.02387630939484,4.88E-01,7.05E-01,8.82E-01,8.39E-01,7.60E-01,19.1248303083479,21.7324728911036,0,1962,556,271,531,274,545,404,497,386,472,393,525,372,5.15,7.6,50.4,0.113,9.87,2.33
0.851817548274994,0,1.03754341602325,0.934273958206177,1.01534879207611,1.051029920578,4.99E-01,6.90E-01,8.63E-01,8.07E-01,7.87E-01,2.06275139101719,4.67461781021843,0,1964,556,246,0,0,559,377,507,358,478,346,535,354,7.97,8.78,52.3,0.269,3.46,37.4
0.83224630355835,0.906235098838806,1.04946327209473,0.930682837963104,1.04489374160767,0.987009406089783,4.93E-01,6.60E-01,8.51E-01,8.20E-01,7.77E-01,-13.0124561680829,13.251482147957,0,1966,566,204,541,204,563,332,511,314,484,313,541,315,13.5,1.44,49.1,0.262,17.9,10.5
0.809862017631531,0.805755376815796,1.03249478340149,1.00209105014801,1.00929474830627,1.12752294540405,4.52E-01,6.54E-01,8.73E-01,8.31E-01,7.67E-01,14.4477027538565,15.284023261101,0,1969,581,132,559,133,581,289,534,264,518,246,557,263,6.19,4.2,56.9,0.493,13.9,17
0,0,0,0,0,0,0.00E+00,0.00E+00,0.00E+00,0.00E+00,0.00E+00,-11.7065678205163,12.2242209273334,0,1971,0,0,0,0,0,0,0,0,0,0,0,0,10.2,3.21,56.7,0.21,14.3,30.1
0.844380259513855,0.992366433143616,1.04781746864319,0.984759628772736,1.00396811962128,1.10695588588715,4.34E-01,6.72E-01,8.36E-01,9.00E-01,7.44E-01,-3.06929816964355,3.10043249882116,0,1973,563,276,575,284,633,368,581,358,555,379,605,342,4.57,1.29,53.8,-0.0258,0.933,6.33
0,0,0,0,0,0,0.00E+00,0.00E+00,0.00E+00,0.00E+00,0.00E+00,-8.60993091039152,8.92596910209574,0,1975,0,0,0,0,0,0,0,0,0,0,0,0,1.11,2.37,48.9,-0.378,6.59,1.64
0.722640454769135,0,0,0,0,0.562354743480682,5.81E-01,5.61E-01,9.33E-01,7.32E-01,9.30E-01,-4.54715697433528,6.01451456355895,0,1977,0,0,0,0,0,0,0,0,0,0,0,0,1.42,2.86,49.4,-0.136,3.44,3.81
0.780150949954987,0.921238958835602,1.04609382152557,0.94145804643631,1.0164874792099,1.03338587284088,4.43E-01,6.18E-01,8.64E-01,8.28E-01,7.36E-01,-3.37304269212252,3.66728609820099,0,1979,589,207,557,217,615,337,563,327,534,335,588,308,0.322,1.34,42.7,-0.259,3.66,6.88
0.771955668926239,0.969565212726593,1.06889092922211,0.997181057929993,1.01796853542328,1.08232724666595,4.39E-01,5.99E-01,8.52E-01,8.08E-01,7.32E-01,3.48115131942381,3.96663667110876,0,1981,552,193,510,201,592,332,535,323,503,319,561,311,3.78,2.02,31.2,-0.459,3.56,3.45
0.798105597496033,0.86605167388916,1.06024539470673,1.04910290241241,1.0088996887207,1.26290905475616,4.42E-01,5.59E-01,8.48E-01,8.43E-01,7.22E-01,-8.50992579144529,8.55741514226599,0,1983,528,152,480,156,562,318,505,309,478,272,535,300,2.51,3.23,31.1,-0.73,10.9,14.6
0.815086960792542,0.90197628736496,1.05302906036377,0.948549687862396,1.01491749286652,1.15302813053131,4.39E-01,5.80E-01,8.34E-01,8.09E-01,7.37E-01,17.2178731208423,17.8291456285447,0,1985,539,166,502,174,570,299,515,295,493,294,535,277,2.65,4.2,25.5,-0.505,7.09,8.17
0.795532584190369,0.934673368930817,1.06572675704956,0.967802345752716,1.02966547012329,1.02734935283661,4.08E-01,5.79E-01,8.30E-01,7.98E-01,6.60E-01,6.79869113706834,8.25768529798903,0,1988,542,130,504,152,578,264,526,263,500,274,545,241,3.6,2.83,18.3,-0.603,6.22,6.09
0,0,0,0,0,0,0.00E+00,0.00E+00,0.00E+00,0.00E+00,0.00E+00,2.67067478481571,4.11093639059971,0,1990,0,0,0,0,0,0,0,0,0,0,0,0,6.09,3.39,16.4,-0.644,3.6,13.1
0.839604437351227,0.942343473434448,1.04082250595093,0.958220303058624,1.01741135120392,1.29556024074554,4.52E-01,6.19E-01,8.51E-01,7.84E-01,7.72E-01,0.66421152684982,3.30902138573816,0,1992,548,255,508,260,576,385,518,376,488,379,548,360,3.37,5.6,17.1,-1.37,5.4,4.35
0.822743773460388,0.888198733329773,1.05453908443451,0.918637216091156,1.0220193862915,1.07412886619568,4.53E-01,5.96E-01,8.24E-01,8.01E-01,7.41E-01,3.19413419869245,4.45266562091283,0,1994,486,227,443,215,454,364,408,340,388,334,435,333,3.56,9.53,19.5,-1.47,7.57,6.54
0.801608324050903,0.907522559165955,1.07499074935913,0.941842615604401,1.03099405765533,1.02755868434906,4.35E-01,5.98E-01,8.25E-01,8.13E-01,7.45E-01,6.39496273647514,6.4474305172063,0,1996,545,187,524,192,490,303,448,282,424,287,474,269,2.05,6.93,22.3,-1.8,8.04,8.32
0.806070983409882,0.980443298816681,1.07851254940033,0.960394322872162,1.03419971466064,1.0683079957962,4.31E-01,6.23E-01,8.26E-01,8.36E-01,7.35E-01,3.73485654553172,5.14474910147532,0,1998,547,186,510,180,503,314,464,292,445,290,485,282,5.21,10.5,32.4,-1.74,9.26,7.62
0,0,0,0,0,0,0.00E+00,0.00E+00,0.00E+00,0.00E+00,0.00E+00,-28.040913866677,29.5749109805612,0,2000,0,0,0,0,0,0,0,0,0,0,0,0,4.36,3.97,35.1,-1.27,25.1,44.1
0.808131694793701,1.01724135875702,1.07574868202209,0.943888127803803,1.02584683895111,1.07846117019653,4.46E-01,6.21E-01,8.28E-01,8.77E-01,7.72E-01,-11.2089599965615,11.7944884195798,0,2002,492,240,506,263,497,356,453,343,443,368,462,333,22.1,8.61,37.7,0.542,4.26,6.03
0.802207112312317,0.914984047412872,1.08123064041138,0.9308180809021,1.02750992774963,1.03254055976868,4.36E-01,5.95E-01,8.16E-01,8.52E-01,7.55E-01,29.8882789258974,30.463446302316,1,2004,507,245,500,257,500,378,457,368,447,377,469,352,12,18,45.2,0.326,17.3,27.2
0,0,0,0,0,0,0.00E+00,0.00E+00,0.00E+00,0.00E+00,0.00E+00,0.90065856972319,2.15483259443629,1,2006,0,0,0,0,0,0,0,0,0,0,0,0,5.38,25.8,45,0.724,5.19,13.1
0,0,0,0,0,0,0.00E+00,0.00E+00,0.00E+00,0.00E+00,0.00E+00,2.85491099306413,3.81328618015931,1,2009,0,0,0,0,0,0,0,0,0,0,0,0,4.09,14.3,38.1,0.69,1.06,5.78
0,0,0,0,0,0,0.00E+00,0.00E+00,0.00E+00,0.00E+00,0.00E+00,-0.395391828798588,1.41033999366135,1,2011,0,0,0,0,0,0,0,0,0,0,0,0,1.04,5.35,31.9,0.956,4.48,6.36
0.77814394235611,0.894513130187988,1.06906116008759,0.990122616291046,1.03494334220886,1.08883273601532,4.68E-01,6.63E-01,8.37E-01,8.63E-01,7.07E-01,-0.792482907788565,2.9628280275896,1,2013,472,485,439,497,455,624,413,607,400,614,431,590,1.81,5.13,27.5,0.494,4.26,4.95
0.77740752696991,0.906077325344086,1.06014955043793,0.992938697338104,1.04205942153931,1.09649336338043,4.66E-01,6.38E-01,8.53E-01,8.41E-01,7.47E-01,1.2985469813019,3.28726489824087,1,2015,422,364,384,377,433,508,386,496,371,501,406,479,1.79,1.81,34.3,0.757,8.79,4.61
0.778038561344147,0.882441222667694,1.06196928024292,0.995033264160156,1.03409290313721,1.13299512863159,4.42E-01,6.22E-01,8.31E-01,8.51E-01,7.40E-01,9.5880068871277,11.9937139973499,1,2017,424,381,386,388,434,518,384,503,369,503,402,489,1.33,1.33,47.4,0.747,4.12,0.581
0.795108079910278,0.91223019361496,1.06332099437714,1.0414434671402,1.03108310699463,1.35264825820923,4.55E-01,6.26E-01,8.27E-01,8.67E-01,7.72E-01,-7.95321889435553,8.6053995176801,1,2019,425,365,393,383,431,500,384,490,369,500,403,470,1.28,0.552,63.6,0.775,5.05,4.6
0.846176266670227,0.973214268684387,1.05789363384247,1.00186812877655,1.02726340293884,1.72755169868469,4.52E-01,6.23E-01,8.56E-01,8.70E-01,7.60E-01,5.11407658267484,7.18343699373732,1,2021,420,375,386,390,427,513,379,503,366,509,396,486,0.186,1.43,74.7,0.853,4.3,1.67
0.870992124080658,0.907666921615601,1.04926061630249,1.02167117595673,1.03948557376862,1.92248451709747,4.79E-01,6.38E-01,8.64E-01,8.65E-01,8.05E-01,-11.8237790620438,13.4271155580837,1,2023,413,392,401,395,423,522,378,510,364,517,394,494,1.18,1.11,86.6,0.97,3.48,5.31
0.87737387418747,0.951027572154999,1.05633699893951,1.07968461513519,1.02935433387756,2.24859571456909,4.48E-01,6.58E-01,8.61E-01,8.74E-01,7.71E-01,-17.9679456942053,18.3894073622951,1,2025,419,389,381,401,418,529,375,517,360,524,389,500,6.88,3.63,91.1,0.825,19.4,3.2
0.878520488739014,0.910104036331177,1.03474879264832,1.01929795742035,1.0341374874115,2.30375337600708,4.75E-01,6.41E-01,8.80E-01,8.68E-01,8.01E-01,6.9930249296701,7.39788472914148,1,2028,393,384,354,406,409,524,359,515,342,525,379,496,0.763,4.09,88.8,1.41,8.75,18.2
0.880067825317383,0.892966389656067,1.04200375080109,1.2238165140152,1.03221595287323,2.46529841423035,4.67E-01,6.32E-01,8.81E-01,8.66E-01,7.97E-01,0.478808156859856,3.66696620299872,1,2030,380,420,343,433,386,565,340,552,326,556,356,537,4.65,3.31,80,1.17,3.8,8.96
0.883632183074951,0.969776630401611,1.05868673324585,1.41212952136993,1.04218721389771,2.55246305465698,4.69E-01,6.56E-01,8.89E-01,8.91E-01,8.15E-01,1.11501905992833,1.21560175163443,1,2032,389,462,367,471,392,601,349,586,338,589,364,569,0.549,0.886,69.4,1.39,2.88,2.3
0.886136174201965,0.904196858406067,1.05570495128632,1.18130218982697,1.0234911441803,2.46420478820801,4.68E-01,6.28E-01,8.48E-01,8.89E-01,7.85E-01,-2.03251453523872,5.72681601639767,1,2034,346,484,342,483,377,617,328,602,325,598,344,591,0.356,2.39,58.1,1.18,2.85,6.86
0.885924875736237,0.953831017017365,1.06766617298126,1.48691475391388,1.01983273029327,2.52900052070618,4.48E-01,5.99E-01,8.55E-01,8.95E-01,7.92E-01,4.93538542229372,5.05386775343505,1,2036,389,296,389,315,403,431,359,412,348,415,375,399,2.68,4.75,44.4,1.31,4.08,4.72
0.87533164024353,0.938265800476074,1.04968047142029,1.2745817899704,1.02909469604492,2.44219851493835,4.47E-01,5.63E-01,8.66E-01,8.54E-01,7.70E-01,-9.14654934479949,10.7276558659415,1,2038,402,292,390,302,421,425,374,404,357,408,394,390,0.584,1.98,33.9,1.56,8.72,19.3
0.887518405914307,0.92488569021225,1.05482339859009,1.15511202812195,1.0099059343338,2.53719282150269,4.51E-01,5.81E-01,8.62E-01,8.96E-01,8.02E-01,-11.9308469971584,14.8627781708761,1,2040,379,318,380,321,414,444,364,424,350,422,383,414,10.4,3.88,27.6,2.28,8.22,9
0.893242835998535,0.946951687335968,1.0632164478302,1.21027791500092,1.02680504322052,2.16488432884216,4.44E-01,5.62E-01,8.66E-01,8.77E-01,7.75E-01,-9.68445448239275,10.0887407658413,1,2042,403,291,409,289,428,423,380,406,363,409,403,387,7.28,7.53,17.2,1.92,7.44,13.7
0.883906483650208,0.914529919624329,1.06675398349762,1.02959251403809,1.01422965526581,2.55994248390198,5.19E-01,6.24E-01,8.70E-01,8.85E-01,8.51E-01,8.02832335031441,9.03890374259201,1,2044,439,297,416,327,444,435,395,426,376,440,414,403,7.83,14.5,17.6,2.69,6.89,22.5
0,0,0,0,0,0,0.00E+00,0.00E+00,0.00E+00,0.00E+00,0.00E+00,-0.124910052264337,2.43514894254418,1,2047,0,0,0,0,0,0,0,0,0,0,0,0,12.8,10.5,20,2.75,2.78,6.77
0,0,0,0,0,0,0.00E+00,0.00E+00,0.00E+00,0.00E+00,0.00E+00,1.63688527623921,2.80297899122372,1,2049,0,0,0,0,0,0,0,0,0,0,0,0,4.25,1.45,24.9,2.77,5.13,7.85
0.848517000675201,0.945658981800079,1.04676353931427,1.37361240386963,1.01292622089386,2.36474680900574,4.88E-01,6.27E-01,8.93E-01,9.41E-01,7.71E-01,-9.97560142279615,11.2710452011662,1,2051,332,563,299,576,367,716,312,699,288,672,334,692,2.51,10.3,26.4,2.35,12.7,4.66
0.816764950752258,0.916282653808594,1.05188715457916,1.16717457771301,1.01174366474152,2.53330254554749,4.78E-01,6.11E-01,8.36E-01,8.98E-01,7.77E-01,1.88545741502324,2.13729881801259,1,2053,378,178,351,211,407,319,351,305,328,307,373,289,2.8,4.2,32.3,2.54,4.11,2.78
0.820528447628021,0.991342008113861,1.06339156627655,1.48184096813202,1.01310622692108,2.21743106842041,4.70E-01,5.64E-01,8.46E-01,8.55E-01,7.46E-01,-3.35422347256731,4.95404360743937,1,2055,389,217,362,238,420,364,367,348,339,338,391,341,1.14,5.65,38.5,2.59,3.79,4.93
0.855584740638733,0.948165893554688,1.05590558052063,1.00217807292938,1.0263659954071,2.54760551452637,4.70E-01,6.95E-01,8.19E-01,8.58E-01,7.57E-01,-0.051841852078453,0.337298666726027,1,2057,334,304,384,300,427,372,371,360,352,406,391,345,1.25,1.66,38.3,2.68,0.803,3.49
0.820354282855988,0.873289287090302,1.08004891872406,0.992142021656036,1.03166329860687,2.37863445281982,4.61E-01,6.19E-01,8.15E-01,8.74E-01,8.01E-01,-4.32565382000467,5.22301372570348,1,2059,418,383,400,407,437,527,387,515,361,520,407,497,0.55,2.19,40,2.25,4.64,2.18
0.826719403266907,0.926470577716827,1.06417500972748,1.02797138690948,1.02947735786438,2.19912648200989,4.85E-01,6.17E-01,8.27E-01,8.73E-01,7.63E-01,9.30052554912048,10.3206681143664,1,2061,398,410,388,420,433,542,384,527,360,529,404,510,1.7,1.05,44,2.29,5.15,2.44
0.830520510673523,0.901587307453156,1.05506348609924,0.999641835689545,1.02017402648926,2.19329619407654,4.82E-01,6.22E-01,8.25E-01,8.22E-01,7.44E-01,-1.71494861818315,2.15159906686775,1,2063,388,388,375,398,436,524,380,519,352,518,407,498,1.75,0.502,35.5,2.47,2.74,11.1
0.844201683998108,0.920131266117096,1.04770112037659,1.01388692855835,1.02678596973419,2.2380039691925,4.82E-01,6.47E-01,8.66E-01,8.50E-01,7.59E-01,-3.29089663180161,3.55874694712514,0,2066,377,392,385,397,437,508,386,502,367,504,407,481,14.5,7.48,32.6,3.24,2.84,31.3
0.853495717048645,0.923488914966583,1.0508781671524,1.0073881149292,1.02452254295349,2.15129137039185,4.82E-01,6.46E-01,7.70E-01,8.85E-01,7.89E-01,42.5532500281879,53.4316073091071,0,2068,413,360,420,355,465,478,414,469,392,478,436,449,9.75,3.28,23.4,2.16,33.8,30.9
0.846753656864166,0.894685029983521,1.05496597290039,1.01370716094971,1.00773870944977,2.04873013496399,4.83E-01,6.31E-01,8.76E-01,9.05E-01,7.87E-01,10.2686673511832,14.366405713813,0,2070,424,332,410,349,460,476,408,465,379,469,427,449,20.6,2.33,21.7,2.04,1.56,15.7
0.876178205013275,0.963709652423859,1.06484282016754,1.26408529281616,1.00789427757263,2.08974552154541,4.62E-01,6.42E-01,8.80E-01,9.08E-01,7.74E-01,-11.9060243773502,12.7729653770701,0,2072,449,398,396,411,463,573,415,545,382,509,436,545,2.48,9.89,13.6,1.61,14,4.19
0,0,0,0,0,0,0.00E+00,0.00E+00,0.00E+00,0.00E+00,0.00E+00,-8.96334031620985,13.3150079840109,0,2074,0,0,0,0,0,0,0,0,0,0,0,0,4.46,17,8.88,1.72,12.4,11.5
0,0,0,0,0,0,0.00E+00,0.00E+00,0.00E+00,0.00E+00,0.00E+00,-4.44554862470223,4.66587343766394,0,2076,0,0,0,0,0,0,0,0,0,0,0,0,5.14,10,3.84,1.33,5.95,9.84
0,0,0,0,0,0,0.00E+00,0.00E+00,0.00E+00,0.00E+00,0.00E+00,3.82409470737491,5.12455701670131,0,2078,0,0,0,0,0,0,0,0,0,0,0,0,2.1,3.88,7.14,1.62,2.75,3.96
0.857968986034393,0.906821966171265,1.0426059961319,0.985404908657074,1.01368892192841,1.90625822544098,4.47E-01,6.95E-01,8.53E-01,8.97E-01,7.34E-01,-3.55275679081992,4.2951687008301,0,2080,451,103,442,106,483,257,433,249,432,248,454,230,1.67,3.95,13.2,1.35,3.25,4.04
0.874856650829315,0.95195198059082,1.03459370136261,1.02811551094055,0.997309386730194,1.71904444694519,5.15E-01,6.88E-01,8.83E-01,8.68E-01,7.58E-01,5.32926071000515,5.77641526453322,0,2082,465,326,449,332,492,477,444,463,415,462,468,448,1.16,2.38,20.5,1.55,3.15,7.05
0.879653751850128,0.922325611114502,1.03659236431122,0.993286788463593,0.995205223560333,1.72375655174255,5.21E-01,6.85E-01,8.49E-01,8.29E-01,7.83E-01,-3.79614697430095,3.86663642581875,0,2084,443,300,435,314,489,429,440,420,410,436,465,401,3.68,1.99,27.8,1.28,5.6,3.84
0.877262711524963,0.915957450866699,1.03307318687439,0.954243421554565,1.02789723873138,1.7658394575119,5.30E-01,6.84E-01,8.82E-01,8.52E-01,7.99E-01,11.3023147025809,11.4812055914045,0,2087,434,261,400,281,483,400,434,391,400,396,458,376,2.37,6.35,35.9,0.94,11.2,5.32
0.859672248363495,0.918370842933655,1.04625570774078,0.961105823516846,1.01613509654999,1.72633743286133,5.12E-01,6.87E-01,8.57E-01,8.14E-01,8.18E-01,-3.18790260157593,3.8687301917744,0,2089,434,238,415,249,478,363,424,356,394,370,451,333,1.71,5.04,46.6,0.719,0.529,9.94
0.879475116729736,0.917997896671295,1.04171717166901,0.981339037418366,1.02189946174622,1.68356907367706,4.98E-01,6.59E-01,8.50E-01,8.37E-01,8.26E-01,7.67539664607412,12.0769326125583,0,2091,451,173,415,178,472,311,419,300,394,297,444,286,3.5,3.62,51.2,0.715,5.99,1.76
0,0,0,0,0,0,0.00E+00,0.00E+00,0.00E+00,0.00E+00,0.00E+00,7.08411522684692,8.38630426113641,0,2093,0,0,0,0,0,0,0,0,0,0,0,0,1.7,0.344,52.3,0.714,5.06,18.9
0.847698211669922,0.916910886764526,1.04221045970917,0.969142854213715,1.03640997409821,1.64730894565582,5.00E-01,6.65E-01,8.66E-01,8.41E-01,7.47E-01,2.08170249275546,2.1936227122963,0,2095,461,196,444,204,479,329,426,320,399,324,450,305,3.22,1.89,54.7,0.748,3.84,12.1
0,0,0,0,0,0,0.00E+00,0.00E+00,0.00E+00,0.00E+00,0.00E+00,0.760765014911267,3.80692559300931,0,2097,0,0,0,0,0,0,0,0,0,0,0,0,3.47,1.29,58.5,0.385,4.77,2.2
0.851781368255615,0.731034457683563,1.05323815345764,1.0057897567749,1.03363883495331,1.56260323524475,4.60E-01,6.55E-01,8.83E-01,8.68E-01,7.77E-01,16.3319015580803,16.6983929905057,0,2099,501,301,468,308,506,454,460,438,439,430,482,425,1.5,1.54,52,0.585,11.6,3.47
0.846528708934784,0.924000024795532,1.06083500385284,1.02679967880249,1.03832316398621,1.55959403514862,4.57E-01,6.49E-01,8.81E-01,8.26E-01,7.23E-01,6.18174359205294,8.58786720503187,0,2101,511,248,476,263,523,391,476,379,451,385,501,362,1.55,0.874,47.5,0.45,1.16,4.72
0.822779297828674,0.912566065788269,1.04081475734711,1.00154256820679,1.04285478591919,1.51534521579742,5.02E-01,6.51E-01,8.60E-01,8.38E-01,8.34E-01,-2.3316888362823,8.02365067455524,0,2103,422,365,394,377,470,492,414,492,379,504,435,469,0.37,1.29,46.3,0.649,3.03,2.51
0.817796528339386,0.925814509391785,1.05719423294067,0.999047577381134,1.03138160705566,1.50093460083008,4.75E-01,6.55E-01,8.67E-01,8.22E-01,7.69E-01,1.29943959471515,1.88528981908565,0,2106,416,363,393,371,448,498,398,492,373,499,421,473,1.09,0.827,36.7,0.616,2.1,1.15
0.826731383800507,0.909358859062195,1.04440534114838,1.00507879257202,1.04103469848633,1.41914796829224,4.96E-01,6.36E-01,8.59E-01,8.38E-01,7.44E-01,3.32206739106893,3.45459549272486,0,2108,426,345,395,354,438,485,392,475,369,478,414,460,1.36,2.16,28,0.892,0.643,4.74
0.85977441072464,0.862903237342835,1.0458288192749,0.973917901515961,1.03524017333984,1.43387305736542,4.58E-01,6.41E-01,8.46E-01,8.54E-01,7.94E-01,21.1337177284891,22.6058743150785,0,2110,418,312,386,324,427,449,383,439,363,449,401,420,5.13,2.52,23.4,0.539,18.1,7.5
0.853011310100555,0.921310365200043,1.06004798412323,0.974578738212585,1.0299563407898,1.37664437294006,4.66E-01,6.55E-01,8.78E-01,8.82E-01,7.58E-01,-3.51713051023767,5.05187769249807,0,2112,426,269,391,281,435,416,392,406,375,407,407,391,6.99,4.97,22,0.365,3.7,1.94
0.837402105331421,0.911300122737885,1.05663824081421,0.997421145439148,1.06390678882599,1.33790338039398,4.68E-01,6.26E-01,8.56E-01,8.60E-01,7.39E-01,-3.51010473708971,3.85853034466189,0,2114,402,239,370,257,420,379,376,374,361,382,391,355,2.07,6.7,15,-0.297,3.22,9
0.876934707164764,0.956037163734436,1.06890296936035,0.990056037902832,1.03155708312988,1.42318511009216,4.84E-01,6.54E-01,8.55E-01,8.70E-01,7.89E-01,-7.07595259808942,7.1261838851724,0,2116,400,221,375,232,419,363,376,357,359,361,388,340,1.44,7.09,16.8,-0.587,3.15,4.62
0.839182198047638,0.915995419025421,1.0826141834259,0.951070308685303,1.0460387468338,1.34637081623077,4.36E-01,6.43E-01,8.77E-01,8.69E-01,7.66E-01,-2.41995808492946,2.92679906352361,0,2118,470,164,429,191,478,304,434,299,409,313,452,279,1.82,2.36,15.6,-0.392,4.46,2.73
0.862868666648865,0.92441862821579,1.04656589031219,0.983007907867432,1.03983163833618,1.28532314300537,4.92E-01,6.46E-01,8.90E-01,8.69E-01,1.05E+00,-0.502394013774185,0.911669156676173,0,2120,487,326,446,348,507,469,464,467,435,472,478,440,1.1,2.14,19.5,-0.431,0.689,5.1
0.870830297470093,1.02752292156219,1.05911016464233,0.965984344482422,1.04907917976379,1.31984639167786,4.66E-01,6.18E-01,8.69E-01,8.72E-01,7.54E-01,7.1636467851841,7.20630528017897,0,2122,424,350,422,374,460,486,412,481,397,486,432,463,1.6,2.4,22.4,-0.297,3.13,13.4
0.886809527873993,0.911837220191956,1.06562471389771,1.00158190727234,1.03821957111359,1.25277519226074,4.95E-01,6.81E-01,9.01E-01,8.78E-01,7.66E-01,-4.72641558370675,5.34707390723177,0,2125,447,499,416,517,465,645,423,637,402,645,439,620,2.86,1.69,26.5,-0.239,6.16,4.91
0.864866495132446,0.925164103507996,1.05062806606293,0.977914929389954,1.03818261623383,1.24342215061188,4.73E-01,6.73E-01,8.83E-01,8.77E-01,7.71E-01,0.065216712952586,2.06052409059121,0,2127,476,474,457,484,495,618,451,614,427,624,467,593,0.407,3.17,28.5,-0.292,3.13,3.25
0.85656064748764,0.931781709194183,1.06088626384735,0.969259798526764,1.03202140331268,1.23797488212585,4.76E-01,6.83E-01,8.86E-01,8.61E-01,8.22E-01,-9.40315605692199,9.42689909563182,0,2129,446,463,413,483,471,608,426,605,402,615,443,584,1.1,3.51,31.4,0.153,5.58,2.66
0.82666277885437,0.96380090713501,1.06462931632996,0.964811086654663,1.03101098537445,1.24799871444702,4.71E-01,6.57E-01,8.75E-01,8.74E-01,8.06E-01,7.23562424392268,7.46427022042924,0,2131,437,465,399,488,455,612,411,608,393,616,426,584,1.06,1.95,30.5,-0.0828,2.18,4.57
0.849277853965759,0.915294110774994,1.06243121623993,0.983289480209351,1.02704930305481,1.18844544887543,4.58E-01,6.74E-01,8.88E-01,8.83E-01,7.86E-01,6.48836929418112,7.8752697932375,0,2133,432,433,391,433,452,607,407,599,387,563,424,583,1.36,2.28,28.7,0.236,4.41,2.14
0.825319409370422,0.916323959827423,1.06608128547668,0.965472340583801,1.03607559204102,1.18420732021332,4.59E-01,6.77E-01,8.68E-01,8.69E-01,7.81E-01,-0.842420441671105,0.912134060399519,0,2135,425,411,408,419,444,558,401,554,382,562,418,535,0.513,2.8,23,-0.409,3.62,8.18
0.829659044742584,0,1.04984319210053,0.980744123458862,1.02232611179352,1.15129888057709,4.72E-01,6.70E-01,8.72E-01,8.72E-01,7.92E-01,-5.65655868994105,6.04652600276356,0,2137,440,412,0,0,452,563,410,555,389,560,424,533,1.05,1.85,21,0.116,6.34,18.5
0.803791522979736,0.935606062412262,1.06434118747711,0.95412141084671,1.02442729473114,1.19401586055756,4.63E-01,6.56E-01,8.51E-01,8.64E-01,7.44E-01,-5.37821468753856,5.9362008734206,0,2139,444,290,415,311,454,436,414,431,397,441,426,411,7.2,3.64,11.9,0.481,8.23,9.29
0.822005927562714,0.899117290973663,1.06056725978851,0.973617613315582,1.03178799152374,1.1312243938446,4.50E-01,6.62E-01,8.50E-01,8.55E-01,7.54E-01,-15.4895306978075,18.2355252990663,0,2141,421,300,382,320,439,449,394,441,371,450,412,423,12.5,9.68,10,1.46,13.3,10.9
0.802465200424194,0.918980240821838,1.05968177318573,0.983775138854981,1.03879678249359,1.10917747020721,4.54E-01,6.73E-01,8.50E-01,8.64E-01,7.75E-01,24.5500891494597,25.8435733910694,0,2144,412,335,369,350,421,489,378,480,358,481,396,467,0.86,13.6,20.1,1.68,17.4,5.57
0.823568463325501,0.910431444644928,1.04555225372314,0.954065918922424,1.02173089981079,1.18654429912567,4.86E-01,7.20E-01,8.34E-01,8.65E-01,7.67E-01,-1.22558286390609,1.30100521153598,0,2146,406,409,378,448,416,546,373,545,348,581,390,523,1.21,12.9,28.4,1.73,2.85,14.1
1.07691168785095,0.880581498146057,0.926701307296753,0,0,0.884828329086304,5.48E-01,6.79E-01,8.58E-01,8.36E-01,0.00E+00,12.6195019038174,13.4063706606762,0,2148,0,0,0,0,0,0,0,0,0,0,0,0,4.06,6.55,40.3,1.9,13.9,15.5
0,0,0,0,0,0,0.00E+00,0.00E+00,0.00E+00,0.00E+00,0.00E+00,-2.73227146361388,3.48724914344301,0,2150,0,0,0,0,0,0,0,0,0,0,0,0,9.56,5.88,49.4,1.65,2.66,21.8
0.797048151493073,0.902101457118988,1.05863845348358,0.991016507148743,1.01779294013977,1.07494962215424,4.62E-01,6.85E-01,8.55E-01,8.74E-01,8.01E-01,5.0807059659265,5.94664944800699,0,2152,348,478,304,505,365,620,319,621,295,638,336,596,1.48,6.6,57,1.69,3.15,2.77
0.81098747253418,0.923842191696167,1.04996836185455,0.963525831699371,1.02308011054993,1.08941376209259,4.59E-01,6.92E-01,8.41E-01,8.55E-01,7.80E-01,-4.51184246774681,5.93469596639551,0,2154,345,443,300,464,366,592,320,584,295,592,338,567,0.985,9.66,61.8,1.72,3.03,8.35
0.785790145397186,0.88034188747406,1.06031215190887,0.956511557102203,1.03011059761047,1.09347438812256,4.46E-01,6.30E-01,8.44E-01,8.38E-01,7.82E-01,-7.83729538041293,8.80893706147943,0,2156,338,199,325,207,362,346,316,339,293,344,333,317,2.04,3.39,67.2,1.96,8.93,1.3
0.841152727603912,0.94604766368866,1.05022501945496,0.963131129741669,1.03381240367889,1.13262856006622,4.71E-01,6.85E-01,8.26E-01,8.61E-01,7.38E-01,-1.04514725855363,3.38498587456882,0,2158,325,210,314,262,361,340,313,338,299,395,332,313,1.92,0.795,64.5,1.88,1.23,3.44
0.801757097244263,0.899665534496307,1.05179452896118,0.975014388561249,1.03639888763428,1.08708488941193,4.53E-01,6.48E-01,8.43E-01,8.39E-01,7.91E-01,-7.9852767865145,8.47387557628522,0,2160,348,274,301,293,364,425,319,416,293,419,337,396,0.768,2.65,63.1,1.67,5.67,1.68
0.794710218906403,0.905049502849579,1.05101275444031,0.97427248954773,1.01578998565674,1.06959044933319,4.50E-01,6.64E-01,8.42E-01,8.42E-01,7.74E-01,-6.75218814497978,7.38755196127514,0,2163,339,268,298,284,360,419,315,409,289,414,334,393,1.05,2.03,52.3,1.77,5.3,4.85
0.791362047195435,0.921956300735474,1.05368804931641,0.953908264636993,1.02314293384552,1.07809662818909,4.52E-01,6.43E-01,8.41E-01,8.48E-01,7.98E-01,-5.88923535558142,6.1885804169138,0,2165,340,304,296,321,362,454,315,444,289,449,338,422,1.2,0.449,43.9,1.68,1.85,2.42
0.797810077667236,0.92118227481842,1.06621146202087,0.962757408618927,1.01527261734009,1.08451735973358,4.40E-01,6.46E-01,8.43E-01,8.36E-01,7.56E-01,-1.96250255638015,2.39723680732739,0,2167,344,300,306,313,363,449,316,440,290,443,336,421,0.291,0.279,31.9,1.94,0.141,3.76
0.777239382266998,0.900228023529053,1.04510080814362,0.968847453594208,1.0119047164917,1.03319454193115,4.57E-01,6.37E-01,8.41E-01,8.51E-01,8.22E-01,2.23637579615058,2.53471768999333,0,2169,333,290,289,309,361,435,313,427,287,436,336,410,0.53,0.502,22.7,1.86,0.525,3.19
0.775374710559845,0.899046540260315,1.05506670475006,0.961451828479767,1.01691353321075,1.15421783924103,4.60E-01,6.62E-01,8.45E-01,8.43E-01,7.75E-01,-10.7589703390704,11.5120722006696,0,2171,338,283,294,302,359,432,311,425,287,430,333,402,3.09,2.01,13.3,1.96,11.3,2.09
0.779649674892426,0.923650860786438,1.05675601959229,0.967764735221863,1.00864291191101,1.0171445608139,4.49E-01,6.58E-01,8.32E-01,8.28E-01,8.62E-01,-21.0244704586325,23.7880122640395,0,2173,341,278,299,294,360,431,315,421,287,426,336,399,9.06,6.16,11,1.96,17.2,1.95
0.78694760799408,0.93244194984436,1.04877614974976,0.93924742937088,1.01852917671204,1.05908191204071,4.65E-01,6.51E-01,8.50E-01,8.41E-01,7.82E-01,11.6338091230724,12.4692630393577,0,2175,355,292,307,308,368,441,320,429,294,434,341,411,3.21,6.36,7.75,2.47,7.18,8.06
0.785248339176178,0.890248537063599,1.04601156711578,0.958518981933594,1.02089631557465,1.04327464103699,4.48E-01,6.46E-01,8.36E-01,8.44E-01,8.11E-01,-6.6514898182674,7.51584500625282,0,2177,336,294,292,309,359,444,313,434,287,437,334,415,4.71,7.64,6.76,2.74,4.77,2.07
0.798244714736939,0.971400380134583,1.05900728702545,0.951175808906555,1.02019965648651,1.03328907489777,5.00E-01,7.00E-01,8.46E-01,8.60E-01,7.83E-01,-1.33963784969799,3.23092879500134,0,2179,352,413,302,441,363,557,318,554,291,571,336,530,2.34,3.09,6.06,2.56,1.68,4.05
0.812057912349701,0,1.05201709270477,0.957700073719025,1.01945722103119,1.02630257606506,4.53E-01,6.89E-01,8.20E-01,8.63E-01,7.78E-01,-3.44434904216435,5.03428137053232,0,2181,360,484,0,0,364,627,317,609,291,651,342,593,1.57,1.03,11,2.72,1.81,3.51
0.797519862651825,0.823182702064514,1.04463946819305,0.983680546283722,1.01022160053253,1.06514084339142,4.32E-01,6.61E-01,8.38E-01,8.46E-01,7.91E-01,4.07260816356969,7.81611609993626,0,2184,357,353,321,364,358,498,312,484,285,490,336,468,0.229,4.11,17,2.55,3.66,1.28
0.780294835567474,0.929515421390533,1.03908348083496,1.00290095806122,1.02382922172546,1.02026653289795,4.56E-01,6.40E-01,8.39E-01,8.46E-01,7.82E-01,1.86989364051619,3.25647858362597,0,2186,357,306,339,314,357,456,310,442,283,448,333,427,0.133,1.26,25.4,2.6,1.7,3.3
0.783754348754883,0.909502267837524,1.01934921741486,0.988523662090302,1.01685237884521,1.00942802429199,5.03E-01,6.75E-01,8.36E-01,8.68E-01,7.56E-01,5.5671645485911,7.28527467002984,0,2188,354,317,309,328,354,466,308,451,280,455,331,434,1.28,0.268,30.1,2.77,2.83,5.39
0.779748022556305,0.893352448940277,1.0418256521225,0.997063159942627,1.0172815322876,1.05793690681458,4.47E-01,6.44E-01,8.48E-01,8.40E-01,7.68E-01,-5.88731895902567,6.58347435960191,0,2190,355,318,304,331,356,469,309,452,281,455,334,439,1.09,1.51,34.5,2.69,2.73,5.64
0.778791546821594,0.935877859592438,1.02935993671417,0.995919048786163,1.01528167724609,1.01943624019623,4.92E-01,6.76E-01,8.34E-01,8.55E-01,7.83E-01,-0.846092784390077,1.5812375427725,0,2192,353,312,304,324,356,462,310,446,282,450,331,430,0.143,0.641,34,2.59,1.57,1.96
0.794762969017029,0.907137930393219,1.04426777362823,0.990524888038635,1.01883935928345,1.00630187988281,4.40E-01,6.35E-01,8.46E-01,8.39E-01,7.95E-01,0.395954818279029,4.16128362520271,0,2194,353,302,308,314,355,454,308,439,279,441,328,438,0.343,0.842,34.6,2.5,3.81,2.38
0.803041517734528,0.93170428276062,1.02085363864899,0.982955157756805,1.01607203483582,1.0296117067337,4.70E-01,6.61E-01,8.28E-01,8.37E-01,7.81E-01,6.77563030798246,7.74067286009354,0,2196,352,295,304,303,354,446,308,430,279,432,330,417,0.562,1.13,31.1,2.69,3.72,3.7
0.818367004394531,0.934939742088318,1.02038085460663,0.979992628097534,0.999430060386658,0.985048651695251,4.45E-01,6.32E-01,8.45E-01,8.12E-01,8.04E-01,-2.74807082363957,3.58602767457451,0,2198,353,285,306,295,357,438,311,420,281,423,335,405,0.327,0.339,26.5,2.54,3.1,7.86
0.818492233753204,0.992090404033661,1.04054880142212,0.982211709022522,1.00523746013641,1.02890264987946,4.65E-01,6.79E-01,8.13E-01,8.22E-01,7.91E-01,-2.34517723862472,3.33309804438156,0,2200,353,276,310,284,356,428,310,413,282,414,333,399,0.501,0.274,22.2,2.66,5.57,1.8
0.807907640933991,0.944376766681671,1.03861939907074,0.972833573818207,1.0058319568634,1.02753293514252,4.34E-01,6.44E-01,8.49E-01,8.17E-01,7.86E-01,4.28566922217988,5.53767499931393,0,2203,350,266,306,278,355,416,309,401,280,406,333,384,1.6,2.56,13,2.62,4.17,3.03
0.80671751499176,0.925438582897186,1.04652845859528,0.970686078071594,1.00925171375275,1.05811583995819,4.44E-01,6.63E-01,8.20E-01,8.18E-01,7.57E-01,-10.452160843117,12.5799701618119,0,2205,352,256,310,267,356,407,309,393,282,398,331,377,1.67,0.574,7.97,2.38,6.72,7.8
0.798449516296387,0.883377492427826,1.03733146190643,0.950872540473938,1.01026368141174,1.01373744010925,4.36E-01,6.38E-01,8.45E-01,8.38E-01,7.80E-01,-1.87527295137677,2.87606321536854,0,2207,355,251,336,251,359,398,312,383,285,392,337,369,0.785,1.99,6.04,2.57,2.97,4.71
0.785848557949066,0.889204561710358,1.03491461277008,0.970868110656738,1.00640845298767,1.01279866695404,4.46E-01,6.58E-01,8.30E-01,8.27E-01,7.48E-01,-2.90054937942477,3.33984101232414,0,2209,359,242,334,243,359,391,312,376,283,381,336,363,1.54,1.31,5.07,2.46,2.33,6.98
0.78782844543457,0.916374921798706,1.05523300170898,0.961443960666657,1.01109266281128,1.01897776126862,4.32E-01,6.41E-01,8.43E-01,8.35E-01,7.90E-01,0.040336917833079,0.766105805260493,0,2211,350,235,323,234,358,385,313,372,282,375,340,351,0.986,0.896,8.29,2.49,1.49,1.39
0.792203307151794,0.926938116550446,1.05679154396057,0.982242286205292,1.00533044338226,1.02318406105042,4.57E-01,6.68E-01,8.38E-01,8.13E-01,7.93E-01,-5.72990630668702,6.18751580260942,0,2213,355,289,304,300,359,440,313,426,283,428,335,410,0.262,0.954,8.6,2.46,3.96,1.1
0.801031589508057,0.9427689909935,1.05529499053955,0.961005985736847,1.00146102905273,1.07332336902618,4.46E-01,6.51E-01,8.58E-01,8.29E-01,8.15E-01,3.65958225127986,5.69943828332201,0,2215,351,277,305,290,359,427,313,415,283,419,338,396,0.891,1.05,9.88,2.57,1.99,0.864
0.796558678150177,0.924561381340027,1.06064343452454,0.969680070877075,0.999596655368805,1.01834940910339,4.76E-01,6.87E-01,8.24E-01,8.38E-01,7.94E-01,2.44526476394261,3.31021153509728,0,2217,357,312,337,313,361,462,313,449,285,454,335,435,0.599,0.651,10.9,2.38,1.18,2.55
0.798040449619293,0,1.04089987277985,0.945340096950531,1.00495684146881,0.992296636104584,4.60E-01,6.26E-01,8.37E-01,8.42E-01,8.13E-01,-0.740254443221944,2.51845496577397,0,2219,351,303,0,0,363,450,315,438,285,443,342,420,0.28,0.572,12,2.33,2.64,1.77
0.808327436447144,0.9660804271698,1.04072427749634,0.959005892276764,1.00214493274689,1.04137980937958,4.82E-01,6.76E-01,8.22E-01,8.47E-01,7.85E-01,-2.76659555131757,6.27696462545922,0,2222,350,286,301,300,362,437,314,424,285,428,337,407,1.62,0.333,10.5,2.3,1.2,4.31
0.808782458305359,0.94659686088562,1.03840029239655,0.971013009548187,1.00767993927002,1.01255595684052,4.63E-01,6.52E-01,8.51E-01,8.25E-01,8.27E-01,2.3586736450255,2.74156356390456,0,2224,347,280,306,292,361,430,316,417,285,422,339,402,0.808,0.628,12.1,2.65,2.96,2.53
0.794776320457459,0.904287576675415,1.02809059619904,0.948740541934967,0.997722089290619,1.10674583911896,4.79E-01,6.79E-01,8.30E-01,8.49E-01,7.77E-01,-8.30137032806757,11.5322823021732,0,2226,353,276,307,288,364,428,315,415,285,417,342,397,0.739,1.37,10.1,2.59,3.2,3.24
0.808854222297668,0.916151225566864,1.04069650173187,0.959078550338745,0.996391534805298,1.03086125850678,4.76E-01,6.57E-01,8.29E-01,8.44E-01,8.09E-01,-5.92061298590808,6.88323878645024,0,2228,349,300,302,315,363,452,316,439,285,444,341,422,1.87,0.896,8.73,2.43,4.33,6.93
0.803086519241333,0.910931169986725,1.03290784358978,0.929220259189606,1.00444388389587,1.03330206871033,4.71E-01,6.57E-01,8.34E-01,8.49E-01,7.85E-01,-2.66300958533301,2.91075925414022,0,2230,350,296,300,309,365,447,316,434,286,437,340,418,1.45,0.598,8.01,2.53,1.52,7.94
0.782423555850983,0.920334279537201,1.04498660564423,0.9542316198349,0.998572945594788,1.23524212837219,4.71E-01,6.62E-01,8.37E-01,8.48E-01,8.14E-01,-1.60105314292192,1.96080191679845,0,2232,353,289,303,305,363,440,316,427,287,434,344,406,0.626,1.12,5.58,2.74,2.44,3.41
0.802202761173248,0.960740327835083,1.0305243730545,0.933433771133423,1.01004302501678,1.01108038425446,4.69E-01,6.63E-01,8.48E-01,8.25E-01,7.98E-01,-4.73050069097999,6.63449678963996,0,2234,351,295,303,309,364,444,316,432,286,438,341,415,1.44,0.491,2.87,2.51,3.33,2.55
0.79760217666626,0.89735221862793,1.03605914115906,0.936993360519409,0.996615529060364,1.0306910276413,4.53E-01,6.74E-01,8.29E-01,8.36E-01,8.31E-01,-22.78497661375,29.1034451193404,0,2236,353,294,303,310,364,443,317,429,287,437,341,411,9.99,5.67,0.738,2.5,26.7,11
0.787422180175781,0.920215368270874,1.04129481315613,0.948606610298157,1.00423908233643,1.00566327571869,4.46E-01,6.61E-01,8.52E-01,8.20E-01,7.95E-01,-2.00489983673526,2.89565433804633,0,2238,352,285,305,298,366,437,317,423,286,428,339,407,11.5,8.91,3.17,3.29,3.36,30
0.794448733329773,0.906122446060181,1.03550171852112,0.938203692436218,1.01619672775269,1.13594257831573,4.68E-01,6.74E-01,8.34E-01,8.21E-01,8.41E-01,5.88464574107947,7.34179849885165,0,2241,350,280,300,293,364,437,316,422,285,423,342,404,13,8.01,7.79,3.6,11.1,11.3
0.811352074146271,0,1.04717183113098,0.944844126701355,0.990550398826599,1.17710673809052,4.34E-01,7.32E-01,8.09E-01,8.54E-01,7.80E-01,-3.69863384997293,4.81210713677338,0,2243,357,307,0,0,363,445,315,438,286,475,341,413,0.805,2.89,16,3.08,3.92,2.34
0.796862363815308,0.863247871398926,1.03583168983459,0.939534544944763,1.0027779340744,1.01964592933655,4.54E-01,7.10E-01,8.40E-01,8.63E-01,7.96E-01,6.50638948900272,7.57018365592111,0,2245,368,485,336,458,345,646,300,621,276,603,328,612,1.75,5.58,19.1,3.13,3.09,7.39
0,0,0,0,0,0,0.00E+00,0.00E+00,0.00E+00,0.00E+00,0.00E+00,2.02818036578042,6.76463165838003,0,2247,0,0,0,0,0,0,0,0,0,0,0,0,2.21,5.88,21.9,2.88,7.13,10
0.770546972751617,0.893243253231049,1.04085826873779,0.957926869392395,1.00798678398132,1.08550596237183,4.43E-01,6.45E-01,8.31E-01,8.35E-01,8.09E-01,4.32999081332378,5.15888218274872,0,2249,377,45.8,328,45.9,362,197,313,173,282,170,343,163,6.32,8.89,25,2.6,6.37,3.12
0.785108387470245,0.896215617656708,1.0407817363739,0.953298211097717,1.00429368019104,1.05356526374817,4.48E-01,6.41E-01,8.37E-01,8.43E-01,7.22E-01,-17.3670096367367,24.3953412035814,0,2251,373,153,326,155,359,300,312,279,282,278,342,266,4.52,2.2,28,2.67,22.7,11.3
0.769136369228363,0.891726791858673,1.04770112037659,0.951006352901459,1.01145303249359,1.03809249401093,4.40E-01,6.49E-01,8.12E-01,8.59E-01,7.79E-01,2.00179298500008,2.2562553026468,0,2253,376,202,344,199,360,350,314,329,284,331,340,317,9.07,2.08,25,2.74,3.68,15.9
0.781476676464081,0.929754137992859,1.04648339748383,0.93821519613266,1.01545035839081,1.02338099479675,4.39E-01,6.64E-01,8.45E-01,8.49E-01,7.98E-01,2.67109062582378,4.37782597249903,0,2255,384,185,336,192,370,333,324,315,296,316,351,303,3.4,2.55,23.1,2.73,1.34,5.48
0.774193525314331,0.870024979114533,1.04556262493134,0.955773532390595,1.00396752357483,1.03129327297211,4.62E-01,6.73E-01,8.31E-01,8.47E-01,8.00E-01,0.345129393578537,0.862818798301017,0,2257,364,219,334,213,356,369,308,348,279,347,336,338,3.78,2.22,17.5,2.89,0.631,12.9
0.817821204662323,0.903667867183685,1.03650891780853,0.966421663761139,1.01100087165833,1.01502728462219,4.48E-01,6.91E-01,8.38E-01,8.32E-01,7.78E-01,-1.36616404237377,1.80438569769905,0,2259,359,409,311,415,353,560,308,541,280,541,332,527,0.275,0.516,12.6,2.51,0.649,1.85
0,0,0,0,0,0,0.00E+00,0.00E+00,0.00E+00,0.00E+00,0.00E+00,2.56884692791291,2.90299714422419,0,2262,0,0,0,0,0,0,0,0,0,0,0,0,1.38,2.42,0.88,2.78,0.705,0.336
0.814944863319397,0.923726558685303,1.0420891046524,0.963241636753082,0.991865634918213,1.04141974449158,4.49E-01,6.78E-01,8.28E-01,8.34E-01,8.00E-01,1.20126551802622,7.36386904238173,0,2264,363,229,334,255,360,360,312,349,283,387,340,330,2.62,4.58,3.81,2.65,5.89,1.88
0.802748799324036,0.91002744436264,1.03101372718811,0.961736559867859,1.01165413856506,1.03518152236938,4.56E-01,6.75E-01,8.41E-01,8.29E-01,7.86E-01,-0.691110915936878,1.4140061276934,0,2266,361,243,329,244,362,393,314,376,283,378,340,361,2.61,3.01,9,2.56,2.31,5.58
0.798520445823669,0.915051817893982,1.04283261299133,0.946083009243012,0.99343341588974,1.06897616386414,4.26E-01,6.72E-01,8.44E-01,8.19E-01,7.97E-01,2.49092757490136,3.47207767914741,0,2268,362,226,314,233,362,376,315,360,285,361,340,345,1.5,2.55,17.2,2.53,3.08,2.49
0.790107250213623,0.90143483877182,1.04755795001984,0.941149473190308,0.997689187526703,0.990820348262787,4.61E-01,6.65E-01,8.50E-01,8.39E-01,7.72E-01,-1.85059077896001,3.96657699816079,0,2270,362,209,336,210,364,357,316,342,286,351,343,323,2.28,1.46,18.8,2.39,1.82,4.23
0.8092160820961,1.04629623889923,1.04466736316681,0.952172994613647,0.985673904418945,1.02776110172272,4.48E-01,7.01E-01,8.43E-01,8.19E-01,7.65E-01,5.62954274215078,6.25244740885195,0,2272,360,191,327,207,368,337,318,324,288,336,344,310,0.432,0.516,18.8,2.53,3.38,2.67
0.806046783924103,0.920397996902466,1.04329657554626,0.943386673927307,1.01091086864471,1.00014340877533,4.62E-01,6.68E-01,8.68E-01,8.59E-01,8.47E-01,0.261107533113007,0.914827507712229,0,2274,356,225,306,241,367,374,319,361,290,368,347,343,0.617,1.39,21.7,2.53,1.18,5.86
0.807430446147919,0.943173944950104,1.04702401161194,0.970975935459137,0.99855238199234,1.02755784988403,4.79E-01,6.98E-01,8.51E-01,8.31E-01,8.08E-01,-4.14150054819755,4.63852492995685,0,2276,355,291,309,306,368,442,319,428,289,435,344,413,1.36,1.7,20.2,2.26,5.34,7.75
0.821318805217743,0.918099522590637,1.04256594181061,0.952008366584778,0.999570548534393,1.05448615550995,4.96E-01,6.69E-01,8.80E-01,8.58E-01,8.04E-01,5.98304152324406,6.70882066953744,0,2278,351,330,306,343,370,476,321,464,290,471,344,449,2.67,2.11,19.2,2.38,5.77,5.95
0.821377575397491,0.915474653244019,1.04704117774963,0.957516193389893,0.996897697448731,1.01342129707336,5.30E-01,7.00E-01,8.53E-01,8.40E-01,8.01E-01,-2.52822377588607,2.74507601700218,0,2281,354,329,306,341,372,477,319,463,288,468,344,452,0.428,2.32,17,2.31,2.44,3.87
0.84848290681839,0,1.02570676803589,0.954064846038818,1.00443923473358,1.06807327270508,5.27E-01,6.82E-01,8.59E-01,8.57E-01,7.89E-01,-5.64573962370569,6.60073284438259,0,2283,354,323,0,0,374,467,322,454,289,457,348,451,0.421,0.904,20.6,2.35,4.4,4.87
0.850421786308289,0.930164337158203,1.03571426868439,0.952979028224945,1.00585329532623,1.00190687179565,5.21E-01,7.03E-01,8.45E-01,8.45E-01,8.44E-01,-6.69471552564665,7.22029663161634,0,2285,361,289,305,297,375,439,324,420,293,417,351,410,0.976,2.3,16.4,2.49,4.03,8.4
0.843640148639679,0.907341241836548,1.03365445137024,0.968826115131378,1.00142371654511,1.03770554065704,5.11E-01,6.72E-01,8.66E-01,8.47E-01,8.44E-01,-3.50405763931247,6.78518824712138,0,2287,360,266,309,278,372,414,324,399,295,402,348,386,3.04,2.18,15.2,2.21,6.06,0.856
0.840304315090179,0.909974634647369,1.05234038829803,0.936345756053925,1.01756596565247,1.01808178424835,4.93E-01,6.83E-01,8.70E-01,8.46E-01,8.07E-01,-5.18329017136913,6.25903716454198,0,2289,359,311,309,324,370,460,322,445,294,450,347,428,2.34,2.57,15.4,2.63,1.46,27.3
0.83064216375351,0.907036602497101,1.0434205532074,0.943684995174408,1.00132930278778,1.01547110080719,5.06E-01,6.90E-01,8.70E-01,8.68E-01,7.94E-01,-17.0358312450928,23.0054762408476,0,2291,364,324,306,321,373,490,323,471,294,450,351,466,16.6,11.8,9.81,3.41,22.6,2.21
0.848006844520569,0.961316406726837,1.04223239421844,0.961639940738678,1.01726865768433,1.10266315937042,4.67E-01,6.65E-01,8.53E-01,8.16E-01,7.89E-01,30.165871753647,35.3805707119966,0,2293,353,357,311,367,370,506,322,494,291,497,344,477,5.74,11,10.1,3.02,33.3,24.2
0.837723791599274,0.916262447834015,1.06713378429413,0.953555464744568,0.993399441242218,1.01813519001007,4.79E-01,6.86E-01,8.68E-01,8.51E-01,7.81E-01,4.16304127513586,6.09289527616462,0,2295,368,347,328,348,388,497,340,485,292,492,364,469,12.2,14,5.31,3.15,6.43,2.77
0,0,0,0,0,0,0.00E+00,0.00E+00,0.00E+00,0.00E+00,0.00E+00,0.936241801862957,1.76724508827477,0,2297,0,0,0,0,0,0,0,0,0,0,0,0,2.27,7.5,10,2.97,2.04,7.77
0.844775140285492,0.916925489902496,1.0438129901886,0.957649409770966,1.00517475605011,1.03095901012421,5.54E-01,7.24E-01,8.76E-01,8.67E-01,8.34E-01,-2.39548853010227,3.67792638379658,0,2300,490,651,437,651,478,797,428,780,400,776,455,768,0.652,5.8,22.2,3.1,4.58,2.91
0.787518620491028,0.890184044837952,1.04607737064362,0.955844759941101,1.01424515247345,1.0317360162735,4.57E-01,6.82E-01,8.37E-01,8.40E-01,8.22E-01,-3.92505090092963,5.35391881845246,0,2302,490,169,436,182,469,309,421,291,392,299,441,282,0.874,8,26.2,3.1,2.03,2.64
0.79827493429184,0.98584908246994,1.03478169441223,0.966422915458679,1.015380859375,1.01330018043518,4.65E-01,7.04E-01,8.72E-01,8.61E-01,8.00E-01,6.14238468293496,9.86651016848247,0,2304,480,181,435,186,462,330,416,310,387,304,444,297,2.43,2.5,34.7,3.11,8.53,8.21
0.81853574514389,0.865177810192108,1.07777500152588,0.966011047363281,1.02184951305389,1.06451535224915,4.70E-01,6.72E-01,8.50E-01,8.62E-01,7.83E-01,2.13612740162285,4.04840275130612,0,2306,481,222,450,256,462,344,413,332,387,380,441,314,7.55,4.13,42.4,2.74,6.81,1.36
0.822861015796661,0.921719968318939,1.06553506851196,0.971924483776093,1.03511846065521,1.00362467765808,4.83E-01,6.90E-01,8.63E-01,8.50E-01,7.87E-01,-2.8048771946344,3.58890438771761,0,2308,484,241,461,243,464,384,417,365,388,371,444,352,4.49,7.18,40.4,2.41,2.14,14.7
0.812646448612213,0.909565210342407,1.04241192340851,0.963579833507538,1.00690352916718,1.04354441165924,4.51E-01,7.04E-01,8.60E-01,8.45E-01,7.67E-01,-13.0361587929924,15.4571917481384,0,2310,488,217,443,218,473,368,428,347,401,342,455,336,6.76,7.62,40.1,1.39,14.4,6.87
0.824799418449402,0.908151566982269,1.05427980422974,0.980049729347229,1.00848579406738,1.02298200130463,4.57E-01,6.74E-01,8.82E-01,8.39E-01,8.38E-01,35.0020215264213,36.2686756633648,0,2312,496,166,446,178,483,308,437,291,406,302,464,275,10.2,11.7,33.9,1.36,36.8,15.4
0.852704048156738,0.91783219575882,1.03516292572021,0.969651997089386,1.01105284690857,1.03285992145538,4.60E-01,6.86E-01,8.76E-01,8.22E-01,7.91E-01,-21.8299229151415,27.9463580201494,0,2314,517,114,468,116,498,261,453,239,425,235,478,227,8.11,6.82,24.3,1.56,21.3,20.4
0.871697664260864,0.945092678070068,1.04742884635925,0.964717209339142,1.03494024276733,1.03033232688904,4.73E-01,6.89E-01,8.96E-01,8.60E-01,8.42E-01,-7.20722273873431,10.4022657757023,0,2316,539,241,488,249,518,381,471,361,442,365,501,347,11.8,5.35,16.6,0.884,11.3,16.7
0.855695068836212,1.00875270366669,1.05127322673798,0.972243309020996,1.01643240451813,1.03979527950287,5.00E-01,7.09E-01,8.99E-01,8.52E-01,8.24E-01,-19.0459097832717,22.3893151816254,0,2319,608,298,591,285,566,456,527,423,506,409,553,422,14.8,9.31,20.5,1.95,12.5,20.1
0,0,0,0,0,0,0.00E+00,0.00E+00,0.00E+00,0.00E+00,0.00E+00,4.85049220243644,14.5300691433519,0,2321,0,0,0,0,0,0,0,0,0,0,0,0,7.92,5.88,33.9,0.93,28.3,26.6
0.871921837329865,0.919847309589386,1.05194997787476,0.959482192993164,1.01903295516968,0.995429933071137,4.99E-01,7.06E-01,9.02E-01,8.67E-01,8.63E-01,12.0799810687574,21.6699925399196,0,2323,524,456,474,445,468,592,428,559,399,550,459,558,9.75,6.37,48,0.953,26.2,35.5
0,0,0,0,0,0,0.00E+00,0.00E+00,0.00E+00,0.00E+00,0.00E+00,9.2557067992465,9.3261897267153,0,2325,0,0,0,0,0,0,0,0,0,0,0,0,9.85,1.41,54.3,1.17,9.08,11.5
0.85049307346344,0.965786874294281,1.03464603424072,0.949529409408569,1.0010370016098,1.00410556793213,4.97E-01,7.22E-01,9.04E-01,8.70E-01,8.03E-01,0.811895170038495,0.86095348079929,0,2327,246,419,191,412,200,561,161,528,132,521,189,526,0.897,0.44,63.3,1.16,5.81,7.6
0,0,0,0,0,0,0.00E+00,0.00E+00,0.00E+00,0.00E+00,0.00E+00,40.1178609240352,40.7522806118161,0,2329,0,0,0,0,0,0,0,0,0,0,0,0,10.7,6.89,68,1.07,35.1,9.12
0.858292400836945,0.910610198974609,1.05250692367554,0.950580656528473,1.01175093650818,1.05392324924469,4.98E-01,6.87E-01,8.87E-01,8.37E-01,8.20E-01,-29.8877716654581,29.981268966133,0,2331,369,393,319,390,333,534,289,503,257,499,319,503,8.3,4.68,64.3,-0.562,20.8,33
0.854832112789154,0.932578504085541,1.03802263736725,0.96394020318985,1.01163423061371,1.03297591209412,4.74E-01,7.02E-01,9.10E-01,8.44E-01,8.48E-01,-0.561724588297411,1.4911391228585,0,2333,339,368,318,364,308,509,266,481,240,482,292,474,13.2,8.91,64.6,0.0804,3.07,15.3
0.843139350414276,0.930121541023254,1.039759516716,0.955532968044281,1.00648880004883,1.09969174861908,4.87E-01,7.02E-01,8.87E-01,8.38E-01,7.91E-01,-7.99711930983867,8.55206713468752,0,2335,306,315,267,325,296,467,251,443,230,442,280,433,6.39,1.23,61.3,0.121,7.36,29.1
0.830695509910584,0,1.04311800003052,0.946069300174713,1.00973069667816,1.0063351392746,5.10E-01,7.62E-01,8.88E-01,8.56E-01,8.72E-01,20.5372850579606,20.7899646784916,0,2337,346,216,0,0,345,360,301,340,285,376,326,327,7.65,1.11,57.4,0.0465,16.6,19.9
0,0,0,0,0,0,0.00E+00,0.00E+00,0.00E+00,0.00E+00,0.00E+00,-6.73723000901344,6.78161311091232,0,2340,0,0,0,0,0,0,0,0,0,0,0,0,8.15,3.37,53.7,-0.435,6.29,16.5
0.874024331569672,0.975404918193817,1.01214039325714,0.957205355167389,1.00687253475189,1.08204996585846,5.09E-01,7.27E-01,8.77E-01,8.62E-01,8.32E-01,-8.55464507447863,9.68673017974276,0,2342,418,569,394,573,410,709,360,685,330,688,394,674,1.76,3.15,50.7,-0.191,5.92,1.22
0.864312589168549,0.922098577022553,1.03953754901886,0.954958856105804,1.01750993728638,1.06103909015656,4.77E-01,6.92E-01,8.80E-01,8.65E-01,8.02E-01,-0.855408786209887,4.74294540896792,0,2344,400,413,349,424,388,556,342,530,317,530,368,520,2.13,12.7,48.6,-0.795,1.68,5.22
0.863687038421631,0.955044448375702,1.0489798784256,0.935638010501862,1.00823652744293,1.03772497177124,4.99E-01,7.21E-01,8.93E-01,8.42E-01,8.50E-01,-2.84676164007166,2.96921160022954,0,2346,465,304,437,324,457,445,409,425,378,435,436,409,4.69,7.42,46.7,-0.765,10.5,7.89
0.834798693656921,0.932171761989594,1.04263317584991,0.950747549533844,1.01300084590912,1.04248011112213,4.79E-01,6.93E-01,8.83E-01,8.34E-01,7.85E-01,14.8339189981753,15.2613278414174,0,2348,487,219,466,220,479,373,436,349,418,345,462,344,6.14,7.43,51.3,-0.944,13.4,5.17
0.863263666629791,0,1.03986072540283,0.953915953636169,1.02999174594879,1.12514960765839,5.22E-01,7.10E-01,8.83E-01,8.86E-01,9.01E-01,-1.59669804598696,7.14721192804172,0,2350,601,196,0,0,585,370,542,341,506,280,570,343,6.05,7.51,49.1,-1.38,10.4,8.05
0,0,0,0,0,0,0.00E+00,0.00E+00,0.00E+00,0.00E+00,0.00E+00,5.15429035473777,5.73246667128425,0,2352,0,0,0,0,0,0,0,0,0,0,0,0,5.39,10.3,57.3,-1.43,3.17,4.81
0.858011662960053,0,1.03039014339447,0.943002700805664,0.995255649089813,1.0448089838028,5.45E-01,7.35E-01,8.94E-01,8.48E-01,7.93E-01,-18.9418985938254,20.958159276641,0,2354,488,300,0,0,482,434,431,407,396,372,463,406,4.37,5.81,59.9,-1.7,14,12.2
0.85194730758667,0.990740716457367,1.02684354782105,0.968992412090302,1.00961542129517,1.1001204252243,4.72E-01,7.07E-01,8.78E-01,8.52E-01,7.84E-01,-1.16363801374864,14.7731558672728,0,2356,515,204,477,198,506,358,458,327,429,310,488,328,1.25,8.44,69.2,-3.49,18.8,9.66
0.864079356193543,0.924703896045685,1.02508878707886,0.938176810741425,1.02351951599121,1.04679203033447,4.64E-01,7.24E-01,9.01E-01,8.68E-01,7.88E-01,24.7017275772892,25.9392790309874,0,2359,512,159,464,170,515,295,468,270,438,277,495,262,10.3,7.48,77.6,-2.25,11.1,8.66
0.881587505340576,0,1.02835810184479,0.98709362745285,1.00958168506622,1.12453174591064,4.92E-01,6.98E-01,8.72E-01,8.35E-01,8.61E-01,-0.076487278713168,3.00858978174469,0,2361,491,300,0,0,505,441,451,418,419,398,482,414,8.22,13,87.9,-3.27,2.39,27.1
0.906597256660461,0.888765931129456,1.0367169380188,0.98186069726944,1.04455399513245,1.03735744953156,4.85E-01,7.38E-01,9.06E-01,8.85E-01,8.90E-01,-21.8012212717525,66.4391233420057,0,2363,515,340,477,346,508,478,461,451,437,445,486,444,35.5,28.9,96.8,-1.39,68.5,18.9
0.900999784469605,0,1.03936183452606,1.02527248859406,1.0366278886795,1.03182542324066,4.68E-01,7.40E-01,9.07E-01,9.49E-01,8.34E-01,-29.2659193668377,61.9741155214008,0,2365,282,290,0,0,296,427,250,404,228,400,271,396,19.8,24.7,105,-2.78,47.6,176
0.910490036010742,0.915064811706543,1.00993752479553,0.926451444625855,1.02151846885681,1.0509877204895,5.23E-01,7.59E-01,9.89E-01,8.09E-01,8.31E-01,39.8690890597842,44.5028312144062,0,2367,309,239,253,241,341,366,290,344,222,350,324,340,60.2,7.84,115,-1.61,42.1,5.66
0.884600698947907,0,1.02032041549683,0.994683027267456,1.12905061244965,1.05423402786255,4.85E-01,6.78E-01,8.74E-01,8.72E-01,8.38E-01,3.59182774061003,11.3505147183983,0,2369,345,212,0,0,340,350,292,322,267,309,320,314,41.8,31.8,117,-2.51,26.5,195
0,0,0,0,0,0,0.00E+00,0.00E+00,0.00E+00,0.00E+00,0.00E+00,10.6946249183001,14.7566173800374,0,2371,0,0,0,0,0,0,0,0,0,0,0,0,25,39.2,124,-2.83,10.2,12.1
0,0,0,0,0,0,0.00E+00,0.00E+00,0.00E+00,0.00E+00,0.00E+00,-2.61100907253257,2.79158171104798,0,2373,0,0,0,0,0,0,0,0,0,0,0,0,20.4,22.7,130,-1.93,9.32,55.2
0,0,0,0,0,0,0.00E+00,0.00E+00,0.00E+00,0.00E+00,0.00E+00,-33.0080951188062,33.6563896146976,0,2375,0,0,0,0,0,0,0,0,0,0,0,0,1.92,11,120,-2.1,23.2,27.7
0,0,0,0,0,0,0.00E+00,0.00E+00,0.00E+00,0.00E+00,0.00E+00,-9.54673712064448,11.4528837559463,0,2378,0,0,0,0,0,0,0,0,0,0,0,0,18.2,19.5,121,-2.14,10.6,6.92
0.873960912227631,0,1.0534462928772,0.950463712215424,1.00393557548523,1.05478966236115,4.70E-01,6.82E-01,8.59E-01,9.31E-01,8.00E-01,9.91890718799986,9.96484202773401,0,2380,394,9.35,0,0,325,128,293,105,287,110,306,93.3,22.2,17.4,109,-2.5,13.9,46.3
0.889495372772217,0.945316433906555,1.06500375270844,0.974407374858856,1.0175986289978,1.1706383228302,4.52E-01,6.61E-01,8.85E-01,9.54E-01,7.71E-01,8.45213130836155,45.8144806643661,0,2382,357,199,346,188,307,321,274,293,273,289,294,283,15.8,26.6,103,-2.02,32.3,25.5
0.889432966709137,0.928878962993622,1.06580317020416,0.970916450023651,1.00790166854858,1.05787098407745,4.68E-01,6.66E-01,8.76E-01,9.15E-01,7.94E-01,-6.81607987381579,90.3109723481987,0,2384,373,280,344,284,343,406,304,383,290,390,324,372,11.1,14.2,94.6,-1.55,72.1,22.7
0.894690930843353,0.880666077136993,1.03959023952484,1.02025723457336,1.01701152324677,1.0081353187561,5.21E-01,6.96E-01,8.90E-01,9.21E-01,9.11E-01,4.66938472273385,5.64530004136719,0,2386,400,607,377,592,354,735,314,700,310,689,328,687,25.6,6.11,83.4,-1.11,7.36,13.4
0,0,0,0,0,0,0.00E+00,0.00E+00,0.00E+00,0.00E+00,0.00E+00,3.1349806897151,3.77357906868002,0,2388,0,0,0,0,0,0,0,0,0,0,0,0,9.11,16,79.3,-1.37,7.17,13.2
0.937422394752502,0,1.03835594654083,0.96057516336441,0.991203665733337,1.05836200714111,5.12E-01,7.33E-01,9.20E-01,9.39E-01,8.80E-01,15.4728458537825,24.3664166092561,0,2390,616,655,0,0,544,767,524,725,540,719,544,724,8.97,26.8,69.3,-1.35,19.8,18
0,0,0,0,0,0,0.00E+00,0.00E+00,0.00E+00,0.00E+00,0.00E+00,5.24355039966756,6.32069146766082,0,2392,0,0,0,0,0,0,0,0,0,0,0,0,13.3,18.1,59,-1.09,5.72,46.2
0.890041589736939,0.742424249649048,1.0254282951355,1.0779949426651,0.988368809223175,1.05840885639191,5.76E-01,7.16E-01,8.91E-01,9.03E-01,9.21E-01,18.4489510499885,34.8989032173011,0,2394,270,503,251,452,158,617,133,560,142,499,152,582,7.96,20,56.3,-1.56,20.7,12.8
0.93736857175827,0.938511312007904,1.0272182226181,0.936417758464813,1.00028383731842,1.12693738937378,5.41E-01,7.12E-01,9.09E-01,8.75E-01,8.50E-01,-22.4638614933691,45.3955689941694,0,2397,439,443,418,426,338,515,319,457,291,441,348,478,17.5,14.9,52,-1.54,57.7,26.8
0.911018371582031,0,1.03953576087952,1.02974760532379,1.01653909683228,1.17350280284882,5.20E-01,7.10E-01,8.85E-01,8.47E-01,8.19E-01,14.061192682243,40.5193603160172,0,2399,546,432,0,0,424,482,423,423,432,402,439,447,15.9,18.8,64.2,-1.86,39.1,35.9
0.908798694610596,0.926771640777588,1.05160415172577,0.926571309566498,1.02350115776062,1.04970180988312,5.11E-01,7.29E-01,8.43E-01,8.86E-01,8.70E-01,-1.46812436855836,13.8832567932652,0,2401,705,415,685,409,587,445,584,398,557,383,600,411,14.2,17.7,73.9,-1.91,6.08,26.9
0.993638694286346,0,1.05759799480438,0.989503443241119,1.01445758342743,1.0119194984436,5.18E-01,6.60E-01,9.05E-01,8.91E-01,8.49E-01,-1.29033239021218,20.4401409800236,0,2403,793,320,0,0,665,448,683,394,691,369,698,419,8.19,17.6,98.5,-2.2,16,4.05
0,0,0,0,0,0,0.00E+00,0.00E+00,0.00E+00,0.00E+00,0.00E+00,-1.00991102892403,28.7628013330063,0,2405,0,0,0,0,0,0,0,0,0,0,0,0,0.414,11.9,124,-2.54,29.4,41.1
0,0,0,0,0,0,0.00E+00,0.00E+00,0.00E+00,0.00E+00,0.00E+00,3.23586354599453,39.5163057516871,0,2407,0,0,0,0,0,0,0,0,0,0,0,0,7.47,3.34,143,-2.42,17.2,26.7
0.909248352050781,0,0,0,0,0,0.00E+00,0.00E+00,0.00E+00,8.80E-01,0.00E+00,-1.51616414830755,27.4063284835187,0,2409,0,0,0,0,0,0,0,0,0,0,0,0,13.4,13,155,-3.56,55.2,56.3
0,0,0,0,0,0,0.00E+00,0.00E+00,0.00E+00,0.00E+00,0.00E+00,3.81756266020039,33.9221305303381,0,2411,0,0,0,0,0,0,0,0,0,0,0,0,25.1,8.11,178,-3.56,54.4,31.1
0,0,0,0,0,0,0.00E+00,0.00E+00,0.00E+00,0.00E+00,0.00E+00,0.260660952128203,2.78490361928369,0,2413,0,0,0,0,0,0,0,0,0,0,0,0,19.9,24.5,182,-3.55,6.79,40.9
0,0,0,0,0,0,0.00E+00,0.00E+00,0.00E+00,0.00E+00,0.00E+00,-1.602273486083,8.33099124700548,0,2415,0,0,0,0,0,0,0,0,0,0,0,0,4.61,30.2,192,-3.54,7.53,3.31
0,0,0,0,0,0,0.00E+00,0.00E+00,0.00E+00,0.00E+00,0.00E+00,1.12136613859702,8.24048611019623,0,2418,0,0,0,0,0,0,0,0,0,0,0,0,0.596,21.4,205,-3.54,11.9,11.5
0.96549117565155,0.954382359981537,1.04399061203003,0.93301647901535,1.00055027008057,1.05114710330963,5.32E-01,6.28E-01,9.42E-01,8.97E-01,7.94E-01,-1.94212690980131,10.7722591734559,0,2420,244,347,243,320,111,369,136,310,153,273,126,338,1.76,13.1,213,-3.48,5.74,4.26
0.941215336322784,0.93626469373703,1.02695429325104,0.903974294662476,0.981630504131317,1.14235103130341,5.49E-01,6.53E-01,9.81E-01,8.94E-01,8.05E-01,1.4510228951234,7.99949284950817,0,2422,287,342,283,338,163,358,192,304,188,267,195,337,3.52,2.98,207,-3.42,5.85,8.38
0.924545764923096,0.949771702289581,1.04691088199615,0.92028021812439,0.993654191493988,1.09901177883148,5.18E-01,6.51E-01,9.95E-01,9.46E-01,8.85E-01,0.35261981776985,7.67474099700056,0,2424,352,347,343,323,219,367,241,310,247,269,240,338,2.74,2.28,210,-3.37,5.85,6.74
1.01524746417999,0.915500521659851,1.04412126541138,0.940036654472351,0.976660490036011,1.09664344787598,5.56E-01,6.45E-01,1.00E+00,9.56E-01,0.00E+00,0.043116206703659,1.39304519749384,0,2426,336,370,335,338,201,400,222,338,239,297,222,371,1.91,2.63,211,-3.31,0.668,8.52
0.93886661529541,0,1.03340685367584,0.90877902507782,1.01804637908936,1.15495765209198,5.52E-01,6.81E-01,9.86E-01,8.02E-01,7.82E-01,-1.37985399760121,6.21946391563923,0,2428,272,368,0,0,163,415,191,359,180,319,194,391,0.458,1.73,211,-3.26,6.54,2.89
0.911096572875977,0.912947237491608,1.03599071502686,0.906482756137848,1.00118720531464,1.10241460800171,5.49E-01,7.24E-01,1.02E+00,9.05E-01,8.57E-01,0.259633395654232,1.31472861929576,0,2430,299,388,293,365,175,401,204,350,199,322,208,379,0.519,3.24,204,-3.2,4.11,10.7
0.981776475906372,0.920348048210144,1.06616485118866,0.943888306617737,0.993429005146027,1.05331814289093,5.37E-01,7.38E-01,1.01E+00,1.01E+00,8.78E-01,0.306194484083953,2.16665920479595,0,2432,393,461,380,423,252,463,277,411,285,388,276,438,2.82,2,203,-3.14,5.78,7.25
0.982823491096497,0.950481057167053,1.08023345470428,0.950304508209229,1.00527632236481,1.0776538848877,5.33E-01,7.34E-01,1.08E+00,9.10E-01,8.98E-01,2.14386161087227,12.3830098523801,0,2434,424,467,403,421,279,458,300,410,299,389,304,436,5.4,4.28,190,-2.18,10.8,42.9
0.987841546535492,0.934310555458069,1.09006774425507,0.93127167224884,0.997379958629608,1.09122931957245,5.20E-01,7.44E-01,1.05E+00,9.71E-01,8.36E-01,-6.12502989856559,46.926534196011,0,2437,415,457,416,444,272,443,299,398,305,381,297,426,16.4,6.04,169,-1.26,80.1,18.9
0.993326544761658,0.922594130039215,1.10771214962006,0.945935010910034,0.993506729602814,1.26795601844788,5.25E-01,7.32E-01,1.08E+00,9.07E-01,9.13E-01,-2.23532302081353,35.3828531298214,0,2439,428,459,417,439,285,446,307,402,308,384,317,434,20.3,7.72,147,-1.81,31.2,22.3
1.00452983379364,0.951020419597626,1.0669162273407,0.948639869689941,0.980029463768005,1.04108476638794,5.81E-01,7.72E-01,1.10E+00,8.67E-01,8.23E-01,-0.061389880854829,3.71522934319712,0,2441,272,392,282,447,193,478,221,429,193,408,231,455,11.3,11.8,124,-1.61,3.39,20.8
0.942506730556488,0.92352557182312,1.08294105529785,0.937887668609619,1.03079843521118,1.07760858535767,5.44E-01,7.68E-01,9.73E-01,9.11E-01,0.00E+00,-0.151087719482262,10.0772285200273,0,2443,246,469,256,458,128,491,155,443,162,415,154,472,3.22,15.9,93.4,-1.53,5.94,16.8
0.884221315383911,0,0.929722785949707,0,0.975460112094879,0.973564982414246,0.00E+00,1.00E+00,9.84E-01,0.00E+00,6.85E-01,-0.219531646867882,20.0782019168266,0,2445,0,0,0,0,0,0,0,0,0,0,0,0,11.7,2.41,76.3,-1.32,22.5,13.4
0.939087390899658,0.856271803379059,1.09169554710388,1.06581592559814,1.08215248584747,1.14345037937164,5.91E-01,7.37E-01,0.00E+00,7.37E-01,8.25E-01,-1.96831818900853,40.4357990281417,0,2447,746,499,750,604,616,558,664,529,687,507,658,536,11.1,4.76,44,-1.7,54.8,25.1
0.891963064670563,0.936084151268005,1.08344185352325,0.943881213665009,1.02763330936432,1.09701085090637,5.70E-01,7.44E-01,1.00E+00,9.18E-01,8.19E-01,-6.4275525744716,28.7193225850147,0,2449,660,586,644,564,512,631,534,579,536,543,542,609,27.3,19.6,27.4,-2.11,29.1,15
0.925201654434204,0.973043024539948,1.11612772941589,0.941178679466248,1.01711237430573,1.06691217422485,5.68E-01,7.45E-01,1.02E+00,9.16E-01,8.51E-01,2.17112018895047,14.051062225625,0,2451,643,448,621,454,540,523,547,475,527,466,565,493,9.2,16.9,9.21,-0.588,17.1,24.9
0,0,0,0,0,0,0.00E+00,0.00E+00,0.00E+00,0.00E+00,0.00E+00,7.85571947506381,19.2369316436643,0,2453,0,0,0,0,0,0,0,0,0,0,0,0,9.5,24,15.4,0.241,6.18,18
0,0,0,0,0,0,0.00E+00,0.00E+00,0.00E+00,0.00E+00,0.00E+00,2.97157702717474,21.0920591679808,0,2456,0,0,0,0,0,0,0,0,0,0,0,0,12.8,11.1,37.7,-1.73,12.4,5.87
0,0,0,0,0,0,0.00E+00,0.00E+00,0.00E+00,0.00E+00,0.00E+00,0.140873149301745,1.50217537301607,0,2458,0,0,0,0,0,0,0,0,0,0,0,0,13,11.9,36.8,-0.909,30.1,57.5
0,0,0,0,0,0,0.00E+00,0.00E+00,0.00E+00,0.00E+00,0.00E+00,-3.53118016642357,36.0139553985227,0,2460,0,0,0,0,0,0,0,0,0,0,0,0,29,8.36,45.2,1.26,24.4,20.3
0,0,0,0,0,0,0.00E+00,0.00E+00,0.00E+00,0.00E+00,0.00E+00,17.2662441492072,46.7005730565412,0,2462,0,0,0,0,0,0,0,0,0,0,0,0,15.5,1.77,62.7,1.46,75.1,37
0,0,0,0,0,0,0.00E+00,0.00E+00,0.00E+00,0.00E+00,0.00E+00,-7.42051396941317,11.8065192193561,0,2464,0,0,0,0,0,0,0,0,0,0,0,0,23.8,18,65.2,1.16,0.695,23
0,0,0,0,0,0,0.00E+00,0.00E+00,0.00E+00,0.00E+00,0.00E+00,5.27697482474073,19.6613714456152,0,2466,0,0,0,0,0,0,0,0,0,0,0,0,1.83,14.3,74,1.29,6.48,6.03
0,0,0,0,0,0,0.00E+00,0.00E+00,0.00E+00,0.00E+00,0.00E+00,7.94782603933802,10.5649671693445,0,2468,0,0,0,0,0,0,0,0,0,0,0,0,3.34,14.8,85.5,1.23,4.91,4.43
0,0,0,0,0,0,0.00E+00,0.00E+00,0.00E+00,0.00E+00,0.00E+00,-2.40017216687628,12.905356713699,0,2470,0,0,0,0,0,0,0,0,0,0,0,0,1.59,14.2,89.4,1.19,8.58,6.32
0,0,0,0,0,0,0.00E+00,0.00E+00,0.00E+00,0.00E+00,0.00E+00,1.01199802451775,11.5207557546886,0,2472,0,0,0,0,0,0,0,0,0,0,0,0,1.52,17.7,82.5,1.16,5.92,8.55
0,0,0,0,0,0,0.00E+00,0.00E+00,0.00E+00,0.00E+00,0.00E+00,-5.12524677442785,10.035006649213,0,2475,0,0,0,0,0,0,0,0,0,0,0,0,2.52,2.61,83.3,1.39,19.4,22
0,0,0,0,0,0,0.00E+00,0.00E+00,0.00E+00,0.00E+00,0.00E+00,-2.97325105590004,13.0901061672937,0,2477,0,0,0,0,0,0,0,0,0,0,0,0,13.1,2.09,82.4,1.34,6.48,24.6
0.882302522659302,0.496462762355804,1.02564251422882,1.20481967926025,0.974025964736939,1.04899740219116,5.99E-01,7.87E-01,9.08E-01,8.30E-01,7.64E-01,-4.23300668887861,5.54474197800998,0,2479,264,142,224,101,154,116,186,69.8,205,51.5,180,98.5,1.54,4.67,70.9,1.36,1.62,21.9
0,0,0,0,0.989345490932465,0,0.00E+00,0.00E+00,9.92E-01,0.00E+00,9.62E-01,-13.930227366942,26.1849851611385,0,2481,0,0,0,0,0,0,0,0,0,0,0,0,7.55,6.44,67.5,1.52,23.4,48.7
0.8759925365448,0.976157069206238,1.03860402107239,1.23740875720978,1.13577830791473,1.18758416175842,6.29E-01,7.64E-01,8.69E-01,8.00E-01,8.45E-01,-1.56869602143803,13.7625902091985,0,2483,313,305,324,295,205,292,234,238,247,212,230,270,17.6,9.63,75,1.15,7.25,44.1
0.861187338829041,0.921052634716034,1.04840707778931,1.30993092060089,1.16504490375519,1.11233603954315,6.29E-01,6.93E-01,8.86E-01,8.48E-01,8.13E-01,13.98006330725,35.3227842656186,0,2485,332,553,347,529,220,533,252,477,266,448,247,511,21.5,6.53,74.2,1.5,46.3,31.2
0.894981026649475,0.965629518032074,1.03945851325989,1.27996718883514,1.16193759441376,1.09866774082184,6.73E-01,7.94E-01,8.92E-01,8.81E-01,8.70E-01,-8.47570911583262,10.9398410903426,0,2487,299,316,274,369,189,392,224,344,189,300,232,383,24,6.66,71.2,1.45,21,58.8
0,0,0,0,0,0,0.00E+00,0.00E+00,0.00E+00,0.00E+00,0.00E+00,7.92800249692545,8.34315557553818,0,2489,0,0,0,0,0,0,0,0,0,0,0,0,10.2,14.5,73.2,1.25,12.9,12
0,0,0,0,0,0,0.00E+00,0.00E+00,0.00E+00,0.00E+00,0.00E+00,-32.2070408374658,40.2289096979994,0,2491,0,0,0,0,0,0,0,0,0,0,0,0,5.11,19.7,79.6,0.606,33.5,18.3
0,0,0,0,0,0,0.00E+00,0.00E+00,0.00E+00,0.00E+00,0.00E+00,18.0751797882287,19.9679722737218,0,2493,0,0,0,0,0,0,0,0,0,0,0,0,5.78,11.6,73.7,1.05,23.5,9.28
0.900443553924561,0.545126378536224,1.04382860660553,1.32667720317841,1.25605511665344,1.06423938274384,6.60E-01,7.68E-01,9.57E-01,9.01E-01,8.28E-01,0.569222800991159,4.94515597785813,0,2496,469,453,411,425,358,488,353,429,354,412,367,452,11.5,5.86,74.5,0.357,8.01,24.7
0.878080308437347,0.895061731338501,1.09455811977386,1.31387972831726,1.34784531593323,1.03170335292816,5.86E-01,7.40E-01,9.30E-01,8.82E-01,8.21E-01,-2.57821576248997,25.4701220156742,0,2498,421,435,419,409,302,425,307,391,299,392,318,396,6.64,4.46,79,0.45,31.4,20.8
0.878565847873688,0.959910929203033,1.06797420978546,1.2773654460907,1.23577332496643,1.02506458759308,5.65E-01,7.20E-01,9.22E-01,9.39E-01,8.66E-01,-4.6950075820239,9.17821260946212,0,2500,532,493,568,456,409,398,445,382,460,379,443,391,13,6.65,80.9,0.881,5.71,3.47
0.910924792289734,0.858778655529022,1.04561972618103,1.23657035827637,1.24925851821899,1.28575813770294,5.77E-01,7.27E-01,9.67E-01,8.94E-01,1.01E+00,-3.16556014368971,12.6188589621596,0,2502,607,468,648,414,546,333,572,341,556,426,589,353,5.44,10.9,76.3,1.63,8.81,1.49
0.699228286743164,0,1.04768550395966,1.25509905815125,0,0.9846071600914,5.73E-01,5.25E-01,0.00E+00,5.11E-01,8.44E-01,-20.1218788206583,32.8713401675752,0,2504,783,147,0,0,653,182,699,158,0,0,692,171,15.4,23,74.8,1.48,36.4,5.76
0,0,0,0,0,0,0.00E+00,0.00E+00,0.00E+00,0.00E+00,0.00E+00,-13.0755011382741,18.6757719131297,0,2506,0,0,0,0,0,0,0,0,0,0,0,0,6.4,17.2,78.8,0.546,19.5,66.1
0.840402245521545,0.927696049213409,1.04464638233185,1.36344683170319,1.19183611869812,1.15348553657532,6.28E-01,7.50E-01,9.04E-01,8.71E-01,8.43E-01,-13.256056391949,30.1950260211649,0,2508,497,333,480,279,391,284,427,235,403,190,433,274,25.8,11.8,64.9,0.7,33,2.38
0.938846826553345,0,1.0508885383606,1.40628850460053,1.20213115215302,1.16998505592346,5.82E-01,7.55E-01,8.89E-01,9.41E-01,7.51E-01,-2.18422402446813,8.0128340960119,0,2510,358,160,0,0,210,210,219,153,266,141,224,184,17.8,14.7,56.4,0.967,5.78,88.8
0,0,1.02992057800293,1.3610645532608,1.22458279132843,1.05485928058624,6.70E-01,7.68E-01,8.88E-01,8.24E-01,0.00E+00,10.0052100034549,13.4721739926083,0,2512,0,0,0,0,161,183,166,126,111,106,190,153,7.43,19.2,47.3,1.53,11.1,4.86
0.794854581356049,0.899665534496307,1.03606045246124,1.49541425704956,1.24078798294067,1.17607486248016,6.36E-01,7.66E-01,8.25E-01,7.88E-01,7.73E-01,-10.2960127163948,13.5587796860057,0,2515,213,131,218,111,142,215,114,164,134,135,145,184,1.66,8,33.4,1.87,8.88,12
0,0,0,0,0,0,0.00E+00,0.00E+00,0.00E+00,0.00E+00,0.00E+00,-9.49504548776578,10.8440799355613,0,2517,0,0,0,0,0,0,0,0,0,0,0,0,4.71,4.61,21.2,2.15,6.28,12.2
0.844804227352142,0.961081802845001,1.03321719169617,1.74254202842712,1.24119389057159,1.10846614837646,7.38E-01,7.56E-01,0.00E+00,8.17E-01,9.42E-01,-1.63003722480886,16.1927398005312,0,2519,749,278,735,266,717,381,675,337,656,313,708,348,2.39,5.18,18.4,2.56,25.2,15.5
0.911727428436279,0,1.00688517093658,1.80184400081635,1.25875246524811,1.26116490364075,6.47E-01,8.67E-01,9.05E-01,8.13E-01,9.20E-01,-4.7270012822498,5.54408965954533,0,2521,500,218,0,0,536,370,489,330,470,322,521,334,9.58,6.68,21.6,2.39,7.45,5.88
0.858267068862915,0,1.02945697307587,1.84207499027252,1.23772788047791,1.02813351154327,7.44E-01,8.48E-01,0.00E+00,9.25E-01,0.00E+00,2.71128652208272,5.62143281476943,0,2523,512,254,0,0,568,418,526,380,492,343,554,392,1.37,5.49,24.6,2.49,5.57,1.49
0.882552802562714,0,1.0415643453598,1.67358613014221,1.22313761711121,1.21891522407532,6.68E-01,8.19E-01,9.00E-01,9.10E-01,7.93E-01,1.58825193665168,4.76792406380622,0,2525,553,344,0,0,586,462,535,416,509,405,568,424,1.02,8.35,29,1.55,2.72,17.6
0.871328592300415,0,1.04495775699615,1.79441571235657,1.27095019817352,1.31234347820282,6.19E-01,8.03E-01,8.74E-01,7.35E-01,8.45E-01,8.03543199152245,9.12726318571304,0,2527,526,341,0,0,597,484,547,444,518,417,582,450,12.3,2.22,34.7,1.75,18.8,8.3
0.859890878200531,0,1.02702188491821,1.74885594844818,1.24611866474152,1.23372542858124,6.37E-01,7.80E-01,8.52E-01,7.88E-01,8.08E-01,-3.75206352219581,6.71605224789133,0,2529,425,405,0,0,424,511,382,464,361,439,412,476,4.14,2.37,37.6,2,23.6,25.1
0.849141240119934,0.996756732463837,1.02723240852356,1.80283331871033,1.29698240756989,1.30821311473846,6.10E-01,7.83E-01,9.57E-01,9.99E-01,8.24E-01,-2.31050346377492,6.51215993052972,0,2531,373,393,436,409,415,531,375,485,363,455,408,501,11.9,5.88,40.2,2.16,3.1,6.46
0.862063944339752,0,1.03219318389893,1.80138552188873,1.38563358783722,1.19547486305237,7.34E-01,7.87E-01,9.21E-01,8.48E-01,7.61E-01,0.174771529461379,4.48920195344997,0,2534,474,424,0,0,425,524,399,467,397,401,424,490,3.55,6.54,35.6,2.17,5.98,1.72
0.853487551212311,0.95638382434845,1.03804266452789,1.98846089839935,1.43847835063934,1.06821644306183,6.46E-01,7.13E-01,9.86E-01,7.88E-01,8.40E-01,-5.4721991611811,28.787633320181,0,2536,560,283,557,266,479,351,460,293,452,278,478,315,11.3,14.3,35.7,2.28,24.8,20.4
0,0,0,0,0,0,0.00E+00,0.00E+00,0.00E+00,0.00E+00,0.00E+00,-0.492049961411642,14.1641340980391,0,2538,0,0,0,0,0,0,0,0,0,0,0,0,17.8,21.3,35.7,1.18,6.37,96.5
0.788421094417572,0,1.01532673835754,2.0044264793396,1.32831823825836,1.07438969612122,6.87E-01,7.49E-01,9.32E-01,1.01E+00,8.98E-01,27.6459276436234,32.1069185601533,0,2540,298,368,0,0,226,444,204,398,217,330,223,423,23.9,13.2,29,1.33,17,36.8
0.906512260437012,0,1.03364515304565,1.69196701049805,1.24299514293671,1.1127222776413,6.95E-01,8.24E-01,0.00E+00,8.70E-01,0.00E+00,-7.36717416451637,11.2260992023027,0,2542,118,413,0,0,161,539,125,483,95.1,471,154,505,34,21.5,23.9,1.34,11.4,102
1.59764933586121,0.945399403572083,1.20131123065948,0.87139219045639,0.929660618305206,0.842250943183899,5.77E-01,8.25E-01,1.62E+00,8.86E-01,1.54E+00,-6.12991076175419,9.65945906896415,0,2544,0,0,0,0,0,0,0,0,0,0,0,0,11.6,23.7,36.2,1.25,12.2,10.8
0,0,0,0,0,0,0.00E+00,0.00E+00,0.00E+00,0.00E+00,0.00E+00,-8.3817416169851,9.28068799104839,0,2546,0,0,0,0,0,0,0,0,0,0,0,0,8.96,28.1,43.2,1.23,7.18,8.84
0,0,0,0,0,0,0.00E+00,0.00E+00,0.00E+00,0.00E+00,0.00E+00,4.01095576789809,5.48563997739264,0,2548,0,0,0,0,0,0,0,0,0,0,0,0,1.18,19.6,40.3,1.09,11.4,14.1
0.773999512195587,0.912432432174683,1.03159558773041,1.75047135353088,1.26728320121765,1.14021396636963,5.64E-01,6.98E-01,8.48E-01,9.86E-01,8.24E-01,-11.6964905785812,12.3440046465716,0,2550,384,150,417,168,510,50.2,509,105,494,122,492,79.1,6.03,7.52,47.2,1.96,7.87,8.4
0,0,0,0,0,0,0.00E+00,0.00E+00,0.00E+00,0.00E+00,0.00E+00,9.94699669360249,11.2129254969865,0,2553,0,0,0,0,0,0,0,0,0,0,0,0,5.74,4.53,49.9,1.72,12.7,11.5
0.829911351203918,0.482346385717392,1.04172766208649,1.8076730966568,1.3872230052948,1.16970920562744,5.77E-01,8.13E-01,9.27E-01,9.98E-01,1.21E+00,-18.1384865420048,21.4510227370306,0,2555,314,365,340,302,345,216,380,261,399,283,352,268,2.74,8.23,58.1,1.07,26.6,7.26
0.854805171489716,0,1.07245588302612,1.63692283630371,1.38282370567322,1.00232303142548,5.89E-01,8.13E-01,8.81E-01,8.83E-01,1.15E+00,8.88512025954976,11.7112500048265,0,2557,328,428,0,0,352,344,389,357,396,338,370,371,2.48,13.1,76.7,1.25,21,3.8
0.909001410007477,0,1.05797636508942,1.58722531795502,1.34356319904327,1.06788432598114,5.88E-01,7.83E-01,9.71E-01,9.43E-01,9.31E-01,-2.80135324175759,4.39098447355496,0,2559,417,374,0,0,344,279,384,300,401,311,358,306,9.67,7.65,80.9,0.389,8.48,6.8
0.878933668136597,1.01769912242889,1.00953352451324,1.66396808624268,1.25329840183258,1.07030296325684,6.04E-01,8.24E-01,9.14E-01,9.18E-01,1.17E+00,6.51424381803684,9.08863903204345,0,2561,323,498,352,485,319,394,368,425,392,397,332,428,3.14,10.4,99,1.1,8.59,6.78
0.960137844085693,0.831932783126831,1.0712296962738,1.6444593667984,1.34455144405365,1.2795078754425,6.14E-01,7.08E-01,9.66E-01,9.05E-01,9.64E-01,11.1189078762824,14.0071595871069,0,2563,360,436,296,446,294,336,336,365,349,374,308,373,5.1,13.1,116,0.962,2.36,13
0.88135153055191,0.965557515621185,1.01838254928589,1.55708718299866,1.3423148393631,1.09429347515106,6.35E-01,6.78E-01,0.00E+00,9.89E-01,0.00E+00,-2.13626042619327,12.6604916670544,0,2565,411,448,376,443,325,358,379,380,395,371,346,392,3.52,7.06,115,1.23,14.7,14.1
0.875592589378357,0.543209850788116,1.07576441764832,1.61280393600464,1.307612657547,1.10250437259674,6.15E-01,7.42E-01,8.97E-01,9.38E-01,9.90E-01,3.03683736039293,23.6000938877109,0,2567,260,368,288,315,288,245,331,277,334,300,309,268,8.16,15.4,124,1.48,19.5,51.9
1.26735329627991,1.08955228328705,0,0,0.891874611377716,0,0.00E+00,0.00E+00,9.15E-01,0.00E+00,0.00E+00,30.9865593469098,45.126344986688,0,2569,0,0,0,0,0,0,0,0,0,0,0,0,6.38,6.6,135,1.41,43.3,12.5
0.862372517585754,0.594182312488556,1.01657247543335,1.56103074550629,1.2718551158905,1.06095838546753,6.20E-01,8.44E-01,8.37E-01,8.95E-01,9.36E-01,-0.083660085684317,11.7902667019273,0,2572,283,304,325,272,316,201,361,239,373,274,332,229,17,8.02,133,0.787,5.16,62
0.903765261173248,0.933695137500763,1.05405795574188,1.65311205387115,1.3193724155426,1.12223875522614,6.35E-01,7.16E-01,8.10E-01,8.72E-01,9.00E-01,-2.51562166295993,18.1964862484419,0,2574,143,431,176,439,217,350,251,403,279,409,222,388,9.37,6.38,122,0.839,26.9,9.96
0.923003733158112,0.708229422569275,1.025954246521,1.4259078502655,1.40954029560089,1.06285929679871,7.47E-01,7.86E-01,9.16E-01,9.69E-01,8.56E-01,4.32542304054067,59.5536816918583,0,2576,90.1,455,152,464,186,393,203,453,217,477,189,427,2.65,13.2,126,0.63,47.9,14
0.887626647949219,0.92990654706955,1.04362380504608,1.59719526767731,1.3946624994278,1.10255753993988,6.17E-01,8.79E-01,8.80E-01,9.19E-01,8.31E-01,-5.49267729163374,12.950867499798,0,2578,293,453,280,467,435,395,454,453,468,471,431,428,15.9,6.12,123,0.0215,0.489,26.6
0.906156241893768,0.958382189273834,1.03580522537231,1.53823828697205,1.22379243373871,1.16139876842499,6.85E-01,7.57E-01,8.89E-01,9.17E-01,8.42E-01,-5.4832387365667,8.03925211886812,0,2580,337,425,350,447,433,359,449,423,457,447,426,397,10.8,5.26,110,0.051,12.9,25.2
0.894051432609558,0.947683691978455,1.04907810688019,1.57628500461578,1.2892028093338,1.12610161304474,6.50E-01,6.96E-01,8.84E-01,9.23E-01,8.74E-01,-4.53774257791598,23.2165373836444,0,2582,338,423,350,447,435,361,454,421,463,446,430,397,19.7,8.33,105,0.419,26.7,38.8
0.880315005779266,0.927765250205994,1.04765093326569,1.59270977973938,1.3336728811264,1.07348299026489,6.58E-01,7.35E-01,8.68E-01,8.89E-01,9.01E-01,3.14885063615717,44.9030281932819,0,2584,365,393,384,397,453,318,486,367,512,370,457,365,21.3,18.3,106,1.68,63.8,23.4
0,0,0,0,0,0,0.00E+00,0.00E+00,0.00E+00,0.00E+00,0.00E+00,3.61380088780749,5.74855617440448,0,2586,0,0,0,0,0,0,0,0,0,0,0,0,17.4,12.5,87.5,1.59,5.19,20.1
1.61811923980713,0,1.01439440250397,0.79898077249527,0.866816461086273,1.01565623283386,6.19E-01,7.25E-01,1.23E+00,9.16E-01,0.00E+00,16.9509324661032,21.7052862588747,0,2588,0,0,0,0,0,0,0,0,0,0,0,0,9.46,20.6,75,1.16,25.6,28.7
0,0,0,0,0,0,0.00E+00,0.00E+00,0.00E+00,0.00E+00,0.00E+00,0.292472696552945,15.9329126561918,0,2590,0,0,0,0,0,0,0,0,0,0,0,0,25.6,12,64.9,1.6,21.1,26.5
0,0,0,0,0,0,0.00E+00,0.00E+00,0.00E+00,0.00E+00,0.00E+00,-9.31298780560095,21.3617892271091,0,2593,0,0,0,0,0,0,0,0,0,0,0,0,19.7,35.6,42.3,0.987,4.35,23.6
0,0,0,0,0,0,0.00E+00,0.00E+00,0.00E+00,0.00E+00,0.00E+00,6.86945811710289,38.2402681475795,0,2595,0,0,0,0,0,0,0,0,0,0,0,0,11.2,36.2,29.6,-0.707,96.5,35
0.923119008541107,0.937172770500183,1.042032122612,1.43279838562012,1.25294637680054,1.11953353881836,6.72E-01,7.89E-01,9.30E-01,9.25E-01,1.01E+00,-66.9442030789343,68.3264323915079,0,2597,185,684,218,678,169,572,218,582,263,573,191,599,40.5,23.1,27.7,-0.556,54.8,49
0.87617439031601,0,1.02915251255035,0,1.23815226554871,0.946853160858154,6.65E-01,7.28E-01,9.74E-01,1.43E+00,8.51E-01,-6.16287142994355,18.7504162370448,0,2599,0,0,0,0,0,0,0,0,0,0,0,0,26,18.2,16.4,0.528,32.6,45.3
0,0,0,0,0,0,0.00E+00,0.00E+00,0.00E+00,0.00E+00,0.00E+00,-4.03789674848796,9.82822729469156,0,2601,0,0,0,0,0,0,0,0,0,0,0,0,20.6,41.5,6.41,0.846,7.92,10.1
0,0,0,0,0,0,0.00E+00,0.00E+00,0.00E+00,0.00E+00,0.00E+00,9.98453952268972,10.1023009889753,0,2603,0,0,0,0,0,0,0,0,0,0,0,0,7.76,39.5,5.91,0.822,8.73,14.8
0,0,0,0,0,0,0.00E+00,0.00E+00,0.00E+00,0.00E+00,0.00E+00,4.93132338064519,8.37293395367833,0,2605,0,0,0,0,0,0,0,0,0,0,0,0,12.8,39.4,17.6,1.63,11.1,23.3
0,0,0,0,0,0,0.00E+00,0.00E+00,0.00E+00,0.00E+00,0.00E+00,11.1434538330174,45.926817708583,0,2607,0,0,0,0,0,0,0,0,0,0,0,0,18.6,9.1,22.2,0.409,54.4,28.2
0,0,0,0,0,0,0.00E+00,0.00E+00,0.00E+00,0.00E+00,0.00E+00,4.56795619610798,4.87367838318823,0,2609,0,0,0,0,0,0,0,0,0,0,0,0,17.3,11.4,37.8,-0.251,23.7,51.8
0,0,0,0,0,0,0.00E+00,0.00E+00,0.00E+00,0.00E+00,0.00E+00,-8.84247881837181,10.4790989314283,0,2612,0,0,0,0,0,0,0,0,0,0,0,0,18.4,14.6,46,0.754,7.1,58.6
0,0,0,0,0,0,0.00E+00,0.00E+00,0.00E+00,0.00E+00,0.00E+00,6.94938016534797,13.2117524147626,0,2614,0,0,0,0,0,0,0,0,0,0,0,0,18.6,8.29,62.7,-1.58,10.4,36.3
0,0,0,0,0,0,0.00E+00,0.00E+00,0.00E+00,0.00E+00,0.00E+00,-14.561591693765,17.8240991877675,0,2616,0,0,0,0,0,0,0,0,0,0,0,0,10.2,3.17,80.2,-0.261,7.92,115
0,0,0,0,0,0,0.00E+00,0.00E+00,0.00E+00,0.00E+00,0.00E+00,27.8450393323281,34.185618346943,0,2618,0,0,0,0,0,0,0,0,0,0,0,0,25.3,6.99,104,0.9,19.9,63.7
0,0,0,0,0,0,0.00E+00,0.00E+00,0.00E+00,0.00E+00,0.00E+00,-14.7568931693602,49.682046335374,0,2620,0,0,0,0,0,0,0,0,0,0,0,0,16.8,15.4,125,0.972,50.5,52.4
0,0,0,0,0,0,0.00E+00,0.00E+00,0.00E+00,0.00E+00,0.00E+00,-8.69779381115959,8.81219100281675,0,2622,0,0,0,0,0,0,0,0,0,0,0,0,16.6,8.58,135,1.24,6.46,25.3
0,0,0,0,0,0,0.00E+00,0.00E+00,0.00E+00,0.00E+00,0.00E+00,-17.7896510296811,19.6634173749981,0,2624,0,0,0,0,0,0,0,0,0,0,0,0,9.95,14.7,142,1.17,19,13.7
0,0,0,0,0,0,0.00E+00,0.00E+00,0.00E+00,0.00E+00,0.00E+00,-6.42252467945812,6.8271562671889,0,2626,0,0,0,0,0,0,0,0,0,0,0,0,10.8,8.46,147,2.17,3.52,27.3
0,0,0,0,0,0,0.00E+00,0.00E+00,0.00E+00,0.00E+00,0.00E+00,6.66662926857809,7.6367382768361,0,2628,0,0,0,0,0,0,0,0,0,0,0,0,11.7,15.4,122,1.8,10.8,32.6
0.849016606807709,0,1.03480136394501,1.56896317005157,1.33614814281464,1.10746848583221,6.51E-01,7.48E-01,9.16E-01,9.38E-01,9.80E-01,38.4821639603688,43.681700538728,0,2631,111,216,0,0,306,202,278,247,239,273,285,219,6.48,15.9,108,1.89,35.1,23.2
0.836233735084534,0.912521421909332,1.08617734909058,1.68404984474182,1.28210711479187,1.05308043956757,6.48E-01,7.22E-01,9.12E-01,8.99E-01,8.04E-01,-1.5154670268697,7.43130840076481,0,2633,351,311,403,320,449,201,448,250,495,284,422,232,33.6,25.7,84.9,1.71,16.7,29.3
0.894069671630859,0,1.01978611946106,1.56344246864319,1.1678067445755,1.05585598945618,7.46E-01,8.23E-01,9.20E-01,9.19E-01,8.86E-01,0.105600951767752,12.028058072866,0,2635,308,493,0,0,315,324,349,359,386,391,323,351,14.6,28.1,63.7,1.47,7.23,30.7
0.871586084365845,0,1.02550828456879,1.51222062110901,0,1.32507073879242,6.17E-01,7.94E-01,9.01E-01,8.80E-01,0.00E+00,8.952610060821,17.9142732729737,0,2637,412,290,0,0,318,230,369,244,0,0,365,269,0.673,39.3,31.7,1.47,3.93,21.2
0.885164678096771,0.965555548667908,1.03320252895355,1.4737241268158,1.27572047710419,1.08133971691132,6.45E-01,7.90E-01,9.21E-01,9.76E-01,9.42E-01,3.99508570992768,14.4855390805648,0,2639,359,560,425,556,329,413,388,425,415,457,358,425,3.25,17.9,5.73,1,24.1,8.49
0,0,0,0,0,0,0.00E+00,0.00E+00,0.00E+00,0.00E+00,0.00E+00,1.16120393187442,16.0174617036006,0,2641,0,0,0,0,0,0,0,0,0,0,0,0,2.91,17.1,38.2,3.77,3.19,11.3
0.947523832321167,0,1.08522725105286,1.44517660140991,1.25858438014984,1.16217577457428,6.57E-01,7.30E-01,0.00E+00,9.61E-01,1.04E+00,-14.3319745223733,23.5547335584824,0,2643,349,350,0,0,276,269,319,284,330,283,313,289,10.3,6.5,82,1.16,5.04,23.8
0.932824730873108,0.952991425991058,1.07950830459595,1.38935029506683,1.26873815059662,0.982251822948456,5.97E-01,6.88E-01,8.46E-01,9.99E-01,1.26E+00,11.8678556915138,19.750223524671,0,2645,316,324,342,296,309,208,348,221,361,230,332,233,1.17,3.8,109,2.2,7.2,9.87
0.936216652393341,0,1.03607034683228,1.35553669929504,1.13470184803009,1.07257068157196,7.24E-01,8.12E-01,8.83E-01,8.73E-01,1.01E+00,6.82542504093423,10.8957729324832,0,2647,363,352,0,0,300,241,352,273,415,276,335,274,7.31,2.95,139,4.94,11.9,5.71
0.92342221736908,0.926457762718201,1.05082452297211,1.43496060371399,1.30062854290009,1.05978512763977,5.99E-01,7.03E-01,8.85E-01,9.38E-01,1.11E+00,-0.714830618842725,1.5771391258035,0,2650,292,398,336,379,275,283,329,300,377,290,307,313,8.64,4.71,181,5,9.33,30.3
0.907874047756195,0.547016799449921,1.02917742729187,1.31011128425598,1.29490721225739,1.1099556684494,6.64E-01,7.99E-01,9.11E-01,9.24E-01,9.04E-01,-12.2234528282288,27.8957003668825,0,2652,347,517,347,465,318,395,376,406,421,421,364,414,2.72,2.02,201,5.06,7.03,10.8
0.913272559642792,0,1.41229498386383,0.860930263996124,1.21861255168915,0.939593315124512,6.41E-01,7.75E-01,8.25E-01,1.04E+00,1.15E+00,-43.6145249623072,52.7287983525853,0,2654,368,633,0,0,405,487,457,548,436,531,438,554,9.01,14.3,205,5.11,33.8,107
0.937512457370758,0,1.04269325733185,1.31521141529083,1.22767663002014,0.976065099239349,6.34E-01,7.83E-01,9.13E-01,9.51E-01,9.94E-01,-2.63909747274334,4.12491264339104,0,2656,223,608,0,0,235,486,279,507,290,513,273,508,26,15.9,208,5.17,6.69,29.9
0.921205997467041,0.953351616859436,1.06299650669098,1.31878578662872,1.23130750656128,0,6.30E-01,7.71E-01,8.78E-01,9.73E-01,9.11E-01,17.2767563267009,19.3415976909437,0,2658,308,649,350,646,325,497,369,500,363,547,0,0,47.7,39.6,214,5.23,10.4,48.4
0.808595657348633,0,0,0.840480268001556,0.914473712444305,0,0.00E+00,8.04E-01,8.40E-01,0.00E+00,0.00E+00,-24.6711487466085,25.3540535763122,0,2660,0,0,0,0,0,0,0,0,0,0,0,0,24.8,51.3,192,5.29,29.7,67.3
0.930720210075378,0.909090936183929,1.04598677158356,1.31859219074249,1.24069952964783,1.03524827957153,5.98E-01,7.80E-01,8.92E-01,9.38E-01,9.59E-01,-23.5354628311836,24.9890236590821,0,2662,304,527,325,516,311,409,363,426,389,417,342,440,12.6,57.1,177,5.34,40.4,83.5
0,0,0,0,0,0,0.00E+00,0.00E+00,0.00E+00,0.00E+00,0.00E+00,4.15458466227617,10.3040375009444,0,2664,0,0,0,0,0,0,0,0,0,0,0,0,29.2,20.1,179,5.4,3.75,55.6
0,0,0,0,0,0,0.00E+00,0.00E+00,0.00E+00,0.00E+00,0.00E+00,-12.8476785726157,39.4014007994236,0,2666,0,0,0,0,0,0,0,0,0,0,0,0,11.1,14.5,169,5.46,34.7,14.9
0,0,0,0,0,0,0.00E+00,0.00E+00,0.00E+00,0.00E+00,0.00E+00,15.2292826145973,27.3756483916958,0,2668,0,0,0,0,0,0,0,0,0,0,0,0,6.02,19.2,173,4.72,27.6,30.6
0,0,0,0,0,0,0.00E+00,0.00E+00,0.00E+00,0.00E+00,0.00E+00,0.946356490168351,22.6429177003339,0,2671,0,0,0,0,0,0,0,0,0,0,0,0,23.4,14.2,185,1.94,15.5,30.5
0,0,0,0,0,0,0.00E+00,0.00E+00,0.00E+00,0.00E+00,0.00E+00,-1.35708645771183,3.64420943636546,0,2673,0,0,0,0,0,0,0,0,0,0,0,0,9.35,19.6,204,1.23,4.9,40.8
0.924873948097229,0.966026604175568,1.01526117324829,1.24211156368256,1.18911015987396,1.05567240715027,6.15E-01,7.40E-01,9.08E-01,9.27E-01,8.46E-01,-3.22542704584006,4.33440600191227,0,2675,83.5,601,92.2,614,198,573,204,626,218,637,188,612,8.38,20.1,197,1.26,7.02,13
0.926354765892029,0.705736517906189,1.04542624950409,1.25688517093658,1.20379042625427,1.05778574943542,6.26E-01,7.45E-01,9.23E-01,9.72E-01,8.20E-01,0.313379515449496,1.77829050469618,0,2677,269,510,328,554,394,507,378,563,372,581,376,540,9.85,13.1,200,1.45,1.69,35.4
0,0,0,0,0,0,0.00E+00,0.00E+00,0.00E+00,0.00E+00,0.00E+00,4.30080273195296,6.05726323798034,0,2679,0,0,0,0,0,0,0,0,0,0,0,0,3.19,2.01,189,1.88,3.11,10.4
0,0,0,0,0,0,0.00E+00,0.00E+00,0.00E+00,0.00E+00,0.00E+00,1.306797632261,7.74612034632817,0,2681,0,0,0,0,0,0,0,0,0,0,0,0,3.22,5.36,163,1.82,0.864,48.1
0,0,0,0,0,0,0.00E+00,0.00E+00,0.00E+00,0.00E+00,0.00E+00,-3.48975142332072,6.86868578254959,0,2683,0,0,0,0,0,0,0,0,0,0,0,0,15.8,6.88,147,2.83,3.79,46.7
0.978891432285309,0.957703948020935,1.07052159309387,1.44298958778381,1.21259295940399,1.03242647647858,6.46E-01,8.25E-01,9.29E-01,9.66E-01,8.29E-01,8.7262806939843,44.8198078851912,0,2685,504,505,508,547,620,524,586,570,576,576,595,547,19.8,3.74,130,2.05,63.9,38.9
0.958594024181366,0.9039666056633,1.08924758434296,1.2680743932724,1.21148180961609,1.25047409534454,6.22E-01,7.33E-01,9.29E-01,1.09E+00,9.09E-01,25.0045179393976,28.5739054486078,0,2687,567,538,549,593,682,588,637,618,615,601,651,599,25.8,4.17,103,2.05,29.6,54.2
0,0,0,0,0,0,0.00E+00,0.00E+00,0.00E+00,0.00E+00,0.00E+00,-12.8091527921624,20.3124071656974,0,2690,0,0,0,0,0,0,0,0,0,0,0,0,9.07,26.5,83.3,0.94,9.49,20.7
0.97363144159317,0.920668065547943,1.05272483825684,1.30816674232483,1.16366386413574,1.08799231052399,6.54E-01,8.02E-01,9.45E-01,9.68E-01,8.45E-01,-90.3567652952897,108.337907596409,0,2692,560,574,549,594,665,587,634,636,609,649,644,612,24.9,10.7,76.4,1.58,79.7,22.9
0,0,0,0,0,0,0.00E+00,0.00E+00,0.00E+00,0.00E+00,0.00E+00,-20.9067046928296,21.7903812070296,0,2694,0,0,0,0,0,0,0,0,0,0,0,0,32.4,17.6,64.9,3.42,32,41.5
0,0,0,0,0,0,0.00E+00,0.00E+00,0.00E+00,0.00E+00,0.00E+00,-29.3271985494277,29.3877071239831,0,2696,0,0,0,0,0,0,0,0,0,0,0,0,13.1,30,52.7,2.68,28.4,21.5
0,0,0,0,0,0,0.00E+00,0.00E+00,0.00E+00,0.00E+00,0.00E+00,3.24598251416768,4.31718405827107,0,2698,0,0,0,0,0,0,0,0,0,0,0,0,10.9,29.6,40.6,3.45,4.67,50.5
0,0.979629635810852,0,0,0.963178277015686,0.975691556930542,0.00E+00,0.00E+00,9.81E-01,0.00E+00,0.00E+00,9.63848037142843,33.7227653357045,0,2700,0,0,0,0,0,0,0,0,0,0,0,0,11.4,29.4,26,4.08,27.8,23.5
0,0,0,0,0,0,0.00E+00,0.00E+00,0.00E+00,0.00E+00,0.00E+00,36.6816345052815,72.1148125741566,0,2702,0,0,0,0,0,0,0,0,0,0,0,0,11.6,18.6,17.4,3.56,50.4,10.5
0,0,0,0,0,0,0.00E+00,0.00E+00,0.00E+00,0.00E+00,0.00E+00,2.38734343917721,2.39394407044784,0,2704,0,0,0,0,0,0,0,0,0,0,0,0,19.7,9.03,23.1,2.96,5.93,11.7
0,0,0,0,0,0,0.00E+00,0.00E+00,0.00E+00,0.00E+00,0.00E+00,-6.90281519614781,8.04091074150275,0,2706,0,0,0,0,0,0,0,0,0,0,0,0,4.38,4.66,44.2,2.86,0.913,6.16
0,0,0,0,0,0,0.00E+00,0.00E+00,0.00E+00,0.00E+00,0.00E+00,-8.21601630043711,21.7643370739773,0,2709,0,0,0,0,0,0,0,0,0,0,0,0,13.2,20.6,56.1,4.66,30.6,9.39
0,0,0,0,0,0,0.00E+00,0.00E+00,0.00E+00,0.00E+00,0.00E+00,43.8348215276524,44.0036957550977,0,2711,0,0,0,0,0,0,0,0,0,0,0,0,9.87,15.9,70.3,3.56,35.1,21.4
0,0,0,0,0,0,0.00E+00,0.00E+00,0.00E+00,0.00E+00,0.00E+00,2.15124469445423,7.30044508029607,0,2713,0,0,0,0,0,0,0,0,0,0,0,0,19.7,4.74,90.6,3.29,14.4,21.2
0,0,0,0,0,0,0.00E+00,0.00E+00,0.00E+00,0.00E+00,0.00E+00,-5.36947820088258,5.7787411415261,0,2715,0,0,0,0,0,0,0,0,0,0,0,0,12.8,6.65,99.1,4.09,8.59,34.2
0,0,0,0,0,0,0.00E+00,0.00E+00,0.00E+00,0.00E+00,0.00E+00,-15.8778794450923,17.5883758524343,0,2717,0,0,0,0,0,0,0,0,0,0,0,0,2.73,16,94.9,3.5,9.19,24.6
0,0,0,0,0,0,0.00E+00,0.00E+00,0.00E+00,0.00E+00,0.00E+00,5.12219437181478,5.2394812330022,0,2719,0,0,0,0,0,0,0,0,0,0,0,0,6.75,6.41,94.5,4.34,10.2,9.42
0,0,0,0,0,0,0.00E+00,0.00E+00,0.00E+00,0.00E+00,0.00E+00,36.8906458407145,39.722263954612,0,2721,0,0,0,0,0,0,0,0,0,0,0,0,12.1,6.35,79.5,4.51,28.2,36.6
0.915077745914459,0.954782605171204,1.03180623054504,1.28523302078247,1.16010177135468,1.11672008037567,6.31E-01,7.84E-01,9.02E-01,9.45E-01,9.18E-01,12.5184759647014,12.5356219596728,0,2723,482,613,529,586,423,479,480,487,506,492,456,493,22.2,13.2,55.2,3.96,8.21,45.1
0,0,0,0,0,0,0.00E+00,0.00E+00,0.00E+00,0.00E+00,0.00E+00,-26.7388290802325,33.6323424532987,0,2725,0,0,0,0,0,0,0,0,0,0,0,0,9.33,17.9,33.1,4.22,32.5,32.7
0.929342687129974,0.943224430084229,1.042360663414,1.23502349853516,1.15406560897827,1.09692680835724,6.62E-01,7.83E-01,9.27E-01,9.67E-01,8.91E-01,3.42272878329074,18.9716442393699,0,2728,305,783,344,769,256,656,310,655,319,668,292,668,13.9,3.99,12.1,2.37,22.1,24.1
0,0,0,0,0,0,0.00E+00,0.00E+00,0.00E+00,0.00E+00,0.00E+00,-4.14088756031878,9.65861657076722,0,2730,0,0,0,0,0,0,0,0,0,0,0,0,15.5,19.2,17.6,1.59,5.15,6.44
0.875494718551636,0.958088874816895,1.04382383823395,1.30318546295166,1.15526580810547,1.06248247623444,6.09E-01,7.04E-01,9.00E-01,9.54E-01,9.54E-01,17.422349436527,25.7093600886936,0,2732,195,149,135,165,102,73,157,88,184,62.6,137,115,1.73,22.5,34.6,2.58,35.5,42
0,0,0,0,0,0,0.00E+00,0.00E+00,0.00E+00,0.00E+00,0.00E+00,-7.35388499001599,8.20715342577018,0,2734,0,0,0,0,0,0,0,0,0,0,0,0,14.2,19.3,34.3,3.49,8.48,2.69
0.569411277770996,0,0,0,1.57852649688721,0.688744127750397,6.34E-01,5.40E-01,5.84E-01,5.63E-01,0.00E+00,11.3994103219775,12.264360897206,0,2736,0,0,0,0,0,0,0,0,0,0,0,0,9.21,8.98,33,4.49,13.5,12.3
0.94058483839035,0,1.06546831130981,1.24318480491638,0,1.10209858417511,6.30E-01,5.25E-01,9.26E-01,9.66E-01,8.77E-01,22.9395417478984,24.5793373138784,0,2738,383,632,0,0,521,593,531,638,0,0,511,630,15,21,41.6,4.02,19.5,10
0,0,0,0,0.943217694759369,0,0.00E+00,0.00E+00,0.00E+00,0.00E+00,0.00E+00,-19.8806310337407,22.0887791536162,0,2740,0,0,0,0,0,0,0,0,0,0,0,0,5.71,19.8,34.4,4.46,7.58,20
0,0,0,0,0,0,0.00E+00,0.00E+00,0.00E+00,0.00E+00,0.00E+00,8.0007625941923,25.0174905373634,0,2742,0,0,0,0,0,0,0,0,0,0,0,0,6.43,22.8,17.6,4.45,26.6,14.9
0,0.930222630500793,1.03902792930603,1.22008633613586,0,1.12251055240631,6.64E-01,7.16E-01,9.35E-01,1.04E+00,1.79E+00,0.680614668530652,1.32066074069965,0,2744,0,0,582,468,568,367,582,420,0,0,552,406,7.95,10.6,13.1,4.17,9.78,19.9
0,0,0,0,0,0,0.00E+00,0.00E+00,0.00E+00,0.00E+00,0.00E+00,7.35702916102758,8.40973703550491,0,2746,0,0,0,0,0,0,0,0,0,0,0,0,7.57,11.7,15.7,3.21,8.24,16
0,0,0,0,0,0,0.00E+00,0.00E+00,0.00E+00,0.00E+00,0.00E+00,-19.4303914874587,26.8341439655388,0,2749,0,0,0,0,0,0,0,0,0,0,0,0,9.59,2.09,32,2.3,26.9,13.5
0,0,0,0,0,0,0.00E+00,0.00E+00,0.00E+00,0.00E+00,0.00E+00,-29.1346383672434,33.1490689154324,0,2751,0,0,0,0,0,0,0,0,0,0,0,0,14.6,9.05,48,2.1,28.4,33.8
0,0,0,0,0,0,0.00E+00,0.00E+00,0.00E+00,0.00E+00,0.00E+00,-2.6480728094703,5.7200781204337,0,2753,0,0,0,0,0,0,0,0,0,0,0,0,3.34,10.1,60.3,0.794,14,23.8
0,0,0,0,0,0,0.00E+00,0.00E+00,0.00E+00,0.00E+00,0.00E+00,-15.3118089490127,16.891516306621,0,2755,0,0,0,0,0,0,0,0,0,0,0,0,8.92,20.6,69.4,1.03,26.1,52.9
0.866224884986877,0.904006659984589,1.04131209850311,1.27448523044586,1.13473761081696,1.23419106006622,6.47E-01,6.85E-01,9.33E-01,8.93E-01,8.50E-01,-25.1706150446215,26.3742768734675,0,2757,628,400,633,358,486,348,524,321,555,263,517,349,25.8,23.6,75.6,0.224,20.5,26.5
0.950199127197266,0.949507415294647,1.05604588985443,1.30353617668152,1.15007770061493,1.12143671512604,6.66E-01,6.96E-01,8.89E-01,9.42E-01,8.92E-01,-16.9178353602234,23.1667985587702,0,2759,555,539,556,519,411,489,445,457,470,389,446,483,27,33.5,70.5,-0.0761,20.9,69
0,0,0,0,0,0,0.00E+00,0.00E+00,0.00E+00,0.00E+00,0.00E+00,3.41191711719614,3.67467913872716,0,2761,0,0,0,0,0,0,0,0,0,0,0,0,8.19,34.8,51.5,-0.311,15.2,29.4
0.927054286003113,0.940559446811676,1.10289835929871,1.37484455108643,0,1.4467625617981,1.23E+00,7.42E-01,0.00E+00,0.00E+00,8.93E-01,-0.321434070732996,6.926090882121,0,2763,597,484,574,502,454,552,460,514,0,0,486,544,20.1,32.8,24.9,-0.0376,14.5,50.4
0,0,0,0,0,0,0.00E+00,0.00E+00,0.00E+00,0.00E+00,0.00E+00,-11.8232035944011,13.5557707099155,0,2765,0,0,0,0,0,0,0,0,0,0,0,0,3.33,18.9,14.1,0.219,24.1,3.58
0,0,0,0,0,0,0.00E+00,0.00E+00,0.00E+00,0.00E+00,0.00E+00,-14.9901892493364,20.6745968135746,0,2768,0,0,0,0,0,0,0,0,0,0,0,0,6.89,5.45,75.5,0.086,12.6,9.78
0,0,0,0,0,0,0.00E+00,0.00E+00,0.00E+00,0.00E+00,0.00E+00,11.431473591132,15.0938225870762,0,2770,0,0,0,0,0,0,0,0,0,0,0,0,2.44,12,124,0.135,22.3,3.98
0.941750586032867,0.927068710327148,1.0861302614212,1.23991858959198,0.969046771526337,1.00196170806885,7.20E-01,8.02E-01,9.45E-01,1.20E+00,0.00E+00,-0.69626556022583,5.948129560015,0,2772,522,531,509,560,448,691,437,657,447,621,478,668,5.3,5.71,168,1.42,9.92,12.6
0.927320718765259,0.964333951473236,1.10350823402405,1.24828541278839,0,1.15613770484924,6.91E-01,8.02E-01,9.58E-01,0.00E+00,0.00E+00,-7.67251673671399,31.1753435817766,0,2774,538,463,536,519,477,650,463,615,0,0,502,627,14.8,3.1,207,2.89,24.3,25.7
0.925004005432129,0.931271493434906,1.11173212528229,1.22583603858948,1.04536700248718,1.05682456493378,6.47E-01,7.91E-01,9.08E-01,1.02E+00,0.00E+00,-0.554254987504071,34.2174386114625,0,2776,534,439,515,510,502,604,484,579,466,595,513,573,20.7,12.3,231,5.24,4.57,62.9
0.908309161663055,0,1.1062034368515,1.22831201553345,0,1.73207068443298,7.63E-01,8.87E-01,1.00E+00,9.68E-01,0.00E+00,0.004306524080412,36.1767582390399,0,2778,483,368,0,0,488,573,463,545,0,0,513,536,3.6,21.8,254,5.06,29.1,62.8
0,0,0,0,0,0,0.00E+00,0.00E+00,0.00E+00,0.00E+00,0.00E+00,8.02006229989128,8.46379669867999,0,2780,0,0,0,0,0,0,0,0,0,0,0,0,16.3,22.1,256,4.88,20.3,50.3
0.538200318813324,0,0.87438827753067,0.830463588237762,0.92960524559021,0.958985805511475,8.47E-01,6.66E-01,8.45E-01,5.65E-01,9.61E-01,-20.5713120452015,24.2252212038808,0,2782,0,0,0,0,0,0,0,0,0,0,0,0,25.1,42,256,4.7,6.3,92
0,0,0,0,0.915161490440369,1.00917434692383,1.00E+00,0.00E+00,0.00E+00,0.00E+00,0.00E+00,-6.12774644374636,8.72250282702764,0,2784,0,0,0,0,0,0,0,0,0,0,0,0,1.85,29.8,257,4.52,8.91,14.7
0,0,0,0,0,0,0.00E+00,0.00E+00,0.00E+00,0.00E+00,0.00E+00,29.9371817794793,35.9207294231549,0,2787,0,0,0,0,0,0,0,0,0,0,0,0,3.98,6.36,240,4.34,3.58,9.34
0,0,0,0,0,0,0.00E+00,0.00E+00,0.00E+00,0.00E+00,0.00E+00,38.8692487611387,39.7395184149799,0,2789,0,0,0,0,0,0,0,0,0,0,0,0,6.73,6.06,232,4.16,19.4,14.4
0.946650683879852,0.976930320262909,1.01900899410248,1.12975788116455,1.07660531997681,1.14711463451386,5.97E-01,7.16E-01,9.19E-01,1.05E+00,8.29E-01,4.88790869771728,11.2081073400675,0,2791,217,371,198,374,229,483,165,471,141,463,192,463,4.56,3.53,232,3.98,16.1,28.5
0.919480919837952,0.935754179954529,1.04967999458313,1.13935780525208,1.12110102176666,1.12028765678406,5.99E-01,6.55E-01,9.25E-01,1.07E+00,8.41E-01,23.6492162100808,27.4549699493676,0,2793,239,358,278,359,288,459,228,447,210,445,256,429,5.33,12.6,234,3.8,19.4,50.6
0,0,0,0,0,0,0.00E+00,0.00E+00,0.00E+00,0.00E+00,0.00E+00,-11.5664242761523,11.8999669685399,0,2795,0,0,0,0,0,0,0,0,0,0,0,0,18.5,12,236,4.2,39.1,13.2
0,0,0,0,0,0,0.00E+00,0.00E+00,0.00E+00,0.00E+00,0.00E+00,-50.2817384144625,53.9032489513454,0,2797,0,0,0,0,0,0,0,0,0,0,0,0,39.6,26.5,246,4.6,38.1,12.6
0,0,0,0,0,0,0.00E+00,0.00E+00,0.00E+00,0.00E+00,0.00E+00,8.84030474058096,9.20098099103903,0,2799,0,0,0,0,0,0,0,0,0,0,0,0,23.4,36,250,4.67,28.9,64.4
0,0,0,0,0,0,0.00E+00,0.00E+00,0.00E+00,0.00E+00,0.00E+00,-22.9068622296871,24.5336972200359,0,2801,0,0,0,0,0,0,0,0,0,0,0,0,8.19,47.9,251,4.74,11.5,39.1
0,0,0,0,0,0,0.00E+00,0.00E+00,0.00E+00,0.00E+00,0.00E+00,-31.5461611766236,33.9825221960325,0,2803,0,0,0,0,0,0,0,0,0,0,0,0,15.8,22.3,263,4.81,24.2,53.8
0.990275263786316,0,1.03759777545929,1.25473284721375,0,1.09846043586731,5.73E-01,6.81E-01,9.73E-01,1.01E+00,1.16E+00,-18.8226449288783,19.4937739896859,0,2806,373,368,0,0,378,476,319,469,0,0,338,482,6.66,9.41,258,4.88,17.3,28.2
0,0,0,0,0,0,0.00E+00,0.00E+00,0.00E+00,0.00E+00,0.00E+00,40.4984064400019,41.9762422304474,0,2808,0,0,0,0,0,0,0,0,0,0,0,0,18.3,13.1,250,4.95,18.3,11.2
0,0,0,0,0,0,0.00E+00,0.00E+00,0.00E+00,0.00E+00,0.00E+00,-24.3760151903346,25.6195478581343,0,2810,0,0,0,0,0,0,0,0,0,0,0,0,3.73,21.5,241,5.02,18.8,28.3
0,0,0,0,0,0,0.00E+00,0.00E+00,0.00E+00,0.00E+00,0.00E+00,-57.944275626906,65.8396103444853,0,2812,0,0,0,0,0,0,0,0,0,0,0,0,16.6,10.8,240,2.89,15.7,17.9
0,0,0.971153855323792,0,0.938252985477448,0,0.00E+00,0.00E+00,9.43E-01,0.00E+00,0.00E+00,-54.3851601110457,63.8306414268224,0,2814,0,0,0,0,0,0,0,0,0,0,0,0,10.5,2.3,217,0.0205,16.2,48.6
0.852863788604736,0.954746127128601,1.03064894676209,1.29190039634705,1.10150921344757,1.02613055706024,5.75E-01,7.02E-01,9.27E-01,1.01E+00,8.37E-01,35.6889686927211,54.4925653601424,0,2816,313,452,282,460,305,596,261,568,258,550,275,552,16.8,3.74,192,0.0441,20,9.95
0.880524218082428,1.03488373756409,1.0580677986145,1.10506212711334,1.11891102790833,1.08401572704315,5.08E-01,6.64E-01,8.69E-01,9.64E-01,7.41E-01,-35.4136328949912,60.9017454854654,0,2818,267,163,246,215,309,280,258,275,243,290,266,260,18.6,4.88,179,1.01,13.3,26.2
0,0,0,0,0,0,0.00E+00,0.00E+00,0.00E+00,0.00E+00,0.00E+00,14.6341680019595,23.0515787447996,0,2820,0,0,0,0,0,0,0,0,0,0,0,0,19.2,25.8,136,-0.372,24.3,35.4
0,0,0,0,0,0,0.00E+00,0.00E+00,0.00E+00,0.00E+00,0.00E+00,20.7698022347131,25.8497300044368,0,2822,0,0,0,0,0,0,0,0,0,0,0,0,36.7,49.3,86.8,0.876,22.5,40.5
0,0,0,0,0,0,0.00E+00,0.00E+00,0.00E+00,0.00E+00,0.00E+00,39.0162764722395,48.5357667409421,0,2824,0,0,0,0,0,0,0,0,0,0,0,0,50.3,63.8,44.5,0.98,45.4,143
0,0,0,0,0,0,0.00E+00,0.00E+00,0.00E+00,0.00E+00,0.00E+00,-22.6651011807762,27.9365571049,0,2827,0,0,0,0,0,0,0,0,0,0,0,0,27,54.3,46.6,0.786,32.3,44.7
0,0,0,0,0,0,0.00E+00,0.00E+00,0.00E+00,0.00E+00,0.00E+00,-8.1753646867394,10.9476658354734,0,2829,0,0,0,0,0,0,0,0,0,0,0,0,6.87,41.5,117,0.732,23.5,32.5
0,0,0,0,0,0,0.00E+00,0.00E+00,0.00E+00,0.00E+00,0.00E+00,-50.5552355208859,76.7773488909458,0,2831,0,0,0,0,0,0,0,0,0,0,0,0,30.6,18.2,174,1.5,78.2,23.2
0,0,0,0,0,0,0.00E+00,0.00E+00,0.00E+00,0.00E+00,0.00E+00,-27.6576366587376,32.6187512343151,0,2833,0,0,0,0,0,0,0,0,0,0,0,0,20.9,7.99,227,0.441,6.15,35
0,0,0,0,0,0,0.00E+00,0.00E+00,0.00E+00,0.00E+00,0.00E+00,2.46773327523342,35.9100215937308,0,2835,0,0,0,0,0,0,0,0,0,0,0,0,9.64,38.3,276,0.796,33.5,30.2
0,0,0,0,0,0,0.00E+00,0.00E+00,0.00E+00,0.00E+00,0.00E+00,-8.12040240907965,10.7242955757233,0,2837,0,0,0,0,0,0,0,0,0,0,0,0,16.1,24.6,302,0.0428,7.65,17.1
0.922798812389374,0.950733125209808,1.0425271987915,1.21558141708374,1.16295039653778,1.15913653373718,5.37E-01,6.62E-01,8.74E-01,9.36E-01,8.25E-01,-6.06434772851759,10.8654423594222,0,2839,578,88.9,578,79.8,641,187,591,177,574,168,611,160,25.7,18.9,316,-0.711,3.05,64.2
0,0,0,0,0,0,0.00E+00,0.00E+00,0.00E+00,0.00E+00,0.00E+00,-8.9134584228654,11.8199019462028,0,2841,0,0,0,0,0,0,0,0,0,0,0,0,4.42,14,314,-1.06,5.71,19.4
0,0,0,0,0,0,0.00E+00,0.00E+00,0.00E+00,0.00E+00,0.00E+00,10.1583733998432,14.6286862819411,0,2843,0,0,0,0,0,0,0,0,0,0,0,0,3.65,24.9,292,-1.11,3.51,5.2
0,0,0,0,0,0,0.00E+00,0.00E+00,0.00E+00,0.00E+00,0.00E+00,-19.6124966677319,20.3679165693322,0,2846,0,0,0,0,0,0,0,0,0,0,0,0,11.6,7.08,254,-0.625,24.9,12
0,0,0,0,0,0,0.00E+00,0.00E+00,0.00E+00,0.00E+00,0.00E+00,-2.11196066539455,2.61382363053224,0,2848,0,0,0,0,0,0,0,0,0,0,0,0,3.85,2.42,225,-0.113,7.6,12.9
0.895786464214325,0.934642374515533,1.03575348854065,1.17780590057373,1.12810301780701,0.99364584684372,5.65E-01,7.65E-01,9.08E-01,9.03E-01,9.92E-01,4.57131810474093,5.05463380989699,0,2850,136,723,168,737,196,626,223,670,257,694,204,660,8.01,8.3,189,-0.321,6.64,8.14
0,0,0,0,0,0,0.00E+00,0.00E+00,0.00E+00,0.00E+00,0.00E+00,10.3272987117801,10.3554715177288,0,2852,0,0,0,0,0,0,0,0,0,0,0,0,10.2,5.72,141,-0.382,6.83,17.3
0,0,0,0,0,0,0.00E+00,0.00E+00,0.00E+00,0.00E+00,0.00E+00,3.86883483335187,5.8360010678599,0,2854,0,0,0,0,0,0,0,0,0,0,0,0,10.7,13.3,118,-0.643,11.8,5.66
0,0,0,0,0,0,0.00E+00,0.00E+00,0.00E+00,0.00E+00,0.00E+00,1.25554028699531,9.26962410975896,0,2856,0,0,0,0,0,0,0,0,0,0,0,0,6.19,13.6,90.4,-0.273,9.65,13.3
0,0,0,0,0,0,0.00E+00,0.00E+00,0.00E+00,0.00E+00,0.00E+00,1.41973412677287,2.96119486482791,0,2858,0,0,0,0,0,0,0,0,0,0,0,0,9.06,23.5,77.5,-0.237,11.4,11.3
0.801655530929565,0.973568260669708,1.0439887046814,1.23475706577301,1.18674421310425,1.05716967582703,5.31E-01,6.99E-01,9.02E-01,9.41E-01,7.97E-01,-11.6610806720018,13.2375407631188,0,2860,191,386,224,411,244,265,284,307,287,337,260,298,2.05,13.1,80.7,-0.0192,15.3,27
0,0.971698105335236,0,0,0.961860477924347,1.03809523582459,0.00E+00,0.00E+00,9.32E-01,0.00E+00,8.50E-01,9.8416325165227,10.0143954298123,0,2862,0,0,0,0,0,0,0,0,0,0,0,0,5.29,11.5,80.5,0.764,16.7,13.2
0,0,0,0,0,0,0.00E+00,0.00E+00,0.00E+00,0.00E+00,0.00E+00,-2.6839110578589,3.8279576343559,0,2865,0,0,0,0,0,0,0,0,0,0,0,0,8.44,4.27,102,0.16,4.03,14.9
0.859042823314667,1,1.02386510372162,1.33642137050629,1.30212938785553,1.09308242797852,5.16E-01,6.66E-01,8.76E-01,9.35E-01,8.91E-01,-10.9000500917748,11.2365910579742,0,2867,416,249,486,281,482,156,532,185,571,169,498,198,4.46,2.65,101,0.561,8.96,20
0.774416565895081,0.906371414661408,1.04117023944855,1.28050565719605,1.29109346866608,1.15565490722656,4.75E-01,6.42E-01,8.72E-01,9.19E-01,7.47E-01,7.76110597831907,21.7660719256465,0,2869,482,132,514,127,489,19.8,552,27.6,583,23.8,518,44.1,1.74,3.8,115,0.0355,8.84,16.4
0,0,0,0,0,0,0.00E+00,0.00E+00,0.00E+00,0.00E+00,0.00E+00,5.44836305966219,7.0525065933572,0,2871,0,0,0,0,0,0,0,0,0,0,0,0,2.54,1.76,124,-0.088,8.44,27.4
0.740389823913574,0,1.0417697429657,1.319251537323,1.26631128787994,1.09469485282898,4.57E-01,6.72E-01,9.27E-01,8.81E-01,7.27E-01,13.6556197871756,13.6840199781365,0,2873,435,279,0,0,368,152,423,139,454,171,408,154,9.86,3.55,122,-0.706,14.1,9.82
0.859852135181427,0,1.03219330310822,1.38906335830688,1.21393442153931,1.08729350566864,5.00E-01,6.70E-01,9.71E-01,8.45E-01,8.30E-01,-8.81893398562217,9.16965099743529,0,2875,388,88.2,0,0,270,61.6,322,39.3,314,20.6,315,63.7,6.49,6.61,123,-0.407,10.3,50
0,0,0,0,0,0,0.00E+00,0.00E+00,0.00E+00,0.00E+00,0.00E+00,-3.88926596272641,14.1548719726938,0,2877,0,0,0,0,0,0,0,0,0,0,0,0,14.2,1.38,117,0.436,12.6,8.46
0.765392303466797,0,1.03401494026184,1.44682836532593,1.31905686855316,1.1187230348587,4.95E-01,6.71E-01,8.90E-01,8.60E-01,8.65E-01,-35.3161739441247,47.3933692552532,0,2879,353,373,0,0,301,270,356,254,368,258,344,271,19.7,9,106,0.309,32.9,48.3
0.806028723716736,0.92324560880661,1.03125095367432,1.35165989398956,0,1.04520738124847,5.45E-01,6.86E-01,1.02E+00,8.24E-01,8.56E-01,19.4646403496164,42.3753069484163,0,2881,345,351,376,391,276,250,326,232,0,0,317,248,6.35,8.9,103,1.65,20.6,21.3
0.881226062774658,0.924784243106842,1.028804063797,1.45950841903687,0,1.0716370344162,5.17E-01,6.38E-01,8.64E-01,1.04E+00,9.42E-01,-1.82273480977072,51.3603493392324,0,2884,222,111,185,157,103,115,150,90.6,0,0,154,107,14.6,10.6,76.6,2.34,47.1,7.41
0,0,0,0,0,0,0.00E+00,0.00E+00,0.00E+00,0.00E+00,0.00E+00,0.481586422480144,12.4805923334354,0,2886,0,0,0,0,0,0,0,0,0,0,0,0,17,12.7,63.1,4.52,9.69,7.5
0.834584772586823,0,1.04390573501587,1.40937721729279,1.32472455501556,1.09518086910248,5.28E-01,6.97E-01,8.94E-01,9.03E-01,8.59E-01,14.3358222864463,22.9779726238465,0,2888,596,505,0,0,432,496,464,453,497,463,458,468,5.83,10.9,49.5,3.85,9.31,55.4
0,0,0,0,0,0,0.00E+00,0.00E+00,0.00E+00,0.00E+00,0.00E+00,-47.6425112699837,68.2319944401422,0,2890,0,0,0,0,0,0,0,0,0,0,0,0,45.8,32.1,34.3,5.41,73,16.2
0,0,0,0,0,0,0.00E+00,0.00E+00,0.00E+00,0.00E+00,0.00E+00,22.211333239277,26.9417090040316,0,2892,0,0,0,0,0,0,0,0,0,0,0,0,34.3,38,47.5,5.03,22.2,53.2
0,0,0,0,0,0,0.00E+00,0.00E+00,0.00E+00,0.00E+00,0.00E+00,-0.164140414284807,12.0031022929619,0,2894,0,0,0,0,0,0,0,0,0,0,0,0,9.81,46.3,66.4,5.04,16.6,44.9
0,0,0,0,0,0,0.00E+00,0.00E+00,0.00E+00,0.00E+00,0.00E+00,10.9239022217175,24.4011053578374,0,2896,0,0,0,0,0,0,0,0,0,0,0,0,10.4,51.2,102,4.7,17.3,8.7
0,0,0,0,0,0,0.00E+00,0.00E+00,0.00E+00,0.00E+00,0.00E+00,-8.43997737873451,13.5416698796576,0,2898,0,0,0,0,0,0,0,0,0,0,0,0,22.1,33.8,145,5.01,24.5,65.3
0,0,0,0,0,0,0.00E+00,0.00E+00,0.00E+00,0.00E+00,0.00E+00,-0.285919825846116,3.78231572437684,0,2900,0,0,0,0,0,0,0,0,0,0,0,0,3.38,22.2,181,4.57,5.57,31.9
0,0,0,0,0,0,0.00E+00,0.00E+00,0.00E+00,0.00E+00,0.00E+00,30.5859756565295,34.845336381468,0,2903,0,0,0,0,0,0,0,0,0,0,0,0,9.45,1.02,245,5.14,19.8,20.5
0,1.1008403301239,1.04947531223297,1.43545782566071,1.22839224338532,1.18905460834503,5.51E-01,6.77E-01,9.20E-01,8.44E-01,1.43E+00,19.4012885402823,36.1701316253029,0,2905,0,0,459,641,587,624,537,658,525,665,544,631,12.9,5.8,294,3.66,34.5,32.3
0,0,0,0,0,0,0.00E+00,0.00E+00,0.00E+00,0.00E+00,0.00E+00,27.2622887872737,28.8995904362468,0,2907,0,0,0,0,0,0,0,0,0,0,0,0,18.7,16.5,311,3.27,22.9,9.12
0,0,0,0,0,0,0.00E+00,0.00E+00,0.00E+00,0.00E+00,0.00E+00,-10.3428952893727,11.3417282866694,0,2909,0,0,0,0,0,0,0,0,0,0,0,0,18.9,23.6,328,1.97,18.3,39
0,0,0,0,0,0,0.00E+00,0.00E+00,0.00E+00,0.00E+00,0.00E+00,14.3065605487935,14.9474182285911,0,2911,0,0,0,0,0,0,0,0,0,0,0,0,2.3,23.7,338,0.0791,7.8,16.6
0,0,0,0,0,0,0.00E+00,0.00E+00,0.00E+00,0.00E+00,0.00E+00,-22.2988370315995,24.8848603219039,0,2913,0,0,0,0,0,0,0,0,0,0,0,0,12.6,28,337,0.613,42.5,22.9
0,0,0,0,0,0,0.00E+00,0.00E+00,0.00E+00,0.00E+00,0.00E+00,12.6255960230924,13.0465058546986,0,2915,0,0,0,0,0,0,0,0,0,0,0,0,8.17,20,305,0.573,7.67,22.3
0,0,0,0,0,0,0.00E+00,0.00E+00,0.00E+00,0.00E+00,0.00E+00,1.9869730608813,3.76978492427467,0,2917,0,0,0,0,0,0,0,0,0,0,0,0,2.93,9.87,276,0.744,6.1,13.6
0,0,0,0,0,0,0.00E+00,0.00E+00,0.00E+00,0.00E+00,0.00E+00,-0.266299054017971,6.6992195078098,0,2919,0,0,0,0,0,0,0,0,0,0,0,0,1.85,14.8,249,0.134,6.68,7.44
0,0.895927608013153,1.05069363117218,1.3238433599472,1.19696033000946,1.22004342079163,5.35E-01,7.74E-01,9.50E-01,9.17E-01,8.90E-01,-18.0719891065331,20.0499058510011,0,2921,0,0,698,133,687,253,645,221,626,167,663,226,12.2,10,216,0.237,23.9,19.9
0,0,0,0,0,0,0.00E+00,0.00E+00,0.00E+00,0.00E+00,0.00E+00,-4.96384157812276,17.5610489337307,0,2924,0,0,0,0,0,0,0,0,0,0,0,0,12.2,15.9,187,1.67,10.9,45.6
0.876954436302185,0,1.04832124710083,1.34677886962891,1.22594475746155,1.20616257190704,5.90E-01,7.22E-01,9.62E-01,8.87E-01,7.97E-01,13.0696213695105,15.2500531232333,0,2926,701,383,0,0,698,520,642,501,609,461,674,496,14.9,14.3,177,1.08,12.2,6.49
0.986147046089172,0.969250500202179,1.03501558303833,1.29523158073425,1.17096292972565,1.3620308637619,6.33E-01,7.14E-01,0.00E+00,1.09E+00,7.22E-01,23.351862841268,24.5469358094386,0,2928,583,500,647,423,666,637,611,610,594,518,633,618,19.4,3.75,174,0.597,16.1,15.5
0.911145329475403,0.92202615737915,1.04468894004822,1.27684342861176,1.15909421443939,1.07457482814789,6.67E-01,7.49E-01,8.74E-01,8.96E-01,8.68E-01,-9.60893140392847,10.9712000455841,0,2930,661,527,625,550,656,632,604,602,572,625,635,596,10.7,14.4,172,1.28,1.69,36.6
0,0,0,0,0,0,0.00E+00,0.00E+00,0.00E+00,0.00E+00,0.00E+00,-7.66635052160714,10.8157440666902,0,2932,0,0,0,0,0,0,0,0,0,0,0,0,13,14.6,165,1.82,18.7,9.25
0,0,0,0,0,0,0.00E+00,0.00E+00,0.00E+00,0.00E+00,0.00E+00,-40.5249617424692,40.709742923342,0,2934,0,0,0,0,0,0,0,0,0,0,0,0,26.7,0.599,157,2.32,32.9,25.3
1.41934430599213,0.919028341770172,0.829844176769257,0,0,1.09929406642914,5.96E-01,7.08E-01,7.94E-01,1.06E+00,1.25E+00,31.2380811232379,50.7323096420729,0,2936,0,0,0,0,0,0,0,0,0,0,0,0,11.1,13.5,144,2.23,45.9,13.7
0,0,0,0,0,0,0.00E+00,0.00E+00,0.00E+00,0.00E+00,0.00E+00,-32.9993728223075,59.0311283762251,0,2938,0,0,0,0,0,0,0,0,0,0,0,0,4.41,28.5,123,2.45,52,14.8
0,0,0,0,0,0,0.00E+00,0.00E+00,0.00E+00,0.00E+00,0.00E+00,5.09415302769668,5.88233537188266,0,2940,0,0,0,0,0,0,0,0,0,0,0,0,18.3,14.8,121,2.44,8.18,4.09
0,0,0,0,0,0,0.00E+00,0.00E+00,0.00E+00,0.00E+00,0.00E+00,-0.624056479181927,1.45895585281381,0,2943,0,0,0,0,0,0,0,0,0,0,0,0,4.49,6.7,103,1.43,4.44,0.399
0,0,0,0,0,0,0.00E+00,0.00E+00,0.00E+00,0.00E+00,0.00E+00,16.485223753874,20.1365313495963,0,2945,0,0,0,0,0,0,0,0,0,0,0,0,5.14,14.8,89,1.83,24.1,12.5
0,0,0,0,0,0,0.00E+00,0.00E+00,0.00E+00,0.00E+00,0.00E+00,-5.41445358419331,9.44618039903469,0,2947,0,0,0,0,0,0,0,0,0,0,0,0,9.41,8.37,84.8,1.35,6.68,4.57
0,0,0,0,0,0,0.00E+00,0.00E+00,0.00E+00,0.00E+00,0.00E+00,5.31341909026027,6.01077366150591,0,2949,0,0,0,0,0,0,0,0,0,0,0,0,3.46,11.7,87.1,0.813,9.87,4.41
0,0,0,0,0,0,0.00E+00,0.00E+00,0.00E+00,0.00E+00,0.00E+00,-0.47257338671102,1.58819749458931,0,2951,0,0,0,0,0,0,0,0,0,0,0,0,6.67,13.1,74.3,0.969,3.19,13
0.856356203556061,0.917874395847321,1.01950514316559,1.19723105430603,1.15170526504517,1.10948359966278,6.47E-01,7.15E-01,9.22E-01,9.14E-01,8.67E-01,-5.10016556654841,6.04790827752258,0,2953,287,667,259,640,177,708,173,648,155,623,198,666,6.02,12.2,75.7,0.97,4.53,25.7
0,0,0,0,0,0,0.00E+00,0.00E+00,0.00E+00,0.00E+00,0.00E+00,0.276015064648837,0.327928730278937,0,2955,0,0,0,0,0,0,0,0,0,0,0,0,4,9.09,70.1,1.17,5.72,14.7
0.914988279342651,0.930180549621582,1.05616784095764,1.17688894271851,1.15059328079224,1.10153591632843,5.98E-01,6.97E-01,9.42E-01,9.03E-01,7.97E-01,-7.9836917611091,10.2104384749738,0,2957,390,386,382,363,261,392,281,337,289,316,287,363,8.68,1.95,59.5,1.17,2.06,29.1
0.924963533878326,0.929391026496887,1.04956316947937,1.18991780281067,1.12860381603241,1.08803343772888,5.89E-01,7.61E-01,9.70E-01,9.22E-01,8.15E-01,-14.4706860757018,20.1764854854476,0,2959,457,386,446,369,318,383,338,332,338,304,344,357,0.259,2.15,53.2,0.458,10.4,13.4
0.917419970035553,0.967741906642914,1.05343127250671,1.22500693798065,1.0603004693985,1.0811448097229,5.78E-01,7.48E-01,1.07E+00,9.19E-01,8.13E-01,2.57526259338746,4.29773356957521,0,2962,511,384,499,375,360,388,378,343,366,323,387,370,1.54,1.86,48.8,0.454,3.79,7.15
0.951835453510284,0.981199860572815,1.05881714820862,1.23068737983704,1.03462111949921,1.10824954509735,5.46E-01,7.56E-01,1.04E+00,9.21E-01,8.27E-01,16.3189437736711,19.6131917252153,0,2964,569,399,573,380,377,390,404,356,420,341,413,379,1.95,4.13,44.4,0.49,9.72,8.26
0.997778177261353,0.94092720746994,1.04991960525513,1.20614886283875,1.00308382511139,1.38058769702911,5.45E-01,7.57E-01,1.05E+00,8.83E-01,8.05E-01,12.5895008679559,15.7176833812926,0,2966,415,396,404,361,213,388,245,363,259,345,267,385,3,1.21,52.2,0.438,8.53,8.79
0.929691135883331,0.961004972457886,1.04609274864197,1.15194380283356,1.01776278018951,1.10338389873505,5.44E-01,7.98E-01,9.86E-01,8.47E-01,8.10E-01,-0.124746042700098,3.65981132911106,0,2968,388,393,373,374,199,395,231,365,245,353,248,384,0.785,2.01,61.5,0.702,8.11,16
0.994804859161377,1.01834857463837,1.05297446250916,1.17260158061981,1.02765417098999,1.15729439258575,5.92E-01,7.87E-01,9.65E-01,8.54E-01,8.21E-01,-7.00957079572707,9.67800436967683,0,2970,366,389,363,376,185,402,209,359,238,351,212,384,0.73,2.41,62.7,0.46,8.59,7.31
0.970511913299561,0.950066566467285,1.06700158119202,1.16469776630402,1.05076372623444,1.05320703983307,5.78E-01,7.88E-01,9.73E-01,8.74E-01,8.54E-01,3.12589946281727,4.72542878495628,0,2972,382,392,384,379,199,397,231,364,244,350,232,384,1.37,0.729,69,0.706,7.48,5.45
0.972870349884033,0.963584899902344,1.05674743652344,1.20583808422089,1.05328178405762,0.991012573242188,5.62E-01,7.61E-01,1.02E+00,9.28E-01,8.64E-01,-2.62004577336571,5.80269095534255,0,2974,419,395,416,381,225,392,265,369,265,353,280,390,1.19,0.888,65.6,0.848,7.29,5.32
0.944649994373322,0.950154960155487,1.03714859485626,1.16195201873779,1.04522788524628,1.29199802875519,5.65E-01,7.58E-01,9.92E-01,8.94E-01,7.79E-01,-2.68662080368521,3.63187409577909,0,2976,446,399,442,367,230,389,266,370,316,359,285,391,3.47,1.63,58.2,1.23,7.92,5.59
0.942039608955383,0.945835769176483,1.08294773101807,1.18219387531281,1.02690184116364,1.42929971218109,5.68E-01,7.63E-01,9.96E-01,8.67E-01,8.61E-01,-15.245473926235,20.2457747855284,0,2978,419,393,410,371,218,386,254,368,291,356,271,387,3.92,0.328,53.6,0.749,12.1,5.14
0.94220358133316,0.964702963829041,1.06200301647186,1.13919138908386,1.03618693351746,1.05166053771973,5.71E-01,7.84E-01,9.89E-01,9.07E-01,8.74E-01,5.48373018134408,8.34922466430688,0,2981,442,398,434,385,256,389,292,372,290,356,307,392,0.734,3.19,38.9,0.594,5.24,11.6
0.994583606719971,0.933685719966888,1.05066430568695,1.1566241979599,1.0355521440506,1.00182616710663,5.74E-01,7.69E-01,1.02E+00,8.69E-01,8.70E-01,-4.0367242454608,8.06970150081583,0,2983,418,396,421,383,220,395,259,371,281,356,272,394,0.533,3.99,26.8,0.236,3.47,18.9
0.942597210407257,0.969800770282745,1.06608414649963,1.13522303104401,1.01259016990662,1.06543207168579,5.61E-01,7.67E-01,9.49E-01,8.82E-01,8.40E-01,4.46557145476741,5.31936065917726,0,2985,445,390,444,382,259,393,295,375,315,357,313,392,7.67,5.23,15.8,-1.09,1.08,32.8
0.929159820079803,0.956661760807037,1.08831977844238,1.13804483413696,1.03656232357025,0.970750570297241,5.66E-01,7.56E-01,9.77E-01,8.70E-01,8.30E-01,-14.0106176436667,18.7564294844581,0,2987,444,396,436,382,256,390,297,372,305,355,310,394,23.2,18.2,11.8,-0.46,21,41.4
0.966680407524109,0.940874636173248,1.07894742488861,1.13942217826843,1.02764463424683,2.05598855018616,5.75E-01,7.99E-01,9.71E-01,8.97E-01,9.15E-01,-16.1466723029321,43.7939485318662,0,2989,434,398,439,385,240,387,274,369,308,358,304,398,25,23.8,18.1,-0.695,54,12.7
0.944580078125,0.934661746025085,1.09270775318146,1.12408840656281,1.02623426914215,0.958775758743286,6.05E-01,8.02E-01,9.62E-01,8.64E-01,8.94E-01,6.5447002054679,42.2287238598289,0,2991,415,391,417,383,224,390,262,368,294,357,277,390,3.23,24.8,25.7,-0.652,51.3,87.5
0.935129284858704,0.900445282459259,1.11234056949615,1.12039256095886,1.02876353263855,1.03045630455017,5.69E-01,7.89E-01,9.71E-01,9.14E-01,7.79E-01,5.49126089535903,6.60180659849916,0,2993,477,395,476,370,268,390,305,374,360,363,318,394,48.5,31.7,45.4,0.138,1.01,56.2
1.01157879829407,0.933275163173676,1.11298501491547,1.14582419395447,1.02600538730621,0.964594125747681,5.77E-01,7.79E-01,1.03E+00,8.94E-01,8.36E-01,-12.7995564422897,21.1406837119807,0,2995,474,396,473,368,274,390,312,374,353,362,324,397,16.2,30,64.5,-0.985,6.5,91.4
0,0,0,0,0,0,0.00E+00,0.00E+00,0.00E+00,0.00E+00,0.00E+00,-23.0148340388616,26.9159088026406,0,2997,0,0,0,0,0,0,0,0,0,0,0,0,15,34.8,87.1,-1.49,30,29.2
0,0,0,0,0,0,0.00E+00,0.00E+00,0.00E+00,0.00E+00,0.00E+00,-7.89126847475471,8.75926969621392,0,2999,0,0,0,0,0,0,0,0,0,0,0,0,10.4,23.1,117,-0.884,10.8,14.5
0,0,0,0,0,0,0.00E+00,0.00E+00,0.00E+00,0.00E+00,0.00E+00,-9.15034032960157,12.2091660879428,0,3002,0,0,0,0,0,0,0,0,0,0,0,0,3.57,15.5,157,0.0983,14.2,19.7
0,0,0,0,0,0,0.00E+00,0.00E+00,0.00E+00,0.00E+00,0.00E+00,-9.80382019138981,17.3749985222558,0,3004,0,0,0,0,0,0,0,0,0,0,0,0,5.3,13.6,184,0.334,8.24,41.3
0,0,0,0,0,0,0.00E+00,0.00E+00,0.00E+00,0.00E+00,0.00E+00,-25.6897886286718,26.2331513301707,0,3006,0,0,0,0,0,0,0,0,0,0,0,0,24.7,27,215,-0.543,31.9,24.9
0.913736879825592,0.920643448829651,1.32449674606323,1.02958059310913,1.17604327201843,1.04192638397217,6.94E-01,8.12E-01,9.83E-01,9.63E-01,8.27E-01,-7.5487528931583,11.8282268325807,0,3008,0,0,0,0,0,0,0,0,0,0,0,0,33.2,31.5,245,-1.29,4.74,39
0.957710802555084,0.956875026226044,1.02632880210876,1.0325118303299,1.08075296878815,1.00602769851685,6.38E-01,8.04E-01,9.58E-01,9.31E-01,9.18E-01,9.4577269697103,10.5983513798555,0,3010,492,559,510,549,485,677,449,635,426,621,463,639,8.92,43.5,263,-0.289,3.71,74.2
0.921671986579895,0.971990466117859,1.05977356433868,1.1140673160553,1.11764276027679,1.23404049873352,6.15E-01,8.76E-01,1.00E+00,9.67E-01,1.30E+00,-15.1909690991215,18.435958538048,0,3012,596,400,563,407,588,538,541,502,508,494,567,500,10.3,37.3,285,-0.378,20.8,43.8
0,0,0,0,0,0,0.00E+00,0.00E+00,0.00E+00,0.00E+00,0.00E+00,-23.2857604955761,30.6994714041833,0,3014,0,0,0,0,0,0,0,0,0,0,0,0,16.2,23.3,309,0.412,29.5,49.4
0,0,0,0,0,0,0.00E+00,0.00E+00,0.00E+00,0.00E+00,0.00E+00,-10.4720535141138,36.4673797137425,0,3016,0,0,0,0,0,0,0,0,0,0,0,0,30.2,25.5,323,0.234,53.6,39.4
0,0,0,0,0,0,0.00E+00,0.00E+00,0.00E+00,0.00E+00,0.00E+00,6.09748995617384,26.1931571465545,0,3018,0,0,0,0,0,0,0,0,0,0,0,0,8.01,18,329,-0.344,32.5,11.5
0,0,0,0,0,0,0.00E+00,0.00E+00,0.00E+00,0.00E+00,0.00E+00,21.4867674339171,24.3397068519983,0,3021,0,0,0,0,0,0,0,0,0,0,0,0,10.3,21.6,359,0.537,13.5,40.2
0,0,0,0,0,0,0.00E+00,0.00E+00,0.00E+00,0.00E+00,0.00E+00,-5.59281576209105,28.9984424369283,0,3023,0,0,0,0,0,0,0,0,0,0,0,0,9.08,17.6,368,-0.473,11.8,31.7
0.898851811885834,0.909909904003143,0,0,0,0,6.02E-01,7.72E-01,9.30E-01,0.00E+00,8.97E-01,-9.1252276592946,59.6864228697838,0,3025,131,666,129,663,0,0,0,0,0,0,0,0,24.4,12,372,0.135,52.8,26.2
0,0,0,0,0,0,0.00E+00,0.00E+00,0.00E+00,0.00E+00,0.00E+00,36.6461430690471,86.8765008223574,0,3027,0,0,0,0,0,0,0,0,0,0,0,0,24,30.5,371,-1.01,83.2,24.2
0,0,0,0,0,0,0.00E+00,0.00E+00,0.00E+00,0.00E+00,0.00E+00,-23.6060095017914,31.5759156898511,0,3029,0,0,0,0,0,0,0,0,0,0,0,0,31.6,21.5,369,0.457,20.4,12.2
0,0,0,0,0,0,0.00E+00,0.00E+00,0.00E+00,0.00E+00,0.00E+00,17.0181962179581,26.1177347527032,0,3031,0,0,0,0,0,0,0,0,0,0,0,0,15.3,42.3,341,1.64,34.3,9.48
1.12221395969391,0.926288485527039,1.07649302482605,0,0,0.915483951568604,5.83E-01,7.39E-01,1.62E+00,8.68E-01,9.77E-01,-5.71079075488871,11.4507450539702,0,3033,0,0,0,0,0,0,0,0,0,0,0,0,32.8,50.6,306,0.374,42.7,111
0,0,0,0,0,0,0.00E+00,0.00E+00,0.00E+00,0.00E+00,0.00E+00,9.68142227152763,14.9320420897518,0,3035,0,0,0,0,0,0,0,0,0,0,0,0,27.1,23.1,270,2.69,5.68,35.2
0,0,0,0,0,0,0.00E+00,0.00E+00,0.00E+00,0.00E+00,0.00E+00,1.44653513375491,13.9338980055961,0,3037,0,0,0,0,0,0,0,0,0,0,0,0,24.1,31.5,213,2.2,18.3,79.4
0,0,0,0,0,0,0.00E+00,0.00E+00,0.00E+00,0.00E+00,0.00E+00,5.98611116525493,43.964168471873,0,3040,0,0,0,0,0,0,0,0,0,0,0,0,32.3,50.5,123,0.904,27.2,81.7
0,0,0,0,0,0,0.00E+00,0.00E+00,0.00E+00,0.00E+00,0.00E+00,-31.9047536578577,49.1990675816016,0,3042,0,0,0,0,0,0,0,0,0,0,0,0,6.19,32.9,119,1.7,39.5,74.5
0,0,0,0,0,0,0.00E+00,0.00E+00,0.00E+00,0.00E+00,0.00E+00,-9.92185112315748,12.891525342224,0,3044,0,0,0,0,0,0,0,0,0,0,0,0,38.5,25.3,138,0.997,7.85,66.6
0,0,0,0,0,0,0.00E+00,0.00E+00,0.00E+00,0.00E+00,0.00E+00,-31.3970659596702,40.2549986314436,0,3046,0,0,0,0,0,0,0,0,0,0,0,0,22.7,11.9,188,0.978,22,18.3
0,0,0,0,0,0,0.00E+00,0.00E+00,0.00E+00,0.00E+00,0.00E+00,3.97581346483704,12.3414876440652,0,3048,0,0,0,0,0,0,0,0,0,0,0,0,30.2,51.6,244,0.349,6.39,42.5
0,0,0,0,0,0,0.00E+00,0.00E+00,0.00E+00,0.00E+00,0.00E+00,-0.369806618559695,0.961412516742528,0,3050,0,0,0,0,0,0,0,0,0,0,0,0,16.2,55.3,252,0.422,11.5,140
0,0,0,0,0,0,0.00E+00,0.00E+00,0.00E+00,0.00E+00,0.00E+00,-32.257552565996,36.7894829186778,0,3052,0,0,0,0,0,0,0,0,0,0,0,0,67.4,87.2,241,-1.18,50.9,49.2
0,0,0,0,0,0,0.00E+00,0.00E+00,0.00E+00,0.00E+00,0.00E+00,3.87721244513339,37.3592287510569,0,3054,0,0,0,0,0,0,0,0,0,0,0,0,81.3,103,223,4.54,11.8,195
0,0,0,0,0,0,0.00E+00,0.00E+00,0.00E+00,0.00E+00,0.00E+00,-36.1189888157194,86.764132386686,0,3056,0,0,0,0,0,0,0,0,0,0,0,0,16.2,106,153,-0.491,60.4,146
0,0,0,0,0,0,0.00E+00,0.00E+00,0.00E+00,0.00E+00,0.00E+00,68.398100067668,69.1556120094169,0,3059,0,0,0,0,0,0,0,0,0,0,0,0,42.8,42.6,75.9,-1.55,53.7,55.7
0,0,0,0,0,0,0.00E+00,0.00E+00,0.00E+00,0.00E+00,0.00E+00,-15.9815494715,16.464676230232,0,3061,0,0,0,0,0,0,0,0,0,0,0,0,10.3,33,146,-0.872,1.13,8.81
0,0,0,0,0,0,0.00E+00,0.00E+00,0.00E+00,0.00E+00,0.00E+00,-58.4285448971871,66.1485252461475,0,3063,0,0,0,0,0,0,0,0,0,0,0,0,28.3,35.1,245,-0.118,54,27.4
0,0,0,0,0,0,0.00E+00,0.00E+00,0.00E+00,0.00E+00,0.00E+00,-5.59119747048102,14.4955914637234,0,3065,0,0,0,0,0,0,0,0,0,0,0,0,26.6,23.7,357,1.68,10.7,80.6
0,0,0,0,0,0,0.00E+00,0.00E+00,0.00E+00,0.00E+00,0.00E+00,1.06137177086038,15.2552732641442,0,3067,0,0,0,0,0,0,0,0,0,0,0,0,28.4,30.6,450,1.82,15.7,56.5
0,0,0,0,0,0,0.00E+00,0.00E+00,0.00E+00,0.00E+00,0.00E+00,54.8985168768044,122.214889556387,0,3069,0,0,0,0,0,0,0,0,0,0,0,0,21.3,28.9,518,2.4,87.7,99.6
0,0,0,0,0,0,0.00E+00,0.00E+00,0.00E+00,0.00E+00,0.00E+00,-4.46145839390397,33.3770235094745,0,3071,0,0,0,0,0,0,0,0,0,0,0,0,56.5,3.1,554,3.3,27.3,35.3
0,0,0,0,0,0,0.00E+00,0.00E+00,0.00E+00,0.00E+00,0.00E+00,-16.4754551460577,54.0328878978513,0,3073,0,0,0,0,0,0,0,0,0,0,0,0,18.1,26.7,559,5.29,40.9,87.8
0,0,0,0,0,0,0.00E+00,0.00E+00,0.00E+00,0.00E+00,0.00E+00,5.38304451201678,12.5463571988309,0,3075,0,0,0,0,0,0,0,0,0,0,0,0,40.8,57,536,5.08,13.3,10.1
0,0,0,0,0,0,0.00E+00,0.00E+00,0.00E+00,0.00E+00,0.00E+00,-6.39133734299001,164.950051006749,0,3077,0,0,0,0,0,0,0,0,0,0,0,0,21.2,47.8,470,4.87,134,107
0,0,0,0,0,0,0.00E+00,0.00E+00,0.00E+00,0.00E+00,0.00E+00,59.9263676566652,60.1912560452555,0,3080,0,0,0,0,0,0,0,0,0,0,0,0,58.1,26.5,368,4.67,44.6,137
0,0,0,0,0,0,0.00E+00,0.00E+00,0.00E+00,0.00E+00,0.00E+00,-18.9025901927327,19.4305348130802,0,3082,0,0,0,0,0,0,0,0,0,0,0,0,12.6,43,285,4.46,27.6,13.8
0,0,0,0,0,0,0.00E+00,0.00E+00,0.00E+00,0.00E+00,0.00E+00,-11.4737234137656,11.968913000285,0,3084,0,0,0,0,0,0,0,0,0,0,0,0,13,52.9,207,4.25,18.3,33.9
0,0,0,0,0,0,0.00E+00,0.00E+00,0.00E+00,0.00E+00,0.00E+00,41.2242868616679,42.3688923379476,0,3086,0,0,0,0,0,0,0,0,0,0,0,0,13.4,34.5,137,4.04,8.63,67.4
0,0,0,0,0,0,0.00E+00,0.00E+00,0.00E+00,0.00E+00,0.00E+00,-38.2919021019579,38.4331029035791,1,3088,0,0,0,0,0,0,0,0,0,0,0,0,12.8,3.99,151,3.84,8.3,37.1
0,0,0,0,0,0,0.00E+00,0.00E+00,0.00E+00,0.00E+00,0.00E+00,-19.309315271245,25.8960118528769,1,3090,0,0,0,0,0,0,0,0,0,0,0,0,19.7,14.1,180,3.63,11.5,41.4
0,0,0,0,0,0,0.00E+00,0.00E+00,0.00E+00,0.00E+00,0.00E+00,112.890782667368,121.296750664421,1,3092,0,0,0,0,0,0,0,0,0,0,0,0,23.6,21.7,236,3.42,40.9,27.7
0,0,0,0,0,0,0.00E+00,0.00E+00,0.00E+00,0.00E+00,0.00E+00,-43.5399833693447,48.7127240300272,1,3094,0,0,0,0,0,0,0,0,0,0,0,0,21.4,33.3,270,3.21,23.6,32.6
0,0,0,0,0,0,0.00E+00,0.00E+00,0.00E+00,0.00E+00,0.00E+00,-23.0073521338664,23.5117325560313,1,3096,0,0,0,0,0,0,0,0,0,0,0,0,7.1,37,296,3,24.9,38.9
0,0,0,0,0,0,0.00E+00,0.00E+00,0.00E+00,0.00E+00,0.00E+00,-3.53594128501246,50.2997009070682,1,3099,0,0,0,0,0,0,0,0,0,0,0,0,16.2,15.5,347,2.8,48.7,31.2
0,0,0,0,0,0,0.00E+00,0.00E+00,0.00E+00,0.00E+00,0.00E+00,20.6696728194416,103.886657396838,1,3101,0,0,0,0,0,0,0,0,0,0,0,0,20,7.5,354,2.59,82.2,20.2
0,0,0,0,0,0,0.00E+00,0.00E+00,0.00E+00,0.00E+00,0.00E+00,16.1399727754094,43.9184795645717,1,3103,0,0,0,0,0,0,0,0,0,0,0,0,30.5,3.01,349,2.38,50.6,70.1
0,0,0,0,0,0,0.00E+00,0.00E+00,0.00E+00,0.00E+00,0.00E+00,-27.5276776668151,34.4571018032043,1,3105,0,0,0,0,0,0,0,0,0,0,0,0,13.2,13.7,338,2.17,18.9,27.1
0,0,0,0,0,0,0.00E+00,0.00E+00,0.00E+00,0.00E+00,0.00E+00,-14.2163200993935,42.8766648544221,1,3107,0,0,0,0,0,0,0,0,0,0,0,0,36,33.7,327,1.97,43.5,91.5
0,0,0,0,0,0,0.00E+00,0.00E+00,0.00E+00,0.00E+00,0.00E+00,32.5550749203821,116.281014896679,1,3109,0,0,0,0,0,0,0,0,0,0,0,0,37.4,21.9,292,5.4,139,83.4
0,0,0,0,0,0,0.00E+00,0.00E+00,0.00E+00,0.00E+00,0.00E+00,-18.6626159652966,137.233992377023,1,3111,0,0,0,0,0,0,0,0,0,0,0,0,35.2,22.8,258,5.43,133,96.2
0,0,0,0,0,0,0.00E+00,0.00E+00,0.00E+00,0.00E+00,0.00E+00,-11.1985119861193,17.927926716371,1,3113,0,0,0,0,0,0,0,0,0,0,0,0,37.3,53.7,224,5.47,27.1,68.9
0,0,0,0,0,0,0.00E+00,0.00E+00,0.00E+00,0.00E+00,0.00E+00,18.5438051996412,28.7297033883883,1,3115,0,0,0,0,0,0,0,0,0,0,0,0,15.1,24.7,173,5.5,9.85,64.8
0,0,0,0,0,0,0.00E+00,0.00E+00,0.00E+00,0.00E+00,0.00E+00,-0.966080001274959,2.45920839540845,1,3118,0,0,0,0,0,0,0,0,0,0,0,0,11.8,16.3,107,5.4,20,40.1
0,0,0,0,0,0,0.00E+00,0.00E+00,0.00E+00,0.00E+00,0.00E+00,-40.1993685797505,42.9136580349141,1,3120,0,0,0,0,0,0,0,0,0,0,0,0,12.5,19.7,65.5,5.3,18.2,23.9
0,0,0,0,0,0,0.00E+00,0.00E+00,0.00E+00,0.00E+00,0.00E+00,-18.4723422537412,20.5837315198456,1,3122,0,0,0,0,0,0,0,0,0,0,0,0,28.8,19.1,21.7,5.19,24.8,51.1
0,0,0,0,0,0,0.00E+00,0.00E+00,0.00E+00,0.00E+00,0.00E+00,116.684557058942,117.246747428144,1,3124,0,0,0,0,0,0,0,0,0,0,0,0,25.7,8.65,43,5.09,107,42
0,0,0,0,0,0,0.00E+00,0.00E+00,0.00E+00,0.00E+00,0.00E+00,3.26620139202,12.6214265219915,1,3126,0,0,0,0,0,0,0,0,0,0,0,0,42.2,4.97,85.6,4.99,14.3,227
0,0,0,0,0,0,0.00E+00,0.00E+00,0.00E+00,0.00E+00,0.00E+00,-21.0749805297742,27.4779310179723,1,3128,0,0,0,0,0,0,0,0,0,0,0,0,61.2,6.87,138,4.89,24,31.5
0,0,0,0,0,0,0.00E+00,0.00E+00,0.00E+00,0.00E+00,0.00E+00,-62.6657202551199,79.1194263525318,1,3130,0,0,0,0,0,0,0,0,0,0,0,0,61,38.1,168,4.78,46.7,186
0,0,0,0,0,0,0.00E+00,0.00E+00,0.00E+00,0.00E+00,0.00E+00,-62.7131039360611,63.7493896159938,1,3132,0,0,0,0,0,0,0,0,0,0,0,0,11.2,50.5,181,4.85,15.8,37.1
0,0,0,0,0,0,0.00E+00,0.00E+00,0.00E+00,0.00E+00,0.00E+00,27.8082448813081,28.5569012920963,1,3134,0,0,0,0,0,0,0,0,0,0,0,0,6.38,56.1,210,4.92,21,42
0,0,0,0,0,0,0.00E+00,0.00E+00,0.00E+00,0.00E+00,0.00E+00,22.5239295226934,22.5395381123749,1,3137,0,0,0,0,0,0,0,0,0,0,0,0,40.2,26.2,233,4.99,3.2,25.5
0,0,0,0,0,0,0.00E+00,0.00E+00,0.00E+00,0.00E+00,0.00E+00,-40.3854995899902,41.8987714320495,1,3139,0,0,0,0,0,0,0,0,0,0,0,0,22.5,39.8,236,5.05,11.8,85
0,0,0,0,0,0,0.00E+00,0.00E+00,0.00E+00,0.00E+00,0.00E+00,55.3976621871676,55.7451517612813,1,3141,0,0,0,0,0,0,0,0,0,0,0,0,10.8,49.1,232,5.12,53.2,11.5
0,0,0,0,0,0,0.00E+00,0.00E+00,0.00E+00,0.00E+00,0.00E+00,2.34284106056304,13.2079795830248,1,3143,0,0,0,0,0,0,0,0,0,0,0,0,19.9,47.4,228,5.19,13.2,14.7
0,0,0,0,0,0,0.00E+00,0.00E+00,0.00E+00,0.00E+00,0.00E+00,18.424689050883,19.2732079903608,1,3145,0,0,0,0,0,0,0,0,0,0,0,0,7.06,36.6,214,5.26,6.33,25.3
0,0,0,0,0,0,0.00E+00,0.00E+00,0.00E+00,0.00E+00,0.00E+00,1.77476765563373,20.1464392483122,1,3147,0,0,0,0,0,0,0,0,0,0,0,0,14.9,17,176,5.32,30.6,20.8
0,0,0,0,0,0,0.00E+00,0.00E+00,0.00E+00,0.00E+00,0.00E+00,25.7194220944802,26.2602655199227,0,3149,0,0,0,0,0,0,0,0,0,0,0,0,17,9.61,160,5.39,18,68
0,0,0,0,0,0,0.00E+00,0.00E+00,0.00E+00,0.00E+00,0.00E+00,-40.6025697402906,41.8516614327977,0,3151,0,0,0,0,0,0,0,0,0,0,0,0,14.3,4.09,94.8,0.401,22.9,21.3
0,0,0,0,0,0,0.00E+00,0.00E+00,0.00E+00,0.00E+00,0.00E+00,-9.75076107698021,10.7926958981724,0,3153,0,0,0,0,0,0,0,0,0,0,0,0,16.8,5.31,29.9,0.65,31.1,61.1
0,0,0,0,0,0,0.00E+00,0.00E+00,0.00E+00,0.00E+00,0.00E+00,11.0150108509685,22.5564355657723,0,3155,0,0,0,0,0,0,0,0,0,0,0,0,29.2,13.8,21.1,1.47,41.2,28.5
0,0,0,0,0,0,0.00E+00,0.00E+00,0.00E+00,0.00E+00,0.00E+00,-1.69557230694749,1.80133425265622,0,3158,0,0,0,0,0,0,0,0,0,0,0,0,13,30.4,102,1.01,12.5,32.9
0,0,0,0,0,0,0.00E+00,0.00E+00,0.00E+00,0.00E+00,0.00E+00,-5.26927284393197,17.2915093370139,0,3160,0,0,0,0,0,0,0,0,0,0,0,0,8.96,33.7,155,0.574,2.11,9.56
0,0,0,0,0,0,0.00E+00,0.00E+00,0.00E+00,0.00E+00,0.00E+00,-8.67827839262742,11.14813298108,0,3162,0,0,0,0,0,0,0,0,0,0,0,0,7.41,30.1,194,2.3,10.1,42.6
0,0,0,0,0,0,0.00E+00,0.00E+00,0.00E+00,0.00E+00,0.00E+00,26.9861773846157,30.5501539906412,0,3164,0,0,0,0,0,0,0,0,0,0,0,0,2.72,19.4,233,0.338,27.8,3.18
0,0,0,0,0,0,0.00E+00,0.00E+00,0.00E+00,0.00E+00,0.00E+00,-2.70131329927891,3.48325995319849,0,3166,0,0,0,0,0,0,0,0,0,0,0,0,2.12,2.36,243,0.838,5.59,9.99
0.922099530696869,0.93845134973526,1.05992007255554,1.20379662513733,1.08985197544098,1.18125855922699,6.12E-01,6.92E-01,8.91E-01,9.75E-01,7.86E-01,-19.2023206897136,19.4887924306406,0,3168,428,558,422,548,320,646,313,600,319,565,334,622,19.8,4.25,262,-1.06,20.9,22.5
0,0,0,0,0,0,0.00E+00,0.00E+00,0.00E+00,0.00E+00,0.00E+00,15.9278222054176,22.8188191927527,0,3170,0,0,0,0,0,0,0,0,0,0,0,0,6.47,11.1,257,0.845,32,53.3
0.914358556270599,0,1.03793632984161,1.39247572422028,1.07691252231598,1.30152463912964,5.84E-01,6.84E-01,8.98E-01,8.37E-01,8.00E-01,3.29784476946954,10.8360969282699,0,3172,385,388,0,0,299,494,287,433,299,418,305,461,16.7,8.45,239,0.817,3.96,32.6
0,0,0,0,0,0,0.00E+00,0.00E+00,0.00E+00,0.00E+00,0.00E+00,11.7104899859761,11.8654676670468,0,3174,0,0,0,0,0,0,0,0,0,0,0,0,7.55,2.86,239,0.756,7.95,13.4
1.70777475833893,1.14466297626495,0,1.16755318641663,1.81699883937836,1.1144802570343,0.00E+00,1.20E+00,1.02E+00,0.00E+00,0.00E+00,3.06581933786615,12.0170051283079,0,3177,0,0,0,0,0,0,0,0,0,0,0,0,10.9,7.48,211,-0.178,9.14,18.7
0.89498907327652,0.966376066207886,1.06875443458557,1.07828259468079,1.12615668773651,1.12809860706329,6.38E-01,7.41E-01,8.40E-01,9.03E-01,1.01E+00,23.5052948264076,28.0205162322056,0,3179,370,731,385,741,390,576,439,597,448,616,423,594,9.38,20.3,199,0.194,13.9,19.9
0,0,0,0,0,0,0.00E+00,0.00E+00,0.00E+00,0.00E+00,0.00E+00,10.0631061183983,23.6353550213729,0,3181,0,0,0,0,0,0,0,0,0,0,0,0,0.768,11.4,171,0.431,4.42,14.5
0.859373211860657,0,1.04791164398193,1.09808576107025,1.08521556854248,1.31632924079895,5.22E-01,6.65E-01,9.02E-01,9.17E-01,7.87E-01,0.120394690568959,3.57700935577993,0,3183,278,361,0,0,349,243,386,279,397,295,359,277,4.31,8.86,152,0.314,13.3,22.2
0.870392382144928,0.913128674030304,1.06753373146057,1.06765639781952,1.09010767936707,1.10460317134857,5.08E-01,6.67E-01,9.06E-01,9.05E-01,8.32E-01,-29.6587994481125,43.5089754595855,0,3185,303,395,330,404,356,278,399,308,409,312,375,315,9.86,5,143,0.21,36.5,7.19
0,0,0,0,0,0,0.00E+00,0.00E+00,0.00E+00,0.00E+00,0.00E+00,-7.19179506454871,9.02227407134198,0,3187,0,0,0,0,0,0,0,0,0,0,0,0,11.2,6.17,118,0.527,24.1,19.7
0,0,0,0,0,0,0.00E+00,0.00E+00,0.00E+00,0.00E+00,0.00E+00,11.0508718492431,12.7554351203884,0,3189,0,0,0,0,0,0,0,0,0,0,0,0,19,4.96,114,3.25,36.5,23.1
0,0,0,0,0,0,0.00E+00,0.00E+00,0.00E+00,0.00E+00,0.00E+00,18.2982017398947,41.089518568664,0,3191,0,0,0,0,0,0,0,0,0,0,0,0,23.2,6.61,104,1.08,11.4,56.7
0,0,0,0,0,0,0.00E+00,0.00E+00,0.00E+00,0.00E+00,0.00E+00,-1.03171441722535,15.193657630902,0,3193,0,0,0,0,0,0,0,0,0,0,0,0,13.4,8.05,89.9,2.37,14.6,16.8
0.801652371883392,0.968965530395508,1.06327295303345,1.08407998085022,1.08178687095642,1.09205448627472,5.05E-01,6.69E-01,8.56E-01,9.54E-01,8.02E-01,10.0954779946885,22.293744533547,0,3196,191,283,208,243,89.4,199,136,173,138,165,138,197,5.44,6.27,77.4,1.16,25.7,5.03
0,0,0,0,0,0,0.00E+00,0.00E+00,0.00E+00,0.00E+00,0.00E+00,9.09157262228512,9.86579451845728,0,3198,0,0,0,0,0,0,0,0,0,0,0,0,11.1,5.29,78.9,2.2,12.7,18.9
0,0,0,0,0,0,0.00E+00,0.00E+00,0.00E+00,0.00E+00,0.00E+00,-1.0641891670007,9.0991620607134,0,3200,0,0,0,0,0,0,0,0,0,0,0,0,8.6,11.6,72.5,1.49,2.24,11.2
0,0,0,0,0,0,0.00E+00,0.00E+00,0.00E+00,0.00E+00,0.00E+00,-0.609194103695075,3.6709039015246,0,3202,0,0,0,0,0,0,0,0,0,0,0,0,6.69,5.82,59.5,2.33,8.2,24.4
0.812146186828613,0,1.08024203777313,1.22843337059021,1.12358450889587,1.23794257640839,5.30E-01,7.08E-01,8.93E-01,9.61E-01,9.01E-01,4.57481709244194,4.7090517475592,0,3204,206,422,0,0,276,310,300,359,317,411,283,346,2.33,7,58.8,2.28,11.5,13.1
0.90117734670639,0.944444417953491,1.03442573547363,1.19421660900116,1.14561235904694,1.39795255661011,6.17E-01,7.54E-01,8.96E-01,7.34E-01,8.40E-01,-1.37090229574013,4.85842664859851,0,3206,271,732,231,758,265,623,298,671,313,642,271,668,2.46,8.18,49,3.13,4.67,31.8
0.788768589496613,0,1.05113935470581,1.2158271074295,1.1237405538559,1.2755184173584,6.19E-01,7.41E-01,8.52E-01,8.42E-01,8.87E-01,30.0811900432174,32.3196041940598,0,3208,144,466,0,0,251,394,274,452,228,502,257,429,13.9,10.7,38.3,4.18,14.4,44.6
0,0,0,0,0,0,0.00E+00,0.00E+00,0.00E+00,0.00E+00,0.00E+00,-28.1087994456391,28.6675620810457,0,3210,0,0,0,0,0,0,0,0,0,0,0,0,9.99,3.42,37.7,3.2,51.4,23.2
0.803780198097229,0.982142865657806,1.04365563392639,1.20596432685852,1.17295432090759,1.20429909229279,4.84E-01,6.95E-01,8.91E-01,9.05E-01,8.52E-01,-1.98659435952126,5.4089919391012,0,3212,568,262,574,267,629,174,655,221,677,228,628,214,17.3,6.6,40.5,3.06,10.1,23.9
0.759064972400665,0.930512249469757,1.02483284473419,1.2489058971405,1.15909814834595,1.16411054134369,4.53E-01,6.58E-01,8.99E-01,9.09E-01,8.64E-01,39.1305956428761,42.1390779903635,0,3215,590,217,610,252,686,140,703,191,706,211,686,181,5.09,12.2,47.2,2.34,17.1,15.6
0,0,0,0,0,0,0.00E+00,0.00E+00,0.00E+00,0.00E+00,0.00E+00,-199.127851631881,207.099622596114,0,3217,0,0,0,0,0,0,0,0,0,0,0,0,60.5,38.2,57.4,1.62,204,263
0,0,0,0,0,0,0.00E+00,0.00E+00,0.00E+00,0.00E+00,0.00E+00,-22.2516197011044,141.350983605478,0,3219,0,0,0,0,0,0,0,0,0,0,0,0,37.5,30,39.3,0.901,151,75.5
0,0,0,0,0,0,0.00E+00,0.00E+00,0.00E+00,0.00E+00,0.00E+00,-90.892890739205,91.0855048057509,0,3221,0,0,0,0,0,0,0,0,0,0,0,0,57.5,22.9,36.8,2.17,44.9,278
0,0,0,0,0,0,0.00E+00,0.00E+00,0.00E+00,0.00E+00,0.00E+00,-58.0326743941465,68.2996330404623,0,3223,0,0,0,0,0,0,0,0,0,0,0,0,12.1,34.7,19.8,4.11,56.4,79.9
0.791912019252777,0.96146148443222,1.03605258464813,1.50176656246185,0,1.11175060272217,5.90E-01,1.23E+00,8.19E-01,8.91E-01,9.02E-01,-2.71601929866225,6.377669812355,0,3225,367,240,388,167,420,150,454,201,0,0,424,196,28.2,33,15.9,4.19,16.4,29
0,0,0,0,0,0,0.00E+00,0.00E+00,0.00E+00,0.00E+00,0.00E+00,-40.4947960607462,224.868443064132,0,3227,0,0,0,0,0,0,0,0,0,0,0,0,7.68,36.3,45.5,4.28,44.9,17
0,0,0,0,0,0,0.00E+00,0.00E+00,0.00E+00,0.00E+00,0.00E+00,-4.00057788677954,11.5802723904105,0,3229,0,0,0,0,0,0,0,0,0,0,0,0,2.22,58.8,90.7,1.11,6,92.8
0,0,0,0,0,0,0.00E+00,0.00E+00,0.00E+00,0.00E+00,0.00E+00,0.63370590928065,9.23606770626254,0,3231,0,0,0,0,0,0,0,0,0,0,0,0,15.8,20.7,137,1.71,17.6,59.3
0,0,0,0,0,0,0.00E+00,0.00E+00,0.00E+00,0.00E+00,0.00E+00,-30.8452163379748,121.847407182669,0,3234,0,0,0,0,0,0,0,0,0,0,0,0,12,26.5,192,3.56,41.4,81.2
0,0,0,0,0,0,0.00E+00,0.00E+00,0.00E+00,0.00E+00,0.00E+00,-1.4081013427009,67.6278513134297,0,3236,0,0,0,0,0,0,0,0,0,0,0,0,38.9,42.5,197,5.11,35.1,44.6
0,0,0,0,0,0,0.00E+00,0.00E+00,0.00E+00,0.00E+00,0.00E+00,-0.203012135773567,36.027235199998,0,3238,0,0,0,0,0,0,0,0,0,0,0,0,28.4,41.7,231,5.17,24.8,71.9
0,0,0,0,0,0,0.00E+00,0.00E+00,0.00E+00,0.00E+00,0.00E+00,-4.6687319495401,49.80616534011,0,3240,0,0,0,0,0,0,0,0,0,0,0,0,20.4,53.2,236,5.46,14.7,83.4
0,0,0,0,0,0,0.00E+00,0.00E+00,0.00E+00,0.00E+00,0.00E+00,0.017393991901956,17.3695930576587,0,3242,0,0,0,0,0,0,0,0,0,0,0,0,18.6,25.3,202,4.8,5.52,72.2
0,0,0,0,0,0,0.00E+00,0.00E+00,0.00E+00,0.00E+00,0.00E+00,-1.20482308350737,14.0360367000918,0,3244,0,0,0,0,0,0,0,0,0,0,0,0,41.3,23,197,4.67,11.8,70.2
0,0,0,0,0,0,0.00E+00,0.00E+00,0.00E+00,0.00E+00,0.00E+00,-2.78607883213457,62.3720193767297,0,3246,0,0,0,0,0,0,0,0,0,0,0,0,20.2,39,160,4.55,41.7,82.2
0,0,0,0,0,0,0.00E+00,0.00E+00,0.00E+00,0.00E+00,0.00E+00,-0.550188249134063,24.3844296810128,0,3248,0,0,0,0,0,0,0,0,0,0,0,0,14.7,41.7,87.4,4.73,17.4,36.2
0,0,0,0,0,0,0.00E+00,0.00E+00,0.00E+00,0.00E+00,0.00E+00,-0.242099729071212,6.64497268015317,0,3250,0,0,0,0,0,0,0,0,0,0,0,0,15.3,27.1,88.2,3.7,21.4,20.6
0,0,0,0,0,0,0.00E+00,0.00E+00,0.00E+00,0.00E+00,0.00E+00,-1.11648447464128,14.4338252323139,0,3252,0,0,0,0,0,0,0,0,0,0,0,0,12.6,10.4,60.8,2.68,13.6,26.8
0,0,0,0,0,0,0.00E+00,0.00E+00,0.00E+00,0.00E+00,0.00E+00,12.3480620996566,27.5551551945484,0,3255,0,0,0,0,0,0,0,0,0,0,0,0,16.6,15.4,56.8,4.11,32.1,17.7
0.953669369220734,1.25547444820404,1.0692310333252,1.73430180549622,1.41807639598846,1.31298339366913,6.53E-01,7.32E-01,1.04E+00,1.04E+00,9.64E-01,1.04445372536242,28.4801801962967,0,3257,125,496,212,495,126,609,96.2,567,72,560,119,552,16.1,25.9,77.1,3.36,5.5,87.6
0.894616842269897,0.958469450473785,1.0745165348053,1.91866374015808,1.55427181720734,1.12900710105896,6.65E-01,6.69E-01,9.08E-01,9.02E-01,7.44E-01,-0.099878399747913,27.5325601087687,0,3259,566,127,537,92.8,489,234,457,185,446,147,486,203,22,10.4,52.9,3.94,14.5,4.94
0.929764330387116,0.981693387031555,1.07703244686127,1.95218777656555,1.42503392696381,1.25531554222107,6.55E-01,7.35E-01,9.38E-01,9.08E-01,9.07E-01,-10.3373179808989,19.3041227947476,0,3261,518,333,504,272,410,422,394,369,376,293,416,389,23.2,8,69.1,4.33,7.63,66.7
0.951280236244202,0,0,1.58184957504272,1.34836089611053,1.11859738826752,7.18E-01,7.47E-01,9.66E-01,9.43E-01,8.03E-01,-33.4880320712825,62.1607229405261,0,3263,95.7,590,0,0,0,0,64.7,658,33.9,653,97.9,663,12.8,20.8,107,4.41,33.4,17.9
0,0,0,0,0,0,0.00E+00,0.00E+00,0.00E+00,0.00E+00,0.00E+00,-3.26341512987802,18.9964434565111,0,3265,0,0,0,0,0,0,0,0,0,0,0,0,9.26,27,120,4.44,26,8.43
0,0,0,0,0,0,0.00E+00,0.00E+00,0.00E+00,0.00E+00,0.00E+00,10.1541783570277,33.8059141805774,0,3267,0,0,0,0,0,0,0,0,0,0,0,0,3.23,26.8,139,4.99,20,3.74
0,0,0,0,0,0,0.00E+00,0.00E+00,0.00E+00,0.00E+00,0.00E+00,-32.6727166949575,43.9403480902795,1,3269,0,0,0,0,0,0,0,0,0,0,0,0,8.28,16.9,143,4.69,22.1,45.7
0.864415049552918,0.979924738407135,1.03912842273712,1.68694198131561,1.33768391609192,1.14704823493958,6.30E-01,7.41E-01,9.08E-01,9.34E-01,8.22E-01,2.99712029360394,4.64252481020174,1,3271,201,526,184,508,140,639,104,591,83.8,572,134,596,13.9,9.02,140,4.62,12.7,38.1
0,0,0,0,0,0,0.00E+00,0.00E+00,0.00E+00,0.00E+00,0.00E+00,-4.48814701460859,11.3221253101451,1,3274,0,0,0,0,0,0,0,0,0,0,0,0,13,17.8,105,4.56,10.5,30.5
0,0,0,0,0,0,0.00E+00,0.00E+00,0.00E+00,0.00E+00,0.00E+00,6.53899848523536,64.5665894623486,1,3276,0,0,0,0,0,0,0,0,0,0,0,0,7.21,21.2,69.2,3.84,8.03,23.8
0,0,0,0,0,0,0.00E+00,0.00E+00,0.00E+00,0.00E+00,0.00E+00,-4.72682631118397,13.2315380662524,1,3278,0,0,0,0,0,0,0,0,0,0,0,0,14.2,16,43,0.754,6.88,57
0,0,0,0,0,0,0.00E+00,0.00E+00,0.00E+00,0.00E+00,0.00E+00,-4.84175076091507,22.3770244396664,1,3280,0,0,0,0,0,0,0,0,0,0,0,0,10.7,19.6,21.7,0.798,61.5,99
0,0,0,0,0,0,0.00E+00,0.00E+00,0.00E+00,0.00E+00,0.00E+00,-1.61535857343951,13.0232737530916,1,3282,0,0,0,0,0,0,0,0,0,0,0,0,29.2,11.5,42,1.45,7.22,16.3
0,0,0,0,0,0,0.00E+00,0.00E+00,0.00E+00,0.00E+00,0.00E+00,-6.20841538062719,13.2560598797731,1,3284,0,0,0,0,0,0,0,0,0,0,0,0,5.66,11.3,62.8,1.23,23.3,64.2
0,0,0,0,0,0,0.00E+00,0.00E+00,0.00E+00,0.00E+00,0.00E+00,0.305263472469897,0.483737955958201,1,3286,0,0,0,0,0,0,0,0,0,0,0,0,15.2,14.9,72.7,1.65,3.55,32.2
0,0,0,0,0,0,0.00E+00,0.00E+00,0.00E+00,0.00E+00,0.00E+00,-6.64906466453625,11.1230988342769,1,3288,0,0,0,0,0,0,0,0,0,0,0,0,2.34,9,86.2,1.47,11.6,17.9
0,0,0,0,0,0,0.00E+00,0.00E+00,0.00E+00,0.00E+00,0.00E+00,-0.297699445710063,2.19510423224821,1,3290,0,0,0,0,0,0,0,0,0,0,0,0,2.1,7.78,92.7,1.44,6.33,17.4
0,0,0,0,0,0,0.00E+00,0.00E+00,0.00E+00,0.00E+00,0.00E+00,-4.45072937621274,4.89513786118087,1,3293,0,0,0,0,0,0,0,0,0,0,0,0,3.56,7.06,88.8,1.12,6.52,2.36
0,0,0,0,0,0,0.00E+00,0.00E+00,0.00E+00,0.00E+00,0.00E+00,-8.83082258346539,10.1120063851216,1,3295,0,0,0,0,0,0,0,0,0,0,0,0,4.56,10.3,95.4,1.47,7.74,9.95
0,0,0,0,0,0,0.00E+00,0.00E+00,0.00E+00,0.00E+00,0.00E+00,-5.0384168909996,5.57153801639674,1,3297,0,0,0,0,0,0,0,0,0,0,0,0,2.87,6,94.6,1.14,3.1,6.12
0,0,0,0,0,0,0.00E+00,0.00E+00,0.00E+00,0.00E+00,0.00E+00,-0.191314649933171,0.41635388618106,1,3299,0,0,0,0,0,0,0,0,0,0,0,0,1.18,8.43,81.3,1.2,1.97,4.66
0.790382981300354,0.825102865695953,1.09647583961487,1.8403627872467,1.36195552349091,2.41021776199341,6.24E-01,7.05E-01,8.23E-01,8.18E-01,8.14E-01,5.77168312673046,6.78595327136458,1,3301,0,0,0,0,0,0,0,0,0,0,0,0,2.4,2.86,72.3,1.16,5.15,9.46
0.782297670841217,0.894302248954773,1.09804689884186,2.00363755226135,1.4060492515564,1.14332818984985,5.65E-01,6.82E-01,8.38E-01,8.58E-01,6.86E-01,8.61776350887296,9.88000835545216,1,3303,564,131,550,169,635,267,587,257,560,272,612,235,4.01,2.04,60.1,1.11,10.2,13.2
0.791195511817932,0.346690684556961,1.06848633289337,1.87007343769074,1.3144143819809,1.23940813541412,5.22E-01,6.77E-01,8.46E-01,8.77E-01,7.26E-01,-6.90262984506973,8.53215615193422,1,3305,500,201,530,248,584,319,534,318,492,310,557,300,2.42,2.19,39.6,1.09,11.3,16.4
0.807430505752564,0,1.09413075447083,1.66956496238709,1.41383576393127,1.18253433704376,6.06E-01,6.85E-01,9.11E-01,9.94E-01,8.84E-01,-1.65828748867,2.62489076887151,1,3307,546,263,0,0,589,431,541,416,512,366,564,417,6.58,2.99,35.3,0.857,0.603,0.727
0,0,0,0,0,0,0.00E+00,0.00E+00,0.00E+00,0.00E+00,0.00E+00,3.53733407498633,4.67388952947248,1,3309,0,0,0,0,0,0,0,0,0,0,0,0,3.43,2.22,31.8,1.13,3.09,10.5
0.80424439907074,0.948870658874512,1.07834029197693,1.85037446022034,1.40477311611176,1.34547877311707,6.27E-01,6.99E-01,8.83E-01,9.04E-01,7.65E-01,5.44808862971959,6.12871441570299,1,3312,546,207,541,229,625,332,575,327,546,346,597,307,0.346,4.72,37.5,1.16,4.79,1.87
0.803449034690857,0.88775509595871,1.07403922080994,1.69369220733643,1.35382282733917,1.19472467899323,4.96E-01,7.01E-01,8.99E-01,8.88E-01,7.78E-01,-7.60058547588825,8.27389983120951,1,3314,473,192,460,194,546,286,492,295,465,292,509,272,1.04,4.16,44.1,1.05,8.06,4.74
0.863085031509399,0.97386759519577,1.05461204051971,1.73107898235321,1.33042550086975,1.26783621311188,5.52E-01,7.17E-01,8.58E-01,8.25E-01,7.38E-01,1.7561437608504,3.20128390471777,1,3316,362,82.5,358,86.2,441,171,387,191,377,206,403,163,1.68,2.33,54.4,1.02,4.86,8.56
0.922608554363251,0.867886185646057,1.05568528175354,1.62546014785767,1.3088071346283,1.25395584106445,6.83E-01,6.90E-01,8.78E-01,8.86E-01,1.07E+00,0.101886191823096,0.244252218668366,1,3318,386,396,434,376,512,447,456,460,445,486,469,434,5.11,2.61,44.4,1.02,3.51,3.02
0.829218149185181,0.765151500701904,1.09396290779114,1.69881629943848,1.30798780918121,1.29805541038513,5.72E-01,7.01E-01,9.18E-01,9.29E-01,7.74E-01,9.11468297525486,10.0007482787015,1,3320,534,429,456,475,590,570,537,564,503,537,561,547,5.64,3.25,45.4,0.702,3.31,9.48
0.85303807258606,0.928888916969299,1.11278402805328,1.78997468948364,1.37275063991547,1.27663278579712,5.97E-01,7.11E-01,9.07E-01,8.93E-01,7.51E-01,-3.99597766821783,4.63602869312086,1,3322,524,399,496,417,602,528,548,526,522,515,571,507,3.68,7.52,37.7,0.449,6.92,16.4
0.889144897460938,0.877040803432465,1.10119700431824,1.82469570636749,1.29323518276215,1.24722218513489,6.29E-01,7.14E-01,9.14E-01,9.20E-01,7.20E-01,2.97345354446053,3.13248402158964,1,3324,492,353,482,365,600,467,551,473,521,483,569,449,5.11,5.48,32.7,-0.306,7.12,7.75
0.835291087627411,0.927286386489868,1.11263871192932,1.74415326118469,1.37980353832245,1.31428897380829,5.34E-01,6.83E-01,9.11E-01,9.17E-01,7.35E-01,-12.911600713833,13.2273858257216,1,3326,479,348,443,379,576,447,523,457,488,461,537,432,5.32,4.57,31.2,-0.178,14.3,20.7
0.903569221496582,0.933563411235809,1.0912766456604,1.70420944690704,1.32212114334106,1.40123605728149,6.47E-01,6.85E-01,9.15E-01,1.03E+00,8.07E-01,7.00281988249619,7.36552459511496,1,3328,347,374,383,340,478,400,427,421,411,428,441,396,1.93,4.97,23.6,-0.373,8.36,4.53
0.823563933372498,0,1.1036057472229,1.68134665489197,1.38691139221191,1.54097652435303,5.72E-01,6.56E-01,8.95E-01,9.04E-01,7.48E-01,-0.531559442733389,0.780016199925097,0,3330,345,159,0,0,383,294,330,297,307,281,354,285,9.12,5.73,27,-1.63,10,18
0.881688475608826,0.917142868041992,1.06275475025177,1.61504936218262,1.34499454498291,1.33607280254364,6.14E-01,6.44E-01,8.87E-01,9.20E-01,9.56E-01,15.6267033938088,15.8519478554267,0,3333,338,150,317,142,385,293,329,301,298,262,358,298,8.97,8.57,29.1,-1.51,13.4,13.1
0.934870302677155,0.92948716878891,1.07580018043518,1.63677442073822,1.22124290466309,1.41649901866913,6.35E-01,7.57E-01,9.10E-01,9.10E-01,8.62E-01,3.50373056678412,7.14936556368073,0,3335,409,442,377,467,494,535,439,551,418,561,462,530,9.16,11.8,31.4,-2.36,8.72,13.5
0,0,0,0,0.679245293140411,0,0.00E+00,0.00E+00,0.00E+00,0.00E+00,0.00E+00,-10.5677607085428,18.1679060637838,0,3337,0,0,0,0,0,0,0,0,0,0,0,0,3.81,17.9,38.1,-3.12,8.06,16.7
0,0,0,0,0,0,0.00E+00,0.00E+00,0.00E+00,0.00E+00,0.00E+00,37.7891875918707,38.7712602942832,0,3339,0,0,0,0,0,0,0,0,0,0,0,0,11.8,18.9,49.6,-3.01,35.1,26.4
0,0,0,0,0,0,0.00E+00,0.00E+00,0.00E+00,0.00E+00,0.00E+00,11.6107184220518,21.1414716265787,0,3341,0,0,0,0,0,0,0,0,0,0,0,0,27.1,22.5,57.2,-3.1,28.6,32
0,0,0,0,0,0,0.00E+00,0.00E+00,0.00E+00,0.00E+00,0.00E+00,-11.5671643709524,15.0320947412519,0,3343,0,0,0,0,0,0,0,0,0,0,0,0,18.6,32.9,75.9,-1.5,14.8,42.8
0,0,0,0,0,0,0.00E+00,0.00E+00,0.00E+00,0.00E+00,0.00E+00,1.18413678296076,1.53695858224225,0,3345,0,0,0,0,0,0,0,0,0,0,0,0,14.4,36.5,97.8,-0.949,3.2,38.7
0,0,0,0,0,0,0.00E+00,0.00E+00,0.00E+00,0.00E+00,0.00E+00,-3.25861443637334,4.03141162457841,0,3347,0,0,0,0,0,0,0,0,0,0,0,0,1.1,29.3,121,-1.12,8.95,42.8
0,0,0,0,0,0,0.00E+00,0.00E+00,0.00E+00,0.00E+00,0.00E+00,-2.80135882074739,3.33724762897897,0,3349,0,0,0,0,0,0,0,0,0,0,0,0,15.7,15.9,150,-0.884,5.42,35.3
0,0,0,0,0,0,0.00E+00,0.00E+00,0.00E+00,0.00E+00,0.00E+00,-9.57121624474061,12.360969787411,0,3352,0,0,0,0,0,0,0,0,0,0,0,0,2.62,10.3,189,-1.27,8.18,2.6
0,0,0,0,0,0,0.00E+00,0.00E+00,0.00E+00,0.00E+00,0.00E+00,2.30188689215531,3.02527349185164,0,3354,0,0,0,0,0,0,0,0,0,0,0,0,5.07,5,217,-2.07,7.28,2.49
0,0,0,0,0,0,0.00E+00,0.00E+00,0.00E+00,0.00E+00,0.00E+00,-0.920267753983612,5.96661295381841,0,3356,0,0,0,0,0,0,0,0,0,0,0,0,6.18,13.1,232,-2.94,8.57,25.2
1.17884635925293,0.449924498796463,1.05548143386841,1.7380622625351,1.29343318939209,1.27200198173523,5.90E-01,7.28E-01,8.61E-01,8.76E-01,7.97E-01,12.3206695880745,18.3097813727306,0,3358,639,423,669,370,628,303,686,317,712,334,656,323,5.58,9.84,240,-2.34,45.1,34.3
0.8742955327034,0.928011417388916,1.09274554252625,1.71802282333374,1.53062379360199,1.27941179275513,5.76E-01,6.73E-01,8.57E-01,8.52E-01,8.00E-01,-2.6196184652877,17.9026189676134,0,3360,204,394,222,437,306,302,328,349,330,372,313,336,18.7,20.1,239,-2.71,31.6,30.2
0.874629974365234,0.927996516227722,1.09617471694946,1.79668033123016,1.48697543144226,1.22048699855804,6.50E-01,6.85E-01,8.37E-01,8.84E-01,8.03E-01,-1.0691031225168,3.68164589632372,0,3362,45.6,338,63.4,359,163,310,172,360,196,378,145,345,26.2,27.9,223,-2.54,0.568,48.7
0.882777631282806,0,1.08601784706116,1.6133588552475,1.42296767234802,1.28540623188019,5.81E-01,6.71E-01,8.69E-01,8.80E-01,8.05E-01,2.5615798059527,7.27537210474776,0,3364,14.4,332,0,0,153,356,129,398,116,412,127,382,4.12,33,200,-2.59,3.04,35
0,0,0,0,0,0,0.00E+00,0.00E+00,0.00E+00,0.00E+00,0.00E+00,-1.91187077134322,5.8081350142156,0,3366,0,0,0,0,0,0,0,0,0,0,0,0,10.4,23.9,163,-2.58,2.74,26.5
0,0,0,0,0,0,0.00E+00,0.00E+00,0.00E+00,0.00E+00,0.00E+00,1.36435960862168,4.8167678086695,0,3368,0,0,0,0,0,0,0,0,0,0,0,0,1.03,17.5,126,-2.57,1.99,2.27
0,0,0,0,0,0,0.00E+00,0.00E+00,0.00E+00,0.00E+00,0.00E+00,-2.36040706988032,6.75690548074098,0,3371,0,0,0,0,0,0,0,0,0,0,0,0,1.03,2.75,74.3,-2.48,1.43,3.34
0,0,0,0,0,0,0.00E+00,0.00E+00,0.00E+00,0.00E+00,0.00E+00,12.8836236448877,41.8527423084801,0,3373,0,0,0,0,0,0,0,0,0,0,0,0,11.4,9.69,76,-3,37.3,6.42
0.89075493812561,0.869305849075317,1.09343647956848,1.6305205821991,1.28151142597198,1.21562421321869,5.95E-01,6.88E-01,9.16E-01,7.70E-01,1.22E+00,-16.2717088615472,35.0058351890854,0,3375,525,633,558,592,614,704,580,703,575,705,581,684,7.18,3.96,98.7,-3.11,48,8.24
0.822011590003967,0.958333313465118,1.10241413116455,1.59174489974976,1.29731464385986,1.23854422569275,5.39E-01,6.74E-01,8.54E-01,9.00E-01,7.79E-01,9.65835398717742,25.6676606899684,0,3377,558,308,529,318,587,442,551,434,546,440,552,420,17.1,4.11,124,-3.05,15,5.17
0.894681990146637,0,1.11572861671448,1.55346274375916,1.30200552940369,1.09573411941528,6.11E-01,6.57E-01,9.20E-01,0.00E+00,7.72E-01,8.92003181451361,15.5740138406998,0,3379,485,364,0,0,577,454,546,447,544,450,538,426,12.1,3.7,148,-2.98,6.78,8.3
0.827251255512238,0.88909775018692,1.11071240901947,1.57107925415039,1.29841721057892,1.18044447898865,5.23E-01,6.32E-01,8.82E-01,8.79E-01,7.82E-01,-0.820839998687459,9.28810097113219,0,3381,552,304,514,309,569,445,533,433,517,434,539,417,6.55,13.8,154,-2.84,5.53,25
0.848663985729218,0.951965093612671,1.09083795547485,1.56072604656219,1.2865377664566,1.1620147228241,5.92E-01,6.27E-01,8.63E-01,9.09E-01,7.63E-01,2.24096734383931,4.019048796095,0,3383,545,314,533,315,568,447,529,438,521,439,536,424,1.02,11,156,-3.42,10.8,3.4
0.881797254085541,0.946024775505066,2.54710078239441,0.871999979019165,0.997807025909424,0.962504088878632,5.66E-01,6.60E-01,1.42E+00,8.10E-01,9.50E-01,4.7391639996814,9.62598244446718,0,3385,0,0,0,0,0,0,0,0,0,0,0,0,0.399,12.1,143,-2.5,7,9.07
0,0,0,0,0,0,0.00E+00,0.00E+00,0.00E+00,0.00E+00,0.00E+00,6.21746299253875,11.4268906093344,0,3387,0,0,0,0,0,0,0,0,0,0,0,0,2.72,7.68,123,-1.33,11.1,21.9
0,0,0,0,0,0,0.00E+00,0.00E+00,0.00E+00,0.00E+00,0.00E+00,8.49782645291179,11.2446164402889,0,3390,0,0,0,0,0,0,0,0,0,0,0,0,16.8,13.1,75.2,-1.99,2.66,11.2
0.821088135242462,0.919197022914887,1.08563876152039,1.61550402641296,1.31871032714844,1.1904571056366,5.70E-01,6.49E-01,8.65E-01,8.50E-01,7.96E-01,-3.87934681492097,5.64746960534721,0,3392,399,498,419,516,506,445,525,488,553,501,494,478,2.18,15.6,44,-2.01,8.78,11.6
0.832031488418579,0.933651566505432,1.09241914749146,1.54233884811401,1.33000838756561,1.10506737232208,5.73E-01,6.51E-01,8.74E-01,8.79E-01,8.02E-01,4.01391861949069,10.3980300230786,0,3394,316,502,333,547,435,460,443,506,455,526,419,491,3.56,18.2,23.2,-1.98,4.65,5.84
0.820080399513245,0.894764959812164,1.08425176143646,1.5667005777359,1.32278752326965,1.19225561618805,5.90E-01,6.38E-01,8.66E-01,8.63E-01,7.98E-01,-5.80728649603455,9.33465988081155,0,3396,320,517,326,570,451,464,455,516,447,551,442,496,1.15,8.84,30.1,-2.33,7.31,2.58
0.804716885089874,0.913093209266663,1.07900011539459,1.57685911655426,1.19842839241028,1.14543604850769,5.50E-01,7.52E-01,8.50E-01,8.42E-01,8.12E-01,14.8365817173185,41.8066946393871,0,3398,510,422,528,419,568,315,605,345,652,341,576,356,10.4,12.6,68.7,-1.77,30.5,6.6
0,0,0,0,0,0,0.00E+00,0.00E+00,0.00E+00,0.00E+00,0.00E+00,-33.9331513430564,79.890220285574,0,3400,0,0,0,0,0,0,0,0,0,0,0,0,10.1,8.22,84,-1.37,68.5,19.5
0.821495234966278,0,1.04984354972839,1.44699311256409,1.24532401561737,1.09359991550446,4.93E-01,7.15E-01,8.58E-01,8.39E-01,1.19E+00,5.09243277496362,11.2417131630562,0,3402,443,214,0,0,402,100,459,108,480,116,440,124,21.1,3.19,109,-1.22,14.6,10.6
0.808400750160217,0,1.03863549232483,1.47052383422852,1.20703458786011,1.07959687709808,4.60E-01,7.09E-01,9.14E-01,8.73E-01,8.23E-01,-8.05661294775201,20.0069852576703,0,3404,448,197,0,0,403,89.6,456,114,472,47.2,429,126,6.58,18.8,119,-0.36,20.1,40.8
0.780829429626465,0.897136807441711,1.02394247055054,1.54086482524872,1.19120752811432,1.07427191734314,5.02E-01,6.48E-01,8.33E-01,8.04E-01,7.23E-01,23.7404182292856,38.2977848052923,0,3406,376,212,414,239,407,95.9,452,133,471,142,427,132,11.2,13.6,123,-0.729,34.7,9.72
0,0.866580307483673,1.02539920806885,1.55073928833008,1.22119462490082,1.22277569770813,5.78E-01,6.94E-01,0.00E+00,8.00E-01,0.00E+00,-36.9133083138227,51.4388721915673,0,3408,0,0,454,271,418,151,462,190,475,158,434,189,9.03,12.6,123,0.47,63.4,19.6
0,0,0,0,0,0,0.00E+00,0.00E+00,0.00E+00,0.00E+00,0.00E+00,-17.3331357632045,29.4822776620549,0,3411,0,0,0,0,0,0,0,0,0,0,0,0,22.4,16.7,103,0.64,9.25,59.9
0,0,0,0,0,0,0.00E+00,0.00E+00,0.00E+00,0.00E+00,0.00E+00,-3.55375755796434,14.6518218763882,0,3413,0,0,0,0,0,0,0,0,0,0,0,0,13.6,21.6,82.8,1.67,32.3,14.8
0,0,0,0,0,0,0.00E+00,0.00E+00,0.00E+00,0.00E+00,0.00E+00,0.47642858281605,7.27720624751129,0,3415,0,0,0,0,0,0,0,0,0,0,0,0,15.9,27.1,58.9,1.05,1.02,23.6
0,0,0,0,0,0,0.00E+00,0.00E+00,0.00E+00,0.00E+00,0.00E+00,2.47508978344783,31.6883836656947,0,3417,0,0,0,0,0,0,0,0,0,0,0,0,9.41,24.3,51,1.12,20.2,28.7
0,0,0,0,0,0,0.00E+00,0.00E+00,0.00E+00,0.00E+00,0.00E+00,0.35839120533483,37.6677096538211,0,3419,0,0,0,0,0,0,0,0,0,0,0,0,9.2,9,57.2,1.33,34.3,26.9
0,0,0,0,0,0,0.00E+00,0.00E+00,0.00E+00,0.00E+00,0.00E+00,1.24890852977589,18.6402931011109,0,3421,0,0,0,0,0,0,0,0,0,0,0,0,2.23,5.3,72.1,1.61,16.9,34.1
0.8532395362854,0.88611114025116,1.05254864692688,1.52627217769623,1.29721820354462,1.14772689342499,5.29E-01,6.71E-01,9.36E-01,8.83E-01,8.02E-01,-11.91523894461,46.549456811006,0,3423,490,432,497,450,379,505,368,450,386,443,386,463,9.91,8.64,107,3.22,32.8,25.7
0.917780578136444,0.85004073381424,0.834125101566315,0.914565801620483,1.28926825523376,0.933753967285156,8.88E-01,8.45E-01,8.99E-01,0.00E+00,0.00E+00,-9.50671502617688,23.8101966609372,0,3425,0,0,0,0,0,0,0,0,0,0,0,0,18.6,9.25,133,3.8,47.7,19.1
0.860362827777863,0.975254714488983,1.0597892999649,1.4971569776535,1.23412263393402,1.09951913356781,5.24E-01,6.97E-01,9.44E-01,8.28E-01,7.96E-01,-4.62609862026985,42.3386724937277,0,3427,385,629,370,524,253,675,258,623,269,563,279,641,13.2,11.9,152,4.76,18.4,29
0,0,0,0,0,0,0.00E+00,0.00E+00,0.00E+00,0.00E+00,0.00E+00,1.7483490159045,17.3741804930297,0,3430,0,0,0,0,0,0,0,0,0,0,0,0,23.8,33.3,187,4.99,58.5,21.2
0,0,0,0,0,0,0.00E+00,0.00E+00,0.00E+00,0.00E+00,0.00E+00,-1.20120553682121,10.7138321037976,0,3432,0,0,0,0,0,0,0,0,0,0,0,0,10.4,36.2,192,5.12,9.21,19.1
0.85814642906189,0.935567021369934,1.04824960231781,1.48617768287659,1.2445080280304,1.1576886177063,5.04E-01,6.39E-01,8.88E-01,9.40E-01,8.06E-01,-0.822313446772928,4.38357225803652,0,3434,562,222,567,218,595,334,540,314,541,323,566,302,3.3,31.5,209,5.15,2.78,23.4
0,0,0,0,0,0,0.00E+00,0.00E+00,0.00E+00,0.00E+00,0.00E+00,0.63451564398879,17.3513940735274,0,3436,0,0,0,0,0,0,0,0,0,0,0,0,9.64,26.9,220,5.18,5.95,55.6
0.866465091705322,0.972809672355652,1.05306887626648,1.39679157733917,1.26584959030151,1.22785711288452,4.84E-01,7.22E-01,8.75E-01,8.93E-01,8.02E-01,2.11576828758352,11.754953334306,0,3438,646,95.3,632,93,595,205,555,167,534,169,583,170,14,8.27,227,5.21,14.1,4.73
0,0,0,0,0,0,0.00E+00,0.00E+00,0.00E+00,0.00E+00,0.00E+00,1.67973963980355,20.105853317741,0,3440,0,0,0,0,0,0,0,0,0,0,0,0,10.8,12.7,240,5.26,23.6,43
1.25490069389343,0.922118365764618,0.899594306945801,0.8984375,0.928892254829407,0.96796065568924,5.80E-01,6.72E-01,8.17E-01,1.33E+00,9.46E-01,-5.35752683116075,9.44579349262484,0,3442,0,0,0,0,0,0,0,0,0,0,0,0,7.31,12.6,243,5.32,6.95,1.92
0.944436252117157,0.924822688102722,1.04873704910278,1.37903952598572,1.23563349246979,1.10315573215485,5.89E-01,6.77E-01,9.25E-01,9.47E-01,1.16E+00,40.2565911927731,52.6986154707729,0,3444,698,722,660,733,590,780,571,736,560,735,599,727,5.8,16.2,251,5.37,8.55,3.81
0,0,0,0,0,0,0.00E+00,0.00E+00,0.00E+00,0.00E+00,0.00E+00,10.4648331748116,37.0103396260454,0,3446,0,0,0,0,0,0,0,0,0,0,0,0,17.5,17.3,243,5.43,30,37.7
0,0,0,0,0,0,0.00E+00,0.00E+00,0.00E+00,0.00E+00,0.00E+00,60.7253774224889,70.7419624308984,0,3449,0,0,0,0,0,0,0,0,0,0,0,0,12.8,21.1,228,5.48,45.3,82.9
0,0,0,0,0,0,0.00E+00,0.00E+00,0.00E+00,0.00E+00,0.00E+00,5.57932868258344,8.39632023364638,1,3451,0,0,0,0,0,0,0,0,0,0,0,0,10.3,4.05,205,5.06,6.4,53.7
0.829348921775818,0.931034505367279,1.01935696601868,1.35405230522156,1.16895258426666,1.2118980884552,6.16E-01,6.80E-01,8.64E-01,9.28E-01,7.57E-01,5.16962017116456,8.56334024847777,1,3453,218,110,199,123,311,226,253,233,234,230,262,214,8.26,13.7,174,2.04,20.3,78.7
0,0,0,0,0,0,0.00E+00,0.00E+00,0.00E+00,0.00E+00,0.00E+00,-25.4573978803429,38.8717443197798,1,3455,0,0,0,0,0,0,0,0,0,0,0,0,30.1,9.43,134,1.5,54.9,89.1
0,0,0,0,0,0,0.00E+00,0.00E+00,0.00E+00,0.00E+00,0.00E+00,37.2168847689523,39.4228910078951,1,3457,0,0,0,0,0,0,0,0,0,0,0,0,35.6,20,101,-0.143,28.3,50.6
0,0,0,0,0,0,0.00E+00,0.00E+00,0.00E+00,0.00E+00,0.00E+00,5.02567417990079,9.48273407060721,1,3459,0,0,0,0,0,0,0,0,0,0,0,0,3.31,33.2,50.5,-0.0316,27,20.7
0,0,0,0,0,0,0.00E+00,0.00E+00,0.00E+00,0.00E+00,0.00E+00,12.9927936621863,13.7631915884439,1,3461,0,0,0,0,0,0,0,0,0,0,0,0,6.43,36.1,23.7,0.363,13.4,14.9
0,0,0,0,0,0,0.00E+00,0.00E+00,0.00E+00,0.00E+00,0.00E+00,-15.1361626446369,31.1779286561463,1,3463,0,0,0,0,0,0,0,0,0,0,0,0,14.9,25.2,46.7,-1.71,27,23.7
0,0,0,0,0,0,0.00E+00,0.00E+00,0.00E+00,0.00E+00,0.00E+00,-9.86800171547959,24.6386885903878,1,3465,0,0,0,0,0,0,0,0,0,0,0,0,6.68,13.7,78.1,-0.532,43.2,13
0,0,0,0,0,0,0.00E+00,0.00E+00,0.00E+00,0.00E+00,0.00E+00,0.968716114874663,6.25680543202278,1,3468,0,0,0,0,0,0,0,0,0,0,0,0,15.1,10.1,119,0.0879,2.57,44.4
0,0,0,0,0,0,0.00E+00,0.00E+00,0.00E+00,0.00E+00,0.00E+00,-3.67210076898484,12.7093891727532,1,3470,0,0,0,0,0,0,0,0,0,0,0,0,3.62,16.3,142,1.18,2.98,16
0.955300569534302,0.940932631492615,1.03482019901276,1.2546581029892,1.1626660823822,1.22436153888702,5.41E-01,7.29E-01,8.92E-01,8.97E-01,8.09E-01,-7.26234038860451,9.0958673244582,1,3472,377,166,360,191,400,283,345,273,321,298,375,248,4.09,13.4,158,1.74,9.45,11.8
0.887403190135956,0.976470589637756,1.06195604801178,1.32006752490997,1.15760338306427,1.16680371761322,4.78E-01,6.59E-01,9.35E-01,9.07E-01,8.59E-01,10.5989986069018,10.9222971862144,1,3474,427,271,385,256,409,411,357,383,338,360,387,383,6.98,8.16,183,0.563,8.12,27.8
0,0,0,0,0,0,0.00E+00,0.00E+00,0.00E+00,0.00E+00,0.00E+00,9.19375058310952,10.3208174985207,1,3476,0,0,0,0,0,0,0,0,0,0,0,0,10.5,6.44,199,-0.0304,10.3,12.8
0,0,0,0,0,0,0.00E+00,0.00E+00,0.00E+00,0.00E+00,0.00E+00,12.7218702778511,13.12143827972,1,3478,0,0,0,0,0,0,0,0,0,0,0,0,10.6,8.98,206,0.439,13.1,21.5
0,0,0,0,0,0,0.00E+00,0.00E+00,0.00E+00,0.00E+00,0.00E+00,-7.58274815904143,7.84139437957149,1,3480,0,0,0,0,0,0,0,0,0,0,0,0,0.552,8.55,207,0.114,4.64,5.57
0,0,0,0,0,0,0.00E+00,0.00E+00,0.00E+00,0.00E+00,0.00E+00,6.25809882770539,9.12080756658398,1,3482,0,0,0,0,0,0,0,0,0,0,0,0,1.76,11.6,197,0.428,9.27,6.54
0,0,0,0,0,0,0.00E+00,0.00E+00,0.00E+00,0.00E+00,0.00E+00,4.43416611496185,5.60063457459352,1,3484,0,0,0,0,0,0,0,0,0,0,0,0,3.38,4.89,185,0.238,4.15,11.6
0.952495217323303,0,0.873942196369171,0.818968057632446,0.936926603317261,0.911094009876251,6.11E-01,6.73E-01,8.94E-01,1.07E+00,1.29E+00,4.43337449849656,4.72148448813343,1,3486,0,0,0,0,0,0,0,0,0,0,0,0,0.571,1.37,162,0.115,4.29,0.702
0.914336621761322,0,1.07020092010498,1.21921706199646,1.15261375904083,1.16310226917267,5.53E-01,6.62E-01,8.92E-01,8.62E-01,7.24E-01,3.81168063015939,4.12805925468224,1,3489,445,270,0,0,399,387,359,347,349,346,385,349,4.82,2.74,122,0.777,6.33,6.98
0.911400079727173,0.903927505016327,1.04005396366119,1.23894250392914,1.14430439472198,1.23018968105316,5.41E-01,6.76E-01,9.57E-01,8.64E-01,7.75E-01,1.22997282210917,1.87046367886519,1,3491,512,263,508,227,417,348,396,295,385,256,422,317,4.02,2.63,88.7,0.898,5.23,14.1
1.17919027805328,0.983870983123779,1.04853796958923,1.24326109886169,1.08519768714905,1.10249316692352,6.02E-01,6.91E-01,8.72E-01,5.81E-01,7.90E-01,-3.36999406955239,4.22692701669459,1,3493,560,387,560,365,473,466,449,415,444,312,470,444,5.31,5.92,54.8,0.894,3.46,2.76
0.946765899658203,0,1.04486656188965,1.21749818325043,1.13801383972168,1.12505578994751,5.82E-01,7.50E-01,9.46E-01,8.86E-01,7.46E-01,2.34784827555307,3.61862003557574,1,3495,610,372,0,0,512,443,497,384,492,354,516,411,3.63,6.13,30.7,0.894,6.79,3.49
0.944485545158386,0,1.05746018886566,1.23557806015015,1.13286519050598,1.15814781188965,5.94E-01,6.54E-01,9.50E-01,8.77E-01,7.95E-01,-8.97263581366175,9.10497699501391,1,3497,623,356,0,0,519,428,505,367,508,339,527,394,3.21,8.7,14.4,1.19,3.61,8.65
0.887158453464508,0,1.05599904060364,1.2174665927887,1.10463893413544,1.21455049514771,5.30E-01,7.20E-01,9.30E-01,8.35E-01,7.03E-01,5.86209536429783,6.25639701119068,1,3499,515,344,0,0,416,413,408,349,411,308,424,380,0.657,7.07,11.3,1.02,2.74,4.27
0.88279914855957,0,1.02676641941071,1.18161165714264,1.13595879077911,1.08596622943878,6.79E-01,7.62E-01,9.55E-01,1.00E+00,9.16E-01,-9.99106896330003,11.5808302411615,1,3501,530,362,0,0,386,405,376,342,416,313,385,367,0.604,5.67,20.5,0.809,6.97,13.7
0.87739372253418,0.920000016689301,1.07336521148682,1.18774330615997,1.10083615779877,1.31727206707001,5.04E-01,5.99E-01,9.15E-01,9.13E-01,7.58E-01,2.18849570143393,3.04850170488543,1,3503,476,343,462,313,361,398,361,331,378,302,376,360,5.53,4.79,25.4,0.982,1.74,2.31
0.929762065410614,0.946880280971527,1.03785884380341,1.15261435508728,1.08083009719849,1.08521723747253,6.86E-01,7.12E-01,1.04E+00,8.88E-01,8.88E-01,-6.37732830920422,6.91565685112425,1,3505,466,355,461,321,366,414,372,355,363,298,376,386,4.92,6.05,21,0.652,6.64,11
0.948866128921509,1.05405402183533,1.04599606990814,1.15275382995605,1.09611761569977,1.25435411930084,5.60E-01,6.26E-01,9.60E-01,9.05E-01,7.82E-01,0.49738904534465,16.9091501764233,1,3508,465,343,464,302,351,394,353,332,365,302,358,361,4.47,6.16,25,0.0609,16.8,11.2
0.90797621011734,0.941157162189484,1.08129179477692,1.15012121200562,1.1236332654953,1.17605018615723,5.86E-01,5.91E-01,9.63E-01,9.39E-01,8.45E-01,-3.28728029878678,4.35286619365886,0,3510,472,346,464,329,353,381,355,320,363,300,370,346,6.21,4.77,29.1,-0.0526,8.7,3.58
0.951400756835938,0,1.05633068084717,1.14922785758972,1.07900786399841,1.78900611400604,6.55E-01,7.54E-01,9.72E-01,8.90E-01,9.45E-01,7.35256537262643,29.0361105995083,0,3512,432,356,0,0,332,424,336,365,323,304,355,369,11.2,1.07,40.4,-0.33,34.1,16.5
0.881246209144592,0,1.05106973648071,1.14904594421387,0,1.10466611385345,6.36E-01,8.00E-01,1.11E+00,9.90E-01,7.99E-01,36.3692012574193,39.8538129858274,0,3514,333,370,0,0,246,440,227,393,0,0,254,415,23.2,14.2,42.9,-0.07,54.6,18.3
0.98126220703125,0,1.04254102706909,1.28305697441101,1.05044233798981,1.14485919475555,6.10E-01,7.36E-01,9.49E-01,9.41E-01,8.39E-01,0.653351914657199,7.56225063141974,0,3516,112,461,0,0,130,589,91.1,546,100,532,117,558,31,23,49.7,-0.42,12.2,29
0.958743274211884,0,1.05124235153198,1.11549425125122,1.06202936172485,1.13004100322723,6.16E-01,7.65E-01,9.51E-01,9.60E-01,8.03E-01,-15.8369863288604,18.9193078762558,0,3518,228,421,0,0,238,549,204,503,179,487,243,513,9.04,25.2,47.5,-0.244,36.7,9.33
0,0,0,0,0,0,0.00E+00,0.00E+00,0.00E+00,0.00E+00,0.00E+00,12.308141340764,15.2204098625607,0,3520,0,0,0,0,0,0,0,0,0,0,0,0,11.8,24.3,35.9,0.0787,7.38,32.3
0,0,0,0,0,0,0.00E+00,0.00E+00,0.00E+00,0.00E+00,0.00E+00,9.13068757666253,10.1243756453905,0,3522,0,0,0,0,0,0,0,0,0,0,0,0,12.8,12.4,17.4,-0.433,10.1,30.2
0,0,0,0,0,0,0.00E+00,0.00E+00,0.00E+00,0.00E+00,0.00E+00,3.50227080350658,3.83353458293183,0,3524,0,0,0,0,0,0,0,0,0,0,0,0,6.27,13.6,8.45,1.41,4.11,39.5
0,0,0,0,0,0,0.00E+00,0.00E+00,0.00E+00,0.00E+00,0.00E+00,12.9838114635109,17.0724898527444,0,3527,0,0,0,0,0,0,0,0,0,0,0,0,14.7,16.2,35,1.97,14.9,49.4
0,0,0,0,0,0,0.00E+00,0.00E+00,0.00E+00,0.00E+00,0.00E+00,-25.5059871846051,26.1095582251927,0,3529,0,0,0,0,0,0,0,0,0,0,0,0,32.5,32.6,54.9,0.712,32.8,50.1
0,0,0,0,0,0,0.00E+00,0.00E+00,0.00E+00,0.00E+00,0.00E+00,234.999238803036,264.108839396677,0,3531,0,0,0,0,0,0,0,0,0,0,0,0,18,35.6,69.6,1.23,93.7,41
0,0,0,0,0,0,0.00E+00,0.00E+00,0.00E+00,0.00E+00,0.00E+00,4.66401287069353,10.2240966500735,0,3533,0,0,0,0,0,0,0,0,0,0,0,0,10.7,50.3,58.9,1.22,5.03,74.4
0,0,0,0,0,0,0.00E+00,0.00E+00,0.00E+00,0.00E+00,0.00E+00,8.25271026248196,9.21067918058306,0,3535,0,0,0,0,0,0,0,0,0,0,0,0,8.66,31.4,52,1.39,14.1,9.36
0,0,0,0,0,0,0.00E+00,0.00E+00,0.00E+00,0.00E+00,0.00E+00,0.874599881200273,6.0512755080298,0,3537,0,0,0,0,0,0,0,0,0,0,0,0,7.26,19.6,32,0.204,6.6,13
0,0,0,0,0,0,0.00E+00,0.00E+00,0.00E+00,0.00E+00,0.00E+00,13.359898534882,15.0256137670017,0,3539,0,0,0,0,0,0,0,0,0,0,0,0,18.2,14.6,1.32,1.43,44.2,23.8
0,0,0,0,0,0,0.00E+00,0.00E+00,0.00E+00,0.00E+00,0.00E+00,-3.26842697594172,6.511558441599,0,3541,0,0,0,0,0,0,0,0,0,0,0,0,9.96,28.6,37.8,1.09,3.87,7.02
0,0,0,0,0,0,0.00E+00,0.00E+00,0.00E+00,0.00E+00,0.00E+00,1.86747597049441,2.19134216727043,0,3543,0,0,0,0,0,0,0,0,0,0,0,0,6.46,16.2,72.7,1.07,10.9,21.5
0,0,0,0.796934843063355,0,0,0.00E+00,0.00E+00,9.00E-01,0.00E+00,0.00E+00,0.523028596869391,4.54288251478005,0,3546,0,0,0,0,0,0,0,0,0,0,0,0,3.76,14.2,119,0.769,3.31,7.65
0.835539221763611,0.909476637840271,1.05573511123657,1.17500233650208,1.13761603832245,1.22793984413147,6.14E-01,6.95E-01,9.51E-01,9.08E-01,7.99E-01,-10.4510572177656,17.4826948324034,0,3548,389,537,370,521,289,584,279,524,250,502,296,548,1.62,6.24,136,0.891,20.4,7.72
0.848777413368225,0.925287365913391,1.04987704753876,1.15999579429626,1.11040377616882,1.10043346881866,6.07E-01,7.44E-01,9.25E-01,9.10E-01,8.11E-01,-4.08244555087262,7.40344554935213,0,3550,403,511,406,481,295,548,301,487,303,441,310,515,6.34,3.62,140,0.574,7.36,22.9
0.896782040596008,0.923346996307373,1.06161332130432,1.16019856929779,1.11121666431427,1.19455754756928,6.01E-01,6.97E-01,9.51E-01,9.22E-01,8.24E-01,-0.691060947749365,3.44162787559642,0,3552,459,518,436,496,341,529,362,469,349,452,372,501,6.97,3.33,127,0.355,8.46,12.5
0.991129100322723,0.908204734325409,1.08789813518524,1.17770576477051,1.11215448379517,1.12713181972504,5.76E-01,7.16E-01,9.48E-01,9.58E-01,9.49E-01,-6.7082565306634,20.1983903101154,0,3554,485,516,457,473,363,506,388,455,372,431,396,453,5.52,3.29,108,-0.041,23.7,13.9
0.949650526046753,0.942548513412476,1.11991393566132,1.18318581581116,1.10405552387238,1.1162440776825,5.56E-01,7.05E-01,1.01E+00,9.97E-01,8.81E-01,3.30925263890694,4.38142964375882,0,3556,511,514,507,500,376,524,399,473,400,449,406,506,8.55,5.86,84.8,0.328,6.5,9.56
0.944120824337006,0.933901906013489,1.19556641578674,1.169109582901,1.04021298885345,1.10155498981476,5.62E-01,7.52E-01,1.01E+00,9.27E-01,8.68E-01,-5.84807383419119,8.1487162468065,0,3558,532,517,514,486,381,534,400,485,404,473,407,511,0.505,4.79,62.1,-0.489,8.26,0.599
0.987705588340759,0,1.18989968299866,1.16819787025452,1.06625461578369,1.15318381786346,6.28E-01,7.80E-01,1.00E+00,9.17E-01,9.71E-01,2.74526428844533,4.93644979516657,0,3560,524,521,0,0,343,519,363,475,403,467,348,488,1.23,8.39,40.3,-0.19,9.85,3.95
0.949034333229065,0.896443486213684,1.24715077877045,1.14087200164795,1.04074144363403,1.09158766269684,5.47E-01,7.71E-01,9.90E-01,9.23E-01,9.00E-01,-2.5585432008694,4.0881198662458,0,3562,429,516,444,502,260,517,284,479,300,478,290,501,1.21,4.47,51.8,-0.589,4.55,4
0.998151123523712,0.950738906860352,1.30583548545837,1.14216589927673,1.04984140396118,1.02898716926575,5.31E-01,8.11E-01,9.64E-01,9.38E-01,8.77E-01,-19.4793989615523,28.0355881817453,0,3565,466,519,442,501,299,497,321,478,301,475,340,492,20,11.3,53.4,-0.193,34.7,3.88
0,0,0,0,0,0,0.00E+00,0.00E+00,0.00E+00,0.00E+00,0.00E+00,-6.9694257487298,11.2437740890215,0,3567,0,0,0,0,0,0,0,0,0,0,0,0,20.4,17.7,60,-0.932,5.16,35.1
0.929015815258026,0.882898569107056,1.29923069477081,1.08179271221161,1.05313980579376,1.32983505725861,5.19E-01,6.98E-01,9.32E-01,9.83E-01,9.29E-01,19.1156095988011,19.9951380552374,0,3569,272,520,260,495,97.3,494,128,483,142,493,150,494,6.91,18.6,54,-0.768,13.2,7.62
0.941322803497314,0.939608812332153,1.27863073348999,1.09624373912811,1.04244458675385,1.05875504016876,5.39E-01,7.60E-01,8.85E-01,9.06E-01,9.47E-01,-9.2482995786146,23.2902842463962,0,3571,285,519,280,490,104,492,136,482,159,494,146,492,11.3,16.9,36.6,0.408,10.1,38.8
0.944077491760254,0.951965093612671,1.26606571674347,1.09556663036346,1.05261754989624,1.23212969303131,5.35E-01,7.57E-01,9.58E-01,9.59E-01,8.70E-01,40.9851142808735,43.0744127127359,0,3573,298,520,292,489,122,489,152,482,161,497,165,490,3.11,0.904,24.9,-0.726,26.3,16.3
0.97398167848587,0.944606423377991,1.30560612678528,1.08701455593109,1.02680540084839,1.17357134819031,5.33E-01,7.50E-01,9.44E-01,9.42E-01,8.15E-01,-9.26894627460491,28.8665862508466,0,3575,298,524,282,491,124,489,153,482,155,494,172,490,6.18,2.69,24.1,-0.174,21.5,11.6
0.981423497200012,0,1.16983509063721,1.07539427280426,1.04006087779999,1.14763081073761,5.34E-01,7.78E-01,8.87E-01,0.00E+00,9.57E-01,-25.0812710103474,27.2688675570458,0,3577,264,517,0,0,72.8,474,112,472,137,490,128,485,28.8,9.37,49.8,0.0698,40.5,36.7
0,0,0,0,0,0,0.00E+00,0.00E+00,0.00E+00,0.00E+00,0.00E+00,-11.3098120706262,16.1590259252653,0,3579,0,0,0,0,0,0,0,0,0,0,0,0,23.7,21.3,67.9,0.206,14.6,19.9
0,0,0,0,0,0,0.00E+00,0.00E+00,0.00E+00,0.00E+00,0.00E+00,1.59756276385825,2.41883755086729,0,3581,0,0,0,0,0,0,0,0,0,0,0,0,7.31,32,88,-0.14,4.22,14.9
0,0,0,0,0,0,0.00E+00,0.00E+00,0.00E+00,0.00E+00,0.00E+00,-2.63217115961705,5.71312180830572,0,3583,0,0,0,0,0,0,0,0,0,0,0,0,13.1,35.5,109,-0.531,37.7,18.2
0,0,0,0,0,0,0.00E+00,0.00E+00,0.00E+00,0.00E+00,0.00E+00,-28.6142878043351,29.0572878497828,0,3586,0,0,0,0,0,0,0,0,0,0,0,0,24.7,39.9,152,-0.357,4.1,36.5
0,0,0,0,0,0,0.00E+00,0.00E+00,0.00E+00,0.00E+00,0.00E+00,-6.74267781607488,9.86234802430396,0,3588,0,0,0,0,0,0,0,0,0,0,0,0,10.9,33.2,174,0.542,36.6,26.7
0,0,0,0,0,0,0.00E+00,0.00E+00,0.00E+00,0.00E+00,0.00E+00,54.5623352680083,56.9890749687974,0,3590,0,0,0,0,0,0,0,0,0,0,0,0,3.77,37.1,208,-1.44,61.2,87
0,0,0,0,0,0,0.00E+00,0.00E+00,0.00E+00,0.00E+00,0.00E+00,-22.9426917838204,91.9923852018504,0,3592,0,0,0,0,0,0,0,0,0,0,0,0,20.2,17.7,244,-0.143,16.5,78.4
0,0,0,0,0,0,0.00E+00,0.00E+00,0.00E+00,0.00E+00,0.00E+00,104.847710773052,122.122039823187,0,3594,0,0,0,0,0,0,0,0,0,0,0,0,32.3,23.8,265,-0.715,51.2,45.2
0,0,0,0,0,0,0.00E+00,0.00E+00,0.00E+00,0.00E+00,0.00E+00,0.927334852966694,77.3385579212744,0,3596,0,0,0,0,0,0,0,0,0,0,0,0,9.34,23.5,288,-0.562,97.6,96.7
0,0,0,0,0,0,0.00E+00,0.00E+00,0.00E+00,0.00E+00,0.00E+00,8.55453507769871,31.1857039788122,0,3598,0,0,0,0,0,0,0,0,0,0,0,0,41.8,21.2,308,-0.678,16.6,14.6
0,0,0,0,0,0,0.00E+00,0.00E+00,0.00E+00,0.00E+00,0.00E+00,-34.1701477745009,38.361980186662,0,3600,0,0,0,0,0,0,0,0,0,0,0,0,22.6,16.1,309,0.0233,39.1,59.8
0,0,0,0,0,0,0.00E+00,0.00E+00,0.00E+00,0.00E+00,0.00E+00,9.7935214521107,15.1169802704284,0,3602,0,0,0,0,0,0,0,0,0,0,0,0,7.77,34.8,308,0.833,28.9,18.4
0,0,0,0,0,0,0.00E+00,0.00E+00,0.00E+00,0.00E+00,0.00E+00,12.7908719372938,22.3617946637456,0,3605,0,0,0,0,0,0,0,0,0,0,0,0,18.9,14.3,288,1.33,17.6,27.6
0,0,0,0,0,0,0.00E+00,0.00E+00,0.00E+00,0.00E+00,0.00E+00,1.92224778267441,17.1353439988865,0,3607,0,0,0,0,0,0,0,0,0,0,0,0,10.9,13,269,1.92,19.9,20
0,0,0,0,0,0,0.00E+00,0.00E+00,0.00E+00,0.00E+00,0.00E+00,-18.9810650457519,25.3301109995422,0,3609,0,0,0,0,0,0,0,0,0,0,0,0,10.2,16.5,229,1.69,13.3,21.9
0,0,0,0,0,0,0.00E+00,0.00E+00,0.00E+00,0.00E+00,0.00E+00,19.6048851625383,23.3325789597879,0,3611,0,0,0,0,0,0,0,0,0,0,0,0,0.799,18.8,197,-0.207,15.8,4.65
0,0,0,0,0,0,0.00E+00,0.00E+00,0.00E+00,0.00E+00,0.00E+00,-17.6643262646964,20.9850668221184,0,3613,0,0,0,0,0,0,0,0,0,0,0,0,1.46,7.18,170,-0.452,13.9,26.2
0,0,0,0,0,0,0.00E+00,0.00E+00,0.00E+00,0.00E+00,0.00E+00,-12.6368668236525,23.3529750689592,0,3615,0,0,0,0,0,0,0,0,0,0,0,0,16.1,10.7,144,-0.2,24.8,37.4
0,0,0,0,0,0,0.00E+00,0.00E+00,0.00E+00,0.00E+00,0.00E+00,-9.91868980171961,10.3118030591682,0,3617,0,0,0,0,0,0,0,0,0,0,0,0,26.4,25,125,-0.708,12,20.6
0,0,0,0,0,0,0.00E+00,0.00E+00,0.00E+00,0.00E+00,0.00E+00,2.78773768540581,4.31425417111257,0,3619,0,0,0,0,0,0,0,0,0,0,0,0,12.8,33.1,120,-0.781,9.63,46.8
0.876789212226868,0.975161969661713,1.10143709182739,1.22218489646912,1.05127322673798,1.24256265163422,6.78E-01,8.15E-01,9.49E-01,9.48E-01,8.13E-01,-1.6850394031263,39.4215238620623,0,3621,187,232,174,227,114,306,104,253,63.3,225,119,265,14.2,23.8,106,-0.341,45.3,47.9
0,0,0,0,0,0,0.00E+00,0.00E+00,0.00E+00,0.00E+00,0.00E+00,72.9878391115092,97.8661822335854,0,3624,0,0,0,0,0,0,0,0,0,0,0,0,16.1,0.878,100,0.722,111,91.1
0,0,0,0,0,0,0.00E+00,0.00E+00,0.00E+00,0.00E+00,0.00E+00,19.854437226057,26.0951465872365,0,3626,0,0,0,0,0,0,0,0,0,0,0,0,45,10.8,95.8,0.702,10.4,16.6
0,0,0,0,0,0,0.00E+00,0.00E+00,0.00E+00,0.00E+00,0.00E+00,-6.93628000430709,14.4156595943022,0,3628,0,0,0,0,0,0,0,0,0,0,0,0,11,30.8,102,0.662,22.7,25.6
0.92877072095871,0,1.09221339225769,1.09365677833557,1.0516539812088,1.10226964950562,6.45E-01,7.91E-01,9.39E-01,8.77E-01,8.35E-01,-8.89310365642353,15.2298881791634,1,3630,365,686,0,0,477,771,419,760,402,764,443,745,4.41,41.8,106,0.581,5.51,44.4
0,0,0,0,0,0,0.00E+00,0.00E+00,0.00E+00,0.00E+00,0.00E+00,10.1004550851798,12.7315695811158,1,3632,0,0,0,0,0,0,0,0,0,0,0,0,12,36,115,-0.241,16.2,87
0,0,0,0,0,0,0.00E+00,0.00E+00,0.00E+00,0.00E+00,0.00E+00,-15.2941138943171,53.4711097632901,1,3634,0,0,0,0,0,0,0,0,0,0,0,0,22.1,29.8,128,-0.802,21.4,12.8
0,0,0,0,0,0,0.00E+00,0.00E+00,0.00E+00,0.00E+00,0.00E+00,9.56419162044887,10.1789589123587,1,3636,0,0,0,0,0,0,0,0,0,0,0,0,23.2,20.7,127,-0.646,28,58.3
0,0,0,0,0,0,0.00E+00,0.00E+00,0.00E+00,0.00E+00,0.00E+00,-4.34303845973195,5.36686946443445,1,3638,0,0,0,0,0,0,0,0,0,0,0,0,9.92,29.5,136,0.328,12.8,6.06
0,0,0,0,0,0,0.00E+00,0.00E+00,0.00E+00,0.00E+00,0.00E+00,-3.19978840595414,3.28539903465725,1,3640,0,0,0,0,0,0,0,0,0,0,0,0,9.55,33.3,150,-0.885,2.67,16.1
0,0,0,0,0,0,0.00E+00,0.00E+00,0.00E+00,0.00E+00,0.00E+00,4.54350080078478,5.00163418509106,1,3643,0,0,0,0,0,0,0,0,0,0,0,0,3.66,23.3,144,0.593,4.14,14.9
0,0,0,0,0,0,0.00E+00,0.00E+00,0.00E+00,0.00E+00,0.00E+00,-2.66740026186897,4.33994938299485,1,3645,0,0,0,0,0,0,0,0,0,0,0,0,2.61,8.98,138,1.23,5.88,10.2
0,0,0,0,0,0,0.00E+00,0.00E+00,0.00E+00,0.00E+00,0.00E+00,-5.61774505695218,6.18364374697022,1,3647,0,0,0,0,0,0,0,0,0,0,0,0,7.13,7.62,128,1.45,7.18,9.52
0.946991801261902,0,0,0,1.11744892597198,0,6.52E-01,7.91E-01,0.00E+00,8.63E-01,7.90E-01,0.581305635087539,1.40532055050383,1,3649,733,594,0,0,0,0,0,0,675,676,0,0,2.44,4.06,114,1.07,5.91,10.4
1.22542154788971,0.941638588905335,1.34445452690125,0,1.15740168094635,0.927168905735016,6.19E-01,6.91E-01,8.23E-01,8.88E-01,2.24E+00,0.340874475821315,5.58238310078666,1,3651,0,0,0,0,0,0,0,0,0,0,0,0,3.78,5.09,90.6,0.329,3.4,8.45
0.86475396156311,1.04098355770111,1.11313664913178,1.21598672866821,1.19201362133026,1.20300853252411,5.98E-01,6.59E-01,9.57E-01,9.05E-01,7.28E-01,2.33816743409152,2.39342615201693,1,3653,470,422,472,434,410,519,376,475,349,451,411,485,7.19,2.5,74,0.587,10.1,10.8
0.897822260856628,0.890476167201996,1.11522841453552,1.17725658416748,1.15051126480103,1.26483380794525,5.73E-01,6.38E-01,9.19E-01,8.73E-01,7.37E-01,-0.063760814976264,1.70950897548128,1,3655,534,420,515,400,460,510,427,455,410,434,460,472,9.91,7.87,73.7,0.158,2.01,9.03
0.887380063533783,0.974137902259827,1.08193695545197,1.12496268749237,1.1507910490036,1.17817604541779,5.80E-01,6.50E-01,9.29E-01,8.99E-01,8.43E-01,-4.88514539618812,5.6220440706526,1,3657,524,417,508,399,435,492,410,437,396,419,440,454,3.51,12,77.3,0.171,11.4,34.4
0.883601665496826,0,1.09098529815674,1.13481318950653,1.12285876274109,1.15908861160278,6.38E-01,6.97E-01,9.13E-01,8.71E-01,8.03E-01,-1.67329770681382,14.291888276467,1,3659,506,422,0,0,424,485,403,428,387,416,431,446,6.7,11.3,80.6,0.578,21.1,6.82
0.891271412372589,0.913490355014801,1.1033490896225,1.15368795394897,1.13939774036407,1.22267031669617,6.04E-01,6.27E-01,9.18E-01,8.52E-01,7.42E-01,-21.1289180149669,21.4216629070551,1,3661,521,425,512,414,435,510,410,454,403,421,440,474,12.3,5.82,98.2,0.64,34.2,35.1
0.888939797878265,0.518438160419464,1.09010362625122,1.10953211784363,1.10043835639954,1.17394971847534,6.01E-01,6.68E-01,9.32E-01,8.71E-01,7.56E-01,-1.3119976410315,1.99033627831333,1,3664,521,403,481,426,439,490,420,434,404,386,438,460,8.97,13.5,95,0.0724,0.456,40.7
0,0.8373983502388,1.10717642307282,1.13746583461761,1.07182741165161,1.25480842590332,6.27E-01,6.60E-01,8.44E-01,8.82E-01,0.00E+00,-8.91433260922985,10.1701029131643,1,3666,0,0,518,385,479,482,470,417,444,407,489,440,3.11,9.49,85.6,0.439,9.96,13.1
0.914552748203278,0,1.09186029434204,1.12864601612091,1.10846567153931,1.3373384475708,5.90E-01,7.63E-01,9.42E-01,8.51E-01,9.06E-01,-1.72611138368065,8.63618644398951,1,3668,643,396,0,0,534,450,538,386,539,345,555,420,7.21,10.8,69,-0.18,23.2,47.5
1.2123601436615,0,1.09008848667145,0,1.07826089859009,1.05828940868378,6.32E-01,7.35E-01,9.96E-01,9.39E-01,2.22E+00,-5.30534227886875,5.4565979180752,1,3670,0,0,0,0,0,0,0,0,0,0,0,0,11.3,15.2,59.8,0.664,13.6,17.4
0.918558359146118,0.933823525905609,1.11983895301819,1.13105535507202,1.07900631427765,1.25892210006714,5.44E-01,6.60E-01,9.92E-01,9.02E-01,7.66E-01,-2.97432550775825,4.23655743496338,1,3672,624,445,612,469,537,519,546,451,532,434,551,483,20.6,13,45.3,0.846,12.1,68.8
0,0,0,0,0,0,0.00E+00,0.00E+00,0.00E+00,0.00E+00,0.00E+00,-4.88072282991619,7.87052471114596,1,3674,0,0,0,0,0,0,0,0,0,0,0,0,6.45,15,29,0.799,2.2,40.7
0,0,0,0,0,0,0.00E+00,0.00E+00,0.00E+00,0.00E+00,0.00E+00,-19.255288787534,21.2072803164864,1,3676,0,0,0,0,0,0,0,0,0,0,0,0,12.1,9.97,35.4,1.18,12.8,46.4
1.0929217338562,1.05507743358612,1.1659814119339,0.92140656709671,1.87766718864441,1.4169362783432,5.51E-01,7.19E-01,8.90E-01,8.68E-01,0.00E+00,-9.5041746269907,10.2721705120416,1,3678,0,0,0,0,0,0,0,0,0,0,0,0,6.03,2.49,43.6,0.851,6.36,33.2
1.15506970882416,1.00678908824921,0.941744029521942,0.780506670475006,0.949512600898743,1.12225878238678,6.39E-01,8.92E-01,9.05E-01,8.53E-01,0.00E+00,-14.8394315860316,19.0889164867317,1,3680,0,0,0,0,0,0,0,0,0,0,0,0,15.6,4.29,53.2,1.42,11.3,22.2
0,0,0,0,0,0,0.00E+00,0.00E+00,0.00E+00,0.00E+00,0.00E+00,-3.41309941971703,4.15901553200686,1,3683,0,0,0,0,0,0,0,0,0,0,0,0,5.9,14.9,79.3,1.77,14.2,7.59
0,0,0,0,0,0,0.00E+00,0.00E+00,0.00E+00,0.00E+00,0.00E+00,-18.4885504737672,18.7071495090247,1,3685,0,0,0,0,0,0,0,0,0,0,0,0,17.2,23.1,107,1.62,22.6,19.2
0,0,0,0,0,0,0.00E+00,0.00E+00,0.00E+00,0.00E+00,0.00E+00,-15.3005883096484,19.4681418467929,1,3687,0,0,0,0,0,0,0,0,0,0,0,0,12.1,22.8,119,2,9.13,29.8
0.859611511230469,0,1.11319005489349,1.24173450469971,1.1561062335968,1.08076441287994,5.36E-01,6.40E-01,9.04E-01,9.05E-01,7.70E-01,-3.54494551415801,8.21954015227897,1,3689,347,133,0,0,238,237,223,182,234,144,233,204,10.7,28.3,133,2.93,15.3,27.9
0,0,0,0,0,0,0.00E+00,0.00E+00,0.00E+00,0.00E+00,0.00E+00,17.7439896689644,17.7895495122552,0,3691,0,0,0,0,0,0,0,0,0,0,0,0,7.51,21.4,154,2.3,19.3,39.6
1.27693486213684,0,0.972631573677063,0,0.942285418510437,1.0914158821106,9.37E-01,7.70E-01,9.13E-01,9.08E-01,0.00E+00,-1.06604502698858,2.27239635936764,0,3693,0,0,0,0,0,0,0,0,0,0,0,0,12.8,10.1,167,2.15,13.5,34.4
0,0,0,0,0,0,0.00E+00,0.00E+00,0.00E+00,0.00E+00,0.00E+00,0.613319901269786,9.10321762835515,0,3695,0,0,0,0,0,0,0,0,0,0,0,0,4.76,7.32,175,2.26,6.88,21.9
0.908938527107239,0.985930740833283,1.0936895608902,1.30239307880402,1.09410512447357,1.12149906158447,5.87E-01,7.70E-01,8.98E-01,8.56E-01,8.36E-01,-7.34783992222754,8.11808062952959,0,3697,486,571,510,537,590,611,542,637,542,637,546,610,13.9,5.3,197,1.43,17.4,21.3
0.849897563457489,0.947033882141113,0,0,0,0,5.68E-01,8.08E-01,8.65E-01,8.92E-01,0.00E+00,-38.9544253030155,39.1453682860438,0,3699,629,664,595,683,0,0,0,0,0,0,0,0,19,10.2,204,-3.11,38.8,27.5
0,0,0,0,0,0,0.00E+00,0.00E+00,0.00E+00,0.00E+00,0.00E+00,-32.2882875979988,36.8499048887821,0,3702,0,0,0,0,0,0,0,0,0,0,0,0,15.7,25.7,219,-3.5,31.9,22
0,0,0,0,0,0,0.00E+00,0.00E+00,0.00E+00,0.00E+00,0.00E+00,-8.12041544643855,9.25757960269184,0,3704,0,0,0,0,0,0,0,0,0,0,0,0,11.8,21.4,218,-3.53,3.84,42.5
0.85810923576355,0.929712474346161,1.1255099773407,1.36442649364471,1.27224409580231,1.19052970409393,5.19E-01,6.72E-01,9.28E-01,8.76E-01,7.65E-01,9.02421655836406,15.0502761967497,0,3706,540,227,481,205,502,327,454,293,415,285,485,291,2.36,25.5,234,-3.28,16.7,15
0.8702033162117,0.854715406894684,1.08694434165955,1.37519872188568,1.14705610275269,1.17643678188324,6.57E-01,6.59E-01,8.44E-01,9.45E-01,7.80E-01,-0.931341019189822,6.65744453230724,0,3708,539,442,513,433,506,538,466,499,419,490,501,503,4.84,16.1,229,-3.03,7.43,7.04
0,0,0,0,0,0,0.00E+00,0.00E+00,0.00E+00,0.00E+00,0.00E+00,1.84665158128767,3.92644510314788,0,3710,0,0,0,0,0,0,0,0,0,0,0,0,2.41,7.52,226,-2.77,6.92,10.9
0,0,0,0,0,0,0.00E+00,0.00E+00,0.00E+00,0.00E+00,0.00E+00,-5.79179704162436,14.6553393431334,0,3712,0,0,0,0,0,0,0,0,0,0,0,0,3.48,6.94,232,-2.52,9.02,18.1
0,0,0,0,0,0,0.00E+00,0.00E+00,0.00E+00,0.00E+00,0.00E+00,9.26347913051948,19.2617738047878,0,3714,0,0,0,0,0,0,0,0,0,0,0,0,3.29,1.04,229,-2.27,15.1,11
0,0,0,0,0,0,0.00E+00,0.00E+00,0.00E+00,0.00E+00,0.00E+00,2.36029363178791,10.4318971629701,0,3716,0,0,0,0,0,0,0,0,0,0,0,0,8.15,0.176,214,-2.02,13.2,18.8
0.832929313182831,0.378917366266251,1.07511711120605,1.3962949514389,1.12858128547668,1.05338728427887,5.41E-01,7.77E-01,8.79E-01,8.09E-01,7.53E-01,9.34567455856783,15.2690926436047,0,3718,500,670,471,709,483,778,441,743,435,723,466,753,10.9,5.71,212,-1.77,7.2,5.84
0,0,0,0,0,0,0.00E+00,0.00E+00,0.00E+00,0.00E+00,0.00E+00,-4.93683706322965,29.7208905008391,0,3721,0,0,0,0,0,0,0,0,0,0,0,0,12.7,20.7,192,-1.52,3.54,16.9
0.834464490413666,0,1.07569718360901,1.62505662441254,1.24640464782715,1.2697319984436,5.56E-01,6.29E-01,8.55E-01,7.94E-01,7.87E-01,-35.0327390246163,41.7300856781399,0,3723,430,281,0,0,361,384,336,326,316,281,361,348,13,11.5,178,-0.944,38.9,18.7
0.889992475509644,0.969325125217438,0.895018100738525,0,0,0.971624433994293,6.71E-01,6.13E-01,8.32E-01,8.05E-01,2.28E+00,42.7949838104848,51.0163139333209,0,3725,0,0,0,0,0,0,0,0,0,0,0,0,6.11,14.7,145,0.944,36.5,21.8
0.748954474925995,0.888190925121307,1.06395065784454,1.51322770118713,1.20638644695282,1.19713866710663,5.65E-01,7.26E-01,8.97E-01,7.82E-01,2.23E+00,-4.19428098708468,4.88737782500705,0,3727,440,587,395,598,399,688,363,643,325,624,399,654,14.8,4.7,127,1.05,8.75,13.2
0,0,0,0,0,0,0.00E+00,0.00E+00,0.00E+00,0.00E+00,0.00E+00,5.12410013335486,5.79640309832859,0,3729,0,0,0,0,0,0,0,0,0,0,0,0,8.14,5.83,99.1,1.58,16.3,26.9
0.780770778656006,0.356631726026535,1.08816373348236,1.68699467182159,1.32680654525757,1.12679970264435,4.90E-01,5.62E-01,8.49E-01,7.62E-01,6.82E-01,-3.83253636773564,9.66017602362459,0,3731,415,130,409,172,389,239,347,192,342,146,373,208,5.78,8.78,72.3,0.0466,12.7,40.4
0,0,0,0,0,0,0.00E+00,0.00E+00,0.00E+00,0.00E+00,0.00E+00,-5.92525504845291,53.0005539605782,0,3733,0,0,0,0,0,0,0,0,0,0,0,0,16,14.5,58,-0.507,12.5,19.3
0.847398698329926,0,1.07022154331207,1.58523964881897,1.34064638614655,1.14274597167969,5.53E-01,5.91E-01,8.37E-01,8.26E-01,8.61E-01,12.7574227777615,19.836959447432,0,3735,546,171,0,0,411,212,418,151,460,103,419,184,13.5,29.6,60.8,-2.41,7.58,16.2
0,0,0,0,0,0,0.00E+00,0.00E+00,0.00E+00,0.00E+00,0.00E+00,0.215589066865697,65.1945085033113,0,3737,0,0,0,0,0,0,0,0,0,0,0,0,10.6,24,80.8,-2.61,11.1,21.7
0.831514716148376,0.933054387569428,1.11691677570343,1.41305959224701,1.21251010894775,1.10625243186951,4.80E-01,7.52E-01,1.00E+00,1.04E+00,8.25E-01,16.1751378390642,18.043752211499,0,3739,647,495,686,521,713,352,739,383,750,418,732,386,15.7,33.6,105,-3.37,2.85,38.7
0.922763049602509,0.968388617038727,1.14306128025055,1.41611158847809,1.22056937217712,1.04470145702362,4.70E-01,7.42E-01,9.13E-01,8.87E-01,8.99E-01,19.6777841007965,22.0045111146806,0,3742,580,557,607,569,679,487,693,509,710,501,668,519,4.69,29.2,151,2.37,7.12,3.86
0,0,0,0,0.953201174736023,0,0.00E+00,0.00E+00,0.00E+00,0.00E+00,0.00E+00,49.7009368914393,54.3490758358693,0,3744,0,0,0,0,0,0,0,0,0,0,0,0,9.05,7.32,169,2.16,25.9,35.3
0.964293897151947,0,0.987602233886719,0.504955112934113,0,0.600929439067841,7.41E-01,5.64E-01,5.81E-01,6.10E-01,0.00E+00,-30.8122777707287,33.0159252451194,0,3746,0,0,0,0,0,0,0,0,0,0,0,0,22.5,4.72,197,0.518,22.6,28.5
0.835965096950531,0,1.11830317974091,1.40030539035797,1.22943103313446,1.05039954185486,4.89E-01,7.22E-01,9.35E-01,9.24E-01,8.48E-01,9.99078689935043,10.2041613927774,0,3748,304,562,0,0,369,442,394,480,398,502,380,479,23.9,26,208,-2.74,2.64,36.4
0,0,0,0,0,0,0.00E+00,0.00E+00,0.00E+00,0.00E+00,0.00E+00,-9.01319115244145,13.6571469215821,0,3750,0,0,0,0,0,0,0,0,0,0,0,0,29.2,47.4,213,-2.49,15.9,34.3
0.872784316539764,0,1.09016108512878,1.42928516864777,1.22968709468842,1.0538078546524,4.66E-01,6.76E-01,9.25E-01,8.92E-01,7.94E-01,7.72181533839669,9.40025687725385,0,3752,274,302,0,0,291,178,333,207,350,228,309,212,16.4,52.8,202,-2.55,3.98,392
0.782845079898834,0.825396835803986,1.06291520595551,0.812430620193481,1.16238927841187,1.71082389354706,4.63E-01,7.22E-01,9.71E-01,8.91E-01,9.07E-01,129.593341386665,164.195288130066,0,3754,0,0,0,0,0,0,0,0,0,0,0,0,4.16,48,180,-3.08,420,22.5
0,0,0,0,0,0,0.00E+00,0.00E+00,0.00E+00,0.00E+00,0.00E+00,-5.67564769552403,9.66151423781224,0,3756,0,0,0,0,0,0,0,0,0,0,0,0,16.9,106,124,-3.34,17.4,429
0,0,0,0,0,0,0.00E+00,0.00E+00,0.00E+00,0.00E+00,0.00E+00,-22.9626582988884,28.6201095330712,0,3758,0,0,0,0,0,0,0,0,0,0,0,0,5.85,21.8,73.5,-2.17,16.8,4.36
0.857497155666351,0.935527563095093,1.11183631420136,1.16590285301209,1.17594838142395,0,4.37E-01,7.29E-01,0.00E+00,0.00E+00,7.24E-01,-4.46613781701843,5.9432314746698,0,3761,676,216,698,228,646,69.9,670,93.7,674,102,0,0,5.51,85,55.5,-2,4.88,5.64
0,0,0,0,0,0,0.00E+00,0.00E+00,0.00E+00,0.00E+00,0.00E+00,7.77073941122295,12.2906550768804,0,3763,0,0,0,0,0,0,0,0,0,0,0,0,1.15,10.1,116,-1.89,10,6.85
0.851879060268402,0,1.06807625293732,1.42189967632294,1.27279150485992,1.19722306728363,5.37E-01,6.61E-01,8.66E-01,8.28E-01,7.61E-01,3.07620538983503,5.83726348814566,0,3765,665,283,0,0,558,337,550,273,555,246,567,302,6.94,5.7,220,-1.35,15.4,5.28
0,0,0,0,0,0,0.00E+00,0.00E+00,0.00E+00,0.00E+00,0.00E+00,1.52933895476801,3.04700954546504,0,3767,0,0,0,0,0,0,0,0,0,0,0,0,7.93,8.59,278,-1.65,1.53,11.4
0,0,0,0,0,0,0.00E+00,0.00E+00,0.00E+00,0.00E+00,0.00E+00,11.2434654138565,24.2482995192823,0,3769,0,0,0,0,0,0,0,0,0,0,0,0,4.34,9.41,293,-2.29,14.2,12.6
0,0,0,0,0.919141054153442,0,0.00E+00,0.00E+00,0.00E+00,0.00E+00,0.00E+00,-7.13745418668751,20.2440032527046,0,3771,0,0,0,0,0,0,0,0,0,0,0,0,3.87,8.8,350,-3.08,4.42,13
0,0,0,0,0,0,0.00E+00,0.00E+00,0.00E+00,0.00E+00,0.00E+00,-11.0108075695898,19.5114442290763,0,3773,0,0,0,0,0,0,0,0,0,0,0,0,11.1,5.71,336,-2.81,11.8,22.9
0.913476943969727,0.960352420806885,1.0281023979187,0,0,1.11053514480591,5.41E-01,7.44E-01,9.25E-01,0.00E+00,9.02E-01,10.0487744237056,24.6455996516547,0,3775,93.6,633,132,624,171,718,0,0,0,0,141,697,6.61,2.48,298,-2.79,11.1,5.75
0.770132422447205,0,1.05489587783813,1.36366987228394,1.26104700565338,1.06180620193481,5.60E-01,7.14E-01,8.88E-01,8.89E-01,9.45E-01,1.68810396916176,4.87347700756957,0,3777,197,479,0,0,180,601,127,582,93.1,513,155,593,0.938,10.4,276,-2.87,5.85,15.2
1.54102909564972,0.856214463710785,1.25556087493896,0,0,1.00333523750305,5.22E-01,6.23E-01,8.86E-01,5.44E-01,1.22E+00,-6.62288988170762,37.7105930909189,0,3780,0,0,0,0,0,0,0,0,0,0,0,0,27.8,24.8,224,-3.32,18.2,29.3
0.815062522888184,0.911764681339264,1.06417798995972,1.42023026943207,1.2804936170578,1.17285633087158,4.78E-01,5.72E-01,8.73E-01,8.25E-01,6.89E-01,7.16383473565084,21.0807198051578,0,3782,375,135,372,127,294,222,264,169,247,142,299,184,8.94,22.6,174,-3.35,22.4,121
0.869652569293976,0.873088359832764,1.06059324741364,1.35799622535706,1.19670867919922,1.23399293422699,5.15E-01,5.62E-01,8.78E-01,8.31E-01,7.29E-01,32.1945056843297,37.766560816637,0,3784,415,76.4,371,59.6,303,140,295,74.2,271,50.1,323,105,40.5,3.22,139,-0.888,21,13.8
0,0,0,0,0.963302731513977,0,0.00E+00,0.00E+00,0.00E+00,0.00E+00,0.00E+00,36.094531971804,39.655707897122,0,3786,0,0,0,0,0,0,0,0,0,0,0,0,40.2,23.8,98.1,2.48,35.2,53.9
0,0,0,0,0,0,0.00E+00,0.00E+00,0.00E+00,0.00E+00,0.00E+00,-15.453312187275,27.0870038731202,0,3788,0,0,0,0,0,0,0,0,0,0,0,0,18.2,45.9,75.5,3.56,12.1,20.5
0,0,0,0,0,0,0.00E+00,0.00E+00,0.00E+00,0.00E+00,0.00E+00,12.6483645329715,35.2874647888434,0,3790,0,0,0,0,0,0,0,0,0,0,0,0,0.289,56.5,84.8,4.74,4.31,29.4
0,0,0,0,0.939939916133881,0,0.00E+00,0.00E+00,0.00E+00,0.00E+00,0.00E+00,-8.12512014752288,96.0617215389253,0,3792,0,0,0,0,0,0,0,0,0,0,0,0,0.953,40.2,47.8,4.53,37.9,9.5
0,0,0,0,0,0,0.00E+00,0.00E+00,0.00E+00,0.00E+00,0.00E+00,-8.28687660527486,17.3739800123979,0,3794,0,0,0,0,0,0,0,0,0,0,0,0,5.72,14.6,48.8,4.62,12.2,52.2
0,0,0,0,0,0,0.00E+00,0.00E+00,0.00E+00,0.00E+00,0.00E+00,-1.45988002883938,37.2352689431632,0,3796,0,0,0,0,0,0,0,0,0,0,0,0,16.6,12.1,84,4.71,25.7,45.4
0,0,0,0,0,0,0.00E+00,0.00E+00,0.00E+00,0.00E+00,0.00E+00,-7.36914498125512,16.6614938299496,0,3799,0,0,0,0,0,0,0,0,0,0,0,0,10.7,25.6,130,-1.86,44,70.3
0,0,0,0,0,0,0.00E+00,0.00E+00,0.00E+00,0.00E+00,0.00E+00,2.4086024612336,8.81331400464185,0,3801,0,0,0,0,0,0,0,0,0,0,0,0,31.2,28,142,-1.7,5.78,29
0,0,0,0,0,0,0.00E+00,0.00E+00,0.00E+00,0.00E+00,0.00E+00,-4.81160666714113,12.5934915209882,0,3803,0,0,0,0,0,0,0,0,0,0,0,0,22.6,20.9,170,-1.31,9.02,82.7
0,0,0,0,0,0,0.00E+00,0.00E+00,0.00E+00,0.00E+00,0.00E+00,3.58384931279387,22.7987280015966,0,3805,0,0,0,0,0,0,0,0,0,0,0,0,13.8,21.5,212,1.32,26.1,5.7
0,0,0,0,0,0,0.00E+00,0.00E+00,0.00E+00,0.00E+00,0.00E+00,13.3649907600041,32.8071240659073,0,3807,0,0,0,0,0,0,0,0,0,0,0,0,18.4,12.2,225,1.98,26.8,48.9
0,0,0,0,0,0,0.00E+00,0.00E+00,0.00E+00,0.00E+00,0.00E+00,-2.2944996402257,5.63148488979949,0,3809,0,0,0,0,0,0,0,0,0,0,0,0,17,9.95,216,3.45,17.8,73
0,0,0,0,0,0,0.00E+00,0.00E+00,0.00E+00,0.00E+00,0.00E+00,-1.15542129750092,5.42001554246641,1,3811,0,0,0,0,0,0,0,0,0,0,0,0,8.42,22.3,227,4.35,10.2,17.9
0,0,0,0,0,0,0.00E+00,0.00E+00,0.00E+00,0.00E+00,0.00E+00,0.212128614649702,7.12360917011003,1,3813,0,0,0,0,0,0,0,0,0,0,0,0,11,22.7,222,3.63,21.4,73.6
0,0,0,0,0,0,0.00E+00,0.00E+00,0.00E+00,0.00E+00,0.00E+00,-7.20240839631035,41.9288844236395,1,3815,0,0,0,0,0,0,0,0,0,0,0,0,6.4,19.1,186,4.4,53,48.8
0,0,0,0,0,0,0.00E+00,0.00E+00,0.00E+00,0.00E+00,0.00E+00,-0.158140160828433,5.248378729176,1,3817,0,0,0,0,0,0,0,0,0,0,0,0,26.6,17.1,171,1.8,16.7,64.4
0,0,0,0,0,0,0.00E+00,0.00E+00,0.00E+00,0.00E+00,0.00E+00,8.96090281591913,29.0441160320819,1,3820,0,0,0,0,0,0,0,0,0,0,0,0,25.6,32.7,158,-0.36,51.3,23.1
0,0,0,0,0,0,0.00E+00,0.00E+00,0.00E+00,0.00E+00,0.00E+00,-0.20220793326607,17.6117484648578,1,3822,0,0,0,0,0,0,0,0,0,0,0,0,13.6,33.1,156,-2.52,23.6,12.8
0,0,0,0,0,0,0.00E+00,0.00E+00,0.00E+00,0.00E+00,0.00E+00,16.881059781413,69.1278090838279,1,3824,0,0,0,0,0,0,0,0,0,0,0,0,13.4,29.1,148,-1.18,17.2,11.3
0,0,0,0,0,0,0.00E+00,0.00E+00,0.00E+00,0.00E+00,0.00E+00,14.7304063103379,42.3598890290794,1,3826,0,0,0,0,0,0,0,0,0,0,0,0,14.8,18.6,162,0.149,33.1,38.8
0,0,0,0,0,0,0.00E+00,0.00E+00,0.00E+00,0.00E+00,0.00E+00,-8.4197421022371,47.3221564697356,1,3828,0,0,0,0,0,0,0,0,0,0,0,0,6.53,2.77,171,1.48,62.5,102
0,0,0,0,0,0,0.00E+00,0.00E+00,0.00E+00,0.00E+00,0.00E+00,-0.499903670070407,10.1996460018794,1,3830,0,0,0,0,0,0,0,0,0,0,0,0,44.5,7.66,183,2.81,17.3,40.7
0,0,0,0,0,0,0.00E+00,0.00E+00,0.00E+00,0.00E+00,0.00E+00,-7.0798674002061,43.193239747224,1,3832,0,0,0,0,0,0,0,0,0,0,0,0,20.1,27.7,196,4.15,34.5,52.9
0,0,0,0,0,0,0.00E+00,0.00E+00,0.00E+00,0.00E+00,0.00E+00,3.66954018244049,13.8766528427756,1,3834,0,0,0,0,0,0,0,0,0,0,0,0,14.6,36,211,5.48,11.1,44.8
0,0,0,0,0,0,0.00E+00,0.00E+00,0.00E+00,0.00E+00,0.00E+00,7.67544784870359,15.6025312140047,1,3836,0,0,0,0,0,0,0,0,0,0,0,0,11.1,35.7,212,4.44,6.96,81.2
0,0,0,0,0,0,0.00E+00,0.00E+00,0.00E+00,0.00E+00,0.00E+00,-35.3933843757808,37.3566981913422,1,3839,0,0,0,0,0,0,0,0,0,0,0,0,24.7,22.1,198,4.51,6.87,3.39
0,0,0,0,0,0,0.00E+00,0.00E+00,0.00E+00,0.00E+00,0.00E+00,4.77909506841265,16.1091365222699,1,3841,0,0,0,0,0,0,0,0,0,0,0,0,13.3,37.5,165,4.57,9.37,41.6
0,0,0,0,0,0,0.00E+00,0.00E+00,0.00E+00,0.00E+00,0.00E+00,-32.3226645210106,61.2864937930398,1,3843,0,0,0,0,0,0,0,0,0,0,0,0,8.19,24.2,128,4.63,29.9,16.5
0,0,0,0,0,0,0.00E+00,0.00E+00,0.00E+00,0.00E+00,0.00E+00,-6.52152740837005,35.0470174365713,1,3845,0,0,0,0,0,0,0,0,0,0,0,0,20.7,13.2,103,4.7,35.8,13.8
0,0,0,0,0,0,0.00E+00,0.00E+00,0.00E+00,0.00E+00,0.00E+00,3.45193658181694,12.3512271075421,1,3847,0,0,0,0,0,0,0,0,0,0,0,0,18.3,9.5,76.7,4.76,4.88,39.6
0,0,0,0,0,0,0.00E+00,0.00E+00,0.00E+00,0.00E+00,0.00E+00,0.536581487101975,6.0458302610109,1,3849,0,0,0,0,0,0,0,0,0,0,0,0,10.7,27.9,75.1,4.82,7.13,44.1
0,0,0,0,0,0,0.00E+00,0.00E+00,0.00E+00,0.00E+00,0.00E+00,-8.51423062170541,21.9264855099674,1,3851,0,0,0,0,0,0,0,0,0,0,0,0,11.3,25.8,107,4.89,22.7,49.8
1.27317106723785,0,0,0,0,0,5.49E-01,7.36E-01,1.94E+00,9.27E-01,0.00E+00,5.67285895292595,15.8786065591652,1,3853,0,0,0,0,0,0,0,0,0,0,0,0,22.7,19.8,127,4.95,9.01,85
0.923563539981842,0.914529919624329,0,1.25742852687836,0,1.05828714370728,6.07E-01,7.32E-01,1.00E+00,1.46E+00,8.69E-01,-0.002230021044408,11.6945399819806,1,3855,98.7,582,83,559,0,0,7.15,648,0,0,28.3,658,17.6,17.1,127,5.01,28.3,11.1
0,0,0,0,0.961404860019684,0,0.00E+00,0.00E+00,0.00E+00,0.00E+00,0.00E+00,-6.02930774414628,14.9811858762425,1,3858,0,0,0,0,0,0,0,0,0,0,0,0,2.14,6.67,122,5.08,9.38,14.4
0,0,0,0,0,0,0.00E+00,0.00E+00,0.00E+00,0.00E+00,0.00E+00,-1.81020213728468,6.57928128070519,1,3860,0,0,0,0,0,0,0,0,0,0,0,0,10.3,9.03,81.7,5.04,6.42,6.7
0,0,0,0,0,0,0.00E+00,0.00E+00,0.00E+00,0.00E+00,0.00E+00,-1.35756710048923,11.656230589103,1,3862,0,0,0,0,0,0,0,0,0,0,0,0,6.61,10.3,53.9,4.86,16.9,25.1
0,0,0,0,0,0,0.00E+00,0.00E+00,0.00E+00,0.00E+00,0.00E+00,2.30823405179314,4.40404427479509,1,3864,0,0,0,0,0,0,0,0,0,0,0,0,10.5,11.3,24.5,4.68,4.96,15.5
0,0,0,0,0,0,0.00E+00,0.00E+00,0.00E+00,0.00E+00,0.00E+00,-11.8398913552855,14.5973438775638,1,3866,0,0,0,0,0,0,0,0,0,0,0,0,1.68,13,29.9,4.5,11.5,14.7
0,0,0,0,0,0,0.00E+00,0.00E+00,0.00E+00,0.00E+00,0.00E+00,-20.2713312142138,42.1626244652758,1,3868,0,0,0,0,0,0,0,0,0,0,0,0,8.22,9.63,62.1,4.31,15.7,22.8
0,0,0,0,0,0,0.00E+00,0.00E+00,0.00E+00,0.00E+00,0.00E+00,0.721085905859543,8.911966957119,1,3870,0,0,0,0,0,0,0,0,0,0,0,0,6.8,12.1,85.4,4.13,12.6,13.8
0,0,0,0,0,0,0.00E+00,0.00E+00,0.00E+00,0.00E+00,0.00E+00,-17.2544222783592,54.8408151381729,0,3872,0,0,0,0,0,0,0,0,0,0,0,0,3.2,16.8,104,3.95,21.7,29
0,0,0,0,0,0,0.00E+00,0.00E+00,0.00E+00,0.00E+00,0.00E+00,-0.726792150562774,9.25787766913366,0,3874,0,0,0,0,0,0,0,0,0,0,0,0,2.92,9.27,114,3.77,16.7,17
0.903360903263092,0.908764064311981,1.0504812002182,1.37648630142212,1.23822557926178,1.06478142738342,5.51E-01,6.44E-01,8.90E-01,9.02E-01,8.76E-01,1.58400800055959,20.3736409326819,0,3877,405,287,453,286,476,198,515,241,551,232,500,240,2.86,1.32,109,3.59,4.63,16.5
0,0,0,0,0,0,0.00E+00,0.00E+00,0.00E+00,0.00E+00,0.00E+00,0.713611611442995,12.6287803167168,0,3879,0,0,0,0,0,0,0,0,0,0,0,0,4.85,1.7,94.3,3.41,5.17,25.5
0,0,0,0,0,0,0.00E+00,0.00E+00,0.00E+00,0.00E+00,0.00E+00,-6.89492416735755,26.636120792317,0,3881,0,0,0,0,0,0,0,0,0,0,0,0,3.64,7.05,80.4,3.23,25.8,12.4
0,0,0,0,0,0,0.00E+00,0.00E+00,0.00E+00,0.00E+00,0.00E+00,2.99174019863517,33.6954575266087,0,3883,0,0,0,0,0,0,0,0,0,0,0,0,4.98,5.39,72,3.04,10.3,26.4
0,0,0,0,0,0,0.00E+00,0.00E+00,0.00E+00,0.00E+00,0.00E+00,1.16524557432532,43.6826338236648,0,3885,0,0,0,0,0,0,0,0,0,0,0,0,8.53,12.5,59.9,2.86,17.7,7.33
0.812734067440033,1.08000004291534,0,0,0.951070308685303,0.964419484138489,0.00E+00,5.43E-01,8.77E-01,0.00E+00,9.16E-01,6.17148785268843,36.0969514232146,0,3887,0,0,0,0,0,0,0,0,0,0,0,0,12.1,13.7,52.3,3.3,15.1,10.8
0,0,0,0,0,0,0.00E+00,0.00E+00,0.00E+00,0.00E+00,0.00E+00,-0.936599757070454,2.18023400880205,0,3889,0,0,0,0,0,0,0,0,0,0,0,0,4.94,12.3,47.8,4.78,3.51,25.3
0,0,0,0,0,0,0.00E+00,0.00E+00,0.00E+00,0.00E+00,0.00E+00,-13.2504160231299,25.5036783184343,0,3891,0,0,0,0,0,0,0,0,0,0,0,0,6.59,22.4,41.8,4.51,2.9,2.64
0,0,0,0,0,0,0.00E+00,0.00E+00,0.00E+00,0.00E+00,0.00E+00,-1.75646857289019,14.9478455009316,0,3893,0,0,0,0,0,0,0,0,0,0,0,0,8.04,17,47,4.24,18,8.95
0,0,0,0,0,0,0.00E+00,0.00E+00,0.00E+00,0.00E+00,0.00E+00,4.5014056159974,22.2744894362223,0,3895,0,0,0,0,0,0,0,0,0,0,0,0,8.82,17,52.1,3.97,17.4,12.6
0,0,0,0,0,0,0.00E+00,0.00E+00,0.00E+00,0.00E+00,0.00E+00,18.7063732805869,54.5511655418991,0,3898,0,0,0,0,0,0,0,0,0,0,0,0,27,27.6,83.9,4.89,57.6,19.6
0.892391741275787,0.812977075576782,1.03836274147034,1.34559845924377,1.22880256175995,1.14417243003845,5.14E-01,5.83E-01,8.74E-01,8.23E-01,7.78E-01,-29.735955514844,88.3316812080424,0,3900,406,183,371,175,351,288,306,241,290,241,339,243,23.8,14,107,-0.768,120,30.1
0.876412570476532,0,1.03409278392792,1.17398607730865,1.23170149326324,1.123983502388,5.10E-01,7.45E-01,9.55E-01,8.78E-01,7.80E-01,18.5757732446261,45.0279898129116,0,3902,342,541,0,0,283,635,239,596,210,586,264,600,35.1,16.1,140,4.37,50.3,52
0.874230921268463,0.922361075878143,1.04746675491333,1.21250116825104,1.22598528862,1.08972024917603,4.78E-01,7.23E-01,9.53E-01,8.94E-01,8.19E-01,-2.76583364141861,22.7088368780995,0,3904,319,586,279,586,267,677,221,639,182,643,248,648,15.1,23.5,160,1.44,21.6,25.4
0,0,0,0,0,0,0.00E+00,0.00E+00,0.00E+00,0.00E+00,0.00E+00,1.09524290962926,5.18158408374583,0,3906,0,0,0,0,0,0,0,0,0,0,0,0,5.82,20.5,184,1.52,16,48.4
0.903584361076355,0.963654220104218,1.0250495672226,1.27532994747162,1.21000957489014,1.10916662216187,5.26E-01,6.81E-01,9.23E-01,9.20E-01,1.08E+00,-1.86947966701773,6.73705865895846,0,3908,330,690,423,655,436,724,377,738,376,773,376,720,8.05,12.4,205,1.4,2.55,37.9
0.796552062034607,0,1.0416750907898,1.30526399612427,0.948690354824066,1.14002454280853,5.34E-01,7.79E-01,9.12E-01,9.31E-01,8.79E-01,-1.48923717043663,14.5206213153713,0,3910,476,528,0,0,539,652,487,674,451,684,508,662,6.29,20.7,208,1.63,3.71,37.5
0,0,0,0,0,0,0.00E+00,0.00E+00,0.00E+00,0.00E+00,0.00E+00,-8.92404105711494,19.7871459068162,0,3912,0,0,0,0,0,0,0,0,0,0,0,0,24.9,24.2,224,1.69,20.1,12.1
0,0,0,0,0,0,0.00E+00,0.00E+00,0.00E+00,0.00E+00,0.00E+00,-4.69268540578281,14.0693379254799,0,3914,0,0,0,0,0,0,0,0,0,0,0,0,21.5,31.4,228,2.14,10,121
0,0,0,0,0,0,0.00E+00,0.00E+00,0.00E+00,0.00E+00,0.00E+00,-4.00933639522313,4.64284366078415,0,3917,0,0,0,0,0,0,0,0,0,0,0,0,23.2,16.6,225,2.59,8.19,17.4
0.964260935783386,0.927422344684601,1.05022835731506,1.41460597515106,1.28111481666565,1.14113140106201,5.23E-01,6.28E-01,8.70E-01,8.88E-01,1.37E+00,-41.7086632955143,46.5370033906747,0,3919,560,304,572,327,657,247,673,305,688,328,648,289,16.9,3.48,223,3.04,22.7,46.3
0,0,0,0,0,0,0.00E+00,0.00E+00,0.00E+00,0.00E+00,0.00E+00,53.7254176171799,53.803307528628,0,3921,0,0,0,0,0,0,0,0,0,0,0,0,13.2,20.3,212,3.5,51.9,38
0.865451097488403,0,1.02952229976654,1.40497386455536,1.21630954742432,1.26412737369537,4.50E-01,6.48E-01,8.19E-01,8.13E-01,1.10E+00,-19.706250793063,42.0989625816474,0,3923,416,246,0,0,454,134,494,176,490,199,464,170,32.7,20.6,206,3.95,47.2,31.4
0.778707504272461,1.16200578212738,1.09115862846375,1.35502207279205,0,1.03194642066956,4.71E-01,7.09E-01,8.96E-01,9.36E-01,8.69E-01,49.1077124909041,100.270037540391,0,3925,238,526,323,513,337,412,350,468,0,0,342,450,11.7,39.8,186,4.4,81.3,44.5
0,0,0,0,0,0,0.00E+00,0.00E+00,0.00E+00,0.00E+00,0.00E+00,-6.39325274390607,18.020129929693,0,3927,0,0,0,0,0,0,0,0,0,0,0,0,34.2,33.2,168,4.42,10,38
0,0,0,0,0,0,0.00E+00,0.00E+00,0.00E+00,0.00E+00,0.00E+00,9.78030989988513,12.2217958585744,0,3929,0,0,0,0,0,0,0,0,0,0,0,0,11.6,31.9,133,4.44,5.16,67.9
0,0,0,0,0,0,0.00E+00,0.00E+00,0.00E+00,0.00E+00,0.00E+00,20.758402448172,35.9353605560478,0,3931,0,0,0,0,0,0,0,0,0,0,0,0,8.17,35,92.9,4.46,48.7,53.3
0,0,0,0,0,0,0.00E+00,0.00E+00,0.00E+00,0.00E+00,0.00E+00,-10.2842769225329,14.2476247276515,0,3933,0,0,0,0,0,0,0,0,0,0,0,0,17.9,10.8,60.9,4.48,10.5,59.6
0,0,0,0,0,0,0.00E+00,0.00E+00,0.00E+00,0.00E+00,0.00E+00,-10.2524932642559,17.4647564588337,0,3936,0,0,0,0,0,0,0,0,0,0,0,0,5.84,14.1,71.9,4.5,8.23,16.3
0,0,0,0,0,0,0.00E+00,0.00E+00,0.00E+00,0.00E+00,0.00E+00,-1.65188097783876,17.0147358493594,0,3938,0,0,0,0,0,0,0,0,0,0,0,0,7.03,14.5,90.5,4.52,13.2,21.5
0,0,0,0,0,0,0.00E+00,0.00E+00,0.00E+00,0.00E+00,0.00E+00,24.0236049112537,45.0506923074517,0,3940,0,0,0,0,0,0,0,0,0,0,0,0,14,15.1,132,4.54,34.9,17.8
0,0,0,0,0,0,0.00E+00,0.00E+00,0.00E+00,0.00E+00,0.00E+00,9.3794415204316,18.516272102609,0,3942,0,0,0,0,0,0,0,0,0,0,0,0,14.6,7.28,159,4.56,3.69,16
0,0,0,0,0,0,0.00E+00,0.00E+00,0.00E+00,0.00E+00,0.00E+00,10.4835868101794,25.6631741800324,0,3944,0,0,0,0,0,0,0,0,0,0,0,0,2.93,15.7,171,4.58,12.9,18.5
0.924474537372589,0.981941282749176,1.09768521785736,1.37438762187958,1.19379723072052,1.24776268005371,4.97E-01,7.09E-01,1.02E+00,9.38E-01,7.56E-01,4.08116312075774,12.9491172697606,0,3946,574,370,567,332,431,363,456,316,467,287,455,346,6.26,16.4,170,4.6,10.9,26.9
0,0,0,0,0,0,0.00E+00,0.00E+00,0.00E+00,0.00E+00,0.00E+00,1.26590702692275,18.1353616326924,0,3948,0,0,0,0,0,0,0,0,0,0,0,0,1.28,6.29,157,4.62,12.2,13.6
1.7204350233078,0,0.956802487373352,1.03539824485779,0.916808485984802,0.915724217891693,5.64E-01,7.71E-01,0.00E+00,1.64E+00,0.00E+00,-12.4838509092891,23.0799254374577,0,3950,0,0,0,0,0,0,0,0,0,0,0,0,6.13,3.96,139,4.64,16.1,34.8
0.921888411045074,0.948507130146027,1.1533510684967,1.40614891052246,0,1.11463761329651,5.39E-01,5.38E-01,9.05E-01,8.75E-01,8.30E-01,-1.39177351980598,3.07988141484047,0,3952,507,588,476,584,317,597,357,581,0,0,377,603,2.94,2.21,122,4.66,12,11.1
0,0,0,0,0,0,0.00E+00,0.00E+00,0.00E+00,0.00E+00,0.00E+00,-4.14499884812807,15.976139074729,0,3955,0,0,0,0,0,0,0,0,0,0,0,0,3.31,3.47,94.8,4.68,4.36,18.8
0.897739171981812,0.939611077308655,0,1.18988907337189,1.07531547546387,1.69917476177216,5.44E-01,7.30E-01,9.90E-01,9.05E-01,8.09E-01,-14.9966513340483,32.0507525669217,0,3957,151,539,143,518,0,0,14.6,511,16.5,488,35.4,540,0.534,3.4,79.8,4.7,8.99,6.98
0.925711870193481,0.945178508758545,0,1.40086328983307,1.04319190979004,1.03671598434448,5.42E-01,7.03E-01,1.01E+00,8.54E-01,7.33E-01,14.4772735647268,33.7146758058597,0,3959,182,542,173,518,0,0,46.6,518,54.5,485,62.3,542,0.245,2.38,72.5,4.72,12.3,23.5
0.883643329143524,0.9609375,1.28123641014099,1.36507284641266,1.0540634393692,1.01665925979614,5.41E-01,7.00E-01,9.99E-01,8.52E-01,8.13E-01,12.6832337912836,25.2686339560274,0,3961,197,535,191,503,23.6,534,59.5,519,70.6,487,74.7,543,3.67,1.92,87.7,4.74,9.96,38.7
0.89199423789978,0.96193265914917,1.26137554645538,1.36954843997955,1.06208312511444,1.66086196899414,5.22E-01,7.28E-01,1.01E+00,8.90E-01,7.75E-01,26.0817125926993,31.1502426974784,0,3963,255,537,270,530,77.2,539,110,522,137,492,137,545,7.49,5.49,85,4.77,19.5,25.4
0.926759362220764,0.955002963542938,1.51386415958405,1.39130806922913,1.05933821201324,1.04315972328186,5.27E-01,7.58E-01,1.03E+00,9.53E-01,7.62E-01,-9.60513729015837,9.96979026952342,0,3965,305,553,299,526,133,542,168,525,170,495,190,545,4.42,9.34,77.4,4.79,5.72,40
0.855982601642609,0.925765216350555,1.41688024997711,1.37604081630707,1.03347027301788,1.0879420042038,5.05E-01,7.47E-01,1.02E+00,9.04E-01,7.30E-01,4.83339404980791,9.61803653799336,0,3967,338,548,325,527,171,545,205,528,201,499,234,548,16.4,11.7,72.1,4.81,5.64,53.2
0.856788516044617,0.93917453289032,1.50813663005829,1.32031071186066,1.03453969955444,1.2494193315506,5.11E-01,7.44E-01,1.03E+00,8.85E-01,7.89E-01,-15.4587035183127,19.6722579979367,0,3969,293,541,294,525,97.7,543,135,530,169,494,158,552,3.56,7.27,71.5,4.83,3.1,34.3
0.860649526119232,0.942534923553467,1.56014287471771,1.31807923316956,1.05790233612061,1.00114965438843,5.03E-01,7.38E-01,1.03E+00,9.08E-01,6.85E-01,0.05588413182276,12.5430860989276,0,3971,346,546,335,511,166,548,203,531,221,498,224,552,15,2.52,61.8,4.85,11.2,29.7
0.922398090362549,0.936230778694153,1.58678913116455,1.32204151153564,1.01053833961487,1.03207898139954,4.92E-01,7.51E-01,1.01E+00,9.72E-01,7.36E-01,-20.4573590514023,36.9038713345604,0,3974,368,554,365,529,185,550,225,531,234,497,245,552,6.18,12.1,58.2,4.87,19.3,13.3
0,0,0,0,0,0,0.00E+00,0.00E+00,0.00E+00,0.00E+00,0.00E+00,11.4814752245402,18.4050157402167,0,3976,0,0,0,0,0,0,0,0,0,0,0,0,10.6,18.4,53.8,4.89,23.1,17.5
0,0,0,0,0,0,0.00E+00,0.00E+00,0.00E+00,0.00E+00,0.00E+00,41.6661579665986,58.2945985147945,0,3978,0,0,0,0,0,0,0,0,0,0,0,0,5.12,13.7,58.4,4.91,33.8,18
0,0,0,0,0,0,0.00E+00,0.00E+00,0.00E+00,0.00E+00,0.00E+00,12.5792803719813,14.7076420863577,0,3980,0,0,0,0,0,0,0,0,0,0,0,0,19.8,6.58,66.6,4.93,15.3,40.3
0,0,0,0,0,0,0.00E+00,0.00E+00,0.00E+00,0.00E+00,0.00E+00,-6.30215542368097,24.7780662080311,0,3982,0,0,0,0,0,0,0,0,0,0,0,0,18.2,14.9,69.5,4.95,17.3,137
0,0,0,0,0,0,0.00E+00,0.00E+00,0.00E+00,0.00E+00,0.00E+00,-28.6966099329919,43.7836991386969,0,3984,0,0,0,0,0,0,0,0,0,0,0,0,36.1,3.3,76.2,4.97,21.1,28.7
0,0,0,0,0,0,0.00E+00,0.00E+00,0.00E+00,0.00E+00,0.00E+00,-2.13607108051909,33.8715387844681,0,3986,0,0,0,0,0,0,0,0,0,0,0,0,47.9,29.6,79,4.99,24.6,176
0,0,0,0,0,0,0.00E+00,0.00E+00,0.00E+00,0.00E+00,0.00E+00,13.6477976634992,14.6021034445749,0,3988,0,0,0,0,0,0,0,0,0,0,0,0,23.4,19.2,74.4,5.01,33.2,60.5
0,0,0,0,0,0,0.00E+00,0.00E+00,0.00E+00,0.00E+00,0.00E+00,-7.31239478234738,11.4087159737994,0,3990,0,0,0,0,0,0,0,0,0,0,0,0,45.2,13.3,75.1,5.03,7.91,24
0,0,0,0,0,0,0.00E+00,0.00E+00,0.00E+00,0.00E+00,0.00E+00,-10.6968760749961,17.1691883586533,1,3992,0,0,0,0,0,0,0,0,0,0,0,0,38.3,30.9,84,4.14,5.46,87.9
0,0,0,0,0,0,0.00E+00,0.00E+00,0.00E+00,0.00E+00,0.00E+00,-9.31257179915695,26.3679556020373,1,3995,0,0,0,0,0,0,0,0,0,0,0,0,6.03,55.1,66.5,5.21,18.1,25.1
0,0,0,0,0,0,0.00E+00,0.00E+00,0.00E+00,0.00E+00,0.00E+00,2.36451289360947,37.7715529367232,1,3997,0,0,0,0,0,0,0,0,0,0,0,0,3.77,38.8,45.6,4.2,18.5,11.8
0,0,0,0,0,0,0.00E+00,0.00E+00,0.00E+00,0.00E+00,0.00E+00,-5.10193671392564,26.3769204843468,1,3999,0,0,0,0,0,0,0,0,0,0,0,0,8.27,9.78,19.5,3.34,22.2,20.9
0,0,0,0,0,0,0.00E+00,0.00E+00,0.00E+00,0.00E+00,0.00E+00,1.38094330675876,32.3434210654432,1,4001,0,0,0,0,0,0,0,0,0,0,0,0,4.89,3.08,10.3,3.32,35,15.8
0,0,0,0,0,0,0.00E+00,0.00E+00,0.00E+00,0.00E+00,0.00E+00,-1.07252444725088,21.8495450839385,1,4003,0,0,0,0,0,0,0,0,0,0,0,0,14.6,7.45,51.6,0.918,6.19,38.7
0,0,0,0,0,0,0.00E+00,0.00E+00,0.00E+00,0.00E+00,0.00E+00,-2.00642915908055,8.95470462503925,1,4005,0,0,0,0,0,0,0,0,0,0,0,0,9.99,3.21,85.2,0.772,10.8,21.2
0,0,0,0,0,0,0.00E+00,0.00E+00,0.00E+00,0.00E+00,0.00E+00,-7.03934368175887,20.5312643606405,1,4007,0,0,0,0,0,0,0,0,0,0,0,0,12.6,16.7,114,1.6,9.07,26.8
0,0,0,0,0,0,0.00E+00,0.00E+00,0.00E+00,0.00E+00,0.00E+00,1.00634669784563,10.8381346954543,1,4009,0,0,0,0,0,0,0,0,0,0,0,0,3.96,13.6,159,-0.254,14.7,24.4
0,0,0,0,0,0,0.00E+00,0.00E+00,0.00E+00,0.00E+00,0.00E+00,2.6479056646207,11.7763028127691,1,4011,0,0,0,0,0,0,0,0,0,0,0,0,6.44,14.1,180,-0.261,15.7,58.7
0.85793149471283,0,1.04336357116699,1.1688734292984,1.11604070663452,1.06487858295441,4.91E-01,6.18E-01,1.03E+00,8.71E-01,1.05E+00,-0.213430103839671,61.9042535168505,1,4014,175,73,0,0,203,194,146,195,109,186,174,187,15.3,13.6,195,0.214,43.2,29
0,0,0,0,0,0,0.00E+00,0.00E+00,0.00E+00,0.00E+00,0.00E+00,70.2349059583866,87.4370748023538,1,4016,0,0,0,0,0,0,0,0,0,0,0,0,13.5,14.9,204,0.688,40.9,78.8
0,0,0,0,0,0,0.00E+00,0.00E+00,0.00E+00,0.00E+00,0.00E+00,-72.6265670983729,103.17949427658,1,4018,0,0,0,0,0,0,0,0,0,0,0,0,32.7,6.49,198,1.16,20,30.6
0,0,0,0,0,0,0.00E+00,0.00E+00,0.00E+00,0.00E+00,0.00E+00,1.67294499002125,10.4178299415875,1,4020,0,0,0,0,0,0,0,0,0,0,0,0,18.9,33.4,180,1.64,7.94,87.9
1.00161361694336,0.94355696439743,1.06391489505768,1.13280510902405,1.1241317987442,1.37083160877228,6.07E-01,7.19E-01,1.12E+00,7.20E-01,8.29E-01,-1.95767691799094,8.61025824171845,1,4022,638,471,703,482,732,544,675,526,638,567,681,512,7.1,27,169,2.11,7.02,19.9
0.97576779127121,0.888484835624695,0,1.14216768741608,1.07410359382629,1.10701966285706,5.63E-01,7.35E-01,9.97E-01,9.40E-01,8.21E-01,25.6851249581841,27.2235785632561,1,4024,789,532,700,553,0,0,679,669,641,668,709,652,2.85,27.9,154,2.59,6.04,12.5
0,0,0,0,0,0,0.00E+00,0.00E+00,0.00E+00,0.00E+00,0.00E+00,9.4154524018718,11.550542812056,1,4026,0,0,0,0,0,0,0,0,0,0,0,0,4.91,15.6,122,-0.177,5.21,14.2
0,0,0,0,0,0,0.00E+00,0.00E+00,0.00E+00,0.00E+00,0.00E+00,3.93642405016652,33.0641366602556,1,4028,0,0,0,0,0,0,0,0,0,0,0,0,7.27,2.33,92.6,-2.17,27.2,23.7
0,0,0,0,0,0,0.00E+00,0.00E+00,0.00E+00,0.00E+00,0.00E+00,33.8825137068657,76.3153114784765,1,4030,0,0,0,0,0,0,0,0,0,0,0,0,9.1,10.7,93.8,0.484,61.4,80.6
0,0,0,0,0,0,0.00E+00,0.00E+00,0.00E+00,0.00E+00,0.00E+00,-0.222239535132014,38.9671674039557,1,4033,0,0,0,0,0,0,0,0,0,0,0,0,11.9,3.44,75.5,3.14,24.2,61.4
0,0,0,0,0,0,0.00E+00,0.00E+00,0.00E+00,0.00E+00,0.00E+00,-69.9996112385146,78.1758803985939,1,4035,0,0,0,0,0,0,0,0,0,0,0,0,39.4,5.87,78.5,2.62,10.1,80.6
0,0,0,0,0,0,0.00E+00,0.00E+00,0.00E+00,0.00E+00,0.00E+00,-16.9586599714371,29.4096122592905,1,4037,0,0,0,0,0,0,0,0,0,0,0,0,6.06,8.46,97.2,2.1,2.3,18
0,0,0,0,0,0,0.00E+00,0.00E+00,0.00E+00,0.00E+00,0.00E+00,1.96815190751193,25.4310347864763,1,4039,0,0,0,0,0,0,0,0,0,0,0,0,16.5,29.3,107,2.51,29.1,14.5
0,0,0,0,0,0,0.00E+00,0.00E+00,0.00E+00,0.00E+00,0.00E+00,-4.75332893212886,45.541779216298,1,4041,0,0,0,0,0,0,0,0,0,0,0,0,2.78,17.3,109,-0.717,36.7,53.9
0,0,0,0,0,0,0.00E+00,0.00E+00,0.00E+00,0.00E+00,0.00E+00,10.5900768322025,37.7273225036448,1,4043,0,0,0,0,0,0,0,0,0,0,0,0,18.1,12.5,112,0.91,19.5,49.7
0,0,0,0,0,0,0.00E+00,0.00E+00,0.00E+00,0.00E+00,0.00E+00,-35.7267026582975,73.7304561302497,1,4045,0,0,0,0,0,0,0,0,0,0,0,0,17.5,11.3,101,-0.681,51,55.3
0,0,0,0,0,0,0.00E+00,0.00E+00,0.00E+00,0.00E+00,0.00E+00,-1.30624031908699,28.9505263782612,1,4047,0,0,0,0,0,0,0,0,0,0,0,0,21.9,20.1,92.6,-1.63,29.7,24.1
0,0,0,0,0,0,0.00E+00,0.00E+00,0.00E+00,0.00E+00,0.00E+00,7.3976991614497,31.0227372798486,1,4049,0,0,0,0,0,0,0,0,0,0,0,0,10.2,29.2,69.3,-0.373,38.2,89.2
0,0,0,0,0,0,0.00E+00,0.00E+00,0.00E+00,0.00E+00,0.00E+00,7.33361868510071,54.9073063531391,0,4052,0,0,0,0,0,0,0,0,0,0,0,0,42.7,31.4,55.8,1.31,55.2,45.1
0,0,0,0,0,0,0.00E+00,0.00E+00,0.00E+00,0.00E+00,0.00E+00,14.2714182403279,71.2836182239609,0,4054,0,0,0,0,0,0,0,0,0,0,0,0,13.7,16.1,78.3,0.253,71.4,18.7
0,0,0,0,0,0,0.00E+00,0.00E+00,0.00E+00,0.00E+00,0.00E+00,0.451393342543993,9.40754183775675,0,4056,0,0,0,0,0,0,0,0,0,0,0,0,28.1,30.8,97.2,0.472,5.29,7.7
0,0,0,0,0,0,0.00E+00,0.00E+00,0.00E+00,0.00E+00,0.00E+00,-1.07565647993861,12.2971753092691,0,4058,0,0,0,0,0,0,0,0,0,0,0,0,1.72,3.08,103,0.0756,5.4,3.68
0,0,0,0,0,0,0.00E+00,0.00E+00,0.00E+00,0.00E+00,0.00E+00,-0.02473921963865,2.18512700180547,0,4060,0,0,0,0,0,0,0,0,0,0,0,0,1.69,15.5,123,-0.28,8.01,5.55
0,0,0,0,0,0,0.00E+00,0.00E+00,0.00E+00,0.00E+00,0.00E+00,-0.586485238250441,7.25993847481966,0,4062,0,0,0,0,0,0,0,0,0,0,0,0,2.24,6.88,134,0.48,6.47,0.931
0,0,0,0,0,0,0.00E+00,0.00E+00,0.00E+00,0.00E+00,0.00E+00,0.221501630504553,1.60588798447373,0,4064,0,0,0,0,0,0,0,0,0,0,0,0,1.03,16.2,136,0.232,3.49,7.32
0,0,0,0,0,0,0.00E+00,0.00E+00,0.00E+00,0.00E+00,0.00E+00,1.35333045352368,13.5223324485491,0,4066,0,0,0,0,0,0,0,0,0,0,0,0,5.41,1.21,135,1.03,16.4,4.83
0,0,0,0,0,0,0.00E+00,0.00E+00,0.00E+00,0.00E+00,0.00E+00,2.44442273748312,22.7455289264237,0,4068,0,0,0,0,0,0,0,0,0,0,0,0,1.94,1.4,134,0.374,15.2,1.93
0.918322026729584,0.945981562137604,0.953213095664978,0.848406732082367,0.957500874996185,1.00885665416718,2.99E-01,6.71E-01,9.38E-01,9.19E-01,8.21E-01,-0.025353969231541,3.81510163978124,0,4070,0,0,0,0,0,0,0,0,0,0,0,0,6.05,1.35,126,0.726,8.88,12.1
0.876067698001862,0,1.92690062522888,0.8708775639534,0.926590025424957,0.96370130777359,3.22E-01,6.94E-01,9.53E-01,1.09E+00,9.59E-01,-0.318897749368908,4.81932960096869,0,4073,0,0,0,0,0,0,0,0,0,0,0,0,0.626,1.65,105,0.771,2.92,6.26
0.753681480884552,0.351441234350204,1.95525562763214,0.871418476104736,0.91590291261673,0.97137314081192,3.21E-01,7.49E-01,9.77E-01,8.08E-01,8.78E-01,-0.067105940440701,3.12616687683598,0,4075,0,0,0,0,0,0,0,0,0,0,0,0,1.72,1.42,92.3,0.344,3.74,2.25
0.948032736778259,0,0.895966053009033,0.926247596740723,0.891429662704468,1.02294373512268,3.41E-01,6.41E-01,9.31E-01,8.87E-01,7.80E-01,0.384229999028891,1.67881918578515,0,4077,0,0,0,0,0,0,0,0,0,0,0,0,0.535,1.84,74.2,0.592,5.87,1.8
0.923749446868897,0.364672988653183,0.95849609375,0.907430827617645,0.911064684391022,1.05367362499237,3.25E-01,6.31E-01,9.35E-01,1.13E+00,7.79E-01,0.298707069744698,10.2531100240628,0,4079,546,319,511,292,414,327,385,325,400,318,372,340,2.81,3.29,57.2,0.414,5.87,5.4
0.943289756774902,0,2.75286841392517,0.888782024383545,0.914824426174164,1.02709424495697,3.25E-01,6.05E-01,7.36E-01,1.21E+00,9.40E-01,-3.50777826141093,24.0031097028106,0,4081,0,0,0,0,0,0,0,0,0,0,0,0,12.1,5.7,51.3,1.01,19.5,4.48
0,0,0,0,0,0,0.00E+00,0.00E+00,0.00E+00,0.00E+00,0.00E+00,5.59986990768531,14.3130412555683,0,4083,0,0,0,0,0,0,0,0,0,0,0,0,6.03,2.07,34.4,-0.623,44.4,10.8
0.90045428276062,0.888000011444092,1.37179267406464,1.16878008842468,1.0787250995636,1.19647324085236,5.21E-01,6.67E-01,1.30E+00,1.01E+00,9.11E-01,18.477209837094,23.7847147544359,0,4085,342,526,287,502,200,516,223,482,215,430,233,513,18.1,2.84,30.8,-2.22,6.74,8.31
0,0,0,0,0,0,0.00E+00,0.00E+00,0.00E+00,0.00E+00,0.00E+00,-1.01500051243418,5.07186132128667,0,4087,0,0,0,0,0,0,0,0,0,0,0,0,1.36,7.98,33.6,-0.214,2.07,34.4
0.317538470029831,0,0,0,0,0.934664249420166,3.46E-01,3.57E-01,8.35E-01,3.69E-01,9.24E-01,-1.00873886596399,8.35652622007628,0,4089,0,0,0,0,0,0,0,0,0,0,0,0,11.3,7.32,34.8,-1.11,7.7,35.3
0,0,0,1.07683408260345,1.06317627429962,1.10257959365845,0.00E+00,0.00E+00,8.88E-01,9.66E-01,0.00E+00,-15.1763898844042,25.4093949365503,0,4092,0,0,0,0,0,0,104,648,132,661,82.4,643,12.4,6.54,26.7,-2,25,49.6
0,0,0,0,0,0,0.00E+00,0.00E+00,0.00E+00,0.00E+00,0.00E+00,163.349335250045,169.136466097222,0,4094,0,0,0,0,0,0,0,0,0,0,0,0,33.2,21.6,23.3,-2.52,59.5,41.8
0.865284979343414,0,0,0.934268832206726,0.862903237342835,0.919389963150024,3.23E-01,3.04E-01,9.04E-01,3.72E-01,4.57E-01,53.689252055829,74.9267203178914,0,4096,0,0,0,0,0,0,0,0,0,0,0,0,26.1,29.2,30.8,-0.097,56.3,67.8
0,0,0,0,0,0,0.00E+00,0.00E+00,0.00E+00,0.00E+00,0.00E+00,61.1985102542673,103.540930562474,0,4098,0,0,0,0,0,0,0,0,0,0,0,0,58.1,32.9,33.2,-1.38,126,104
0,0,0,0,0,0,0.00E+00,0.00E+00,0.00E+00,0.00E+00,0.00E+00,-26.5727179601546,40.538001861122,0,4100,0,0,0,0,0,0,0,0,0,0,0,0,85,63.4,38.3,-3.21,32.3,214
0,0,0,0,0,0,0.00E+00,0.00E+00,0.00E+00,0.00E+00,0.00E+00,-2.89953754251345,29.630053152121,0,4102,0,0,0,0,0,0,0,0,0,0,0,0,35.3,60.2,63.3,-1.17,28.9,101
0,0,0,0,0,0,0.00E+00,0.00E+00,0.00E+00,0.00E+00,0.00E+00,-12.0588838202758,14.167986170887,0,4104,0,0,0,0,0,0,0,0,0,0,0,0,71.6,32.3,89.6,0.863,23.4,188
0,0,0,0,0,0,0.00E+00,0.00E+00,0.00E+00,0.00E+00,0.00E+00,-5.41415957372327,44.637762180245,0,4106,0,0,0,0,0,0,0,0,0,0,0,0,10.7,12.1,123,2.9,33.7,4.63
0,0,0,0,0,0,0.00E+00,0.00E+00,0.00E+00,0.00E+00,0.00E+00,-44.9111374449591,46.7050857256701,0,4108,0,0,0,0,0,0,0,0,0,0,0,0,22.4,52.2,154,2.49,47.1,67.1
0,0,0,0,0,0,0.00E+00,0.00E+00,0.00E+00,0.00E+00,0.00E+00,-83.1172311750781,89.975575474753,0,4111,0,0,0,0,0,0,0,0,0,0,0,0,22.5,62.1,177,2.07,48.5,21.9
0,0,0,0,0,0,0.00E+00,0.00E+00,0.00E+00,0.00E+00,0.00E+00,-3.66218130925856,21.1659836367367,0,4113,0,0,0,0,0,0,0,0,0,0,0,0,35.1,27.1,191,1.66,17.8,26.3
0,0,0,0,0,0,0.00E+00,0.00E+00,0.00E+00,0.00E+00,0.00E+00,19.1551493116989,22.4711145014073,0,4115,0,0,0,0,0,0,0,0,0,0,0,0,12.7,36.7,183,1.24,8,35
0,0,0,0,0,0,0.00E+00,0.00E+00,0.00E+00,0.00E+00,0.00E+00,-6.9971733799039,14.0731952675848,0,4117,0,0,0,0,0,0,0,0,0,0,0,0,2.06,41.4,158,0.828,7.48,10.3
0,0,0,0,0,0,0.00E+00,0.00E+00,0.00E+00,0.00E+00,0.00E+00,-7.41710409124163,25.3246148789693,0,4119,0,0,0,0,0,0,0,0,0,0,0,0,1.68,15.8,121,0.414,13.7,1.35
0,0,0,0,0,0,0.00E+00,0.00E+00,0.00E+00,0.00E+00,0.00E+00,-19.3276853283985,21.221360994864,0,4121,0,0,0,0,0,0,0,0,0,0,0,0,6.5,18,78,-0.000778,21.9,13.3
0,0,0,0,0,0,0.00E+00,0.00E+00,0.00E+00,0.00E+00,0.00E+00,-16.013932301028,36.5354693272635,0,4123,0,0,0,0,0,0,0,0,0,0,0,0,10.5,5.93,11.9,-0.415,32,14.8
0,0,0,0,0,0,0.00E+00,0.00E+00,0.00E+00,0.00E+00,0.00E+00,27.4093775193318,44.8747659471681,0,4125,0,0,0,0,0,0,0,0,0,0,0,0,25.1,12.8,53.8,-0.363,76.6,29.4
0.943133771419525,0.920127809047699,1.10034847259521,1.25960004329681,1.06332182884216,1.15938258171082,5.81E-01,7.62E-01,8.59E-01,9.31E-01,9.26E-01,-5.75673138496637,12.5607695721076,0,4127,0,0,0,0,0,0,0,0,0,0,0,0,51.3,20.8,107,0.306,24.3,27.4
0.871658325195313,0,1.12362682819366,1.20334541797638,0,1.13556468486786,6.06E-01,7.63E-01,1.03E+00,8.00E-01,7.87E-01,2.00205115910367,2.37110429765474,0,4130,114,314,0,0,40.5,398,10.1,353,0,0,44.7,366,6.67,49.1,179,-0.107,6.03,22.9
0.86919629573822,0.924081444740295,1.1607837677002,1.22213077545166,1.15723252296448,1.1812310218811,5.13E-01,6.73E-01,9.08E-01,9.50E-01,8.17E-01,3.95888441048686,9.81688541544691,0,4132,191,275,167,246,109,346,71.8,298,61.7,289,101,311,20,62.3,188,-0.45,8.06,18.6
0,0,0,0,0,0,0.00E+00,0.00E+00,0.00E+00,0.00E+00,0.00E+00,-26.1451187208783,29.6052811579749,0,4134,0,0,0,0,0,0,0,0,0,0,0,0,4.18,45.5,162,-0.972,27.2,42.6
0,0,0,0,0,0,0.00E+00,0.00E+00,0.00E+00,0.00E+00,0.00E+00,17.5607484416734,19.8506327433755,0,4136,0,0,0,0,0,0,0,0,0,0,0,0,16.4,33,127,-1.63,24,31
0,0,0,0,0,0,0.00E+00,0.00E+00,0.00E+00,0.00E+00,0.00E+00,-40.8686320558283,43.8544433202684,0,4138,0,0,0,0,0,0,0,0,0,0,0,0,8.05,16.7,81.8,-1.85,35.3,31
0,0,0,0,0,0,0.00E+00,0.00E+00,0.00E+00,0.00E+00,0.00E+00,63.0082554896417,63.4588961835335,0,4140,0,0,0,0,0,0,0,0,0,0,0,0,14.8,25.8,59.2,-2.08,30.5,13.5
0,0,0,0,0,0,0.00E+00,0.00E+00,0.00E+00,0.00E+00,0.00E+00,-42.8185503163179,56.0560976991171,0,4142,0,0,0,0,0,0,0,0,0,0,0,0,20.4,21.2,114,-2.31,53.6,83
0,0,0,0,0,0,0.00E+00,0.00E+00,0.00E+00,0.00E+00,0.00E+00,-14.756182789373,16.1516513499496,0,4144,0,0,0,0,0,0,0,0,0,0,0,0,35.8,16.9,186,-2.53,12.7,25
0,0,0,0,0,0,0.00E+00,0.00E+00,0.00E+00,0.00E+00,0.00E+00,-5.08455777493681,5.10704665739044,0,4146,0,0,0,0,0,0,0,0,0,0,0,0,19.2,36.4,264,-2.76,24.3,45.6
0,0,0,0,0,0,0.00E+00,0.00E+00,0.00E+00,0.00E+00,0.00E+00,11.501956223925,14.168556056878,0,4148,0,0,0,0,0,0,0,0,0,0,0,0,13.1,40.6,322,-2.99,23.2,34.2
0,0,0,0,0,0,0.00E+00,0.00E+00,0.00E+00,0.00E+00,0.00E+00,-4.63806009135999,29.9834326834378,0,4151,0,0,0,0,0,0,0,0,0,0,0,0,28.6,51.1,369,-3.22,40.6,109
0,0,0,0,0,0,0.00E+00,0.00E+00,0.00E+00,0.00E+00,0.00E+00,87.9476846038721,118.902792362652,0,4153,0,0,0,0,0,0,0,0,0,0,0,0,24.2,19.2,368,-3.44,97.8,49.9
0,0,0,0,0,0,0.00E+00,0.00E+00,0.00E+00,0.00E+00,0.00E+00,-68.4698547200165,72.8201308113581,0,4155,0,0,0,0,0,0,0,0,0,0,0,0,38.7,37.6,343,-2.67,68.5,118
0,0,0,0,0,0,0.00E+00,0.00E+00,0.00E+00,0.00E+00,0.00E+00,-50.5855129401967,87.9914560280061,0,4157,0,0,0,0,0,0,0,0,0,0,0,0,59.3,46.7,296,-2.84,82.6,52.2
0,0,0,0,0,0,0.00E+00,0.00E+00,0.00E+00,0.00E+00,0.00E+00,83.7616481921134,84.2745791945696,0,4159,0,0,0,0,0,0,0,0,0,0,0,0,20.8,50.9,246,-3,78,46.9
0,0,0,0,0,0,0.00E+00,0.00E+00,0.00E+00,0.00E+00,0.00E+00,-23.8156596139634,25.6846009627595,0,4161,0,0,0,0,0,0,0,0,0,0,0,0,48.5,38.8,189,-3.16,37.5,29.2
0,0,0,0,0,0,0.00E+00,0.00E+00,0.00E+00,0.00E+00,0.00E+00,15.1189665915441,35.0356448457043,0,4163,0,0,0,0,0,0,0,0,0,0,0,0,45,41.5,136,-1.92,47.3,31.3
0,0,0,0,0,0,0.00E+00,0.00E+00,0.00E+00,0.00E+00,0.00E+00,-10.6865017028961,61.9484789893837,0,4165,0,0,0,0,0,0,0,0,0,0,0,0,25.4,52.6,94.7,-2.79,31.5,131
0,0,0,0,0,0,0.00E+00,0.00E+00,0.00E+00,0.00E+00,0.00E+00,-2.32946079411957,2.54117769181899,0,4167,0,0,0,0,0,0,0,0,0,0,0,0,34.9,49.2,74.2,-2.92,19.9,59.4
0,0,0,0,0,0,0.00E+00,0.00E+00,0.00E+00,0.00E+00,0.00E+00,-28.6322440407354,42.2929409083006,0,4170,0,0,0,0,0,0,0,0,0,0,0,0,21.5,14.9,94.2,-2.69,74.7,59.8
0,0,0,0,0,0,0.00E+00,0.00E+00,0.00E+00,0.00E+00,0.00E+00,-40.4964115791716,46.2996853264544,1,4172,0,0,0,0,0,0,0,0,0,0,0,0,18.6,26.9,121,-2.92,40.2,17.7
0,0,0,0,0,0,0.00E+00,0.00E+00,0.00E+00,0.00E+00,0.00E+00,62.5658325260096,71.3642533687026,1,4174,0,0,0,0,0,0,0,0,0,0,0,0,25.8,17.2,132,-3.14,66.5,88.1
0,0,0,0,0,0,0.00E+00,0.00E+00,0.00E+00,0.00E+00,0.00E+00,87.0658522338534,90.4799579661816,1,4176,0,0,0,0,0,0,0,0,0,0,0,0,51.1,9.44,147,-3.36,64.1,292
0,0,0,0,0,0,0.00E+00,0.00E+00,0.00E+00,0.00E+00,0.00E+00,252.283653546673,285.945947474875,1,4178,0,0,0,0,0,0,0,0,0,0,0,0,130,106,116,-3.59,287,817
0,0,0,0,0,0,0.00E+00,0.00E+00,0.00E+00,0.00E+00,0.00E+00,-410.729921316107,4114.16007758142,1,4180,0,0,0,0,0,0,0,0,0,0,0,0,1110,690,267,-1.26,3390,3550
0,0,0,0,0,0,0.00E+00,0.00E+00,0.00E+00,0.00E+00,0.00E+00,-36.3957183709562,40.8061269965557,1,4182,0,0,0,0,0,0,0,0,0,0,0,0,125,61.9,185,-1.81,29.8,735
0,0,0,0,0,0,0.00E+00,0.00E+00,0.00E+00,0.00E+00,0.00E+00,30.4225661471625,46.2724747996026,1,4184,0,0,0,0,0,0,0,0,0,0,0,0,1100,12.6,135,2.07,46.2,3230
0,0,0,0,0,0,0.00E+00,0.00E+00,0.00E+00,0.00E+00,0.00E+00,83.730224219404,87.6089697405935,1,4186,0,0,0,0,0,0,0,0,0,0,0,0,39,77.1,226,-0.834,61.5,73.5
0,0,0,0,0,0,0.00E+00,0.00E+00,0.00E+00,0.00E+00,0.00E+00,18.2225028479159,20.2934052033231,1,4189,0,0,0,0,0,0,0,0,0,0,0,0,23.1,62.6,570,-0.845,23.1,78.3
0,0,0,0,0,0,0.00E+00,0.00E+00,0.00E+00,0.00E+00,0.00E+00,0.723969495403748,10.9893089924413,1,4191,0,0,0,0,0,0,0,0,0,0,0,0,15.6,647,266,-0.724,15.8,24.2
0,0,0,0,0,0,0.00E+00,0.00E+00,0.00E+00,0.00E+00,0.00E+00,-15.1065611505312,21.8589472857307,1,4193,0,0,0,0,0,0,0,0,0,0,0,0,13,16.4,295,-2.07,21.8,40.4
0,0,0,0,0,0,0.00E+00,0.00E+00,0.00E+00,0.00E+00,0.00E+00,0.098138129841824,38.3406099998661,1,4195,0,0,0,0,0,0,0,0,0,0,0,0,18.5,31.7,679,0.919,55.5,30.7
0,0,0,0,0,0,0.00E+00,0.00E+00,0.00E+00,0.00E+00,0.00E+00,-9.93624795792226,37.4027557618021,1,4197,0,0,0,0,0,0,0,0,0,0,0,0,11.3,33.9,319,-0.771,7.44,20.6
0,0,0,0,0,0,0.00E+00,0.00E+00,0.00E+00,0.00E+00,0.00E+00,-15.7626581095379,17.0701970157495,1,4199,0,0,0,0,0,0,0,0,0,0,0,0,10.4,14,53.9,0.152,8.15,16.2
0,0,0,0,0,0,0.00E+00,0.00E+00,0.00E+00,0.00E+00,0.00E+00,27.8316260172118,31.8427279082209,1,4201,0,0,0,0,0,0,0,0,0,0,0,0,15,10.5,379,-0.955,31.9,47
0,0,0,0,0,0,0.00E+00,0.00E+00,0.00E+00,0.00E+00,0.00E+00,-61.9387247501725,68.5409917827969,1,4203,0,0,0,0,0,0,0,0,0,0,0,0,17.1,7.36,44.7,-0.91,71.7,110
0,0,0,0,0,0,0.00E+00,0.00E+00,0.00E+00,0.00E+00,0.00E+00,81.1843655589164,89.7915039801493,1,4205,0,0,0,0,0,0,0,0,0,0,0,0,48.2,10.7,271,4.51,34.8,212
0,0,0,0,0,0,0.00E+00,0.00E+00,0.00E+00,0.00E+00,0.00E+00,0.639264977724417,35.1631302662176,1,4208,0,0,0,0,0,0,0,0,0,0,0,0,94.5,16.3,581,1.18,25,93.6
0,0,0,0,0,0,0.00E+00,0.00E+00,0.00E+00,0.00E+00,0.00E+00,-0.730056636234423,25.859927143688,1,4210,0,0,0,0,0,0,0,0,0,0,0,0,36.9,65.6,235,0.938,75.2,39.8
0,0,0,0,0,0,0.00E+00,0.00E+00,0.00E+00,0.00E+00,0.00E+00,10.345126205384,14.9948981766687,1,4212,0,0,0,0,0,0,0,0,0,0,0,0,52.7,94.5,587,0.937,13.9,62.5
0,0,0,0,0,0,0.00E+00,0.00E+00,0.00E+00,0.00E+00,0.00E+00,-8.42366851208762,18.1740913081206,1,4214,0,0,0,0,0,0,0,0,0,0,0,0,8.88,76.3,602,1.43,13,26.1
0,0,0,0,0,0,0.00E+00,0.00E+00,0.00E+00,0.00E+00,0.00E+00,6.16056849621634,11.5103700186562,1,4216,0,0,0,0,0,0,0,0,0,0,0,0,9.81,81.1,273,1.33,7.6,16.2
0,0,0,0,0,0,0.00E+00,0.00E+00,0.00E+00,0.00E+00,0.00E+00,8.82826254871212,12.8990632183951,1,4218,0,0,0,0,0,0,0,0,0,0,0,0,1.58,31.6,319,0.886,5.12,46
0,0,0,0,0,0,0.00E+00,0.00E+00,0.00E+00,0.00E+00,0.00E+00,0.148659922536656,13.1079226717825,1,4220,0,0,0,0,0,0,0,0,0,0,0,0,12.8,29.4,390,0.872,6.68,58.1
0,0,0,0,0,0,0.00E+00,0.00E+00,0.00E+00,0.00E+00,0.00E+00,-23.3569478288771,35.0223779775314,1,4222,0,0,0,0,0,0,0,0,0,0,0,0,20.8,4.99,318,1.68,41.4,18.7
0,0,0,0,0,0,0.00E+00,0.00E+00,0.00E+00,0.00E+00,0.00E+00,18.666483967545,33.5390487724904,1,4224,0,0,0,0,0,0,0,0,0,0,0,0,13.1,5.69,341,1.88,45.5,20
0,0,0,0,0,0,0.00E+00,0.00E+00,0.00E+00,0.00E+00,0.00E+00,39.5832090143224,43.7411422809614,1,4226,0,0,0,0,0,0,0,0,0,0,0,0,16.8,10.8,577,2.24,22.5,25.2
0,0,0,0,0,0,0.00E+00,0.00E+00,0.00E+00,0.00E+00,0.00E+00,26.0128533474179,32.0477890694404,1,4229,0,0,0,0,0,0,0,0,0,0,0,0,12.3,5.77,499,1.36,32.2,24.9
0,0,0,0,0,0,0.00E+00,0.00E+00,0.00E+00,0.00E+00,0.00E+00,-5.07739955693465,6.49598401030875,1,4231,0,0,0,0,0,0,0,0,0,0,0,0,1.13,7.6,511,1.77,3.34,56.2
0,0,0,0,0,0,0.00E+00,0.00E+00,0.00E+00,0.00E+00,0.00E+00,-6.86565364655094,20.7609867874723,0,4233,0,0,0,0,0,0,0,0,0,0,0,0,3.63,20.4,513,1.13,14,11.7
0,0,0,0,0,0,0.00E+00,0.00E+00,0.00E+00,0.00E+00,0.00E+00,-1.96564601093914,12.9897672013052,0,4235,0,0,0,0,0,0,0,0,0,0,0,0,2.85,9.28,469,1.27,8.82,33.8
0,0,0,0,0,0,0.00E+00,0.00E+00,0.00E+00,0.00E+00,0.00E+00,5.29302843168986,10.2560511854302,0,4237,0,0,0,0,0,0,0,0,0,0,0,0,5.22,3.34,411,1.78,10.1,9.54
0,0,0,0,0,0,0.00E+00,0.00E+00,0.00E+00,0.00E+00,0.00E+00,5.32850682825523,20.8474127570233,0,4239,0,0,0,0,0,0,0,0,0,0,0,0,5.79,6.6,361,1.04,15.6,29.4
0,0,0,0,0,0,0.00E+00,0.00E+00,0.00E+00,0.00E+00,0.00E+00,-6.17036573023716,51.2869746409399,0,4241,0,0,0,0,0,0,0,0,0,0,0,0,7.76,9.15,295,1.64,36.7,21.4
0,0,0,0,0,0,0.00E+00,0.00E+00,0.00E+00,0.00E+00,0.00E+00,-3.96126642825012,25.5098709234913,0,4243,0,0,0,0,0,0,0,0,0,0,0,0,12.1,6.5,220,1.94,10.9,107
0,0,0,0,0,0,0.00E+00,0.00E+00,0.00E+00,0.00E+00,0.00E+00,-8.42794940573512,11.0609918343461,0,4245,0,0,0,0,0,0,0,0,0,0,0,0,37.5,26,166,1.52,6.29,5.37
0,0,0,0,0,0,0.00E+00,0.00E+00,0.00E+00,0.00E+00,0.00E+00,0.22615830708895,3.35189783348122,0,4248,0,0,0,0,0,0,0,0,0,0,0,0,13.3,58.1,92.1,1.19,4.29,33.7
0.870851397514343,0,1.03064846992493,1.50477194786072,1.38671851158142,1.10487627983093,6.83E-01,7.08E-01,9.93E-01,8.87E-01,8.55E-01,-16.1157541792999,24.1013740229791,0,4250,643,243,0,0,593,98.6,641,89.6,676,129,620,99.5,4.81,51.5,32.8,1.68,11.5,23.2
1.79153609275818,0.943171799182892,1.4439799785614,0,0,0.879653990268707,6.45E-01,6.15E-01,9.22E-01,8.68E-01,1.19E+00,-5.40112409493755,15.6537839267604,0,4252,0,0,0,0,0,0,0,0,0,0,0,0,1.71,32.2,25.5,2.54,8.53,9.33
0,0,0,0,0,0,0.00E+00,0.00E+00,0.00E+00,0.00E+00,0.00E+00,49.8176211904662,54.6021729134093,0,4254,0,0,0,0,0,0,0,0,0,0,0,0,8.94,19.2,52.2,0.551,43,95.6
0,0,0,0,0,0,0.00E+00,0.00E+00,0.00E+00,0.00E+00,0.00E+00,3.57178741468235,6.31576715116586,0,4256,0,0,0,0,0,0,0,0,0,0,0,0,41.3,21.8,107,0.697,10.1,22.1
0,0,0,0,0,0,0.00E+00,0.00E+00,0.00E+00,0.00E+00,0.00E+00,-12.9892081546972,19.7302723397662,0,4258,0,0,0,0,0,0,0,0,0,0,0,0,17.8,37.7,148,0.812,10.4,74
0,0,0,0,0,0,0.00E+00,0.00E+00,0.00E+00,0.00E+00,0.00E+00,-2.44127793564149,3.42137841891312,0,4260,0,0,0,0,0,0,0,0,0,0,0,0,11.6,38.7,180,0.959,2.8,24.6
0,0,0,0,0,0,0.00E+00,0.00E+00,0.00E+00,0.00E+00,0.00E+00,4.08828946382032,5.5440700856027,0,4262,0,0,0,0,0,0,0,0,0,0,0,0,2.19,31.2,197,0.964,5.76,19.1
0,0,0,0,0,0,0.00E+00,0.00E+00,0.00E+00,0.00E+00,0.00E+00,4.6784485899361,12.5674251491253,0,4264,0,0,0,0,0,0,0,0,0,0,0,0,6.11,16.8,201,0.974,16.6,14.9
0,0,0,0,0,0,0.00E+00,0.00E+00,0.00E+00,0.00E+00,0.00E+00,-0.531257692275962,6.04879626120423,0,4267,0,0,0,0,0,0,0,0,0,0,0,0,9.83,4.84,188,1.11,12.2,6.26
0,0,0,0,0,0,0.00E+00,0.00E+00,0.00E+00,0.00E+00,0.00E+00,-13.4224602903932,15.3495566351053,0,4269,0,0,0,0,0,0,0,0,0,0,0,0,20,13.4,152,-1.93,33.7,26.2
0,0,0,0,0,0,0.00E+00,0.00E+00,0.00E+00,0.00E+00,0.00E+00,1.4225085648872,11.4071617873086,0,4271,0,0,0,0,0,0,0,0,0,0,0,0,25.6,21.7,120,-1.39,9.2,18.7
0.856624841690064,0,1.08792316913605,1.57723379135132,1.41217613220215,1.21015167236328,5.65E-01,7.08E-01,9.17E-01,8.24E-01,8.14E-01,5.7038732138788,7.38390128716752,0,4273,292,137,0,0,331,46,366,84,414,84.2,342,88.5,12.8,40.5,77.5,-0.254,23.5,46.6
0.875440359115601,0.919508874416351,1.08698570728302,1.6571444272995,1.38822019100189,1.07034170627594,6.31E-01,6.81E-01,9.58E-01,8.38E-01,9.08E-01,4.31547543948563,7.64543144683474,0,4275,103,533,68.3,602,231,497,233,555,188,607,230,526,9.2,33.8,39.4,0.49,9.14,16.8
0,0,0,0,0,0,0.00E+00,0.00E+00,0.00E+00,0.00E+00,0.00E+00,2.25410115960448,4.56606870470128,0,4277,0,0,0,0,0,0,0,0,0,0,0,0,1.32,24,17.8,0.115,15.9,19.9
0,0,0,0,0,0,0.00E+00,0.00E+00,0.00E+00,0.00E+00,0.00E+00,-5.79986125724192,6.03561220079229,0,4279,0,0,0,0,0,0,0,0,0,0,0,0,5.51,15.8,9.56,-1.42,10.5,18.3
0,0,0,0,0,0,0.00E+00,0.00E+00,0.00E+00,0.00E+00,0.00E+00,-7.92257880279817,39.6702806664858,0,4281,0,0,0,0,0,0,0,0,0,0,0,0,0.908,3.06,11.1,0.253,10.8,16.9
0.629973888397217,0.70893007516861,0,0,0.937935411930084,0.937777757644653,0.00E+00,6.13E-01,9.21E-01,0.00E+00,8.33E-01,-1.81259977933573,21.1289579602125,0,4283,0,0,0,0,0,0,0,0,0,0,0,0,9.63,5.46,22,-0.083,13.6,19.9
0,0,0,0,0,0,0.00E+00,0.00E+00,0.00E+00,0.00E+00,0.00E+00,0.366529833117851,10.801328100938,0,4286,0,0,0,0,0,0,0,0,0,0,0,0,22.9,15.8,81.9,-0.419,30.5,20.5
0.830421805381775,0,1.10952639579773,1.4274582862854,1.25841987133026,1.10206234455109,4.84E-01,7.70E-01,9.23E-01,8.88E-01,8.38E-01,-1.6747612467516,6.82422164925806,0,4288,401,63,0,0,405,171,366,152,356,150,380,151,34.2,23.1,120,-0.756,14.4,48
0.928663969039917,0.879177391529083,1.04942297935486,1.52682828903198,1.2542964220047,1.0541136264801,5.54E-01,7.89E-01,9.55E-01,9.26E-01,8.73E-01,0.527349441683622,2.44921719726923,0,4290,344,221,305,236,349,334,306,310,262,299,331,304,6.95,29.7,151,-1.09,7.88,13.9
0.884902954101563,0,1.1194931268692,1.44306743144989,1.22316944599152,1.03984117507935,4.86E-01,7.53E-01,9.59E-01,1.09E+00,9.37E-01,0.814162208638719,21.103749217134,0,4292,319,345,0,0,384,427,337,415,320,415,358,400,6.02,34.1,185,-1.43,11.2,40.8
0.907069146633148,0,1.06808090209961,1.51306128501892,1.21800625324249,1.09180772304535,5.39E-01,7.62E-01,9.43E-01,1.00E+00,7.50E-01,-10.1906508667345,39.1172262146492,0,4294,274,399,0,0,379,470,323,464,306,433,350,459,14,13.4,214,-1.76,29.9,49.3
0,0,0,0,0,0,0.00E+00,0.00E+00,0.00E+00,0.00E+00,0.00E+00,3.73613692236558,11.6427881825438,0,4296,0,0,0,0,0,0,0,0,0,0,0,0,18.1,5.59,231,-2.1,35,29.9
0,0,0,0,0,0,0.00E+00,0.00E+00,0.00E+00,0.00E+00,0.00E+00,28.8600978552104,33.9901850597214,0,4298,0,0,0,0,0,0,0,0,0,0,0,0,15,23.6,225,-2.44,18.7,53.6
0,0,0,0,0,0,0.00E+00,0.00E+00,0.00E+00,0.00E+00,0.00E+00,21.0762297518345,22.1820723738299,0,4300,0,0,0,0,0,0,0,0,0,0,0,0,7.67,16.6,231,-2.77,5.18,16.5
0,0,0,0,0,0,0.00E+00,0.00E+00,0.00E+00,0.00E+00,0.00E+00,-99.9921783655229,107.946259102972,0,4302,0,0,0,0,0,0,0,0,0,0,0,0,35.1,14.7,226,-3.11,79.2,23.2
0,0,0,0,0,0,0.00E+00,0.00E+00,0.00E+00,0.00E+00,0.00E+00,33.8933786449933,78.4335989438576,0,4305,0,0,0,0,0,0,0,0,0,0,0,0,21,29.9,214,-3.45,60.5,62.7
0,0,0,0,0,0,0.00E+00,0.00E+00,0.00E+00,0.00E+00,0.00E+00,13.9780201624159,46.3093692271035,0,4307,0,0,0,0,0,0,0,0,0,0,0,0,11.1,45.7,205,-3.38,20.2,24.8
0,0,0,0,0,0,0.00E+00,0.00E+00,0.00E+00,0.00E+00,0.00E+00,-84.203769076445,101.110343937619,0,4309,0,0,0,0,0,0,0,0,0,0,0,0,9.98,31.9,204,-3.31,17.5,8.59
0,0,0,0,0,0,0.00E+00,0.00E+00,0.00E+00,0.00E+00,0.00E+00,10.1191897589581,28.4051671602789,0,4311,0,0,0,0,0,0,0,0,0,0,0,0,9.74,3.93,195,-3.25,29.3,5.74
0,0,0,0,0,0,0.00E+00,0.00E+00,0.00E+00,0.00E+00,0.00E+00,2.75858800154633,7.35541369679007,0,4313,0,0,0,0,0,0,0,0,0,0,0,0,11,14.7,186,-3.18,9.98,27.6
0,0,0,0,0,0,0.00E+00,0.00E+00,0.00E+00,0.00E+00,0.00E+00,-0.058198615913758,12.3964452432349,0,4315,0,0,0,0,0,0,0,0,0,0,0,0,6.07,23.1,190,-3.11,22.4,26
0,0,0,0,0,0,0.00E+00,0.00E+00,0.00E+00,0.00E+00,0.00E+00,0.026698294748959,37.2717850055016,0,4317,0,0,0,0,0,0,0,0,0,0,0,0,15.7,10.4,180,-3.05,37.2,9.8
0,0,0,0,0,0,0.00E+00,0.00E+00,0.00E+00,0.00E+00,0.00E+00,-2.72868321007365,50.7966519987351,0,4319,0,0,0,0,0,0,0,0,0,0,0,0,8.65,10.3,174,-2.98,50.9,61.5
0,0,0,0,0,0,0.00E+00,0.00E+00,0.00E+00,0.00E+00,0.00E+00,-2.58463957837142,4.48066146230592,0,4321,0,0,0,0,0,0,0,0,0,0,0,0,17.6,2.36,175,-2.91,28.6,53.6
0,0,0,0,0,0,0.00E+00,0.00E+00,0.00E+00,0.00E+00,0.00E+00,18.0021596515503,22.2255361026761,0,4323,0,0,0,0,0,0,0,0,0,0,0,0,14.1,1.52,158,-2.85,9.15,19.7
0,0,0,0,0,0,0.00E+00,0.00E+00,0.00E+00,0.00E+00,0.00E+00,36.7164347037739,58.3222228550469,0,4326,0,0,0,0,0,0,0,0,0,0,0,0,19.1,20.1,129,-2.78,69.6,44.3
0,0,0,0,0,0,0.00E+00,0.00E+00,0.00E+00,0.00E+00,0.00E+00,19.1443409830331,26.8774558938166,0,4328,0,0,0,0,0,0,0,0,0,0,0,0,27.3,20.8,105,-2.71,23.3,47.3
0,0,0,0,0,0,0.00E+00,0.00E+00,0.00E+00,0.00E+00,0.00E+00,15.4270079694703,46.3160390907653,0,4330,0,0,0,0,0,0,0,0,0,0,0,0,12.9,37.5,91.9,-2.65,33.6,124
0,0,0,0,0,0,0.00E+00,0.00E+00,0.00E+00,0.00E+00,0.00E+00,-10.4357879170933,36.9649288058141,0,4332,0,0,0,0,0,0,0,0,0,0,0,0,25.9,32.9,51.8,-2.58,7.6,39.8
0,0,0,0,0,0,0.00E+00,0.00E+00,0.00E+00,0.00E+00,0.00E+00,0.427449106548158,19.0354051713473,0,4334,0,0,0,0,0,0,0,0,0,0,0,0,22.6,21.9,9.8,-2.51,4.43,74.2
0,0,0,0,0,0,0.00E+00,0.00E+00,0.00E+00,0.00E+00,0.00E+00,-0.479651815189525,17.1062269609291,0,4336,0,0,0,0,0,0,0,0,0,0,0,0,3.15,26.4,22.7,-2.45,25.6,24.3
0,0,0,0,0,0,0.00E+00,0.00E+00,0.00E+00,0.00E+00,0.00E+00,-1.09061850918894,19.1211508735977,0,4338,0,0,0,0,0,0,0,0,0,0,0,0,7.6,34.5,59,-2.38,14.5,48.5
0,0,0,0,0,0,0.00E+00,0.00E+00,0.00E+00,0.00E+00,0.00E+00,-11.6526993618659,30.7084940308867,0,4340,0,0,0,0,0,0,0,0,0,0,0,0,20,19.7,87.2,-2.31,13.3,10.4
0,0,0,0,0,0,0.00E+00,0.00E+00,0.00E+00,0.00E+00,0.00E+00,-10.2621043762132,11.1686498155987,0,4342,0,0,0,0,0,0,0,0,0,0,0,0,18.4,23.2,108,-2.25,1.37,117
0,0,0,0,0,0,0.00E+00,0.00E+00,0.00E+00,0.00E+00,0.00E+00,8.49806340942986,15.0607085012095,0,4345,0,0,0,0,0,0,0,0,0,0,0,0,34.4,30.5,116,-2.18,33.6,43
0,0,0,0,0,0,0.00E+00,0.00E+00,0.00E+00,0.00E+00,0.00E+00,-3.40370985361227,13.2419742345975,0,4347,0,0,0,0,0,0,0,0,0,0,0,0,20.5,43.9,126,-2.11,15.3,45.9
0,0,0,0,0,0,0.00E+00,0.00E+00,0.00E+00,0.00E+00,0.00E+00,-17.4880550136782,28.161976972311,0,4349,0,0,0,0,0,0,0,0,0,0,0,0,5.8,42.1,114,-2.05,4.05,58
0,0,0,0,1.04807686805725,0,0.00E+00,0.00E+00,0.00E+00,0.00E+00,0.00E+00,0.008942258129277,22.0292647989853,0,4351,0,0,0,0,0,0,0,0,0,0,0,0,19,21.5,73.5,-1.98,15.2,52.2
0,0,0,0,0,0,0.00E+00,0.00E+00,0.00E+00,0.00E+00,0.00E+00,-3.04451948062189,67.4176845684221,1,4353,0,0,0,0,0,0,0,0,0,0,0,0,42.9,22.8,40.5,-1.91,62,219
0,0,0,0,0,0,0.00E+00,0.00E+00,0.00E+00,0.00E+00,0.00E+00,19.6873228276454,152.020864921634,1,4355,0,0,0,0,0,0,0,0,0,0,0,0,21.9,13,4.15,-1.85,156,55.4
0,0,0,0,0,0,0.00E+00,0.00E+00,0.00E+00,0.00E+00,0.00E+00,11.2659349426957,25.2181285304497,1,4357,0,0,0,0,0,0,0,0,0,0,0,0,58.3,37.7,34.1,-1.78,29,164
0,0,0,0,0,0,0.00E+00,0.00E+00,0.00E+00,0.00E+00,0.00E+00,43.6861294320773,72.9962313112751,1,4359,0,0,0,0,0,0,0,0,0,0,0,0,24,37.5,65.5,-1.71,78.2,61.7
0,0,0,0,0,0,0.00E+00,0.00E+00,0.00E+00,0.00E+00,0.00E+00,13.1915698096142,70.4576269294564,1,4361,0,0,0,0,0,0,0,0,0,0,0,0,34.2,52.8,97.2,-1.65,44.6,23
0,0,0,0,0,0,0.00E+00,0.00E+00,0.00E+00,0.00E+00,0.00E+00,-102.65079672748,106.969908850065,1,4364,0,0,0,0,0,0,0,0,0,0,0,0,14.5,47.6,109,-1.58,52.2,82.4
0,0,0,0,0,0,0.00E+00,0.00E+00,0.00E+00,0.00E+00,0.00E+00,-22.6521674956893,25.8186940969774,1,4366,0,0,0,0,0,0,0,0,0,0,0,0,25.6,33.4,102,-1.51,12.7,28.9
0,0,0,0,0,0,0.00E+00,0.00E+00,0.00E+00,0.00E+00,0.00E+00,-17.9675773041725,80.1619302045114,1,4368,0,0,0,0,0,0,0,0,0,0,0,0,4.07,29.6,79.6,-1.45,66.8,143
0,0,0,0,0,0,0.00E+00,0.00E+00,0.00E+00,0.00E+00,0.00E+00,10.7668789758466,17.7538660502834,1,4370,0,0,0,0,0,0,0,0,0,0,0,0,46.7,17.5,90.1,-1.38,18.9,40.6
0,0,0,0,0,0,0.00E+00,0.00E+00,0.00E+00,0.00E+00,0.00E+00,-6.92048646091351,10.9113829131674,1,4372,0,0,0,0,0,0,0,0,0,0,0,0,31.9,33.4,107,-1.31,15.9,128
0,0,0,0,0,0,0.00E+00,0.00E+00,0.00E+00,0.00E+00,0.00E+00,3.87233702230447,9.696133034847,1,4374,0,0,0,0,0,0,0,0,0,0,0,0,23.2,43.3,125,-1.25,13.1,71.9
0,0,0,0,0,0,0.00E+00,0.00E+00,0.00E+00,0.00E+00,0.00E+00,57.8226336132509,66.034049219299,1,4376,0,0,0,0,0,0,0,0,0,0,0,0,34,18.3,158,-0.735,49.9,54.8
0,0,0,0,0,0,0.00E+00,0.00E+00,0.00E+00,0.00E+00,0.00E+00,-53.3660423275692,69.9426385994516,1,4378,0,0,0,0,0,0,0,0,0,0,0,0,5.48,14.4,171,-1.46,56.1,26.7
0,0,0,0,0,0,0.00E+00,0.00E+00,0.00E+00,0.00E+00,0.00E+00,20.934493185198,21.197824099009,1,4380,0,0,0,0,0,0,0,0,0,0,0,0,19.3,23.1,176,-3.34,25.4,63.8
0,0,0,0,0,0,0.00E+00,0.00E+00,0.00E+00,0.00E+00,0.00E+00,23.4105228343001,23.7523025765819,1,4383,0,0,0,0,0,0,0,0,0,0,0,0,15.6,3.52,169,-0.719,41.6,21.4
0,0,0,0,0,0,0.00E+00,0.00E+00,0.00E+00,0.00E+00,0.00E+00,-3.46590966536587,3.5681940466596,1,4385,0,0,0,0,0,0,0,0,0,0,0,0,6.13,27.1,134,-3.21,12.4,68.1
0,0,0,0,0,0,0.00E+00,0.00E+00,0.00E+00,0.00E+00,0.00E+00,-5.37754132405114,7.80613306664666,1,4387,0,0,0,0,0,0,0,0,0,0,0,0,6.09,24,108,-2.43,6.74,6.25
0,0,0,0,0,0,0.00E+00,0.00E+00,0.00E+00,0.00E+00,0.00E+00,-13.2838046828046,13.9350616521574,1,4389,0,0,0,0,0,0,0,0,0,0,0,0,5.66,4.97,95.5,-3.35,8.53,26.4
0,0,0,0,0,0,0.00E+00,0.00E+00,0.00E+00,0.00E+00,0.00E+00,7.61703550651172,10.0869034305276,1,4391,0,0,0,0,0,0,0,0,0,0,0,0,10.7,12.1,75.2,-3.36,11.6,16.8
0,0,0,0,0,0,0.00E+00,0.00E+00,0.00E+00,0.00E+00,0.00E+00,0.169719933140599,24.1981789123652,1,4393,0,0,0,0,0,0,0,0,0,0,0,0,16.6,29.3,89,-3.37,24,75.8
0,0,0,0,0,0,0.00E+00,0.00E+00,0.00E+00,0.00E+00,0.00E+00,-16.228784120606,34.5600507261974,1,4395,0,0,0,0,0,0,0,0,0,0,0,0,2.5,14.7,97.6,-3.35,34.4,38.9
0,0,0,0,0,0,0.00E+00,0.00E+00,0.00E+00,0.00E+00,0.00E+00,-2.7402137282416,9.3005944351767,1,4397,0,0,0,0,0,0,0,0,0,0,0,0,10.8,18.8,101,-3.33,4.67,33.8
0,0,0,0,0,0,0.00E+00,0.00E+00,0.00E+00,0.00E+00,0.00E+00,-6.55087367632232,12.46208695005,1,4399,0,0,0,0,0,0,0,0,0,0,0,0,11.4,21.4,87.4,-3.31,3.66,29.1
0.924828350543976,0,1.16013705730438,1.28460419178009,1.11701965332031,1.4565521478653,5.41E-01,6.60E-01,9.29E-01,0.00E+00,8.24E-01,10.1240968429551,26.2989202718589,1,4401,646,295,0,0,541,360,546,298,567,317,555,319,0.39,12.2,75.6,-3.29,5,9.88
0,0,0,0,0,0,0.00E+00,0.00E+00,0.00E+00,0.00E+00,0.00E+00,-10.5918005652025,27.616687970366,1,4404,0,0,0,0,0,0,0,0,0,0,0,0,6.16,4.61,56.5,-3.26,3.61,8.87
0.912980139255524,0,1.1363011598587,1.22991752624512,1.13270819187164,1.37617862224579,5.54E-01,6.93E-01,9.64E-01,8.29E-01,8.61E-01,0.734961991649641,1.71973905691772,1,4406,698,305,0,0,632,409,605,358,589,326,623,376,6.33,5.82,63.2,-3.24,5.19,12.3
0.967468619346619,0.956561088562012,1.11043250560761,1.17178881168365,0.984098374843597,0,5.84E-01,7.93E-01,9.38E-01,1.02E+00,8.52E-01,1.40546759860293,16.760803206109,1,4408,689,198,653,157,645,288,615,231,612,155,0,0,6.36,7.45,85.4,-3.22,7.3,32.9
0,0,0,0,0,0,0.00E+00,0.00E+00,0.00E+00,0.00E+00,0.00E+00,16.9244114618454,47.3220010765328,1,4410,0,0,0,0,0,0,0,0,0,0,0,0,7.42,9.07,110,-3.2,12.1,24.6
0,0,0,0,0,0,0.00E+00,0.00E+00,0.00E+00,0.00E+00,0.00E+00,2.86560029421408,8.43099094508158,1,4412,0,0,0,0,0,0,0,0,0,0,0,0,7.88,4.15,123,-3.18,15,49.5
0.968215882778168,0,1.11353194713593,1.32608354091644,1.09622824192047,1.38287496566772,5.93E-01,6.82E-01,1.01E+00,8.90E-01,9.03E-01,2.34402277812667,8.3176543980702,0,4414,328,139,0,0,204,221,188,170,208,133,204,193,12.5,5.23,141,-3.16,4.61,59.2
0.907469093799591,0.906600832939148,1.14394164085388,1.21309471130371,1.05179035663605,1.51381158828735,5.19E-01,6.52E-01,9.43E-01,9.17E-01,7.92E-01,3.86660338091183,15.3942674699976,0,4416,373,58.2,399,118,291,177,295,127,279,120,319,142,5.16,6.3,147,-3.14,10.2,34.1
0.905005753040314,0.975483894348145,1.08935499191284,1.16465246677399,1.08416736125946,1.34988248348236,5.41E-01,6.77E-01,9.00E-01,8.73E-01,8.44E-01,2.41235662383282,11.2137670650269,0,4418,493,202,506,176,377,207,390,153,418,146,397,181,8.56,8.74,147,-3.11,4.78,46.6
0.919683456420898,0.955179989337921,1.11165904998779,1.14340543746948,1.1329493522644,1.40504777431488,5.09E-01,6.26E-01,9.39E-01,9.03E-01,8.35E-01,-0.09910507088719,13.5321181216968,0,4420,505,53.3,537,86.3,469,173,459,120,437,94.3,482,134,23,21.1,150,-3.09,5.46,65.2
0,0,0,0,0,0,0.00E+00,0.00E+00,0.00E+00,0.00E+00,0.00E+00,3.33141878858438,11.4644056794574,0,4423,0,0,0,0,0,0,0,0,0,0,0,0,2.56,24.9,128,-3.07,7,7.7
0,0,0,0,0,0,0.00E+00,0.00E+00,0.00E+00,0.00E+00,0.00E+00,0.11874250556208,0.461628446967906,0,4425,0,0,0,0,0,0,0,0,0,0,0,0,6.24,2.44,115,-3.05,1.9,15.9
0.984693646430969,0.93178778886795,0.986075282096863,1.16579592227936,0.99559360742569,1.41880595684052,5.19E-01,7.48E-01,8.55E-01,9.25E-01,8.58E-01,-0.986018542310836,9.66654451624284,0,4427,0,0,0,0,0,0,0,0,0,0,0,0,5.63,8.91,94.5,-3.03,7.92,9.08
0.960861206054688,0.965693831443787,1.15056192874908,1.11223614215851,1.06320762634277,1.36943030357361,5.35E-01,6.91E-01,9.87E-01,9.99E-01,9.52E-01,1.95224899615059,15.0422627155944,0,4429,543,141,558,186,493,260,485,199,467,215,508,217,2.18,6.89,90.9,-3.01,20.2,21.4
0.971424400806427,0.790697693824768,1.23487794399261,1.18057155609131,1.09447228908539,1.30484414100647,5.00E-01,6.31E-01,9.51E-01,9.53E-01,8.39E-01,-4.23512759482185,24.0757097452493,0,4431,444,411,435,413,328,440,354,408,368,418,363,416,5.85,4.08,87.9,-2.99,12.8,5.67
0.93399715423584,0.951829254627228,1.16699635982513,0,1.02059876918793,1.03944146633148,5.55E-01,7.60E-01,1.09E+00,1.41E+00,8.81E-01,-0.731363657243646,7.41232636786903,0,4433,0,0,0,0,0,0,0,0,0,0,0,0,1.67,4.39,75.9,-2.96,3.87,2.02
0,0,0,0,0,0,0.00E+00,0.00E+00,0.00E+00,0.00E+00,0.00E+00,-8.62938424946758,17.4833388100607,0,4435,0,0,0,0,0,0,0,0,0,0,0,0,2.1,4.22,91.2,-2.94,4.48,15.5
0,0,0,0,0,0,0.00E+00,0.00E+00,0.00E+00,0.00E+00,0.00E+00,-7.61734335305266,18.631144051539,0,4437,0,0,0,0,0,0,0,0,0,0,0,0,6.75,2.17,80.7,-2.92,17.7,15.1
0,0,0,0,0,0,0.00E+00,0.00E+00,0.00E+00,0.00E+00,0.00E+00,3.49326084033225,9.13203169935776,0,4439,0,0,0,0,0,0,0,0,0,0,0,0,16.1,9.86,70.5,-2.9,18.1,14.5
0,0,0,0,0,0,0.00E+00,0.00E+00,0.00E+00,0.00E+00,0.00E+00,-5.44319989644592,10.6583305458512,0,4442,0,0,0,0,0,0,0,0,0,0,0,0,2.86,16.4,62.3,-2.88,8.5,36.6
0,0,0,0,0,0,0.00E+00,0.00E+00,0.00E+00,0.00E+00,0.00E+00,0.956344066906212,6.0643554809195,0,4444,0,0,0,0,0,0,0,0,0,0,0,0,11.5,6.69,58.3,-2.86,5.1,3.86
0,0,0,0,0,0,0.00E+00,0.00E+00,0.00E+00,0.00E+00,0.00E+00,-1.46347729896855,4.50018612193712,0,4446,0,0,0,0,0,0,0,0,0,0,0,0,11.6,1.83,40.1,-2.84,4.6,19.7
0,0,0,0,0,0,0.00E+00,0.00E+00,0.00E+00,0.00E+00,0.00E+00,7.35607240794747,20.1133771763386,0,4448,0,0,0,0,0,0,0,0,0,0,0,0,3.45,12.7,23.1,-2.82,7.81,5.39
0,0,0,0,0,0,0.00E+00,0.00E+00,0.00E+00,0.00E+00,0.00E+00,0.535883195950803,1.53380427349228,0,4450,0,0,0,0,0,0,0,0,0,0,0,0,0.741,16.7,12.1,-2.79,1.69,1.1
0.917103409767151,0,1.22179067134857,1.07696771621704,0,1.15827643871307,5.17E-01,7.91E-01,9.48E-01,0.00E+00,8.16E-01,6.96153061791813,22.3871317695408,0,4452,404,214,0,0,379,323,343,288,0,0,361,285,3.65,11.6,5.77,-2.77,12.1,0.114
0.853599667549133,0,1.20287692546844,0.902573227882385,0.977274060249329,0.953982472419739,5.08E-01,7.66E-01,9.24E-01,1.31E+00,8.67E-01,0.4680733380839,7.08658999196701,0,4454,0,0,0,0,0,0,0,0,0,0,0,0,4.16,7.03,20.2,-2.75,2.17,10.6
0.922738432884216,0.991735517978668,1.20646560192108,1.11988162994385,1.0482405424118,1.14850652217865,5.40E-01,7.43E-01,9.54E-01,9.48E-01,8.23E-01,3.46740586481245,15.1689543300438,0,4456,328,569,293,522,217,636,222,587,224,529,233,607,0.837,5.58,13.3,-2.73,7.01,4.53
0.898106932640076,0.909539461135864,1.20289301872253,1.1784759759903,1.04461419582367,1.22783434391022,5.93E-01,6.64E-01,9.62E-01,9.49E-01,7.72E-01,-2.74652377969795,9.70783809208118,0,4458,286,360,288,378,251,487,223,426,229,409,244,447,3.13,1.66,12.7,-2.71,4.28,6.2
0.893155455589294,0,1.18901300430298,1.10778915882111,1.05711245536804,1.26732587814331,5.94E-01,6.71E-01,0.00E+00,9.74E-01,8.32E-01,-0.691878780196252,6.31105264159727,0,4461,268,305,0,0,226,432,207,377,203,358,233,398,1.9,0.663,9.55,-2.69,6.97,7.56
0.877205669879913,0.946643710136414,1.1405622959137,1.10219931602478,1.03146123886108,1.16050457954407,5.75E-01,6.88E-01,9.38E-01,9.33E-01,7.87E-01,-2.96874800768886,7.02033158633434,0,4463,295,328,310,361,236,435,226,376,207,353,250,397,2.3,0.77,15.9,-2.67,3.7,47.9
0.915818870067596,0,1.10871946811676,1.09429824352264,1.04489850997925,1.25462651252747,5.88E-01,7.20E-01,9.53E-01,8.88E-01,8.02E-01,-28.047016757889,86.8175226938632,0,4465,361,338,0,0,248,389,252,335,256,287,257,359,122,73.5,54.8,-2.64,396,375
0.87599378824234,0.933687031269074,1.14965605735779,1.04644978046417,1.0496244430542,1.12251818180084,5.45E-01,6.84E-01,9.58E-01,9.48E-01,8.39E-01,-9.59499630179738,30.6770548518641,0,4467,401,324,387,295,280,349,287,292,280,267,302,316,2.48,8.57,37.8,-2.62,21.9,44.6
0.887982845306397,0,1.15439081192017,1.05150902271271,1.04795670509338,1.12892127037048,5.51E-01,6.95E-01,9.15E-01,9.46E-01,8.17E-01,0.890424017496254,6.04987127927443,0,4469,428,341,0,0,302,361,312,306,310,284,328,335,124,5.51,42,-2.6,9.18,368
0.888376355171204,0.897608399391174,1.16207575798035,1.04664981365204,1.04480719566345,1.13557195663452,5.36E-01,6.68E-01,9.57E-01,9.64E-01,8.49E-01,1.63115876510462,6.88997760232205,0,4471,427,349,418,342,303,383,313,327,311,298,327,355,4.68,3.97,62.3,-2.58,7.51,3.24
0.918604016304016,0.831967234611511,1.15655398368835,1.06053864955902,1.04460453987122,1.18745982646942,5.53E-01,6.74E-01,9.50E-01,9.78E-01,8.35E-01,-0.567304821595306,13.5127595715157,0,4473,418,330,405,303,306,386,312,324,317,294,327,356,8.19,76.3,55.7,-2.56,21.7,4.78
0.951862096786499,0.936647176742554,1.17257213592529,1.03743672370911,1.05099856853485,1.10469317436218,5.16E-01,6.52E-01,9.45E-01,8.47E-01,8.33E-01,-1.52206096926755,3.78535181962111,0,4475,404,335,401,329,297,401,317,339,319,305,321,368,17.3,10.4,49.9,-1.77,29.1,13.1
1.03435802459717,0.420965045690537,1.16225922107697,1.04738688468933,1.05856430530548,1.18806195259094,5.38E-01,6.64E-01,9.21E-01,9.15E-01,7.88E-01,-16.0440395373567,29.3798177947414,0,4477,423,257,419,320,342,356,351,299,348,278,365,328,16.2,15.2,76.5,-2.53,14.9,3.05
0.918867766857147,0.95100861787796,1.14935994148254,1.04853904247284,1.02958071231842,1.22380089759827,5.61E-01,6.49E-01,1.03E+00,9.34E-01,8.09E-01,-6.40745518552648,18.8075426644938,0,4479,465,341,450,324,337,381,350,324,348,285,351,351,9.89,27.2,65.8,-2.52,11.3,16.3
0.962157428264618,0.918497681617737,1.13894891738892,1.04037129878998,1.04523420333862,1.16267788410187,5.80E-01,6.92E-01,9.39E-01,1.08E+00,8.32E-01,-1.52556146014128,3.80834236754861,0,4482,478,335,466,318,352,373,362,314,358,281,368,337,16.8,15,34.3,-2.51,8.09,21.7
0.892860054969788,0.936434090137482,1.17958092689514,1.02770817279816,1.02553498744965,1.1961498260498,5.05E-01,6.25E-01,9.05E-01,9.48E-01,7.91E-01,-1.95316730181088,14.0269282784364,0,4484,435,315,429,306,332,371,344,306,347,278,351,333,17.1,11.2,55.7,-2.5,3.48,53.5
0.895451664924622,0.932738482952118,1.19893610477448,1.04697787761688,1.0056631565094,1.16214323043823,5.68E-01,7.11E-01,9.05E-01,8.59E-01,7.64E-01,-7.20304330526192,34.3207388931207,0,4486,349,261,375,317,307,390,306,327,279,317,318,353,6.73,22.8,59.1,-2.5,19.4,23.5
0.854277491569519,0.414793848991394,1.23279285430908,1.08450412750244,1.03778994083405,1.12437403202057,4.75E-01,7.46E-01,1.06E+00,1.01E+00,8.26E-01,0.556670034425574,18.7455502431858,0,4488,264,500,206,516,148,549,160,500,178,456,159,525,7.88,23.3,80.8,-2.49,2.82,18.8
0.885740339756012,0.946820795536041,1.23039638996124,1.07239151000977,1.06663286685944,1.03416502475739,5.10E-01,7.17E-01,8.81E-01,8.98E-01,8.27E-01,3.78173852032564,32.6004887115441,0,4490,311,584,288,552,199,572,224,534,226,522,229,553,10.5,25.1,104,-2.48,11.2,34.7
0.818490743637085,0.908201634883881,1.23093485832214,1.09505486488342,1.04738199710846,1.08233451843262,5.03E-01,7.29E-01,9.11E-01,9.01E-01,8.77E-01,-1.5712386903584,29.165165774658,0,4492,170,530,212,545,41.8,546,61,498,109,479,55.7,522,12,18,74.5,-2.47,36.2,8.37
0.901142835617065,0.515342950820923,0,1.13230872154236,1.02496373653412,1.12834525108337,6.22E-01,7.36E-01,9.39E-01,8.90E-01,8.25E-01,5.83680443670453,34.0881260384741,0,4494,127,538,76.6,533,0,0,16.1,511,51.2,470,18.4,532,19.6,21,95.9,-2.47,21.2,13.6
0.860209941864014,0.963111996650696,1.22224497795105,1.1214451789856,1.03526544570923,1.15263211727142,5.46E-01,7.04E-01,8.93E-01,0.00E+00,7.75E-01,-0.028272072628003,45.5908163055419,0,4496,315,565,346,523,209,531,244,489,232,472,242,512,7.57,17.6,108,-2.46,45.8,28.8
0.87180233001709,0.936542689800262,1.24142515659332,1.12545895576477,1.03506565093994,1.18386483192444,4.97E-01,6.94E-01,9.05E-01,9.33E-01,7.65E-01,-2.41450477217265,23.4555738384338,0,4498,379,389,395,386,280,296,331,273,353,273,315,291,17.5,12.9,53.4,-2.45,19,47.8
0.675944924354553,1.10377359390259,0.946094632148743,0.997580349445343,1.07223474979401,0.969726085662842,4.95E-01,6.57E-01,8.85E-01,6.95E-01,9.22E-01,11.0744700625374,32.531876310702,0,4501,0,0,0,0,0,0,0,0,0,0,0,0,14.9,5.48,45.2,-2.44,23.8,18.9
0.869257926940918,0.903079688549042,0.65726226568222,0.625684916973114,0.82329922914505,0.873524606227875,6.67E-01,5.93E-01,8.41E-01,6.73E-01,0.00E+00,-1.3637635633715,17.5129996049092,0,4503,0,0,0,0,0,0,0,0,0,0,0,0,7.39,20.2,60.1,-2.44,7.14,35.9
0,0,0,0,0,0,0.00E+00,0.00E+00,0.00E+00,0.00E+00,0.00E+00,2.4240243354992,10.3936128102565,0,4505,0,0,0,0,0,0,0,0,0,0,0,0,10.9,16.6,81.1,-2.43,9.24,37.2
0,0,0,0,0,0,0.00E+00,0.00E+00,0.00E+00,0.00E+00,0.00E+00,0.215606979792286,11.2901571212434,0,4507,0,0,0,0,0,0,0,0,0,0,0,0,6.64,9.01,125,-2.42,10.5,35.1
0,0,0,0,0,0,0.00E+00,0.00E+00,0.00E+00,0.00E+00,0.00E+00,4.09764512275944,14.6165187356136,0,4509,0,0,0,0,0,0,0,0,0,0,0,0,4.25,16,134,-2.41,4.91,17.3
0,0,0,0,0,0,0.00E+00,0.00E+00,0.00E+00,0.00E+00,0.00E+00,1.29618094941699,10.2926103222708,0,4511,0,0,0,0,0,0,0,0,0,0,0,0,2.4,7.81,114,-2.41,21.2,34.9
0,0,0,0,0,0,0.00E+00,0.00E+00,0.00E+00,0.00E+00,0.00E+00,-2.17521959641181,30.0890896967497,0,4513,0,0,0,0,0,0,0,0,0,0,0,0,17,11.3,138,-2.4,29.4,12.7
0.891480803489685,0,1.20101547241211,1.11709904670715,1.26486384868622,1.10757887363434,4.88E-01,7.20E-01,9.38E-01,9.09E-01,8.26E-01,1.84976823304972,11.0644721441983,0,4515,282,611,0,0,379,518,391,568,409,599,382,552,13.1,11.4,125,-2.39,6.72,22.2
0,0,0,0,0,0,0.00E+00,0.00E+00,0.00E+00,0.00E+00,0.00E+00,6.80558639400654,20.9477263422799,0,4517,0,0,0,0,0,0,0,0,0,0,0,0,7.91,19.4,122,-2.38,7.19,5.73
0.830650806427002,0.972602725028992,0.990825712680817,0,0.950577676296234,1,0.00E+00,0.00E+00,9.26E-01,0.00E+00,9.11E-01,-8.60638524910847,23.2840609162421,0,4520,0,0,0,0,0,0,0,0,0,0,0,0,16.4,23.2,84.7,-2.37,36.3,11.8
0.871269404888153,0.981132090091705,1.22126948833466,1.12117075920105,1.04449379444122,1.13825082778931,4.40E-01,6.22E-01,0.00E+00,9.21E-01,7.47E-01,1.04150404021408,5.29627985934089,0,4522,203,98.7,214,47,306,86.5,286,124,281,109,276,104,16.8,18.5,61.8,-1.15,2.2,7.05
0.914638996124268,0.904435575008392,1.15818905830383,1.08509731292725,1.01511442661285,1.20795726776123,5.29E-01,6.73E-01,9.12E-01,0.00E+00,8.58E-01,-3.04428989253935,10.4072139094589,0,4524,247,270,250,210,345,163,329,220,346,260,317,187,3.37,25.6,44.7,-0.62,1.87,29.4
0,0,0,0,0,0,0.00E+00,0.00E+00,0.00E+00,0.00E+00,0.00E+00,-43.8851559525836,81.5931513447045,0,4526,0,0,0,0,0,0,0,0,0,0,0,0,17,23.3,47.2,0.978,68.2,80.5
0,0,0,0,0,0,0.00E+00,0.00E+00,0.00E+00,0.00E+00,0.00E+00,-8.51454244804067,32.5626956807586,0,4528,0,0,0,0,0,0,0,0,0,0,0,0,24.8,21.8,70,1.75,86.4,36.1
0,0,0,0,0,0,0.00E+00,0.00E+00,0.00E+00,0.00E+00,0.00E+00,-19.1558013386249,51.8198615835654,0,4530,0,0,0,0,0,0,0,0,0,0,0,0,43.7,21.3,101,0.579,36,85.9
0.93167108297348,0.97616058588028,1.17834305763245,1.10235512256622,1.06077265739441,1.08522999286652,4.91E-01,7.44E-01,8.96E-01,9.14E-01,1.12E+00,9.32386808718222,11.68320343991,0,4532,578,415,500,400,503,358,547,367,565,304,533,381,5.91,35.3,128,0.753,8.4,28.3
0.788815796375275,0.90263694524765,1.08493423461914,1.07101202011108,1.05106568336487,1.10209083557129,5.31E-01,7.40E-01,9.35E-01,8.96E-01,8.36E-01,-3.88553206239316,6.02540702427384,0,4534,523,253,539,249,424,200,457,163,513,128,450,192,5.12,38.3,163,0.369,1.65,11.7
1.34541285037994,0,1.29444706439972,0.90498161315918,0.891671717166901,0.949829816818237,5.12E-01,7.23E-01,7.35E-01,7.89E-01,0.00E+00,12.189453228122,14.326952567406,0,4536,0,0,0,0,0,0,0,0,0,0,0,0,2.54,15.4,191,0.61,6.25,2.64
0.870521008968353,0.906375288963318,1.08936846256256,1.11299979686737,1.08091557025909,1.09247100353241,6.03E-01,6.86E-01,9.06E-01,8.26E-01,8.04E-01,-3.85408971643972,15.7185764255614,0,4539,174,402,169,384,74.5,465,81.6,406,88.5,371,96.9,434,6.18,3.71,223,0.248,16.6,17.5
0.799801170825958,0,1.10640072822571,1.17234992980957,1.079425573349,1.08497333526611,4.90E-01,6.83E-01,9.79E-01,8.50E-01,7.64E-01,-1.45966489075242,1.90276521107644,0,4541,335,327,0,0,231,360,228,308,256,258,237,333,7.45,9.48,243,-0.322,16.8,8.07
0,0,0,0,0,0,0.00E+00,0.00E+00,0.00E+00,0.00E+00,0.00E+00,-5.28183142376769,6.09895020955586,0,4543,0,0,0,0,0,0,0,0,0,0,0,0,5.17,14.4,255,-1.16,11.2,19.8
0,0,0,0,0,0,0.00E+00,0.00E+00,0.00E+00,0.00E+00,0.00E+00,4.00771502150436,9.17100456449029,0,4545,0,0,0,0,0,0,0,0,0,0,0,0,7.45,13.6,255,-0.697,9.2,7.07
0,0,0,0,0,0,0.00E+00,0.00E+00,0.00E+00,0.00E+00,0.00E+00,1.44547159068845,9.38796383109901,0,4547,0,0,0,0,0,0,0,0,0,0,0,0,8.99,7.48,252,-2.22,30.2,44.8
0,0,0,0,0,0,0.00E+00,0.00E+00,0.00E+00,0.00E+00,0.00E+00,21.8684041883831,36.4247739716652,0,4549,0,0,0,0,0,0,0,0,0,0,0,0,5.46,11.1,234,-3.12,26.1,36.4
0.861353158950806,0.382176369428635,1.05195367336273,1.24896371364594,1.11040914058685,1.03167879581451,5.31E-01,7.52E-01,9.26E-01,7.74E-01,8.49E-01,-24.1214055437476,56.2887608748669,0,4551,361,494,327,530,304,598,272,543,271,510,300,545,30.8,14.5,206,-2.94,55.6,48.7
0.882277131080627,0,1.17611610889435,1.28884589672089,1.10144925117493,1.27435040473938,4.75E-01,6.07E-01,9.11E-01,8.66E-01,8.37E-01,7.56545591383409,16.1690290984944,0,4553,488,381,0,0,368,463,355,407,382,363,372,431,29.1,22.1,166,-2.76,25.1,36.9
0,0,0,0,0,0,0.00E+00,0.00E+00,0.00E+00,0.00E+00,0.00E+00,0.197107355139644,3.03677011538403,0,4555,0,0,0,0,0,0,0,0,0,0,0,0,8.86,34.7,131,-2.58,11.8,13.7
0.865689218044281,0,1.17162489891052,1.25304400920868,1.14723420143127,1.15881967544556,4.90E-01,6.85E-01,9.79E-01,8.69E-01,8.12E-01,-2.07754843081039,10.9668457842123,0,4557,457,450,0,0,334,499,328,447,359,408,341,470,3.73,30.4,79.9,-2.41,13,10.1
0.833223044872284,0.938671052455902,1.2208514213562,1.26351702213287,1.14153921604157,1.12291765213013,4.95E-01,6.18E-01,8.94E-01,8.65E-01,7.92E-01,0.502672022772997,3.19193870038587,0,4560,641,397,638,374,524,413,538,357,526,333,552,384,3.25,20.8,51.9,-2.23,17.2,11.9
0.786833345890045,0.95933336019516,1.23746025562286,1.23649775981903,1.13901901245117,1.29059028625488,5.00E-01,5.84E-01,9.13E-01,8.83E-01,8.05E-01,-4.19848459944926,12.3728244646167,0,4562,706,393,752,420,589,410,612,357,663,350,612,386,7.08,9.04,84.9,-2.05,3.35,25.3
0,0,0,0,0.939879775047302,0,0.00E+00,0.00E+00,9.21E-01,0.00E+00,0.00E+00,4.4986968844411,15.898894646115,0,4564,0,0,0,0,0,0,0,0,0,0,0,0,1.93,3.29,118,-1.87,7.8,5.02
0.888436436653137,0.932742416858673,1.1570897102356,1.1916069984436,1.1021249294281,1.15238416194916,4.66E-01,6.81E-01,9.24E-01,8.76E-01,9.89E-01,1.76150638441311,8.59108074131668,0,4566,498,551,527,544,405,479,446,449,473,437,440,475,0.762,5.52,168,-1.69,10,4.84
0.888992190361023,0.959790229797363,1.15132308006287,1.15254354476929,1.12974274158478,1.0751701593399,5.01E-01,9.14E-01,8.72E-01,8.96E-01,8.40E-01,1.58453299225232,18.4048138927609,0,4568,109,602,103,559,15.3,531,54.2,504,101,477,51.6,526,1.96,2.74,193,-1.51,9.35,6.9
0,0,0,0,0,0,0.00E+00,0.00E+00,0.00E+00,0.00E+00,0.00E+00,-1.77219673301697,21.6530726546346,0,4570,0,0,0,0,0,0,0,0,0,0,0,0,1.16,3.81,207,-1.33,8.9,6.3
0.880804657936096,0.919394552707672,1.12649595737457,1.13986361026764,1.09958231449127,1.09832465648651,5.22E-01,6.56E-01,9.69E-01,9.02E-01,9.54E-01,3.34744550006326,12.7980571453756,0,4572,188,369,185,371,68.5,373,101,329,113,287,103,360,1.84,1.57,213,-1.16,5.15,8.34
0,0,0,0,0,0,0.00E+00,0.00E+00,0.00E+00,0.00E+00,0.00E+00,-3.14832563912281,16.5881610525223,0,4574,0,0,0,0,0,0,0,0,0,0,0,0,11.5,7.36,210,-1.97,24.1,11
0,0,0,0,0,0,0.00E+00,0.00E+00,0.00E+00,0.00E+00,0.00E+00,1.87502529143135,4.40504893217683,0,4576,0,0,0,0,0,0,0,0,0,0,0,0,7.1,4.09,194,-1.08,9.23,24.9
0.880549192428589,0,1.33618175983429,1.08522808551788,0,0.935401320457459,4.83E-01,6.30E-01,9.15E-01,9.46E-01,1.21E+00,14.6747726851804,45.795940564478,0,4579,0,0,0,0,0,0,0,0,0,0,0,0,7.34,13.7,152,-1.9,34.8,17.9
0.917273461818695,0,1.04807686805725,1.12536084651947,0,1.11780846118927,5.26E-01,7.62E-01,8.91E-01,8.84E-01,8.48E-01,7.07596071978601,11.9955912446144,0,4581,574,493,0,0,480,433,525,415,0,0,526,423,14.2,12.7,124,-1.93,16.7,40
0.96304726600647,0,0.958270192146301,0.928744673728943,1.10747170448303,0.933210790157318,4.77E-01,7.46E-01,2.07E+00,9.60E-01,8.38E-01,-7.81034262150904,30.4725127594348,0,4583,0,0,0,0,0,0,0,0,0,0,0,0,13.8,13.8,85.1,-1.5,30.7,17.7
0.644694745540619,0,0,0,0.904347836971283,0.586145639419556,5.33E-01,5.15E-01,6.03E-01,7.31E-01,5.57E-01,-4.52647617466933,12.9266190290492,0,4585,0,0,0,0,0,0,0,0,0,0,0,0,4.33,17.3,43.5,-2.2,16.9,41.8
0,0,0,0,0,0,0.00E+00,0.00E+00,0.00E+00,0.00E+00,0.00E+00,1.37685403736194,5.96060795366586,0,4587,0,0,0,0,0,0,0,0,0,0,0,0,10.7,4.31,20.6,-2.9,9.46,15.6
0.845747649669647,0.916294634342194,1.12872278690338,1.10456192493439,1.07880306243896,0.993127167224884,4.49E-01,7.92E-01,9.17E-01,8.99E-01,9.39E-01,-2.79781389418321,6.57977962305359,0,4589,445,387,479,366,361,319,413,302,438,290,398,316,3.48,3.24,30.4,-2.03,13.6,2.54
0.872234761714935,0.945573031902313,1.14691019058228,1.08597874641418,1.06419849395752,1.09373831748962,4.42E-01,7.87E-01,9.18E-01,8.80E-01,9.18E-01,-8.09116149479804,18.5700664092152,0,4591,465,353,469,350,366,310,415,293,438,263,402,315,12.2,10.6,56.5,-1.38,19.3,8.24
0,0,0,0,0,0,0.00E+00,0.00E+00,0.00E+00,0.00E+00,0.00E+00,-0.395699157334361,19.994506105663,0,4593,0,0,0,0,0,0,0,0,0,0,0,0,7.92,15.6,69.5,-0.573,9.2,3.03
0.823962271213532,0.964993119239807,1.18818545341492,0.761204659938812,0.902464747428894,0.935290575027466,5.26E-01,8.05E-01,9.77E-01,8.72E-01,8.18E-01,0.246374708690124,3.7473578912224,0,4595,0,0,0,0,0,0,0,0,0,0,0,0,4.71,21.5,87.8,-0.271,11,9.56
0,0,0,0,0,0,0.00E+00,0.00E+00,0.00E+00,0.00E+00,0.00E+00,-24.2473094801038,42.8164199262329,0,4598,0,0,0,0,0,0,0,0,0,0,0,0,16.1,19,100,-0.328,30.9,8.34
0,0,0,0,0,0,0.00E+00,0.00E+00,0.00E+00,0.00E+00,0.00E+00,-25.0635784316757,39.5334805744446,0,4600,0,0,0,0,0,0,0,0,0,0,0,0,6.01,14.8,111,1.04,42.7,6.31
0.787369847297668,1.11733174324036,1.20649564266205,1.1663978099823,0,1.19522261619568,4.05E-01,5.24E-01,1.09E+00,8.98E-01,9.01E-01,75.0781623164934,89.4883715348356,0,4602,465,85.2,466,89.5,504,222,466,179,0,0,494,185,44.4,7.64,112,0.897,104,9.49
0.80229926109314,0,1.19894170761108,1.13530838489532,1.09935486316681,1.12944090366364,4.13E-01,6.64E-01,1.01E+00,9.04E-01,9.05E-01,17.4403899693463,29.2305090150597,0,4604,559,410,0,0,450,512,439,470,451,432,461,473,25.7,7.07,110,-2.2,43.3,11.1
0.783784329891205,0,1.15950417518616,1.16196286678314,0,1.21566700935364,4.14E-01,6.34E-01,1.10E+00,9.29E-01,7.34E-01,-9.77969583808106,16.7059774660705,0,4606,542,378,0,0,489,490,451,448,0,0,472,463,26.6,31.4,112,-0.678,22.1,30.4
0.800911009311676,0.938610672950745,1.05856359004974,0.848687052726746,0.864842057228088,1.69045829772949,3.82E-01,8.75E-01,9.23E-01,3.00E-01,8.47E-01,12.9683751297071,33.5688731946817,0,4608,0,0,0,0,0,0,0,0,0,0,0,0,12.2,35,114,-3.1,41.3,31.6
0,0,0,0,0,0,0.00E+00,0.00E+00,0.00E+00,0.00E+00,0.00E+00,13.3779495940584,26.4241296897858,0,4610,0,0,0,0,0,0,0,0,0,0,0,0,8.76,16.4,110,-2.3,56.5,17.6
0,0,0,0,0,0,0.00E+00,0.00E+00,0.00E+00,0.00E+00,0.00E+00,-11.4238992199126,36.1400143413967,0,4612,0,0,0,0,0,0,0,0,0,0,0,0,24.4,6.04,107,-2.2,34.7,32.5
0,0,0,0,0,0,0.00E+00,0.00E+00,0.00E+00,0.00E+00,0.00E+00,21.0433055886766,49.3429484718903,0,4614,0,0,0,0,0,0,0,0,0,0,0,0,12.4,23.7,85.4,-2.1,57.8,17.2
0,0,0,0,0,0,0.00E+00,0.00E+00,0.00E+00,0.00E+00,0.00E+00,-1.12185530063975,11.9695332853503,0,4617,0,0,0,0,0,0,0,0,0,0,0,0,19.8,24.7,66.7,-2,5.17,55.5
0,0,0,0,0,0,0.00E+00,0.00E+00,0.00E+00,0.00E+00,0.00E+00,-0.664406365561232,2.62383820627931,0,4619,0,0,0,0,0,0,0,0,0,0,0,0,3.23,30.2,32.2,-1.9,5.33,12.9
0,0,0,0,0,0,0.00E+00,0.00E+00,0.00E+00,0.00E+00,0.00E+00,-9.422561786761,26.3601732791894,0,4621,0,0,0,0,0,0,0,0,0,0,0,0,5.63,16.9,36.1,-1.79,20,11.3
0,0,0,0,0,0,0.00E+00,0.00E+00,0.00E+00,0.00E+00,0.00E+00,26.8261557288965,44.6733974852899,0,4623,0,0,0,0,0,0,0,0,0,0,0,0,6.5,21.4,68.1,-1.69,41,8.22
1.54805409908295,1.00240314006805,1.28146433830261,0,1.30406749248505,1.0427258014679,4.48E-01,6.65E-01,8.28E-01,7.64E-01,8.05E-01,-5.85003052147728,11.1985132998632,0,4625,0,0,0,0,0,0,0,0,0,0,0,0,12.3,4.37,84.1,-1.59,5.98,14.8
0.89419949054718,0,1.25100433826447,1.19793164730072,1.04997229576111,1.12758362293243,4.93E-01,7.49E-01,8.43E-01,9.52E-01,7.89E-01,8.86558832255027,10.3794448787903,0,4627,272,315,0,0,135,347,174,306,216,292,173,336,1.2,8.38,107,-1.49,4.35,0.489
0.833092629909515,0,1.29474234580994,1.19264245033264,1.07274556159973,1.30618035793304,4.27E-01,6.49E-01,8.73E-01,8.71E-01,7.86E-01,-4.8391062597412,5.87085494383085,0,4629,298,464,0,0,193,379,239,355,264,381,230,382,0.659,11.6,144,-1.38,4.12,5.44
0,0,0,0,0,0,0.00E+00,0.00E+00,0.00E+00,0.00E+00,0.00E+00,2.75463705842336,9.159353841668,0,4631,0,0,0,0,0,0,0,0,0,0,0,0,5.79,6.95,167,-1.28,12.1,8.4
0,0,0,0,0,0,0.00E+00,0.00E+00,0.00E+00,0.00E+00,0.00E+00,19.3325188653076,39.8745178585946,0,4633,0,0,0,0,0,0,0,0,0,0,0,0,13.1,16.7,185,-1.18,26.9,13.6
0.900688052177429,0.920570254325867,1.25723195075989,1.14435040950775,1.09320056438446,1.23152875900269,4.31E-01,6.26E-01,8.99E-01,1.00E+00,9.76E-01,5.49837283450106,10.6630013189502,0,4636,479,284,426,300,391,215,447,203,446,200,429,223,7.19,14.3,199,-1.08,2.69,22.3
0.799807667732239,0,1.24541187286377,1.15388965606689,1.1026850938797,1.24412167072296,3.90E-01,6.19E-01,9.00E-01,8.56E-01,7.66E-01,-2.07791918054928,4.48188487591069,0,4638,504,353,0,0,464,234,523,231,531,257,501,242,2.01,13.1,209,-0.975,1.63,7.68
0,0,0,0,0,0,0.00E+00,0.00E+00,0.00E+00,0.00E+00,0.00E+00,3.51052200469744,13.0261267147109,0,4640,0,0,0,0,0,0,0,0,0,0,0,0,5.24,14.1,212,-0.872,13.5,16.3
0.899469077587128,0,1.31415820121765,1.24878990650177,1.07623434066772,1.07971942424774,4.20E-01,6.10E-01,9.08E-01,8.81E-01,7.59E-01,0.097020131281136,2.60605664315602,0,4642,316,282,0,0,377,181,393,230,388,242,369,223,1.76,6.31,190,-0.77,12,3.31
0,0,0,0,0.945740103721619,0,0.00E+00,0.00E+00,0.00E+00,0.00E+00,9.62E-01,18.3105053003872,29.9527172192804,0,4644,0,0,0,0,0,0,0,0,0,0,0,0,6.36,1.86,184,-0.668,6.51,15.1
0,0,0,0,0,0,0.00E+00,0.00E+00,0.00E+00,0.00E+00,0.00E+00,-7.2991246477314,13.1116031259972,0,4646,0,0,0,0,0,0,0,0,0,0,0,0,5.68,2.57,170,-0.566,4.61,21.1
0,0,0,0,0,0,0.00E+00,0.00E+00,0.00E+00,0.00E+00,0.00E+00,-8.96291198668055,21.0394353249166,0,4648,0,0,0,0,0,0,0,0,0,0,0,0,3.21,2.96,150,-0.463,3.9,3.02
0,0,0,0,0,0,0.00E+00,0.00E+00,0.00E+00,0.00E+00,0.00E+00,-1.53479085651749,2.35321822403455,0,4650,0,0,0,0,0,0,0,0,0,0,0,0,5.92,3.25,143,-0.577,5.37,23.7
0.882889091968536,0.91037529706955,1.26198351383209,1.16967248916626,1.06085932254791,1.08291006088257,4.49E-01,6.30E-01,8.84E-01,9.14E-01,8.67E-01,3.45337266898335,6.26077665827955,0,4652,310,373,315,403,416,309,415,369,400,403,400,344,2.35,2.7,124,-0.691,6.48,3.5
0.898674011230469,0.924929201602936,1.24896955490112,1.36721801757813,1.08459961414337,1.12016332149506,4.57E-01,7.14E-01,1.08E+00,1.24E+00,8.14E-01,-4.79048770860804,7.76613843548469,0,4654,357,268,343,312,471,272,454,321,438,333,441,300,6.64,2.4,113,-0.805,7.79,13.8
1.0591903924942,0.468780219554901,1.10537672042847,1.1336817741394,1.07079780101776,0.972042441368103,4.95E-01,7.60E-01,8.85E-01,8.96E-01,8.84E-01,10.4601355162371,15.7054024998083,0,4657,389,310,438,322,497,286,482,338,469,379,475,306,5.43,2.93,92.6,-0.919,16.1,11.4
0.867115139961243,0.919667601585388,1.19671881198883,1.17898201942444,1.06353533267975,1.11922228336334,4.47E-01,6.83E-01,9.00E-01,8.56E-01,8.13E-01,-1.40709929488963,10.0741862046334,0,4659,378,223,359,253,511,270,479,306,440,319,478,281,0.287,3.24,86.4,-1.03,3.84,4.81
0,0,0,0,0,0,0.00E+00,0.00E+00,0.00E+00,0.00E+00,0.00E+00,-12.4000081156786,17.8977588735743,0,4661,0,0,0,0,0,0,0,0,0,0,0,0,6.08,3.05,68.9,-1.15,4.78,8.46
0.805142998695374,0.949275374412537,1.18101131916046,1.10582625865936,1.06557512283325,1.07325339317322,4.17E-01,7.18E-01,9.14E-01,9.29E-01,8.12E-01,-1.728395885415,4.42566044286591,0,4663,403,253,406,289,536,257,514,299,506,329,510,278,1.71,1.67,56.6,-1.26,5.32,4.89
0,0,0,0,0,0,0.00E+00,0.00E+00,0.00E+00,0.00E+00,0.00E+00,-17.34000387694,33.5123960277364,0,4665,0,0,0,0,0,0,0,0,0,0,0,0,3.03,3.86,43.4,-1.37,7.2,1.79
0.846186339855194,0.869815647602081,1.18585348129272,1.15246284008026,1.18291974067688,1.16824591159821,4.49E-01,6.32E-01,9.89E-01,8.54E-01,7.47E-01,6.54883071832871,13.3279632222982,0,4667,335,233,338,221,461,260,440,314,404,334,436,283,4.88,4.07,33.2,-1.49,3.65,17.2
0.840599656105042,0,1.17807579040527,1.1049177646637,1.08842587471008,1.04431009292603,4.50E-01,7.54E-01,9.99E-01,8.45E-01,8.91E-01,-2.13657428275235,11.0881636112077,0,4669,378,354,0,0,484,334,471,381,455,431,467,355,3.53,3.9,24.3,-1.6,16.3,6.56
0.881783843040466,0.897068023681641,1.20638155937195,1.14405250549316,1.06236791610718,1.12566924095154,4.32E-01,7.36E-01,9.54E-01,9.68E-01,8.46E-01,-9.72054139003363,19.41506612366,0,4671,375,321,349,335,483,327,460,372,448,396,455,351,7.18,0.123,14.3,-1.72,16.8,21.5
0.853327572345734,0.882857143878937,1.21214926242828,1.37712001800537,1.10240626335144,1.06078565120697,4.47E-01,7.57E-01,9.56E-01,9.80E-01,8.75E-01,-0.755755303227917,9.30436791339983,0,4673,411,318,402,360,532,345,508,387,493,399,502,373,2.64,3.7,12.3,-1.83,3.28,12.2
0.817951440811157,0.926130652427673,1.22197484970093,1.1688380241394,1.07967102527618,1.19958913326263,4.83E-01,6.72E-01,9.25E-01,9.46E-01,8.80E-01,-3.37668113697625,5.77473701888888,0,4676,463,335,488,365,560,347,541,398,572,420,530,383,2.14,7.13,16,-1.94,5.75,11.8
0.901796221733093,0.925653576850891,1.20003747940063,1.09665560722351,1.05345892906189,1.10164093971252,4.95E-01,7.10E-01,9.20E-01,9.64E-01,7.84E-01,-13.1733166804951,22.4907832751219,0,4678,538,364,550,383,643,351,629,406,648,429,615,383,3.67,2.78,17,-2.06,8.28,13.1
0.784199237823486,0,1.24601054191589,1.11811482906342,1.08493161201477,1.20445668697357,4.80E-01,5.90E-01,9.27E-01,9.05E-01,7.90E-01,1.41353614678327,15.001725297651,0,4680,393,322,0,0,526,352,496,404,453,416,506,377,5.07,4.23,18.4,-2.17,8.39,13.5
0.849915683269501,0.89788293838501,1.23422026634216,1.09998869895935,1.06215298175812,1.14364337921143,4.67E-01,5.90E-01,8.71E-01,9.03E-01,8.22E-01,19.4332272568823,33.5911356794188,0,4682,294,255,289,275,396,307,356,350,347,370,355,314,14.7,9.57,26.2,-2.28,9.56,77.2
0.83591228723526,0.954142034053803,1.26095974445343,1.09115743637085,1.07877218723297,1.2654904127121,4.50E-01,5.88E-01,8.57E-01,9.54E-01,8.02E-01,2.55481371459191,8.27863843632259,0,4684,279,294,281,277,392,280,358,330,351,349,359,294,20.8,4.8,21.9,-2.4,22.9,28.4
0.924623668193817,0.929577469825745,1.29834520816803,1.13278090953827,1.0923684835434,1.02398025989532,4.56E-01,6.11E-01,9.94E-01,9.28E-01,7.90E-01,0.137516695390765,30.3304313109383,0,4686,349,380,345,377,457,361,430,398,423,425,424,374,24.1,12.4,23,-2.51,29.5,75.7
0.854997575283051,0.888731420040131,1.20250248908997,1.08739030361176,1.08940374851227,1.06678414344788,4.53E-01,7.16E-01,9.21E-01,9.52E-01,8.56E-01,0.904360009141642,3.52032386855644,0,4688,517,350,520,389,645,353,613,396,612,437,612,376,11.4,20.4,22.8,-2.63,7.6,28.2
0.889219582080841,0.985244035720825,1.22842824459076,1.0869414806366,1.09009063243866,1.15374171733856,4.36E-01,5.87E-01,9.64E-01,8.82E-01,8.05E-01,24.4782228137771,37.4793027128229,0,4690,455,298,427,330,564,351,528,395,512,413,530,365,13.2,16.2,22,-2.74,13.4,33.1
0.899841904640198,0,1.17970597743988,1.08290457725525,1.07966816425323,1.12719464302063,4.61E-01,7.01E-01,9.44E-01,9.11E-01,7.82E-01,-17.5795793864058,20.5254609157944,0,4692,498,393,0,0,609,350,579,395,587,422,576,370,6.28,4.34,14.3,-2.85,4.49,18.9
0,0,0,0,0,0,0.00E+00,0.00E+00,0.00E+00,0.00E+00,0.00E+00,2.83173741087819,8.00797082563293,0,4695,0,0,0,0,0,0,0,0,0,0,0,0,4.22,13,8.81,-2.97,7.24,18.7
0.873422622680664,0,1.16781425476074,1.2222592830658,1.07120454311371,1.14331185817719,5.12E-01,6.86E-01,9.18E-01,9.02E-01,8.06E-01,1.80384073989357,3.12085847234222,0,4697,610,345,0,0,730,383,693,426,675,444,697,398,4.11,4.1,8.7,-3.08,13,23.1
0,0,0,0,0.900968790054321,0,0.00E+00,0.00E+00,0.00E+00,0.00E+00,0.00E+00,3.68054908754936,11.0907812961308,0,4699,0,0,0,0,0,0,0,0,0,0,0,0,4.6,3.96,16.3,-3.19,14.4,23.3
0,0,0,0,0,0,0.00E+00,0.00E+00,0.00E+00,0.00E+00,0.00E+00,-6.85296386231647,10.1665697941304,0,4701,0,0,0,0,0,0,0,0,0,0,0,0,4.89,4.42,24.9,-3.14,8.5,17.2
0,0,0,0,0,0,0.00E+00,0.00E+00,0.00E+00,0.00E+00,0.00E+00,8.2670808713837,24.4535350951656,0,4703,0,0,0,0,0,0,0,0,0,0,0,0,4.62,2.18,24,-3.08,18.2,14.2
0.663059532642365,0.935867011547089,0.880535542964935,0,1.86991739273071,0.969230771064758,0.00E+00,5.40E-01,6.86E-01,0.00E+00,0.00E+00,-3.20067267457381,4.97247077297101,0,4705,0,0,0,0,0,0,0,0,0,0,0,0,1.53,2.48,25.7,-3.02,9.97,13.2
0.862467527389526,0.887056887149811,1.29987215995789,1.10335087776184,1.10042679309845,1.12233281135559,4.54E-01,6.57E-01,9.69E-01,9.71E-01,8.07E-01,-2.68952863390639,4.09850476415789,0,4707,289,317,236,367,398,367,366,412,333,428,365,385,1.06,2.35,22,-2.96,11.2,10.9
0.852241098880768,0.86389684677124,1.32463836669922,1.06674790382385,1.07560014724731,1.12105369567871,4.67E-01,6.08E-01,9.19E-01,8.95E-01,8.03E-01,-4.11419401132917,6.52535723046001,0,4709,236,281,219,291,341,340,302,381,286,398,307,357,7.67,2.26,15.1,-2.9,16.5,43.1
0.847853660583496,0.934951961040497,1.3170462846756,1.08314085006714,1.06079411506653,1.1604677438736,5.01E-01,5.82E-01,8.88E-01,8.94E-01,8.47E-01,23.7673354646176,23.8496746248779,0,4711,190,243,179,266,285,312,236,351,230,370,243,318,6.4,3.68,14,-2.85,12.6,7.74
0.842124044895172,0.886305630207062,1.29905295372009,1.05516135692596,1.0494749546051,1.24085068702698,5.06E-01,6.03E-01,8.38E-01,8.75E-01,7.70E-01,7.55649207183315,20.5931519874012,0,4714,185,214,195,232,261,296,210,329,227,339,227,314,15.8,8.54,8.69,-2.79,14.5,16.8
0.87675940990448,0.938864648342133,1.3540540933609,1.11788237094879,1.06313729286194,1.0470517873764,4.62E-01,6.20E-01,9.15E-01,8.92E-01,8.56E-01,0.274919344373719,0.537446183518737,0,4716,288,317,302,340,415,352,384,385,375,379,389,377,5.91,9.68,12.1,-2.73,4.56,12.5
0.807544231414795,1.15384614467621,1.39860987663269,1.21450388431549,1.04012775421143,1.14760041236877,4.38E-01,6.86E-01,9.24E-01,8.79E-01,8.84E-01,10.4440378948026,30.4436032417239,0,4718,331,292,296,312,448,342,408,375,367,387,414,352,5.58,15.2,11.6,-2.67,3.06,3.31
0.916380047798157,0,1.26602399349213,1.13276708126068,1.03624761104584,1.24310445785522,4.90E-01,7.15E-01,8.97E-01,9.94E-01,8.04E-01,-2.63441681164064,10.0319513231291,0,4720,285,326,0,0,436,344,400,384,364,382,404,353,5.97,12.6,13.6,-2.61,7.31,15.9
0.828723192214966,0,1.20932853221893,1.11588621139526,1.05996894836426,1.15253520011902,4.69E-01,6.94E-01,8.99E-01,9.08E-01,8.44E-01,3.60403769438931,10.0280056614737,0,4722,352,296,0,0,455,357,412,389,394,410,420,365,5.02,7.9,22.2,-2.56,5.96,23.4
0,0,0,0,0,0,0.00E+00,0.00E+00,0.00E+00,0.00E+00,0.00E+00,18.9048161207172,28.0289166102794,0,4724,0,0,0,0,0,0,0,0,0,0,0,0,3.32,7.21,27.2,-2.5,18.6,11.4
0.86790007352829,0.910677194595337,0,1.00634515285492,0,1.12329757213593,5.15E-01,6.87E-01,9.35E-01,9.61E-01,8.31E-01,8.60964470051681,38.8910464166009,0,4726,0,0,0,0,0,0,0,0,0,0,0,0,8.52,7.51,36.2,-2.44,6.58,38.6
0.832788288593292,0,1.38265085220337,1.18098366260529,1.13357293605804,1.16042757034302,4.63E-01,6.81E-01,8.86E-01,8.95E-01,8.86E-01,-0.357588959433398,0.785470009402657,0,4728,462,356,0,0,559,303,574,357,578,375,547,339,16.9,14,48.3,-2.39,11.4,27.7
0,0,0,0,0,0,0.00E+00,0.00E+00,0.00E+00,0.00E+00,0.00E+00,3.38885072759229,14.6924553012353,0,4730,0,0,0,0,0,0,0,0,0,0,0,0,14.7,12.7,57.6,-2,18.6,38.7
0,0,0,0,0,0,0.00E+00,0.00E+00,0.00E+00,0.00E+00,0.00E+00,8.40204658139806,27.8274200619167,0,4732,0,0,0,0,0,0,0,0,0,0,0,0,11.1,10.6,70.6,-2.07,16.1,32
0,0,0,0,0,0,0.00E+00,0.00E+00,0.00E+00,0.00E+00,0.00E+00,-2.51755519500467,8.73223617567163,0,4735,0,0,0,0,0,0,0,0,0,0,0,0,3.71,8.37,90.5,-2.15,5.83,5.6
0.829752147197723,0.91572517156601,1.35531234741211,1.3575826883316,1.13369107246399,1.13133680820465,3.99E-01,7.46E-01,9.24E-01,9.28E-01,8.60E-01,12.9645548180196,20.7294432719535,0,4737,560,336,611,347,594,199,635,228,648,258,612,227,8.87,8.3,98.3,-2.22,16.5,31.5
0,0,0,0,0,0,0.00E+00,0.00E+00,0.00E+00,0.00E+00,0.00E+00,4.07771187256839,9.60533124767459,0,4739,0,0,0,0,0,0,0,0,0,0,0,0,4.5,4.21,106,-2.29,1.92,15.8
0.792936682701111,0.916666686534882,1.33383369445801,1.18728351593018,1.11449432373047,1.16221618652344,4.20E-01,6.92E-01,9.10E-01,9.87E-01,8.70E-01,-7.08523261569119,16.9285876016096,0,4741,540,270,602,298,568,135,622,154,633,202,600,155,5.51,3.98,113,-2.36,19.8,16.4
0,0,0,0,0,0,0.00E+00,0.00E+00,0.00E+00,0.00E+00,0.00E+00,3.38069142616975,6.63040298063088,0,4743,0,0,0,0,0,0,0,0,0,0,0,0,7.25,2.74,114,-2.43,7.34,29
0,0,0,0,0,0,0.00E+00,0.00E+00,0.00E+00,0.00E+00,0.00E+00,-15.3960572831483,36.0462277849381,0,4745,0,0,0,0,0,0,0,0,0,0,0,0,14.1,17.1,118,-2.5,16.3,45.1
0,0,0,0,0,0,0.00E+00,0.00E+00,0.00E+00,0.00E+00,0.00E+00,-5.46672476147989,14.5082492613369,0,4747,0,0,0,0,0,0,0,0,0,0,0,0,5.05,12,116,-2.57,10.6,4.14
0,0,0,0,0,0,0.00E+00,0.00E+00,0.00E+00,0.00E+00,0.00E+00,-2.15031562443076,5.47401863614151,0,4749,0,0,0,0,0,0,0,0,0,0,0,0,0.396,12.8,111,-2.64,4.91,15.8
0,0,0,0,0,0,0.00E+00,0.00E+00,0.00E+00,0.00E+00,0.00E+00,12.5441426935268,26.2727074759995,0,4751,0,0,0,0,0,0,0,0,0,0,0,0,3.2,12.5,113,-2.71,18.2,21.4
0.770166516304016,0.93355929851532,1.38176047801971,1.33640098571777,1.09727561473846,1.10039496421814,4.50E-01,6.64E-01,8.80E-01,9.02E-01,8.26E-01,-15.1612796647336,29.7171094973457,0,4754,519,177,494,178,440,274,422,226,374,242,443,228,2.79,3.04,110,-2.79,4.12,15.8
0,0,0,0,0,0,0.00E+00,0.00E+00,0.00E+00,0.00E+00,0.00E+00,-2.07914797534729,6.3572291726857,0,4756,0,0,0,0,0,0,0,0,0,0,0,0,3.02,3.24,111,-2.86,0.678,7.33
0,0,0,0,0,0,0.00E+00,0.00E+00,0.00E+00,0.00E+00,0.00E+00,-11.6803721749405,22.7511738770964,0,4758,0,0,0,0,0,0,0,0,0,0,0,0,1.12,2.22,103,-2.93,11.6,5.16
0,0,0,0,0,0,0.00E+00,0.00E+00,0.00E+00,0.00E+00,0.00E+00,-0.931225887280831,3.0832390599985,0,4760,0,0,0,0,0,0,0,0,0,0,0,0,0.499,4.54,109,-3,1.3,2.14
0.910185635089874,0,1.50062942504883,1.32701981067657,0,1.25872218608856,5.20E-01,7.45E-01,9.50E-01,8.15E-01,7.55E-01,2.56008662922553,5.46866071726888,0,4762,414,391,0,0,338,511,329,449,0,0,352,466,4.89,1.62,106,-3.07,2.45,13.3
0.848680138587952,0.958366692066193,1.45135390758514,1.36918354034424,1.08664524555206,1.38367187976837,4.81E-01,6.90E-01,9.34E-01,0.00E+00,7.94E-01,-1.19017285500686,3.65336030557739,0,4764,498,412,479,363,392,479,377,422,423,377,402,448,1.23,2.44,100,-3.14,3.49,6.99
0.903506994247437,0,1.28119432926178,1.2417973279953,1.07488548755646,1.13921332359314,6.51E-01,7.53E-01,9.10E-01,8.96E-01,8.92E-01,5.52360205439468,11.8404777485826,0,4766,612,445,0,0,467,456,489,408,542,375,489,431,2.46,1.71,96.6,-3.21,5.27,5.24
0.895692050457001,1.04291844367981,1.30537104606628,1.23447263240814,1.07023406028748,1.14693117141724,4.97E-01,7.09E-01,9.40E-01,8.79E-01,8.70E-01,5.71491205753741,12.2276208526989,0,4768,632,393,612,458,500,472,529,416,547,401,525,442,2.49,2.32,90.1,-3.28,5.48,9.48
0.885646939277649,0.939899861812592,1.43741416931152,1.19966745376587,1.09133100509644,1.04166889190674,4.37E-01,6.94E-01,9.26E-01,9.40E-01,9.90E-01,4.51541013975534,10.3607802848748,0,4770,561,497,548,492,469,446,513,415,505,410,507,431,2.66,3.72,76.3,-3.36,7.1,6.8
0,0,0,0,0,0,0.00E+00,0.00E+00,0.00E+00,0.00E+00,0.00E+00,-12.4436278270316,27.6343649927905,0,4773,0,0,0,0,0,0,0,0,0,0,0,0,2.95,4.25,58.3,-3.43,6.23,3.96
0.946035325527191,0,1.39093399047852,1.17478680610657,1.16233813762665,1.03472936153412,4.39E-01,6.80E-01,8.18E-01,9.27E-01,8.74E-01,-4.85837148000697,9.46371406142627,0,4775,539,451,0,0,432,433,475,401,476,392,466,421,3.2,0.887,46.1,-3.5,5.37,14
0.941015541553497,0.923001945018768,1.40021359920502,1.16715657711029,1.15954828262329,1.07115077972412,4.46E-01,7.15E-01,8.81E-01,9.72E-01,8.31E-01,-0.137635848877624,4.99148072202147,0,4777,535,492,533,461,435,437,478,408,486,404,470,429,1.54,3.24,38,-2.07,13.7,26.9
0.958150029182434,0.955489635467529,1.35008466243744,1.18077039718628,1.15916109085083,1.06678986549377,4.54E-01,7.38E-01,8.49E-01,8.94E-01,8.06E-01,-6.06685700529497,22.7363850855484,0,4779,538,455,530,454,427,445,472,405,482,401,460,423,5.59,6.81,25.4,-1.97,14.1,13
0.91553920507431,0,1.33744394779205,1.16884922981262,1.11625623703003,1.12497794628143,4.41E-01,6.67E-01,0.00E+00,9.10E-01,8.15E-01,4.17978207909477,6.88662632011587,0,4781,519,438,0,0,406,444,447,405,446,398,442,425,7.2,11.7,20.8,-2.62,3.9,26.5
0.836484730243683,0.944352626800537,1.31804502010345,1.22927021980286,1.1116669178009,1.18642294406891,5.02E-01,6.73E-01,9.40E-01,9.04E-01,8.25E-01,-6.73005457622471,14.847659816669,0,4783,470,387,476,413,356,437,384,386,397,378,390,416,1.99,7.53,17.9,-1.86,7.89,21.5
0.812898516654968,0.869918704032898,1.29172074794769,1.25464296340942,1.11671245098114,1.19043409824371,5.39E-01,6.57E-01,1.09E+00,8.35E-01,8.17E-01,3.63049599351756,9.44498207535462,0,4785,421,376,400,403,321,450,336,393,330,373,346,423,9.75,6.86,13.4,-0.647,35,16.3
0.838365316390991,0.991379320621491,1.27452218532562,1.26940333843231,1.08678221702576,1.07484042644501,5.50E-01,6.92E-01,9.59E-01,8.81E-01,8.46E-01,-1.32791284230932,3.05308354538517,0,4787,389,374,400,356,275,410,274,359,307,313,284,384,7.67,6.46,21.5,-1.49,13.4,7.51
0,0,0,0,0,0,0.00E+00,0.00E+00,0.00E+00,0.00E+00,0.00E+00,-4.38936339702789,12.1670797639064,0,4789,0,0,0,0,0,0,0,0,0,0,0,0,5.33,10.3,19.2,-0.227,7.03,8.12
0,0,0,0,0,0,0.00E+00,0.00E+00,0.00E+00,0.00E+00,0.00E+00,21.2376287371239,37.7345171572557,0,4792,0,0,0,0,0,0,0,0,0,0,0,0,12,15.3,28.9,-1.69,44.8,23.6
1.3550329208374,0.923232316970825,1.11952388286591,0,1.23650527000427,1.05016112327576,5.16E-01,7.54E-01,9.03E-01,8.15E-01,1.62E+00,-19.116279772083,26.15282272542,0,4794,0,0,0,0,0,0,0,0,0,0,0,0,10.1,4.8,34.9,-1.89,28.4,3.91
0.852562367916107,0,1.18541193008423,1.31436204910278,1.04830920696259,0.923234581947327,5.50E-01,7.85E-01,8.94E-01,9.24E-01,8.75E-01,5.85763701801499,10.2833054247227,0,4796,0,0,0,0,0,0,0,0,0,0,0,0,3.68,16.6,46.7,-2.46,4.34,29.9
0,0,0,0,0,0,0.00E+00,0.00E+00,0.00E+00,0.00E+00,0.00E+00,0.530384865132497,2.16620890434852,0,4798,0,0,0,0,0,0,0,0,0,0,0,0,6.56,9.86,51.3,-1.22,5.51,27.5
1.37955176830292,0.874476969242096,0.896945893764496,1.27553117275238,0.925465822219849,1.03525614738464,4.91E-01,7.53E-01,9.52E-01,8.52E-01,1.33E+00,2.30074194841729,7.28200432165751,0,4800,0,0,0,0,0,0,0,0,0,0,0,0,5.37,3.81,60.6,-1.51,11.2,19.4
0,0,0,0,0,0,0.00E+00,0.00E+00,0.00E+00,0.00E+00,0.00E+00,-4.16043941228294,10.9971136084268,0,4802,0,0,0,0,0,0,0,0,0,0,0,0,7.58,4.43,74.6,-0.588,14.6,42.9
0.885827302932739,0.95040887594223,1.28034436702728,1.33327054977417,1.18656575679779,1.11096739768982,4.98E-01,7.14E-01,1.01E+00,9.25E-01,9.42E-01,-1.80697199965486,12.7919412874139,0,4804,370,549,365,563,279,630,276,570,274,550,288,590,13,14.2,77.5,1.56,12.4,77.5
0.702871799468994,0.898305058479309,1.09848308563232,0.777183592319489,0,1.31261694431305,4.97E-01,6.86E-01,1.33E+00,8.30E-01,0.00E+00,-11.3361074573932,15.6601082722843,0,4806,0,0,0,0,0,0,0,0,0,0,0,0,17.5,14.8,84.1,1.37,30.1,24.9
0,0,0,0,0,0,0.00E+00,0.00E+00,0.00E+00,0.00E+00,0.00E+00,0.14196373414804,3.49875224936663,0,4808,0,0,0,0,0,0,0,0,0,0,0,0,19.4,13.9,94.7,1.01,3.19,47.5
0,0,0,0,0,0,0.00E+00,0.00E+00,0.00E+00,0.00E+00,0.00E+00,-5.85189037727034,8.62928343934582,0,4810,0,0,0,0,0,0,0,0,0,0,0,0,1.89,20.2,94,1.52,12.8,27.1
0,0,0,0,0,0,0.00E+00,0.00E+00,0.00E+00,0.00E+00,0.00E+00,10.4841981824885,13.4680905985628,0,4813,0,0,0,0,0,0,0,0,0,0,0,0,10.5,21.8,87.5,1.06,12.9,1.17
0.863990366458893,0.954545438289642,1.41662788391113,1.47121155261993,1.29369115829468,1.21858298778534,5.00E-01,5.74E-01,8.81E-01,8.71E-01,9.06E-01,20.0278689822834,33.9367667776412,0,4815,511,432,537,407,411,367,452,325,470,318,444,353,9.46,28.2,85.3,0.356,31.6,38.1
0.8551025390625,0.923749268054962,1.36160778999329,1.40741837024689,1.16443371772766,1.20500910282135,5.64E-01,6.36E-01,8.65E-01,8.16E-01,8.72E-01,18.042452480772,19.955610649331,0,4817,495,524,506,502,398,472,446,438,476,402,434,463,16,13.1,90,-0.368,3.35,56.2
0.849005341529846,0,1.41065871715546,1.4246860742569,1.20955955982208,1.12376892566681,4.89E-01,7.61E-01,9.35E-01,1.20E+00,9.32E-01,-16.7457522260271,46.4783763197202,0,4819,548,555,0,0,468,495,517,464,480,431,510,485,25.6,6.22,89.2,0.0971,31.7,75.3
0,0,0,0,0,0,0.00E+00,0.00E+00,0.00E+00,0.00E+00,0.00E+00,-10.9773038896677,23.4645911875289,0,4821,0,0,0,0,0,0,0,0,0,0,0,0,12.8,7.15,110,0.252,33.9,45.8
0.89750462770462,0.8278688788414,0.964701592922211,0.789048373699188,0.807280421257019,1.03015768527985,5.20E-01,6.68E-01,1.09E+00,7.53E-01,1.03E+00,-27.2105663829602,32.2949634677007,0,4823,0,0,0,0,0,0,0,0,0,0,0,0,36.3,8.1,139,0.405,22,76.5
0.887133955955505,0.951327443122864,1.35929942131042,1.3810111284256,1.20922017097473,1.06420183181763,4.72E-01,6.63E-01,9.50E-01,9.14E-01,1.00E+00,-0.115161065566326,12.9256776831573,0,4825,191,448,224,425,68.4,428,87,376,116,351,93.1,398,10.8,15.6,142,0.0022,24.5,23.2
0.864363551139832,0.937759339809418,1.30646467208862,1.4086811542511,1.17639029026032,1.0815144777298,5.72E-01,6.93E-01,8.47E-01,8.84E-01,9.40E-01,-11.6688447085058,24.1582376457879,0,4827,119,389,131,484,60.1,493,60.5,432,26.3,450,77.7,450,6.85,36.7,166,4.73,17.6,38.9
0.857576191425324,0.92428195476532,1.29946672916412,1.49980306625366,1.18827056884766,1.14505481719971,5.35E-01,6.72E-01,9.13E-01,9.39E-01,8.80E-01,8.3719934428819,103.37581093857,0,4829,234,632,203,589,151,692,129,646,95.5,585,144,663,28.5,7.85,182,4.86,75.8,18.9
0,0,0,0,0,0,0.00E+00,0.00E+00,0.00E+00,0.00E+00,0.00E+00,-3.00076767380648,34.5660743040749,0,4832,0,0,0,0,0,0,0,0,0,0,0,0,28.8,31.9,185,4.99,68,61.5
0,0,0,0,0,0,0.00E+00,0.00E+00,0.00E+00,0.00E+00,0.00E+00,26.1754960644003,47.7724577768512,0,4834,0,0,0,0,0,0,0,0,0,0,0,0,13.2,26.4,176,5.12,59.4,27.5
0,0,0,0,0,0,0.00E+00,0.00E+00,0.00E+00,0.00E+00,0.00E+00,5.7917048829506,8.63593127929617,0,4836,0,0,0,0,0,0,0,0,0,0,0,0,9.06,34,165,4.71,5.13,57.7
0,0,0,0,0,0,0.00E+00,0.00E+00,0.00E+00,0.00E+00,0.00E+00,-5.4930684788541,10.0663112354324,0,4838,0,0,0,0,0,0,0,0,0,0,0,0,10.4,30.5,141,4.3,15.9,12.1
0,0,0,0,0,0,0.00E+00,0.00E+00,0.00E+00,0.00E+00,0.00E+00,-3.13362419673306,3.33709399695239,0,4840,0,0,0,0,0,0,0,0,0,0,0,0,10.9,14.4,117,3.9,2.39,35.9
0,0,0,0,0,0,0.00E+00,0.00E+00,0.00E+00,0.00E+00,0.00E+00,-1.6174098457228,1.7757912377758,0,4842,0,0,0,0,0,0,0,0,0,0,0,0,2.79,20.1,86.2,3.49,13.1,15.7
0,0,0,0,0,0,0.00E+00,0.00E+00,0.00E+00,0.00E+00,0.00E+00,-1.603414414821,1.93728933310943,0,4844,0,0,0,0,0,0,0,0,0,0,0,0,2.1,12.4,73.8,3.09,4.78,7.65
0,0,0,0,0,0,0.00E+00,0.00E+00,0.00E+00,0.00E+00,0.00E+00,0.78662092067014,0.963148386116363,0,4846,0,0,0,0,0,0,0,0,0,0,0,0,2.38,9.79,79.6,2.68,11.2,18
0,0,0,0,0,0,0.00E+00,0.00E+00,0.00E+00,0.00E+00,0.00E+00,-6.22479703326415,6.85285830702935,0,4848,0,0,0,0,0,0,0,0,0,0,0,0,1.03,1.58,93,3.14,8.94,25.6
0,0,0,0,0,0,0.00E+00,0.00E+00,0.00E+00,0.00E+00,0.00E+00,-0.157433499932287,50.0488293726344,0,4851,0,0,0,0,0,0,0,0,0,0,0,0,8.4,6.53,140,3.6,41,29.9
0,0,0,0,0,0,0.00E+00,0.00E+00,0.00E+00,0.00E+00,0.00E+00,-25.4055308673539,28.3092472665898,0,4853,0,0,0,0,0,0,0,0,0,0,0,0,7.32,4.03,174,4.06,35.9,30.1
0,0,0,0,0,0,0.00E+00,0.00E+00,0.00E+00,0.00E+00,0.00E+00,14.2165448114782,19.9199376151356,0,4855,0,0,0,0,0,0,0,0,0,0,0,0,13.5,6.3,191,4.53,15.3,20.2
0.840825200080872,0.93178516626358,1.38072192668915,1.45086145401001,1.2353081703186,1.12283909320831,5.11E-01,6.24E-01,9.21E-01,9.27E-01,8.20E-01,43.4295033394109,44.722702890724,0,4857,387,528,394,530,467,419,493,476,517,556,467,452,77.7,48.2,163,4.99,264,322
0.846889138221741,0.902616262435913,1.32576739788055,1.38949751853943,1.30535268783569,1.10381865501404,5.21E-01,6.56E-01,8.62E-01,9.33E-01,8.45E-01,11.6075773540444,16.5796315721127,0,4859,277,430,296,476,401,392,399,447,401,464,379,430,21.6,23.8,203,3.94,13.8,97.8
0.863274097442627,0,1.26754081249237,1.36620461940765,1.28785610198975,1.12060761451721,5.40E-01,6.51E-01,8.89E-01,9.94E-01,8.12E-01,34.9680333759702,36.3892718593662,0,4861,267,437,0,0,397,389,392,449,381,490,381,422,80.9,17,192,4.1,14.7,313
0.824667274951935,0.917546153068543,1.31490314006805,1.32396018505096,1.2648845911026,1.1623592376709,4.72E-01,5.91E-01,9.01E-01,9.46E-01,9.07E-01,-5.77907405919791,6.01950929789548,0,4863,253,450,256,485,387,471,364,515,363,533,349,496,22.6,2.05,141,5.13,7.15,65.1
0.907532095909119,0.930041134357452,1.31505739688873,1.33365726470947,1.2000595331192,1.15609300136566,4.96E-01,6.01E-01,8.56E-01,8.99E-01,8.50E-01,0.536554160522086,6.54188466214947,0,4865,215,489,211,473,337,471,305,515,290,522,305,490,7.48,49.1,134,4.33,4.41,25.2
0,0,0,0,0,0,0.00E+00,0.00E+00,0.00E+00,0.00E+00,0.00E+00,20.4454598998226,20.4888104119288,0,4867,0,0,0,0,0,0,0,0,0,0,0,0,16.6,20.7,119,4.03,12.8,43
0,0,0,0,0,0,0.00E+00,0.00E+00,0.00E+00,0.00E+00,0.00E+00,-28.5390321138142,36.1755026856017,0,4870,0,0,0,0,0,0,0,0,0,0,0,0,5.46,17.8,86.4,4.28,7.64,37.2
0,0,0,0,0,0,0.00E+00,0.00E+00,0.00E+00,0.00E+00,0.00E+00,2.43953142719619,28.3181649065135,0,4872,0,0,0,0,0,0,0,0,0,0,0,0,11.1,1.16,35,4.52,8.08,51.9
0,0,0,0,0,0,0.00E+00,0.00E+00,0.00E+00,0.00E+00,0.00E+00,0.019266840169841,38.4379703566479,0,4874,0,0,0,0,0,0,0,0,0,0,0,0,4.49,9.66,52.4,4.76,17.7,7.52
0,0,0,0,0,0,0.00E+00,0.00E+00,0.00E+00,0.00E+00,0.00E+00,-14.88478223737,71.9864398337584,0,4876,0,0,0,0,0,0,0,0,0,0,0,0,20.2,12.9,62.6,5.01,36.2,13.7
0,0,0,0,0,0,0.00E+00,0.00E+00,0.00E+00,0.00E+00,0.00E+00,-0.705774197696177,33.2175212014075,0,4878,0,0,0,0,0,0,0,0,0,0,0,0,19.8,14.2,37,3.92,12.4,23.9
0,0,0,0,0,0,0.00E+00,0.00E+00,0.00E+00,0.00E+00,0.00E+00,-1.45733674886116,22.9764440048572,0,4880,0,0,0,0,0,0,0,0,0,0,0,0,16.5,30.8,48.4,4.93,33.3,17.7
0,0,0,0,0,0,0.00E+00,0.00E+00,0.00E+00,0.00E+00,0.00E+00,6.39859974456487,35.9405090990262,0,4882,0,0,0,0,0,0,0,0,0,0,0,0,8.83,23.2,74.5,5.37,17.7,17.2
0.83965414762497,0.903765678405762,1.36671459674835,1.32203435897827,1.17893254756928,1.07094502449036,3.86E-01,6.37E-01,8.85E-01,1.02E+00,1.08E+00,2.84280390185141,22.0593193700964,0,4884,395,121,379,107,388,230,348,219,344,212,367,196,12,17.5,78.9,3.97,19.7,30.5
0,0,0,0,0,0,0.00E+00,0.00E+00,0.00E+00,0.00E+00,0.00E+00,34.8942904060169,76.3745912776222,0,4886,0,0,0,0,0,0,0,0,0,0,0,0,5.54,13.8,92.9,3.51,19.6,17.1
0,0,0,0,0,0,0.00E+00,0.00E+00,0.00E+00,0.00E+00,0.00E+00,-5.08642766624613,35.345678945293,0,4888,0,0,0,0,0,0,0,0,0,0,0,0,22.8,5.79,125,3.04,38.3,47
0,0,0,0,0,0,0.00E+00,0.00E+00,0.00E+00,0.00E+00,0.00E+00,1.4514145272372,17.1763602624781,0,4891,0,0,0,0,0,0,0,0,0,0,0,0,4.19,12.3,152,4.19,22.3,36
0,0,0,0,0,0,0.00E+00,0.00E+00,0.00E+00,0.00E+00,0.00E+00,0.647325327046515,21.2358050352932,0,4893,0,0,0,0,0,0,0,0,0,0,0,0,9.88,10.5,157,4.04,6.33,16.2
0,0,0,0,0,0,0.00E+00,0.00E+00,0.00E+00,0.00E+00,0.00E+00,-8.39250935505732,24.4792646361307,0,4895,0,0,0,0,0,0,0,0,0,0,0,0,2.26,11.2,172,4.92,13.6,25.7
0,0,0,0,0,0,0.00E+00,0.00E+00,0.00E+00,0.00E+00,0.00E+00,-3.25983032616649,9.83862275097203,0,4897,0,0,0,0,0,0,0,0,0,0,0,0,8.44,1.42,180,3.44,3.74,13.2
0,0,0,0,0,0,0.00E+00,0.00E+00,0.00E+00,0.00E+00,0.00E+00,-0.411782270996577,27.4526092315822,0,4899,0,0,0,0,0,0,0,0,0,0,0,0,1.82,5.98,177,1.19,14.7,42.1
0,0,0,0,0,0,0.00E+00,0.00E+00,0.00E+00,0.00E+00,0.00E+00,-2.04783154824245,5.56367788438631,0,4901,0,0,0,0,0,0,0,0,0,0,0,0,12.4,5,162,0.997,7.88,10.9
0,0,0,0,0,0,0.00E+00,0.00E+00,0.00E+00,0.00E+00,0.00E+00,21.2773856501055,29.576841062592,0,4903,0,0,0,0,0,0,0,0,0,0,0,0,12.1,13,158,5.01,2.83,90.5
0,0,0,0,0,0,0.00E+00,0.00E+00,0.00E+00,0.00E+00,0.00E+00,13.1017152262407,25.4664151057022,0,4905,0,0,0,0,0,0,0,0,0,0,0,0,22.4,9.21,131,4.41,14.1,23.2
0,0,0,0,0,0,0.00E+00,0.00E+00,0.00E+00,0.00E+00,0.00E+00,0.258668489254202,2.37153071678795,0,4907,0,0,0,0,0,0,0,0,0,0,0,0,33.8,19.5,107,5.19,18.8,77
0.939692795276642,0.953742623329163,1.23171937465668,1.30175709724426,1.14478027820587,1.07713055610657,4.68E-01,7.26E-01,9.12E-01,9.13E-01,9.36E-01,0.393234185452134,19.014322199161,0,4910,344,378,384,435,287,485,290,433,278,410,310,449,5.16,32.9,70.4,4.99,8.29,16.3
0.889570415019989,0.914241969585419,1.2402628660202,1.19586372375488,1.13075041770935,1.08566105365753,4.42E-01,6.32E-01,9.24E-01,9.39E-01,8.77E-01,-7.85008265674079,76.9264282557757,0,4912,465,296,438,275,345,354,347,301,350,283,368,315,17.4,12.5,57,4.79,79.7,11.4
0,0,0,0,0,0,0.00E+00,0.00E+00,0.00E+00,0.00E+00,0.00E+00,9.84673212063649,16.1213228852616,0,4914,0,0,0,0,0,0,0,0,0,0,0,0,16.1,16.9,28.8,4.59,11.6,23.9
0,0,0,0,0.946239829063416,0,0.00E+00,0.00E+00,0.00E+00,0.00E+00,0.00E+00,15.266953223263,22.9766345465101,0,4916,0,0,0,0,0,0,0,0,0,0,0,0,8.44,12.1,25.9,4.39,6.33,19.7
0,0,0,0,0,0,0.00E+00,0.00E+00,0.00E+00,0.00E+00,0.00E+00,10.6502370948989,20.6216544206772,0,4918,0,0,0,0,0,0,0,0,0,0,0,0,3.1,20.5,28.8,4.19,1.34,13.7
0,0,0,0,0,0,0.00E+00,0.00E+00,0.00E+00,0.00E+00,0.00E+00,2.46903784075562,15.4519402585207,0,4920,0,0,0,0,0,0,0,0,0,0,0,0,4.62,10.5,51.9,3.99,4.05,46.1
0.983576834201813,0,1.2318320274353,1.14693319797516,1.09647500514984,1.15693843364716,4.44E-01,9.91E-01,9.44E-01,9.13E-01,8.90E-01,-1.1329444207589,3.52465914918546,0,4922,374,423,0,0,398,292,443,315,468,481,422,318,13.9,18.4,64.7,3.79,8.99,31.3
0,0,0,0,0,0,0.00E+00,0.00E+00,0.00E+00,0.00E+00,0.00E+00,-0.569710158171517,8.36579078782198,0,4924,0,0,0,0,0,0,0,0,0,0,0,0,8.26,6.66,63,3.98,12.2,28.6
0,0,0,0,0,0,0.00E+00,0.00E+00,0.00E+00,0.00E+00,0.00E+00,6.3708123635597,15.9376000317863,0,4926,0,0,0,0,0,0,0,0,0,0,0,0,6.35,6,70.6,4.16,11.3,23.1
0,0,0,0,0,0,0.00E+00,0.00E+00,0.00E+00,0.00E+00,0.00E+00,-0.391367514596407,10.5155951236473,0,4929,0,0,0,0,0,0,0,0,0,0,0,0,6.06,1.74,59.8,4.35,14.5,47.6
0,0,0,0,0,0,0.00E+00,0.00E+00,0.00E+00,0.00E+00,0.00E+00,3.83112634027244,30.1533107688499,0,4931,0,0,0,0,0,0,0,0,0,0,0,0,6.27,11.2,50.6,4.54,14.4,41
0.827071011066437,0.353080987930298,1.22983956336975,1.26058232784271,1.15989661216736,1.04731178283691,4.72E-01,6.81E-01,9.29E-01,8.85E-01,8.37E-01,-3.80720385945657,7.96352756178582,0,4933,325,533,277,512,206,512,222,464,224,437,230,484,6.88,8.57,26,4.73,8.85,25.2
0,0,0,0,0,0,0.00E+00,0.00E+00,0.00E+00,0.00E+00,0.00E+00,10.7348559404202,41.6530280382294,0,4935,0,0,0,0,0,0,0,0,0,0,0,0,15.5,7.27,15.7,4.92,23.5,21.9
0.912553131580353,0,1.20638918876648,1.28836572170258,1.16125178337097,1.05468904972076,5.01E-01,7.51E-01,1.02E+00,9.28E-01,8.86E-01,6.29913870293738,40.2122076026147,0,4937,688,676,0,0,571,673,597,630,604,586,600,652,10,5.35,23.3,5.1,18,59.4
0.879468560218811,0,0.844267845153809,0.843408942222595,0.860164821147919,0.943140625953674,5.19E-01,5.94E-01,1.71E+00,8.56E-01,0.00E+00,2.97619703282303,20.6240595276069,0,4939,503,634,0,0,459,531,469,551,495,569,469,568,17,14.6,32.9,5.23,10.6,15
0,0,0,0,0.912280678749085,0,0.00E+00,0.00E+00,9.41E-01,0.00E+00,1.00E+00,4.46168192748919,49.5734827491021,0,4941,0,0,0,0,0,0,0,0,321,498,0,0,16,10.9,25.9,5.35,14.5,40.1
0.900125503540039,0.921655595302582,1.15487897396088,1.19820857048035,1.10015857219696,1.04320025444031,5.07E-01,6.48E-01,9.35E-01,9.16E-01,9.73E-01,-3.02350709928064,8.81748558886795,0,4943,150,584,148,542,26.5,555,58.2,512,70.3,468,63.6,532,5.7,13.6,31,5.48,2.44,5.31
0.861372888088226,0.901937067508698,1.39124369621277,0.875836312770844,0.976624548435211,1.05086302757263,5.28E-01,7.38E-01,8.67E-01,9.11E-01,0.00E+00,-6.9913719173883,33.4669728504213,0,4945,49.3,612,76.6,572,24.4,472,82.9,461,81.5,462,96.6,510,2.16,17.8,24.8,3.66,17.5,11.7
0,0,0,0,0,0,0.00E+00,0.00E+00,0.00E+00,0.00E+00,0.00E+00,-10.3233866957341,28.3370586352055,0,4948,0,0,0,0,0,0,0,0,0,0,0,0,7.41,16.5,9.86,1.85,22.7,32.5
0,0,0,0,0,0,0.00E+00,0.00E+00,0.00E+00,0.00E+00,0.00E+00,-109.322414042316,147.508985888558,0,4950,0,0,0,0,0,0,0,0,0,0,0,0,23,13.8,19.8,1.19,64.8,83.1
0.892187774181366,0,0.903006255626678,0.882610082626343,1.22112619876862,1.32710647583008,4.69E-01,6.49E-01,8.79E-01,9.43E-01,8.22E-01,0.487278286169104,11.9076425462084,0,4952,581,552,0,0,630,430,636,447,552,401,534,450,26.9,6.96,35,-0.515,6.17,21.9
0.694805204868317,0,0,0,0.929922699928284,0,0.00E+00,0.00E+00,0.00E+00,0.00E+00,0.00E+00,-1.24036856738932,11.4599430973919,0,4954,451,562,0,0,0,0,0,0,416,500,0,0,22.5,29.5,48,4.75,8.26,74.9
0,0,0,0,0,0,0.00E+00,0.00E+00,0.00E+00,0.00E+00,0.00E+00,20.0689458921455,59.0600158320614,0,4956,0,0,0,0,0,0,0,0,0,0,0,0,13.3,21.5,61.5,4.81,15.5,31.7
0.855018496513367,0.922396183013916,1.22353541851044,1.282102227211,1.15227699279785,1.1878182888031,4.44E-01,6.79E-01,9.06E-01,9.13E-01,8.79E-01,-31.0420708883576,38.9990429045822,0,4958,438,435,459,432,414,309,468,312,495,306,444,330,9.58,32.7,52.2,4.87,35.5,14.6
0,0,1.21760678291321,1.19272482395172,1.14681553840637,1.12946033477783,4.55E-01,6.68E-01,7.93E-01,8.68E-01,8.75E-01,-5.29885586288374,10.1840985163613,0,4960,0,0,0,0,343,95.6,409,108,470,107,379,116,7.32,11.6,46.1,4.94,23.9,35.9
0,0,0,0,0,0,0.00E+00,0.00E+00,0.00E+00,0.00E+00,0.00E+00,16.8708549355932,18.0196646703408,0,4962,0,0,0,0,0,0,0,0,0,0,0,0,20,7.96,36.8,5,21.6,37.9
0,0,0,0,0,0,0.00E+00,0.00E+00,0.00E+00,0.00E+00,0.00E+00,-14.023164848857,24.9127935961821,0,4964,0,0,0,0,0,0,0,0,0,0,0,0,12.1,11,21.7,5.04,39.4,90.2
0,0,0,0,0,0,0.00E+00,0.00E+00,0.00E+00,0.00E+00,0.00E+00,-2.54903446174317,5.94827943092886,0,4967,0,0,0,0,0,0,0,0,0,0,0,0,22.9,12,32.2,5.08,19.5,56.2
0,0,0,0,0,0,0.00E+00,0.00E+00,0.00E+00,0.00E+00,0.00E+00,3.08582120482966,35.3296115516426,0,4969,0,0,0,0,0,0,0,0,0,0,0,0,20.7,24.2,53.6,5.12,31.6,18.3
0,0,0,0,0,0,0.00E+00,0.00E+00,0.00E+00,0.00E+00,0.00E+00,18.4806057184816,41.6563504974535,0,4971,0,0,0,0,0,0,0,0,0,0,0,0,15,18.6,81.4,5.16,49.3,46.4
0,0,0,0,0,0,0.00E+00,0.00E+00,0.00E+00,0.00E+00,0.00E+00,48.4767029981224,54.1750528364832,0,4973,0,0,0,0,0,0,0,0,0,0,0,0,18.5,10.2,106,5.27,48.9,33.6
0,0,0,0,0,0,0.00E+00,0.00E+00,0.00E+00,0.00E+00,0.00E+00,-5.3021310269896,28.5980118177572,0,4975,0,0,0,0,0,0,0,0,0,0,0,0,6.57,4.49,128,5,5.65,90
0,0,0,0,0,0,0.00E+00,0.00E+00,0.00E+00,0.00E+00,0.00E+00,-4.64924730279661,63.3543701043966,0,4977,0,0,0,0,0,0,0,0,0,0,0,0,11.2,20.2,125,4.73,9.62,25
0,0,0,0,0,0,0.00E+00,0.00E+00,0.00E+00,0.00E+00,0.00E+00,2.02112984682616,2.50613451578058,0,4979,0,0,0,0,0,0,0,0,0,0,0,0,16.7,22.8,130,4.46,8.18,68.8
0,0,0,0,0,0,0.00E+00,0.00E+00,0.00E+00,0.00E+00,0.00E+00,1.76404065531272,31.1981972486955,0,4981,0,0,0,0,0,0,0,0,0,0,0,0,6.9,18.5,127,4.19,40.9,38.7
0,0,0,0,0,0,0.00E+00,0.00E+00,0.00E+00,0.00E+00,0.00E+00,5.35400164787037,5.90374429881554,0,4983,0,0,0,0,0,0,0,0,0,0,0,0,12.4,30.5,110,3.73,24.9,61.5
0,0,0,0,0,0,0.00E+00,0.00E+00,0.00E+00,0.00E+00,0.00E+00,-8.00538001383022,15.9304502843833,0,4985,0,0,0,0,0,0,0,0,0,0,0,0,21.8,14.7,90,3.27,9.06,11.4
0.888730466365814,0.945031702518463,1.23545575141907,1.43500196933746,1.11075031757355,1.16453695297241,5.32E-01,6.80E-01,8.62E-01,8.12E-01,8.61E-01,-3.01200433794152,4.37735095736555,0,4988,553,579,531,559,458,454,495,463,495,465,483,490,17.6,8.73,84.4,2.81,17.6,13.4
0,0,0,0,0.963039875030518,0,0.00E+00,0.00E+00,9.00E-01,0.00E+00,0.00E+00,36.8506641406908,38.274247684868,0,4990,0,0,0,0,0,0,0,0,0,0,0,0,1.68,12,94.6,2.34,25.6,23
0,0,0,0,0,0,0.00E+00,0.00E+00,0.00E+00,0.00E+00,0.00E+00,77.3760194118018,112.315682019948,0,4992,0,0,0,0,0,0,0,0,0,0,0,0,14.2,11.5,103,2.57,14.9,16.6
0,0,0,0,0,0,0.00E+00,0.00E+00,0.00E+00,0.00E+00,0.00E+00,1.03479005151838,21.8690313161181,0,4994,0,0,0,0,0,0,0,0,0,0,0,0,8.77,2.33,118,2.65,6.93,12.8
0,0,0,0,0,0,0.00E+00,0.00E+00,0.00E+00,0.00E+00,0.00E+00,8.30468614167131,51.943540734237,0,4996,0,0,0,0,0,0,0,0,0,0,0,0,5.36,24.8,141,2.74,7.3,12.3
0,0,0,0,0,0,0.00E+00,0.00E+00,0.00E+00,0.00E+00,0.00E+00,-3.9955560936307,11.4651406361266,0,4998,0,0,0,0,0,0,0,0,0,0,0,0,1.7,13.6,147,2.82,7.16,32.7
0,0,0,0,0,0,0.00E+00,0.00E+00,0.00E+00,0.00E+00,0.00E+00,0.074550052840755,13.2330207156738,0,5000,0,0,0,0,0,0,0,0,0,0,0,0,6.57,10.8,157,2.91,15.7,13.9
0,0,0,0,0,0,0.00E+00,0.00E+00,0.00E+00,0.00E+00,0.00E+00,-0.841125130113593,5.26735253913287,0,5002,0,0,0,0,0,0,0,0,0,0,0,0,2.06,1.49,141,2.99,6.73,7.45
0,0,0,0,0,0,0.00E+00,0.00E+00,0.00E+00,0.00E+00,0.00E+00,-7.9552234894811,16.0448521856306,0,5004,0,0,0,0,0,0,0,0,0,0,0,0,6.69,8.58,146,3.08,5.3,7.46
0,0,0,0,0.901785731315613,0,0.00E+00,0.00E+00,0.00E+00,0.00E+00,0.00E+00,35.0629483519256,45.3284726465128,0,5007,0,0,0,0,0,0,0,0,0,0,0,0,21.4,3.03,123,3.16,22.6,38.8
0,0,0,0,0,0,0.00E+00,0.00E+00,0.00E+00,0.00E+00,0.00E+00,-1.91502194365151,7.65110660219867,0,5009,0,0,0,0,0,0,0,0,0,0,0,0,4.42,5.73,116,3.25,10.4,34.4
0,0,0,0,0,0,0.00E+00,0.00E+00,0.00E+00,0.00E+00,0.00E+00,2.55176599477206,5.0261138194699,0,5011,0,0,0,0,0,0,0,0,0,0,0,0,13.1,6.16,98,3.33,6.55,36.4
0,0,0,0,0,0,0.00E+00,0.00E+00,0.00E+00,0.00E+00,0.00E+00,-26.4510400922641,28.7308187278637,0,5013,0,0,0,0,0,0,0,0,0,0,0,0,3.09,2.42,85.7,3.41,10.8,23.9
0,0,0,0,0,0,0.00E+00,0.00E+00,0.00E+00,0.00E+00,0.00E+00,-0.749994536832719,1.05270299311324,0,5015,0,0,0,0,0,0,0,0,0,0,0,0,1.94,4.44,77,3.5,18.2,0.377
0.877214133739471,1.14788222312927,1.23964190483093,1.16451644897461,1.11946558952332,1.0918744802475,4.71E-01,6.98E-01,9.21E-01,9.63E-01,1.04E+00,-12.3762854577469,13.3991108165369,0,5017,449,573,457,483,376,420,433,420,472,462,414,425,4.43,12.6,60.5,3.58,17.6,13.5
1.00703597068787,0.928118407726288,1.23120272159576,1.18236076831818,0,1.33791446685791,4.61E-01,6.37E-01,1.13E+00,9.26E-01,9.96E-01,1.02159566145476,1.7936618968542,0,5019,465,504,529,442,434,370,478,369,0,0,460,390,6.86,6.78,47.2,3.67,5.97,15.7
0.90585196018219,0.945619344711304,1.29650902748108,1.17262494564056,1.07428634166718,1.10011339187622,4.38E-01,6.87E-01,8.90E-01,9.79E-01,8.05E-01,70.4968500340433,73.6750676727681,0,5021,467,664,508,645,450,538,494,543,482,555,489,559,6.87,12.1,43,3.75,5.17,36.9
0,0,0,0,0,0,0.00E+00,0.00E+00,0.00E+00,0.00E+00,0.00E+00,59.0414315719115,65.2355139971807,0,5023,0,0,0,0,0,0,0,0,0,0,0,0,8.23,10.2,22.3,2.45,12.1,36.8
0,0,0,0,0,0,0.00E+00,0.00E+00,0.00E+00,0.00E+00,0.00E+00,7.07074346103265,35.4086014786818,0,5026,0,0,0,0,0,0,0,0,0,0,0,0,9.65,9.04,11.4,2.08,37.3,16.8
0,0,0,0,0,0,0.00E+00,0.00E+00,0.00E+00,0.00E+00,0.00E+00,-12.0850866356905,22.4986540218407,0,5028,0,0,0,0,0,0,0,0,0,0,0,0,17.4,9.52,12.6,2.28,37.6,48.2
0.84117728471756,0,1.20342803001404,1.15089857578278,1.13441634178162,1.0873715877533,5.01E-01,6.78E-01,8.70E-01,8.82E-01,8.46E-01,3.58363407091936,86.271849088632,0,5030,452,417,0,0,492,273,544,296,571,384,527,281,32.1,11.3,17.8,2.01,45.9,98.1
0.892190396785736,0.943143784999847,1.21614980697632,1.19234311580658,1.09781289100647,1.15666568279266,4.83E-01,6.84E-01,9.25E-01,9.94E-01,9.62E-01,-7.62911015066002,128.446287462988,0,5032,437,608,352,651,367,515,420,542,462,518,389,555,5.1,20.9,32.8,1.75,21.2,51.5
0,0,0,0,0,0,0.00E+00,0.00E+00,0.00E+00,0.00E+00,0.00E+00,22.2367580346009,25.9733627785589,0,5034,0,0,0,0,0,0,0,0,0,0,0,0,21.7,11.9,27.2,5.31,20.4,45.4
0.883533358573914,0,1.23442888259888,1.15369057655334,1.15603089332581,1.10351467132568,4.61E-01,6.38E-01,8.92E-01,8.89E-01,1.05E+00,8.39086894910931,130.030911898912,0,5036,300,641,0,0,365,519,401,539,366,528,396,555,19.1,11.9,32.2,5.23,40.7,57.6
1.35076332092285,0.869140625,1.03287875652313,0,0,0.970147728919983,5.32E-01,6.02E-01,8.46E-01,8.56E-01,0.00E+00,-2.66999611039861,113.405255701876,0,5038,0,0,0,0,0,0,0,0,0,0,0,0,26.2,23,36.1,5.14,56.3,79.7
0,0,0,0,0,0,0.00E+00,0.00E+00,0.00E+00,0.00E+00,0.00E+00,7.18581853858878,13.6492039266556,0,5040,0,0,0,0,0,0,0,0,0,0,0,0,16.7,34.4,23,5.05,6.17,43.2
0,0,0,0,0,0,0.00E+00,0.00E+00,0.00E+00,0.00E+00,0.00E+00,21.335248260862,21.5305298784641,0,5042,0,0,0,0,0,0,0,0,0,0,0,0,16.3,4.21,18.6,4.96,4.23,44.2
0,0,0,0,0,0,0.00E+00,0.00E+00,0.00E+00,0.00E+00,0.00E+00,-2.36909450138436,4.62371961295783,0,5045,0,0,0,0,0,0,0,0,0,0,0,0,1.12,12.5,17.8,1.47,7.84,39.1
0,0,0,0,0,0,0.00E+00,0.00E+00,0.00E+00,0.00E+00,0.00E+00,67.0743764328784,72.1131750255061,0,5047,0,0,0,0,0,0,0,0,0,0,0,0,9.96,4.35,16.7,3.78,27.5,25.2
0,0,0,0,0,0,0.00E+00,0.00E+00,0.00E+00,0.00E+00,0.00E+00,1.40624745911474,24.9372098604504,0,5049,0,0,0,0,0,0,0,0,0,0,0,0,5.25,11.8,32.7,3.79,13.5,80.5
0,0,0,0,0,0,0.00E+00,0.00E+00,0.00E+00,0.00E+00,0.00E+00,-14.9220888272139,51.6587722102044,0,5051,0,0,0,0,0,0,0,0,0,0,0,0,20.5,5.09,38.6,3.8,40,30.9
0,0,0,0,0,0,0.00E+00,0.00E+00,0.00E+00,0.00E+00,0.00E+00,-35.8131014248576,54.3611613219283,0,5053,0,0,0,0,0,0,0,0,0,0,0,0,21.1,19.8,34.3,3.81,36.7,98.7
0,0,0,0,0,0,0.00E+00,0.00E+00,0.00E+00,0.00E+00,0.00E+00,6.4671180227625,7.57292471824545,0,5055,0,0,0,0,0,0,0,0,0,0,0,0,5.06,24.2,49.7,3.82,3.66,39.1
0,0,0,0,0,0,0.00E+00,0.00E+00,0.00E+00,0.00E+00,0.00E+00,59.3002470394158,66.6644845336453,0,5057,0,0,0,0,0,0,0,0,0,0,0,0,13.1,12.3,44.6,-0.205,6.15,121
0.890301704406738,0,1.25866103172302,1.13087296485901,1.10216772556305,1.12851071357727,4.43E-01,6.47E-01,8.98E-01,9.59E-01,8.69E-01,-2.75986189814813,8.04267206240467,0,5059,145,494,0,0,131,330,179,351,200,371,160,356,37.9,17.1,34.2,1.48,30.1,7.01
0,0,0,0,1.00448429584503,0,0.00E+00,0.00E+00,0.00E+00,0.00E+00,0.00E+00,-0.494894406906181,5.42686136853822,0,5061,0,0,0,0,0,0,0,0,0,0,0,0,23.8,37.6,34.5,2.18,39.2,97.1
0,0,0,0,0,0,0.00E+00,0.00E+00,0.00E+00,0.00E+00,0.00E+00,1.98876306081339,14.0386916839897,0,5063,0,0,0,0,0,0,0,0,0,0,0,0,21.9,36.3,29.8,-1.19,17.2,51.5
0,0,0,0,0,0,0.00E+00,0.00E+00,0.00E+00,0.00E+00,0.00E+00,-35.853949857224,36.8687583406265,0,5066,0,0,0,0,0,0,0,0,0,0,0,0,9.47,11.3,34.4,-0.93,36.4,96.3
0,0,0,0,0,0,0.00E+00,0.00E+00,0.00E+00,0.00E+00,0.00E+00,93.0333499283093,120.678103123036,0,5068,0,0,0,0,0,0,0,0,0,0,0,0,7.82,12.9,57,0.464,61.8,120
0,0,0,0,0,0,0.00E+00,0.00E+00,0.00E+00,0.00E+00,0.00E+00,1.49399908230777,3.8634138717683,0,5070,0,0,0,0,0,0,0,0,0,0,0,0,38.8,39.6,83.9,-0.0325,16.3,84.5
0,0,0,0,0,0,0.00E+00,0.00E+00,0.00E+00,0.00E+00,0.00E+00,10.6847541040736,10.7376493088547,0,5072,0,0,0,0,0,0,0,0,0,0,0,0,28.5,47.9,123,-0.1,8.88,91.4
0.90468031167984,0,1.21461117267609,1.1131044626236,1.14707255363464,1.10790741443634,4.55E-01,6.22E-01,8.80E-01,1.01E+00,9.17E-01,-1.55400184468397,29.7775223241595,0,5074,524,455,0,0,509,300,557,314,571,341,540,311,3.73,51.1,169,-0.092,31.4,41.5
0,0,0,0,0,0,0.00E+00,0.00E+00,0.00E+00,0.00E+00,0.00E+00,7.82177303321202,17.6711899751276,0,5076,0,0,0,0,0,0,0,0,0,0,0,0,3.86,43,214,-0.187,40.1,6.99
0,0,0,0,0,0,0.00E+00,0.00E+00,0.00E+00,0.00E+00,0.00E+00,-0.370231275402864,3.52571543886545,0,5078,0,0,0,0,0,0,0,0,0,0,0,0,13.2,5.4,257,0.747,14.6,57
0,0,0,0,0,0,0.00E+00,0.00E+00,0.00E+00,0.00E+00,0.00E+00,24.4234130209685,85.4701795050105,0,5080,0,0,0,0,0,0,0,0,0,0,0,0,7.74,14.1,292,0.0852,48.2,13.4
0,0,0,0,0,0,0.00E+00,0.00E+00,0.00E+00,0.00E+00,0.00E+00,-20.9621490722074,24.1808754320734,0,5082,0,0,0,0,0,0,0,0,0,0,0,0,7.43,11.6,341,-0.0673,22.5,26.8
0,0,0,0,0,0,0.00E+00,0.00E+00,0.00E+00,0.00E+00,0.00E+00,-2.04120077516222,7.76344675669764,0,5085,0,0,0,0,0,0,0,0,0,0,0,0,14.8,13.8,377,0.317,18.3,25.1
0,0,0,0,0,0,0.00E+00,0.00E+00,0.00E+00,0.00E+00,0.00E+00,12.2769413455426,24.7779239955583,0,5087,0,0,0,0,0,0,0,0,0,0,0,0,5.04,15.5,390,-0.737,12.2,15.8
0,0,0,0,0,0,0.00E+00,0.00E+00,0.00E+00,0.00E+00,0.00E+00,2.81881489939069,10.3459916310763,0,5089,0,0,0,0,0,0,0,0,0,0,0,0,3.01,12.2,380,0.723,16.8,44.4
0.895992696285248,1.04776120185852,1.19285714626312,1.23261785507202,1.08270168304443,1.20650720596313,4.52E-01,7.20E-01,8.82E-01,9.48E-01,8.48E-01,-33.8650020008348,53.4229751397178,0,5091,384,358,380,354,445,465,386,468,370,467,412,453,8.58,17.2,379,0.0228,48.5,75.3
0.850957930088043,0.838709652423859,1.18884444236755,1.26104426383972,1.13144171237946,1.28252518177032,4.80E-01,6.81E-01,8.67E-01,9.26E-01,8.87E-01,0.67738466875608,1.66541205425791,0,5093,665,290,666,266,563,405,536,359,558,320,549,373,17.5,3.97,355,1.67,4.31,86.9
0,0,0.968944072723389,0,0,0.870339155197144,0.00E+00,0.00E+00,9.40E-01,0.00E+00,0.00E+00,-5.63210058069666,26.2138266632094,0,5095,0,0,0,0,0,0,0,0,0,0,0,0,54.8,40.1,300,1.16,43,185
0.895540595054626,0,1.21224677562714,1.20903444290161,1.14552307128906,1.21420931816101,4.73E-01,6.94E-01,9.24E-01,9.23E-01,1.07E+00,-9.64965658840814,37.9280793851967,0,5097,551,290,0,0,419,301,428,267,434,269,451,268,29.4,26,282,-0.487,21.8,66.8
0,0,0,0,0,0,0.00E+00,0.00E+00,0.00E+00,0.00E+00,0.00E+00,-21.9172432144254,44.4749044603151,0,5099,0,0,0,0,0,0,0,0,0,0,0,0,45.2,28.4,238,2.15,20.9,127
0,0,0,0,0,0,0.00E+00,0.00E+00,0.00E+00,0.00E+00,0.00E+00,8.2658768957221,27.7889152474775,0,5101,0,0,0,0,0,0,0,0,0,0,0,0,12.9,15.9,182,2.67,19.3,150
0,0,0,0,0,0,0.00E+00,0.00E+00,0.00E+00,0.00E+00,0.00E+00,-30.9473325024448,74.8159209465223,0,5104,0,0,0,0,0,0,0,0,0,0,0,0,56.5,31.2,102,2.32,11.1,25.7
0,0,0,0,0,0,0.00E+00,0.00E+00,0.00E+00,0.00E+00,0.00E+00,16.4348399523381,20.2792300345979,0,5106,0,0,0,0,0,0,0,0,0,0,0,0,12.4,47.9,61.7,1.97,24.4,32.8
0,0,0,0,0,0,0.00E+00,0.00E+00,0.00E+00,0.00E+00,0.00E+00,14.0014465709323,14.4458152094936,0,5108,0,0,0,0,0,0,0,0,0,0,0,0,5.87,60.5,32.7,1.62,17.7,21.5
0,0,0,0,0,0,0.00E+00,0.00E+00,0.00E+00,0.00E+00,0.00E+00,-41.9368515979331,56.6297419212831,0,5110,0,0,0,0,0,0,0,0,0,0,0,0,12.8,35.7,97.2,1.27,7.46,68.4
0,0,0,0,0,0,0.00E+00,0.00E+00,0.00E+00,0.00E+00,0.00E+00,4.68218378318923,4.76288903172364,0,5112,0,0,0,0,0,0,0,0,0,0,0,0,19,37.7,146,0.923,6.13,32.7
0,0,0,0,0,0,0.00E+00,0.00E+00,0.00E+00,0.00E+00,0.00E+00,-15.0865864720042,16.835514401694,0,5114,0,0,0,0,0,0,0,0,0,0,0,0,17.5,19.3,198,0.573,16.8,50
0,0,0,0,0,0,0.00E+00,0.00E+00,0.00E+00,0.00E+00,0.00E+00,47.0833819456384,48.1739391207973,0,5116,0,0,0,0,0,0,0,0,0,0,0,0,13.5,23.4,273,0.223,34.8,155
0,0,0,0,0,0,0.00E+00,0.00E+00,0.00E+00,0.00E+00,0.00E+00,24.284520322841,54.5732772281607,0,5118,0,0,0,0,0,0,0,0,0,0,0,0,22.1,26.6,301,0.764,86.6,19.3
0,0,0,0,0,0,0.00E+00,0.00E+00,0.00E+00,0.00E+00,0.00E+00,1.55587624233263,21.1479843754958,0,5120,0,0,0,0,0,0,0,0,0,0,0,0,36.4,41.8,325,-0.568,26,141
0,0,0,0,0,0,0.00E+00,0.00E+00,0.00E+00,0.00E+00,0.00E+00,-13.667773235455,17.155153347483,0,5123,0,0,0,0,0,0,0,0,0,0,0,0,20.9,39.4,328,0.694,27.2,68.3
0,0,0,0,0,0,0.00E+00,0.00E+00,0.00E+00,0.00E+00,0.00E+00,11.2122977806789,13.4658775452143,0,5125,0,0,0,0,0,0,0,0,0,0,0,0,14.8,15.6,316,1.96,139,118
0,0,0,0,0,0,0.00E+00,0.00E+00,0.00E+00,0.00E+00,0.00E+00,4.77173774500086,10.2145803166291,0,5127,0,0,0,0,0,0,0,0,0,0,0,0,45,24.8,252,3.22,11.2,48.3
0,0,0,0,0,0,0.00E+00,0.00E+00,0.00E+00,0.00E+00,0.00E+00,11.1699612059027,12.4684777634108,0,5129,0,0,0,0,0,0,0,0,0,0,0,0,14.6,30.7,200,4.48,3.03,62.5
0,0,0,0,0,0,0.00E+00,0.00E+00,0.00E+00,0.00E+00,0.00E+00,3.40270270942358,32.666521778116,0,5131,0,0,0,0,0,0,0,0,0,0,0,0,3.67,38.2,144,4.32,13.4,25.9
0,0,0,0,0,0,0.00E+00,0.00E+00,0.00E+00,0.00E+00,0.00E+00,19.7807471529552,19.9699795504653,0,5133,0,0,0,0,0,0,0,0,0,0,0,0,5.5,29.3,83.5,2.23,22.8,34.1
0,0,0,0,0,0,0.00E+00,0.00E+00,0.00E+00,0.00E+00,0.00E+00,-39.8793064050459,68.8923365921907,0,5135,0,0,0,0,0,0,0,0,0,0,0,0,7.66,38.4,35.5,0.14,28,35.4
0,0,0,0,0,0,0.00E+00,0.00E+00,0.00E+00,0.00E+00,0.00E+00,66.1989137375393,88.9721668979471,0,5137,0,0,0,0,0,0,0,0,0,0,0,0,8.18,2.55,31.8,1.8,28.6,18.2
0,0,0,0,0,0,0.00E+00,0.00E+00,0.00E+00,0.00E+00,0.00E+00,-24.1082350127725,25.8931725224956,0,5139,0,0,0,0,0,0,0,0,0,0,0,0,11.6,1.57,24.5,3.45,9.51,36
0,0,0,0,0,0,0.00E+00,0.00E+00,0.00E+00,0.00E+00,0.00E+00,-15.6718018839387,31.210423272823,0,5141,0,0,0,0,0,0,0,0,0,0,0,0,10.6,3.97,27.2,5.11,13.3,15.8
0,0,0,0,0,0,0.00E+00,0.00E+00,0.00E+00,0.00E+00,0.00E+00,-8.91507024930547,14.1615817788221,0,5144,0,0,0,0,0,0,0,0,0,0,0,0,3.22,9.25,17.4,4.74,6.72,15.8
0.835892379283905,0,1.10977470874786,1.18106257915497,1.14220499992371,1.15033578872681,3.94E-01,6.51E-01,6.44E-01,6.29E-01,9.25E-01,4.39006827440757,17.3870412828306,0,5146,154,271,0,0,200,128,243,157,254,175,227,162,2.88,10.6,50.5,4.37,17.2,23.4
0,0,0,0,0,0,0.00E+00,0.00E+00,0.00E+00,0.00E+00,0.00E+00,-10.6444199045773,12.1683280114625,0,5148,0,0,0,0,0,0,0,0,0,0,0,0,1.85,8.01,72.2,4,15.1,5.85
0,0,0,0,0,0,0.00E+00,0.00E+00,0.00E+00,0.00E+00,0.00E+00,44.4963529800232,56.0594736383114,0,5150,0,0,0,0,0,0,0,0,0,0,0,0,4.25,3.18,91.2,2.81,18.1,6.57
0,0,0,0,0,0,0.00E+00,0.00E+00,0.00E+00,0.00E+00,0.00E+00,-15.3246101212458,18.7901404262509,0,5152,0,0,0,0,0,0,0,0,0,0,0,0,3.03,6.36,109,2.9,23.3,9.09
0,0,0,0,0,0,0.00E+00,0.00E+00,0.00E+00,0.00E+00,0.00E+00,-0.40844970909728,21.2693625716541,0,5154,0,0,0,0,0,0,0,0,0,0,0,0,2.39,10.7,114,2.61,29,21.4
0,0,0,0,0,0,0.00E+00,0.00E+00,0.00E+00,0.00E+00,0.00E+00,3.7121603943624,43.0636455575912,0,5156,0,0,0,0,0,0,0,0,0,0,0,0,7.71,1.87,102,2.55,31.1,44.8
0.822839081287384,0.928868472576141,1.15473890304565,0.978468894958496,1.06273519992828,1.12192416191101,4.25E-01,6.92E-01,8.89E-01,9.14E-01,8.11E-01,-26.2016857472759,73.0698828997392,0,5158,0,0,0,0,0,0,0,0,0,0,0,0,5.81,2.68,84.8,2.48,20,17.2
0.874784827232361,0,1.13157391548157,1.17862367630005,1.14625704288483,1.14207851886749,5.04E-01,7.04E-01,9.31E-01,9.69E-01,8.96E-01,-2.72701535183022,6.92951516710773,0,5160,631,654,0,0,593,513,650,514,691,542,623,524,6.22,5.14,69.2,2.42,2.05,52.1
0,0,0,0,0,0,0.00E+00,0.00E+00,0.00E+00,0.00E+00,0.00E+00,9.46594517146866,11.0547315419668,0,5163,0,0,0,0,0,0,0,0,0,0,0,0,2.89,5.07,42.1,2.35,6.15,6.46
0,0,0,0,0,0,0.00E+00,0.00E+00,0.00E+00,0.00E+00,0.00E+00,34.5716317243135,38.0339215177548,0,5165,0,0,0,0,0,0,0,0,0,0,0,0,3.55,9.35,18.6,1.62,35.2,26.6
0.87639731168747,0,1.13776290416718,1.13392817974091,1.12605047225952,1.14251041412354,4.37E-01,6.65E-01,9.26E-01,9.07E-01,8.88E-01,3.09983775124687,21.3368751751515,0,5167,382,589,0,0,431,446,466,485,479,519,459,472,2.66,8.9,8.56,1.42,39.9,92.8
0,0,0,0,0,0,0.00E+00,0.00E+00,0.00E+00,0.00E+00,0.00E+00,30.3431875262377,36.7057487992102,0,5169,0,0,0,0,0,0,0,0,0,0,0,0,12.9,14,3.89,2.21,18.6,15.2
0,0,0,0,0,0,0.00E+00,0.00E+00,0.00E+00,0.00E+00,0.00E+00,-12.4989015875549,33.6332036022346,0,5171,0,0,0,0,0,0,0,0,0,0,0,0,33.1,33.5,23.5,2.24,20.7,141
0,0,0,0,0,0,0.00E+00,0.00E+00,0.00E+00,0.00E+00,0.00E+00,5.36232261434336,21.7788298618498,0,5173,0,0,0,0,0,0,0,0,0,0,0,0,23.8,9.76,22.5,2.28,44.2,5.39
0,0,0,0,0,0,0.00E+00,0.00E+00,0.00E+00,0.00E+00,0.00E+00,-13.6807665380426,26.7659689399341,0,5175,0,0,0,0,0,0,0,0,0,0,0,0,30,10.6,30.1,2.32,6.47,66.1
0,0.892561972141266,0,0,0.948497831821442,0,0.00E+00,0.00E+00,8.99E-01,0.00E+00,0.00E+00,1.61961655316485,15.9249092233683,0,5177,0,0,0,0,0,0,0,0,0,0,0,0,6.17,16.7,42.2,2.36,4.53,7.63
0,0,0,0,0,0,0.00E+00,0.00E+00,0.00E+00,0.00E+00,0.00E+00,-30.1040591952789,41.1003891382896,0,5179,0,0,0,0,0,0,0,0,0,0,0,0,13.3,23.7,49,2.4,27.7,64.3
0,0,0,0,0,0,0.00E+00,0.00E+00,0.00E+00,0.00E+00,0.00E+00,50.0080409501371,54.0226501578201,0,5182,0,0,0,0,0,0,0,0,0,0,0,0,1.41,7.97,53.4,2.43,17.6,41.9
0,0,0,0,0,0,0.00E+00,0.00E+00,0.00E+00,0.00E+00,0.00E+00,25.902124285539,32.0013481843769,0,5184,0,0,0,0,0,0,0,0,0,0,0,0,2.76,5.62,49.3,2.79,6.66,7.19
0,0,0,0,0,0,0.00E+00,0.00E+00,0.00E+00,0.00E+00,0.00E+00,-12.7595209656762,15.2250633037679,0,5186,0,0,0,0,0,0,0,0,0,0,0,0,3.24,2.02,56.6,3.98,14.1,10.3
0,0,0,0,0,0,0.00E+00,0.00E+00,0.00E+00,0.00E+00,0.00E+00,-7.7083599687511,25.984319209313,0,5188,0,0,0,0,0,0,0,0,0,0,0,0,5.33,1.88,42.4,2.5,11.2,8.18
0,0,0,0,0,0,0.00E+00,0.00E+00,0.00E+00,0.00E+00,0.00E+00,36.5207913267266,41.008342340147,0,5190,0,0,0,0,0,0,0,0,0,0,0,0,3.66,11.8,15.2,3.41,9.09,23.5
0,0,0,0,0,0,0.00E+00,0.00E+00,0.00E+00,0.00E+00,0.00E+00,5.661667099967,31.9507769514608,0,5192,0,0,0,0,0,0,0,0,0,0,0,0,3.9,2.04,10.9,3.38,14.4,20
0.949999988079071,0,0,0,0.907704055309296,0.982339978218079,0.00E+00,0.00E+00,9.51E-01,0.00E+00,0.00E+00,45.2935590960785,80.1167082525823,0,5194,0,0,0,0,0,0,0,0,0,0,0,0,5.41,3.54,18.2,0.139,30.9,36.7
0.872304797172546,0.912332832813263,1.11745750904083,1.08208978176117,1.09818601608276,1.13914716243744,4.25E-01,6.57E-01,9.39E-01,1.02E+00,8.09E-01,-5.7755380945103,47.7764213882491,0,5196,376,501,435,502,368,362,419,378,456,385,398,387,23,14.7,31.7,2.66,70.8,20
0.857150673866272,0,1.12672543525696,1.11366748809814,1.09731900691986,1.03429687023163,4.67E-01,6.68E-01,9.17E-01,9.86E-01,1.26E+00,15.6198184751855,33.520847131577,0,5198,349,729,0,0,386,570,429,602,443,624,409,596,20,9.59,40.1,2.07,20.3,64.9
0.815821707248688,1,1.08771741390228,1.06674027442932,0,1.10498595237732,4.16E-01,7.11E-01,8.96E-01,9.95E-01,8.40E-01,-2.95871490622309,4.77093475021329,0,5201,431,178,440,221,453,16.5,501,43.1,0,0,478,39.3,12.4,11.6,48.1,1.48,6.93,23.8
0,0,0,0,0,0,0.00E+00,0.00E+00,0.00E+00,0.00E+00,0.00E+00,12.711013702048,32.5164363821446,0,5203,0,0,0,0,0,0,0,0,0,0,0,0,17.8,5.01,49.5,0.889,36.9,40.2
0,0,0,0,0,0,0.00E+00,0.00E+00,0.00E+00,0.00E+00,0.00E+00,-22.3626238932967,32.180343096341,0,5205,0,0,0,0,0,0,0,0,0,0,0,0,12.9,12.8,44.2,0.299,33.5,26.5
0,0,0,0,0,0,0.00E+00,0.00E+00,0.00E+00,0.00E+00,0.00E+00,17.754744372805,18.9857487791644,0,5207,0,0,0,0,0,0,0,0,0,0,0,0,18.2,27.3,47.4,-0.291,3.3,28.2
0,0,0,0,0,0,0.00E+00,0.00E+00,0.00E+00,0.00E+00,0.00E+00,41.460035173671,50.6356332711108,0,5209,0,0,0,0,0,0,0,0,0,0,0,0,11.5,26.8,38,-0.881,31.1,80.1
0,0,0,0,0,0,0.00E+00,0.00E+00,0.00E+00,0.00E+00,0.00E+00,-24.5274746193494,30.3975856719506,0,5211,0,0,0,0,0,0,0,0,0,0,0,0,38.9,9.67,28.2,0.416,57.6,16.2
0,0,0,0,0,0,0.00E+00,0.00E+00,0.00E+00,0.00E+00,0.00E+00,-7.75528868940686,36.7021889538999,0,5213,0,0,0,0,0,0,0,0,0,0,0,0,40.7,24.3,30.6,-0.679,35.2,29.7
1.60972118377686,0.96828681230545,0,0,0.944534540176392,0,4.08E-01,6.31E-01,9.20E-01,9.08E-01,0.00E+00,38.6924524759257,46.6029113241836,0,5215,0,0,0,0,0,0,0,0,0,0,0,0,20.6,44,26.3,-0.185,28.5,29
0,0,0,0,0,0,0.00E+00,0.00E+00,0.00E+00,0.00E+00,0.00E+00,42.1202098383693,49.2554968970128,0,5217,0,0,0,0,0,0,0,0,0,0,0,0,9.4,55.6,28.9,-0.107,39.2,51.7
0,0,0,0,0,0,0.00E+00,0.00E+00,0.00E+00,0.00E+00,0.00E+00,30.8018991249403,41.1193123492802,0,5219,0,0,0,0,0,0,0,0,0,0,0,0,32.5,23.4,36.5,0.625,33.9,51.8
0,0,0,0,0,0,0.00E+00,0.00E+00,0.00E+00,0.00E+00,0.00E+00,-45.7698080882315,45.8570903545047,0,5222,0,0,0,0,0,0,0,0,0,0,0,0,24,6.54,59.2,0.7,36.5,18.1
0,0,0,0,0,0,0.00E+00,0.00E+00,0.00E+00,0.00E+00,0.00E+00,-10.3835123601291,10.9915872445619,0,5224,0,0,0,0,0,0,0,0,0,0,0,0,12.3,8.57,79.5,0.302,9.67,72.9
0,0,0,0,0,0,0.00E+00,0.00E+00,0.00E+00,0.00E+00,0.00E+00,-4.24537268973856,71.7055273404873,0,5226,0,0,0,0,0,0,0,0,0,0,0,0,12.6,10.8,119,0.0251,60.1,29
0,0,0,0,0,0,0.00E+00,0.00E+00,0.00E+00,0.00E+00,0.00E+00,29.7312155992483,34.6259571682112,0,5228,0,0,0,0,0,0,0,0,0,0,0,0,25.2,8.87,140,0.79,15.8,89.7
0,0,0,0,0,0,0.00E+00,0.00E+00,0.00E+00,0.00E+00,0.00E+00,-123.909598421594,155.862179811508,0,5230,0,0,0,0,0,0,0,0,0,0,0,0,24.4,19.4,180,0.668,141,21.9
0,0,0,0,0,0,0.00E+00,0.00E+00,0.00E+00,0.00E+00,0.00E+00,-26.1844774919628,37.7423251164135,0,5232,0,0,0,0,0,0,0,0,0,0,0,0,31.6,16.7,212,0.075,29.6,64.1
0,0,0,0,0,0,0.00E+00,0.00E+00,0.00E+00,0.00E+00,0.00E+00,3.29481485496227,4.87522515206408,0,5234,0,0,0,0,0,0,0,0,0,0,0,0,5.2,14.2,224,0.173,4.39,33.6
0,0,0,0,0,0,0.00E+00,0.00E+00,0.00E+00,0.00E+00,0.00E+00,-2.93909686347592,3.64489517050943,0,5236,0,0,0,0,0,0,0,0,0,0,0,0,4.19,23.9,241,0.212,1.76,6.51
0,0,0,0,0,0,0.00E+00,0.00E+00,0.00E+00,0.00E+00,0.00E+00,24.4208596296029,25.2896470500035,0,5238,0,0,0,0,0,0,0,0,0,0,0,0,8.34,15.6,254,0.0392,18.5,7.07
0,0,0,0,0,0,0.00E+00,0.00E+00,0.00E+00,0.00E+00,0.00E+00,-38.0159750914787,39.8663896780105,0,5241,0,0,0,0,0,0,0,0,0,0,0,0,5.09,7.06,243,-0.0437,33.6,13.4
0,0,0,0,0,0,0.00E+00,0.00E+00,0.00E+00,0.00E+00,0.00E+00,-18.4143354547001,21.453762532764,0,5243,0,0,0,0,0,0,0,0,0,0,0,0,9.94,3.43,220,0.185,9.94,32.8
0,0,0,0,0,0,0.00E+00,0.00E+00,0.00E+00,0.00E+00,0.00E+00,-37.4762167224358,39.2124667677042,0,5245,0,0,0,0,0,0,0,0,0,0,0,0,5.71,5.04,211,0.0803,22.6,13.7
0,0,0,0,0,0,0.00E+00,0.00E+00,0.00E+00,0.00E+00,0.00E+00,-2.1293939498187,3.52899394518673,0,5247,0,0,0,0,0,0,0,0,0,0,0,0,6.11,8.33,187,0.385,6.34,34.1
0,0,0,0,0,0,0.00E+00,0.00E+00,0.00E+00,0.00E+00,0.00E+00,-7.06536074602494,10.7482926962555,0,5249,0,0,0,0,0,0,0,0,0,0,0,0,6.25,10.4,167,0.491,12.6,18.8
0,0,0,0,0,0,0.00E+00,0.00E+00,0.00E+00,0.00E+00,0.00E+00,3.49719567289218,4.18025854492811,0,5251,0,0,0,0,0,0,0,0,0,0,0,0,4.93,8.41,157,0.212,2.27,24.3
0.817813634872437,0.973684191703796,1.13307762145996,1.1684353351593,1.05608654022217,1.10590934753418,4.29E-01,7.39E-01,8.74E-01,1.01E+00,8.64E-01,19.5187502098268,21.8597264020091,0,5253,410,129,387,180,490,201,455,234,463,253,448,215,23.3,10.3,143,0.32,33.2,57.2
0.8907630443573,0.918142914772034,1.10428965091705,1.17816126346588,1.09636783599854,1.21248555183411,4.96E-01,6.59E-01,8.67E-01,1.03E+00,8.23E-01,14.5228401315317,17.6855622558152,0,5255,541,65,507,77.1,517,180,472,174,459,201,489,155,16.9,11,141,-0.284,15.8,28.6
0,0,0,0,0,0,0.00E+00,0.00E+00,0.00E+00,0.00E+00,0.00E+00,-7.47446841515749,11.1837772563934,0,5257,0,0,0,0,0,0,0,0,0,0,0,0,27.6,25.2,140,-0.609,34.3,50.5
0,0,0,0,0,0,0.00E+00,0.00E+00,0.00E+00,0.00E+00,0.00E+00,3.79350810584725,9.14565952883044,0,5260,0,0,0,0,0,0,0,0,0,0,0,0,8.34,33.9,126,-0.682,8.44,34.3
0.954569935798645,0.91460394859314,1.11186039447784,1.28781032562256,0,1.28881108760834,5.33E-01,6.06E-01,9.81E-01,5.06E-01,1.15E+00,-4.9960447084308,8.64562084690085,0,5262,714,237,691,218,667,356,649,303,0,0,672,309,6.6,28.8,94,-0.887,6.8,3.16
0.843974411487579,0.902988731861115,1.08603811264038,1.10093307495117,0,1.17149651050568,5.31E-01,6.44E-01,9.03E-01,8.12E-01,7.73E-01,-3.90684042530368,7.07572743659914,0,5264,382,238,325,202,304,326,284,281,0,0,314,295,2.32,19.6,87.1,-1.3,18.2,14.7
0,0,0,0,0,0,0.00E+00,0.00E+00,0.00E+00,0.00E+00,0.00E+00,3.52276722693247,12.9845759913364,0,5266,0,0,0,0,0,0,0,0,0,0,0,0,4.25,14.7,95.6,-2.02,7.14,4.17
0,0,0,0,0,0,0.00E+00,0.00E+00,0.00E+00,0.00E+00,0.00E+00,8.52657631155495,40.8339423021752,0,5268,0,0,0,0,0,0,0,0,0,0,0,0,16.3,14.3,102,-1.91,20,10.4
0,0,0,0,0,0,0.00E+00,0.00E+00,0.00E+00,0.00E+00,0.00E+00,-13.9869116982942,23.4613635336357,0,5270,0,0,0,0,0,0,0,0,0,0,0,0,16.8,19.8,125,-1.8,3.91,5.26
0.782501697540283,0.926879525184631,1.07442808151245,0.855769217014313,0,0.87423312664032,4.97E-01,5.74E-01,1.41E+00,7.63E-01,8.82E-01,-48.3212236026054,51.1571325852929,0,5272,0,0,0,0,0,0,0,0,0,0,0,0,11.9,30.1,151,-1.69,11.3,31.9
0,0,0,0,0,0,0.00E+00,0.00E+00,0.00E+00,0.00E+00,0.00E+00,37.7366389596989,53.5945575184353,0,5274,0,0,0,0,0,0,0,0,0,0,0,0,9.44,28.7,187,-1.58,27.2,40.7
0,0,0,0,0,0,0.00E+00,0.00E+00,0.00E+00,0.00E+00,0.00E+00,30.4129893084075,38.4904640143848,0,5276,0,0,0,0,0,0,0,0,0,0,0,0,9.47,21.3,210,-1.47,24.5,11.8
0.793033540248871,0.973134338855743,1.07738327980042,1.15813493728638,0,1.15970158576965,4.37E-01,7.02E-01,9.08E-01,9.96E-01,7.80E-01,13.7781372306772,17.9172237269266,0,5279,191,270,181,225,69,287,84,238,0,0,92.3,262,10.9,15.5,243,-1.36,17.1,13.7
0.855331003665924,0.898698329925537,1.09025096893311,1.1343047618866,1.09335196018219,1.18757903575897,5.16E-01,5.67E-01,8.87E-01,8.90E-01,8.14E-01,15.2214867132478,55.364495111239,0,5281,317,420,336,396,203,362,250,332,272,298,244,359,29.6,29.6,262,-1.25,55.1,32.1
0.828115165233612,0,1.11201798915863,1.14768826961517,1.11067581176758,1.24142372608185,4.41E-01,6.12E-01,8.61E-01,8.64E-01,8.07E-01,6.28614995794465,19.0588804675836,0,5283,404,481,0,0,303,397,350,368,376,367,339,393,29.9,33.3,286,-1.14,19,29.8
0.849778771400452,0.903936982154846,1.10294485092163,1.10755288600922,1.11795949935913,1.19281315803528,5.24E-01,5.83E-01,8.25E-01,8.79E-01,8.58E-01,-16.4318501514443,23.4501691002474,0,5285,415,588,433,553,333,504,383,487,412,432,371,514,20,36.4,285,-1.03,18.6,50.9
0,0,0,0,0,0,0.00E+00,0.00E+00,0.00E+00,0.00E+00,0.00E+00,-11.7076081678118,24.0670903638382,0,5287,0,0,0,0,0,0,0,0,0,0,0,0,9.53,37.9,301,-0.92,13.7,5.5
0,0,0,0,0,0,0.00E+00,0.00E+00,0.00E+00,0.00E+00,0.00E+00,1.08982359640661,4.26342863639946,0,5289,0,0,0,0,0,0,0,0,0,0,0,0,9.24,25.1,320,-0.81,13.5,32.7
0,0,0,0,0,0,0.00E+00,0.00E+00,0.00E+00,0.00E+00,0.00E+00,0.434052743993985,18.3686168287864,0,5291,0,0,0,0,0,0,0,0,0,0,0,0,5.5,22.4,325,-0.701,4.93,30.6
0,0,0,0,0,0,0.00E+00,0.00E+00,0.00E+00,0.00E+00,0.00E+00,1.97647882062169,14.5989859980391,0,5293,0,0,0,0,0,0,0,0,0,0,0,0,20.7,11,327,-0.591,14.8,22.8
0,0,0,0,0,0,0.00E+00,0.00E+00,0.00E+00,0.00E+00,0.00E+00,-1.25200834131373,15.4178029335103,0,5295,0,0,0,0,0,0,0,0,0,0,0,0,15.1,21.5,339,-0.482,16.8,37.7
0,0,0,0,0,0,0.00E+00,0.00E+00,0.00E+00,0.00E+00,0.00E+00,-3.04863163172601,12.4747379453727,0,5298,0,0,0,0,0,0,0,0,0,0,0,0,19.1,24.7,339,-0.372,18.3,41.1
0,0,0,0,0,0,0.00E+00,0.00E+00,0.00E+00,0.00E+00,0.00E+00,-0.925295382264375,6.47031552945119,0,5300,0,0,0,0,0,0,0,0,0,0,0,0,18.8,19.6,317,-0.263,9.89,44.5
0,0,0,0,0,0,0.00E+00,0.00E+00,0.00E+00,0.00E+00,0.00E+00,-0.562372377577761,7.1381924504594,0,5302,0,0,0,0,0,0,0,0,0,0,0,0,5.08,17.8,291,-0.153,9.62,27.4
0,0,0,0,0,0,0.00E+00,0.00E+00,0.00E+00,0.00E+00,0.00E+00,0.619744753631421,4.39736677772673,0,5304,0,0,0,0,0,0,0,0,0,0,0,0,3.38,21.8,268,-0.0438,4.3,6.01
0,0,0,0,0,0,0.00E+00,0.00E+00,0.00E+00,0.00E+00,0.00E+00,1.0808241461451,3.68904689901071,0,5306,0,0,0,0,0,0,0,0,0,0,0,0,7.4,7.49,233,0.0658,12.4,12.8
0,0,0,0,0,0,0.00E+00,0.00E+00,0.00E+00,0.00E+00,0.00E+00,-1.18840564835404,4.73421651164868,0,5308,0,0,0,0,0,0,0,0,0,0,0,0,4.2,6.85,200,0.175,9.71,13.5
0,0,0,0,0,0,0.00E+00,0.00E+00,0.00E+00,0.00E+00,0.00E+00,0.157347710143104,0.441073836575676,0,5310,0,0,0,0,0,0,0,0,0,0,0,0,3.46,12.8,181,0.285,7.4,6.24
0,0,0,0,0,0,0.00E+00,0.00E+00,0.00E+00,0.00E+00,0.00E+00,0.322939150572161,1.43023612959231,0,5312,0,0,0,0,0,0,0,0,0,0,0,0,6.61,12,179,0.394,4.1,13.3
0,0,0,0,0,0,0.00E+00,0.00E+00,0.00E+00,0.00E+00,0.00E+00,0.265813381542152,1.66368987576688,0,5314,0,0,0,0,0,0,0,0,0,0,0,0,5.5,11.1,171,0.504,4.73,8.67
0.929957985877991,0,1.0817539691925,1.02993309497833,1.039027094841,1.04886186122894,4.50E-01,7.15E-01,9.45E-01,9.55E-01,7.36E-01,1.11252609764491,2.82527758395193,0,5316,43.4,404,0,0,173,387,151,435,144,465,160,413,2.77,10.6,179,0.613,7.39,8.7
0.994661629199982,0.877937853336334,1.12554895877838,1.10225450992584,1.08559238910675,1.10396707057953,4.25E-01,6.19E-01,9.42E-01,1.02E+00,7.22E-01,-1.64033179718539,8.41035082507457,0,5319,403,389,389,382,525,351,498,410,463,434,507,384,3.58,4.34,191,0.723,9.73,11.2
0.88026350736618,0,1.13282585144043,1.0772305727005,1.05752193927765,1.12507057189941,4.27E-01,7.11E-01,9.38E-01,1.01E+00,7.77E-01,-1.98896121110145,6.56229773000383,0,5321,507,348,0,0,652,362,627,409,592,433,619,378,8.76,2.7,194,0.833,19.8,9.39
0.996012032032013,0.954248368740082,1.19316923618317,1.0750687122345,1.05113863945007,1.12340593338013,4.16E-01,7.54E-01,9.33E-01,8.91E-01,9.09E-01,0.739838783644424,6.51552287642264,0,5323,357,367,375,378,515,375,499,415,509,418,485,391,0.997,2.94,182,0.942,5.85,15.7
0.9665647149086,0.910519957542419,1.17790257930756,1.02119517326355,1.02663254737854,1.30393302440643,4.08E-01,7.25E-01,9.49E-01,8.18E-01,8.14E-01,0.532545294926618,5.83645430119265,0,5325,324,365,333,393,518,374,493,412,461,405,487,385,2.01,9.74,172,1.05,5.35,31.9
1.04678153991699,0.943498253822327,1.17470180988312,1.25397074222565,1.00348615646362,1.38873827457428,4.52E-01,7.26E-01,9.70E-01,8.48E-01,9.12E-01,5.6087864293979,17.0870171648934,0,5327,326,363,332,372,525,363,498,395,476,402,483,371,1.01,4.68,163,1.16,26,32.6
0.916087806224823,0.930639743804932,1.20407271385193,1.02164959907532,1.01112532615662,1.31017279624939,4.09E-01,6.70E-01,9.35E-01,8.75E-01,8.68E-01,-0.940479447748744,6.2943999950017,0,5329,373,363,388,393,543,368,524,400,520,405,505,378,9.13,0.784,136,1.27,3.15,5.6
1.04372799396515,0.964740455150604,1.14315068721771,1.04716908931732,1.01468396186829,1.20840179920197,4.10E-01,7.13E-01,9.31E-01,8.86E-01,8.69E-01,3.97658600757391,10.0354940172871,0,5331,420,369,437,397,566,358,551,407,552,403,542,381,5.8,8.92,113,1.38,7.99,36.9
0.917484045028687,0,1.19077897071838,1.06186938285828,1.01390039920807,1.2892781496048,3.95E-01,6.63E-01,9.32E-01,8.95E-01,7.34E-01,-0.582373540424408,2.19440841210719,0,5333,405,370,0,0,548,367,533,405,556,411,520,382,8.01,6.05,94.6,1.49,4.29,37.2
0.96208667755127,0.947386264801025,1.14966595172882,1.00591444969177,1.00375831127167,1.2120555639267,4.23E-01,6.92E-01,9.12E-01,9.10E-01,8.76E-01,1.34549602900565,4.03455293421477,0,5335,459,370,479,396,588,339,571,394,577,403,562,367,5.16,5.18,68.4,1.6,5.49,33.1
0.982709169387817,0.964797139167786,1.15462422370911,1.00925815105438,0.999234676361084,1.17571592330933,4.23E-01,7.30E-01,9.20E-01,8.83E-01,7.81E-01,0.223519080776378,10.7384243759697,0,5338,424,364,460,404,569,347,557,397,570,399,547,375,3.48,6.9,34.9,1.71,13.6,17.7
0.93904709815979,0.977031826972961,1.15264689922333,1.05208253860474,1.01919007301331,1.13447415828705,4.37E-01,6.66E-01,8.82E-01,9.16E-01,7.91E-01,1.0701863356044,2.56560316999468,0,5340,479,363,483,395,624,330,609,389,578,395,609,362,3.13,9.08,23.3,1.82,3.61,6.12
1.62771654129028,0,1.08538436889648,0.824324309825897,1.04608297348022,0.979619264602661,4.49E-01,5.60E-01,8.63E-01,1.08E+00,1.86E+00,-0.415468001457455,3.64231964302178,0,5342,0,0,0,0,0,0,0,0,0,0,0,0,5.29,6.4,12,1.93,6.83,14.8
0.980386435985565,0,1.20846807956696,1.14489376544952,1.0461757183075,1.13939690589905,4.47E-01,5.78E-01,9.16E-01,1.01E+00,8.85E-01,-1.05335812784919,13.0196272270155,0,5344,788,341,0,0,749,413,716,457,704,453,713,430,4.92,1.69,11.9,2.04,2.76,24.1
0.879263043403626,0,1.18221259117126,1.07545161247253,1.02806234359741,1.10558032989502,4.40E-01,5.75E-01,9.22E-01,9.98E-01,7.27E-01,3.8150085044588,21.2707873253221,0,5346,477,381,0,0,605,387,574,435,556,439,578,414,6.65,5.28,17.1,2.15,12.6,15.6
0.932506442070007,0.955399036407471,1.1477872133255,0.996515274047852,0,1.10488271713257,4.89E-01,7.63E-01,9.19E-01,9.07E-01,7.78E-01,2.65495960061143,6.75808876884372,0,5348,14.3,360,26,369,133,331,125,390,0,0,118,366,4.49,1.82,13.6,2.26,6.62,61
0.927914559841156,0,1.19633781909943,1.02217888832092,1.01544046401978,1.22999739646912,4.47E-01,6.81E-01,9.01E-01,9.16E-01,8.16E-01,-9.7895768937479,14.0911198776561,0,5350,109,365,0,0,247,328,238,385,233,401,230,361,16.8,9.92,18.7,1.36,19.4,17.7
0,0,0,0,0,0,0.00E+00,0.00E+00,0.00E+00,0.00E+00,0.00E+00,-5.33625952013025,14.1467454481382,0,5352,0,0,0,0,0,0,0,0,0,0,0,0,23.3,25.4,26.4,5.23,46.2,52.6
0.906632363796234,0.885944128036499,1.2133549451828,1.0356787443161,1.0384122133255,1.25665354728699,4.39E-01,6.22E-01,9.07E-01,9.10E-01,8.60E-01,0.626328609049209,0.885648059803094,0,5354,187,366,205,392,341,339,330,388,322,414,316,369,9.35,20.5,20.4,5.24,3.9,35.6
0.991546809673309,0.905289828777313,1.21319258213043,1.00354719161987,1.00786364078522,1.10698592662811,4.48E-01,6.54E-01,9.74E-01,8.54E-01,8.90E-01,3.54818752783116,4.09437781648944,0,5357,256,360,263,400,458,353,433,389,391,411,435,372,6.97,22.7,33.4,5.25,2.06,17
0.931181132793427,1.00383877754211,1.24302661418915,1.01783323287964,1.07677400112152,1.33706068992615,4.44E-01,6.67E-01,9.06E-01,8.98E-01,7.47E-01,-3.08238168892516,22.161997526207,0,5359,319,372,349,388,477,349,468,388,484,405,446,373,2.04,33,53.2,5.26,27.6,12.3
0.902600347995758,1.06140351295471,1.32732903957367,1.00113475322723,1.05289578437805,1.15942347049713,4.30E-01,6.89E-01,9.15E-01,8.22E-01,8.58E-01,-2.7481131174746,4.15049155797102,0,5361,246,360,260,379,443,377,402,389,381,392,380,370,5.55,13.6,78.6,5.28,6.62,12.5
0.890830934047699,0,1.30030739307404,0.99550998210907,1.0124843120575,1.41437935829163,4.32E-01,7.28E-01,9.76E-01,7.82E-01,8.37E-01,-0.290047161989373,1.31321001416459,0,5363,222,365,0,0,408,369,371,385,351,393,347,366,2.97,7.35,99.4,5.29,0.726,2.8
0.97005158662796,0.968790233135223,1.33288836479187,1.02614521980286,0.990468919277191,1.21803283691406,4.44E-01,7.49E-01,9.49E-01,8.67E-01,8.15E-01,-3.03085658593178,3.5423678141764,0,5365,0,0,0,0,0,0,0,0,0,0,0,0,3.53,5.14,124,5.3,4.27,4.91
0.891492784023285,0.995633184909821,1.30893468856812,0.995492696762085,1.01276874542236,1.06104922294617,4.34E-01,6.64E-01,8.89E-01,9.45E-01,8.37E-01,-0.361865498972766,1.51343002147799,0,5367,282,368,301,377,476,390,434,396,439,397,415,382,2.21,4.92,162,5.31,0.465,5.58
1.07169258594513,0.967602610588074,1.1041499376297,0.970678448677063,1.02910566329956,1.07438385486603,5.03E-01,6.88E-01,9.29E-01,9.83E-01,9.50E-01,0.603337079816797,2.74315655220007,0,5369,553,377,492,375,632,322,649,370,568,421,641,348,2.3,5.58,171,5.32,4.53,5.66
0.941271126270294,0.967506647109985,1.11265504360199,0.990085124969482,1.022665143013,1.13759851455688,5.22E-01,7.15E-01,9.50E-01,1.05E+00,7.58E-01,-0.511290025477852,1.13768549938445,0,5371,573,369,545,398,672,345,669,401,657,441,660,373,0.282,2.52,192,5.33,3.23,6.14
0.951105117797852,0,1.13108897209167,0.98700749874115,1.02471506595612,1.39562141895294,4.64E-01,6.07E-01,8.83E-01,9.59E-01,8.30E-01,-4.32291690022844,4.94254478302943,0,5373,245,389,0,0,359,351,337,409,322,426,332,379,1.25,3.58,211,5.35,2.94,4.78
0.912915825843811,0.909457087516785,1.23367619514465,0.981296360492706,0.999323546886444,1.43849325180054,4.50E-01,6.74E-01,9.24E-01,8.67E-01,7.91E-01,1.43612782303232,2.68813153792122,0,5376,132,364,138,394,293,362,271,402,254,409,265,376,2.25,3.69,211,5.36,7.8,5.46
0.91489589214325,0.981568992137909,1.37818694114685,0.952628374099731,0.989983141422272,1.40305948257446,4.40E-01,6.83E-01,9.25E-01,8.17E-01,8.36E-01,0.819719742234561,5.66895480039723,0,5378,151,365,149,382,326,369,299,397,267,401,284,373,0.283,0.724,186,5.37,6.13,1.39
0,0,0,0,0,0,0.00E+00,0.00E+00,0.00E+00,0.00E+00,0.00E+00,0.100780220859823,2.37436702233014,0,5380,0,0,0,0,0,0,0,0,0,0,0,0,2.6,1.12,170,5.38,6.31,2.47
0.876800000667572,0.86642599105835,1.45962715148926,0.95527583360672,0.995601177215576,1.00588285923004,4.43E-01,7.18E-01,9.26E-01,9.73E-01,8.33E-01,-3.12906956695401,4.88976485324564,0,5382,356,371,397,372,522,374,486,391,505,395,469,370,4.85,2.29,155,5.39,12,23.5
0.888312816619873,0,1.45558440685272,0.943423092365265,0.960287690162659,1.69319438934326,4.37E-01,6.92E-01,9.51E-01,8.22E-01,7.38E-01,5.86171266381662,8.81944193009608,0,5384,341,376,0,0,528,374,488,389,467,389,473,367,5.48,4.66,123,5.41,23,11.3
0.888716578483582,0.902004480361939,1.42500746250153,0.961068689823151,0.995294094085693,1.0476154088974,4.39E-01,6.76E-01,8.74E-01,9.39E-01,8.61E-01,-0.262068536150364,3.26629273284561,0,5386,330,372,333,374,519,370,481,388,441,388,482,372,2.39,10.9,101,5.42,7.55,18.5
0.884244501590729,1.08163261413574,1.41989588737488,0.936999201774597,0.976084172725678,1.41779565811157,4.39E-01,6.83E-01,8.66E-01,7.86E-01,7.96E-01,2.6227976437556,4.2642806570605,0,5388,318,376,314,374,497,370,458,386,443,390,442,364,0.632,4.96,88.2,5.43,16.8,5.34
0.894148886203766,0.919446706771851,1.43375945091248,0.943830549716949,1.00574994087219,1.17050290107727,4.53E-01,6.88E-01,8.04E-01,8.62E-01,8.05E-01,0.796490116646247,1.97827340280077,0,5390,316,376,313,362,473,367,440,383,442,391,428,363,2.27,6.01,70.4,4.1,15.5,13.6
0.882885873317719,0,1.38505554199219,1.00557816028595,1.00850105285645,1.21639728546143,4.55E-01,6.90E-01,9.54E-01,8.55E-01,7.86E-01,-0.351461995708868,1.65794507626477,0,5392,287,370,0,0,451,369,417,385,388,389,400,363,5.18,2.65,59.5,4.59,6.34,8.27
0.866931259632111,0.97806453704834,1.3749395608902,0.96294629573822,0.982528030872345,1.03465819358826,4.53E-01,6.70E-01,9.07E-01,8.36E-01,7.87E-01,4.16417305736591,8.40988024433416,0,5394,271,356,262,362,456,369,419,385,385,388,406,365,1.88,2.9,56.1,5.08,2.91,7.36
0.869404315948486,0.941176474094391,1.40439403057098,0.951242208480835,1.12599682807922,1.32498490810394,4.51E-01,7.19E-01,8.97E-01,7.95E-01,7.90E-01,-2.40793252530224,4.15432078497086,0,5397,286,374,272,365,466,368,430,385,402,384,417,367,0.944,2.42,52.9,5.24,12.9,4.58
0.874614715576172,0.899581611156464,1.38756811618805,0.967406392097473,1.018914103508,1.18240129947662,4.39E-01,7.14E-01,8.41E-01,8.46E-01,8.48E-01,1.22496873791144,3.47468186344852,0,5399,275,360,285,376,434,367,402,384,404,387,385,365,2.12,4.18,48.6,-1.42,5.04,3.74
0.874043822288513,0,1.39517688751221,0.964967846870422,1.0241733789444,1.14193761348724,4.40E-01,6.56E-01,9.34E-01,8.64E-01,7.98E-01,3.48025354199778,7.98913093347603,0,5401,281,375,0,0,428,366,396,382,411,388,379,364,6.24,0.716,50.1,1.65,15.2,9.8
0.873503148555756,0,1.40736734867096,0.953837215900421,0.994331359863281,1.00585675239563,4.51E-01,7.31E-01,9.03E-01,9.45E-01,8.59E-01,2.98658825792342,5.90640879213877,0,5403,342,377,0,0,516,374,475,389,467,395,470,374,0.975,0.598,46,4.73,1.56,9.14
0.872331976890564,0.896935939788818,1.36996638774872,0.942603051662445,0.980921149253845,1.32517373561859,4.47E-01,7.28E-01,9.50E-01,7.95E-01,7.78E-01,3.07809592660687,6.61447445354245,0,5405,327,363,322,387,507,371,470,387,438,391,452,366,8.36,1.53,45,4.07,10.5,23.2
0.882379829883575,0,1.37845492362976,0.946488678455353,1.00628805160522,1.23527109622955,4.60E-01,7.10E-01,8.64E-01,1.13E+00,8.32E-01,3.45192064853328,6.84902657284582,0,5407,309,364,0,0,464,368,429,383,433,390,420,362,3.27,2.04,43.1,3.42,8.82,7.43
0.873165011405945,0,1.40711677074432,0.94544118642807,0.999134480953217,1.42932629585266,4.52E-01,6.83E-01,9.20E-01,8.25E-01,7.64E-01,5.15700098335374,10.8467106188118,0,5409,327,380,0,0,463,367,430,383,455,392,407,360,5.63,3.75,38.8,0.551,4.61,26.8
0.877576470375061,0.935402691364288,1.46236205101013,0.936184227466583,0.991234660148621,1.14464581012726,4.54E-01,6.70E-01,8.50E-01,9.53E-01,8.85E-01,-2.72451484466992,15.0710288974717,0,5411,328,376,350,368,491,370,458,389,442,391,451,370,10.4,10.7,36.5,3.49,15.6,36.9
0.877194404602051,0,1.42040002346039,0.924752175807953,1.02745807170868,1.4676513671875,4.60E-01,6.39E-01,8.72E-01,9.21E-01,7.68E-01,-8.3619517170885,12.2461742865659,0,5413,281,371,0,0,451,367,419,386,379,387,413,366,8.37,10.2,34.9,3.59,7.53,31.3
0.87950873374939,0,1.48514366149902,0.939053177833557,0.98201060295105,1.19466233253479,4.63E-01,6.66E-01,8.65E-01,8.56E-01,7.36E-01,-2.32428262136939,5.99678963590207,0,5416,265,375,0,0,408,363,377,382,379,389,363,362,12.7,8.32,30.4,3.89,18.4,22.5
0.880331158638001,0.932773113250732,1.4967919588089,0.928778827190399,1.25471699237823,1.34833002090454,4.56E-01,6.53E-01,8.62E-01,9.15E-01,6.60E-01,22.3171099705149,29.1599416532433,0,5418,271,377,303,363,426,363,395,381,406,381,384,360,9.09,9.29,32.8,2.99,29.2,24.6
0.896495938301086,0,1.46849310398102,0.944818913936615,1.0233188867569,1.09387195110321,4.66E-01,6.92E-01,8.30E-01,8.62E-01,7.87E-01,4.16643969458123,4.23958794779846,0,5420,292,372,0,0,454,367,423,384,406,388,414,362,12.7,5.56,30.7,2.09,18.7,49.9
0.879215061664581,0,1.52829909324646,0.946372091770172,0.971191048622131,1.11516892910004,4.64E-01,6.85E-01,9.37E-01,8.53E-01,6.97E-01,7.01132711972693,8.52011653486414,0,5422,260,369,0,0,436,366,401,383,373,388,396,362,4.81,9.46,32.3,1.18,19.8,21.9
0.880739331245422,0.846153855323792,1.58006989955902,0.930996835231781,0.979899108409882,1.15661215782166,4.78E-01,6.86E-01,9.26E-01,8.63E-01,8.32E-01,-9.82834143861306,10.3501767337518,0,5424,286,376,290,371,448,371,416,387,405,391,403,370,9.67,4.32,29.6,0.284,15.5,41.4
0.88042426109314,0.947252750396729,1.60365772247314,0.950312674045563,1.01640403270721,1.27618288993835,4.67E-01,7.18E-01,8.68E-01,8.55E-01,7.48E-01,6.51329040639698,6.58004383935056,0,5426,263,360,251,372,432,371,398,386,376,392,391,368,3.89,6.49,34.9,-0.616,2.89,51.3
0.875584661960602,0.952100217342377,1.32185101509094,1.17053997516632,1.00464451313019,1.15335738658905,4.91E-01,6.59E-01,9.39E-01,8.48E-01,7.50E-01,-8.09426980863721,8.36347016501436,0,5428,251,372,270,372,435,378,408,385,367,391,398,363,4.72,4.61,35.1,-1.52,14.2,24.3
0.901621401309967,0.964757680892944,1.5593398809433,1.05891585350037,1.02536499500275,1.17202889919281,4.61E-01,7.17E-01,8.83E-01,8.25E-01,7.58E-01,1.56673387970154,2.08653967138904,0,5430,441,376,479,394,587,384,564,412,584,426,550,394,7.37,6.13,38.2,-2.42,6.42,24.9
0.91175788640976,0,1.23981869220734,0.965875685214996,1.00967192649841,1.08137941360474,5.51E-01,6.89E-01,8.87E-01,9.12E-01,7.07E-01,-10.8404266636177,17.8328594726547,0,5432,354,374,0,0,427,295,439,346,446,360,417,328,3.79,1.15,36.9,-3.32,20.6,36.1
0,0,0,0,0,0,0.00E+00,0.00E+00,0.00E+00,0.00E+00,0.00E+00,-5.73798235229906,14.6202698195821,0,5435,0,0,0,0,0,0,0,0,0,0,0,0,15,12.5,37.6,-2.29,23.8,24.7
0.897490799427033,0,1.37866353988647,1.05420899391174,1.08749401569366,1.90538561344147,5.05E-01,5.94E-01,8.71E-01,1.09E+00,9.64E-01,2.02613829489426,5.33883443361401,1,5437,373,467,0,0,439,556,399,562,398,571,405,531,20.2,22.3,42,-3.07,3.66,64
0.87218302488327,0.894762337207794,1.42466616630554,1.00440835952759,1.24046444892883,1.20401763916016,4.67E-01,6.33E-01,8.96E-01,1.04E+00,8.04E-01,-0.413134014941295,3.24857952469638,1,5439,404,213,399,240,458,318,420,315,425,322,420,302,0.238,21.4,51.3,-3.22,7.25,2.2
0.888347506523132,0.979253113269806,1.30242073535919,1.1268914937973,1.11116051673889,1.01273810863495,4.82E-01,6.66E-01,8.98E-01,1.05E+00,8.02E-01,0.256637792437339,3.69529512713874,1,5441,453,282,431,300,515,405,472,409,460,394,481,397,2.28,21.4,53.6,-2.93,6.85,1.03
0.855646193027496,0.949324309825897,1.23866772651672,0.98826003074646,1.10933339595795,1.22576284408569,4.72E-01,6.86E-01,9.33E-01,1.04E+00,8.10E-01,1.3394446124186,3.21764274055829,1,5443,410,274,359,299,477,384,433,403,409,393,442,379,7.16,15.8,72,-2.64,17.3,7.98
0.902631759643555,0.967326760292053,1.35021364688873,1.00209295749664,1.00092947483063,1.48198902606964,5.49E-01,7.09E-01,9.13E-01,8.80E-01,7.55E-01,0.663231181815003,2.93957582172589,1,5445,421,495,418,434,560,473,526,510,494,531,529,481,1.14,2.39,80.2,-2.71,24.1,22.5
0,0,0,0,0,0,0.00E+00,0.00E+00,0.00E+00,0.00E+00,0.00E+00,-1.16132412239963,6.00817613657585,1,5447,0,0,0,0,0,0,0,0,0,0,0,0,7.26,5.76,91.2,-1.81,13.7,8.04
0,0,0,0,0,0,0.00E+00,0.00E+00,0.00E+00,0.00E+00,0.00E+00,5.78552458971328,24.1836730254107,1,5449,0,0,0,0,0,0,0,0,0,0,0,0,1.96,5.07,114,-1.1,17.7,20.7
0,0,0,0,0,0,0.00E+00,0.00E+00,0.00E+00,0.00E+00,0.00E+00,-0.537891058444865,5.11601517975201,1,5451,0,0,0,0,0,0,0,0,0,0,0,0,4.49,8.29,122,-2.72,14.2,16
0.879136562347412,0.94499546289444,1.58778595924377,0.972929239273071,1.00020253658295,1.29391026496887,4.61E-01,7.41E-01,9.60E-01,8.66E-01,7.86E-01,1.88853602057153,7.6739870989804,1,5454,119,199,127,205,280,205,253,230,258,243,246,205,0.323,4.18,133,-3.55,8.58,47.9
0,0,0,0,0,0,0.00E+00,0.00E+00,0.00E+00,0.00E+00,0.00E+00,9.12199786776945,12.1937497382156,1,5456,0,0,0,0,0,0,0,0,0,0,0,0,13,3.98,140,-3.52,5.67,22.3
0.906990826129913,0.920248091220856,1.45347106456757,1.07573759555817,1.06411981582642,1.20100498199463,4.74E-01,6.98E-01,9.36E-01,1.10E+00,8.51E-01,11.148952621279,25.4081860265806,1,5458,583,247,574,252,682,312,640,328,633,339,641,302,7.07,10.9,142,-3.48,6.31,27.8
0.878109931945801,0,1.52432787418365,1.13183999061584,1.07017278671265,1.64445316791534,4.94E-01,5.76E-01,9.34E-01,1.05E+00,8.75E-01,26.6188594223674,50.9587580135162,1,5460,625,249,0,0,727,352,678,357,652,352,686,339,17.5,7.03,117,-3.44,41.3,16.1
0.916333496570587,0.936233341693878,1.52641952037811,1.20041882991791,1.06846189498901,1.79169106483459,4.80E-01,6.70E-01,9.56E-01,1.32E+00,8.26E-01,-45.3167894170571,88.0506956845392,1,5462,654,281,639,298,742,371,694,379,685,376,704,355,13.7,19.8,118,-3.41,83.5,18.5
0.937346577644348,0,0,0,0.997256517410278,0,5.12E-01,6.99E-01,0.00E+00,7.15E-01,8.28E-01,-33.2817923904755,35.0022717891972,1,5464,0,0,0,0,0,0,0,0,0,0,0,0,40.6,9.6,115,-3.37,29.9,37.5
0,0,0,0,0.965883255004883,0,0.00E+00,0.00E+00,0.00E+00,0.00E+00,0.00E+00,-14.3709438800213,14.465179837114,1,5466,0,0,0,0,0,0,0,0,0,0,0,0,10.2,24.4,89.5,-3.33,28.2,40.5
0,0,0,0,0,0,0.00E+00,0.00E+00,0.00E+00,0.00E+00,0.00E+00,-10.6485090629119,11.6003075733681,1,5468,0,0,0,0,0,0,0,0,0,0,0,0,18,24.8,84.4,-3.3,15,76.3
0.906716227531433,0,1.5405375957489,1.02925062179565,1.01357591152191,2.42542958259583,5.53E-01,6.67E-01,9.24E-01,9.71E-01,7.99E-01,4.58642939336321,7.04140304088223,1,5470,559,166,0,0,598,279,542,277,534,268,568,258,3.64,13.1,89.6,-3.26,7.25,45
0.876103818416595,0,1.47580790519714,0.997853338718414,1.00793778896332,2.70908856391907,5.09E-01,6.22E-01,1.12E+00,1.07E+00,7.68E-01,14.2504311518879,18.7383567530244,1,5472,492,113,0,0,534,224,487,220,430,211,513,202,16.7,20.7,87.2,-3.22,4.28,12.5
0,0,0,0,0,0,0.00E+00,0.00E+00,0.00E+00,0.00E+00,0.00E+00,7.56732295038885,9.4724441974558,1,5475,0,0,0,0,0,0,0,0,0,0,0,0,4.86,4.41,95,-3.19,5.53,13.3
0,0,0,0,0,0,0.00E+00,0.00E+00,0.00E+00,0.00E+00,0.00E+00,9.77750597258719,14.0665502658739,1,5477,0,0,0,0,0,0,0,0,0,0,0,0,12.9,4.01,124,-3.15,15.7,38.8
0,0,0,0,0,0,0.00E+00,0.00E+00,0.00E+00,0.00E+00,0.00E+00,15.7744102216521,18.2675243339171,1,5479,0,0,0,0,0,0,0,0,0,0,0,0,8.19,5.03,150,-3.11,24,13.6
0,0,0,0,0,0,0.00E+00,0.00E+00,0.00E+00,0.00E+00,0.00E+00,-25.1065912687651,27.3937228672108,1,5481,0,0,0,0,0,0,0,0,0,0,0,0,5.42,3.46,160,-3.08,23.8,19.3
0,0,0,0,0,0,0.00E+00,0.00E+00,0.00E+00,0.00E+00,0.00E+00,-2.824020469624,2.85846978862366,1,5483,0,0,0,0,0,0,0,0,0,0,0,0,17.3,3.06,180,-3.04,6.82,15.6
0.951205968856812,0.966034770011902,0.937159597873688,1.01730108261108,0.936230599880219,0.940509915351868,5.31E-01,7.49E-01,9.51E-01,8.86E-01,0.00E+00,-15.1140815899696,15.7192411847215,1,5485,0,0,0,0,0,0,0,0,0,0,0,0,13,16.8,198,-3.01,19.6,29.9
0.957314193248749,0.94326239824295,1.40096867084503,0.997641801834106,1.02351260185242,2.46134424209595,5.35E-01,7.06E-01,1.15E+00,8.79E-01,8.87E-01,5.35007498626455,9.45307045496032,1,5487,308,449,282,443,332,560,283,545,227,554,313,533,2.94,16.2,192,-2.97,11.2,13.1
0.936793625354767,0,1.37953853607178,1.00243878364563,1.09723007678986,2.51980400085449,5.70E-01,7.26E-01,1.04E+00,9.35E-01,8.69E-01,11.9460051405386,12.5403542437803,1,5489,504,430,0,0,446,524,410,485,398,449,437,492,10.4,10.6,190,-2.93,8.08,8.77
0,0,0,0,0,0,0.00E+00,0.00E+00,0.00E+00,0.00E+00,0.00E+00,5.97248773572533,10.5866582606238,1,5491,0,0,0,0,0,0,0,0,0,0,0,0,4.03,6.25,187,-2.9,7.23,1.3
0.860743343830109,0,1.43287909030914,1.17274010181427,1.01675367355347,2.78375434875488,4.96E-01,6.88E-01,9.53E-01,9.36E-01,8.24E-01,-2.83240597051513,4.06093609049549,1,5494,376,386,0,0,391,501,338,488,298,474,358,473,3.99,4.28,162,-2.86,7.18,15
0.826283514499664,0.858389914035797,1.11144149303436,0,1.37109661102295,2.30003666877747,5.56E-01,6.82E-01,1.12E+00,6.49E-01,7.06E-01,-7.9857721478206,8.94878077108311,1,5496,0,0,0,0,0,0,0,0,0,0,0,0,5.85,5.27,144,-2.82,10.7,4.99
0.886180520057678,0,1.39146089553833,1.25400853157043,1.02203059196472,2.55428504943848,5.09E-01,6.42E-01,9.42E-01,6.57E-01,7.75E-01,0.576930169717471,7.11870806710096,0,5498,767,221,0,0,742,398,705,363,682,322,726,367,4.64,2.1,132,-2.79,6.2,12.1
0.89219743013382,0,1.48963963985443,1.25860702991486,1.02903342247009,2.62064719200134,4.63E-01,6.22E-01,9.11E-01,9.41E-01,8.52E-01,-2.73942776635994,3.98231836626004,0,5500,502,68.9,0,0,514,198,485,189,500,194,486,169,2.05,8.14,123,-2.75,14.8,13.3
0,0,0,0,0,0,0.00E+00,0.00E+00,0.00E+00,0.00E+00,0.00E+00,-15.5943899202743,16.1507084710802,0,5502,0,0,0,0,0,0,0,0,0,0,0,0,6.39,1.64,101,-2.71,8.93,46.7
0.957979023456574,0.941690981388092,1.31859230995178,0.986109733581543,1.01960122585297,2.23451519012451,5.53E-01,7.25E-01,9.11E-01,9.53E-01,8.35E-01,-5.63968766782101,7.90230917992322,0,5504,585,627,635,604,672,705,620,701,625,697,636,682,3.97,5.18,89.6,-2.68,10.8,22.2
0,0.937972784042358,0.93557345867157,0.947165310382843,1.03582084178925,1.01999592781067,5.42E-01,0.00E+00,9.23E-01,9.34E-01,2.66E+00,-15.8080539920053,16.1815547469807,0,5506,0,0,0,0,0,0,0,0,0,0,0,0,9.68,8.04,86.2,-2.64,2.56,52.9
0,0,0,0,0,0,0.00E+00,0.00E+00,0.00E+00,0.00E+00,0.00E+00,-8.79637871109126,10.579958940866,0,5508,0,0,0,0,0,0,0,0,0,0,0,0,8.11,6.09,72.2,-2.6,24.4,49.4
0.88968026638031,0.950959503650665,1.35814094543457,1.58144354820251,0.99798971414566,2.23129200935364,5.25E-01,6.45E-01,9.12E-01,9.90E-01,7.88E-01,12.3650736728618,15.2624812830891,0,5510,300,308,295,342,431,377,388,409,383,395,389,388,23.2,9.96,45.4,-2.57,24.7,51.6
0.918578207492828,1.00728404521942,1.40093219280243,1.02645015716553,0.999245166778564,2.3358428478241,5.19E-01,6.15E-01,0.00E+00,9.77E-01,7.99E-01,-13.9868338425182,18.8796676098343,0,5513,417,341,390,356,521,364,474,399,486,398,477,373,5.41,15.7,41,-2.53,13.2,42.2
0.947172582149506,0,1.25215256214142,1.04665088653564,0.992740571498871,2.27931308746338,5.33E-01,6.73E-01,9.02E-01,9.63E-01,8.69E-01,-29.5052453344946,35.7365228183369,0,5515,508,251,0,0,566,348,517,353,530,332,527,335,6.81,8.54,35.1,-2.49,16,16.5
0,0,0,0,0,0,0.00E+00,0.00E+00,0.00E+00,0.00E+00,0.00E+00,-12.0252582532999,25.2118315040628,0,5517,0,0,0,0,0,0,0,0,0,0,0,0,5.2,2.45,28,-2.46,23.7,32.3
0.931991517543793,0,0,0,0,0,5.25E-01,6.35E-01,9.21E-01,8.86E-01,9.10E-01,7.1079824173505,19.7972948842013,0,5519,669,600,0,0,0,0,0,0,0,0,0,0,5.34,4.59,17.1,-2.42,7.33,52.8
0.891652047634125,0,1.36580193042755,1.10259056091309,1.01610195636749,2.08175110816956,5.23E-01,6.75E-01,8.95E-01,9.54E-01,8.34E-01,-2.00804917899827,20.6600685670742,0,5521,443,338,0,0,412,452,373,438,358,451,390,418,12.7,4.62,24.2,-2.39,39.1,43.2
0,0,0,0,0,0,0.00E+00,0.00E+00,0.00E+00,0.00E+00,0.00E+00,3.47842549888985,16.1585678329838,0,5523,0,0,0,0,0,0,0,0,0,0,0,0,12.1,19.9,37.3,-2.35,38.8,88.5
0,0,0,0,0,0,0.00E+00,0.00E+00,0.00E+00,0.00E+00,0.00E+00,-2.98359911019475,8.52128591942297,0,5525,0,0,0,0,0,0,0,0,0,0,0,0,9.11,6.27,44.6,-2.31,18.4,19.4
0,0,0,0,0,0,0.00E+00,0.00E+00,0.00E+00,0.00E+00,0.00E+00,-16.9926695616229,17.9745492437622,0,5527,0,0,0,0,0,0,0,0,0,0,0,0,22.4,7.61,49.5,-2.28,7.88,51.6
0,0,0,0,0,0,0.00E+00,0.00E+00,0.00E+00,0.00E+00,0.00E+00,13.0697783291352,13.3675980689244,0,5529,0,0,0,0,0,0,0,0,0,0,0,0,3.88,11.1,59.4,-2.24,19.1,33.6
0,0,0,0,0.92977100610733,0,0.00E+00,0.00E+00,0.00E+00,0.00E+00,8.75E-01,-13.3929885293867,13.7755915019792,0,5532,0,0,0,0,0,0,0,0,0,0,0,0,9.95,7.88,65.3,-2.2,18.9,27
0.770553171634674,0.887776613235474,1.44816637039185,0.952368855476379,1.01258456707001,1.9304336309433,4.53E-01,5.28E-01,8.72E-01,8.77E-01,6.61E-01,27.3754306269548,42.0177617223132,0,5534,685,189,662,176,562,227,553,175,536,155,580,191,2.81,14.4,65.1,-1.99,29.2,7.57
0.802769660949707,0.874846637248993,1.41357529163361,1.04406940937042,1.02516281604767,1.93563723564148,4.71E-01,6.21E-01,8.86E-01,8.72E-01,7.62E-01,10.296639222908,37.7762756582331,0,5536,721,327,731,308,594,359,595,306,602,280,616,325,12,13.9,57.7,-1.78,17.1,25.3
0.858399331569672,1.22159087657928,1.35308921337128,0.932648956775665,0,1.79983186721802,4.71E-01,6.43E-01,9.28E-01,9.10E-01,8.26E-01,11.0165291826338,13.8773810091299,0,5538,483,328,465,297,357,365,354,314,0,0,371,333,14.1,19.3,59.8,-3.02,19.7,13.9
0.777871549129486,0.887043178081512,1.39426136016846,0.964029788970947,1.01379215717316,1.89831984043121,4.32E-01,5.69E-01,8.78E-01,8.59E-01,7.58E-01,0.590366874488975,13.8806279995406,0,5540,568,359,581,325,424,361,430,314,440,286,446,334,3.83,16.1,58.5,-3.24,21.6,19
0,0,0,0,0,0,0.00E+00,0.00E+00,0.00E+00,0.00E+00,0.00E+00,2.62828622966799,3.95233114695548,0,5542,0,0,0,0,0,0,0,0,0,0,0,0,6.99,11.9,60.4,-3.07,1.56,11.5
0.882026791572571,0.321285128593445,1.33230650424957,0.823305189609528,0.847514867782593,0.958905637264252,4.67E-01,6.23E-01,8.54E-01,6.91E-01,1.19E+00,-9.31823283491907,10.874916346354,0,5544,0,0,0,0,0,0,0,0,0,0,0,0,2.03,8.41,75,-3.31,8.93,6.73
0.720363855361939,0,1.28294372558594,0.951321482658386,1.02939903736115,1.54684770107269,4.83E-01,6.20E-01,9.15E-01,8.78E-01,1.13E+00,8.4357772872027,9.92351979391415,0,5546,268,566,0,0,279,698,224,691,183,644,242,685,1.11,3.35,87.1,-3.16,6.8,11.8
0.81882631778717,0.943160533905029,1.2049206495285,1.22010040283203,1.02559101581573,1.56220674514771,4.80E-01,6.61E-01,8.99E-01,9.35E-01,7.97E-01,-4.71715764064063,5.77502892276813,0,5548,448,683,407,695,486,797,429,797,399,798,449,783,2.09,0.691,94.2,-3.06,9.4,10.7
0,0,0,0,0,0,0.00E+00,0.00E+00,0.00E+00,0.00E+00,0.00E+00,2.61009682524332,8.83718365094047,0,5550,0,0,0,0,0,0,0,0,0,0,0,0,8.57,7.62,106,-2.96,27.4,26.9
0.86122590303421,0.866468846797943,1.28920066356659,1.05555188655853,0.999204158782959,1.33634841442108,5.20E-01,6.16E-01,6.43E-01,8.71E-01,1.01E+00,2.25691334485616,4.49285342414564,0,5553,452,472,446,486,531,581,480,570,418,614,493,550,3.3,6.36,118,-2.86,1.42,34.8
0,0,0,0,0,0,0.00E+00,0.00E+00,0.00E+00,0.00E+00,0.00E+00,-0.019607141407884,11.1748830801105,0,5555,0,0,0,0,0,0,0,0,0,0,0,0,4.69,4.32,115,-2.76,16,7.03
0.77193009853363,0.938264071941376,1.28027105331421,0.999466359615326,1.02180969715118,1.57713198661804,4.22E-01,6.42E-01,8.83E-01,9.18E-01,7.53E-01,-3.8444299500914,4.86812496023897,0,5557,443,220,403,235,470,383,425,372,405,351,443,357,7,3.78,110,-2.67,8.12,9.4
0.883208811283112,0.921081066131592,1.29322421550751,1.14021277427673,1.04030179977417,1.49811434745789,4.12E-01,5.93E-01,8.28E-01,9.00E-01,7.12E-01,-12.7875251176147,19.96029310151,0,5559,333,35.1,336,51.8,428,117,382,126,372,149,390,102,9.6,12.8,104,-2.57,15.6,26.3
0.798233687877655,1.02830183506012,1.26998174190521,1.00788033008575,1.03216826915741,1.34819793701172,4.59E-01,5.93E-01,8.65E-01,9.24E-01,7.91E-01,6.03411013381138,18.1988921280014,0,5561,258,110,234,150,379,196,333,230,304,237,339,194,5.69,8.88,87.3,-2.47,17,25.6
0.56372332572937,0.767203509807587,0.564384818077087,0,1.9301233291626,0.887409389019012,6.38E-01,5.34E-01,1.93E+00,5.45E-01,0.00E+00,-13.7076157711944,15.2720511547727,0,5563,0,0,0,0,0,0,0,0,0,0,0,0,1.32,9.95,69.7,-2.37,11.3,8.88
0,0,0,0,0,0,0.00E+00,0.00E+00,0.00E+00,0.00E+00,0.00E+00,5.60428100249033,10.3597861439731,0,5565,0,0,0,0,0,0,0,0,0,0,0,0,5.17,11.2,48.1,-2.28,7.81,22.1
0.863499104976654,0.954000294208527,1.33429491519928,0.971377968788147,1.00199091434479,1.39339089393616,4.77E-01,5.73E-01,8.57E-01,9.05E-01,7.69E-01,-8.80249177860606,13.9676871504523,0,5567,314,212,319,230,447,221,417,264,403,306,410,228,2.96,2.26,21.5,-2.18,4.6,15.1
0.906032562255859,0,1.30585277080536,0.970643758773804,0.989394843578339,1.27707457542419,4.91E-01,6.77E-01,8.90E-01,9.01E-01,8.03E-01,-0.722346018332433,1.54081058959557,0,5569,215,360,0,0,351,350,333,404,304,440,329,369,1.66,5.03,15.2,-2.08,15.1,7.34
0,0,0,0,0,0,0.00E+00,0.00E+00,0.00E+00,0.00E+00,0.00E+00,-8.75849428837547,14.2468906036867,0,5572,0,0,0,0,0,0,0,0,0,0,0,0,2.71,4.47,37.5,-1.98,17.3,10.9
0.913649201393127,0.939130425453186,1.449662566185,1.01476263999939,0.995372354984283,1.33937954902649,4.36E-01,6.59E-01,9.06E-01,8.66E-01,7.75E-01,7.00190483389088,12.4182486070332,0,5574,391,381,409,403,575,387,552,422,541,432,541,402,2.13,0.753,54.6,-1.88,4.46,25.2
0.877214789390564,0.944745421409607,1.45470678806305,0.998252868652344,1.00762724876404,1.25146353244782,4.29E-01,6.26E-01,9.20E-01,8.80E-01,8.56E-01,5.69981542167421,9.70904671032372,0,5576,428,387,449,412,583,365,564,412,554,433,556,389,2.09,2.54,69,-1.79,18.5,13.3
0.882766544818878,0.939841985702515,1.46396780014038,0.978709161281586,1.00762569904327,1.27045834064484,4.27E-01,6.27E-01,9.33E-01,8.89E-01,8.34E-01,-7.8075337436384,20.7713067895357,0,5578,407,376,424,395,572,378,552,419,556,437,542,394,4.97,2.82,75.3,-1.69,25.8,21.8
0.870075106620789,0,1.37837219238281,0.951742887496948,1.00932657718658,1.28983271121979,4.42E-01,6.27E-01,8.58E-01,8.74E-01,7.32E-01,-13.9963881600586,19.4752517800868,0,5580,496,401,0,0,619,340,603,395,590,423,597,367,10.2,8.4,79.3,-1.59,10.5,21.2
0.883530795574188,0.917963743209839,1.4161468744278,0.96658980846405,1.0132874250412,1.35336577892303,4.43E-01,6.01E-01,8.87E-01,8.72E-01,7.36E-01,1.79130918795686,2.50223530228812,0,5582,529,406,536,393,641,347,620,402,622,439,610,375,6.76,9.56,78.2,-1.49,22.4,8.86
0.891946852207184,0.931165337562561,1.41673600673676,0.978663086891174,1.01742589473724,1.22655916213989,4.49E-01,6.42E-01,8.84E-01,9.06E-01,8.32E-01,-10.2741637267528,10.6431923584874,0,5584,481,425,491,395,576,351,556,404,575,430,549,377,6.85,21.3,66.8,-1.4,11.2,27.2
0.884839177131653,0.952592194080353,1.48362386226654,0.99466997385025,1.00724935531616,1.25654482841492,4.22E-01,5.78E-01,8.70E-01,9.33E-01,7.97E-01,6.16736191924666,8.12123056956579,0,5586,426,391,443,399,553,356,539,411,539,439,530,388,6.42,20.7,54.1,-1.3,4.83,26.9
0.889119267463684,0.937637567520142,1.48809897899628,0.994174778461456,1.0047926902771,1.18575990200043,4.25E-01,6.08E-01,9.06E-01,8.92E-01,8.26E-01,7.23399291583284,8.58749572646332,0,5588,379,385,387,396,532,373,513,419,512,443,506,394,1.39,13.6,39.7,-1.2,11.8,9.3
0.878439903259277,0.953778684139252,1.53965425491333,0.983253359794617,1.00450789928436,1.29294657707214,4.25E-01,6.03E-01,9.11E-01,8.81E-01,8.47E-01,-7.65913863474935,8.25446694863038,0,5591,353,374,371,393,517,382,498,422,500,442,485,399,1.21,3.42,22.6,-1.1,11.4,7.98
0.90202933549881,0.911145329475403,1.5564192533493,0.984932541847229,1.01047050952911,1.22540533542633,4.31E-01,6.31E-01,9.47E-01,8.84E-01,8.66E-01,0.41858205819629,3.77717254814825,0,5593,337,372,346,395,509,384,488,420,486,438,474,397,1.46,3.22,35.3,-1,4.11,6.5
0.884463369846344,0.878917992115021,1.52294731140137,0.988486468791962,1.0074098110199,1.20253455638886,4.18E-01,5.98E-01,9.03E-01,8.58E-01,7.98E-01,-6.97853124421456,8.6120183551528,0,5595,367,387,391,415,520,380,503,419,506,435,489,398,4.03,2.63,54.3,-0.907,11,7.28
0.908050358295441,0,1.37733626365662,0.970775604248047,0.998216390609741,1.13127148151398,4.81E-01,6.19E-01,8.67E-01,8.86E-01,7.68E-01,12.9131073231945,14.4017722539436,0,5597,498,379,0,0,631,306,627,351,591,397,611,325,8.84,5.26,70.4,-0.809,5.16,9.5
0,0,0,0,0,0,0.00E+00,0.00E+00,0.00E+00,0.00E+00,0.00E+00,-1.70355111995145,8.23735497382083,0,5599,0,0,0,0,0,0,0,0,0,0,0,0,2.85,5.5,84.1,-0.711,15,6.12
0.867031693458557,0.909090936183929,1.36340379714966,0.98883056640625,1.0213840007782,1.23404610157013,4.43E-01,5.60E-01,8.71E-01,8.94E-01,7.24E-01,-0.128452124960601,9.05588283839462,0,5601,402,420,418,387,527,395,491,439,485,459,485,406,1.43,7.32,93.8,-0.613,20.9,24.1
0.84822005033493,0.915611803531647,1.43184578418732,0.990616023540497,1.03143632411957,1.37996304035187,4.27E-01,5.48E-01,8.42E-01,9.13E-01,7.08E-01,7.39904873955549,8.59906228674606,0,5603,370,391,368,420,508,405,473,448,453,474,472,414,5.06,3.68,94.9,-0.515,9.26,4.22
0.851032197475433,0.929909765720367,1.38536965847015,0.9952352643013,1.0373033285141,1.23460483551025,4.41E-01,5.32E-01,8.43E-01,9.07E-01,7.39E-01,10.3420234403218,18.8132398967308,0,5605,380,403,377,406,513,415,478,460,462,481,474,426,5.65,5.39,88.8,-0.418,11.8,13.2
0.853825867176056,0.965986371040344,1.3591650724411,1.00015151500702,1.0465943813324,1.30157256126404,4.33E-01,5.73E-01,8.78E-01,9.40E-01,7.23E-01,0.735014682344203,12.3154081188237,0,5607,374,422,377,408,500,419,463,460,460,485,458,429,1.91,9.09,83.7,-0.32,6.12,6.24
0.857826709747314,0.888174831867218,1.35672926902771,0.99729585647583,1.02761900424957,1.16856074333191,4.26E-01,5.59E-01,9.04E-01,9.26E-01,7.86E-01,-0.427761966052636,3.39373276753632,0,5610,373,390,365,425,511,430,473,469,451,486,476,439,3.66,6.98,64,-0.222,22.3,19.1
0.842748463153839,0.942972600460053,1.36435830593109,1.0092785358429,1.03373539447784,1.36675500869751,4.22E-01,5.21E-01,8.93E-01,9.29E-01,7.46E-01,-5.71334920937032,9.54269301259706,0,5612,369,392,368,425,506,430,468,473,446,490,472,443,5.86,2.81,49.3,-0.124,18.5,34.3
0.878717243671417,0.947308123111725,1.32214367389679,0.979273319244385,1.02834892272949,1.18179333209991,4.44E-01,5.55E-01,8.95E-01,9.47E-01,8.02E-01,-0.533848212453359,1.13001223932368,0,5614,397,380,389,406,531,411,495,450,476,481,492,417,3.36,3.56,42.1,-0.0263,9.92,5.66
0.888068318367004,0.925066292285919,1.30902826786041,0.971182763576508,1.01689827442169,1.22812187671661,4.62E-01,5.92E-01,9.01E-01,9.16E-01,7.37E-01,-2.15127398383244,6.5600203048917,0,5616,326,371,317,410,470,365,447,408,417,447,444,377,7.15,4.94,38.1,0.0715,17.2,47.7
0.88126802444458,0.9390909075737,1.32397937774658,0.979851305484772,1.01129591464996,1.14308822154999,4.49E-01,5.50E-01,8.84E-01,8.85E-01,8.95E-01,0.517429599191019,18.3116379652931,1,5618,268,407,276,390,386,371,367,421,378,447,357,391,6.21,8,28.5,0.169,7.45,14.5
0.876501500606537,0.900460302829742,1.37539923191071,0.961984276771545,1.0227837562561,1.22310149669647,4.40E-01,6.35E-01,8.82E-01,8.89E-01,7.80E-01,0.577499461496671,4.36779571107,1,5620,209,379,215,399,359,373,340,417,335,443,332,389,13.7,6.06,25.4,0.267,10.9,14.9
0.884325981140137,0.913793087005615,1.40184247493744,0.975545465946198,1.03221416473389,1.08869612216949,4.27E-01,6.35E-01,8.99E-01,8.93E-01,8.01E-01,-9.30459516989022,12.1473485376801,1,5622,265,377,277,419,427,367,408,412,394,439,403,385,10.5,15.7,26.5,0.365,4.02,24.2
0.883261144161224,0.919077634811401,1.38831508159637,0.976292312145233,1.00763082504272,1.27049291133881,4.21E-01,6.72E-01,8.90E-01,8.95E-01,7.51E-01,6.15127581365006,9.43370122405038,1,5624,241,380,256,413,406,366,384,409,382,433,374,385,6.03,22.3,21.2,0.463,18.6,38.1
0.903519153594971,0.927083313465118,1.33345699310303,0.975205659866333,1.02487707138062,1.08901572227478,4.27E-01,6.58E-01,9.32E-01,8.88E-01,8.25E-01,-4.79554795679094,9.12212062016788,1,5626,261,381,269,412,416,327,407,378,397,421,395,352,1.7,11.4,18.1,0.561,14.3,26.7
0.909498929977417,0.903208673000336,1.37474155426025,0.964941799640656,1.00408852100372,1.15104603767395,4.26E-01,6.05E-01,9.16E-01,8.26E-01,7.58E-01,-0.053011427909646,9.21143063370212,1,5628,235,379,239,415,408,330,401,381,370,415,388,358,1.24,5.58,19.3,-0.0564,8.88,22.1
0.880159437656403,0.911504447460175,1.39728677272797,0.961364567279816,1.02899324893951,1.0853955745697,4.22E-01,5.90E-01,9.64E-01,8.94E-01,8.10E-01,4.74316469538162,15.2407416102832,1,5631,201,385,227,408,377,360,357,400,360,423,335,385,3.84,5.96,26.6,2.27,35.7,11.3
0.878432869911194,0.916539430618286,1.43514430522919,0.979560256004334,0.98629367351532,1.18990480899811,4.04E-01,6.39E-01,9.26E-01,8.72E-01,7.19E-01,-2.60443971046032,19.2276945873006,1,5633,169,381,186,405,355,369,326,402,327,425,301,384,9.94,4.45,41.9,2.29,26.9,44.9
0.876844704151154,0.896460652351379,1.39736783504486,1.00268530845642,0.966931223869324,0.991822302341461,4.13E-01,6.77E-01,9.16E-01,8.48E-01,8.07E-01,1.1982487493867,4.17789577562633,1,5635,151,383,171,389,325,377,289,397,324,422,278,382,24,16.8,54.4,2.32,41.5,16
0.864580929279327,0.909571409225464,1.39679753780365,0.991105735301971,0.994288802146912,1.07025051116943,4.06E-01,6.58E-01,9.66E-01,8.37E-01,7.03E-01,0.043365671834179,2.06127412495485,1,5637,127,378,134,396,324,378,290,398,269,415,275,378,22,25.7,58.8,2.35,4.26,15.5
0,0,0,0,0,0,0.00E+00,0.00E+00,0.00E+00,0.00E+00,0.00E+00,6.08521670884117,6.85215850211981,1,5639,0,0,0,0,0,0,0,0,0,0,0,0,7.07,36.3,70.4,2.37,4.16,12.1
0.852571070194244,0.915815055370331,1.43984830379486,0.998052179813385,0.994919836521149,1.1211975812912,3.96E-01,7.02E-01,9.38E-01,7.99E-01,7.49E-01,-0.263958371648677,9.49866872650727,1,5641,294,377,311,402,462,379,429,397,445,418,414,378,3.13,35.2,58.8,2.4,14.1,2.4
0.822992384433746,0.930434763431549,1.40208303928375,0.950223684310913,0.972429215908051,0.992668271064758,3.98E-01,7.12E-01,9.31E-01,7.51E-01,7.42E-01,4.97183348162505,8.26308076198627,1,5643,322,379,330,383,505,380,470,398,456,418,459,378,1.28,24.3,36.1,2.42,18,11.2
0.836245000362396,0.895610272884369,1.39181089401245,0.979538857936859,0.989475548267365,1.04731464385986,3.79E-01,6.40E-01,9.08E-01,7.86E-01,7.49E-01,0.826706370900112,2.8920631826742,1,5645,287,369,302,400,483,381,447,398,427,415,434,377,10.1,13.9,24.1,2.45,4.54,5.6
0.854127526283264,0.922854363918304,1.38899075984955,0.953224003314972,0.982226133346558,1.01756453514099,3.88E-01,6.53E-01,9.77E-01,8.15E-01,8.07E-01,4.43266602083949,5.71453169064865,1,5647,298,377,297,388,501,384,468,403,432,415,450,383,4.55,8.16,33.8,2.47,2.85,6.79
0,0,0,0,0,0,0.00E+00,0.00E+00,0.00E+00,0.00E+00,0.00E+00,-0.635277549462039,1.74534815740788,1,5650,0,0,0,0,0,0,0,0,0,0,0,0,1.39,9,90.8,2.5,5.39,1.86
0.87590903043747,0.947996616363525,1.25425040721893,0.963991701602936,1.01949632167816,1.23980820178986,4.53E-01,5.93E-01,7.74E-01,8.95E-01,7.42E-01,0.569910068812251,0.821762399669291,1,5652,630,365,648,361,697,271,717,324,754,339,689,308,0.583,7.66,141,2.52,1.57,3.14
0.839494645595551,0,1.27443110942841,0.960698127746582,1.0159695148468,1.39110577106476,4.65E-01,5.40E-01,8.55E-01,8.74E-01,7.82E-01,-1.98794418853135,3.90837608460448,1,5654,436,375,0,0,515,292,538,343,551,370,508,326,1.7,2.9,171,2.55,4.39,1.71
0.828608393669128,0,1.37736773490906,1.05600583553314,1.01420044898987,1.41905748844147,4.21E-01,5.44E-01,8.76E-01,8.72E-01,7.30E-01,-4.88906377681215,5.03921433209002,1,5656,420,389,0,0,516,310,532,372,523,383,508,348,1.71,1.1,200,2.57,2.09,2.39
0.846586048603058,0.934097409248352,1.36438381671906,0.949546337127686,1.03258419036865,1.54458105564117,4.07E-01,5.51E-01,8.89E-01,8.87E-01,7.71E-01,-0.781245412440521,1.0601024426859,1,5658,402,385,409,412,506,323,520,380,522,406,495,359,1.62,2.34,230,2.6,3.37,2.49
0.851269900798798,0,1.36304688453674,1.01213371753693,1.02356052398682,1.42995476722717,4.24E-01,5.60E-01,8.95E-01,9.16E-01,7.56E-01,7.2582949851777,7.57173429487198,1,5660,356,395,0,0,476,366,467,424,463,440,455,404,0.571,1.92,229,2.62,0.617,2.64
0.863926410675049,0.934689521789551,1.36516153812408,1.06611239910126,1.01330888271332,1.59826874732971,4.22E-01,5.57E-01,9.09E-01,9.20E-01,7.11E-01,-4.79366719467526,4.98146755755545,1,5662,362,413,367,406,468,354,459,413,443,428,448,388,0.563,1.85,223,2.65,3.51,0.875
0.896988451480866,0,1.3347510099411,1.2397712469101,1.01693749427795,1.67245495319366,4.07E-01,6.01E-01,9.07E-01,9.08E-01,8.64E-01,2.05676407093228,3.53961260206393,1,5664,312,386,0,0,440,375,421,429,401,447,419,405,0.9,1.11,212,2.67,2.59,3.41
0.863673806190491,0,1.30699789524078,1.43095624446869,1.03066802024841,1.59416556358337,4.17E-01,5.97E-01,8.99E-01,9.59E-01,8.08E-01,-8.71184265610133,8.88939225097412,1,5666,322,385,0,0,457,389,431,438,414,449,434,419,0.55,0.977,186,2.7,5.38,2.63
0.93448394536972,0,1.4379415512085,1.23600280284882,1.02678155899048,1.97944152355194,3.97E-01,5.99E-01,8.50E-01,1.09E+00,9.43E-01,0.438633621805888,0.623332099998168,1,5669,293,410,0,0,411,389,389,439,381,441,383,419,0.574,0.803,146,2.72,0.223,0.66
0.887016475200653,0.926419496536255,1.39278125762939,1.12821233272553,1.00125777721405,2.04954671859741,3.97E-01,6.91E-01,9.09E-01,9.97E-01,7.85E-01,3.4423688907666,4.13337663680419,1,5671,263,391,267,400,395,392,375,439,372,446,371,418,1.06,0.419,119,2.75,4.36,4.06
0.878804206848145,0.969629645347595,1.44151318073273,1.11322700977325,1.00483953952789,2.10359358787537,4.05E-01,7.29E-01,8.91E-01,9.02E-01,9.05E-01,1.89949250638078,2.8376879133059,1,5673,229,389,266,425,372,395,352,438,364,443,347,416,0.929,1.44,96,2.77,0.909,5.32
0.883087515830994,0.929146528244019,1.45513308048248,1.07848966121674,1.00944530963898,2.26035261154175,4.05E-01,6.70E-01,9.27E-01,8.97E-01,8.93E-01,0.595135734002346,1.01826015196008,1,5675,235,390,261,410,378,411,353,450,353,447,349,427,1.29,0.636,70.1,2.8,2.88,8.09
0.902397155761719,0.93361622095108,1.35174167156219,1.21128678321838,1.00364422798157,2.21329236030579,4.13E-01,6.91E-01,9.38E-01,8.83E-01,8.55E-01,0.279036159101741,1.96701781970409,1,5677,297,390,308,416,443,387,414,429,411,449,417,405,3.77,2.79,50.2,2.83,6.59,24.8
0.895833313465118,0.979883551597595,1.40313792228699,1.0350102186203,0.989718198776245,2.31922149658203,4.18E-01,6.91E-01,9.75E-01,8.80E-01,8.32E-01,13.1973791622429,14.599188872684,0,5679,300,391,299,420,458,395,431,432,420,439,428,407,2.51,1.06,38,2.85,17.2,5.02
0.894094109535217,0.940976619720459,1.45813620090485,1.055588722229,1.0009241104126,2.39417171478271,4.09E-01,6.58E-01,9.47E-01,8.71E-01,8.16E-01,6.31205246443958,6.80677099572611,0,5681,251,384,248,391,430,402,406,431,394,434,396,408,3.51,1.19,24,2.88,5.47,7.12
0.880794882774353,0.918556690216064,1.51530027389526,1.09190142154694,0.99433296918869,2.30068969726562,4.07E-01,6.34E-01,9.38E-01,8.57E-01,8.20E-01,3.98077219134784,10.4223691724307,0,5683,236,384,236,395,419,399,394,426,382,426,382,404,3.64,1.26,16,2.9,18.6,3.99
0.888288021087647,0.924830555915833,1.50758254528046,1.05280303955078,1.00177621841431,2.53698754310608,4.06E-01,6.89E-01,8.92E-01,8.46E-01,8.20E-01,-0.957130551293998,7.30489840243544,0,5685,242,385,255,414,437,394,412,427,389,428,402,401,4.48,7.65,12.6,2.93,4.79,26.8
0.876450896263123,0.95244562625885,1.52552080154419,1.03027093410492,0.981725752353668,2.57876348495483,3.95E-01,6.54E-01,8.84E-01,7.83E-01,8.88E-01,-1.7406387730277,2.28316959277112,0,5688,275,399,282,398,435,392,409,425,407,428,402,402,1.94,5.26,8.22,2.95,0.539,7.49
0.915416836738586,0.905673265457153,1.46285903453827,1.13853549957275,1.00135099887848,2.48738741874695,4.12E-01,6.99E-01,9.32E-01,8.42E-01,7.82E-01,-3.38899345962838,5.23679364266145,0,5690,264,391,268,397,432,386,403,420,406,432,400,397,3.23,8.53,6.48,2.98,4.34,6.06
0.875266194343567,0.923498511314392,1.46748352050781,1.06368172168732,1.00521862506866,2.3326370716095,3.99E-01,6.52E-01,9.15E-01,8.25E-01,7.56E-01,-0.765311449599476,0.836772014053367,0,5692,260,387,272,411,428,388,402,422,393,429,392,398,1.22,3.9,6.79,3,0.404,3.89
0.854811131954193,0.922546148300171,1.47765254974365,1.14010322093964,0.995955467224121,2.30035591125488,4.05E-01,6.58E-01,9.18E-01,8.40E-01,9.23E-01,-4.07515725051144,6.18525128886856,0,5694,224,384,235,402,402,394,373,416,370,423,359,397,2.33,2.62,8.12,3.03,2.64,1.21
0.843851923942566,0.919597983360291,1.49165272712708,1.05574810504913,0.999747514724731,2.38863587379456,4.02E-01,6.41E-01,9.05E-01,8.38E-01,8.18E-01,0.983870125752613,1.01899768328994,0,5696,214,383,230,412,399,394,370,415,356,421,359,397,3.34,2.6,10.5,3.05,3.52,5.76
0.850937128067017,0.929172337055206,1.41738474369049,1.13331162929535,1.02040112018585,2.24860882759094,3.93E-01,6.67E-01,9.16E-01,8.33E-01,8.61E-01,-1.35746913695091,1.45274369838333,0,5698,226,383,232,391,415,393,384,411,377,417,372,393,0.642,2.4,9.1,3.08,1.18,1.78
0.851311922073364,0.945541620254517,1.38789927959442,1.02632236480713,0.991177618503571,2.31597852706909,3.79E-01,6.32E-01,9.10E-01,8.17E-01,7.67E-01,-1.26037777833418,2.14792237660266,0,5700,406,382,412,391,589,394,560,410,556,418,536,394,0.182,3.27,10.6,3.1,2.23,2.46
0.853345334529877,0.939733564853668,1.36056852340698,1.11423313617706,1.0062929391861,2.02751445770264,4.12E-01,6.53E-01,9.25E-01,8.49E-01,8.74E-01,-2.14674123421489,2.8198957182373,0,5702,536,386,504,414,691,413,657,452,612,435,666,429,0.313,1.93,10.9,3.13,4.01,5.75
0.882503092288971,0,1.35135984420776,1.42358958721161,1.03531265258789,1.83782637119293,4.00E-01,5.35E-01,8.84E-01,1.10E+00,7.04E-01,0.377669414164991,2.96100792166029,0,5704,673,400,0,0,791,439,748,478,734,488,751,461,3.44,1.39,12.1,3.15,3.12,0.812
0.845614850521088,0.926378071308136,1.22757041454315,1.45280575752258,1.05868124961853,1.54342436790466,4.16E-01,6.07E-01,8.94E-01,1.06E+00,8.91E-01,1.11585201672931,1.15985172210155,0,5707,490,409,473,437,612,461,572,495,555,499,570,479,1.49,3.09,13.3,3.18,4.21,4.13
0.872920334339142,0.991379320621491,1.23130226135254,1.40717232227325,1.03628242015839,1.61147022247314,4.35E-01,6.46E-01,8.96E-01,1.04E+00,8.92E-01,-3.14833856971044,3.34601521347826,0,5709,400,402,383,445,527,473,486,501,467,506,491,490,0.593,4.34,10.9,3.2,1.58,2.71
0.870001673698425,0.971365630626678,1.2992354631424,1.42072880268097,1.03228318691254,2.01456713676453,3.97E-01,5.61E-01,8.83E-01,1.02E+00,8.59E-01,0.274326996359104,1.40676335381359,0,5711,429,415,415,452,562,468,516,505,490,499,521,495,1.72,3.36,14.2,3.23,2.12,4.05
0.841691851615906,0.87423312664032,1.27237856388092,1.08394360542297,1.02861452102661,1.63553500175476,4.08E-01,6.40E-01,8.93E-01,1.03E+00,7.56E-01,2.83256105678565,5.21657304619817,0,5713,467,444,457,467,589,452,561,501,540,510,552,479,0.964,2.34,15.4,3.25,6.19,4.14
0.921301603317261,0.87732344865799,1.22833871841431,1.21088647842407,1.03734254837036,1.6852685213089,4.25E-01,6.65E-01,9.37E-01,9.17E-01,8.51E-01,0.501618252608752,1.19291503495599,0,5715,406,438,403,421,519,446,483,484,477,501,481,464,1.4,2.65,13.6,3.28,1.67,4.19
0.880726456642151,0.929296731948853,1.26235103607178,1.1038031578064,1.02286636829376,1.83657908439636,4.16E-01,5.91E-01,9.50E-01,9.07E-01,6.99E-01,3.66279044320272,4.55537952179618,0,5717,277,384,284,423,432,402,404,444,382,466,408,418,2.95,2.42,15.6,3.31,4.53,10.6
0.897558391094208,0.941381990909576,1.25098872184753,1.06892275810242,0.982278764247894,1.63478755950928,4.21E-01,6.67E-01,9.55E-01,8.58E-01,8.21E-01,2.64315694771709,2.80181879639319,0,5719,226,385,228,413,392,385,367,421,347,443,365,397,1.05,3.17,19,3.33,2.2,3.74
0.874575436115265,0.905940592288971,1.25250089168549,1.03948986530304,1.01507222652435,1.69658207893372,4.13E-01,6.62E-01,9.21E-01,8.49E-01,8.46E-01,-4.2925034880189,5.2633226375751,0,5721,269,390,292,414,419,400,391,434,397,463,384,407,2.16,3.23,19.1,3.36,7.34,8.02
0.864508211612701,0.917894721031189,1.27214515209198,1.2804708480835,1.05709993839264,1.46060800552368,4.09E-01,6.12E-01,9.05E-01,1.01E+00,8.30E-01,7.51385922134604,11.3753632915656,0,5723,392,395,376,413,527,436,488,471,463,481,484,450,0.71,0.962,20.7,3.38,14.7,10.1
0.878425598144531,0.944919288158417,1.25841414928436,1.15857660770416,1.03879952430725,1.67293965816498,4.09E-01,5.25E-01,8.62E-01,9.87E-01,8.44E-01,-2.69825850580645,4.47374862489989,0,5725,466,458,486,464,583,456,547,501,542,514,544,482,3,2.9,26,3.41,5.6,6.58
0.808656275272369,0.92413467168808,1.23663699626923,1.05762362480164,1.03828883171082,1.67895829677582,4.61E-01,5.79E-01,8.84E-01,1.00E+00,7.00E-01,-6.24178223330667,6.77647419494037,0,5728,547,504,532,505,650,426,647,487,615,512,635,456,2.29,3.97,30.4,3.43,1.07,8.21
0.836851060390472,0,1.24603998661041,1.12325811386108,1.0612827539444,1.60915410518646,4.33E-01,5.14E-01,8.34E-01,9.80E-01,7.41E-01,3.47153621288373,3.79121223132904,0,5730,522,456,0,0,642,415,633,476,600,494,622,446,0.386,4.79,33,3.46,5.16,1.9
0.833253383636475,0.947826087474823,1.21084713935852,1.15005850791931,1.05001842975616,1.58082008361816,4.69E-01,5.84E-01,9.53E-01,7.48E-01,7.27E-01,-4.32607346538568,4.90571239006749,0,5732,569,498,566,483,662,412,664,471,646,496,647,445,0.636,3.33,35.7,3.48,3.41,5.6
0.840128183364868,0.967128038406372,1.23640060424805,1.19647872447968,1.03907859325409,1.55736637115479,4.35E-01,5.44E-01,8.10E-01,1.09E+00,7.46E-01,-10.5902850509766,10.9337142812952,0,5734,537,447,534,494,650,400,649,464,623,481,633,434,2.16,3.8,38,3.51,7.56,4.4
0.884168148040772,0,1.22897589206696,1.04750800132751,1.05978810787201,1.35437333583832,4.69E-01,5.84E-01,8.35E-01,9.30E-01,7.40E-01,1.39576004194954,5.2863675896856,0,5736,482,476,0,0,565,391,561,441,607,475,541,425,1.53,1.35,37.9,3.53,4.32,7.9
0.899942517280579,0,1.19558024406433,1.0661301612854,1.09051215648651,1.36618077754974,4.39E-01,6.54E-01,9.12E-01,9.82E-01,7.45E-01,0.884667946571041,2.17043257291883,0,5738,438,450,0,0,530,405,526,453,540,466,510,437,1.79,0.981,37.7,3.56,3.3,1.9
0.812195360660553,0,1.2291750907898,1.09795391559601,1.04419577121735,1.43898546695709,4.01E-01,5.76E-01,8.84E-01,9.38E-01,7.27E-01,-3.3445238680944,4.89822054538251,0,5740,530,349,0,0,637,284,653,345,621,407,633,319,1.22,0.376,37.9,3.58,3.25,4.1
0.836692690849304,0.894360601902008,1.23039197921753,1.116135597229,1.08547806739807,1.52200412750244,3.97E-01,5.52E-01,8.98E-01,8.91E-01,6.99E-01,0.728493970008775,4.85721790758236,0,5742,561,339,589,338,636,256,656,309,680,297,639,298,0.573,1.69,36.2,3.61,4.14,1.17
0,0,0,0,0,0,0.00E+00,0.00E+00,0.00E+00,0.00E+00,0.00E+00,-0.43030179127305,4.51937706661597,0,5744,0,0,0,0,0,0,0,0,0,0,0,0,1.73,0.786,33.9,3.63,2.61,0.754
0,0,0,0,0,0,0.00E+00,0.00E+00,0.00E+00,0.00E+00,0.00E+00,-0.504488426370652,0.936277515089443,0,5747,0,0,0,0,0,0,0,0,0,0,0,0,0.558,1.47,29.8,3.66,2.36,3.62
0.860535204410553,0,1.15875339508057,1.07463872432709,1.09988868236542,1.34229016304016,4.12E-01,6.46E-01,8.79E-01,8.79E-01,9.33E-01,2.48168923813073,2.60875962440333,0,5749,397,452,0,0,471,379,506,418,533,422,477,416,0.234,1.81,26.4,3.68,2.07,0.913
0.858672678470612,0.898920834064484,1.17899966239929,1.09282624721527,1.06117534637451,1.35218000411987,4.22E-01,5.75E-01,8.89E-01,9.13E-01,8.16E-01,-0.284101541157222,0.301648728790581,0,5751,365,466,398,502,445,379,480,424,490,446,451,416,0.474,1.21,21,3.71,1.54,1.35
0.831980764865875,0.927224636077881,1.16340446472168,1.08347404003143,1.06800127029419,1.36348652839661,4.27E-01,5.79E-01,8.64E-01,8.70E-01,7.87E-01,-4.56631197919807,5.43688544661119,0,5753,423,526,434,530,491,429,531,470,542,479,499,469,1.66,0.671,17,3.73,3.83,3.91
0.853233993053436,0.943283557891846,1.19412231445313,1.07227325439453,1.10892248153687,1.28387749195099,4.26E-01,5.80E-01,8.66E-01,9.03E-01,8.50E-01,-1.52701638174003,1.72845321570596,0,5755,349,549,370,575,447,477,473,520,481,538,445,516,2.08,1.89,12.8,3.76,4.78,7.95
0.856952428817749,1.10962426662445,1.16309475898743,1.04836356639862,1.10335242748261,1.25166857242584,4.45E-01,6.28E-01,9.58E-01,8.75E-01,8.65E-01,1.39357492168717,3.11686748864603,0,5757,356,524,474,520,499,402,522,448,493,530,499,438,2.03,0.197,7.28,3.79,2.07,3.82
0.854110240936279,0.926521241664887,1.17050492763519,1.07942032814026,1.0850989818573,1.31167185306549,4.10E-01,6.04E-01,8.93E-01,9.29E-01,8.55E-01,5.35230519861591,5.66407252493699,0,5759,340,513,351,554,450,458,465,507,463,526,442,495,2.69,1.43,7.27,3.81,5.44,3.37
0.830350339412689,0.898816585540772,1.1997172832489,1.07626390457153,1.0681403875351,1.30134117603302,4.23E-01,5.24E-01,8.68E-01,8.96E-01,7.49E-01,2.81091606271116,3.9123617148179,0,5761,316,514,337,516,428,460,435,510,436,524,412,499,2.57,2.86,5.84,3.84,4.83,2.5
0.821513533592224,0,1.17484259605408,1.05837225914001,1.1086437702179,1.25260591506958,4.09E-01,5.32E-01,8.74E-01,9.04E-01,7.83E-01,2.7970690063814,2.97839015177111,0,5763,271,519,0,0,398,484,400,532,400,554,380,517,1.51,3.75,8.11,3.86,3.28,3.75
0.877490997314453,0.886426568031311,1.1544052362442,1.04184305667877,1.09355401992798,1.17691481113434,4.43E-01,5.80E-01,8.84E-01,9.15E-01,7.51E-01,0.51183695261288,4.66061229657944,0,5766,241,537,253,582,360,516,357,562,364,577,337,548,1.78,4.56,12.3,3.89,3.54,6.37
0.871575891971588,0.911270976066589,1.16879737377167,1.07225465774536,1.10181760787964,1.11566936969757,3.96E-01,5.59E-01,8.93E-01,9.28E-01,8.69E-01,-0.526451371195234,3.90603198831412,0,5768,213,536,215,583,350,539,334,580,334,601,322,566,1.1,3.05,14.6,3.91,1.6,5.2
0,0,0,0,1.12157559394836,0,0.00E+00,0.00E+00,0.00E+00,0.00E+00,0.00E+00,-3.8344134249485,3.93811882725648,0,5770,0,0,0,0,0,0,0,0,0,0,0,0,1.33,1.21,15.6,3.94,4.73,3.27
0,0,0,0,1.12592720985413,0,0.00E+00,1.05E+00,0.00E+00,0.00E+00,0.00E+00,0.588035828107727,3.42978267913612,0,5772,0,0,0,0,0,0,0,0,0,0,0,0,1.28,2.25,19.4,3.96,3.67,6.98
0.856751024723053,0.975254714488983,1.14732015132904,1.02675116062164,1.06673407554626,1.15717577934265,4.43E-01,5.92E-01,9.01E-01,9.13E-01,9.09E-01,2.09757650938338,8.36263238067838,0,5774,183,526,183,575,325,546,307,586,298,604,294,572,1.67,1.26,20.6,3.99,5.46,4.81
0,0,0,0,0,0,0.00E+00,0.00E+00,0.00E+00,0.00E+00,0.00E+00,-5.6584855725669,6.5697739127222,0,5776,0,0,0,0,0,0,0,0,0,0,0,0,1.05,0.909,20.7,4.01,3.03,14.3
0.836184144020081,0.917241394519806,1.1277186870575,1.05388224124908,1.07930088043213,1.15393280982971,4.26E-01,5.88E-01,9.09E-01,9.37E-01,8.21E-01,6.28441962592077,9.75203497496604,0,5778,215,462,213,519,355,478,330,525,320,553,324,501,2.68,1.01,23.5,4.04,7.95,10
0.837244689464569,0.926592826843262,1.1533305644989,1.04491484165192,1.07191503047943,1.0959495306015,4.03E-01,5.63E-01,8.97E-01,9.21E-01,8.12E-01,0.711669117964604,2.17643596452497,0,5780,178,426,180,473,328,455,303,490,294,510,296,476,2.24,3.68,22,4.06,8.11,13.5
0.844769239425659,0.93513810634613,1.14662253856659,1.01678705215454,1.0770800113678,1.16300332546234,4.16E-01,5.80E-01,9.00E-01,9.23E-01,7.88E-01,-11.3643351839475,11.9531114969001,0,5782,161,425,166,466,301,451,282,487,280,508,269,470,2.24,3.61,19.9,4.09,4.95,10.6
0.846564948558807,0.888443946838379,1.16148221492767,1.00676095485687,1.07833302021027,1.12867081165314,4.18E-01,5.86E-01,8.87E-01,9.15E-01,7.91E-01,-4.94089911254713,7.38911904755786,0,5785,163,423,167,444,298,435,288,475,294,493,270,461,1.41,2.02,16.3,4.11,5.66,3.62
0.812544763088226,0,1.10397005081177,1.02920663356781,1.07764148712158,1.14610600471497,3.93E-01,5.72E-01,8.67E-01,9.16E-01,7.54E-01,6.59603135067379,6.62772745901978,0,5787,274,416,0,0,404,384,410,439,395,466,393,417,2.45,2.99,13,4.14,2.08,24.7
0.812836349010468,0,1.09165489673615,1.05298161506653,1.06815123558044,1.14836072921753,4.17E-01,5.40E-01,8.25E-01,8.87E-01,7.75E-01,-26.5703320227664,26.6458073125212,0,5789,390,421,0,0,474,337,496,393,504,410,465,376,1.71,3.22,7.8,4.16,16.9,39.9
0.800193786621094,1.01176476478577,1.0946329832077,1.07982647418976,1.06923019886017,1.09550130367279,3.80E-01,5.43E-01,8.48E-01,9.09E-01,7.99E-01,1.13312523611206,8.98620109062594,0,5791,449,337,465,364,543,258,571,304,582,329,539,297,15.4,9.64,4.46,4.19,17.4,42.8
0.78583550453186,0.91036182641983,1.0571745634079,1.02767848968506,1.04714488983154,1.10317647457123,3.96E-01,5.78E-01,7.93E-01,8.69E-01,7.42E-01,-2.48529238557249,32.7311810147399,0,5793,434,256,418,257,473,146,511,192,499,193,483,191,10.2,10.8,1.9,4.21,35.7,31.5
0.810207426548004,0.938053071498871,1.05774891376495,1.00902497768402,1.06100165843964,0.935084760189056,4.00E-01,6.05E-01,8.89E-01,8.30E-01,8.42E-01,2.33516676043555,2.43887919907681,0,5795,364,280,349,256,394,166,427,215,465,197,413,219,10.8,13.1,4.03,4.24,7.11,32
0,0,0,0,0,0,0.00E+00,0.00E+00,0.00E+00,0.00E+00,0.00E+00,-1.9537920626482,3.62410108678987,0,5797,0,0,0,0,0,0,0,0,0,0,0,0,4.21,16,5.8,4.27,7.03,22.9
0.91924399137497,1.02783000469208,0,0,1.04539382457733,0.961098372936249,0.00E+00,1.04E+00,8.90E-01,0.00E+00,9.73E-01,1.07882707193997,12.7858482127146,1,5799,0,0,0,0,0,0,0,0,0,0,0,0,6.06,11,15.1,4.29,26.9,30.1
0.827822625637054,0,1.11356365680695,1.05819833278656,1.08494138717651,0.995080232620239,3.85E-01,6.17E-01,8.90E-01,8.92E-01,8.27E-01,1.76637539328658,4.38656429418916,1,5801,318,532,0,0,403,402,429,442,430,464,412,442,4.36,2.96,16.7,4.32,8.59,3.78
0.836791932582855,0.931704580783844,1.10688626766205,1.06629729270935,1.10660040378571,1.0604350566864,3.97E-01,6.44E-01,8.85E-01,9.06E-01,7.92E-01,21.5448643104431,22.884221370944,1,5803,318,495,347,475,347,371,386,395,401,384,372,408,11.4,6.63,31.9,4.34,8.99,25.5
0.838834822177887,0.896496176719666,1.09300899505615,1.0623345375061,1.11688899993896,1.088707447052,3.99E-01,6.28E-01,8.78E-01,9.15E-01,8.07E-01,5.18987461594983,14.1847921050936,1,5806,314,605,346,609,320,442,361,472,386,488,343,478,10.2,2.91,48.1,4.37,16.4,6.46
0.808458864688873,0.964285731315613,1.06833970546722,1.04817128181458,1.09438645839691,1.25699400901794,4.09E-01,6.45E-01,9.05E-01,9.26E-01,8.55E-01,-13.4401677859797,16.1232294143417,1,5808,400,590,457,594,376,435,429,445,464,472,409,464,3.97,2.35,61.4,4.39,14.3,8.39
0.833361923694611,0.890764653682709,1.07737493515015,1.04394698143005,1.09118616580963,1.33670783042908,4.17E-01,6.25E-01,8.79E-01,8.94E-01,9.44E-01,-3.03650076379761,4.0451657900802,1,5810,450,604,483,571,384,487,435,489,478,456,416,514,6.33,1.22,59.5,4.42,7.97,4.24
0,0,0,0,0,0,0.00E+00,0.00E+00,0.00E+00,0.00E+00,0.00E+00,4.52826089309892,4.92980963445305,1,5812,0,0,0,0,0,0,0,0,0,0,0,0,2.7,1.46,67.8,4.44,2.57,7.07
0.831591308116913,0,1.06165778636932,1.03878545761108,1.06304442882538,1.62017226219177,3.90E-01,5.80E-01,9.00E-01,8.94E-01,8.82E-01,1.78766267490668,1.81493855728939,1,5814,721,413,0,0,585,327,627,302,681,294,615,328,7.5,1.73,71.3,4.47,25.7,18.4
0.858843445777893,0.904169738292694,1.05020558834076,1.05636358261108,1.06159245967865,1.60584831237793,4.37E-01,6.22E-01,9.55E-01,9.36E-01,8.11E-01,-4.14245769774904,18.9060602463801,1,5816,277,472,273,448,139,419,179,394,197,350,182,425,4.76,2.47,61.4,4.49,10.1,14.4
0.868001461029053,0.335098087787628,1.04196166992188,1.0384601354599,1.06423950195313,1.71278214454651,4.37E-01,5.96E-01,9.65E-01,9.43E-01,0.00E+00,4.0631849554728,20.1001162598633,1,5818,330,489,271,474,183,448,218,420,250,377,217,447,9.98,5.17,55,4.52,11.2,29.7
0.864379346370697,0.909781396389008,1.06917333602905,1.03057646751404,1.07580721378326,1.81702649593353,4.43E-01,5.73E-01,9.40E-01,9.48E-01,7.83E-01,1.27176565492664,12.295861509146,1,5820,384,492,385,465,239,461,274,425,300,380,277,459,4.73,4.93,52,4.54,8.12,18.1
0.857880413532257,0.938144326210022,1.08880615234375,1.05440557003021,1.06713128089905,1.93553686141968,4.38E-01,6.01E-01,9.12E-01,9.16E-01,8.24E-01,9.28122061346624,11.4433092907301,1,5822,387,508,383,455,240,474,275,439,294,400,279,470,4.34,2.75,36.5,4.57,8.38,13.6
0.892561435699463,0.938106775283814,1.08252263069153,1.03952789306641,1.04583525657654,1.97395944595337,4.67E-01,5.20E-01,8.78E-01,1.05E+00,8.29E-01,5.73358344550433,22.565227269901,1,5825,399,424,390,460,267,458,300,414,304,388,310,446,8.25,2.28,26.1,4.59,13.4,21.7
0.895482182502747,0.896475791931152,1.09168469905853,1.01854360103607,1.06606411933899,2.10693621635437,4.41E-01,6.24E-01,8.31E-01,9.19E-01,7.93E-01,-13.3167723899211,27.4260655612984,1,5827,441,432,431,455,317,446,355,403,351,378,363,431,5.06,2.24,15.2,4.62,9.9,15
0.857944488525391,0,1.08739459514618,1.0353307723999,1.08880627155304,2.40818667411804,4.24E-01,6.42E-01,9.28E-01,9.41E-01,7.88E-01,-4.07351037278621,4.4784583238873,1,5829,499,433,0,0,356,453,377,408,366,369,390,433,7.27,4.31,22.4,4.64,4.01,14.9
0.849823236465454,0.935395002365112,1.09435749053955,1.02618932723999,1.07787656784058,2.22077322006226,4.09E-01,5.50E-01,9.45E-01,9.30E-01,7.49E-01,2.19828222258518,2.65620400096091,1,5831,518,421,507,373,366,452,382,406,400,352,398,436,8.03,2.77,20.2,4.67,2.97,20.2
0.840219020843506,0.918009400367737,1.11694180965424,1.02384948730469,1.06013011932373,2.16788482666016,4.16E-01,5.25E-01,9.32E-01,9.43E-01,7.99E-01,3.82274730195739,5.59945446724314,1,5833,526,447,516,419,392,453,414,403,414,356,427,436,3.14,7.9,19.5,4.69,0.958,12.1
0.85241037607193,0.978334486484528,1.09894609451294,1.00666999816895,1.0624041557312,2.36259531974792,3.90E-01,5.59E-01,8.93E-01,9.69E-01,7.98E-01,0.10132321930756,11.3746224202446,1,5835,536,461,526,416,393,457,417,409,421,376,431,437,0.934,6.39,20.1,4.72,9.09,6.16
0.835571527481079,0.886880993843079,1.09663808345795,1.02242469787598,1.0515079498291,2.36422610282898,4.14E-01,5.69E-01,9.37E-01,9.63E-01,7.37E-01,-4.41750548622396,5.52590557045591,1,5837,553,459,543,438,412,500,424,451,423,407,439,478,3.23,3.48,22.6,4.74,1.73,6.95
0.857749044895172,0.925066888332367,1.12855219841003,1.03320682048798,1.0617915391922,2.3552713394165,4.13E-01,5.79E-01,8.89E-01,9.22E-01,8.31E-01,4.49988591523582,13.68790507242,1,5839,610,493,604,443,465,516,476,464,491,425,494,494,3.56,2.46,21.6,4.77,7.14,13.5
0.85834401845932,0.939051926136017,1.10604119300842,1.01625239849091,1.06333196163178,2.39176821708679,3.96E-01,6.16E-01,9.14E-01,9.31E-01,8.48E-01,1.30240764968303,5.30421295921588,1,5841,609,498,603,482,467,524,478,475,477,448,498,498,3.64,3.25,22,4.8,8.41,8.84
0.851624310016632,0.928272247314453,1.07747662067413,1.00826847553253,1.03963434696198,2.44613361358643,4.09E-01,5.55E-01,9.17E-01,9.26E-01,8.10E-01,-5.59297613950024,11.1016461967337,1,5844,643,481,627,439,507,540,511,486,517,447,528,510,1.04,3.69,29.2,4.82,5.75,1.75
0.871912479400635,0.93993490934372,1.10552215576172,1.00490701198578,1.04326844215393,2.3816192150116,3.99E-01,5.80E-01,9.08E-01,9.44E-01,8.27E-01,1.50816435963389,3.96046105428961,1,5846,676,490,670,467,538,514,549,462,548,430,570,484,0.512,1.52,30.5,4.85,5.23,12.9
0.864196717739105,0.95363849401474,1.11209464073181,1.00433814525604,1.05705201625824,2.43399977684021,3.94E-01,6.29E-01,9.07E-01,9.58E-01,8.07E-01,-2.60718989557543,5.66665842403648,1,5848,654,481,633,441,512,525,517,478,512,450,539,497,4.86,3.96,30.3,4.87,4.64,19.4
0,0,0,0,0,0,0.00E+00,0.00E+00,0.00E+00,0.00E+00,0.00E+00,6.11385605621416,10.3439834693085,1,5850,0,0,0,0,0,0,0,0,0,0,0,0,5.25,0.262,32.6,4.9,13,9.92
0.866024017333984,0.907949805259705,1.13322460651398,1.00043058395386,1.04220998287201,2.45777225494385,4.08E-01,5.36E-01,8.99E-01,9.94E-01,8.01E-01,-0.254898369510509,0.317182908063879,1,5852,483,466,472,454,350,502,355,451,352,425,375,472,3.1,1.1,30.2,4.92,1.17,11.4
0.867902159690857,0.897605717182159,1.16055965423584,1.05773997306824,1.04848039150238,2.47846674919128,3.99E-01,5.66E-01,8.96E-01,1.00E+00,8.18E-01,33.0861886661744,40.4842712134798,1,5854,478,474,462,440,329,503,339,458,343,432,358,475,10.3,8.87,28.8,4.95,23.4,22.1
0.851438701152802,0.897895574569702,1.14320039749146,0.994493126869202,1.05728757381439,2.50418519973755,4.12E-01,6.16E-01,8.81E-01,9.81E-01,7.88E-01,-20.7516816148301,34.4118035838718,1,5856,441,471,427,458,297,513,303,466,293,445,324,486,4.86,9,28.7,4.97,13.1,34.7
0.859441518783569,0.887879967689514,1.17379319667816,0.991542220115662,1.03670513629913,2.51598882675171,4.02E-01,5.71E-01,8.49E-01,9.80E-01,7.66E-01,28.9781967281939,32.8824083571853,0,5858,453,451,423,417,325,518,323,463,317,444,348,485,5.61,8.67,25.1,5,31.1,15.8
0.882010161876678,0.95756721496582,1.18433439731598,0.997967958450317,1.04146957397461,2.45561051368713,3.93E-01,5.50E-01,8.86E-01,9.83E-01,8.08E-01,14.0683427971212,20.7531940154788,0,5860,477,449,469,438,342,504,345,451,345,429,364,471,4.08,0.882,25,5.02,12,23.5
0.870774686336517,0.942666053771973,1.18907594680786,1.00869119167328,1.0424736738205,2.37754583358765,3.92E-01,5.57E-01,8.88E-01,9.94E-01,8.33E-01,-18.5341577179947,29.6709151907643,0,5863,482,448,456,420,336,506,341,458,337,434,362,474,5.56,5.93,20.8,5.05,23.4,28.7
0.86541211605072,0,1.17608797550201,0.997299611568451,1.04403698444366,2.44538521766663,3.99E-01,6.60E-01,8.75E-01,9.64E-01,7.82E-01,5.12858308159281,6.31761367181605,0,5865,517,433,0,0,376,495,379,447,376,423,400,463,10.7,8.43,19.1,5.07,11.4,7.35
0.887668788433075,0.926243543624878,1.16204428672791,1.06301116943359,1.05720198154449,2.32980370521545,4.08E-01,5.87E-01,8.50E-01,9.00E-01,8.33E-01,13.5392702870237,24.871981726015,0,5867,566,334,574,369,496,442,482,390,471,378,506,402,5.64,12.9,19.5,5.1,31.7,29.5
0.865035891532898,0.923728823661804,1.17117738723755,0.976847112178803,1.02389371395111,2.3924617767334,3.85E-01,5.43E-01,8.41E-01,9.54E-01,7.43E-01,13.7139688169366,13.8680634210722,0,5869,575,331,539,307,478,441,459,390,448,358,492,403,11.7,8.57,17.3,5.12,8.15,13.2
0.875878393650055,0,1.14388942718506,0.988994300365448,1.03710103034973,2.18194007873535,3.77E-01,5.22E-01,8.65E-01,9.93E-01,7.88E-01,-10.4127474461803,11.3561680518197,0,5871,482,375,0,0,364,460,355,405,359,378,378,421,2.15,7.54,15.4,5.15,10.1,14.3
0.883120119571686,0,1.10401701927185,0.977196455001831,1.01070368289948,2.1256320476532,4.26E-01,5.44E-01,8.91E-01,9.24E-01,8.23E-01,-1.87061112072774,2.03967065954937,0,5873,398,393,0,0,302,486,280,437,282,406,313,448,3.19,11.2,16.1,5.17,8.48,9.77
0,0,0,0,0,0,0.00E+00,0.00E+00,0.00E+00,0.00E+00,0.00E+00,2.40808104018903,9.95816895979895,0,5875,0,0,0,0,0,0,0,0,0,0,0,0,5.81,11.4,21,5.2,8.72,21.9
0.882175028324127,0,1.10688459873199,0.976371467113495,1.00583171844482,1.85524034500122,4.38E-01,5.81E-01,8.46E-01,9.68E-01,8.18E-01,7.44965678976209,9.20378452806809,0,5877,253,509,0,0,111,550,121,497,128,466,144,521,4.56,6.44,27.7,5.22,6.64,7.38
0,0,0,0,0,0,0.00E+00,0.00E+00,0.00E+00,0.00E+00,0.00E+00,14.139223938935,14.2642674186639,0,5879,0,0,0,0,0,0,0,0,0,0,0,0,4.36,6.49,41.8,5.25,29.4,11.5
0,0,0,0,0,0,0.00E+00,0.00E+00,0.00E+00,0.00E+00,0.00E+00,-4.11619580955907,6.41285916834166,0,5881,0,0,0,0,0,0,0,0,0,0,0,0,3.43,6.62,49.5,5.28,12.1,23.4
0,0,0,0,0,0,0.00E+00,0.00E+00,0.00E+00,0.00E+00,0.00E+00,-4.40584753438792,6.05842665109508,0,5884,0,0,0,0,0,0,0,0,0,0,0,0,8.07,9.38,60.5,5.3,4.31,7.75
0,0,0,0,0,0,0.00E+00,0.00E+00,0.00E+00,0.00E+00,0.00E+00,5.30769164659929,10.6934113266222,0,5886,0,0,0,0,0,0,0,0,0,0,0,0,2.21,12.9,65.1,5.33,5.68,19.7
0.862467348575592,0.896682441234589,1.07833564281464,0.967335760593414,0,1.8062698841095,4.00E-01,6.31E-01,8.78E-01,9.94E-01,8.03E-01,-0.004920633387588,1.88643069238629,0,5888,165,566,214,602,134,429,184,436,0,0,165,456,0.302,10.3,70.3,5.35,10.3,3.02
0,0,0,0,0,0,0.00E+00,0.00E+00,0.00E+00,0.00E+00,0.00E+00,-7.12611370291628,7.90496034400051,0,5890,0,0,0,0,0,0,0,0,0,0,0,0,3,13.1,67.3,5.38,8.13,13.9
0.85579639673233,0,1.09160113334656,0.974196434020996,1.03410804271698,1.69553339481354,3.84E-01,5.78E-01,9.00E-01,9.41E-01,7.86E-01,1.50279460626032,5.77919044493902,0,5892,216,415,0,0,205,260,254,276,285,301,229,290,10.8,9.12,61.5,5.4,4.91,31.1
0.85207998752594,0.969098687171936,1.08435547351837,0.979625046253204,1.02619659900665,1.52012264728546,3.97E-01,5.92E-01,8.26E-01,8.93E-01,7.97E-01,0.249380403853999,0.548957585558317,0,5894,265,248,211,244,215,142,256,170,293,152,241,178,3.98,5.46,57.8,5.43,5.22,15.2
0.836430430412293,0.974025964736939,1.0333137512207,0.98134458065033,1.00019884109497,1.57261741161346,4.16E-01,6.46E-01,7.57E-01,7.78E-01,8.12E-01,3.95712125427762,4.22308626420127,0,5896,246,190,257,204,276,65,319,99.4,336,121,289,102,6.96,2.35,53.6,5.45,10.3,19.5
0.843224048614502,0.930232584476471,1.04279279708862,0.988609790802002,1.00552976131439,1.6686624288559,3.98E-01,5.50E-01,8.25E-01,9.25E-01,8.73E-01,-4.34077869044551,4.91404572264857,0,5898,223,299,256,289,269,182,313,219,334,225,284,225,4.48,2.1,55.2,5.48,9.01,47.4
0.824297308921814,0.93310546875,1.05004048347473,0.979245185852051,1.05663132667542,1.52200818061829,3.98E-01,5.90E-01,8.71E-01,9.32E-01,8.06E-01,-8.93219154466516,10.1790966596761,0,5900,237,266,263,265,292,146,335,183,355,194,309,181,14.5,12.8,58.9,5.5,5.37,16.5
0,0,0,0,0,0,0.00E+00,0.00E+00,0.00E+00,0.00E+00,0.00E+00,-2.34635558474781,7.27356142663585,0,5903,0,0,0,0,0,0,0,0,0,0,0,0,1.12,19.8,60.9,5.53,3.64,1.77
0,0,0,0,0,0,0.00E+00,0.00E+00,0.00E+00,0.00E+00,0.00E+00,5.42624878806387,5.46889197755841,0,5905,0,0,0,0,0,0,0,0,0,0,0,0,3.3,13.6,61.9,4.84,4.09,6.22
0.812158524990082,0.922379493713379,1.08865928649902,1.03388452529907,1.05067932605743,1.52209115028381,3.74E-01,5.57E-01,8.56E-01,9.05E-01,7.62E-01,-14.1708354871436,14.4555890269128,0,5907,377,579,413,563,337,416,380,430,404,445,360,441,1.53,7.06,57.1,4.16,7.62,6.26
0.791592717170715,0.8829385638237,1.05072486400604,1.01724302768707,1.02564907073975,1.49111080169678,4.09E-01,5.46E-01,8.33E-01,9.02E-01,7.46E-01,-1.32609570025833,6.95103803133737,0,5909,404,605,437,579,335,469,386,471,417,470,363,499,3.37,8.63,38.9,3.47,2.98,8.85
0.797121047973633,0.931643605232239,1.06304049491882,1.00389909744263,1.02676165103912,1.38534009456635,4.13E-01,5.69E-01,8.28E-01,9.09E-01,8.41E-01,-3.60050676657488,3.73369891729267,0,5911,442,619,476,591,366,493,416,495,459,477,394,523,5.29,5.11,20.6,2.78,6.22,20.3
0,0,0,0,0,0,0.00E+00,0.00E+00,0.00E+00,0.00E+00,0.00E+00,-15.4400737994128,15.4670479329868,0,5913,0,0,0,0,0,0,0,0,0,0,0,0,5.35,2.42,6.3,1.55,9.33,11
0,0,0,0,0,0,0.00E+00,0.00E+00,0.00E+00,0.00E+00,0.00E+00,6.89940611478315,7.44286866121376,0,5915,0,0,0,0,0,0,0,0,0,0,0,0,8.07,2.19,26.6,1.24,8.31,17.6
0.825081884860992,0.887711882591248,1.05716979503632,0.979517757892609,1.04865264892578,1.28954839706421,3.71E-01,5.82E-01,8.72E-01,9.09E-01,7.78E-01,-10.3435397978255,10.6896657821865,0,5917,430,538,467,497,342,416,391,412,425,392,376,437,3.9,5.38,46.6,1.22,5.28,19
0.822345852851868,0,1.04206275939941,0.983230531215668,1.0015230178833,1.36247396469116,4.00E-01,5.04E-01,8.25E-01,8.78E-01,8.28E-01,-22.615123967686,23.4794092153736,0,5919,410,526,0,0,324,401,373,387,432,407,351,413,5.29,5.54,56.6,-0.166,18.9,8.49
0.81642746925354,0.946918606758118,1.06323349475861,0.979408621788025,1.05539584159851,1.31053924560547,3.98E-01,6.62E-01,8.45E-01,8.84E-01,7.89E-01,13.5518933084891,15.6092019906224,0,5922,424,441,423,476,412,300,460,310,472,319,443,332,3.9,2.41,71.8,1.21,28.5,8.41
0,0,0,0,0,0,0.00E+00,0.00E+00,0.00E+00,0.00E+00,0.00E+00,4.37680629832641,10.3928240447421,0,5924,0,0,0,0,0,0,0,0,0,0,0,0,5.94,8.01,73.4,0.899,7.17,15.4
0.849281966686249,0.919283747673035,1.04339778423309,0.978616833686829,1.04326069355011,1.24272072315216,4.13E-01,6.05E-01,8.81E-01,8.98E-01,8.21E-01,18.2273584038792,23.145789183324,0,5926,317,547,362,534,327,415,376,433,419,427,346,448,6.92,2.93,68.2,0.792,14.6,19.2
0,0,0,0,0,0,0.00E+00,0.00E+00,0.00E+00,0.00E+00,0.00E+00,0.95056786842022,1.5851540522549,0,5928,0,0,0,0,0,0,0,0,0,0,0,0,8.94,10.8,61.9,2.04,5.35,16.2
0,0,0,0,0,0,0.00E+00,0.00E+00,0.00E+00,0.00E+00,0.00E+00,20.9316106721567,21.0330379336368,0,5930,0,0,0,0,0,0,0,0,0,0,0,0,16.7,21.2,58.5,2.83,30.7,23.8
0,0,0,0,0,0,0.00E+00,0.00E+00,0.00E+00,0.00E+00,0.00E+00,5.24194803032365,15.9638705001622,0,5932,0,0,0,0,0,0,0,0,0,0,0,0,15.9,26.5,48.6,4.34,19.6,51.8
0.866515457630158,0.893465936183929,1.07678520679474,1.03662037849426,0,1.1811820268631,4.29E-01,6.12E-01,9.02E-01,8.56E-01,8.82E-01,-10.279127186919,16.882891968916,0,5934,300,651,310,667,391,548,420,584,0,0,391,586,22.8,14.5,38.8,3.66,20.6,40.1
0.839270114898682,0.925225615501404,1.0641223192215,0.983316421508789,1.02273523807526,1.17437982559204,3.62E-01,6.21E-01,8.71E-01,9.33E-01,8.26E-01,14.3503504309961,14.621936211176,0,5936,248,556,275,569,348,457,368,497,384,508,346,498,5.42,16,44,3.23,14.7,63.1
0.854884803295136,0.880165278911591,1.0668557882309,0.9756178855896,1.02758872509003,1.1465368270874,3.96E-01,6.24E-01,8.68E-01,9.28E-01,8.33E-01,-20.2197141645436,21.9944082464631,0,5938,210,564,259,550,287,450,315,476,339,476,295,488,14.3,17.8,47.7,3.35,31.2,17.3
0.878132700920105,0.916106462478638,1.02124166488647,0.984006881713867,1.05403387546539,1.14954519271851,3.89E-01,6.03E-01,8.87E-01,9.21E-01,8.36E-01,-34.3530582202166,42.0039301281347,0,5941,315,617,347,540,344,484,360,503,368,428,339,522,8.35,13.4,63.9,4.03,42.2,22.4
0,0,0,0,0,0,0.00E+00,0.00E+00,0.00E+00,0.00E+00,0.00E+00,-0.606969968988955,17.6819200762477,0,5943,0,0,0,0,0,0,0,0,0,0,0,0,9.1,2.2,81.7,4.05,17.1,17.3
0.819888114929199,0,1.05424726009369,0.966579139232636,1.0322699546814,1.20946860313416,3.66E-01,5.88E-01,8.99E-01,9.30E-01,8.29E-01,27.8177905104248,29.1156715930437,0,5945,642,423,0,0,608,273,660,279,678,276,635,299,5.14,4.49,106,3.58,12.3,36.8
0,0,0,0,0,0,0.00E+00,0.00E+00,0.00E+00,0.00E+00,0.00E+00,-18.174998012742,18.3356355803977,0,5947,0,0,0,0,0,0,0,0,0,0,0,0,11.1,2.74,122,3.46,26.9,30.7
0,0,0,0,0,0,0.00E+00,0.00E+00,0.00E+00,0.00E+00,0.00E+00,-7.59217328477859,8.27525748386179,0,5949,0,0,0,0,0,0,0,0,0,0,0,0,2.15,12.6,136,3.66,8.66,25.3
0,0,0,0,0,0,0.00E+00,0.00E+00,0.00E+00,0.00E+00,0.00E+00,-0.283764215252019,1.95032452515424,0,5951,0,0,0,0,0,0,0,0,0,0,0,0,3.13,5.52,150,4.04,1.66,9.43
0,0,0,0,0.911007046699524,0,0.00E+00,0.00E+00,0.00E+00,0.00E+00,0.00E+00,-2.66245234865133,2.92634266127441,0,5953,0,0,0,0,0,0,0,0,0,0,0,0,3.08,3.78,155,3.07,10.7,38.7
0.85407829284668,0.883185863494873,1.01994168758392,1.0960214138031,1.01787161827087,0.946958243846893,4.65E-01,5.82E-01,9.02E-01,8.92E-01,8.77E-01,1.15846141205408,2.98780837197688,0,5955,0,0,0,0,0,0,0,0,0,0,0,0,4.93,4.88,150,4.06,22.8,29.1
0.818255305290222,0,1.03449165821075,1.03853929042816,1.05704128742218,1.06374669075012,3.88E-01,6.76E-01,8.84E-01,9.14E-01,7.79E-01,-6.29065452290686,6.59426251044243,0,5957,287,585,0,0,347,471,382,510,433,516,345,516,7.54,15,141,4.22,4.65,40.6
0.758231937885284,0,1.03860664367676,1.02280366420746,1.05676674842834,1.09218859672546,3.27E-01,5.62E-01,8.50E-01,9.14E-01,8.38E-01,-10.0801326749679,10.8307617016483,0,5959,431,180,0,0,559,95.9,562,153,561,184,557,133,6.6,8.37,127,3.63,14.5,26.8
0,0,0,0,0,0,0.00E+00,0.00E+00,0.00E+00,0.00E+00,0.00E+00,-3.28914875181498,4.55450415165502,0,5962,0,0,0,0,0,0,0,0,0,0,0,0,2.12,3.81,96.7,3.5,5.82,13.9
0,0,0,0,0,0,0.00E+00,0.00E+00,0.00E+00,0.00E+00,0.00E+00,6.28369220628156,6.56430311991914,0,5964,0,0,0,0,0,0,0,0,0,0,0,0,3.38,5.81,77.1,3.18,12.2,6.04
0.785769104957581,0,1.04102885723114,1.09937918186188,1.11970186233521,1.06238853931427,3.54E-01,5.72E-01,8.62E-01,8.81E-01,7.75E-01,2.81844440721673,4.05479814166451,0,5966,526,257,0,0,659,230,664,280,652,299,639,267,4.46,6.89,56,3.28,3.32,6.11
0.83967912197113,0.915809154510498,1.0817939043045,1.06711959838867,1.10115313529968,1.03284776210785,3.37E-01,5.69E-01,8.52E-01,9.01E-01,7.79E-01,-4.32286249296695,7.1733245027921,0,5968,339,224,361,265,475,186,478,223,491,243,455,219,0.916,5.22,34,3.23,5.51,6.53
0,0,0,0,0,0,0.00E+00,0.00E+00,0.00E+00,0.00E+00,0.00E+00,3.7688727040418,3.84266902249052,0,5970,0,0,0,0,0,0,0,0,0,0,0,0,0.678,9.41,20.3,3,6.69,7.34
0.839186012744904,0.934897780418396,1.04264557361603,1.09430968761444,1.10708224773407,1.0471602678299,3.57E-01,5.86E-01,8.69E-01,9.24E-01,8.10E-01,-7.83549886757761,8.40715253022725,0,5972,360,643,403,657,456,545,484,581,505,587,460,582,1.34,0.646,8.94,2.87,3.56,6.62
0.855315804481506,0.916721284389496,1.029425740242,1.06058621406555,1.09854507446289,1.00950706005096,3.67E-01,6.09E-01,8.67E-01,9.09E-01,8.03E-01,4.35674963561057,4.40010344068152,0,5974,352,682,408,703,449,568,474,606,493,620,447,605,0.546,2.58,18,3.18,4.69,3.57
0,0,0,0,0.892720282077789,0,0.00E+00,0.00E+00,0.00E+00,0.00E+00,0.00E+00,7.64567594481666,8.03250694474042,0,5976,0,0,0,0,0,0,0,0,0,0,0,0,2.5,1.06,28.4,3.04,6.36,11.8
0,0,0,0,0,0,0.00E+00,0.00E+00,0.00E+00,0.00E+00,0.00E+00,1.90236281395567,2.53699857244343,1,5978,0,0,0,0,0,0,0,0,0,0,0,0,2.37,3.42,36.1,3.15,1.64,14.5
0.820798277854919,0.92641407251358,1.0567581653595,1.08466470241547,1.07383692264557,1.03162336349487,3.50E-01,5.82E-01,8.42E-01,8.84E-01,8.00E-01,-12.2362533577956,12.4302576872729,1,5981,335,512,389,508,387,373,422,395,444,391,395,410,0.838,2.54,42.5,3.21,9.23,3.49
0,0,0,0,0,0,0.00E+00,0.00E+00,0.00E+00,0.00E+00,0.00E+00,6.47407601777681,6.99261931630454,1,5983,0,0,0,0,0,0,0,0,0,0,0,0,1.75,1.47,42.8,2.98,5.84,6.1
0.795137524604797,0.92801821231842,1.06553363800049,1.08044791221619,1.11317110061646,1.02495729923248,3.45E-01,6.09E-01,8.46E-01,9.03E-01,7.65E-01,-3.90342754687087,4.35907599955982,1,5985,380,457,413,441,402,310,439,328,457,320,419,345,2.24,0.382,46.1,3.17,5.31,7.88
0,0,0,0,0,0,0.00E+00,0.00E+00,0.00E+00,0.00E+00,0.00E+00,9.31610829789541,9.57675049460297,1,5987,0,0,0,0,0,0,0,0,0,0,0,0,1.15,0.71,43.4,3.11,7.82,6.54
0.831378519535065,0.889561295509338,1.05604028701782,1.0875917673111,1.07286500930786,1.1970626115799,3.58E-01,5.55E-01,8.55E-01,9.01E-01,7.43E-01,-7.98216758108821,8.35614064865052,1,5989,414,382,436,350,418,232,459,247,479,237,437,265,0.172,1.08,43,3.12,8.37,3.97
0.824835002422333,0.952595949172974,1.06296443939209,1.08312928676605,1.09762859344482,1.27048480510712,3.43E-01,5.71E-01,8.65E-01,9.00E-01,7.81E-01,7.50290158041753,7.60255790945287,1,5991,389,428,410,424,406,269,442,291,460,294,423,306,0.568,0.746,39.6,3.29,3.49,6.8
0.859794020652771,0.903925597667694,1.08315169811249,1.1030148267746,1.07167387008667,1.34101784229279,3.55E-01,5.69E-01,8.59E-01,8.95E-01,7.94E-01,3.311227394095,3.78254458904506,1,5993,434,490,467,469,436,336,474,349,480,342,458,366,2.72,2.02,32.7,3.08,3.37,2
0,0,0,0,0,0,0.00E+00,0.00E+00,0.00E+00,0.00E+00,0.00E+00,17.2345216836093,17.8177088189076,1,5995,0,0,0,0,0,0,0,0,0,0,0,0,9.1,5.85,27.8,3.3,22.9,29
0.837448418140411,0.9013671875,1.0235652923584,1.08884382247925,1.05763137340546,1.58745086193085,3.59E-01,5.55E-01,8.56E-01,8.93E-01,7.49E-01,2.03220114493225,3.83158177119202,1,5997,441,331,458,318,446,172,481,189,476,190,467,206,1.47,3.06,22.6,3.36,1.99,6.59
0.838068068027496,0.911668479442596,1.05055844783783,1.11439657211304,1.04290962219238,1.5027095079422,3.38E-01,5.54E-01,8.49E-01,8.97E-01,7.77E-01,5.08340253308342,5.91292262141559,1,6000,442,340,465,327,445,180,481,197,479,198,466,215,0.436,0.462,19.7,3.37,8.05,1.81
0.821464717388153,0.897435903549194,1.05257523059845,1.08081007003784,1.04666125774384,1.71754705905914,3.46E-01,5.50E-01,8.41E-01,8.87E-01,7.89E-01,0.531780978839691,3.27541315683624,1,6002,434,355,454,340,444,195,477,212,480,208,463,229,2.55,1.64,13.8,3.4,2.16,5.28
0.815047144889832,0.866614639759064,1.04750120639801,1.09518194198608,1.05474674701691,1.82663321495056,3.38E-01,5.58E-01,8.47E-01,8.88E-01,7.86E-01,2.5523698519122,2.56244726568952,1,6004,434,359,429,334,443,198,476,218,477,219,462,233,1.33,1.39,11,3.39,1.99,1.94
0.791717171669006,0,1.04448211193085,1.13720905780792,1.04933214187622,1.28205919265747,3.46E-01,5.36E-01,8.69E-01,8.62E-01,7.66E-01,5.18813093941091,6.84193437112458,1,6006,393,365,0,0,431,203,459,222,461,219,447,241,0.503,4.05,12.1,3.42,1.54,2.52
0.817626118659973,0.910549700260162,1.06268835067749,1.11013770103455,1.04235768318176,1.94298911094666,3.38E-01,5.67E-01,8.54E-01,9.01E-01,8.23E-01,0.044533121703643,3.06397201538599,1,6008,432,377,463,366,447,211,479,231,481,234,465,248,0.821,0.689,9.7,3.59,2.68,5.1
0.803515553474426,0.897108852863312,1.0577883720398,1.10611379146576,1.03933918476105,1.93208205699921,3.60E-01,5.53E-01,8.46E-01,8.91E-01,7.88E-01,5.21834217647544,9.50743851950197,1,6010,432,382,457,369,445,218,477,236,480,239,465,254,4.92,2.66,12.1,3.28,12.5,23.8
0.802211105823517,0.928328514099121,1.06456124782562,1.06798589229584,1.0362936258316,1.99213433265686,3.41E-01,5.50E-01,8.47E-01,8.93E-01,8.12E-01,-2.72361365023642,7.77753670563932,1,6012,435,384,462,373,448,219,480,238,482,241,465,254,8.63,5.52,8.35,3.33,18.6,18.3
0.788611173629761,0.940759658813477,1.06222176551819,1.08754372596741,1.05345344543457,2.15134835243225,3.46E-01,5.62E-01,8.42E-01,8.80E-01,7.94E-01,-0.031063472539775,3.73222707065507,1,6014,433,392,460,379,447,222,479,243,483,245,465,258,6.23,4.28,6.21,3.3,3.67,22.2
0.824936449527741,0,1.03524053096771,1.07158195972443,1.04770743846893,1.9125714302063,3.57E-01,5.43E-01,7.63E-01,9.19E-01,7.45E-01,5.23012040380009,5.95399045858811,1,6016,341,292,0,0,399,145,419,159,395,126,407,188,8.26,2.3,4.83,3.36,4.81,19.9
0,0,0,0,0,0,0.00E+00,0.00E+00,0.00E+00,0.00E+00,0.00E+00,0.006578223521674,5.56296671841126,1,6019,0,0,0,0,0,0,0,0,0,0,0,0,2.61,1.43,2.08,3.78,7.55,6.39
0.79706996679306,0.921046912670136,1.08668100833893,1.07177233695984,1.03465390205383,2.11124396324158,3.57E-01,5.80E-01,8.38E-01,8.66E-01,7.55E-01,1.32347131917566,2.48715191705132,1,6021,245,434,284,431,312,279,336,306,344,310,315,320,3.19,3.94,7.41,3.6,3.05,9.05
0.78075248003006,0.906648457050324,1.57208454608917,1.09199965000153,1.0297144651413,1.94565665721893,3.56E-01,5.91E-01,8.17E-01,8.50E-01,8.06E-01,3.15504860736782,3.85247438311671,1,6023,255,448,293,443,317,283,344,315,351,319,323,326,0.859,2.59,11.3,3.91,8.99,8.85
0.790815353393555,0.929817974567413,1.75633323192596,1.06064760684967,1.039910197258,2.10224652290344,3.54E-01,5.91E-01,8.34E-01,8.52E-01,7.95E-01,-9.77378452073982,10.0875413569064,1,6025,260,448,299,445,317,282,345,314,354,321,322,325,0.663,3.79,15.3,3.77,12.4,3.62
0.778403401374817,0.920370399951935,1.07345652580261,1.05910539627075,1.0478413105011,2.05097222328186,3.59E-01,5.76E-01,8.32E-01,8.83E-01,8.25E-01,4.14920270629115,4.21218987122875,1,6027,260,446,297,444,320,284,347,313,359,322,324,325,2.61,3.03,18.9,3.82,5.65,3
2.13816666603088,0.918505966663361,0.759083092212677,1.09823846817017,0.888054609298706,0.929178476333618,3.71E-01,5.74E-01,1.91E+00,1.08E+00,7.91E-01,-9.80363690361236,11.1287183621476,1,6029,0,0,0,0,0,0,0,0,0,0,0,0,1.53,3.93,24.3,3.85,8.88,3.72
0.795298516750336,0.896801710128784,1.66881108283997,1.0350513458252,1.04651355743408,2.19121170043945,3.73E-01,5.63E-01,8.03E-01,8.38E-01,7.79E-01,12.0189295242464,12.2717571881229,1,6031,173,313,227,305,269,183,289,215,302,197,266,225,0.538,1.68,21.9,4.04,7.13,0.916
0.787814974784851,0.905708789825439,1.7532445192337,1.03369235992432,1.03959131240845,2.11194205284119,3.49E-01,6.26E-01,8.26E-01,8.49E-01,7.88E-01,5.05970566219378,6.71375478297093,1,6033,172,335,217,342,268,191,288,227,302,237,260,232,2.94,0.142,26.3,4.3,1.73,7.19
0.770569503307343,0.915038228034973,1.75307631492615,1.05890333652496,1.04452991485596,2.2118239402771,3.41E-01,5.52E-01,8.28E-01,8.49E-01,8.08E-01,2.36638619357072,3.87926357010131,1,6035,452,348,488,350,544,198,566,235,579,247,541,239,2.68,2.79,29.9,4.17,5.51,5.8
0.796815276145935,0.886956512928009,1.78734946250916,1.04284501075745,1.03999388217926,2.38008761405945,3.38E-01,5.68E-01,8.21E-01,8.30E-01,8.14E-01,-1.46733362474038,1.85025138624231,1,6038,286,335,324,339,386,194,406,230,410,231,383,235,1.31,2.36,31.3,4.26,2.13,3.87
0.783536612987518,0.920430123806,1.74784910678864,1.02394902706146,1.02660405635834,2.24567031860352,3.34E-01,5.39E-01,8.32E-01,8.26E-01,7.40E-01,5.77413477901749,6.44692112422111,0,6040,289,221,339,242,404,81.6,420,117,432,144,392,122,0.194,3.17,28.5,4.21,1.04,4.49
0.765433847904205,0,1.62631547451019,1.01321363449097,1.04198729991913,2.18278670310974,3.45E-01,5.69E-01,8.00E-01,8.27E-01,7.26E-01,-0.433498601484265,0.745283403385534,0,6042,288,219,0,0,406,88.7,422,128,440,158,393,128,0.555,3.12,31.6,4.34,3.05,11.4
0.786344647407532,0.905099630355835,1.82837915420532,1.01444792747498,1.04524803161621,2.08764505386353,3.47E-01,5.31E-01,8.29E-01,8.25E-01,7.73E-01,17.5981271927987,18.068158749403,0,6044,322,308,367,324,436,173,452,213,466,230,424,213,1.76,2.13,30.4,4.34,17.5,10.3
0.805195510387421,0.899209022521973,1.84986364841461,1.01255810260773,1.03822207450867,1.98574531078339,3.41E-01,5.50E-01,8.35E-01,8.47E-01,7.73E-01,-5.00637783980025,5.60852381512039,0,6046,332,311,371,326,438,169,455,214,473,232,429,212,2.24,1.42,30.6,4.21,4.7,13.8
0.8098184466362,0.91880339384079,1.81315684318542,1.03396034240723,1.03655469417572,1.87628197669983,3.53E-01,5.57E-01,8.13E-01,8.59E-01,8.80E-01,0.818793020998157,4.99095476023698,0,6048,334,349,385,342,439,227,455,263,474,242,432,268,0.632,3.54,29.9,4.32,2.17,4.56
0.790932059288025,0.920267462730408,1.84333431720734,1.02087879180908,1.04027009010315,2.17620372772217,3.54E-01,5.73E-01,8.44E-01,8.63E-01,7.77E-01,-7.28707835488683,8.13303606225693,0,6050,331,372,386,388,439,236,456,276,473,290,430,280,1.39,2.75,29.6,4.07,6.06,5.14
0.796390414237976,0.92456716299057,1.80085611343384,1.00574767589569,1.0337005853653,2.01505780220032,3.59E-01,5.61E-01,8.43E-01,8.59E-01,7.96E-01,-4.92953049437637,5.04196026956485,0,6052,345,284,370,295,466,160,479,201,501,220,450,198,0.482,2.84,26.6,4.22,1.94,4.93
0.782683432102203,0.918066143989563,1.78688406944275,1.00682091712952,1.03262233734131,1.97462439537048,3.55E-01,5.71E-01,8.19E-01,8.56E-01,8.12E-01,-7.36591750152164,7.69895471664609,0,6054,360,251,379,247,477,140,492,178,523,187,463,178,0.379,3.95,22.5,4.33,3.73,1.41
0.790014684200287,0.903872013092041,1.56967580318451,1.01247704029083,1.04718852043152,1.96404075622559,3.73E-01,5.60E-01,8.23E-01,8.63E-01,7.96E-01,-5.80312204287925,6.27629745033414,0,6056,358,231,386,240,482,135,495,173,524,174,467,175,1.71,2,22.8,3.9,4.63,2.41
0.794981718063355,0,1.72924840450287,1.01857089996338,1.03523731231689,1.82174789905548,3.54E-01,5.78E-01,8.24E-01,8.70E-01,7.66E-01,2.92095413269072,6.22005693211679,0,6059,371,354,0,0,482,210,497,250,524,311,468,247,2.37,2.23,14.5,3.68,4.21,10.6
0.78655868768692,0.926391839981079,1.71720850467682,1.02719116210938,1.03758227825165,1.89789378643036,3.66E-01,5.68E-01,8.25E-01,8.45E-01,8.07E-01,8.60910277407148,8.69346704262623,0,6061,388,450,433,460,487,305,505,342,533,361,477,346,5.61,2.64,10.7,3.73,3.98,7.62
0.794672727584839,0.919642865657806,1.72898983955383,1.01754665374756,1.06178784370422,1.90968501567841,3.64E-01,5.69E-01,8.24E-01,8.37E-01,7.40E-01,-4.47509225910898,6.41986062405882,0,6063,394,455,439,466,486,309,505,347,535,368,475,348,2.12,2.86,6.51,3.64,5.32,8.92
0.781258463859558,0.934891998767853,1.04882347583771,1.06938362121582,1.02995538711548,1.56844806671143,3.57E-01,5.59E-01,8.45E-01,8.63E-01,8.16E-01,0.760920703187414,2.63249949967784,0,6065,415,443,442,451,494,314,522,353,546,362,495,354,1.33,5.43,8.69,3.77,6.27,1.78
0.815386354923248,0.937354981899262,1.05371284484863,1.00886750221252,1.04066944122314,1.72274541854858,3.66E-01,6.42E-01,8.64E-01,8.67E-01,7.81E-01,-3.15500155469739,7.13800452681463,0,6067,399,500,417,511,493,348,518,385,500,403,490,387,1.02,2.27,10.9,3.59,5.97,3.34
0.79490065574646,0.922337293624878,1.58112275600433,1.01822698116303,1.04470109939575,1.59243226051331,3.75E-01,5.83E-01,8.21E-01,8.45E-01,8.21E-01,11.5329084903297,11.8999230080469,0,6069,241,458,273,466,333,312,354,350,384,367,328,354,1.64,2.49,15.1,3.72,12.1,2.04
0.795608997344971,0.871375441551209,1.71527993679047,1.00319802761078,1.03839457035065,1.63600611686707,3.64E-01,5.85E-01,8.13E-01,8.53E-01,8.48E-01,7.42294798935506,7.51510783995677,0,6071,250,477,295,490,332,322,354,360,384,383,324,363,3.69,1.05,19.3,3.89,4.8,9.12
0.793919146060944,0.907667815685272,1.56177008152008,0.998531877994537,1.02308416366577,1.61105263233185,3.70E-01,5.75E-01,8.19E-01,8.21E-01,7.72E-01,6.67164429606596,8.2003415375839,0,6073,240,502,267,508,325,350,348,386,378,402,320,392,1.87,0.279,20.6,3.79,4.56,4.78
0.794646382331848,0.907883822917938,1.62455832958221,1.00378906726837,1.02939033508301,1.57302224636078,3.65E-01,5.76E-01,8.34E-01,8.46E-01,7.42E-01,2.02614733206402,4.34237780568303,0,6075,243,516,276,526,323,359,346,396,376,416,318,400,3.09,0.501,23.4,3.63,8.4,5.36
0.805220127105713,0.904336750507355,1.41768193244934,0.978215456008911,1.04678452014923,1.51715314388275,3.57E-01,5.69E-01,8.20E-01,8.32E-01,8.24E-01,12.4290529208817,12.9186918447897,0,6078,241,542,271,547,318,386,342,421,373,435,313,429,1.51,0.398,23.7,4.06,5.8,6.38
0.807276368141174,0.908320486545563,1.53902173042297,0.973945796489716,1.02764284610748,1.53194737434387,3.62E-01,5.86E-01,8.03E-01,8.33E-01,8.21E-01,-5.56006411630496,6.80036263928089,0,6080,244,566,299,574,316,400,340,433,372,459,312,440,1.51,1.06,24.8,3.83,6.78,9.52
0.800006031990051,0.892881333827972,1.58239030838013,0.986026167869568,1.04215919971466,1.50186693668365,3.63E-01,5.67E-01,8.26E-01,8.32E-01,8.13E-01,1.67527866767684,2.3744678122813,0,6082,250,502,300,507,316,343,342,379,374,391,312,387,2.01,1.71,22.2,3.77,7.8,0.633
0.779056668281555,0.918760478496552,1.50930547714233,0.993591904640198,1.01838493347168,1.45223832130432,3.41E-01,5.66E-01,8.07E-01,8.34E-01,8.54E-01,-8.60151365168913,11.1716389167654,0,6084,256,430,304,437,316,261,342,294,376,317,316,299,0.85,0.659,20.4,3.16,5.36,15.2
0.783322751522064,0.943877577781677,1.61974608898163,0.986791372299194,1.020463347435,1.25409519672394,3.59E-01,5.70E-01,8.05E-01,8.20E-01,8.04E-01,16.898303522038,17.0942709824238,0,6086,252,444,313,446,313,276,339,310,371,325,311,318,2.45,1.67,17.7,3.29,20.6,2.75
0.773808419704437,0.921668350696564,1.39554286003113,0.993372678756714,1.00959980487823,1.42568063735962,3.47E-01,5.70E-01,8.06E-01,8.25E-01,8.49E-01,7.23962969477092,7.87436220095801,0,6088,249,447,302,452,313,278,337,311,371,332,311,319,2.73,3.29,12.5,3.36,4.08,14.3
0.776222407817841,0.877813518047333,1.54267990589142,0.983558595180512,1.01991307735443,1.30638241767883,3.60E-01,5.65E-01,8.22E-01,8.25E-01,8.12E-01,-7.65541795729895,7.87781770501871,0,6090,248,472,267,473,306,306,332,339,367,353,305,348,0.663,3.46,9.48,3.23,2.95,6.28
0.784628212451935,0.908794760704041,1.24743068218231,0.990204274654388,1.04187250137329,1.37037408351898,3.59E-01,5.71E-01,7.75E-01,8.26E-01,7.40E-01,11.0979258874458,11.2657676807501,0,6092,230,391,267,385,305,261,329,293,370,282,304,300,2.19,1.55,6.25,3.13,4.99,13.6
0.804674565792084,0.944444417953491,1.01996803283691,0.981357753276825,1.033735871315,1.23185348510742,3.62E-01,5.72E-01,8.23E-01,8.40E-01,7.99E-01,-2.7623515473388,4.9859996190452,0,6094,231,325,274,342,309,189,338,228,366,244,306,228,2.59,2.62,6.27,3.11,2.8,5.62
0.799194276332855,0.905596792697907,1.03202831745148,0.975841820240021,1.03554272651672,1.31028521060944,3.52E-01,5.68E-01,8.04E-01,8.27E-01,8.01E-01,0.58145564704375,2.47272833899775,0,6097,230,398,282,411,314,263,341,300,376,314,311,303,0.539,2.59,6.99,3.06,2.86,1.92
0.78408294916153,0.896928071975708,1.46677565574646,1.00212645530701,1.01569199562073,1.2101343870163,3.65E-01,5.68E-01,8.18E-01,8.40E-01,8.22E-01,-7.04624675708639,7.26782197371046,0,6099,231,418,253,422,316,278,340,314,377,325,311,318,0.973,1.34,9.42,2.95,7.83,4.5
0.789053976535797,0.886867105960846,1.47388601303101,0.985600113868713,1.03105127811432,1.22311818599701,3.59E-01,5.88E-01,8.08E-01,8.31E-01,7.73E-01,2.1586945502179,4.65882384500786,0,6101,256,459,281,470,325,300,351,335,390,355,323,340,0.365,1.7,9.41,2.99,4.64,1.8
0.793311834335327,0.92938494682312,1.37230443954468,0.992202460765839,1.02170193195343,1.24909234046936,3.61E-01,5.75E-01,7.98E-01,8.43E-01,7.37E-01,-8.13456604646206,9.04581073983388,0,6103,276,512,301,515,330,350,359,381,396,392,331,392,0.795,1.98,11.9,3.05,5.57,4.99
0.794351100921631,0.925656795501709,1.5217068195343,0.967114269733429,1.02544665336609,1.19600534439087,3.47E-01,5.76E-01,8.09E-01,8.42E-01,7.79E-01,6.43186187346884,7.10192963234472,0,6105,276,544,333,549,327,371,356,403,393,427,328,412,0.735,0.555,11.9,2.98,8.63,8.66
0.792775988578796,0.913939416408539,1.52256739139557,0.984396040439606,1.01348352432251,1.21981298923492,3.54E-01,5.82E-01,8.15E-01,8.35E-01,8.17E-01,5.50313371001296,6.8931208455752,0,6107,295,600,322,597,337,433,368,461,398,467,343,476,2.79,1.89,12.9,3.01,9.81,0.442
0.801482200622559,0.908022105693817,1.53501033782959,0.983773529529572,1.02996170520782,1.15372347831726,3.53E-01,5.92E-01,8.20E-01,8.41E-01,7.74E-01,8.08567728043024,8.37885518032295,0,6109,318,627,374,623,344,454,376,483,415,494,350,496,1.76,0.894,13.6,3.05,8.5,10.2
0.788217902183533,0.904426038265228,1.07631599903107,0.970249652862549,1.03101778030396,1.16037380695343,3.48E-01,5.77E-01,8.15E-01,8.28E-01,7.76E-01,-3.30417113128552,4.50462563381299,0,6111,353,470,375,464,373,302,407,324,435,323,384,344,0.0749,3,16.1,3.03,6.92,0.694
0.796295523643494,0.919260680675507,1.5717396736145,0.977654993534088,1.01502215862274,1.15584576129913,3.43E-01,5.83E-01,8.30E-01,8.43E-01,7.90E-01,4.14216498126599,4.6374293712766,0,6113,379,495,412,492,385,320,420,343,455,351,397,359,1.11,1.75,17.6,2.96,6.3,4.23
0.821449279785156,0.905592858791351,1.06479048728943,1.01057064533234,1.0224529504776,1.12391626834869,3.79E-01,5.87E-01,8.25E-01,8.54E-01,8.42E-01,-1.12097067110102,1.13747528113246,0,6116,400,523,449,507,416,297,448,335,469,371,428,340,0.457,0.702,18.2,2.91,3.04,3.41
0.779671430587769,0.918181836605072,1.52372026443481,0.9697625041008,1.02863907814026,1.15468192100525,3.30E-01,5.81E-01,8.28E-01,8.43E-01,8.19E-01,-0.655621765265059,3.22299814659347,0,6118,416,482,458,465,422,304,457,325,471,331,437,347,0.711,0.547,16.2,2.92,4.6,4.56
0.769606590270996,0.923014581203461,1.06865036487579,0.988861382007599,1.02182686328888,1.06046378612518,3.29E-01,5.81E-01,8.25E-01,8.52E-01,7.95E-01,-9.01903811475284,9.149835095119,0,6120,420,494,464,472,432,321,463,341,471,341,448,360,1.2,1.64,16.6,2.9,7.74,0.88
0.773321807384491,0.912032067775726,1.05943620204926,0.979331076145172,1.02956569194794,1.10242593288422,3.28E-01,5.81E-01,8.28E-01,8.58E-01,8.06E-01,3.02247511584623,4.00991005451707,0,6122,420,506,458,487,434,330,464,351,471,355,449,370,1.01,1.36,20.4,2.91,6.73,4.9
0.773096859455109,0.887550175189972,1.0453839302063,0.969687640666962,1.01006507873535,1.04975533485413,3.30E-01,5.65E-01,8.44E-01,8.62E-01,8.11E-01,-7.02374126337659,7.34662108837968,0,6124,390,490,412,485,394,341,437,359,453,354,419,373,0.484,1.49,16.5,2.95,7.7,2.75
0.779779553413391,0.914529919624329,1.0489729642868,0.978310227394104,1.02967119216919,1.04328835010529,3.32E-01,5.64E-01,8.46E-01,8.50E-01,7.98E-01,4.97951329415793,5.24839879314629,0,6126,402,523,429,514,408,358,446,377,457,382,426,394,1.48,1.11,18.2,3.02,7.43,5.88
0.78053891658783,0.904891312122345,1.34929955005646,0.972392320632935,1.02428197860718,1.07250773906708,3.35E-01,5.88E-01,8.20E-01,8.54E-01,8.06E-01,-0.633782755998464,1.88460111141632,0,6128,415,561,443,542,425,390,459,411,457,410,444,428,1.33,0.556,18.7,3.01,4.56,3.63
0.850030541419983,0.909274220466614,1.05393278598785,0.978489696979523,0,1.03620636463165,3.44E-01,6.75E-01,8.68E-01,8.84E-01,8.09E-01,2.6934507422063,3.82949860433552,0,6130,355,573,381,571,386,411,410,434,0,0,399,451,0.96,0.556,14.4,2.85,5.04,2.09
0.856665670871735,0,1.04865145683289,0.992648065090179,1.01004147529602,1.04531610012054,3.43E-01,5.55E-01,8.28E-01,8.55E-01,7.71E-01,-6.628070288384,6.77424205990416,0,6132,296,445,0,0,335,288,358,310,337,300,349,327,0.897,0.704,15.5,2.52,6.38,2.28
0.844698429107666,0.915365219116211,1.06249821186066,0.968126118183136,1.02525341510773,1.04106760025024,3.40E-01,5.62E-01,8.56E-01,8.64E-01,8.08E-01,7.41450972951189,8.60696273707878,0,6134,388,462,424,448,395,296,431,315,450,317,410,334,0.117,0.914,12.4,2.48,6.94,4.64
0.841798067092896,0.918382942676544,1.03973817825317,0.967106401920319,1.02668845653534,1.06197535991669,3.29E-01,5.72E-01,8.51E-01,8.47E-01,7.92E-01,-9.79578784587859,10.0098037592597,0,6137,403,473,433,455,422,300,452,320,455,321,437,339,1.24,2.1,9.17,2.35,6.89,1.65
0.829799115657806,0.90263694524765,1.04089200496674,0.95947653055191,1.02349984645844,1.02665483951569,3.27E-01,5.68E-01,8.31E-01,8.43E-01,7.88E-01,-17.4703056002528,18.2724398109844,0,6139,405,474,441,457,423,301,452,322,457,323,439,339,5.2,4.22,3.1,2,14.1,11.2
0.831869423389435,0.888655483722687,1.05855643749237,0.949230313301086,1.01104986667633,1.00897240638733,3.33E-01,5.73E-01,8.46E-01,8.52E-01,7.97E-01,-0.173333426806661,1.76036409837497,0,6141,409,477,443,461,425,306,455,326,457,328,442,344,3.91,4.04,3.08,1.89,4.46,6.02
0.822656810283661,0.909314036369324,1.06226408481598,0.950187981128693,1.0232846736908,1.05187261104584,3.28E-01,5.67E-01,8.41E-01,8.50E-01,8.05E-01,5.56685917771812,9.45040050645328,0,6143,410,477,443,461,425,307,456,328,459,329,441,345,2.57,6.63,1.43,2.4,8.64,16
0.812899947166443,0.969801545143127,1.06131076812744,0.958084166049957,1.02066445350647,1.00463795661926,3.36E-01,5.68E-01,8.33E-01,8.48E-01,8.08E-01,-1.44287025639305,1.4596408183352,0,6145,407,479,440,461,425,311,455,330,457,329,441,348,4.25,2.54,6.12,1.94,4.96,13.1
0.802888035774231,0.927953898906708,1.0644770860672,0.952067196369171,1.02346241474152,1.02599561214447,3.30E-01,5.68E-01,8.25E-01,8.60E-01,7.98E-01,-2.56374633835022,37.2747449338885,0,6147,410,482,448,464,427,311,457,332,460,332,443,348,10.6,9.23,11.3,1.98,27.9,38.5
0.821277678012848,0.910187959671021,1.07010877132416,0.957124829292297,1.00641894340515,1.00987589359283,3.33E-01,5.72E-01,8.31E-01,8.49E-01,7.92E-01,-3.50564263782069,7.71320428136272,0,6149,412,483,449,465,428,315,458,335,460,335,445,352,6.61,1.81,15.9,2.4,14.5,39.9
0.81675136089325,0.919466972351074,1.06624853610992,0.942939877510071,1.02112030982971,1.01565062999725,3.25E-01,5.69E-01,8.31E-01,8.52E-01,7.97E-01,18.8488954944798,35.6406502296613,0,6151,413,486,445,469,429,315,459,336,462,337,445,352,13.7,2.16,21.3,2.51,39,41.4
0.798398733139038,0.921818196773529,1.0589485168457,0.944939374923706,1.00215017795563,0.994522094726563,3.33E-01,5.74E-01,8.29E-01,8.56E-01,8.10E-01,-1.44496421000505,1.85083771757157,0,6153,411,489,446,471,429,319,458,339,462,338,446,355,5.09,8.7,24.5,2.38,4.86,25.6
0.805733561515808,0.931390404701233,1.0560907125473,0.943070888519287,1.0048793554306,0.984578132629395,3.43E-01,5.81E-01,8.39E-01,8.46E-01,8.04E-01,2.37434569237183,2.43044770301306,0,6156,400,546,432,547,423,356,450,393,445,417,438,396,1.5,2.62,29.9,2.72,8.76,7.07
0.812265694141388,0,1.07302737236023,0.97062885761261,1.00902616977692,1.00572168827057,3.41E-01,5.83E-01,8.32E-01,8.77E-01,7.37E-01,-1.40038244818634,4.74799975573923,0,6158,399,629,0,0,417,477,446,488,443,467,435,511,1.7,2.44,34.6,2.34,3.49,4.14
0,0,0,0,0,0,0.00E+00,0.00E+00,0.00E+00,0.00E+00,0.00E+00,-3.38496572960651,4.75104215152182,1,6160,0,0,0,0,0,0,0,0,0,0,0,0,3.72,3.17,38.1,2.33,2.75,8.76
0.79047828912735,0.936913907527924,1.05230808258057,0.951795220375061,0.992663323879242,0.990484058856964,3.34E-01,5.96E-01,8.21E-01,8.59E-01,7.63E-01,4.80347059250305,6.76575597362555,1,6162,386,545,417,525,388,404,429,422,429,406,414,438,2.28,1.23,37.3,2.35,10.8,6.82
0,0,0,0,0,0,0.00E+00,0.00E+00,0.00E+00,0.00E+00,0.00E+00,-2.59415032996771,2.60098568417061,1,6164,0,0,0,0,0,0,0,0,0,0,0,0,0.311,4.32,41.4,2.28,0.973,2.53
0.752177834510803,0,1.01401197910309,0.930813491344452,0.994360268115997,1.01092684268951,3.29E-01,5.92E-01,8.18E-01,8.64E-01,7.70E-01,2.10414700465999,3.60016513533948,1,6166,351,190,0,0,345,18.9,395,43.9,406,80.4,373,50.4,1.34,0.791,40,2.3,7.74,4.9
0,0,0,0,0,0,0.00E+00,0.00E+00,0.00E+00,0.00E+00,0.00E+00,-3.27910994193547,5.08604399160855,1,6168,0,0,0,0,0,0,0,0,0,0,0,0,0.435,0.378,39,2.02,0.737,10.8
0.899707734584808,0.913286685943604,0,0.958200812339783,0.964472651481628,1.15255570411682,3.65E-01,5.44E-01,8.39E-01,8.36E-01,7.99E-01,-3.18405137275264,5.82054441300029,1,6170,65.6,268,84.5,245,0,0,81.6,144,113,137,59.9,162,3.52,2.28,40,1.87,8.74,7.12
0.872910678386688,0.962305963039398,1.0266615152359,0.960968911647797,0.983002364635468,1.16177809238434,3.31E-01,5.49E-01,8.87E-01,8.65E-01,7.89E-01,10.2837495081368,20.7484683039306,1,6172,647,317,677,311,596,183,657,194,703,202,630,207,5.07,4.65,40.7,2.09,10.5,18.2
0,0,0,0,0,0,0.00E+00,0.00E+00,0.00E+00,0.00E+00,0.00E+00,-6.57980895773517,14.9603779318817,1,6175,0,0,0,0,0,0,0,0,0,0,0,0,1.45,6.72,40.1,1.85,13.6,49.1
0.874033033847809,0,1.01989662647247,0.964408576488495,0.991091251373291,1.26375913619995,3.40E-01,5.74E-01,8.63E-01,8.45E-01,7.45E-01,-19.0421557055389,23.1845090372478,1,6177,384,383,0,0,347,241,396,253,394,262,380,269,8.71,7.49,38.4,2.48,7.44,18.4
0.867545902729034,0,1.02142107486725,0.976203918457031,0.977588951587677,1.36997067928314,3.57E-01,5.42E-01,8.23E-01,8.52E-01,8.12E-01,-16.0841123309336,21.6941592424405,1,6179,437,426,0,0,362,321,413,326,421,317,397,346,3.35,9.58,40.5,0.562,13.4,21.5
0.872492492198944,0.910690128803253,1.0219521522522,0.953487813472748,0.992291152477264,1.50422024726868,3.65E-01,6.01E-01,7.86E-01,8.68E-01,7.91E-01,-14.4667278696422,20.7052097004338,1,6181,490,446,479,455,402,341,456,341,466,339,438,363,18.3,18.2,47,1.21,28.3,22.3
0.864555299282074,0.928211569786072,1.03908789157867,0.964716374874115,0.996575713157654,1.53069496154785,3.66E-01,5.75E-01,8.36E-01,8.51E-01,8.00E-01,-10.0392205601498,11.5888276088753,1,6183,463,490,475,476,395,366,445,366,459,355,425,388,24.4,27.5,52.7,0.678,18,26.8
0.851584792137146,0.9441077709198,1.03802037239075,0.951945841312408,0.998599410057068,1.61054515838623,3.68E-01,5.58E-01,8.79E-01,8.65E-01,8.00E-01,6.02485938755806,8.15063552779092,1,6185,454,511,483,488,392,373,441,367,468,361,420,398,4.28,24,62.4,1.1,33.3,22
0.862220525741577,0.956413447856903,1.04332113265991,0.961097717285156,0.996251106262207,1.65557289123535,3.87E-01,6.54E-01,8.73E-01,8.43E-01,8.27E-01,-2.57505963981307,3.05370225005353,1,6187,546,507,562,474,494,374,538,373,525,363,522,396,2.7,27.1,79.3,0.533,0.837,15.3
0.890139877796173,0.88648647069931,1.05129289627075,0.971479773521423,1.00649273395538,1.70928847789764,3.67E-01,5.81E-01,8.61E-01,8.95E-01,7.76E-01,8.63865440838258,12.9398260484434,1,6189,459,528,428,492,420,381,456,386,441,372,448,407,1.75,14.3,98.9,0.805,5.92,18.6
0.87922990322113,0.906998157501221,1.02876448631287,0.960934638977051,0.991389691829681,1.87230157852173,3.96E-01,6.24E-01,8.94E-01,9.01E-01,8.01E-01,8.56991710433321,11.0285597568632,1,6191,434,652,451,583,379,534,418,523,417,472,409,558,11.7,8.65,118,0.808,20.6,27.1
0.905094146728516,0,1.03710675239563,1.03041207790375,1.01338088512421,1.47930562496185,4.44E-01,6.44E-01,9.19E-01,9.14E-01,8.64E-01,45.5421233099282,51.6874331767049,1,6194,614,794,0,0,473,619,520,623,566,646,503,633,20,23.2,140,2.75,19.4,25
0,0,0,0,0,0,0.00E+00,0.00E+00,0.00E+00,0.00E+00,0.00E+00,-26.9014806496998,27.0917047007893,1,6196,0,0,0,0,0,0,0,0,0,0,0,0,32.2,28.2,154,2.7,30.8,39
0.900875568389893,0.918310582637787,1.03510534763336,0.965794682502747,1.00177669525146,1.80883121490479,3.95E-01,5.88E-01,8.89E-01,9.05E-01,7.98E-01,-5.61814883317804,14.3014965689645,1,6198,562,619,578,571,428,528,466,507,481,485,464,536,18.9,45,158,2.69,16.6,35.8
0,0,0,0,0,0,0.00E+00,0.00E+00,0.00E+00,0.00E+00,0.00E+00,10.4461387197394,10.957098878604,1,6200,0,0,0,0,0,0,0,0,0,0,0,0,9.59,44.8,143,3.25,8.67,31.1
0,0,0,0,0,0,0.00E+00,0.00E+00,0.00E+00,0.00E+00,0.00E+00,-24.7255785944545,25.9701207815568,1,6202,0,0,0,0,0,0,0,0,0,0,0,0,2.1,33.7,123,3.44,36.6,23
0,0,0,0,0,0,0.00E+00,0.00E+00,0.00E+00,0.00E+00,0.00E+00,-13.4418324758262,14.1772162531092,1,6204,0,0,0,0,0,0,0,0,0,0,0,0,3.72,25,95.5,3.18,9.35,32.8
0.878225743770599,0.929124712944031,1.36672735214233,0.945462584495544,0.979880511760712,1.82628703117371,3.92E-01,6.08E-01,8.89E-01,8.93E-01,8.08E-01,-11.2223946521065,14.1691874521649,1,6206,373,639,376,587,213,572,248,545,264,511,254,572,3.54,7.4,71.6,3.43,4.32,12.5
0,0,0,0,0,0,0.00E+00,0.00E+00,0.00E+00,0.00E+00,0.00E+00,-7.57421498435726,17.2428949085262,1,6208,0,0,0,0,0,0,0,0,0,0,0,0,2.82,2.11,73.5,3.04,12.7,13.5
0.889545440673828,0.952905833721161,1.05665814876556,0.955296874046326,0.996179044246674,1.94439923763275,3.80E-01,6.01E-01,8.77E-01,8.89E-01,7.66E-01,13.8585599641539,34.2056076587143,1,6210,356,497,357,468,212,407,247,387,260,354,250,412,3.6,4.28,113,3.69,31.2,4.85
0.875937759876251,0.903971135616303,1.05107796192169,0.947586178779602,0.984445035457611,2.11239528656006,3.79E-01,5.68E-01,9.04E-01,8.89E-01,8.85E-01,-12.9834451793486,13.3903874309566,1,6212,288,487,315,441,123,361,169,353,221,339,161,373,3.58,13.6,156,4.06,22.1,23.1
0,0,0,0,0,0,0.00E+00,0.00E+00,0.00E+00,0.00E+00,0.00E+00,-5.24256196188331,5.60669618642476,1,6215,0,0,0,0,0,0,0,0,0,0,0,0,10.2,6.05,211,3.69,3.33,24.7
0,0,0,0,0,0,0.00E+00,0.00E+00,0.00E+00,0.00E+00,0.00E+00,11.3347249646615,11.3415589544772,1,6217,0,0,0,0,0,0,0,0,0,0,0,0,4.21,10.9,225,4.16,12.3,4.12
0,0,0,0,0,0,0.00E+00,0.00E+00,0.00E+00,0.00E+00,0.00E+00,5.84144131629739,5.93599291280302,1,6219,0,0,0,0,0,0,0,0,0,0,0,0,1.7,10.2,228,4.3,3.48,7.45
0,0,0,0,0,0,0.00E+00,0.00E+00,0.00E+00,0.00E+00,0.00E+00,0.658374787906857,1.97686752922238,0,6221,0,0,0,0,0,0,0,0,0,0,0,0,8.28,14.7,212,4.2,3.18,25.8
0,0,0,0,0,0,0.00E+00,0.00E+00,0.00E+00,0.00E+00,0.00E+00,0.723559277544848,1.68343802220329,0,6223,0,0,0,0,0,0,0,0,0,0,0,0,0.648,5.25,188,4.29,2.56,3.23
0,0,0,0,0,0,0.00E+00,0.00E+00,0.00E+00,0.00E+00,0.00E+00,0.364896277068314,2.26368091052489,0,6225,0,0,0,0,0,0,0,0,0,0,0,0,0.211,6.67,157,4.15,4.79,2.81
0,0,0,0,0,0,0.00E+00,0.00E+00,0.00E+00,0.00E+00,0.00E+00,5.41284278611922,6.19982320325387,0,6227,0,0,0,0,0,0,0,0,0,0,0,0,0.767,1.86,120,4.12,5.88,2.73
0,0,0,0,0,0,0.00E+00,0.00E+00,0.00E+00,0.00E+00,0.00E+00,-0.137458008449765,3.00350129426265,0,6229,0,0,0,0,0,0,0,0,0,0,0,0,1.54,0.522,96.1,4.17,0.545,6.61
0,0,0,0,0,0,0.00E+00,0.00E+00,0.00E+00,0.00E+00,0.00E+00,7.65477904848375,7.85891467146309,0,6231,0,0,0,0,0,0,0,0,0,0,0,0,0.546,0.392,81.4,4.06,6.07,6.25
0,0,0,0,0,0,0.00E+00,0.00E+00,0.00E+00,0.00E+00,0.00E+00,-1.93368807732429,2.25129081185989,0,6234,0,0,0,0,0,0,0,0,0,0,0,0,1.42,1.12,78.6,4.01,3.12,2.93
0.834128677845001,0.927419364452362,1.01755654811859,0.980723202228546,1.01482033729553,1.50297939777374,3.91E-01,5.89E-01,8.19E-01,8.51E-01,8.23E-01,-6.00022207781992,6.0142029130792,0,6236,134,267,195,263,231,161,251,197,290,177,226,198,1.46,2.33,80,3.3,6,14.4
0,0,0,0,0,0,0.00E+00,0.00E+00,0.00E+00,0.00E+00,0.00E+00,-3.9049344778882,3.93720028133248,0,6238,0,0,0,0,0,0,0,0,0,0,0,0,5.44,2.52,81.5,3.47,1.57,2.58
0.818484783172607,0.981481492519379,1.03714859485626,1.00647985935211,1.05562698841095,1.73452353477478,3.56E-01,5.85E-01,8.40E-01,8.54E-01,7.94E-01,2.35174085612164,2.51246318075507,0,6240,203,334,225,341,322,230,334,271,363,279,311,266,7.02,6.76,73.8,3.43,3.33,17.5
0.82794988155365,0.563165903091431,1.03536534309387,1.04398393630981,0.913782179355621,1.63191652297974,3.72E-01,6.76E-01,9.13E-01,8.86E-01,8.39E-01,-0.778997595911483,6.886472998977,0,6242,213,452,272,291,336,358,349,397,345,431,321,394,1.27,7.19,70.8,3.17,3.21,0.909
0.811704874038696,0.919097423553467,1.04637384414673,1.00701630115509,1.04834616184235,1.67882013320923,3.75E-01,5.48E-01,8.51E-01,8.61E-01,8.46E-01,1.58631129742306,3.0417470176845,0,6244,247,478,281,489,347,364,366,404,401,418,338,400,2.66,9.41,56,3.28,2.6,4.49
0.815699875354767,0.927256762981415,1.03678894042969,1.00904476642609,1.0246604681015,1.64826202392578,3.86E-01,5.43E-01,8.16E-01,8.52E-01,8.33E-01,-5.69749537370101,6.6288358285843,0,6246,300,515,346,523,382,388,409,428,434,436,378,425,1.4,4.38,38.4,3.21,11.1,4.03
0.841188311576843,0.911693334579468,1.03852200508118,1.00554275512695,1.04032444953918,1.53355920314789,3.80E-01,5.76E-01,8.39E-01,8.64E-01,8.13E-01,-0.93448142694322,2.51145292584509,0,6248,263,518,298,529,370,400,388,440,407,451,360,436,0.804,3.58,28.7,3.07,2.36,2.44
0.830934464931488,0.945511162281036,1.03982710838318,0.997402608394623,1.0338032245636,1.64368796348572,3.66E-01,5.75E-01,8.70E-01,8.70E-01,8.48E-01,4.49179168245709,6.08638734337884,0,6250,270,509,317,531,374,388,394,429,417,448,365,426,3.59,2.11,14.7,3.02,3.25,12.4
0.834876537322998,0.908420622348785,1.35635316371918,1.00358164310455,1.03443193435669,1.48189735412598,3.57E-01,6.05E-01,8.61E-01,8.70E-01,8.49E-01,-0.204241279014847,3.20155808734675,0,6253,257,553,303,568,366,419,384,459,403,475,356,459,2.69,2.66,18.7,3.12,0.465,8.32
0.828762769699097,0.945161283016205,1.07570374011993,1.02452409267426,1.02651834487915,1.54057061672211,3.70E-01,6.03E-01,8.57E-01,8.67E-01,8.27E-01,2.50846219980777,2.79376824016319,0,6255,270,594,329,601,371,459,389,493,408,497,363,500,0.777,0.572,28.5,3,1.86,2.16
0.820307672023773,0.923303842544556,1.06789088249207,1.01839971542358,1.02362680435181,1.5410430431366,3.93E-01,6.07E-01,8.24E-01,8.58E-01,8.41E-01,0.849094271588601,2.43383351530279,0,6257,296,611,315,593,379,493,401,516,426,480,376,532,0.509,4.02,39,3.18,2.12,3.86
0.811755061149597,0,1.04976916313171,1.01281177997589,1.03192496299744,1.44505345821381,3.68E-01,6.33E-01,8.51E-01,8.61E-01,7.77E-01,2.32268126917612,2.64117933572279,0,6259,353,604,0,0,420,444,442,471,453,472,423,485,1.62,0.29,44.5,3.06,1.62,2.23
0.825375497341156,0,1.060063123703,0.994992136955261,1.0254545211792,1.52756369113922,4.07E-01,6.03E-01,8.19E-01,8.90E-01,8.09E-01,-1.15469073785343,1.178167725274,0,6261,410,634,0,0,443,489,473,514,503,427,452,533,1.31,1.05,50.8,3.13,0.511,5.85
0.805564761161804,0.951824843883514,1.04754829406738,1.00505948066711,1.01681327819824,1.40646135807037,3.56E-01,6.11E-01,8.32E-01,8.62E-01,7.80E-01,2.34965956393511,2.97300354872262,0,6263,462,545,497,528,479,373,510,395,525,390,493,410,0.362,1.49,48.4,3.12,2.39,2.87
0.798003733158112,0.861507117748261,1.05870854854584,0.977958798408508,1.0277224779129,1.51021206378937,3.52E-01,6.20E-01,8.33E-01,8.76E-01,8.41E-01,3.02089427604648,3.53469977418696,0,6265,475,574,496,557,491,390,521,416,540,410,505,432,0.3,0.945,50,3.05,2.84,3.15
0.786546468734741,0.937935590744019,1.06171369552612,0.994295716285706,1.03531551361084,1.39598846435547,3.41E-01,6.06E-01,8.41E-01,8.65E-01,7.96E-01,-5.82039420745516,5.93528386144683,0,6267,479,512,524,491,490,333,519,356,541,352,504,374,1.05,1.53,45,3.01,8.29,3.23
0.793555974960327,0.934938371181488,1.06353235244751,0.990858137607574,1.03616154193878,1.51145172119141,3.46E-01,6.10E-01,8.33E-01,8.59E-01,7.92E-01,-2.14657288230958,4.72378693796921,0,6269,479,529,517,514,491,345,521,369,533,375,505,387,0.859,1.23,40,3.16,4.58,3.07
0.795309841632843,0.90128755569458,1.05666434764862,0.983560979366303,1.02841567993164,1.35103487968445,3.43E-01,6.05E-01,8.18E-01,8.65E-01,7.61E-01,-0.207355306452302,2.25288901730186,0,6272,419,526,456,508,433,348,462,371,472,369,448,388,1.41,0.534,30,3.11,2.06,3.7
0.783626317977905,0.914040088653564,1.05638146400452,0.965774416923523,1.03434216976166,1.4184056520462,3.46E-01,6.56E-01,8.08E-01,8.51E-01,7.86E-01,-3.34896590061404,3.5754902378199,0,6274,412,534,417,516,433,354,460,379,469,343,447,390,0.536,0.45,24.7,3.12,3.33,2.93
0.780783593654633,0.923170447349548,1.04857468605042,0.973855793476105,1.02834844589233,1.27853524684906,3.31E-01,5.93E-01,8.31E-01,8.69E-01,7.76E-01,-1.83895691444258,3.72615050370326,0,6276,415,476,452,456,435,296,463,319,472,318,450,335,0.742,1.05,15.1,3.06,4.76,0.639
0.782424747943878,0.927453756332397,1.05750739574432,0.978407502174377,1.03523099422455,1.34745836257935,3.38E-01,5.87E-01,8.15E-01,8.55E-01,8.25E-01,0.303383835825855,1.61754484346028,0,6278,417,482,447,464,434,304,462,327,465,328,448,343,0.957,1.35,12.5,3.14,1.13,4.53
0.780495405197144,0.92672860622406,1.06441366672516,0.984823882579803,1.01915574073792,1.20986139774323,3.37E-01,5.92E-01,8.17E-01,8.65E-01,7.93E-01,-5.40818977504774,5.99001189617028,0,6280,417,496,452,475,438,318,465,340,470,339,452,357,0.809,1.43,6.44,3.01,5.81,1.19
0.783758819103241,0.925858974456787,1.04969573020935,0.963143825531006,1.03685367107391,1.24165987968445,3.32E-01,5.92E-01,8.24E-01,8.46E-01,7.82E-01,1.64139651540552,2.78022851718152,0,6282,419,501,456,484,438,321,464,345,470,348,452,362,0.16,0.679,4.28,3.05,2.07,0.803
0.775753319263458,0.933619678020477,1.06035673618317,0.967584252357483,1.02583658695221,1.20839762687683,3.33E-01,6.01E-01,8.25E-01,8.46E-01,7.88E-01,-3.30105509645073,3.415397516812,0,6284,414,510,453,491,436,333,463,356,467,356,451,371,1.67,0.771,2.58,3.03,3.44,6.26
0.784902155399323,0.936979353427887,1.05594563484192,0.973781824111939,1.02605390548706,1.19294309616089,3.41E-01,5.90E-01,8.27E-01,8.63E-01,7.99E-01,4.26744647675529,5.09420438322005,0,6286,419,515,452,499,437,338,464,361,470,363,451,378,0.473,0.554,2.73,3.03,5.06,3.48
0.774498224258423,0.912152707576752,1.06450271606445,0.970020473003387,1.01265680789948,1.16415762901306,3.33E-01,6.02E-01,8.28E-01,8.59E-01,7.81E-01,-4.796661763398,5.58637610966203,0,6288,420,520,455,501,440,343,466,365,470,366,454,382,0.273,0.863,4.83,3.07,5.89,0.686
0.781126141548157,0.885154068470001,1.04922866821289,0.959797859191895,1.02390086650848,1.20083582401276,3.33E-01,5.95E-01,8.14E-01,8.49E-01,7.90E-01,3.61484043024125,4.58645903681956,0,6290,423,523,464,506,442,345,469,368,473,370,456,386,0.321,1.14,3.89,3.01,5.35,1.21
0.778421342372894,0.937734663486481,1.06497061252594,0.956348896026611,1.06878340244293,1.14581000804901,3.36E-01,5.93E-01,8.10E-01,8.52E-01,7.76E-01,2.96023110323581,3.29347548372451,0,6293,423,527,460,508,443,353,470,374,473,374,457,391,0.953,0.435,3.77,2.99,2.62,3.4
0.777350008487701,0.922582745552063,1.05883955955505,0.965090870857239,1.00915420055389,1.15173649787903,3.32E-01,5.86E-01,8.03E-01,8.54E-01,8.02E-01,-5.73171928476248,6.61057033204699,0,6295,422,532,462,515,443,356,471,378,473,378,458,395,0.0512,0.85,1.72,3.09,4.36,1.47
0.777009844779968,0.902266263961792,1.05706238746643,0.958119988441467,1.01396226882935,1.11766397953033,3.34E-01,5.89E-01,8.13E-01,8.67E-01,7.93E-01,4.00291873307077,4.07417766752402,0,6297,424,536,459,518,445,359,472,382,475,383,460,398,0.694,0.372,3.01,3.08,4.24,7.04
0.773781836032867,0.892281115055084,1.0557279586792,0.961717069149017,1.01994001865387,1.10327291488647,3.32E-01,5.89E-01,8.13E-01,8.59E-01,7.84E-01,2.50927064507856,2.56475745909359,0,6299,422,539,464,519,445,361,471,384,474,385,458,401,0.533,0.709,0.495,2.73,2.51,1.68
0.785216450691223,0.898620247840881,1.05190134048462,0.943591594696045,1.0149621963501,1.08905458450317,3.35E-01,5.85E-01,8.00E-01,8.62E-01,7.59E-01,-3.08761773403198,3.14331747212465,0,6301,425,544,464,523,444,370,471,392,474,390,458,408,1.37,1.65,2.14,2.94,4.74,7.78
0.77954775094986,0.916755020618439,1.06187212467194,0.953996896743774,1.01697766780853,1.10647475719452,3.29E-01,5.83E-01,8.03E-01,8.52E-01,7.88E-01,4.28703667978153,6.05019263724856,0,6303,422,553,463,532,445,375,472,398,474,399,459,414,2.19,1.45,1.2,2.71,3.86,2.96
0.788601875305176,0.942379951477051,1.06321108341217,0.953544914722443,1.01840341091156,1.06917440891266,3.27E-01,5.81E-01,8.08E-01,8.54E-01,7.77E-01,-6.51158093264198,6.92203127058958,0,6305,423,558,461,539,444,383,471,405,473,404,459,421,1.62,0.812,0.859,3.17,6.08,5.73
0.776692092418671,0.909311354160309,1.05513322353363,0.95399421453476,1.0201336145401,1.08334255218506,3.31E-01,5.87E-01,8.19E-01,8.52E-01,7.74E-01,10.9998690936833,11.1838079557858,0,6307,422,561,462,543,445,385,471,407,473,408,459,425,1.11,4.02,1.16,3.06,7.01,4.89
0.775195777416229,0.909431159496307,1.04696035385132,0.951540887355804,1.01146495342255,1.06961023807526,3.25E-01,5.87E-01,8.15E-01,8.60E-01,7.68E-01,2.08101886795017,2.13855709582512,0,6309,424,562,460,543,446,388,472,409,474,408,460,426,3.66,3.49,2.79,3.44,1.49,6.47
0.770020425319672,0.91081690788269,1.04865074157715,0.938956201076508,1.01952767372131,1.06122446060181,3.23E-01,5.78E-01,8.15E-01,8.57E-01,7.92E-01,-1.9298805575779,2.21551690464307,0,6312,421,563,463,544,444,389,471,411,473,411,458,428,0.674,3.86,5.42,3.26,3.05,6.32
0.770176112651825,0.877320408821106,1.04281914234161,0.940336406230927,1.00153887271881,1.04643154144287,3.25E-01,5.84E-01,8.21E-01,8.53E-01,7.86E-01,4.95827732847004,5.30342569640471,0,6314,421,564,462,545,441,395,469,415,472,413,456,431,3.76,2.16,7.43,3.32,7.93,9.43
0.776276767253876,0.921059131622314,1.04807817935944,0.947310507297516,1.0279256105423,1.05197978019714,3.28E-01,5.78E-01,8.31E-01,8.58E-01,7.89E-01,-2.34107269860937,2.89769698510346,0,6316,418,568,461,549,441,396,469,417,472,416,457,434,0.894,0.502,11.4,3.31,2.43,4.37
0.778859555721283,0.870783865451813,1.04463064670563,0.961453497409821,1.01804137229919,1.03607177734375,3.26E-01,5.88E-01,8.19E-01,8.59E-01,8.20E-01,2.44568972564505,2.65860755370942,0,6318,422,578,459,557,444,405,472,426,474,423,459,443,2.08,3.59,13.6,3.32,2.25,2.51
0.772612631320953,0.906987965106964,1.04546594619751,0.949669480323792,1.01654303073883,1.04216861724854,3.23E-01,5.83E-01,8.24E-01,8.52E-01,8.16E-01,-2.55228748842927,3.5781083773813,0,6320,421,580,459,562,444,406,471,428,474,429,459,447,1.38,2.39,16.9,3.55,1.89,3.23
0.777405440807343,0.908196747303009,1.0402455329895,0.942028999328613,1.01526868343353,1.02044701576233,3.26E-01,5.84E-01,8.26E-01,8.55E-01,8.03E-01,-4.0341841839553,4.06844756504577,0,6322,420,583,461,564,444,410,470,433,474,431,458,449,2.16,3.63,19.1,3.33,4.66,6.35
0.773445427417755,0.945868968963623,1.05034923553467,0.933853328227997,1.02183604240417,1.01748585700989,3.26E-01,6.11E-01,8.19E-01,8.53E-01,7.91E-01,-2.07481179953984,2.7282001869507,0,6324,420,586,462,566,444,413,470,435,473,427,458,452,0.42,1.42,21.8,3.31,0.633,1.35
0.77728134393692,0.936392426490784,1.03691256046295,0.947865605354309,1.01333892345428,1.00099682807922,3.21E-01,5.78E-01,8.10E-01,8.58E-01,8.07E-01,-8.86855013033816,8.95908524193779,0,6326,422,430,458,412,443,259,471,281,474,279,458,296,0.586,2.41,19.8,3.29,7.85,0.277
0.768853843212128,0.895132958889008,1.04959094524384,0.9316166639328,1.01002562046051,1.01806926727295,3.22E-01,5.71E-01,8.17E-01,8.49E-01,7.61E-01,-2.27873231749338,2.31759551011209,0,6328,422,433,455,417,443,262,470,284,472,284,458,300,0.772,0.15,18.9,3.01,0.514,10.3
0.778427302837372,0.944743931293488,1.04354274272919,0.937790811061859,1.00934731960297,0.976196050643921,3.26E-01,5.77E-01,8.20E-01,8.56E-01,7.82E-01,3.73682049067825,3.87775818671059,0,6331,417,433,450,422,435,253,465,280,473,289,449,294,0.987,0.994,12,3.04,3.22,6.58
0.784910142421722,0,1.03741002082825,0.921970307826996,0.991455733776093,0.955355048179626,3.07E-01,5.68E-01,7.51E-01,8.38E-01,7.03E-01,-4.05744379014959,6.20026718068402,0,6333,312,264,0,0,361,116,381,133,366,99.6,366,156,4.7,1.01,8.57,3.05,3.48,14.6
0,0,0,0,0,0,0.00E+00,0.00E+00,0.00E+00,0.00E+00,0.00E+00,-0.422143222053452,6.82579089866436,0,6335,0,0,0,0,0,0,0,0,0,0,0,0,0.56,1.13,2.48,3.11,9.39,2.34
0.775411367416382,0.905886054039001,1.04840636253357,0.938331842422485,1.00848233699799,0.966820955276489,3.13E-01,5.87E-01,8.21E-01,8.34E-01,7.42E-01,-0.935648802275661,5.06679599273874,0,6337,242,318,293,315,298,161,324,189,342,195,303,202,1.66,5.26,1.82,3.08,1.72,8.09
0.788600146770477,0,1.05222117900848,0.943127393722534,0,0.964504063129425,3.37E-01,6.82E-01,7.95E-01,8.41E-01,7.95E-01,-3.13953760813063,3.58120315670833,0,6339,262,470,0,0,310,321,337,347,0,0,319,360,0.457,1.74,5.45,3.02,1.92,0.237
0.799669682979584,0.864182710647583,1.03914880752563,0.952273726463318,1.00409662723541,0.976181864738464,3.30E-01,6.01E-01,8.37E-01,8.57E-01,7.95E-01,3.12210012011704,3.16679142162875,1,6341,273,498,315,491,318,337,347,363,363,365,325,377,0.479,2.26,9.13,3.16,2.06,1.69
0.814994692802429,0,1.04746651649475,0.95479828119278,1.01596117019653,0.982765793800354,3.46E-01,5.96E-01,8.58E-01,8.69E-01,8.66E-01,-2.61582296060913,6.69185106922036,1,6343,253,486,0,0,297,308,329,344,355,368,302,347,0.636,0.198,9.71,3.03,3.18,2.75
0.793210685253143,0.938766539096832,1.05691969394684,0.93053263425827,1.01853346824646,0.998619139194489,3.29E-01,6.14E-01,8.49E-01,8.54E-01,7.79E-01,3.51826463889603,3.71258766097942,1,6345,231,444,288,444,290,286,317,316,337,324,291,330,0.272,2.05,9.14,2.99,3.11,0.902
0.801713585853577,0.947089970111847,1.03802490234375,0.963766098022461,0.993582904338837,1.04389274120331,3.34E-01,6.04E-01,8.28E-01,8.55E-01,8.05E-01,-5.61507239552173,5.7408100667714,1,6347,255,481,305,472,309,328,337,353,347,349,318,367,1.02,1.03,11.3,2.98,3.29,4.33
0.809303343296051,0.930521070957184,1.04959559440613,0.961013078689575,1.00923132896423,1.07137358188629,3.31E-01,6.09E-01,8.54E-01,8.62E-01,7.63E-01,-9.79587998168457,11.7086898523627,1,6350,299,523,356,520,332,355,364,383,390,391,340,396,0.904,0.124,8.37,2.88,4.87,3.85
0.793676376342773,0.951327443122864,1.0522358417511,0.973003208637238,0.994690716266632,1.12844753265381,3.29E-01,6.15E-01,8.48E-01,8.52E-01,7.78E-01,3.63906703361357,6.75636986619687,1,6352,386,574,415,554,408,408,437,428,439,420,423,443,1.03,0.548,7.01,3.09,4.93,5.53
0.80150717496872,0,1.03625178337097,0.992498517036438,0.988065004348755,1.24466276168823,3.34E-01,6.87E-01,8.38E-01,8.64E-01,7.84E-01,-9.0520596854447,9.61052700858025,1,6354,408,597,0,0,423,423,455,444,461,443,439,461,0.683,0.72,10.7,2.99,5.19,1.81
0.80430018901825,0.919637799263001,1.05737709999084,0.994831025600433,1.01792228221893,1.28589761257172,3.20E-01,5.82E-01,8.45E-01,8.65E-01,7.81E-01,0.847116809851118,2.76868204478947,1,6356,416,472,456,451,433,303,463,322,467,319,449,339,0.618,0.388,9.11,2.9,2.02,3.23
0.802247881889343,0.905852437019348,1.04959261417389,0.975265383720398,1.01015329360962,1.40373718738556,3.23E-01,5.76E-01,8.46E-01,8.55E-01,7.76E-01,1.51264280299862,2.01143546240994,1,6358,422,483,456,467,439,308,468,330,473,332,454,347,0.744,0.935,11.3,2.94,1.58,1.53
0.807207643985748,0.882461845874786,1.05759608745575,1.01010298728943,1.00145542621613,1.28245627880096,3.33E-01,5.76E-01,8.42E-01,8.65E-01,8.07E-01,3.65601811262298,4.07908820602552,1,6360,337,471,374,456,340,314,378,333,381,330,360,350,0.591,0.619,10.6,3.05,1.44,1.81
0.84073805809021,0.930635809898376,1.03730201721191,0.961196601390839,1.01528227329254,1.37648642063141,3.31E-01,5.65E-01,8.46E-01,8.63E-01,7.97E-01,2.36346508652235,3.05339075125211,1,6362,337,475,370,465,336,319,376,338,379,340,359,351,0.441,0.414,10.4,3.16,0.784,2.9
0.867414355278015,0.865079343318939,1.03815591335297,1.00139951705933,0.999440968036652,1.48675358295441,3.37E-01,5.83E-01,8.58E-01,8.71E-01,8.68E-01,1.47906068032151,1.55341209751005,1,6364,312,516,355,497,337,349,366,369,367,367,353,385,0.386,0.83,6.76,3.24,2.52,2.26
0.869791030883789,0.937759339809418,1.05018842220306,0.973304510116577,0.995029330253601,1.53662526607513,3.38E-01,5.74E-01,8.69E-01,8.72E-01,8.16E-01,19.5880425980834,19.8993181647851,1,6366,327,525,367,510,347,353,376,373,380,377,362,389,5.39,3.57,9.4,3.43,14.7,9.55
0.858932077884674,0.945877373218536,1.05044424533844,1.00308525562286,0.996056258678436,1.62328958511353,3.45E-01,5.76E-01,8.58E-01,8.81E-01,8.10E-01,-2.10424139392627,5.21686339264251,1,6369,333,531,368,513,350,361,379,382,383,382,365,398,1.07,3.33,5.39,3.52,3.08,16.5
0.860706031322479,0.935034811496735,1.06334364414215,0.982271134853363,1.00528347492218,1.67981052398682,3.41E-01,5.78E-01,8.65E-01,8.77E-01,7.65E-01,2.09507953160788,4.22734495226299,1,6371,332,539,365,524,352,363,380,385,382,388,366,402,2.07,2.22,5.94,3.57,6.03,8.76
0.84931606054306,0.924113035202026,1.03025233745575,0.994628131389618,1.00997424125671,1.75472450256348,3.47E-01,5.78E-01,8.55E-01,8.78E-01,7.76E-01,3.29020305676952,3.71192369669834,1,6373,330,547,363,531,352,367,380,391,381,392,367,406,2.03,1.61,3.21,3.73,3.84,2.17
0.831625878810883,0.8864426612854,1.05415225028992,0.998186111450195,1.0080132484436,1.73478817939758,3.45E-01,5.84E-01,8.40E-01,8.71E-01,7.56E-01,1.93412651758636,5.60196929932613,1,6375,329,546,362,527,352,369,379,393,379,392,366,408,1.53,2.46,6.87,3.55,4.11,3.58
0.826640725135803,0.861344516277313,1.05769121646881,0.998799562454224,1.01336014270782,1.81648278236389,3.47E-01,5.71E-01,8.42E-01,8.79E-01,8.24E-01,4.1172710373595,4.43501361363526,1,6377,328,557,370,536,355,375,381,399,381,400,369,414,0.962,6.12,3.02,3.54,2.92,0.899
0.827441930770874,0.911883890628815,1.05100500583649,0.997034966945648,1.00049078464508,1.87979960441589,3.47E-01,5.79E-01,8.37E-01,8.58E-01,7.92E-01,4.33017286643478,4.48729947566184,1,6379,329,557,362,542,354,377,380,401,380,405,367,416,0.792,3.95,2.84,3.34,3.53,3.84
0.82553768157959,0.927530527114868,1.04808163642883,0.988114893436432,1.00228321552277,1.81056034564972,3.51E-01,5.74E-01,8.34E-01,8.72E-01,8.29E-01,-1.42512497732642,2.44624877959677,1,6381,327,566,361,548,355,380,381,406,380,410,370,420,1.04,2.67,2.34,3.03,2.07,9.6
0.815225422382355,0.883919596672058,1.0549088716507,0.981290936470032,1.0023490190506,1.98792314529419,3.45E-01,5.80E-01,8.28E-01,8.75E-01,8.04E-01,-0.1417749393433,2.47016331770581,1,6383,327,575,369,557,355,387,381,414,381,420,368,429,1.87,0.757,1.74,3.28,0.582,5.82
0.820109605789185,0,1.04974055290222,1.0314667224884,0.991446673870087,1.81529414653778,3.57E-01,5.81E-01,8.24E-01,8.82E-01,8.42E-01,-3.00709662754783,3.07963492632184,1,6385,291,572,0,0,324,403,348,425,347,420,337,440,0.528,0.521,3.21,3.24,0.57,7.9
0.818592250347137,0,1.03789496421814,0.990221321582794,1.00477111339569,1.93432462215424,3.45E-01,5.72E-01,8.51E-01,8.78E-01,7.95E-01,3.06017096429043,3.15771971678009,1,6387,321,587,0,0,350,403,375,428,378,432,363,443,1.02,1.93,4.09,2.93,9.25,6.7
0.790651857852936,0.973913013935089,1.0247323513031,0.934309363365173,0.986446738243103,2.01676630973816,3.84E-01,5.80E-01,8.39E-01,8.69E-01,9.02E-01,1.53950652189483,2.05388391571597,1,6390,178,348,291,330,239,136,262,176,310,251,241,180,2.39,1.84,9.22,2.93,1.68,4.3
0.792638778686523,0,1.03822195529938,0.966521799564362,0.976099371910095,2.14478492736816,3.43E-01,5.75E-01,8.63E-01,8.83E-01,7.55E-01,-5.60203470803986,6.17808109987301,1,6392,137,249,0,0,237,84.6,253,116,237,192,231,130,4.83,3.36,9.89,2.92,3.7,14.4
0.799608170986176,0.936457514762878,1.02738749980927,0.97992217540741,0.985282897949219,1.99706637859344,3.56E-01,6.29E-01,8.31E-01,8.43E-01,8.06E-01,2.39307760258134,4.06189424794998,1,6394,144,354,194,353,232,194,250,229,261,224,230,236,0.695,3.17,13.6,2.98,2.29,2.78
0.790974497795105,0,1.0359058380127,0.982300579547882,0.990644097328186,2.32733035087585,3.45E-01,5.81E-01,8.38E-01,8.32E-01,8.46E-01,-2.79538693264367,3.92118831582171,1,6396,135,380,0,0,234,199,250,235,268,315,230,240,0.361,4.16,11.1,2.95,2.76,2.45
0.812172889709473,0,1.032266497612,0.988033950328827,1.010422706604,2.04623937606812,3.61E-01,5.91E-01,8.17E-01,8.48E-01,8.46E-01,1.09974165416608,1.1262143736396,1,6398,160,476,0,0,240,307,258,340,273,346,239,350,0.548,1.21,10.3,2.88,1.82,1.49
0.799900949001312,0.91899311542511,1.0445111989975,0.971657156944275,1.0048930644989,2.0364978313446,3.48E-01,5.72E-01,8.36E-01,8.57E-01,8.63E-01,2.29083045562524,3.81542723132674,0,6400,176,506,226,504,247,323,268,360,284,376,245,367,0.453,0.56,7.66,2.94,2.76,1.44
0.809563457965851,0,1.06097519397736,1.0041424036026,1.01195085048676,2.06793904304504,3.59E-01,5.88E-01,8.27E-01,8.51E-01,8.88E-01,-0.285541492686857,1.08063199577649,0,6402,218,540,0,0,273,368,297,395,302,396,280,409,0.276,1.03,4.13,3.02,0.649,0.215
0.794075727462769,0.914264619350433,1.04588317871094,0.983558773994446,1.0037544965744,2.18895745277405,3.52E-01,5.93E-01,8.39E-01,8.53E-01,8.71E-01,-0.077601237110551,0.55550108887234,0,6404,273,587,325,573,300,400,329,428,348,439,308,441,0.701,0.184,1.9,2.93,0.912,2.67
0.817156493663788,1.00970876216888,1.04273629188538,0.998904526233673,1.00159227848053,2.04360127449036,3.52E-01,5.71E-01,8.45E-01,8.40E-01,8.83E-01,2.15967566766144,2.4794954019071,0,6406,318,605,358,585,340,424,367,446,372,445,353,464,1.02,0.343,4.29,3.02,2.04,3.23
0.806564927101135,0.902584910392761,1.03292298316956,1.00571227073669,1.0116800069809,1.96430659294128,3.52E-01,5.77E-01,8.34E-01,8.59E-01,8.98E-01,-7.96080535334246,8.58039992630202,0,6409,314,596,351,577,349,416,372,437,371,442,361,456,0.0865,1.09,11,2.94,5.31,5
0.815014719963074,0.924740493297577,1.0374356508255,0.977339386940002,1.00687432289124,2.01986026763916,3.54E-01,5.69E-01,8.42E-01,8.61E-01,8.69E-01,10.1298268597975,10.3049387038472,0,6411,334,596,370,575,359,401,385,435,386,434,372,448,0.549,0.437,12.9,2.95,4.92,1.09
0.808577239513397,0.934940874576569,1.03827285766602,0.998882353305817,0.996674776077271,1.97870004177094,3.48E-01,5.79E-01,8.32E-01,8.61E-01,9.26E-01,-5.05904884451182,6.43227469422742,0,6413,334,526,371,510,357,333,383,361,385,370,370,374,0.106,0.361,15.5,2.89,4.71,1.53
0.803410589694977,0.914181232452393,1.04521751403809,0.979956090450287,1.00367224216461,1.97851514816284,3.49E-01,5.41E-01,8.25E-01,8.59E-01,8.67E-01,8.74007408206238,9.28973217237744,0,6415,341,351,375,332,363,166,388,191,389,193,376,207,0.665,0.627,13.9,2.93,4.04,2.74
0.811355531215668,0.877530336380005,1.03793251514435,0.97614198923111,0.998863935470581,1.94636249542236,3.34E-01,5.36E-01,8.24E-01,8.67E-01,8.83E-01,-7.10653945204596,7.97001290315672,0,6417,353,358,372,350,366,177,392,202,393,213,380,216,0.124,0.959,13.8,2.79,4.98,3.25
0.823720335960388,0.95931476354599,1.06320190429688,0.999503672122955,1.00764334201813,1.71148300170898,3.63E-01,5.55E-01,8.33E-01,8.68E-01,8.87E-01,-1.41354330906223,1.60722513716744,0,6419,330,388,378,364,360,202,384,229,383,230,373,241,0.713,0.542,11.2,2.93,0.404,1.91
0.825557291507721,0.944471716880798,1.04848158359528,0.966013908386231,1.01805007457733,1.91810750961304,3.45E-01,5.46E-01,8.46E-01,8.54E-01,8.59E-01,-0.973228261485835,1.60390455151953,0,6421,333,404,362,389,361,212,385,239,383,248,373,254,0.535,0.793,10.2,2.86,2.01,4.97
0.810989081859589,0,1.06251740455627,0.988797187805176,1.00996160507202,1.71130895614624,3.58E-01,5.46E-01,8.38E-01,8.63E-01,8.61E-01,5.01081705924376,5.1809926363455,0,6423,334,410,0,0,356,226,383,251,383,255,369,266,0.417,0.994,6.27,2.99,2.89,0.776
0.80995523929596,0.934494197368622,1.04543554782867,0.960937917232513,1.00682377815247,1.82788014411926,3.46E-01,5.39E-01,8.50E-01,8.51E-01,8.87E-01,-1.40099343254226,1.42300510252404,0,6425,336,413,377,393,361,227,385,254,385,258,373,270,0.482,0.269,6.19,2.8,0.384,2.24
0.83651340007782,0.899809181690216,1.05607986450195,0.996268391609192,1.01177299022675,1.61683297157288,3.56E-01,5.52E-01,8.34E-01,8.61E-01,8.75E-01,1.12046819308005,3.77039995213794,0,6428,335,419,370,403,358,237,384,262,384,262,371,279,1.16,0.364,0.464,2.94,2.24,3.53
0.839412808418274,0.909759879112244,1.04267597198486,0.968067705631256,1.01068043708801,1.65122973918915,3.40E-01,5.42E-01,8.37E-01,8.49E-01,8.64E-01,-7.22635601651423,8.11135314302904,0,6430,335,424,372,408,360,238,384,265,381,271,372,282,0.93,0.113,0.538,2.91,7.06,0.429
0.830549776554108,0.96659916639328,1.06135618686676,0.976727247238159,0.998502492904663,1.47517883777618,3.68E-01,5.43E-01,8.46E-01,8.71E-01,9.10E-01,3.19591768938575,4.13226402549348,0,6432,286,414,304,414,308,250,339,270,355,271,324,287,0.599,0.547,1.72,2.85,1.91,2.42
0.817724287509918,0.911466658115387,1.04610598087311,0.96026998758316,1.00177371501923,1.64253568649292,3.54E-01,5.41E-01,8.53E-01,8.67E-01,8.59E-01,-3.79173462544617,5.26505071072059,0,6434,315,439,356,423,342,258,368,283,374,286,354,299,1.55,0.76,1.26,2.9,5.17,10.3
0.811068415641785,0.959571361541748,1.05034554004669,0.959718644618988,1.00109171867371,1.55802750587463,3.56E-01,5.48E-01,8.47E-01,8.54E-01,8.78E-01,7.75036520009891,7.90002308208924,0,6436,318,449,360,426,358,260,381,286,379,289,369,302,0.235,0.509,2.92,2.9,7.89,1.16
0.796149849891663,0.933365046977997,1.03773427009583,0.944892525672913,1.00735604763031,1.46082675457001,3.46E-01,5.52E-01,8.43E-01,8.63E-01,8.56E-01,-2.14689021904417,3.29764982745016,0,6438,328,452,373,431,357,263,381,291,379,297,369,306,0.754,0.877,3.52,2.94,3.16,7.72
0.797892570495606,0.940719127655029,1.05088627338409,0.955272018909454,0.995424330234528,1.37057936191559,3.50E-01,5.49E-01,8.34E-01,8.55E-01,8.60E-01,1.79015775004797,1.86746165942451,0,6440,327,456,368,438,357,271,381,298,379,299,369,314,0.406,0.402,5.07,3,1.71,1.66
0.788297355175018,0.918544888496399,1.05045115947723,0.940415620803833,1.01063024997711,1.4675920009613,3.43E-01,5.49E-01,8.19E-01,8.53E-01,8.52E-01,-3.2709765661359,3.49416468874936,0,6442,327,458,356,441,357,274,380,300,378,304,369,316,0.44,0.426,3.75,2.71,3.53,4.59
0.804298758506775,0.882550358772278,1.04216384887695,0.960978209972382,0.9857097864151,1.3727799654007,3.53E-01,5.45E-01,8.37E-01,8.55E-01,8.82E-01,4.84546050283214,5.76730020261662,0,6444,303,454,320,437,339,287,359,310,351,303,351,325,0.825,0.642,5.5,2.9,2.5,3.5
0.778257429599762,0.91039103269577,1.04260313510895,0.942595958709717,1.00345492362976,1.39916026592255,3.41E-01,5.53E-01,8.51E-01,8.55E-01,8.42E-01,-9.72904913725489,11.653807211659,0,6447,323,467,358,450,352,287,377,311,378,312,364,327,0.759,1.76,4.3,2.89,8.94,4.05
0.812729477882385,0.927710831165314,1.04943132400513,0.956498742103577,0.997257471084595,1.24755668640137,3.49E-01,5.62E-01,8.44E-01,8.65E-01,8.78E-01,2.16189809042589,4.49471433388141,0,6449,326,468,368,448,354,291,379,314,378,314,367,330,1.84,1.98,6.08,2.65,1.72,4.39
0.810928583145142,0.888252139091492,1.04706704616547,0.939770221710205,1.00073289871216,1.31574928760529,3.39E-01,5.55E-01,8.36E-01,8.70E-01,8.57E-01,-2.90750382172029,3.46001010367723,0,6451,323,471,353,455,352,294,376,318,374,320,364,335,0.565,1.85,4.32,2.67,5.27,6.07
0.812727332115173,0.932598829269409,1.04363369941711,0.949743747711182,0.989321231842041,1.24259781837463,3.63E-01,5.65E-01,8.43E-01,8.60E-01,8.68E-01,13.7272517536757,13.9857940884145,0,6453,294,477,322,458,329,312,351,332,349,328,343,349,1.37,0.52,6.31,2.63,10.2,5
0.789761424064636,0.899999976158142,1.04221844673157,0.94794499874115,0.999910175800324,1.25334191322327,3.47E-01,5.69E-01,8.69E-01,8.60E-01,8.35E-01,-2.64047416091931,2.75608582056204,0,6455,322,494,364,470,351,318,375,342,375,341,362,359,0.815,1.32,7.19,2.63,2.21,0.352
0.824678659439087,0.961764693260193,1.04480409622192,0.952756881713867,1.0015914440155,1.21651434898376,3.53E-01,5.55E-01,8.56E-01,8.51E-01,8.91E-01,6.95529639864906,9.10124246132352,0,6457,328,495,370,474,353,319,379,343,381,341,367,359,1.1,0.268,9.31,2.64,5.52,2.09
0.832406282424927,0.926916241645813,1.04645240306854,0.941640377044678,0.99664968252182,1.22416973114014,3.45E-01,5.54E-01,8.52E-01,8.49E-01,8.53E-01,-0.524051729782326,2.35049493939492,0,6459,327,500,364,481,350,325,377,348,374,349,363,364,0.516,0.2,8.88,2.69,0.984,3.33
0.810516357421875,0.919716000556946,1.04388177394867,0.938057065010071,0.993548393249512,1.14025843143463,3.51E-01,5.60E-01,8.53E-01,8.58E-01,8.66E-01,-7.47994879187291,8.20772975874409,0,6461,322,507,361,489,353,330,375,355,376,354,366,369,1.28,1.9,12.1,2.67,4.03,4.72
0.822297871112824,0.91532427072525,1.03795850276947,0.93045973777771,0.991425275802612,1.16425549983978,3.49E-01,5.59E-01,8.46E-01,8.50E-01,8.54E-01,3.38627226426224,3.93270577004151,0,6463,323,513,357,498,352,334,376,359,376,361,364,375,1.35,1.45,10.8,2.69,0.788,4.7
0.806799352169037,0.940769970417023,1.02907061576843,0.940161526203156,0.998649299144745,1.14762377738953,3.51E-01,5.53E-01,8.50E-01,8.55E-01,8.65E-01,-2.57173391267923,3.19878992659058,0,6465,322,527,352,508,352,350,376,374,373,373,364,390,1.28,1.61,13,2.67,0.537,4.1
0.797839105129242,0.916985929012299,1.04843318462372,0.929169118404388,0.994998812675476,1.13185942173004,3.44E-01,5.44E-01,8.40E-01,8.48E-01,8.16E-01,-2.01892172466839,4.6907304980458,0,6468,321,543,356,529,350,361,373,388,369,397,361,405,1.09,0.806,11.4,2.57,3.64,4.69
0.79924613237381,0.911028265953064,1.04291355609894,0.947693824768066,0.983844935894012,1.08689844608307,3.58E-01,5.60E-01,8.56E-01,8.68E-01,8.72E-01,2.4493245091813,4.88743750270439,0,6470,295,566,332,547,315,404,347,424,354,417,332,442,1.76,0.633,14.5,2.59,4.83,4.04
0.814374506473541,0.882352948188782,1.04000461101532,0.943682193756104,1.00108337402344,1.12385189533234,3.55E-01,5.65E-01,8.63E-01,8.60E-01,8.24E-01,-1.46978309885258,5.7358147073545,0,6472,310,598,342,584,332,428,360,451,361,451,347,467,1.75,1.78,11.5,2.49,6.37,4.38
0.833070337772369,0,1.05217492580414,0.954646527767181,1.00210464000702,1.12640428543091,3.55E-01,5.52E-01,8.39E-01,8.64E-01,8.14E-01,4.76952574818155,6.74732220343082,0,6474,309,615,0,0,339,443,364,465,363,460,351,481,1.34,1.19,11,2.55,5.14,3.68
0.831449508666992,0.903317511081696,1.03381657600403,0.941506743431091,0.990456223487854,1.11370038986206,3.49E-01,5.58E-01,8.50E-01,8.69E-01,7.95E-01,3.09339002659731,4.74668192313796,0,6476,310,583,348,566,340,407,364,432,361,431,353,447,1.53,1,9.23,2.54,2.77,5.84
0.818945527076721,0.932602763175964,1.05391323566437,0.929964303970337,0.997907996177673,1.05830049514771,3.53E-01,5.49E-01,8.43E-01,8.65E-01,8.38E-01,6.46164970438426,6.9855731139212,0,6478,307,552,347,534,338,378,363,401,361,402,351,418,0.821,1.48,9.48,2.49,5.41,2.82
0.819859445095062,0.929824590682983,1.06378281116486,0.931855857372284,0.98609858751297,1.08386814594269,3.55E-01,5.53E-01,8.37E-01,8.64E-01,7.63E-01,4.83605190626869,6.24960137528638,0,6480,307,551,329,538,335,381,359,404,354,403,347,420,0.325,0.884,7.17,2.56,3.78,4.08
0.820833027362824,0.910356819629669,1.04957938194275,0.93341201543808,0.992205381393433,1.0513858795166,3.60E-01,5.64E-01,8.50E-01,8.69E-01,9.01E-01,2.06558287734397,3.33777527358783,0,6482,292,562,316,546,316,399,343,420,344,414,332,435,0.644,0.935,7.83,2.51,3.26,1.28
0.812322974205017,0.93123209476471,1.03815221786499,0.936622381210327,0.98751974105835,1.06675517559052,3.60E-01,5.59E-01,8.49E-01,8.66E-01,7.95E-01,1.35029507920092,4.81543873670672,0,6484,307,572,340,557,329,404,357,424,357,425,343,443,0.69,0.652,7.29,2.58,0.95,2.59
0.827116906642914,0.936363637447357,1.04090178012848,0.927216351032257,0.991155445575714,1.04364228248596,3.56E-01,5.59E-01,8.43E-01,8.70E-01,8.01E-01,1.92739059330043,3.21526132129072,0,6487,306,576,334,560,331,408,358,429,356,425,345,447,0.318,0.299,9.03,2.59,5.44,1.87
0.812544822692871,0.917948722839356,1.05386471748352,0.932156264781952,0.996044158935547,1.0309864282608,3.52E-01,5.63E-01,8.38E-01,8.68E-01,7.90E-01,-1.28452498604074,3.3316846989691,0,6489,303,579,327,565,329,411,356,432,355,430,344,449,0.12,0.387,9.53,2.48,5.02,2.24
0.802525877952576,0.904934346675873,1.04658532142639,0.936920523643494,0.995885908603668,1.03116512298584,3.52E-01,5.69E-01,8.33E-01,8.71E-01,7.76E-01,3.18847551993761,6.85714155847373,0,6491,304,589,344,568,333,417,358,439,356,437,346,456,0.5,0.519,8.51,2.6,5.35,2.81
0.810265600681305,0,1.05746722221375,0.923953473567963,0.997899770736694,1.03001713752747,3.48E-01,5.70E-01,8.31E-01,9.00E-01,8.17E-01,0.394231696405761,5.58577338592287,0,6493,304,593,0,0,332,422,357,445,355,426,345,459,0.368,0.599,9.18,2.53,4.76,3.65
0.81107634305954,0.91821563243866,1.04962778091431,0.947054088115692,0.987372279167175,1.02730524539948,3.56E-01,5.47E-01,8.35E-01,8.72E-01,8.07E-01,4.57005275879393,7.61397449243637,0,6495,304,562,340,542,331,391,357,414,354,411,344,429,0.707,0.465,9.41,2.56,2.71,0.832
0.807326555252075,0,1.06220257282257,0.935559332370758,0.993704259395599,1.00558114051819,3.57E-01,5.96E-01,8.45E-01,8.59E-01,7.86E-01,7.06262395601898,7.14891612672179,0,6497,304,558,0,0,331,394,356,417,354,374,343,431,1,0.831,7.09,2.6,3.18,5.52
0.790531933307648,0.946175634860992,1.05117106437683,0.931596636772156,0.997017383575439,0.994320511817932,3.52E-01,5.48E-01,8.29E-01,8.67E-01,8.24E-01,1.73977873228949,3.3751685584725,0,6499,305,474,322,461,327,308,356,329,355,326,342,345,0.296,0.859,7.44,2.42,4.66,3.7
0.846911549568176,0.90867954492569,1.03999876976013,0.927540600299835,0.996723473072052,1.02277290821075,3.45E-01,5.54E-01,8.45E-01,8.79E-01,7.99E-01,3.26719279229353,3.47680994016855,0,6501,303,478,343,461,328,311,355,332,354,330,342,350,0.257,0.672,6.18,2.64,2.72,3.78
0.840638279914856,0.906119048595428,1.04557192325592,0.928746461868286,1.00053787231445,1.00351417064667,3.46E-01,5.55E-01,8.33E-01,8.68E-01,7.91E-01,-2.92938645067158,3.11794401704564,0,6503,303,469,339,451,329,299,354,320,351,322,342,337,0.435,0.382,4.57,2.53,3.24,1.74
0.834731340408325,0.876510083675385,1.06059205532074,0.943817138671875,0.992040812969208,1.02678632736206,3.49E-01,5.58E-01,8.21E-01,8.43E-01,7.84E-01,3.61225897694743,5.58119299377925,0,6506,304,450,333,426,327,287,354,307,352,292,342,324,1.27,0.654,2.04,2.48,2.63,5.67
0.821416735649109,0.908983469009399,1.04132616519928,0.954102575778961,0.990021407604218,0.971906721591949,3.43E-01,5.35E-01,8.34E-01,8.58E-01,8.18E-01,7.88104377427476,9.10324117236461,0,6508,280,413,310,394,300,256,330,275,331,266,317,293,1.17,1.14,1.59,2.61,9.81,1.22
0.804411470890045,0.920990586280823,1.04858613014221,0.931952834129334,1.00759053230286,1.00676596164703,3.42E-01,5.36E-01,8.39E-01,8.63E-01,7.80E-01,-2.80190590888997,4.56030056024041,0,6510,302,428,334,412,320,264,351,284,352,279,337,301,0.968,0.625,1.61,2.54,5.33,3.76
0.829828977584839,0.936884224414825,1.06936180591583,0.959712743759155,0.998314142227173,0.958816111087799,3.44E-01,5.46E-01,8.41E-01,8.60E-01,7.80E-01,6.56806717143948,7.36996026435566,0,6512,307,429,337,413,327,266,355,286,356,281,342,303,0.688,0.542,2.66,2.59,4.92,1.73
0.819847702980042,0.92833149433136,1.0545334815979,0.950897395610809,0.995626568794251,1.01037192344666,3.46E-01,5.37E-01,8.31E-01,8.66E-01,7.95E-01,0.646634119732415,3.70499261433321,0,6514,305,432,333,418,328,267,357,287,356,284,344,305,0.789,0.158,3.2,2.54,3.53,1.8
0.826289892196655,0.905075788497925,1.04750919342041,0.964823663234711,0.998697221279144,0.987943828105927,3.51E-01,5.51E-01,8.41E-01,8.60E-01,8.08E-01,-0.903785098680094,2.76342979808448,0,6516,306,437,338,418,330,271,357,292,357,288,344,309,1.84,1.21,4.09,2.5,2.52,6.77
0.806639432907105,0.917171716690064,1.05483329296112,0.946740925312042,1.00468266010284,0.997007668018341,3.47E-01,5.54E-01,8.24E-01,8.64E-01,7.92E-01,-6.73374052158904,7.49036083208815,0,6518,304,442,339,424,329,274,358,295,357,292,345,312,1.65,1.29,4.85,2.55,6.36,7.43
0.810002982616425,0.895480215549469,1.07206416130066,0.960391700267792,0.989052712917328,0.97390741109848,3.45E-01,5.59E-01,8.28E-01,8.55E-01,7.85E-01,-1.12536926733337,2.08997575222712,1,6520,307,440,345,422,326,278,357,298,356,292,342,315,0.783,1.02,4.13,2.45,3.36,6.38
0.814675569534302,0.927083313465118,1.06060981750488,0.945340156555176,1.00430166721344,1.00274205207825,3.44E-01,5.44E-01,8.38E-01,8.46E-01,7.68E-01,1.89739987674897,3.9660291018961,1,6522,310,437,339,424,325,277,357,297,357,294,343,312,0.0963,0.807,4.65,2.51,3.94,0.369
0.845730721950531,0.959971904754639,1.05105543136597,0.949563324451447,0.998151421546936,0.969806909561157,3.46E-01,5.51E-01,8.34E-01,8.55E-01,7.89E-01,-6.58516294942133,9.36010317693606,1,6525,304,448,336,430,327,284,356,305,356,299,342,322,0.598,2.1,6.52,2.63,5.92,6.8
0.818073272705078,0.904555320739746,1.19822692871094,0.940805673599243,1.00335574150085,1.02583003044128,3.46E-01,5.63E-01,8.43E-01,8.49E-01,7.61E-01,-4.38655632496734,6.83789053717997,1,6527,304,454,330,440,326,285,357,307,356,306,343,324,0.97,0.39,5.99,2.2,5.84,3.36
0.813578486442566,0.91436892747879,1.03882503509521,0.963099122047424,0.985711395740509,1.01219439506531,3.51E-01,5.63E-01,8.34E-01,8.67E-01,7.82E-01,-2.24572788649957,6.23139818712749,1,6529,302,464,330,447,321,304,352,322,352,316,337,341,0.625,0.801,5.16,1.99,5.53,8.69
0.801194727420807,0.895161271095276,1.03498065471649,0.946823060512543,0.997412621974945,1.08126354217529,3.50E-01,5.55E-01,8.49E-01,8.64E-01,7.90E-01,-4.37148532185939,4.45095017702845,1,6531,303,482,341,464,325,315,354,336,352,333,341,352,1.61,1.75,5.83,2.02,4.46,1.76
0.811812520027161,1.01843321323395,1.06420433521271,0.96904194355011,0.995078682899475,1.09545719623566,3.52E-01,5.64E-01,8.37E-01,8.66E-01,7.75E-01,-6.0960112015964,6.14035743474785,1,6533,305,491,314,460,324,329,353,349,351,341,338,367,2.87,2.1,7.27,2.06,7.65,6.78
0.839409410953522,0.900386452674866,1.04303288459778,0.959840357303619,0.994141280651093,1.17122352123261,3.58E-01,5.50E-01,8.41E-01,8.73E-01,7.91E-01,5.30397968238639,5.45408243523428,1,6535,300,507,332,492,326,337,353,359,350,359,340,374,1.35,1.75,5.55,2.18,5.97,4.3
0.848543286323547,0.944253861904144,1.05264461040497,0.964745819568634,0.99735015630722,1.22951138019562,3.59E-01,5.59E-01,8.18E-01,8.59E-01,8.01E-01,-0.43240967424573,1.30423367451437,1,6537,298,519,321,501,327,346,353,369,350,367,340,385,1.38,2.86,8.75,2.17,3.63,2.76
0.828909993171692,0.898800611495972,1.05572414398193,0.957525074481964,0.9949049949646,1.28481876850128,3.55E-01,5.59E-01,8.42E-01,8.76E-01,8.13E-01,-7.19238177877137,7.98243051180945,1,6539,296,528,333,511,327,354,353,377,348,377,340,393,1.73,1.61,10.7,1.8,4.8,6.87
0.82091623544693,0.966972470283508,1.0552476644516,0.992924511432648,0.995492041110992,1.27543079853058,3.62E-01,5.55E-01,8.45E-01,8.70E-01,7.74E-01,-4.89423519554719,5.96159384377608,1,6541,297,536,324,514,322,370,348,391,344,385,334,408,2.89,1.27,11.1,1.74,4.04,6.1
0.809423387050629,0.909090936183929,1.04853546619415,0.959906697273254,0.988648533821106,1.3745596408844,3.65E-01,5.43E-01,8.39E-01,8.88E-01,8.23E-01,365.872774641493,369.350841370096,1,6543,297,550,330,534,325,375,350,400,347,400,338,415,31.3,16.4,4.97,1.69,99.8,111
0.828956186771393,0.927049160003662,1.05490231513977,1.00313889980316,0.991012930870056,1.38571572303772,3.69E-01,5.39E-01,8.42E-01,8.72E-01,7.89E-01,-1.2773564532397,6.39621137250145,1,6546,298,556,327,538,320,392,348,412,347,404,333,427,10.2,10.5,10.4,1.85,17.4,81.2
0.849215626716614,0.912251651287079,1.04647874832153,0.94816118478775,0.985935866832733,1.45891547203064,3.65E-01,5.63E-01,8.45E-01,8.83E-01,8.11E-01,14.1136831418039,14.3107731791178,1,6548,293,577,321,562,322,399,348,424,343,427,335,439,4.76,5.97,12.8,2.27,10.4,19.5
0.857734322547913,0.8203125,1.05366349220276,1.02261340618134,0.991014897823334,1.52366578578949,3.68E-01,5.72E-01,8.54E-01,8.88E-01,8.57E-01,-4.43752226067066,8.1850685638007,1,6550,288,599,320,579,316,428,341,450,339,443,329,464,13.1,1.89,14.5,2.05,20.1,21
0.852340817451477,0,1.03967094421387,0.986493170261383,0.989132761955261,1.58681797981262,3.80E-01,5.69E-01,8.47E-01,8.91E-01,8.44E-01,0.602284521262448,3.95207228195844,1,6552,293,609,0,0,319,434,344,458,339,458,331,474,0.921,4.03,13,2.21,7.04,12.8
0,0,0,0,0,0,0.00E+00,0.00E+00,0.00E+00,0.00E+00,0.00E+00,-5.10685709955602,5.62793459232613,1,6554,0,0,0,0,0,0,0,0,0,0,0,0,2.6,12.8,26.7,2.02,5.98,5.84
0.907924830913544,0.939784944057465,1.06029009819031,1.01666605472565,0.991284132003784,1.58720231056213,3.96E-01,6.28E-01,9.11E-01,8.63E-01,8.57E-01,-7.61593109300024,8.10912192642559,1,6556,284,713,343,686,308,549,333,571,324,523,321,586,4.67,1.38,28.3,1.91,20.7,12.7
0.89424192905426,0.921453177928925,1.05141186714172,1.00204181671143,0.993529975414276,1.65895009040833,3.97E-01,6.03E-01,8.87E-01,8.89E-01,8.51E-01,-7.67997468316174,9.93106391124115,1,6558,278,592,304,572,272,420,307,439,311,440,292,453,3.8,1.31,21.4,2.15,4.49,5.4
0.894124209880829,0.980923712253571,1.04412889480591,1.02843880653381,0.986397325992584,1.73164594173431,4.12E-01,6.02E-01,8.96E-01,8.87E-01,9.18E-01,5.42795970597588,5.45360095167105,1,6560,260,632,300,604,232,446,265,468,267,492,253,476,4.65,2.89,30.4,2.04,11,11.4
0,0,0,0,0.913360297679901,0,0.00E+00,0.00E+00,0.00E+00,0.00E+00,0.00E+00,-2.71582302399822,3.23778313317929,1,6562,0,0,0,0,0,0,0,0,0,0,0,0,1.57,4.69,37.1,2.16,3.1,9.3
0.905155003070831,0,1.02434420585632,0.941024422645569,0.973161637783051,1.82925939559937,4.20E-01,6.61E-01,9.27E-01,9.18E-01,7.96E-01,22.1000143380678,29.2688881560641,1,6565,346,593,0,0,258,507,309,512,317,457,290,527,1.97,1.97,31.1,1.83,17.3,14.7
0,0,0,0,0,0,0.00E+00,0.00E+00,0.00E+00,0.00E+00,0.00E+00,-2.10084425755703,4.16832345061043,1,6567,0,0,0,0,0,0,0,0,0,0,0,0,1.14,5.86,28.3,2.01,10.8,17.2
0,0,0,0,0,0,0.00E+00,0.00E+00,0.00E+00,0.00E+00,0.00E+00,-2.19764688824764,6.67593539514961,1,6569,0,0,0,0,0,0,0,0,0,0,0,0,4.38,7.07,26.5,1.18,6.52,11.2
0.897726714611053,0.928758382797241,1.22146666049957,0.99032199382782,0.995727777481079,1.79341375827789,3.99E-01,5.75E-01,8.88E-01,9.19E-01,8.54E-01,4.26781824241513,19.8721608554061,1,6571,614,637,638,613,597,465,630,480,627,484,617,498,11.4,7.89,32.3,1.18,37.2,4.34
0.93906033039093,0.961661338806152,0.904183387756348,0.875211596488953,0.966743648052216,0.919060587882996,4.16E-01,3.56E-01,1.33E+00,9.47E-01,1.19E+00,-2.91703930430887,4.01247748343166,1,6573,0,0,0,0,0,0,0,0,0,0,0,0,9.3,0.299,16.5,1.84,40.4,63.7
0,0,0,0,0,0,0.00E+00,0.00E+00,0.00E+00,0.00E+00,0.00E+00,1.77956382522354,22.7732505213472,1,6575,0,0,0,0,0,0,0,0,0,0,0,0,35.5,5.97,13.1,2.25,6.32,1.73
0.886564791202545,0,1.04568517208099,0.96438205242157,0.997006952762604,1.88755357265472,3.74E-01,5.82E-01,8.72E-01,8.99E-01,8.57E-01,-0.774947714465569,6.78362696905798,1,6577,471,436,0,0,496,262,531,288,544,293,506,301,27.8,28.9,9.04,3.39,2.23,74.7
0.888782560825348,0,1.05489635467529,0.990639567375183,1.00357663631439,2.08074569702148,3.88E-01,5.56E-01,8.54E-01,8.95E-01,9.32E-01,1.84049885105759,19.5163071173046,1,6579,544,452,0,0,573,280,595,301,575,299,584,315,7.12,37.7,13.5,2.96,16.9,30.3
0.872570335865021,0.918233871459961,1.03383076190948,0.97516256570816,0.993348300457001,1.98428297042847,3.80E-01,5.52E-01,8.84E-01,9.00E-01,8.77E-01,-8.00412993072477,13.1424861997009,0,6581,503,444,535,428,515,276,546,297,550,295,529,313,5.35,27.9,26.9,1.54,8.84,10.9
0.897390186786652,0,1.05313229560852,1.01629829406738,1.0062084197998,1.39785408973694,3.92E-01,5.57E-01,8.38E-01,8.84E-01,9.11E-01,-18.4498915433478,19.8311570017315,0,6584,550,448,0,0,550,284,577,304,548,300,566,316,5.04,9.37,54.3,2.35,16.7,20.6
0.891066789627075,0.923943638801575,1.05002212524414,1.02890384197235,1.01601660251617,2.06564879417419,3.77E-01,5.60E-01,8.79E-01,9.28E-01,8.30E-01,25.4030528719139,27.3035150238275,0,6586,464,465,504,433,473,287,501,308,498,305,489,324,8.04,7.12,71.3,2.21,13.3,34.1
0.877768635749817,0.931016862392426,1.04360747337341,0.98348742723465,1.00882470607758,1.9940732717514,3.86E-01,5.48E-01,8.91E-01,9.06E-01,8.33E-01,-13.1737268911845,13.7582113586921,0,6588,470,467,500,442,466,290,501,311,499,308,483,328,1.67,4.06,97.5,1.52,8.68,12.3
0,0,0,0,0,0,0.00E+00,0.00E+00,0.00E+00,0.00E+00,0.00E+00,-6.10523903663632,7.78831302684091,0,6590,0,0,0,0,0,0,0,0,0,0,0,0,15.7,8.54,115,1.61,34.4,42.5
0,0,0,0,0,0,0.00E+00,0.00E+00,0.00E+00,0.00E+00,0.00E+00,6.76691254552745,7.48314581767038,0,6592,0,0,0,0,0,0,0,0,0,0,0,0,11.1,4.68,133,2.13,27.7,46.4
0,0,0,0,0,0,0.00E+00,0.00E+00,0.00E+00,0.00E+00,0.00E+00,-35.0680827314295,36.5656928980363,0,6594,0,0,0,0,0,0,0,0,0,0,0,0,11.3,19,145,2.95,24.5,92.4
0,0,0,0,0,0,0.00E+00,0.00E+00,0.00E+00,0.00E+00,0.00E+00,-2.96658634786351,3.613451279024,0,6596,0,0,0,0,0,0,0,0,0,0,0,0,15,9.62,145,2.5,6.67,48
0,0,0,0,0,0,0.00E+00,0.00E+00,0.00E+00,0.00E+00,0.00E+00,-3.87608840418018,3.93280351047897,0,6598,0,0,0,0,0,0,0,0,0,0,0,0,22.4,16.6,137,2.67,2.74,54.5
0,0,0,0,0,0,0.00E+00,0.00E+00,0.00E+00,0.00E+00,0.00E+00,12.3414367915513,13.3201944452403,0,6600,0,0,0,0,0,0,0,0,0,0,0,0,6.01,18.9,126,2.7,8.29,12
0,0,0,0,0,0,0.00E+00,0.00E+00,0.00E+00,0.00E+00,0.00E+00,-3.14448992787096,3.36137974517739,0,6603,0,0,0,0,0,0,0,0,0,0,0,0,1.01,14.7,91.2,2.62,5.04,1.8
0,0,0,0,0,0,0.00E+00,0.00E+00,0.00E+00,0.00E+00,0.00E+00,11.6808278329888,12.8477084559371,0,6605,0,0,0,0,0,0,0,0,0,0,0,0,1.76,19.8,49.6,2.68,8.62,2.66
0,0,0,0,0,0,0.00E+00,0.00E+00,0.00E+00,0.00E+00,0.00E+00,-10.0779752143991,10.273112207132,0,6607,0,0,0,0,0,0,0,0,0,0,0,0,1.13,4.25,18.6,2.72,9.46,8.91
0,0,0,0,0,0,0.00E+00,0.00E+00,0.00E+00,0.00E+00,0.00E+00,1.27365455218457,2.4914620615364,0,6609,0,0,0,0,0,0,0,0,0,0,0,0,0.822,8.28,28,2.74,2.6,3.54
0,0,0,0,0,0,0.00E+00,0.00E+00,0.00E+00,0.00E+00,0.00E+00,-9.46933824226633,9.61006585847991,0,6611,0,0,0,0,0,0,0,0,0,0,0,0,1.35,3.75,62.1,2.76,9.9,18.3
0,0,0,0,0,0,0.00E+00,0.00E+00,0.00E+00,0.00E+00,0.00E+00,8.8880557855079,9.11677977827174,0,6613,0,0,0,0,0,0,0,0,0,0,0,0,3.04,1.03,93,2.79,3.54,1.78
0,0,0,0,0,0,0.00E+00,0.00E+00,0.00E+00,0.00E+00,0.00E+00,-1.90334935103358,2.08035778799557,0,6615,0,0,0,0,0,0,0,0,0,0,0,0,0.891,0.821,108,2.67,1.55,1.06
0,0,0,0,0,0,0.00E+00,0.00E+00,0.00E+00,0.00E+00,0.00E+00,-0.228000738680573,6.81417365122286,0,6617,0,0,0,0,0,0,0,0,0,0,0,0,2.26,3.61,124,2.52,8.22,3.41
0,0,0,0,0,0,0.00E+00,0.00E+00,0.00E+00,0.00E+00,0.00E+00,-3.38468652613705,4.87672931627045,0,6619,0,0,0,0,0,0,0,0,0,0,0,0,0.85,1.72,129,2.55,5.7,3.49
0,0,0,0,0,0,0.00E+00,0.00E+00,0.00E+00,0.00E+00,0.00E+00,2.72831771628087,5.45769572614624,0,6621,0,0,0,0,0,0,0,0,0,0,0,0,1.29,2.93,124,2.48,6.42,0.867
0,0,0,0,0,0,0.00E+00,0.00E+00,0.00E+00,0.00E+00,0.00E+00,-3.37191325381943,4.0782540770635,0,6624,0,0,0,0,0,0,0,0,0,0,0,0,0.992,0.767,111,2.42,4.54,6.44
0.802839756011963,0,1.03802764415741,0.971288323402405,1.01902806758881,1.2783135175705,3.62E-01,5.82E-01,8.26E-01,8.53E-01,7.70E-01,14.1893713237881,14.7028223413577,0,6626,411,399,0,0,454,237,477,261,476,227,463,277,0.532,1.01,100,2.49,13.7,1.86
0.786453902721405,0.900421917438507,1.05311393737793,0.961407005786896,1.0258275270462,1.38346779346466,3.58E-01,5.74E-01,8.27E-01,8.82E-01,8.10E-01,-9.39697370893368,9.70706195883091,0,6628,472,391,511,371,490,225,520,245,531,235,503,265,0.281,1.78,85.6,2.44,6.01,7.81
0.774750471115112,0.951612889766693,1.08251178264618,0.934744954109192,1.0209481716156,1.23200356960297,4.03E-01,5.71E-01,8.50E-01,8.78E-01,8.02E-01,6.07894277094216,7.43211608067974,0,6630,474,374,532,367,462,164,510,205,549,231,480,199,0.779,0.112,70.9,2.52,5.39,2.04
0.770663380622864,0.888515770435333,1.01797688007355,0.938902199268341,0.97917914390564,1.29785060882568,3.57E-01,5.71E-01,8.17E-01,8.70E-01,8.26E-01,-5.02385859076004,5.30657578148042,0,6632,495,189,537,166,465,46,515,57.3,532,49.8,490,75.5,0.512,0.857,53.5,2.43,4.02,5.43
0.973470628261566,1.01108646392822,0.873035848140717,0.771747529506683,0.870030224323273,0.891207158565521,3.56E-01,5.83E-01,8.90E-01,8.32E-01,0.00E+00,10.4695297063016,11.8333311635824,0,6634,0,0,0,0,0,0,0,0,0,0,0,0,1.77,1.59,41.8,2.55,8.08,5.66
0.843700170516968,0.905484259128571,1.01537823677063,0.950777649879456,1.01066219806671,1.187859416008,3.77E-01,5.81E-01,8.44E-01,8.76E-01,8.29E-01,-11.2598947941006,11.5328847630092,0,6636,500,401,533,391,484,242,529,262,530,272,503,273,1.24,1.64,24.8,2.48,7.49,4.59
0.85041755437851,0.919770777225494,1.01376736164093,0.947666168212891,0.988815248012543,1.15155398845673,3.82E-01,5.74E-01,8.25E-01,8.70E-01,8.11E-01,12.9665658794009,13.3315654202728,0,6638,542,392,549,387,498,269,547,286,533,277,529,302,0.626,1.85,15.4,2.52,8.15,1.9
0.865414142608643,0.92225706577301,1.02940249443054,0.956876218318939,1.01145601272583,1.21754539012909,3.81E-01,5.85E-01,8.73E-01,9.25E-01,7.97E-01,-8.50803264920827,10.2638215936328,0,6640,565,465,563,453,558,316,609,329,559,333,587,342,1.28,2.42,11.4,2.46,7.14,88.9
0.85519927740097,0.887237787246704,1.03435432910919,0.96262401342392,1.01229822635651,1.16366827487946,3.84E-01,6.20E-01,8.49E-01,8.87E-01,8.42E-01,-0.404410234242737,8.13150679839968,0,6643,419,517,431,503,410,370,452,380,471,363,435,398,5.13,1.92,2.2,2.53,5.19,2.57
0.84496009349823,0.836575865745544,1.04236304759979,0.970971167087555,1.02297365665436,1.18348598480225,3.90E-01,6.05E-01,8.40E-01,8.77E-01,7.70E-01,-6.14488696464706,8.06788620949549,0,6645,377,556,415,532,381,398,405,412,398,403,401,429,27.4,4.29,2.8,2.54,5.35,80.8
0.840692758560181,0.873994648456574,1.04024362564087,0.96141642332077,1.02231335639954,1.17606496810913,3.77E-01,6.06E-01,8.36E-01,8.76E-01,8.44E-01,-2.60964070028926,3.88105851772682,0,6647,415,593,446,558,416,433,442,446,432,429,435,465,1.28,5.16,10.2,2.46,4.38,5.71
0.842407405376434,0.878661096096039,1.0585024356842,0.976896584033966,1.01855158805847,1.15811741352081,3.80E-01,6.01E-01,8.42E-01,8.85E-01,8.44E-01,-0.471986726549331,9.41741832593744,0,6649,446,610,478,586,446,441,477,457,477,450,466,475,1.22,16.6,7.32,2.52,7.52,3.99
0,0,0,0,0,0,0.00E+00,0.00E+00,0.00E+00,0.00E+00,0.00E+00,0.377140427424679,7.1718870566462,0,6651,0,0,0,0,0,0,0,0,0,0,0,0,0.876,2.61,9.58,2.48,4.15,2.73
0.812977612018585,0.915869951248169,1.06918048858643,0.953864216804504,1.01733541488647,1.14420664310455,3.69E-01,5.80E-01,8.27E-01,8.76E-01,8.24E-01,-6.95962350522559,7.87254270634186,0,6653,455,492,487,469,466,321,492,340,490,333,484,357,1.06,1.17,16.6,2.51,4.25,1.57
0.805872619152069,0.916047215461731,1.0484756231308,0.963332772254944,1.00761353969574,1.10505402088165,3.63E-01,5.84E-01,8.30E-01,8.82E-01,8.05E-01,-1.15160549906607,2.98705529396803,0,6655,458,499,486,477,470,328,497,347,494,339,488,364,0.801,1.54,17.6,2.45,2,2.4
0.808276176452637,0.848101258277893,1.0563896894455,0.952992379665375,1.01965069770813,1.12341511249542,3.62E-01,5.77E-01,8.25E-01,8.78E-01,8.37E-01,-0.208026183291297,7.30527382794209,0,6657,459,501,484,480,470,332,498,350,495,343,489,368,1.85,0.608,14.2,2.55,3.63,4.2
0.812653362751007,0.893094658851624,1.05144095420837,0.967036902904511,1.01845371723175,1.10897481441498,3.64E-01,5.83E-01,8.25E-01,8.78E-01,7.95E-01,-3.73485722072915,4.34177624531845,0,6659,462,506,492,483,475,338,502,356,498,348,493,373,0.47,1.61,22.9,2.36,1.58,2.9
0.801457166671753,0.91654247045517,1.06599938869476,0.963516235351563,1.01658964157105,1.09795391559601,3.63E-01,5.76E-01,8.45E-01,8.83E-01,8.47E-01,-4.18588314546105,4.27672452450627,0,6662,458,506,487,484,471,342,497,360,493,351,489,376,1.65,1.19,19.5,2.51,5.81,5.98
0.80138224363327,0.88915091753006,1.04965996742249,0.960441291332245,1.01847362518311,1.07300221920013,3.62E-01,5.88E-01,8.39E-01,8.84E-01,8.30E-01,-3.19677343549789,3.39796575298273,0,6664,459,516,497,489,475,347,502,366,497,356,492,382,1.38,0.914,16.6,2.41,0.729,4.2
0.794873595237732,0.822580635547638,1.05126023292542,0.965898394584656,1.01118719577789,1.08951342105865,3.59E-01,5.72E-01,8.45E-01,8.76E-01,8.02E-01,-4.0374812115114,5.04294160971979,0,6666,459,499,492,481,460,348,495,363,493,355,485,381,1.41,0.782,16.7,2.5,3.91,3.59
0.826002061367035,1,1.03996074199677,0.960309743881226,1.0047310590744,1.03490996360779,3.89E-01,5.95E-01,8.28E-01,8.78E-01,8.24E-01,-3.30013164485521,4.48201988033454,0,6668,125,502,123,514,130,349,164,363,162,353,152,382,0.591,0.742,15.8,2.43,2.46,1.04
0,0,0,0,0,0,0.00E+00,0.00E+00,0.00E+00,0.00E+00,0.00E+00,-4.63207602775373,7.09957710180079,0,6670,0,0,0,0,0,0,0,0,0,0,0,0,0.198,1.25,14.5,2.75,4.41,3.4
0.814249753952026,0.922907471656799,1.04733431339264,0.959409713745117,0.99714982509613,1.03577899932861,3.70E-01,5.90E-01,8.32E-01,8.71E-01,7.93E-01,8.07127138675428,8.93677747267036,0,6672,196,518,219,498,212,351,239,370,234,363,231,386,3.11,1.72,18.9,2.78,8.6,7.74
0,0,0,0,0,0,0.00E+00,0.00E+00,0.00E+00,0.00E+00,0.00E+00,-9.46278028441315,9.71367008563972,0,6674,0,0,0,0,0,0,0,0,0,0,0,0,2.73,1.76,11.3,2.91,12.6,5.23
0.819577097892761,0.946617364883423,1.02854454517365,0.950393557548523,0.999687373638153,1.00855374336243,3.66E-01,5.79E-01,8.41E-01,8.73E-01,8.38E-01,-0.616379428849707,0.956197648345045,0,6676,282,521,305,502,297,356,325,373,321,365,316,389,0.591,4.96,12.3,2.99,2.98,3.33
0.803998529911041,0.936936914920807,1.04740345478058,0.953691780567169,0.993833243846893,1.01074910163879,3.60E-01,5.92E-01,8.41E-01,8.78E-01,7.65E-01,-5.53806324038704,5.63476029139417,0,6678,279,524,325,498,295,359,323,377,323,370,314,396,1.21,4.51,22,3.01,4.94,4.42
0.824644088745117,0,1.03957498073578,0.958738088607788,1.01116383075714,1.01727545261383,3.71E-01,5.85E-01,8.39E-01,8.68E-01,8.36E-01,-6.83307238535359,6.97850465019561,0,6681,296,529,0,0,310,365,338,383,334,374,328,401,4.37,1.21,15.4,2.95,5.96,11.1
0.825064599514008,0.822580635547638,1.05443048477173,0.948995530605316,1.01895356178284,1.02774405479431,3.65E-01,5.81E-01,8.47E-01,8.77E-01,8.02E-01,-3.64979217500847,3.83125201629346,0,6683,297,531,337,509,312,367,340,385,337,378,330,404,3.24,3.22,9.37,2.89,4.48,6.23
0.818328261375427,0.890625,1.02495658397675,0.956551253795624,1.01757681369782,1.0114107131958,3.69E-01,5.81E-01,8.45E-01,8.75E-01,8.32E-01,2.88548129583813,3.12748990305248,0,6685,298,534,330,513,314,371,342,388,338,378,333,404,0.669,2.46,13.2,2.84,2.08,13.5
0.818950057029724,0.915306150913239,1.04081535339355,0.950837135314941,1.00570285320282,1.03827059268951,3.84E-01,5.77E-01,8.34E-01,8.77E-01,8.59E-01,2.47201580037368,4.5960021240151,0,6687,301,496,332,475,313,352,343,351,343,343,333,377,1.4,3.36,22.1,2.68,7.55,5.91
0.796575605869293,0.910791337490082,1.03706741333008,0.94952529668808,1.01081085205078,0.995338141918182,3.68E-01,5.82E-01,8.36E-01,8.79E-01,8.10E-01,-1.1894338957041,5.42156087299735,0,6689,299,497,338,476,317,333,345,350,343,344,336,367,1.03,2.14,13,2.78,1.14,6.65
0.798716008663178,0,1.03598439693451,0.949528574943543,1.00887227058411,1.0307639837265,3.63E-01,5.82E-01,8.33E-01,8.71E-01,7.84E-01,-1.47400486032003,1.5040199968308,0,6691,300,498,0,0,320,332,348,352,344,344,336,369,0.934,1.85,15.7,2.4,5.11,1.13
0.788243055343628,0,1.03308367729187,0.942201554775238,1.00964975357056,1.00921761989594,3.60E-01,5.80E-01,8.39E-01,8.76E-01,7.92E-01,2.56787607033674,7.93595220624674,0,6693,299,499,0,0,319,336,347,354,344,346,336,371,0.333,1.45,14.3,2.72,3.83,4.32
0.802800536155701,0,1.04226958751678,0.939847826957703,1.01209211349487,1.02183365821838,3.63E-01,5.73E-01,8.24E-01,8.68E-01,7.95E-01,2.98832619654283,3.21610625687343,0,6695,301,500,0,0,320,337,347,355,344,347,336,373,0.858,1.14,9.49,2.62,2.81,4.34
0.79300719499588,0.823505461215973,1.08513033390045,0.947408020496368,1.00282847881317,0.997208595275879,3.51E-01,6.15E-01,8.39E-01,8.69E-01,7.95E-01,-1.37984747932596,4.39974119009391,0,6697,210,323,257,326,251,133,279,163,304,215,262,174,0.895,1.55,8.29,2.71,3.77,8.12
0,0,0,0,0,0,0.00E+00,0.00E+00,0.00E+00,0.00E+00,0.00E+00,-4.64311095641872,6.13433053180859,0,6700,0,0,0,0,0,0,0,0,0,0,0,0,1.96,1.2,2.19,2.63,3.18,2.1
0.794611752033234,0,1.06696450710297,0.962851941585541,1.01465940475464,0.981942713260651,3.59E-01,6.51E-01,8.05E-01,8.65E-01,7.56E-01,-1.30307123253717,3.78158326830588,1,6702,149,335,0,0,203,184,230,214,245,181,209,224,2.93,1.69,1.03,2.49,4.4,4.61
0.794659078121185,0.931560814380646,1.05611515045166,0.9592245221138,1.00977575778961,0.998746275901794,3.59E-01,6.14E-01,8.13E-01,8.63E-01,7.76E-01,-9.56337526918365,10.4830785727409,1,6704,145,306,180,300,200,159,231,185,249,181,207,199,2.1,3.09,8.15,2.6,7.44,1.97
1.05822598934174,0.906976759433746,0.816710710525513,0.722595989704132,0.889586269855499,0.968882262706757,3.63E-01,8.75E-01,9.86E-01,7.23E-01,1.52E+00,3.3788645846803,5.13823565660776,1,6706,0,0,0,0,0,0,0,0,0,0,0,0,0.682,3.05,7.75,2.54,4.65,6.07
0.814525127410889,0,1.15227627754211,0.984118819236755,1.00894701480865,1.00956654548645,3.52E-01,6.43E-01,8.42E-01,8.66E-01,7.47E-01,-6.65939375142786,7.69408170127204,1,6708,157,542,0,0,207,388,240,416,254,419,217,428,0.926,3.7,10.5,2.53,2.53,4.58
0.819604575634003,0.916417896747589,1.05537509918213,0.992409527301788,1.00179576873779,1.04756677150726,3.74E-01,6.30E-01,8.19E-01,8.77E-01,7.47E-01,-8.74777529894966,11.2309617238851,1,6710,227,622,279,586,262,475,292,493,288,471,276,513,4.94,4.88,14,2.32,3.89,16.6
0.772314488887787,1.00752687454224,0.857538044452667,0.87570983171463,0.849741995334625,0.871062994003296,3.71E-01,5.97E-01,1.08E+00,8.57E-01,0.00E+00,-5.44862338507579,7.09503926934378,1,6712,0,0,0,0,0,0,0,0,0,0,0,0,0.29,2.6,13.2,2.26,4.34,6
0.802568733692169,0.91916036605835,1.035888671875,0.977512001991272,1.00139248371124,1.08563005924225,3.56E-01,5.55E-01,8.28E-01,8.72E-01,7.60E-01,-12.732757762637,16.3766653513758,1,6714,315,553,356,534,311,405,354,422,358,414,336,439,2.75,5.34,14.8,1.94,5.38,5.5
0.851413369178772,0,1.03466284275055,0.988507807254791,1.01265609264374,1.18740880489349,3.49E-01,5.96E-01,8.59E-01,8.94E-01,7.72E-01,-5.75929247972365,5.92101127608763,1,6716,291,533,0,0,282,405,320,427,315,416,307,440,3.13,4.58,18,2.29,7.6,6.32
0.865429401397705,0,1.02524518966675,0.996193289756775,1.0075169801712,1.21271419525146,3.66E-01,6.07E-01,8.69E-01,8.85E-01,7.87E-01,-6.53019268144079,12.6756768938027,1,6718,297,551,0,0,289,416,329,434,331,426,313,451,1.1,2.98,18.8,2.06,4.96,14
0.890314280986786,0.920000016689301,1.02883780002594,0.988279342651367,0.991259694099426,1.25866198539734,3.71E-01,6.39E-01,8.85E-01,8.66E-01,7.88E-01,5.30861549684385,5.31006758834982,1,6721,364,546,371,550,310,428,359,443,354,439,340,455,2.53,4.23,25.4,2.38,0.466,19.3
0.900210857391357,0.949083507061005,1.04012632369995,0.991033792495728,0.998861908912659,1.25340223312378,4.02E-01,6.55E-01,9.15E-01,9.11E-01,8.05E-01,-3.3133981662957,4.04568175225335,1,6723,131,524,179,503,137,377,179,397,201,390,159,411,2.19,5.65,28.1,2.61,8.71,10.5
0.901318371295929,0.949101805686951,1.02482974529266,0.972648441791534,1.00336503982544,1.31301736831665,4.26E-01,6.67E-01,9.16E-01,9.28E-01,8.17E-01,33.1980158604355,33.4108897016549,1,6725,249,551,307,528,202,400,253,415,316,410,225,430,17.2,8.2,30.7,2.97,37.2,48.7
0.907050549983978,0.942008495330811,1.02298521995544,0.989583015441895,0.989436626434326,1.35187113285065,4.07E-01,5.94E-01,8.76E-01,8.86E-01,8.10E-01,5.4569076736064,5.62130530365879,1,6727,363,531,331,542,317,410,369,426,347,426,346,441,5.19,5.06,35.8,2.8,2.84,19.2
0.916285514831543,0,1.01356530189514,1.00298285484314,1.00085151195526,1.433030128479,3.82E-01,6.26E-01,9.33E-01,8.99E-01,7.68E-01,6.09692114318067,6.50691705167676,1,6729,378,596,0,0,341,462,392,482,363,500,369,486,13.4,3.97,38.9,2.93,5.07,49.5
0.925211489200592,0.91134512424469,1.01188719272614,0.960904717445374,0.986395835876465,1.33799862861633,4.47E-01,7.01E-01,8.56E-01,9.08E-01,8.80E-01,-0.113951553888614,1.53264262836199,1,6731,210,657,223,642,220,528,269,547,290,528,239,563,3.64,6.59,38.2,3.1,4.35,4.32
0.915653586387634,0,1.02198004722595,1.04288482666016,0.99188369512558,1.26743757724762,4.32E-01,6.82E-01,8.74E-01,9.36E-01,8.79E-01,2.64703536787607,3.35984888364643,1,6733,122,793,0,0,122,652,159,683,153,716,140,682,2.09,6.72,35.1,3.14,4.62,8.52
0,0,0,0,0,0,0.00E+00,0.00E+00,0.00E+00,0.00E+00,0.00E+00,11.3806262369404,20.2559268346624,1,6735,0,0,0,0,0,0,0,0,0,0,0,0,3.94,5.03,31.7,3.13,19.9,2.91
0,0,0,0,0,0,0.00E+00,0.00E+00,0.00E+00,0.00E+00,0.00E+00,5.5210364162377,6.14556132936696,1,6737,0,0,0,0,0,0,0,0,0,0,0,0,5.29,7.51,22.7,2.92,1.17,18
0,0,0,0,0,0,0.00E+00,0.00E+00,0.00E+00,0.00E+00,0.00E+00,2.27506771510733,2.65230552638424,1,6740,0,0,0,0,0,0,0,0,0,0,0,0,2.56,7.29,8.11,3.1,2.38,6.07
0,0,0,0,0,0,0.00E+00,0.00E+00,0.00E+00,0.00E+00,0.00E+00,5.64883127602775,5.77204992919948,1,6742,0,0,0,0,0,0,0,0,0,0,0,0,6.56,5.86,9.94,2.7,4.14,21
0.917423784732819,0.949554920196533,1.0261824131012,1.01199543476105,0.988916099071503,1.51652503013611,4.09E-01,6.97E-01,9.00E-01,9.22E-01,8.75E-01,-1.51417902871,2.42791288975795,1,6744,171,672,207,655,188,515,223,534,221,533,206,549,0.627,4.59,18.7,2.33,1.98,34
0,0,0,0,0,0,0.00E+00,0.00E+00,0.00E+00,0.00E+00,0.00E+00,-7.99632224322891,8.5525183079472,1,6746,0,0,0,0,0,0,0,0,0,0,0,0,2.66,3.78,35.6,2.79,26.7,4.53
0.905271649360657,0,1.16276121139526,0.993394017219543,1.00046968460083,1.40259671211243,4.41E-01,6.00E-01,9.67E-01,8.20E-01,1.00E+00,-14.7837957137679,15.5644424729794,1,6748,77.7,395,0,0,85.5,186,124,227,192,282,96.7,223,1.66,7.73,48.6,2.11,10,22.4
0.903614461421967,0,0.906942367553711,0,0.908509790897369,0,0.00E+00,0.00E+00,9.71E-01,0.00E+00,7.97E-01,-2.22871222788105,2.27778055001536,1,6750,0,0,0,0,0,0,0,0,0,0,0,0,0.39,4.61,59.1,2.39,3.34,9.99
0,0,0,0,0,0,0.00E+00,0.00E+00,0.00E+00,0.00E+00,0.00E+00,-23.8978304760779,24.1957569926734,1,6752,0,0,0,0,0,0,0,0,0,0,0,0,5.37,3.09,68.7,2.66,15.7,10.5
0.864657640457153,0,1.0351996421814,0.980822205543518,1.01570224761963,1.70058119297028,3.86E-01,6.36E-01,9.18E-01,9.50E-01,7.68E-01,-3.36249831412599,3.55068268567383,1,6754,319,400,0,0,286,299,314,333,353,304,287,342,2.44,1.45,75.3,1.93,2.57,16.6
0,0,0,0,0.971484124660492,0,0.00E+00,0.00E+00,0.00E+00,0.00E+00,0.00E+00,16.5851310487086,35.3165165495366,1,6756,0,0,0,0,0,0,0,0,0,0,0,0,9.75,5.91,72.2,2.61,37.8,16.7
0.842976033687592,0.924096941947937,1.01469337940216,1.01387619972229,1.04564070701599,1.64711928367615,3.84E-01,5.65E-01,8.58E-01,8.87E-01,9.20E-01,6.3680191856183,7.34953898347281,1,6759,310,292,336,303,396,156,422,207,441,234,398,191,9.94,5.85,69.8,2.37,5,36.3
0,0,0,0,0,0,0.00E+00,0.00E+00,0.00E+00,0.00E+00,0.00E+00,1.96417042581734,2.78175825964976,1,6761,0,0,0,0,0,0,0,0,0,0,0,0,1.37,5.65,60.4,2.5,2.98,1.24
0.834739744663239,0.880617022514343,1.00068056583405,1.04871952533722,1.05627238750458,1.83028042316437,3.98E-01,0.00E+00,8.25E-01,8.80E-01,7.99E-01,11.0840041693815,11.1675986096906,0,6763,169,103,161,106,269,45,292,79.9,343,57.5,263,83.1,3.5,12.3,55.7,2.17,10.2,11.4
0,0,0,0,0,0,0.00E+00,0.00E+00,0.00E+00,0.00E+00,0.00E+00,-13.4097423249181,23.4319236559667,0,6765,0,0,0,0,0,0,0,0,0,0,0,0,5,3.14,46.1,2.49,18.2,18.9
0.874979317188263,0.873595476150513,1.02402007579803,1.08360350131989,1.06614720821381,1.59668529033661,3.88E-01,5.65E-01,8.88E-01,8.86E-01,8.12E-01,-1.55614083745021,6.35106302826516,0,6767,98.7,195,127,237,235,123,249,174,251,191,221,158,5.75,5.02,34.9,1.93,2.68,9.8
0.908488273620606,0.939317345619202,1.02541077136993,1.05306208133698,1.05990195274353,1.53942048549652,3.72E-01,5.64E-01,8.63E-01,8.89E-01,8.08E-01,6.60999653584842,7.95736224678252,0,6769,71.6,180,72.3,192,189,80.5,196,121,214,146,172,115,6.61,4.62,26.4,2.18,3.69,14.6
0.815637171268463,0.824817538261414,0.941936194896698,0.98883718252182,0.906800985336304,0.921058714389801,4.44E-01,5.61E-01,8.33E-01,8.56E-01,0.00E+00,-1.61282210174591,3.56904336490617,0,6771,0,0,0,0,0,0,0,0,0,0,0,0,1.24,5.36,15.2,2.2,1.01,2.01
0.895467221736908,0.932761073112488,1.01768815517426,1.11028003692627,1.07825255393982,1.49366819858551,3.81E-01,5.91E-01,8.73E-01,9.03E-01,8.11E-01,3.43415650161815,4.09876471333129,0,6773,131,478,158,506,251,380,266,418,289,434,241,417,1.62,6.04,6.43,2.24,3.23,0.68
0.88779753446579,0,1.02713656425476,1.11861395835876,1.06417763233185,1.51137733459473,4.05E-01,6.71E-01,8.22E-01,8.92E-01,9.40E-01,0.241410672440494,1.30807111152847,0,6775,73.2,542,0,0,180,388,193,429,228,459,176,423,1.63,1.69,5.49,2.11,0.675,6.25
0,0,0,0,0,0,0.00E+00,0.00E+00,0.00E+00,0.00E+00,0.00E+00,1.03644660063495,4.44006075228913,0,6778,0,0,0,0,0,0,0,0,0,0,0,0,0.572,1.51,6.42,2.19,2.12,4.47
0.87663346529007,0.897608399391174,1.03372359275818,1.01225447654724,1.07956969738007,1.66048896312714,3.81E-01,5.69E-01,8.53E-01,8.81E-01,7.67E-01,0.365644399770421,0.516331225998697,0,6780,347,405,391,395,303,245,347,256,389,258,325,276,0.218,0.512,8.64,2.13,1.64,1.95
0,0,0,0,0,0,0.00E+00,0.00E+00,0.00E+00,0.00E+00,0.00E+00,-1.61020934511523,2.65162863363723,0,6782,0,0,0,0,0,0,0,0,0,0,0,0,0.671,0.905,4.39,2.21,2.27,0.086
0,0,0.890574216842651,0,0,0,0.00E+00,0.00E+00,0.00E+00,0.00E+00,0.00E+00,-2.00192679186775,2.10943171160357,0,6784,0,0,0,0,0,0,0,0,0,0,0,0,0.576,0.34,4.63,2.14,1.46,2.34
0,0,0,0,0,0,0.00E+00,0.00E+00,0.00E+00,0.00E+00,0.00E+00,-3.60443283367645,3.84790250037199,0,6786,0,0,0,0,0,0,0,0,0,0,0,0,0.754,0.516,4.08,2.1,4.31,2.29
0,0,0,0,0,0,0.00E+00,0.00E+00,0.00E+00,0.00E+00,0.00E+00,2.07223347677914,2.87794491893034,0,6788,0,0,0,0,0,0,0,0,0,0,0,0,1.01,0.755,13.2,1.95,2.89,4.56
0,0,0,0,0,0,0.00E+00,0.00E+00,0.00E+00,0.00E+00,0.00E+00,2.3829358893039,7.14807909563419,0,6790,0,0,0,0,0,0,0,0,0,0,0,0,1.38,0.793,15.3,2.14,2.56,7.74
0,0,0,0,0,0,0.00E+00,0.00E+00,0.00E+00,0.00E+00,0.00E+00,9.04525903586159,9.11306404137407,0,6792,0,0,0,0,0,0,0,0,0,0,0,0,0.415,0.575,11.6,2.07,6,2.89
0.844001829624176,0.881715357303619,1.35049104690552,1.04661977291107,1.05628633499146,1.43398320674896,3.59E-01,5.78E-01,8.33E-01,8.62E-01,7.10E-01,-0.579624617827103,3.96931568224837,0,6794,284,435,311,430,297,266,333,288,348,292,313,304,0.31,0.111,17.1,2.06,2.78,4.08
0.840950191020966,0,1.15425360202789,1.03908538818359,1.06478071212769,1.49078595638275,3.52E-01,5.58E-01,8.35E-01,8.53E-01,7.71E-01,-0.363029894301003,1.98450507234893,0,6796,316,431,0,0,313,268,355,287,389,288,331,304,0.529,0.164,15.8,2.03,3.33,0.476
0.843815922737122,0.909774422645569,1.24728965759277,1.0591698884964,1.05271542072296,1.31073176860809,3.50E-01,5.82E-01,8.28E-01,8.69E-01,7.26E-01,2.00065887195518,5.80108625512363,0,6799,390,457,425,435,375,292,412,306,422,301,398,326,0.804,0.62,13.7,2.27,3.06,1.93
0.83595472574234,0.917031764984131,1.26769781112671,1.0274521112442,1.06878125667572,1.43519103527069,3.43E-01,5.95E-01,8.35E-01,8.71E-01,7.77E-01,1.64812396630812,1.66220467256574,0,6801,408,468,443,446,387,299,424,312,440,310,411,334,0.357,1.21,7.33,2.13,1.72,2.88
0.832048952579498,0.936452507972717,1.09494280815125,1.03585577011108,1.08191573619843,1.26708602905273,3.46E-01,6.02E-01,8.33E-01,8.68E-01,7.82E-01,0.679356743390398,1.39490081700344,0,6803,409,480,440,457,385,311,421,324,438,317,408,347,0.477,1.19,7.61,2.16,2.27,2.48
0.824180781841278,0.89640212059021,1.05047214031219,1.04179155826569,1.07698333263397,1.36696302890778,3.37E-01,5.98E-01,8.38E-01,8.72E-01,7.70E-01,1.44525512372159,1.66699685442406,0,6805,409,488,445,464,386,316,422,330,436,326,410,351,0.433,0.761,4.22,2.11,2.57,1.74
0.818008363246918,0.916482150554657,1.03984820842743,1.03256094455719,1.08313739299774,1.27532637119293,3.43E-01,6.01E-01,8.43E-01,8.61E-01,7.82E-01,0.42018243477984,1.74424760739441,0,6807,411,497,442,472,388,326,423,341,434,333,411,362,0.653,1.52,5.02,2.3,1.49,1.17
0.806355834007263,0.911995828151703,1.04841721057892,1.02699589729309,1.0711225271225,1.29734361171722,3.37E-01,6.00E-01,8.32E-01,8.63E-01,7.68E-01,2.66103680016838,3.27568132588859,0,6809,408,504,448,474,388,330,423,345,432,341,412,365,0.229,0.641,4.04,2.12,4.67,0.878
0.809045732021332,0.930978059768677,1.0520339012146,1.02940082550049,1.07863557338715,1.25952327251434,3.44E-01,6.01E-01,8.33E-01,8.76E-01,7.86E-01,0.214096449012579,3.79778190564039,0,6811,410,512,442,485,389,341,423,354,433,347,411,379,0.37,1.28,3.46,2.23,0.741,3.4
0.801491498947144,0.900753796100616,1.04790985584259,1.02844607830048,1.07453989982605,1.28635048866272,3.41E-01,6.04E-01,8.33E-01,8.66E-01,7.62E-01,-0.342052645107716,2.73882033973399,0,6813,412,518,436,497,390,344,425,359,433,354,414,379,0.398,0.278,5.19,2.59,1.66,0.722
0.804870665073395,0.946995377540588,1.05486035346985,1.03184998035431,1.08269798755646,1.24702847003937,3.36E-01,6.04E-01,8.36E-01,8.69E-01,7.59E-01,-5.92007694680859,7.07353177334963,0,6815,411,524,436,501,390,353,424,366,432,358,414,389,1.55,0.492,5.27,2.26,4.49,2.25
0.799201488494873,0.960070967674255,1.04666781425476,1.01281499862671,1.07597696781158,1.22843647003174,3.39E-01,6.02E-01,8.37E-01,8.76E-01,7.68E-01,22.682556799477,23.0088653491318,0,6818,410,530,439,505,390,356,425,370,432,365,414,390,6.16,3.37,4.1,1.77,14.1,11.3
0.787529468536377,0.934020638465881,1.04792952537537,1.02183640003204,1.06704366207123,1.17981863021851,3.37E-01,5.99E-01,8.33E-01,8.77E-01,7.49E-01,-6.22681056754518,6.68158770031291,0,6820,410,533,436,510,391,363,425,375,431,368,415,396,3.6,1.12,6.25,1.98,2.36,7.05
0.775937557220459,0.935230612754822,1.05571699142456,1.01137399673462,1.06361615657806,1.20702850818634,3.40E-01,6.05E-01,8.35E-01,8.70E-01,7.56E-01,8.08109055551311,8.21566939381396,0,6822,410,539,447,510,391,366,424,380,430,376,415,399,2.53,4.71,5.53,1.58,4.16,8.97
0.793642520904541,0.907024800777435,1.05563068389893,1.00397837162018,1.06605541706085,1.15034425258636,3.37E-01,6.05E-01,8.30E-01,8.65E-01,7.52E-01,-0.271962461387672,3.58959852850255,0,6824,411,543,440,519,391,366,424,382,430,380,415,403,0.485,3.02,4.3,1.68,1.46,5.67
0.794366598129272,0.904186069965363,1.04153561592102,1.0003387928009,1.06400871276855,1.15233433246613,3.36E-01,6.04E-01,8.34E-01,8.70E-01,7.87E-01,-6.25858234609882,6.69434762726759,0,6826,412,537,438,513,391,365,425,379,430,374,416,400,3.63,1.82,2.37,1.34,2.11,2.07
0.796840786933899,0.913076937198639,1.05488550662994,1.01278245449066,1.06785559654236,1.11251139640808,3.36E-01,5.97E-01,8.24E-01,8.73E-01,7.74E-01,14.152123471619,14.4307548845243,0,6828,413,537,438,515,390,372,424,382,429,375,415,404,2.3,1.54,1.48,1.42,16.2,1.38
0.796376705169678,0.929561197757721,1.05394923686981,1.00719082355499,1.06231236457825,1.15668332576752,3.35E-01,6.04E-01,8.29E-01,8.75E-01,7.72E-01,-3.59791623988395,4.18858913521737,0,6830,412,545,443,517,391,374,424,387,428,381,414,409,2.09,3.1,4.46,1.48,4.68,7.05
0.789750933647156,0.915350615978241,1.03939568996429,1.00256180763245,1.04960155487061,1.09742403030396,3.34E-01,6.07E-01,8.34E-01,8.65E-01,7.82E-01,1.86454107335723,5.81778608495074,0,6832,411,549,447,517,391,382,424,392,427,384,416,413,0.503,1.98,8.41,1.89,3.91,1.5
0.798353791236877,0.91844367980957,1.04021120071411,0.993754208087921,1.05880904197693,1.09801137447357,3.30E-01,5.95E-01,8.36E-01,8.78E-01,7.76E-01,-7.13804425794933,9.67794375650976,0,6834,415,534,447,505,391,365,425,378,429,371,416,401,0.383,2.26,9.98,1.52,5.58,2.47
0.802481830120087,0.868613123893738,1.04835474491119,1.01165199279785,1.05739998817444,1.08172214031219,3.19E-01,5.94E-01,8.15E-01,8.39E-01,7.79E-01,-1.01756793242244,4.06579375718371,0,6837,424,477,460,462,413,298,446,315,443,335,435,338,0.87,1.48,14.1,1.5,4.67,1.16
0.771885335445404,0,1.0524035692215,1.01632797718048,1.03182458877563,1.1072940826416,3.22E-01,5.84E-01,8.05E-01,8.52E-01,7.80E-01,1.86039084865721,2.94724452432592,0,6839,435,431,0,0,425,272,462,282,476,260,449,303,0.232,1.38,16.9,1.08,2.59,6.3
0.783255040645599,0.921327888965607,1.04628467559814,1.03696191310883,1.03607320785522,1.11436605453491,3.15E-01,5.80E-01,8.25E-01,8.69E-01,7.33E-01,-1.806090213281,2.91692652800427,0,6841,443,400,484,378,444,228,477,246,483,246,464,266,1.4,1.38,17.5,1.45,2.49,2.18
0.793586015701294,0.871043384075165,1.03637444972992,1.02366924285889,1.04933667182922,1.01993262767792,3.18E-01,5.79E-01,8.41E-01,8.51E-01,7.45E-01,-17.1757164582268,17.4196002110978,0,6843,483,296,499,282,468,149,509,154,537,132,491,180,5.49,3.13,17,2.01,17.7,10.9
0,0,0,0,0,0,0.00E+00,0.00E+00,0.00E+00,0.00E+00,0.00E+00,-0.454504112907623,0.876122081740847,0,6845,0,0,0,0,0,0,0,0,0,0,0,0,1.35,1.65,19.6,1.85,0.799,4.9
0.885431706905365,0.888646304607391,1.02862250804901,1.03694474697113,1.0470963716507,1.02974331378937,3.45E-01,5.74E-01,8.34E-01,8.63E-01,7.76E-01,-1.6003215044592,3.7166996474259,0,6847,470,593,495,589,445,451,490,465,483,471,473,478,5.04,2.13,17.4,1.55,5.48,17.7
0.889078736305237,0,1.03241467475891,1.04396176338196,1.05745482444763,1.04948234558105,3.57E-01,6.62E-01,8.49E-01,9.91E-01,7.78E-01,2.12469763802846,3.36679351391462,0,6849,468,667,0,0,379,609,423,618,438,558,408,644,1.47,1.08,15.6,1.79,1.71,3.02
0.886270761489868,0.915915906429291,1.03106582164764,1.02359092235565,1.05156874656677,1.01104545593262,3.65E-01,6.36E-01,8.88E-01,8.81E-01,7.90E-01,3.82098271842635,4.14471362230266,0,6851,419,787,463,761,404,626,444,637,451,632,428,659,0.876,1.37,13.7,1.48,2.64,8.39
0.897695362567902,0.934579432010651,1.04412913322449,1.02363669872284,1.04566299915314,1.05452430248261,3.52E-01,6.35E-01,8.91E-01,8.83E-01,7.80E-01,2.44035449508028,7.70427560306298,0,6853,409,779,435,757,394,617,431,626,438,618,420,649,3,1.1,11.4,1.41,2.99,5.7
0.862411081790924,0,1.05009615421295,1.03242564201355,1.0754599571228,1.06050205230713,3.39E-01,6.05E-01,8.57E-01,8.79E-01,7.15E-01,0.078993708575183,2.60944592341009,0,6856,479,476,0,0,466,333,502,329,511,304,492,359,2.5,2.58,6.16,1.48,1.03,5.89
0.849655508995056,0,1.02389788627625,1.03916144371033,1.07201206684113,1.01709961891174,3.40E-01,6.16E-01,8.77E-01,8.85E-01,7.66E-01,-2.99507178705049,3.62457441534203,0,6858,513,375,0,0,465,222,515,223,538,226,498,245,3.86,2.25,3.28,1.66,9.51,1.54
0.841565489768982,0.93202418088913,1.00247073173523,1.03358256816864,1.04299354553223,0.991049945354462,3.21E-01,5.58E-01,8.49E-01,8.80E-01,7.41E-01,-13.2689088811092,37.2243854665751,0,6860,625,220,633,207,544,114,587,95,593,72.5,582,125,12.7,11.2,6.6,2.67,34.3,42
0.842176020145416,0.907284796237946,1.01777994632721,1.04737675189972,1.04651165008545,1.02820897102356,3.37E-01,5.91E-01,8.48E-01,8.74E-01,8.05E-01,2.57649849868804,15.4509599730199,0,6862,633,270,636,225,555,156,602,140,606,118,591,165,7.48,6,1.84,2.64,21.7,63.7
0.85982471704483,0.910596013069153,1.00172924995422,1.05208420753479,1.07835626602173,0.985697090625763,3.34E-01,6.08E-01,8.49E-01,8.65E-01,7.25E-01,2.82947160544808,37.8369774167337,0,6864,571,304,599,291,522,167,569,165,581,162,556,186,25.2,15.1,11.7,3.6,21.8,64.4
0.856241941452026,0.934934139251709,1.01296770572662,1.06663179397583,1.07661652565002,1.01809811592102,3.53E-01,6.21E-01,8.50E-01,8.71E-01,7.86E-01,-1.20192224444531,51.7824272842799,0,6866,503,350,517,333,504,208,544,222,568,197,527,240,28.6,33.7,24.9,3.21,6.65,24.8
0.904830694198608,0,1.04074335098267,1.06179773807526,1.01801073551178,1.02074801921844,3.71E-01,6.08E-01,8.57E-01,8.92E-01,8.27E-01,0.344016062613652,3.62562530155967,0,6868,302,433,0,0,408,273,436,313,371,350,419,310,29.7,49.7,43.2,3.3,4.95,58.5
0.871260821819305,0.989890456199646,1.02837479114532,1.04451024532318,0,0.992487907409668,3.29E-01,3.42E-01,9.20E-01,8.81E-01,7.43E-01,-0.559665928176213,8.75686370483609,0,6870,339,364,408,386,394,234,423,258,0,0,404,270,12.1,50,63.2,3.19,3.96,43.2
0.856156706809998,0,1.03418135643005,1.06357395648956,1.05401372909546,1.01954650878906,3.35E-01,5.96E-01,8.42E-01,8.69E-01,7.50E-01,-0.342581666153298,7.72328785627181,0,6872,319,492,0,0,382,339,412,370,420,381,391,377,0.39,43,96.1,3.67,8.23,9.69
0.853454113006592,0.936949789524078,1.05146110057831,1.05228638648987,1.04196226596832,1.01154816150665,3.41E-01,6.16E-01,8.69E-01,8.77E-01,8.02E-01,1.42962856158944,18.9883367943297,0,6874,447,572,483,563,489,414,519,438,504,447,504,453,1.4,18.8,126,3.38,11.1,4.69
1.05257856845856,0,0.887669622898102,0,0,0.8948655128479,3.55E-01,5.99E-01,6.81E-01,8.30E-01,8.93E-01,0.718846505089747,6.78242642401422,0,6877,0,0,0,0,0,0,0,0,0,0,0,0,6.37,7.13,188,3.57,7.99,21.2
0,0,0,0,0,0,0.00E+00,0.00E+00,0.00E+00,0.00E+00,0.00E+00,-0.024850870530577,5.41318405031951,0,6879,0,0,0,0,0,0,0,0,0,0,0,0,3.35,3.19,226,3.3,16.3,5.93
0,0,1.00289666652679,1.08267080783844,1.08375632762909,0.982421457767487,3.28E-01,5.69E-01,0.00E+00,7.49E-01,0.00E+00,-1.35512573327611,8.67890213996486,0,6881,0,0,0,0,529,184,571,161,577,154,574,182,1.75,5.29,264,3.29,7.33,18
0,0,0,0,0,0,0.00E+00,0.00E+00,0.00E+00,0.00E+00,0.00E+00,-0.09286182052314,8.61130771410135,0,6883,0,0,0,0,0,0,0,0,0,0,0,0,0.343,1.26,290,3.56,3.29,8.54
0,0,0,0,0,0,0.00E+00,0.00E+00,0.00E+00,0.00E+00,0.00E+00,-0.527896660517421,6.15597831650155,0,6885,0,0,0,0,0,0,0,0,0,0,0,0,3.31,2.47,308,3.58,5.62,13.8
0,0,0,0,0,0,0.00E+00,0.00E+00,0.00E+00,0.00E+00,0.00E+00,2.25423319238196,8.7223777567668,0,6887,0,0,0,0,0,0,0,0,0,0,0,0,6.03,1.17,308,3.13,6.54,15.6
0,0,0,0,0,0,0.00E+00,0.00E+00,0.00E+00,0.00E+00,0.00E+00,1.1789707813843,8.68013643985032,0,6889,0,0,0,0,0,0,0,0,0,0,0,0,5.86,7.64,298,3.84,11.9,17
0,0,0,0,0,0,0.00E+00,0.00E+00,0.00E+00,0.00E+00,0.00E+00,1.8197899914373,13.0209717104627,0,6891,0,0,0,0,0,0,0,0,0,0,0,0,4.5,2.46,273,2.77,7.49,4.45
0.881867170333862,0.908304512500763,1.02646660804749,1.11290574073792,1.09214210510254,1.06429946422577,3.75E-01,6.06E-01,8.89E-01,9.07E-01,7.73E-01,2.13883785528243,11.6716046865068,0,6893,421,232,387,242,460,375,412,367,394,364,433,347,9.96,3.3,242,3.95,7.46,30
0.881530046463013,0.965735375881195,1.02029097080231,1.09404015541077,1.11254131793976,1.04976689815521,3.78E-01,5.79E-01,9.17E-01,9.37E-01,8.24E-01,12.7961233981426,17.7349267053732,0,6896,504,217,481,226,547,360,497,348,454,358,522,330,5.79,2.32,184,4.31,8.23,5.43
0.864023149013519,0.953393638134003,1.01165211200714,1.10538589954376,1.10970306396484,1.06326615810394,3.47E-01,5.91E-01,8.59E-01,9.22E-01,7.71E-01,37.7833231305362,43.7449948869065,0,6898,507,207,466,231,560,349,508,339,462,345,535,321,10.1,2.65,147,4.68,36.7,5.49
0.894248843193054,0.943492770195007,1.01157319545746,1.11213624477386,1.08740401268005,1.16092705726624,3.84E-01,5.88E-01,8.86E-01,9.14E-01,0.00E+00,0.027440514626712,5.72417234748676,0,6900,496,167,465,180,479,309,434,278,398,300,464,289,11.8,6.41,106,5.04,7.58,10.4
0.892998158931732,0.915945589542389,1.05712699890137,1.1000759601593,1.09534907341003,1.01759517192841,3.72E-01,6.48E-01,8.99E-01,9.61E-01,8.19E-01,5.45235373191857,5.68137162613729,0,6902,732,408,697,406,688,552,653,520,634,519,679,515,3.83,14.8,76,5.4,3.56,8.92
0,0,0,0,0,0,0.00E+00,0.00E+00,0.00E+00,0.00E+00,0.00E+00,-7.66350812865437,9.16566369796446,0,6904,0,0,0,0,0,0,0,0,0,0,0,0,5.91,19.3,55.5,5.46,12.6,4.44
0.879327297210693,0.889589905738831,1.03580677509308,1.09680819511414,1.08518064022064,1.05070066452026,3.73E-01,5.89E-01,8.87E-01,9.38E-01,7.99E-01,-1.85777878691866,2.47626532892553,0,6906,580,405,522,387,574,573,528,541,476,500,559,543,7.55,12.6,42.5,5.39,2.27,8.64
0.888397634029388,0.926952123641968,1.03241014480591,1.0825366973877,1.09622716903687,1.04692995548248,3.69E-01,6.03E-01,9.06E-01,9.37E-01,7.94E-01,0.42920836610078,0.78594124523889,0,6908,632,483,587,494,607,630,568,602,540,605,595,589,1.27,13.5,47.5,5.41,1.41,1.45
0.897327899932861,0,1.03067433834076,1.09274113178253,1.07323312759399,1.03517043590546,3.89E-01,6.27E-01,8.61E-01,9.48E-01,8.66E-01,-1.86282315430586,2.21587800354278,0,6910,567,349,0,0,578,523,532,493,471,445,564,492,0.442,8.29,60.1,5.47,1.8,0.748
0,0,0,0,0,0,0.00E+00,0.00E+00,0.00E+00,0.00E+00,0.00E+00,1.97915660456514,4.29018216356912,0,6912,0,0,0,0,0,0,0,0,0,0,0,0,0.768,4.42,66.8,5.5,1.81,3.98
0.902607500553131,0.945593059062958,1.02656185626984,1.12111926078796,1.08867263793945,1.04539895057678,4.13E-01,6.22E-01,8.64E-01,9.35E-01,8.36E-01,-2.77400865069355,4.28729728691689,0,6915,676,465,657,468,664,619,609,588,588,592,653,582,1.7,1.02,84.8,4.19,5.51,5.75
0.901003122329712,0.981651365756989,0.882178485393524,0.868049800395966,0.927328169345856,0.967799663543701,4.47E-01,6.90E-01,1.01E+00,9.03E-01,9.46E-01,-38.7348365240377,41.4166831211007,0,6917,0,0,0,0,0,0,0,0,0,0,0,0,1.14,1.77,94.3,3.97,13.7,29.4
0.852912306785584,0,1.01925504207611,1.10955893993378,1.07343399524689,1.03000724315643,4.25E-01,6.36E-01,8.59E-01,9.13E-01,9.73E-01,0.841742276351569,7.53824687181623,0,6919,199,237,0,0,321,424,266,416,203,392,292,406,11.4,5.21,105,3.37,10.1,20.2
0,0,0,0,0.956399440765381,0,0.00E+00,0.00E+00,0.00E+00,0.00E+00,0.00E+00,9.21515413371924,14.7628061284354,0,6921,0,0,0,0,0,0,0,0,0,0,0,0,9.36,11.9,106,3.29,22.6,25.3
0.863544166088104,0.932028591632843,1.00743782520294,1.06190288066864,1.08238863945007,1.10339045524597,3.66E-01,6.27E-01,8.65E-01,9.11E-01,8.13E-01,-2.70005498228157,4.80752252770785,0,6923,165,140,157,169,312,213,270,238,255,243,271,217,2.25,13.2,104,3.55,4.33,18
0.833505988121033,0.920868337154388,1.01932597160339,1.05134916305542,0,1.06565773487091,3.65E-01,8.93E-01,9.51E-01,9.43E-01,8.00E-01,3.51617259040079,6.79521471098999,0,6925,524,199,523,242,657,242,621,279,0,0,617,247,1.25,13,98.4,3.58,2.24,2.99
0.880674600601196,0.9287069439888,1.01932466030121,1.06976544857025,1.0763955116272,1.06864321231842,3.84E-01,6.15E-01,8.67E-01,9.17E-01,9.13E-01,-0.20577461087903,2.73510292556429,0,6927,475,255,482,289,650,261,614,303,599,329,618,272,1.38,8.72,82.2,3.23,2.18,7.61
0.852496862411499,0.922794103622437,1.01257121562958,1.05751252174377,1.06394827365875,0.9713094830513,3.99E-01,5.85E-01,8.97E-01,9.19E-01,8.09E-01,1.15202304310818,2.34718745997586,0,6929,446,297,443,258,524,211,504,263,548,290,485,237,2.16,3,68.3,2.85,4.81,6.19
0.883638799190521,0.917470514774323,1.04823994636536,1.04900646209717,1.09681725502014,1.02238702774048,3.57E-01,5.88E-01,8.35E-01,9.60E-01,8.12E-01,-3.71769799187153,7.10312697196426,0,6931,314,350,329,389,450,385,431,422,445,429,417,403,3.44,5.67,50.7,2.97,2.03,4.72
0.889678776264191,0.919890999794006,1.0449925661087,1.05078148841858,1.08644104003906,1.0093115568161,3.54E-01,6.09E-01,8.69E-01,9.45E-01,7.50E-01,0.75656025499234,2.63670687557729,0,6934,309,317,322,360,454,337,435,376,443,401,417,352,1.6,2.84,42.2,3.97,1.31,3.3
0.875696837902069,0.914758622646332,1.0423721075058,1.05236923694611,1.06868767738342,1.02775359153748,3.50E-01,6.20E-01,8.39E-01,9.19E-01,7.61E-01,-5.62712196583953,20.8605977690495,0,6936,300,312,314,353,450,339,430,375,437,393,415,356,8.46,3.13,49.4,4.58,19,13.7
0.860809147357941,0.866852879524231,1.04753565788269,1.04752838611603,1.07808685302734,1.1284099817276,3.35E-01,5.94E-01,8.48E-01,9.31E-01,7.82E-01,-1.8379669615236,4.25527305345664,0,6938,363,317,366,359,526,350,498,383,489,391,479,357,9.51,6.13,58.6,4.75,5.16,11.9
0.904163062572479,0,1.03345048427582,1.06997990608215,0,1.0188490152359,3.77E-01,6.30E-01,8.83E-01,1.10E+00,8.05E-01,-1.02759126367581,7.68031458789359,0,6940,562,482,0,0,627,395,611,441,0,0,586,412,2.54,11.4,67.6,5.44,6.94,6.93
0,0,0,0,0,0,0.00E+00,0.00E+00,0.00E+00,0.00E+00,0.00E+00,-0.570812134915355,4.54808510724022,0,6942,0,0,0,0,0,0,0,0,0,0,0,0,2.54,11.3,75.3,5.33,17.2,3.4
0,0,0.87172544002533,0.996502757072449,0.918118119239807,0,4.09E-01,3.46E-01,8.94E-01,6.87E-01,0.00E+00,-1.50177019122397,5.85048302605598,0,6944,0,0,0,0,0,0,0,0,0,0,0,0,3.33,5.46,76,5.37,1.64,18.8
0.871385455131531,0.921397387981415,1.01911723613739,1.06282925605774,1.0614447593689,1.03412008285522,3.66E-01,6.31E-01,8.61E-01,8.19E-01,7.68E-01,4.10939785705899,7.63145196322329,0,6946,461,597,428,592,513,734,461,730,411,730,480,713,1.61,5.29,77,4.32,5.42,9.26
0.844641089439392,0.903857946395874,1.04218471050262,1.07462012767792,1.08745014667511,1.04996776580811,3.45E-01,5.78E-01,8.36E-01,9.57E-01,7.28E-01,5.36009557257696,11.6975424108023,0,6948,459,235,432,266,524,375,481,376,467,390,492,351,2.53,4.39,74,3.95,7.12,1.8
0.904872298240662,0.959999978542328,1.00648951530457,1.06018579006195,1.07705223560333,1.03674376010895,3.86E-01,6.26E-01,8.21E-01,9.05E-01,7.48E-01,4.41306750114926,6.72122486552566,0,6950,391,313,357,341,465,442,413,449,412,432,429,427,2.26,0.356,68.4,4.32,4.22,12.9
0.823483645915985,0.8125,0.892852902412415,1.02861440181732,1.10444974899292,1.40369486808777,3.75E-01,6.07E-01,8.69E-01,9.60E-01,7.49E-01,-0.580563743065273,0.888190722560169,0,6952,0,0,0,0,0,0,0,0,0,0,0,0,2.52,3.01,63.3,3.99,2.52,8.01
0.871205806732178,0.932549476623535,1.02703094482422,1.0684449672699,1.08754301071167,1.02753293514252,3.66E-01,6.01E-01,8.58E-01,9.85E-01,7.62E-01,4.05157442950889,5.75314176155143,0,6955,500,339,483,366,562,482,512,480,502,490,528,459,0.692,5.16,58,4.36,1.3,3.47
0.873823940753937,0.981308400630951,1.01960277557373,1.11680245399475,1.09265124797821,1.09403252601624,3.96E-01,6.21E-01,8.26E-01,9.55E-01,7.94E-01,-4.78269344666319,11.9022835001563,0,6957,496,323,483,348,586,433,533,441,507,469,546,413,1.11,6.21,52.1,3.46,2.76,10.7
0.886082410812378,0.917700111865997,1.02244699001312,1.11056041717529,1.07570600509644,1.02689802646637,3.83E-01,5.99E-01,8.95E-01,9.29E-01,6.80E-01,4.91209839118467,8.95113442401049,0,6959,416,336,456,337,494,439,439,433,438,442,460,417,6.95,6.79,45.5,3.18,6.89,10.8
0.860814929008484,0.888773381710053,1.01794648170471,1.11143791675568,1.08989572525024,1.13822460174561,3.46E-01,5.72E-01,8.10E-01,9.18E-01,7.50E-01,4.7603115516052,9.47700796455094,0,6961,426,250,385,239,455,393,399,379,372,349,427,370,6.15,8.75,37,3.05,6.2,18.1
0.868306994438171,0.94017094373703,1.0096070766449,1.1058075428009,1.07958662509918,1.14069211483002,3.57E-01,5.34E-01,7.83E-01,8.35E-01,7.43E-01,6.94864110692219,13.6581865896562,0,6963,307,165,317,153,296,295,256,261,274,271,278,250,1.88,8.41,29.5,3.15,11.8,3.45
0,0,0,0,0,0,0.00E+00,0.00E+00,0.00E+00,0.00E+00,0.00E+00,1.1681957405626,5.54469034074506,0,6965,0,0,0,0,0,0,0,0,0,0,0,0,0.869,6.04,16.3,4.57,2.37,12.7
0.846799790859222,0.899860918521881,1.00883424282074,1.09560203552246,1.09770607948303,1.02843952178955,3.39E-01,5.62E-01,8.19E-01,9.02E-01,6.96E-01,6.35432996562826,18.9906567725846,0,6967,370,173,383,199,340,298,304,253,296,252,333,257,6.84,2.83,5.95,3.63,22.9,13.3
0.888437211513519,0.970774114131928,1.02059590816498,1.08780169487,1.11564433574677,1.11850070953369,3.43E-01,5.70E-01,8.68E-01,9.23E-01,7.81E-01,5.50949008708678,10.4813695143733,0,6969,493,386,471,356,393,484,372,435,380,421,401,441,3.78,3.41,13.4,4.76,12.6,16.7
0.872358798980713,0.896551728248596,1.01542639732361,1.02207374572754,1.23063969612122,1.03784990310669,4.93E-01,5.44E-01,8.32E-01,8.68E-01,7.17E-01,4.58717702018881,5.04296530287719,0,6971,0,0,0,0,0,0,0,0,0,0,0,0,2.05,5.86,27.3,4.99,9.54,9.37
0.941574275493622,0,1.02817261219025,1.10729205608368,1.10445296764374,1.07207906246185,3.75E-01,4.83E-01,8.64E-01,8.96E-01,7.87E-01,-1.39052986203417,1.76317612412913,0,6974,541,262,0,0,485,385,439,330,463,311,486,342,9.65,12.2,45.5,4.98,11.7,8.34
0.928496599197388,0.850393712520599,1.04129910469055,1.11099970340729,1.09405601024628,1.00600099563599,3.53E-01,5.19E-01,8.79E-01,9.41E-01,7.99E-01,20.8039446613407,21.0780079084009,0,6976,527,268,498,291,479,384,437,345,442,349,465,341,12.7,16.8,52.7,5.27,23.8,23.3
0,0,0,0,0,0,0.00E+00,0.00E+00,0.00E+00,0.00E+00,0.00E+00,28.9577163475785,32.4743502461978,0,6978,0,0,0,0,0,0,0,0,0,0,0,0,7.04,12.5,55.2,5.29,13,24.1
0.87797474861145,0.95604395866394,1.0061708688736,1.08901154994965,0,1.04062259197235,3.98E-01,6.66E-01,9.35E-01,9.31E-01,7.84E-01,0.157891549824993,4.41685823713973,0,6980,460,604,422,576,477,730,418,717,0,0,446,706,10.3,13.3,55.3,5.31,4.52,18.4
0.840381681919098,0,1.03493440151215,1.07486462593079,1.09136509895325,1.04944717884064,4.04E-01,6.31E-01,8.95E-01,9.18E-01,8.60E-01,3.45296627695364,9.32919544099244,0,6982,456,393,0,0,437,543,389,511,377,464,415,521,17.6,7.68,55.8,5.32,20.3,52.5
0,0,0,0,0,0,0.00E+00,0.00E+00,0.00E+00,0.00E+00,0.00E+00,7.36823545139874,11.4584690803108,0,6984,0,0,0,0,0,0,0,0,0,0,0,0,12.6,10.9,59,5.34,35.1,16.9
1.34857785701752,0.968824923038483,1.17206156253815,0.875436544418335,0.882667362689972,1.03744494915009,4.96E-01,6.34E-01,8.68E-01,9.85E-01,9.36E-01,45.2156067554166,70.7900442446507,0,6986,0,0,0,0,0,0,0,0,0,0,0,0,11.3,9.3,59.2,5.36,40.1,62
0,0,0,0,0.796992480754852,0,0.00E+00,0.00E+00,0.00E+00,0.00E+00,0.00E+00,5.71576803352358,44.9690681557145,0,6988,0,0,0,0,0,0,0,0,0,0,0,0,22.2,22.7,72.7,5.38,20.7,24.8
0.846562683582306,0.920126438140869,1.00554978847504,1.12931168079376,1.11274421215057,1.11373436450958,3.84E-01,6.35E-01,9.02E-01,9.37E-01,7.84E-01,-7.84248256839727,32.3470051164653,0,6990,275,392,256,421,413,498,368,513,337,500,378,495,30,43.3,83.6,5.39,7.45,78.5
0,0,0,0,0,0,0.00E+00,0.00E+00,0.00E+00,0.00E+00,0.00E+00,-0.752646287049095,2.80295817038378,0,6993,0,0,0,0,0,0,0,0,0,0,0,0,6.02,30.5,102,5.41,12.3,12.2
0.868940770626068,0.905139327049255,1.02189958095551,1.13949537277222,0.998627305030823,1.03038942813873,4.00E-01,6.14E-01,8.88E-01,9.02E-01,9.09E-01,-0.026131590303266,5.65217897201254,0,6995,68.5,460,109,484,213,344,210,385,195,419,171,342,15.6,4.76,111,5.43,8.88,63.5
0.883585751056671,0,1.00908482074738,1.11042261123657,1.01540648937225,0.953922212123871,4.27E-01,6.35E-01,8.97E-01,8.96E-01,8.36E-01,-0.014039587174297,11.046306782305,0,6997,93.6,523,0,0,57.7,417,73,457,123,448,42.5,457,0.509,12.4,137,5.44,10.2,17.3
0,0,0,0,0,0,0.00E+00,0.00E+00,9.31E-01,9.55E-01,0.00E+00,-15.2780799484112,33.291326422901,0,6999,0,0,0,0,0,0,0,0,0,0,0,0,10.3,9.2,156,5.46,5.71,41.5
0,0,0,0,0.888223528862,0,0.00E+00,0.00E+00,0.00E+00,0.00E+00,0.00E+00,-9.58696937220586,52.6805962999874,0,7001,0,0,0,0,0,0,0,0,0,0,0,0,6.69,11,163,5.48,22.5,56.6
0,0,0,0,0,0,0.00E+00,0.00E+00,0.00E+00,0.00E+00,0.00E+00,-2.68737616745538,16.1582837191704,0,7003,0,0,0,0,0,0,0,0,0,0,0,0,15.2,5.52,178,5.5,2.79,30.5
0.902644455432892,0.836340188980103,1.02114248275757,1.1250307559967,1.10232925415039,1.00190901756287,3.77E-01,7.55E-01,9.10E-01,9.58E-01,8.05E-01,-2.84399558103296,7.65126204084687,0,7005,101,487,137,515,82.2,327,123,353,153,374,105,353,6.41,6.05,189,5.44,13.4,37
0,0,0,0,0,0,0.00E+00,0.00E+00,0.00E+00,0.00E+00,0.00E+00,0.576583048361139,3.33271312069769,0,7007,0,0,0,0,0,0,0,0,0,0,0,0,4.44,11.3,174,5.39,13.8,9.32
0,0,0,0,0,0,0.00E+00,0.00E+00,0.00E+00,0.00E+00,0.00E+00,0.635985051769181,3.38083487943442,0,7009,0,0,0,0,0,0,0,0,0,0,0,0,6.08,11.2,166,5.34,2.5,1.25
0,0,0,0,0,0,0.00E+00,0.00E+00,0.00E+00,0.00E+00,0.00E+00,0.123380464524148,2.02415986713553,0,7012,0,0,0,0,0,0,0,0,0,0,0,0,0.811,7.83,139,5.29,4.27,9.53
0,0,0,0,0,0,0.00E+00,0.00E+00,0.00E+00,0.00E+00,0.00E+00,-7.43033606407554,16.8868282138442,0,7014,0,0,0,0,0,0,0,0,0,0,0,0,4.4,1.65,120,5.29,7.06,7.51
0,0,0,0,0,0,0.00E+00,0.00E+00,0.00E+00,0.00E+00,0.00E+00,9.21819594376095,15.1811910340969,0,7016,0,0,0,0,0,0,0,0,0,0,0,0,2.83,1.8,79.5,5.29,9.68,7.22
0,0,0,0,0,0,0.00E+00,0.00E+00,0.00E+00,0.00E+00,0.00E+00,-8.0315486321676,19.6265340725537,0,7018,0,0,0,0,0,0,0,0,0,0,0,0,4.46,1.78,58.8,4.66,8.84,46.6
0.818597972393036,0,1.03280735015869,1.09012401103973,1.10021901130676,1.15567779541016,3.76E-01,6.05E-01,8.95E-01,9.32E-01,8.16E-01,23.3285341025532,42.9484163305711,0,7020,416,266,0,0,571,316,542,360,490,368,545,333,12.4,3.52,36.3,4.52,73.2,1.63
0.875612556934357,0,1.03703355789185,1.03762531280518,1.11034071445465,1.11410081386566,3.49E-01,6.05E-01,7.99E-01,9.58E-01,7.95E-01,-2.49939288862277,3.15209401589097,0,7022,283,48.5,0,0,354,157,318,174,343,224,313,146,10.7,3.6,29.6,5.22,6.16,32.9
0.885245442390442,1.06606221199036,1.04573953151703,1.0754326581955,1.1092472076416,1.02502727508545,3.83E-01,6.14E-01,9.01E-01,8.53E-01,7.87E-01,0.955778527900478,6.09222051680901,0,7024,341,428,316,498,435,515,414,549,431,546,400,525,3.26,12.7,36.5,5.17,4.28,2.63
0,0,0,0,0,0,0.00E+00,0.00E+00,0.00E+00,0.00E+00,0.00E+00,-1.18639667447116,1.84166191230833,0,7026,0,0,0,0,0,0,0,0,0,0,0,0,5.68,8.09,40,4.85,8.52,19.5
0,0,0,0,0,0,0.00E+00,0.00E+00,0.00E+00,0.00E+00,0.00E+00,4.28972940655852,6.06365259212613,0,7028,0,0,0,0,0,0,0,0,0,0,0,0,1.35,3.98,51.1,5.02,3.97,9.36
0.880672693252564,0.931583881378174,1.0289146900177,1.06141173839569,0,1.02542233467102,3.54E-01,6.45E-01,8.90E-01,9.25E-01,7.14E-01,-12.5489304787858,18.8954790517515,0,7030,0,0,0,0,0,0,0,0,0,0,0,0,1.97,9.63,66.6,5.06,10.8,35.2
0,0,0,0,0,0,0.00E+00,0.00E+00,0.00E+00,0.00E+00,0.00E+00,-0.519713960602075,12.9585788732677,0,7033,0,0,0,0,0,0,0,0,0,0,0,0,11.9,7.34,59.4,5.1,8.44,62.9
0.844945311546326,0.923404276371002,1.02896022796631,1.12858390808105,1.14425671100616,0.987414717674255,3.53E-01,5.95E-01,8.72E-01,9.30E-01,7.97E-01,-36.6141110659232,44.3496953121155,0,7035,255,299,295,331,365,190,380,241,391,265,360,231,5.51,15.8,60.8,5.14,48.8,12
0.855353713035584,0.944831013679504,1.02971577644348,1.09111309051514,1.14243197441101,1.05856323242188,3.38E-01,6.17E-01,8.59E-01,8.98E-01,7.57E-01,1.79167101120448,4.14812069009072,0,7037,282,261,319,278,378,159,396,208,412,220,372,202,5.13,27.8,59.7,5.18,5.63,53.8
0.894966006278992,0,1.0283055305481,1.08824956417084,1.14940094947815,1.00019466876984,3.76E-01,6.38E-01,8.79E-01,8.55E-01,7.98E-01,-10.9353261189776,11.9109908651442,0,7039,303,298,0,0,397,215,415,251,425,245,402,261,5.15,7.76,60.5,5.22,19.7,7.93
0.885198295116425,0.910857915878296,1.01319658756256,1.11794722080231,1.10444974899292,1.05410122871399,3.40E-01,5.47E-01,8.22E-01,9.39E-01,8.05E-01,7.03087060402084,8.01627709859204,0,7041,491,273,510,282,583,178,602,234,613,251,577,223,4.53,11,64.3,5.27,15.1,4.69
0.853522419929504,0.924369752407074,0.992923259735107,1.1335541009903,1.07287132740021,1.02154171466827,3.47E-01,5.22E-01,9.08E-01,9.51E-01,7.87E-01,8.11078943889354,9.40450707140184,0,7043,599,254,575,224,648,140,666,193,682,202,638,182,0.966,7.61,67.9,5.31,11.4,3.05
0.768496632575989,0,0,0,0,0,3.06E-01,0.00E+00,8.85E-01,1.26E+00,8.26E-01,-0.327721412207164,1.19263899036739,0,7045,0,0,0,0,0,0,0,0,0,0,0,0,9.78,18.9,72.6,5.35,9.26,14.2
0.734101593494415,0,0.886245846748352,1.16767549514771,0.946627140045166,0.90937340259552,4.25E-01,8.82E-01,8.05E-01,8.46E-01,9.01E-01,32.2468487170646,42.4480359764156,0,7047,0,0,0,0,0,0,0,0,0,0,0,0,3.19,4.27,82.4,5.39,43.4,10.9
0.840580582618713,0.931818187236786,1.02049291133881,1.25107836723328,1.05308198928833,0.991910457611084,3.99E-01,6.15E-01,9.06E-01,9.02E-01,7.55E-01,-10.1902995249918,12.726257322025,0,7049,152,480,199,456,106,309,143,324,196,347,116,343,7.19,12.4,78,5.31,10.2,18.4
0.863594710826874,0.921745657920837,1.01611065864563,1.21821618080139,1.11979007720947,1.01579880714417,3.88E-01,6.50E-01,8.73E-01,8.91E-01,7.36E-01,-3.92306338552943,5.67205183865246,0,7052,207,543,233,498,134,398,175,409,209,395,155,431,1.74,3.25,80.7,5.24,11.5,20
0.898791253566742,0.917997896671295,1.00539755821228,1.15403056144714,0,1.04294550418854,4.77E-01,6.44E-01,1.22E+00,7.89E-01,7.65E-01,-4.61552381504335,12.7036338853988,0,7054,0,0,0,0,0,0,0,0,0,0,0,0,2.71,7.6,67.7,5.16,3.49,13.6
0.916671276092529,0,1.03018939495087,1.19224464893341,1.14478409290314,1.04999995231628,3.90E-01,6.52E-01,8.24E-01,9.61E-01,7.90E-01,0.013881422273769,13.8659077451724,0,7056,386,600,0,0,324,495,364,481,361,427,362,518,14.5,7.16,60.5,5.26,12.8,31.2
0,0,0,0,0,0,0.00E+00,0.00E+00,0.00E+00,0.00E+00,0.00E+00,14.5372846543495,39.11443224697,0,7058,0,0,0,0,0,0,0,0,0,0,0,0,1.63,6.83,47.3,5.36,33.6,23.6
0,0,0,0,0,0,0.00E+00,0.00E+00,0.00E+00,0.00E+00,0.00E+00,4.33384591144166,22.3679362315646,0,7060,0,0,0,0,0,0,0,0,0,0,0,0,17.3,7.36,30.9,5.46,19.8,10.7
0,0,0,0,0,0,0.00E+00,0.00E+00,0.00E+00,0.00E+00,0.00E+00,-12.9739814530658,15.4502730809525,0,7062,0,0,0,0,0,0,0,0,0,0,0,0,13,9.43,24.2,5.43,13.4,28
0.872157752513886,0.900662243366241,1.01281034946442,1.22951829433441,1.06835746765137,0.996451497077942,4.24E-01,6.44E-01,8.82E-01,9.99E-01,7.86E-01,0.449610923248607,4.8997779730418,0,7064,164,318,206,285,118,164,146,189,184,171,124,210,5.76,18.1,22.4,5.5,8.39,18.1
0,0,0,0,0,0,0.00E+00,0.00E+00,0.00E+00,0.00E+00,0.00E+00,14.8524483244964,15.7553823183703,0,7066,0,0,0,0,0,0,0,0,0,0,0,0,9.97,12.6,23.8,5.5,6.08,14.4
1.09718692302704,0.963455140590668,2.348552942276,0.906377732753754,0.904723167419434,1.02537059783936,3.43E-01,7.36E-01,1.56E+00,9.03E-01,9.83E-01,-6.7526793035442,12.1295476270183,0,7068,0,0,0,0,0,0,0,0,0,0,0,0,4.88,14.9,21,5.38,10.9,10.3
0.920700490474701,0,1.01783061027527,1.10553443431854,1.15345335006714,1.03218066692352,3.91E-01,6.36E-01,9.02E-01,9.77E-01,8.50E-01,-3.14657164644163,4.52492432063449,0,7071,392,779,0,0,344,645,397,642,435,655,370,655,4.37,9.49,14.3,5.06,4.72,95.5
0,0,0,0,0,0,0.00E+00,0.00E+00,0.00E+00,0.00E+00,0.00E+00,1.05686306135746,1.60356648726922,0,7073,0,0,0,0,0,0,0,0,0,0,0,0,4.1,9.76,3.96,5.46,79.3,13
0.889264404773712,0.884339809417725,1.01326858997345,1.11918044090271,1.09994566440582,1.0542950630188,3.92E-01,7.63E-01,9.32E-01,9.57E-01,1.01E+00,0.530148780698888,7.3643703818369,0,7075,454,414,419,409,377,335,426,336,441,313,408,356,8.72,22.2,5.79,5.39,5.48,89.1
0.895197749137878,0.925330817699432,1.0067001581192,1.11273610591888,1.09186923503876,1.03214073181152,3.60E-01,7.26E-01,8.91E-01,9.42E-01,8.36E-01,86.9991114514919,89.9650248746809,0,7077,382,328,402,328,320,212,371,208,407,217,353,227,8.37,11,10.2,5.31,43.2,33.3
0.881965160369873,0.951612889766693,1.01216554641724,1.12079477310181,1.14207720756531,1.09937155246735,3.70E-01,6.33E-01,9.23E-01,9.24E-01,8.46E-01,2.80721850763827,18.6029709889076,0,7079,389,397,445,383,343,262,394,263,428,259,371,279,18.9,3.29,25.2,5.24,33.7,13.1
0.923765182495117,0.849686861038208,0.948698163032532,1.06557381153107,0.897274613380432,0.913978517055512,3.99E-01,3.90E-01,1.38E+00,9.80E-01,1.05E+00,-11.0279755825803,11.0594597661966,0,7081,483,561,404,574,344,680,327,672,380,557,388,681,12.6,5.53,30.9,5.16,8.09,15
0.908769309520721,0.85868102312088,1.03209280967712,1.08557307720184,1.13726115226746,1.00098669528961,3.93E-01,6.29E-01,9.00E-01,9.87E-01,8.46E-01,17.8075308662062,20.461183458454,0,7083,0,0,0,0,0,0,0,0,0,0,0,0,1.02,27.3,39.9,4.89,12.7,14.1
0,0,0,0,0,0,0.00E+00,0.00E+00,0.00E+00,0.00E+00,0.00E+00,-10.7070634381053,15.3911027166233,0,7085,0,0,0,0,0,0,0,0,0,0,0,0,3.35,17.8,49.7,4.96,4.99,10.2
0,0,0,0,0.936962723731995,0,0.00E+00,0.00E+00,0.00E+00,0.00E+00,0.00E+00,-5.95769759283181,8.28076194880902,0,7087,0,0,0,0,0,0,0,0,0,0,0,0,6.04,13.6,42.8,4.98,11,26.4
0,0,0,0,0,0,0.00E+00,0.00E+00,0.00E+00,0.00E+00,0.00E+00,3.11470206505818,4.4177594866608,0,7090,0,0,0,0,0,0,0,0,0,0,0,0,14.3,9.1,35.4,2.69,10,372
0,0,0,0,0,0,0.00E+00,0.00E+00,0.00E+00,0.00E+00,0.00E+00,30.762928796351,78.3956621305048,0,7092,0,0,0,0,0,0,0,0,0,0,0,0,9.07,12.5,24,3.27,332,25.9
0,0,0,0,0,0,0.00E+00,0.00E+00,0.00E+00,0.00E+00,0.00E+00,-3.25863449546647,6.42008252230811,0,7094,0,0,0,0,0,0,0,0,0,0,0,0,15.3,69.3,44.6,3.99,2.69,374
0.906235754489899,0.901745080947876,1.01418042182922,1.12785983085632,1.17500984668732,1.01882266998291,4.29E-01,6.24E-01,9.20E-01,9.21E-01,7.69E-01,-23.9201869959753,30.2534355952579,0,7096,175,589,165,587,188,478,204,527,252,540,173,519,10.8,14.7,37.6,4.71,30.7,8.14
0.914355337619782,0.857142865657806,1.05540502071381,1.16815602779388,1.15565454959869,1.14437329769135,3.64E-01,6.44E-01,9.00E-01,9.92E-01,8.49E-01,3.89425434125732,7.06552610563418,0,7098,448,507,453,522,598,503,576,544,563,555,562,531,5.84,14.7,38.5,4.63,8.04,16.8
0,0,0,0,0,0,0.00E+00,0.00E+00,0.00E+00,0.00E+00,0.00E+00,-0.485494369352072,0.723322733525868,0,7100,0,0,0,0,0,0,0,0,0,0,0,0,6.37,15.1,56.4,2.74,12.4,1.64
0,0,0,0,0,0,0.00E+00,0.00E+00,0.00E+00,0.00E+00,0.00E+00,1.19907768277041,1.84643674513389,0,7102,0,0,0,0,0,0,0,0,0,0,0,0,9.98,63.6,65.3,3.65,26.4,5.96
0,0,0,0,0,0,0.00E+00,0.00E+00,0.00E+00,0.00E+00,0.00E+00,-13.2627967608413,15.3860219339147,0,7104,0,0,0,0,0,0,0,0,0,0,0,0,5.11,6.21,78.9,2.53,8,21.8
0,0,0,0,0,0,0.00E+00,0.00E+00,0.00E+00,0.00E+00,0.00E+00,-4.14718164940742,23.2844390068019,0,7106,0,0,0,0,0,0,0,0,0,0,0,0,5.52,4.83,82,1.84,15.8,43.4
0,0,0,0,0,0,0.00E+00,0.00E+00,0.00E+00,0.00E+00,0.00E+00,-7.00243408243971,37.7141791309533,0,7109,0,0,0,0,0,0,0,0,0,0,0,0,7.79,8.68,96.4,2.4,24.6,43.5
0,0,0,0,0,0,0.00E+00,0.00E+00,0.00E+00,0.00E+00,0.00E+00,4.76673776672418,29.2268789570471,0,7111,0,0,0,0,0,0,0,0,0,0,0,0,16.3,22.3,94,2.95,31.9,4.05
0,0,0,0,0,0,0.00E+00,0.00E+00,0.00E+00,0.00E+00,0.00E+00,-2.56970056493597,10.8523114835909,0,7113,0,0,0,0,0,0,0,0,0,0,0,0,14.1,16.8,96.5,3.81,12.2,8.69
0,0,0,0,0,0,0.00E+00,0.00E+00,0.00E+00,0.00E+00,0.00E+00,-2.01131424109182,12.0461288723606,0,7115,0,0,0,0,0,0,0,0,0,0,0,0,8.77,23.1,93.7,3,12.1,15.4
0,0,0,0,0,0,0.00E+00,0.00E+00,0.00E+00,0.00E+00,0.00E+00,0.126750830928823,16.2737623820666,0,7117,0,0,0,0,0,0,0,0,0,0,0,0,5.53,27.6,110,3.38,8.19,10.5
0,0,0,0,0,0,0.00E+00,0.00E+00,0.00E+00,0.00E+00,0.00E+00,-0.040394882239904,11.5381222340047,0,7119,0,0,0,0,0,0,0,0,0,0,0,0,4.51,10.2,140,4.41,10.2,9.59
0.862206101417542,0.900862097740173,1.03841602802277,1.28501391410828,1.1322249174118,1.22757041454315,3.52E-01,5.84E-01,9.88E-01,9.46E-01,8.98E-01,0.923631957745832,4.01633401134878,0,7121,305,126,229,116,347,258,293,259,242,228,312,238,2.72,12.7,121,3.47,7.42,23.7
0,0,0,0,0,0,0.00E+00,0.00E+00,0.00E+00,0.00E+00,0.00E+00,1.6898978627532,6.75287136406198,0,7123,0,0,0,0,0,0,0,0,0,0,0,0,5.2,4.76,176,4.29,21.9,17.9
0.943080186843872,0.308141738176346,1.06738793849945,1.2283148765564,1.20646619796753,1.08443093299866,3.90E-01,6.61E-01,9.15E-01,6.50E-01,1.12E+00,3.96386355147794,39.0075445300542,0,7125,685,523,728,577,690,648,664,604,663,621,686,611,5.36,1.71,197,5.26,17.1,7.6
0,0,0,0,0.90817791223526,0,0.00E+00,0.00E+00,9.10E-01,0.00E+00,0.00E+00,5.05360643757556,12.1575661870404,0,7127,0,0,0,0,0,0,0,0,0,0,0,0,5.71,2.17,177,5.01,7.82,18.1
0,0,0,0,0,0,0.00E+00,0.00E+00,0.00E+00,0.00E+00,0.00E+00,14.4059361784895,20.1175901231677,0,7130,0,0,0,0,0,0,0,0,0,0,0,0,7.18,9.47,203,0.341,15.2,8.08
0,0,0,0,0,0,0.00E+00,0.00E+00,0.00E+00,0.00E+00,0.00E+00,-3.44467829349104,9.88826828383432,0,7132,0,0,0,0,0,0,0,0,0,0,0,0,9.21,10.9,216,1.63,17.3,12.9
0,0,0,0,0,0,0.00E+00,0.00E+00,0.00E+00,0.00E+00,0.00E+00,3.61068026230515,21.2710198685064,0,7134,0,0,0,0,0,0,0,0,0,0,0,0,5.99,14,211,2.1,11.8,47.9
0,0,0,0,0,0,0.00E+00,0.00E+00,0.00E+00,0.00E+00,0.00E+00,28.3239605670547,31.6458165075771,0,7136,0,0,0,0,0,0,0,0,0,0,0,0,23.9,22.4,153,2.56,49.3,21.4
0.86530613899231,0,0,0,0.941280364990234,0.929121732711792,8.34E-01,7.27E-01,7.25E-01,0.00E+00,0.00E+00,-7.43559279598762,15.7325939092941,0,7138,0,0,0,0,0,0,0,0,0,0,0,0,25.1,29.3,139,3.03,17.5,45.5
0.850329518318176,1.03203940391541,1.04033386707306,1.35224628448486,1.26478672027588,1.00766241550446,3.72E-01,6.36E-01,9.30E-01,9.79E-01,8.12E-01,1.20103676650105,12.8806748178295,0,7140,485,401,393,429,424,545,389,504,376,456,413,510,1.9,32.4,109,3.5,18.5,18.8
0.865945219993591,0.881215453147888,1.04859352111816,1.41801393032074,0,1.1182107925415,3.50E-01,6.62E-01,8.70E-01,9.22E-01,8.02E-01,-5.51222475453248,6.32314379396021,0,7142,546,201,521,164,443,288,416,241,0,0,435,257,1.57,32.4,72.7,3.96,9.51,27.3
0,0,0,0,0,0,0.00E+00,0.00E+00,0.00E+00,0.00E+00,0.00E+00,-2.6787260741151,10.7315959379907,0,7144,0,0,0,0,0,0,0,0,0,0,0,0,8.55,22.2,51.7,4.43,8.85,13.3
0,0,0,0,0,0,0.00E+00,0.00E+00,0.00E+00,0.00E+00,0.00E+00,-18.7997228073998,46.194344763387,0,7146,0,0,0,0,0,0,0,0,0,0,0,0,13.2,22.5,80.3,4.89,35.9,27.4
0,0,0,0,0,0,0.00E+00,0.00E+00,0.00E+00,0.00E+00,0.00E+00,16.6121238291479,42.1060821990703,0,7149,0,0,0,0,0,0,0,0,0,0,0,0,9.95,16.8,137,5.36,29.2,17.7
0.872988641262054,0.889056205749512,1.02333545684814,1.43803834915161,0,1.08787441253662,4.21E-01,7.07E-01,8.86E-01,9.65E-01,8.62E-01,-5.02330500967594,7.75418527768377,0,7151,401,280,353,266,310,379,278,335,0,0,310,350,14.8,23.6,190,5.39,5.45,30
0,0,0,0,0,0,0.00E+00,0.00E+00,0.00E+00,0.00E+00,0.00E+00,-1.28138951555913,32.7211468684604,0,7153,0,0,0,0,0,0,0,0,0,0,0,0,13.5,26,225,5.42,27.9,36.2
0,0,0,0,0,0,0.00E+00,0.00E+00,0.00E+00,0.00E+00,0.00E+00,-5.80850369575507,16.0216994901478,0,7155,0,0,0,0,0,0,0,0,0,0,0,0,4.68,21.9,257,5.45,4.88,30.3
0,0,0,0,0,0,0.00E+00,0.00E+00,0.00E+00,0.00E+00,0.00E+00,1.06362288817643,7.58678881642252,0,7157,0,0,0,0,0,0,0,0,0,0,0,0,3.21,13.2,288,5.49,8.96,25.7
0,0,0,0,0,0,0.00E+00,0.00E+00,0.00E+00,0.00E+00,0.00E+00,-0.012864190379962,7.9669796406127,0,7159,0,0,0,0,0,0,0,0,0,0,0,0,12.8,4.77,297,5.52,26.4,33.7
0,0,0,0,0,0,0.00E+00,0.00E+00,0.00E+00,0.00E+00,0.00E+00,2.30732449529449,24.875908010769,0,7161,0,0,0,0,0,0,0,0,0,0,0,0,6.22,6.32,301,5.55,20,19.9
0,0,0,0,0,0,0.00E+00,0.00E+00,0.00E+00,0.00E+00,0.00E+00,3.17570145200303,37.3876207306675,0,7163,0,0,0,0,0,0,0,0,0,0,0,0,8.57,17.1,296,5.47,42.4,36.9
0,0,0,0,0,0,0.00E+00,0.00E+00,0.00E+00,0.00E+00,0.00E+00,-3.61692641113769,97.7982477458997,0,7165,0,0,0,0,0,0,0,0,0,0,0,0,25.6,29,287,3.38,90.4,169
0,0,0,0,0,0,0.00E+00,0.00E+00,0.00E+00,0.00E+00,0.00E+00,30.5939267443739,40.4584169576627,0,7168,0,0,0,0,0,0,0,0,0,0,0,0,16.3,11.9,241,5.03,20.8,107
0.923047482967377,0,1.04282855987549,1.3669410943985,1.18960607051849,1.06165373325348,4.10E-01,6.73E-01,8.64E-01,9.50E-01,7.56E-01,-25.5070196152769,44.5355005546119,0,7170,340,357,0,0,455,366,452,415,497,425,430,400,6.37,32.5,208,4.08,14.2,0.708
0.870511293411255,0,1.03797161579132,1.32281315326691,1.27296304702759,1.11208128929138,4.39E-01,6.05E-01,9.04E-01,8.97E-01,9.13E-01,-13.7316058967106,23.4830506426289,0,7172,135,311,0,0,320,358,269,399,208,430,289,376,14.3,31,161,2.43,14.3,23
0.897942245006561,0.94439297914505,1.0181370973587,1.42593622207642,1.20317614078522,1.04063785076141,3.96E-01,6.58E-01,8.27E-01,9.02E-01,7.38E-01,14.5414158359436,27.1477500118619,0,7174,361,282,374,276,461,286,430,311,459,347,419,289,10.4,23.4,117,5.07,11.3,69.8
0,0,0,0,0,0,0.00E+00,0.00E+00,0.00E+00,0.00E+00,0.00E+00,72.2073761897083,164.89425117049,0,7176,0,0,0,0,0,0,0,0,0,0,0,0,14.2,41,63,4.43,86.4,13.6
0,0,0,0,0,0,0.00E+00,0.00E+00,0.00E+00,0.00E+00,0.00E+00,-42.2562989756737,73.5503385916092,0,7178,0,0,0,0,0,0,0,0,0,0,0,0,27.7,14.8,12.1,4.78,80.1,94.4
0,0,0,0,0,0,0.00E+00,0.00E+00,0.00E+00,0.00E+00,0.00E+00,-5.9279513068082,39.3593811839664,0,7180,0,0,0,0,0,0,0,0,0,0,0,0,29,26.7,33.7,4.53,31.9,12.5
0,0,0,0,0,0,0.00E+00,0.00E+00,0.00E+00,0.00E+00,0.00E+00,7.60296288243318,25.1406395130264,0,7182,0,0,0,0,0,0,0,0,0,0,0,0,6.69,40,73.8,4.28,6.54,18.1
0,0,0,0,0,0,0.00E+00,0.00E+00,0.00E+00,0.00E+00,0.00E+00,-5.780590918244,27.8742703337013,0,7184,0,0,0,0,0,0,0,0,0,0,0,0,3.22,34.8,117,4.46,18.3,45.4
0,0,0,0,0,0,0.00E+00,0.00E+00,0.00E+00,0.00E+00,0.00E+00,3.49328003758386,21.5207847224181,0,7187,0,0,0,0,0,0,0,0,0,0,0,0,9.44,17.3,123,4.64,12.5,25.7
0,0,0,0,0,0,0.00E+00,0.00E+00,0.00E+00,0.00E+00,0.00E+00,-9.14340544524543,20.8754686706157,0,7189,0,0,0,0,0,0,0,0,0,0,0,0,29,14.3,121,4.83,15.2,85.9
0,0,0,0,0,0,0.00E+00,0.00E+00,0.00E+00,0.00E+00,0.00E+00,5.47224556886616,22.8476159790512,0,7191,0,0,0,0,0,0,0,0,0,0,0,0,7.69,19,112,5.01,13.3,14.6
0,0,0,0,0,0,0.00E+00,0.00E+00,0.00E+00,0.00E+00,0.00E+00,-1.87485649843595,14.9064838947373,0,7193,0,0,0,0,0,0,0,0,0,0,0,0,1.94,28.5,117,5.2,12.3,19.8
0,0,0,0,0,0,0.00E+00,0.00E+00,0.00E+00,0.00E+00,0.00E+00,-10.926635665973,50.5229568401304,0,7195,0,0,0,0,0,0,0,0,0,0,0,0,15.1,25.6,135,5.32,42.8,64.9
0,0,0,0,0,0,0.00E+00,0.00E+00,0.00E+00,0.00E+00,0.00E+00,1.3541141710322,9.63390286377652,0,7197,0,0,0,0,0,0,0,0,0,0,0,0,14.7,3.48,164,5.44,27.1,1.98
0,0,0,0,0,0,0.00E+00,0.00E+00,0.00E+00,0.00E+00,0.00E+00,0.291184251858345,30.9246046940184,0,7199,0,0,0,0,0,0,0,0,0,0,0,0,21.4,9.13,192,4.51,24.2,59
0,0,0,0,0,0,0.00E+00,0.00E+00,0.00E+00,0.00E+00,0.00E+00,1.12676326018899,39.1384458596656,0,7201,0,0,0,0,0,0,0,0,0,0,0,0,2.23,20.6,229,4.21,17.7,18.1
0,0,0,0,0,0,0.00E+00,0.00E+00,0.00E+00,0.00E+00,0.00E+00,3.09305421266118,52.5269275145421,0,7203,0,0,0,0,0,0,0,0,0,0,0,0,2.95,18.8,251,2.6,26.9,87.1
0,0,0,0,0,0,0.00E+00,0.00E+00,0.00E+00,0.00E+00,0.00E+00,-1.4836226975368,3.04378037245165,0,7205,0,0,0,0,0,0,0,0,0,0,0,0,22.8,19.7,235,2.89,2.63,8.12
0,0,0,0,0,0,0.00E+00,0.00E+00,0.00E+00,0.00E+00,0.00E+00,-8.21170399985282,22.3578797724035,0,7208,0,0,0,0,0,0,0,0,0,0,0,0,18,21.9,203,-0.824,48.7,37.9
0,0,0,0,0,0,0.00E+00,0.00E+00,0.00E+00,0.00E+00,0.00E+00,28.8888523618377,40.0652667227041,0,7210,0,0,0,0,0,0,0,0,0,0,0,0,5.65,29.5,163,-1.5,4.25,20.1
0,0,0,0,0,0,0.00E+00,0.00E+00,0.00E+00,0.00E+00,0.00E+00,-17.1600482446359,21.9804606259882,0,7212,0,0,0,0,0,0,0,0,0,0,0,0,2.3,0.92,125,-1.63,12.6,33.7
0,0,0,0,0,0,0.00E+00,0.00E+00,0.00E+00,0.00E+00,0.00E+00,-3.97770548923684,4.91605928526818,0,7214,0,0,0,0,0,0,0,0,0,0,0,0,11,7.25,67.2,-0.817,9.38,23.7
0,0,0,0,0,0,0.00E+00,0.00E+00,0.00E+00,0.00E+00,0.00E+00,-25.2891541332508,37.1457157482209,0,7216,0,0,0,0,0,0,0,0,0,0,0,0,10.8,14,17.9,-1.56,28.2,26.1
0,0,0,0,0,0,0.00E+00,0.00E+00,0.00E+00,0.00E+00,0.00E+00,-27.7485073866087,49.513376906619,0,7218,0,0,0,0,0,0,0,0,0,0,0,0,9.35,21.6,28.5,-1.19,30.9,29.7
0,0,0,0,0,0,0.00E+00,0.00E+00,0.00E+00,0.00E+00,0.00E+00,-12.5870408385921,79.7257465076846,0,7220,0,0,0,0,0,0,0,0,0,0,0,0,10.3,16.2,74.8,-1.56,62.2,19.4
0,0,0,0,0,0,0.00E+00,0.00E+00,0.00E+00,0.00E+00,0.00E+00,-47.013151085597,50.4089406739447,0,7222,0,0,0,0,0,0,0,0,0,0,0,0,15.2,7.2,96.9,-0.26,3.46,133
0,0,0,0,0,0,0.00E+00,0.00E+00,0.00E+00,0.00E+00,0.00E+00,-4.41100136990216,13.5457920749836,0,7224,0,0,0,0,0,0,0,0,0,0,0,0,28.1,26.4,109,-0.274,23.6,3.17
0,0,0,0,0,0,0.00E+00,0.00E+00,0.00E+00,0.00E+00,0.00E+00,1.75369408101157,5.39373231516313,0,7227,0,0,0,0,0,0,0,0,0,0,0,0,6,41.2,120,-1.02,3.88,20.6
0,0,0,0,0,0,0.00E+00,0.00E+00,0.00E+00,0.00E+00,0.00E+00,4.65978565529187,7.58011105857315,0,7229,0,0,0,0,0,0,0,0,0,0,0,0,6.74,34.4,115,-1.13,6.86,28
0,0,0,0,0,0,0.00E+00,0.00E+00,0.00E+00,0.00E+00,0.00E+00,5.72178307780962,9.3434360328865,0,7231,0,0,0,0,0,0,0,0,0,0,0,0,6.05,9.78,118,-1.25,4.54,10.8
0,0,0,0,0,0,0.00E+00,0.00E+00,0.00E+00,0.00E+00,0.00E+00,3.83056227100387,10.1145914024145,0,7233,0,0,0,0,0,0,0,0,0,0,0,0,5.44,15.7,137,-1.05,13.1,14.9
0,0,0,0,0,0,0.00E+00,0.00E+00,0.00E+00,0.00E+00,0.00E+00,-9.95091954908123,12.3953514216777,0,7235,0,0,0,0,0,0,0,0,0,0,0,0,7.7,5.2,176,-1.44,18,17.5
0,0,0,0,0,0,0.00E+00,0.00E+00,0.00E+00,0.00E+00,0.00E+00,0.537154226850787,1.53250777878244,0,7237,0,0,0,0,0,0,0,0,0,0,0,0,3.73,5.83,198,-1.14,7.2,5.66
0,0,0,0,0,0,0.00E+00,0.00E+00,0.00E+00,0.00E+00,0.00E+00,-7.82791154818871,10.7628278913985,0,7239,0,0,0,0,0,0,0,0,0,0,0,0,0.717,5.11,230,-1.22,13,10.2
0,0,0,0,0,0,0.00E+00,0.00E+00,0.00E+00,0.00E+00,0.00E+00,-6.96336499753754,15.6033853421698,0,7241,0,0,0,0,0,0,0,0,0,0,0,0,6.5,6.66,265,-0.855,9.69,9.83
0,0,0,0,0,0,0.00E+00,0.00E+00,0.00E+00,0.00E+00,0.00E+00,-4.74335210607456,10.4754529920801,0,7243,0,0,0,0,0,0,0,0,0,0,0,0,4.94,2.99,263,-1.22,9.75,9
0,0,0,0,0,0,0.00E+00,0.00E+00,0.00E+00,0.00E+00,0.00E+00,0.195739377940466,4.31924581160755,0,7246,0,0,0,0,0,0,0,0,0,0,0,0,2.97,2.87,249,-1.62,2.19,4.99
0,0,0,0,0,0,0.00E+00,0.00E+00,0.00E+00,0.00E+00,0.00E+00,-0.267157652377267,3.42326236992643,0,7248,0,0,0,0,0,0,0,0,0,0,0,0,3.5,2.16,232,-1.76,2.03,12
0,0,0,0,0,0,0.00E+00,0.00E+00,0.00E+00,0.00E+00,0.00E+00,-9.38393848921095,15.3831925816017,0,7250,0,0,0,0,0,0,0,0,0,0,0,0,5.04,0.312,224,-1.31,10.7,5.3
0,0,0,0,0,0,0.00E+00,0.00E+00,0.00E+00,0.00E+00,0.00E+00,-0.793917133051459,2.04663758803367,0,7252,0,0,0,0,0,0,0,0,0,0,0,0,6.94,3.2,180,-0.695,3.01,10.1
0,0,0,0,0,0,0.00E+00,0.00E+00,0.00E+00,0.00E+00,0.00E+00,1.42434472159593,5.70882465332989,0,7254,0,0,0,0,0,0,0,0,0,0,0,0,4.08,5.43,143,-0.867,2.85,9.69
0.873784303665161,0.896475791931152,1.05966949462891,1.6201765537262,1.31981289386749,1.06258964538574,3.39E-01,6.49E-01,8.75E-01,9.31E-01,7.16E-01,-0.541098576514403,7.36329841837168,0,7256,600,137,577,151,621,266,574,260,572,269,585,239,3.3,7.91,126,-0.75,4.74,4.4
0.857986748218536,0.92496395111084,1.05239951610565,1.55442023277283,1.35436999797821,1.06274485588074,4.00E-01,6.03E-01,8.84E-01,9.09E-01,7.90E-01,5.77943321583711,12.0515297659908,0,7258,582,157,551,176,627,308,580,295,573,294,592,282,3.91,4.43,95.3,-1.42,10.9,5.42
0.878553748130798,0.905660390853882,1.07015752792358,1.56947410106659,1.31584239006042,1.0662544965744,3.85E-01,6.36E-01,8.98E-01,9.38E-01,7.65E-01,-6.89771519349025,18.0986840717538,0,7260,571,463,546,487,621,594,574,599,564,613,582,573,1.97,4.17,71.4,-2.47,13.8,8.42
0.868830502033234,0.888412833213806,1.05723428726196,1.51870822906494,1.26180601119995,1.04844319820404,3.89E-01,6.78E-01,8.85E-01,9.22E-01,7.56E-01,-1.05226867842543,6.2451479047019,0,7262,475,470,446,495,524,600,476,602,464,613,487,577,8.58,1.07,61.8,-2.63,3.1,3.93
0.87044221162796,0.909590184688568,1.05878508090973,1.51027476787567,1.28073561191559,1.03274202346802,3.69E-01,6.52E-01,8.85E-01,9.28E-01,7.09E-01,0.383584934488792,6.121372036821,0,7265,472,458,440,489,517,592,471,596,461,610,481,570,7.72,4.68,55,-2.26,6.7,4.67
0.869560480117798,0.934239387512207,1.00652182102203,1.49336433410645,1.27598440647125,1.09879434108734,3.90E-01,6.77E-01,8.98E-01,9.49E-01,7.43E-01,0.335322438477583,2.97847041651205,0,7267,519,572,497,589,553,709,506,707,501,715,515,687,4.55,6.36,45.8,-2.22,3.58,10.1
0.873647630214691,0,1.00568723678589,1.49937999248505,1.24980223178864,1.02663350105286,3.87E-01,7.41E-01,8.92E-01,9.46E-01,7.26E-01,0.903155051939072,5.88980776842684,0,7269,521,577,0,0,560,715,513,710,501,713,525,687,4.53,6.4,45.3,-0.962,4.79,4.32
0.840445697307587,0.90999436378479,1.04205894470215,1.58000469207764,1.27954828739166,1.11114549636841,3.72E-01,6.12E-01,9.00E-01,9.14E-01,7.16E-01,0.549254636559625,23.3458242454458,0,7271,486,220,457,246,548,349,498,351,483,364,512,324,4.74,7.31,51.1,-0.284,10.3,23.2
0.853197634220123,0.903741598129272,1.06202626228333,1.5378509759903,1.24373185634613,1.07964873313904,3.72E-01,6.10E-01,8.86E-01,9.05E-01,7.83E-01,-2.56612021717807,24.6367401734103,0,7273,489,374,465,397,553,502,501,505,487,515,514,479,4.25,4.5,53.5,-0.939,19.4,33.2
0.864973902702332,0.931554019451141,1.04646933078766,1.49906206130981,1.23729801177979,1.07236838340759,3.94E-01,6.26E-01,9.14E-01,9.31E-01,7.16E-01,8.28910851025213,12.3692191363695,0,7275,530,457,490,465,574,612,522,596,503,586,541,585,8.58,9.98,49.6,-0.978,4.39,28.3
0.927827894687653,0.933144986629486,0.9235919713974,0.811678409576416,0,0.938775539398193,4.30E-01,6.77E-01,1.37E+00,8.51E-01,1.00E+00,3.69454637340516,5.94410939819804,0,7277,0,0,0,0,0,0,0,0,0,0,0,0,13.4,11.8,47.8,-1.13,3.5,36.4
0.840041399002075,0.884843349456787,1.05186522006989,1.5044002532959,1.22550845146179,1.08883965015411,4.14E-01,6.48E-01,8.68E-01,9.06E-01,7.46E-01,4.90567220086448,6.31588837850952,0,7279,572,526,526,539,572,672,525,651,505,655,549,634,2.53,11,43.5,-1.26,3.69,8.88
0,0,0,0,0,0,0.00E+00,0.00E+00,0.00E+00,0.00E+00,0.00E+00,-9.72754055280607,12.858193396807,0,7281,0,0,0,0,0,0,0,0,0,0,0,0,4.07,10.7,34,-1.25,9.13,8.61
0.812720060348511,0.920599818229675,1.04306435585022,1.4953441619873,1.23892343044281,1.0684130191803,3.37E-01,5.64E-01,8.50E-01,8.80E-01,7.40E-01,3.57294034131841,4.84464434897735,0,7283,525,120,509,133,567,253,513,249,492,260,531,225,2.24,7.71,27.5,-1.27,7.39,5.16
0.864274501800537,0,1.04151558876038,1.57167291641235,1.23982071876526,1.1233776807785,3.54E-01,6.00E-01,8.47E-01,9.08E-01,6.79E-01,0.550011003940909,1.2550079899069,0,7286,461,195,0,0,568,241,517,234,500,288,537,223,4.03,4.13,30,-1.24,3.81,17.9
0,0,0,0,0,0,0.00E+00,0.00E+00,0.00E+00,0.00E+00,0.00E+00,-2.21990580717027,2.57383169571747,0,7288,0,0,0,0,0,0,0,0,0,0,0,0,4.76,0.529,35.3,-1.27,2.16,12.2
0,0,0,0,0,0,0.00E+00,0.00E+00,0.00E+00,0.00E+00,0.00E+00,1.37482396864755,2.33091003103838,0,7290,0,0,0,0,0,0,0,0,0,0,0,0,0.947,1.9,45.1,-1.07,4.56,3.04
0,0,0,0,0,0,0.00E+00,0.00E+00,0.00E+00,0.00E+00,0.00E+00,1.53415599588849,2.76593465317562,0,7292,0,0,0,0,0,0,0,0,0,0,0,0,2.26,3.62,60.5,-1.37,8.02,6.66
0.83198344707489,0,1.02109181880951,1.50849366188049,1.26974678039551,1.06507575511932,4.02E-01,6.13E-01,8.65E-01,9.04E-01,7.79E-01,1.68270874509326,2.50362932982645,0,7294,325,515,0,0,206,606,196,552,216,505,205,574,0.454,1.91,66.9,-1.3,5.37,3.5
0.84557569026947,0.935967326164246,1.04989922046661,1.52364361286163,1.2432724237442,1.09160900115967,3.73E-01,6.12E-01,8.79E-01,8.86E-01,7.02E-01,0.032142389852606,1.6538612374111,0,7296,541,367,521,364,455,473,429,429,404,419,463,430,1.33,1.28,69,-1.24,8.07,2.55
0,0,0,0,0,0,0.00E+00,0.00E+00,0.00E+00,0.00E+00,0.00E+00,0.792767586935721,2.90136092790363,0,7298,0,0,0,0,0,0,0,0,0,0,0,0,0.778,1.11,75,-1.23,3.08,5.49
0.875593185424805,0.972945868968964,1.03679466247559,1.4934515953064,0,1.11159861087799,3.76E-01,6.64E-01,9.28E-01,8.94E-01,6.89E-01,-2.59719089900164,8.09979187975449,0,7300,397,99.2,374,131,488,225,438,234,0,0,450,204,0.369,1.09,69.1,-1.32,13.2,17.2
0.843225002288818,0,1.02749407291412,1.52383756637573,1.24991357326508,1.14114058017731,3.99E-01,6.61E-01,8.94E-01,8.87E-01,7.48E-01,0.864892634781682,6.36765754401335,0,7302,542,200,0,0,690,282,645,307,618,323,654,280,5.7,2.07,60.8,-0.931,5.69,5.75
0.841296374797821,0.900721251964569,1.02436745166779,1.4810928106308,1.2855635881424,1.11024069786072,3.75E-01,6.33E-01,8.76E-01,8.74E-01,7.04E-01,2.57047152503862,7.28268877407602,0,7305,428,151,438,177,584,159,555,198,554,253,544,167,1.56,7.37,48.1,-0.901,5.47,19
0.828816771507263,0.952529191970825,1.02355861663818,1.4880006313324,1.18977153301239,1.10983753204346,4.08E-01,5.93E-01,8.60E-01,8.71E-01,9.98E-01,-0.519929266274134,1.07134055395026,0,7307,282,224,304,257,440,148,431,193,418,239,414,167,4.23,9.2,39.5,-0.874,1.68,22.1
0.837030172348022,0.880866408348084,1.01356446743011,1.50382709503174,1.14714169502258,1.09742522239685,4.33E-01,6.01E-01,8.54E-01,8.72E-01,7.13E-01,0.348467748745875,3.46812774867079,0,7309,246,279,285,298,371,177,372,222,388,255,344,205,2.85,6.07,29,-0.77,0.797,6.78
0.826557874679565,0.905193984508514,1.0289192199707,1.41803574562073,1.12892830371857,1.13355183601379,4.05E-01,6.04E-01,8.36E-01,8.56E-01,7.34E-01,2.83133721167295,3.5008630546131,0,7311,241,125,280,146,356,12.9,358,56.7,372,88.7,330,44.2,0.73,3.24,20,-1.32,2.05,8.43
0,0,0,0,0,0,0.00E+00,0.00E+00,0.00E+00,0.00E+00,0.00E+00,-3.97440944485198,20.2755939569243,0,7313,0,0,0,0,0,0,0,0,0,0,0,0,5.81,6.08,21.7,-1.11,10.4,13.8
0.849933505058289,0.899022817611694,1.01649534702301,1.40830683708191,1.12107861042023,1.0633807182312,3.92E-01,6.42E-01,8.63E-01,8.72E-01,7.88E-01,-2.47742547978866,3.4220558025954,0,7315,228,353,268,376,337,234,341,278,355,314,317,264,0.702,0.848,27.9,-0.76,1.18,18.6
0.874274373054504,0.902839422225952,1.02228689193726,1.41247773170471,1.12643885612488,1.06206691265106,4.22E-01,6.31E-01,8.81E-01,8.79E-01,7.58E-01,9.0592795662789,17.6076601603733,0,7317,231,327,268,355,349,214,350,259,361,300,324,246,2.79,3.39,35.2,-1.36,15.7,4.8
0.867173194885254,0.94570404291153,1.02504098415375,1.3677031993866,1.1029292345047,1.1822497844696,3.93E-01,6.11E-01,8.68E-01,8.81E-01,7.73E-01,7.84791841937362,10.2322400636872,0,7319,217,346,251,363,325,225,331,271,344,304,302,259,13.1,1.79,42.7,-0.745,35.7,10.7
0.856829047203064,0.905346572399139,1.00650465488434,1.39304780960083,1.1121312379837,1.0892618894577,4.37E-01,6.07E-01,8.80E-01,8.77E-01,7.58E-01,8.97670106789827,11.6682442380881,0,7321,221,353,238,357,326,231,331,275,350,305,301,265,8.18,6.3,50,-1.64,7.7,4.78
0.854320406913757,0.909370183944702,1.03108263015747,1.42847168445587,1.16287434101105,1.15194034576416,4.28E-01,5.67E-01,8.61E-01,8.81E-01,7.26E-01,-4.60297783670512,5.4187220211606,0,7324,222,380,266,397,309,245,319,285,336,328,290,277,1.93,13.3,50.1,-1.58,7.95,25.5
0.844720363616943,0.909574449062347,1.01428437232971,1.3855060338974,1.16192305088043,1.10867345333099,4.41E-01,5.79E-01,9.07E-01,8.85E-01,7.87E-01,-0.548925465171766,4.95148813686276,0,7326,213,354,228,365,313,227,319,269,336,308,288,261,4.94,9.48,45.9,-1.79,0.453,7.84
0.857090413570404,0.935238122940064,1.01836323738098,1.37661504745483,1.0870954990387,1.14197409152985,4.10E-01,6.13E-01,8.67E-01,8.85E-01,7.13E-01,-1.2187549962357,2.1114180827938,0,7328,213,337,245,352,319,217,325,262,341,293,296,250,2.42,3.47,41.1,-1.94,7.23,9.82
0.863222241401672,0.966386556625366,1.02304351329803,1.37733936309814,1.16334235668182,1.13435590267181,4.01E-01,6.47E-01,9.43E-01,9.16E-01,7.74E-01,3.00887219342768,4.32810392605787,0,7330,298,230,293,271,461,172,449,215,431,265,433,190,8.1,1.31,33.5,-0.944,9.88,0.289
0.830890893936157,0.900606989860535,1.04281437397003,1.28869557380676,1.16145884990692,1.13056671619415,4.00E-01,6.01E-01,8.58E-01,9.07E-01,7.80E-01,10.1645618192157,13.5512258148748,0,7332,343,69.3,352,79,473,116,442,157,444,180,430,124,9.12,6.38,20.1,-0.566,8.7,11.3
0,0,0,0,0,0,0.00E+00,0.00E+00,0.00E+00,0.00E+00,0.00E+00,0.892777803984561,1.43865890864467,0,7334,0,0,0,0,0,0,0,0,0,0,0,0,10.1,14.2,10.4,-2.02,4.77,11
0.829474270343781,0.91646158695221,1.01945018768311,1.32174563407898,1.16868114471436,1.1207709312439,3.70E-01,5.80E-01,8.68E-01,8.96E-01,7.32E-01,-11.7239625939175,12.0002124420819,0,7336,406,301,395,328,531,369,489,401,477,423,489,373,5.37,12.8,18.1,-1.81,25.6,20.3
0.843717515468597,0.928304255008698,1.04920840263367,1.29418087005615,1.15949869155884,1.18214678764343,3.92E-01,5.90E-01,8.95E-01,9.14E-01,7.54E-01,1.77289016513625,3.58247607137399,0,7338,476,389,457,427,607,469,559,496,539,511,568,472,17.4,5.82,34.6,-3.07,16.3,16.3
0.869549691677094,0.936917185783386,1.04739367961884,1.35682320594788,1.20184540748596,1.0781729221344,4.14E-01,6.16E-01,8.60E-01,9.20E-01,7.51E-01,-2.26833846620226,3.33929902879595,0,7340,586,450,586,505,694,540,651,566,649,594,648,538,10.6,10.3,46.5,-2.56,12.4,14.8
0.867261230945587,0.930946290493012,1.05815982818604,1.35277569293976,1.18312931060791,1.10314607620239,4.31E-01,6.25E-01,8.76E-01,1.00E+00,7.84E-01,-2.79596154510464,4.66316545362637,0,7343,618,336,619,375,730,436,683,455,680,466,683,429,4.86,20.2,61.4,-2.75,7.39,23.4
0.86475145816803,0,1.03544080257416,1.31296217441559,1.18656671047211,1.12172603607178,4.26E-01,6.13E-01,8.68E-01,9.02E-01,8.82E-01,-3.96500004165206,6.35245977133024,0,7345,314,380,0,0,492,384,458,425,416,459,469,398,3.59,16.3,59,-3.17,8.11,11.6
0.845589816570282,0.873067021369934,1.01625740528107,1.31656086444855,1.2005854845047,1.0511656999588,4.03E-01,6.35E-01,8.58E-01,8.84E-01,7.35E-01,-8.37355215517264,12.139259119145,0,7347,118,478,149,469,227,368,237,417,281,437,211,407,10.9,11.7,55.9,-2.63,6.5,21.3
0.877532601356506,0.986609518527985,1.03922343254089,1.3130749464035,1.19925439357758,1.06151401996613,4.19E-01,7.22E-01,8.72E-01,8.92E-01,7.49E-01,-12.9174014262108,24.581526778287,0,7349,61.3,602,83.7,598,104,451,135,487,156,491,108,493,18.3,17.3,43.5,-2.78,11.5,48.8
0.835717678070068,0.916273593902588,1.02212488651276,1.33603262901306,1.12077808380127,1.08775699138641,4.55E-01,6.08E-01,9.41E-01,9.35E-01,8.27E-01,0.141634354054175,0.484780416800506,0,7351,179,632,140,632,97.3,516,143,555,176,545,114,562,6.93,19.5,24.6,-2.01,2.58,38.3
1.28685438632965,0.908302366733551,1.14856064319611,0.688417613506317,0,1.14171469211578,4.78E-01,5.52E-01,9.20E-01,8.31E-01,0.00E+00,-3.63489312370718,21.8429257849334,0,7353,0,0,0,0,0,0,0,0,0,0,0,0,10.3,13.3,19.7,-1.83,15.5,20.9
1.25705552101135,0.568352043628693,0.867753028869629,0.879672288894653,0,0.839010417461395,4.22E-01,5.62E-01,8.09E-01,8.84E-01,9.13E-01,4.94011302453027,10.0907731412292,0,7355,0,0,0,0,0,0,0,0,0,0,0,0,8.59,7.06,36.7,-1.84,15.3,15.9
0.857255458831787,0.869688391685486,1.03673934936523,1.35057032108307,1.17736506462097,1.1550567150116,4.04E-01,6.06E-01,8.57E-01,8.71E-01,7.96E-01,1.72591431792279,4.02969613236968,0,7357,100,393,143,397,173,238,199,277,212,310,168,271,21.3,19.8,56.6,-1.5,8.6,26.1
0.861963331699371,0.935192167758942,1.01436769962311,1.34055960178375,1.15060389041901,1.06126689910889,4.24E-01,6.61E-01,8.58E-01,8.74E-01,7.76E-01,8.5314519641435,13.987071696858,0,7359,97.4,499,114,477,92.1,337,130,360,171,361,103,373,8,24.5,78.4,-2.09,3.12,38.7
0.865169405937195,0.986644387245178,1.03905022144318,1.36610400676727,1.10873377323151,1.04329264163971,4.12E-01,6.28E-01,8.65E-01,8.84E-01,7.70E-01,-0.207906316985808,3.91158313150195,0,7361,95.4,457,114,451,74.1,299,114,322,151,348,85.8,336,4.08,22.3,90.8,-2.09,17.5,9.8
0.887668490409851,0,1.03098881244659,1.32530117034912,1.11558139324188,1.0246661901474,4.19E-01,5.94E-01,8.48E-01,9.08E-01,7.95E-01,-4.44558348734284,5.43191935192615,0,7364,111,477,0,0,131,319,175,353,192,392,147,357,6.21,13.1,92.4,-2.34,6.63,19.9
0,0,0,0,0,0,0.00E+00,0.00E+00,0.00E+00,0.00E+00,0.00E+00,-25.2715548546277,33.1268899419344,0,7366,0,0,0,0,0,0,0,0,0,0,0,0,9.26,3.98,87.8,-2.37,22.7,12.7
0,0.903114199638367,0,0,0.943575441837311,0,0.00E+00,0.00E+00,0.00E+00,0.00E+00,0.00E+00,-1.3809018612467,10.7054852897109,0,7368,0,0,0,0,0,0,0,0,0,0,0,0,5.33,2.51,65.9,-2.09,7.18,45.6
0,0,0,0,0,0,0.00E+00,0.00E+00,0.00E+00,0.00E+00,0.00E+00,17.0857886638697,37.8428865917825,0,7370,0,0,0,0,0,0,0,0,0,0,0,0,14.6,2.17,39.2,1.47,37.5,54.1
0.900720477104187,0.954347848892212,1.04457128047943,1.31861162185669,0,1.08735990524292,3.96E-01,6.08E-01,8.91E-01,9.92E-01,8.98E-01,75.4713527615973,118.668709148942,0,7372,291,266,287,321,457,337,412,365,0,0,424,351,46.4,28.2,20.2,3.93,141,61.2
0.958324074745178,0.973451316356659,0.894703209400177,0,0.923848211765289,0.958324551582336,4.35E-01,6.32E-01,1.28E+00,6.72E-01,8.35E-01,0.000870311366028,0.952828463336931,0,7374,0,0,0,0,0,0,0,0,0,0,0,0,20.9,25,44.5,1.43,14.6,61.4
0,0,0,0,0,0,0.00E+00,0.00E+00,0.00E+00,0.00E+00,0.00E+00,1.02134995489461,26.4205326224058,0,7376,0,0,0,0,0,0,0,0,0,0,0,0,20,36,73.6,1.86,15,58
0,0,0,0,0,0,0.00E+00,0.00E+00,0.00E+00,0.00E+00,0.00E+00,0.264095883903427,8.17775888475013,0,7378,0,0,0,0,0,0,0,0,0,0,0,0,2.39,30,107,2.02,17.9,33.2
0,0,0,0,0,0,0.00E+00,0.00E+00,0.00E+00,0.00E+00,0.00E+00,0.760509739947822,11.8389643963473,0,7380,0,0,0,0,0,0,0,0,0,0,0,0,2.39,4.99,133,-0.907,29.1,15.6
0,0,0,0,0,0,0.00E+00,0.00E+00,0.00E+00,0.00E+00,0.00E+00,9.08590318173649,17.7173454717919,0,7383,0,0,0,0,0,0,0,0,0,0,0,0,16.5,13.9,166,-0.0263,14,28.5
0,0,0,0,0,0,0.00E+00,0.00E+00,0.00E+00,0.00E+00,0.00E+00,-7.59280030311577,20.9150946663966,0,7385,0,0,0,0,0,0,0,0,0,0,0,0,3.95,9.22,188,-2.04,9.64,29.7
0.888289868831635,0.927813172340393,1.01990985870361,1.36495590209961,1.12068963050842,1.02997612953186,4.31E-01,7.00E-01,9.88E-01,8.93E-01,7.58E-01,-19.8261276858971,22.8639108870114,0,7387,52.6,511,99.3,502,74.2,352,103,385,137,398,76.9,394,7.49,10.2,204,-0.0618,12.2,36.6
0.882790386676788,0.973568260669708,1.02325320243835,1.31413865089417,1.14539587497711,1.09553384780884,4.62E-01,7.39E-01,0.00E+00,8.71E-01,9.49E-01,5.55891328734184,24.4454640097778,0,7389,173,570,107,606,98.1,466,142,494,170,479,114,501,4.48,1.62,199,0.058,17.4,28.2
0.911264538764954,0,1.01623094081879,1.27383959293365,1.11798059940338,1.04513370990753,4.82E-01,7.39E-01,8.59E-01,9.12E-01,7.70E-01,-3.76467701408895,12.4990527691496,0,7391,90.7,716,0,0,111,592,158,621,183,613,130,625,0.449,1.68,200,2.7,5.98,12.6
0,0,0,0,0,0,0.00E+00,0.00E+00,0.00E+00,0.00E+00,0.00E+00,23.3063273636062,80.5737238955187,0,7393,0,0,0,0,0,0,0,0,0,0,0,0,6.55,4.65,195,4.06,24.2,21.4
0,0,0,0,0,0,0.00E+00,0.00E+00,0.00E+00,0.00E+00,0.00E+00,8.29882413434027,24.0539821879682,0,7395,0,0,0,0,0,0,0,0,0,0,0,0,4.02,2.67,182,3.43,9.21,18.6
0,0,0,0,0,0,0.00E+00,0.00E+00,0.00E+00,0.00E+00,0.00E+00,-0.915125701398383,11.3318123635318,0,7397,0,0,0,0,0,0,0,0,0,0,0,0,2.91,7.93,159,2.8,9.27,17
0,0,0,0,0,0,0.00E+00,0.00E+00,0.00E+00,0.00E+00,0.00E+00,15.9044274158645,33.3515388953155,0,7399,0,0,0,0,0,0,0,0,0,0,0,0,6.49,7.68,142,3.38,13.1,19.5
0,0,0,0,0,0,0.00E+00,0.00E+00,0.00E+00,0.00E+00,0.00E+00,1.67208612616035,7.54941629016187,0,7402,0,0,0,0,0,0,0,0,0,0,0,0,5.3,6.56,87.8,4.02,8.11,18.8
0.858576893806458,0.913226008415222,1.01672637462616,1.28542530536652,1.15071046352386,1.10847067832947,3.44E-01,6.16E-01,9.10E-01,8.94E-01,7.23E-01,6.95447889969565,20.2449573800489,0,7404,430,225,449,278,570,192,559,245,562,276,543,219,2.35,0.751,51.5,3.84,6.65,12.3
0.875654578208923,0.882787764072418,0.999246418476105,1.34268939495087,1.18631517887115,1.08493614196777,3.45E-01,5.99E-01,9.61E-01,8.89E-01,6.68E-01,5.67125962010911,29.5351230780394,0,7406,475,191,464,225,606,184,592,238,595,274,582,207,2.54,1.11,32.6,3.38,11.9,16.6
0.90852952003479,0,1.00496733188629,1.31447565555573,1.17868423461914,1.03236174583435,3.70E-01,6.34E-01,9.16E-01,8.66E-01,6.95E-01,-6.47900121284425,48.6710180344009,0,7408,524,170,0,0,641,178,624,226,610,268,613,195,3.58,2.11,20.4,3.72,25.3,5.49
0.914204835891724,1.08749997615814,1.01315033435822,1.25239956378937,1.16745543479919,1.05264294147491,3.91E-01,5.89E-01,9.81E-01,1.01E+00,7.86E-01,8.30312601127024,28.537826451589,0,7410,448,257,452,296,565,290,547,343,556,327,534,325,4.67,2.92,26.4,2.89,7.69,18.1
0.877496421337128,0.933262705802918,1.01699602603912,1.34278774261475,1.16672098636627,1.05981934070587,3.73E-01,6.28E-01,9.17E-01,8.84E-01,8.70E-01,-11.8641293410341,29.9395469298486,0,7412,445,288,440,350,584,315,556,365,544,400,560,337,4.42,2.46,34.6,3.67,14.3,11
0.871823251247406,0.904109597206116,1.02094399929047,1.28294348716736,1.16010069847107,1.07267391681671,3.64E-01,6.54E-01,9.32E-01,9.09E-01,7.74E-01,-4.06946870715667,11.4259780783896,0,7414,406,297,408,324,530,311,513,362,523,397,500,333,7.38,3.14,38.6,3.5,15.9,18.9
0.893498003482819,0.936196327209473,1.0138338804245,1.25830638408661,1.15349996089935,1.07647669315338,3.75E-01,6.59E-01,9.39E-01,9.49E-01,7.69E-01,-12.8921385154899,42.401578485642,0,7416,401,299,407,360,522,317,506,365,514,395,491,338,4.59,5.17,42.2,-0.00148,12.1,9.9
0.907153725624085,0.97835499048233,1.01836287975311,1.23423421382904,1.14114201068878,1.06340658664703,3.85E-01,6.44E-01,9.92E-01,9.53E-01,7.88E-01,-13.4896030138192,45.8135084652669,0,7418,401,306,393,341,531,321,513,368,513,399,501,344,10.6,3.98,47.2,2.14,12.4,17.1
0.898136377334595,0.300755947828293,1.01186060905457,1.2310893535614,1.11527335643768,1.06324183940887,3.70E-01,6.89E-01,9.47E-01,9.55E-01,8.38E-01,10.8467020460857,30.7132515474005,0,7421,306,292,372,313,450,307,427,353,420,379,422,327,1.84,3.24,32.1,4.8,12.9,1.17
0.879433751106262,0.933949172496796,1.00712418556213,1.28316593170166,1.13655114173889,1.13294243812561,4.18E-01,6.10E-01,9.89E-01,9.59E-01,8.81E-01,1.95523819296953,11.0033156830127,0,7423,221,208,228,255,338,227,311,283,319,330,302,254,4.3,6.01,31.1,3.86,6.6,4.03
0,0,0,0,0,0,0.00E+00,0.00E+00,0.00E+00,0.00E+00,0.00E+00,10.9619270789559,33.0551054116915,0,7425,0,0,0,0,0,0,0,0,0,0,0,0,1.64,6.66,22.4,1.86,4.73,17.8
0.889095842838287,0.941666662693024,1.00369429588318,1.18366098403931,1.12087380886078,1.03915083408356,4.12E-01,6.99E-01,9.46E-01,9.43E-01,7.94E-01,-3.4844566525096,26.4206426889462,0,7427,130,374,126,399,249,413,224,459,227,492,213,433,1.36,3.19,16.4,4.29,18.9,6.95
0.864901423454285,0.900304615497589,1.01541471481323,1.18159365653992,1.12433576583862,1.07711493968964,4.30E-01,6.33E-01,9.53E-01,9.29E-01,9.92E-01,-6.88555194179324,35.3148675988681,0,7429,218,408,212,441,348,434,328,484,328,520,318,456,3.04,1.01,8.21,2.84,17.5,5.66
0.86648029088974,0.906980574131012,1.0030198097229,1.15828204154968,1.11903357505798,1.09946990013123,3.92E-01,6.19E-01,9.07E-01,9.43E-01,7.78E-01,3.27981842241293,11.991983853126,0,7431,193,417,191,447,319,440,302,493,309,526,289,461,2.59,0.863,10.3,3.83,5.17,1.32
0.877931952476501,0.99071204662323,1.00649261474609,1.17467784881592,1.10989534854889,1.01652610301971,3.96E-01,6.15E-01,9.26E-01,9.29E-01,7.84E-01,-4.55680527142321,17.6513418150234,0,7433,169,435,165,466,301,451,283,504,284,545,272,471,5.59,2.71,18.1,2.9,11.1,1.06
0.876786112785339,0.990783393383026,1.0201997756958,1.14590954780579,1.1091605424881,1.04353487491608,4.13E-01,6.13E-01,9.24E-01,9.25E-01,8.02E-01,-9.8180998561717,25.4890275620586,0,7435,170,447,169,518,301,460,285,513,289,557,276,485,3.6,2.92,20.1,4.18,19.7,13.3
0.875513672828674,0.934693872928619,1.01210701465607,1.14280164241791,1.11780917644501,1.06621646881104,3.82E-01,6.24E-01,8.89E-01,9.19E-01,7.73E-01,0.041589743848064,8.34039943608425,0,7437,185,393,180,452,311,427,291,477,292,507,277,447,0.908,4.47,23,2.83,14,40
0.897837162017822,0.91478556394577,1.00100243091583,1.18977272510529,1.13034415245056,1.05629777908325,4.13E-01,6.34E-01,9.30E-01,9.01E-01,7.88E-01,-6.05641123989731,16.0271945831677,0,7440,213,414,194,481,336,432,312,476,298,533,306,447,2.97,2.42,26.8,4.24,10.8,13.2
0.890287816524506,0.906110286712647,1.01157653331757,1.2198007106781,1.11544251441956,1.10912048816681,3.93E-01,6.06E-01,9.10E-01,8.95E-01,7.64E-01,0.9068237575886,22.9007729397685,0,7442,223,324,191,377,337,382,301,427,283,460,302,392,8.91,5.81,27.8,2.9,13,21.4
0,0,0,0,0,0,0.00E+00,0.00E+00,0.00E+00,0.00E+00,0.00E+00,-1.72155037076136,21.3508874768836,0,7444,0,0,0,0,0,0,0,0,0,0,0,0,2.78,2.85,25.5,1.7,6.88,12.8
0.851245224475861,0.840659320354462,1.01940929889679,1.13969075679779,1.12998497486115,1.06186187267303,3.83E-01,5.96E-01,9.10E-01,8.93E-01,7.41E-01,-5.05589335829335,18.8101049172595,0,7446,286,371,275,394,410,409,386,461,381,501,378,425,6.19,9.25,17.8,1.17,8.74,28.4
0.848802983760834,0.94257652759552,1.02272403240204,1.1578369140625,1.2014479637146,1.04375219345093,3.99E-01,6.31E-01,9.26E-01,8.92E-01,8.32E-01,0.513722753178097,6.64258699726525,0,7448,280,347,273,383,399,385,374,435,371,481,362,403,6.77,7.55,18.6,-1.91,24.3,17.8
0.864536285400391,0.92092090845108,1.01382553577423,1.1387460231781,1.11196851730347,1.08464503288269,3.95E-01,5.86E-01,9.07E-01,9.06E-01,7.75E-01,2.1209350002434,5.18018560594098,0,7450,236,383,229,438,368,407,343,459,341,500,333,424,6.57,9.67,11.6,-2.17,4.47,21
0.873471558094025,0.914218306541443,1.00070238113403,1.11485171318054,1.09858322143555,1.02460300922394,4.09E-01,6.01E-01,9.15E-01,9.07E-01,7.53E-01,0.762872158738397,3.63399203598333,0,7452,242,302,230,342,364,348,335,400,330,441,330,364,5.63,13.1,14.8,-2.07,0.633,16.1
0.86012464761734,0.91571718454361,1.01558065414429,1.11757254600525,1.12903428077698,1.07085275650024,4.07E-01,6.09E-01,8.91E-01,8.98E-01,7.59E-01,0.672195875455969,1.8127301718481,0,7454,337,339,332,377,448,388,419,436,423,478,411,406,1.38,10.8,20.6,-1.97,1.75,3.89
0.852474868297577,0.922689914703369,1.03014671802521,1.13267016410828,1.12407839298248,1.06822454929352,4.05E-01,6.11E-01,9.06E-01,9.33E-01,7.68E-01,1.57906015424045,2.42827817041328,0,7456,334,356,329,391,456,408,430,455,428,492,420,424,0.581,9.02,26.4,-2.18,0.635,1.46
0.841943740844727,0.915331780910492,1.02157855033875,1.1224193572998,1.11037993431091,1.11205554008484,4.06E-01,6.11E-01,8.80E-01,9.06E-01,7.73E-01,-1.61673495309771,3.91389985947185,0,7458,276,401,273,432,407,439,382,487,384,527,375,457,1.87,10.2,43.2,-2.01,2.49,4.26
0.823221743106842,0.917637944221497,1.02694582939148,1.12889695167542,1.11818218231201,1.05217945575714,4.04E-01,6.08E-01,8.76E-01,8.94E-01,7.66E-01,1.98540091896424,2.05087038493327,0,7461,279,414,277,443,412,453,389,501,390,536,376,473,0.963,2.8,64.1,-2.34,2.82,2.55
0.824626207351685,0.87671959400177,1.03451406955719,1.13617765903473,1.09015166759491,1.07257258892059,3.99E-01,6.12E-01,8.63E-01,8.92E-01,7.50E-01,-2.91941351738411,2.96860797528053,0,7463,277,402,276,461,411,440,389,488,390,524,377,455,1.87,2.64,74.3,-2.27,3.85,6.4
0.823915541172028,0.888996601104736,1.0265417098999,1.10839128494263,1.10281324386597,1.03755712509155,4.07E-01,6.10E-01,8.77E-01,8.83E-01,7.39E-01,2.19351851474351,4.15959219452313,0,7465,280,409,279,472,416,453,392,497,391,530,381,469,0.612,1.94,77.7,-2.19,3.45,0.757
0.821930766105652,0.886644959449768,1.03419625759125,1.1216893196106,1.10060775279999,1.04037654399872,4.12E-01,6.11E-01,8.56E-01,9.03E-01,7.56E-01,-3.54653221808316,4.76794670313299,0,7467,343,467,343,498,478,499,459,547,467,582,445,520,0.382,1.89,93.3,-2.31,2.46,7.69
0.819364547729492,0.910917639732361,1.02825617790222,1.1320276260376,1.08519458770752,1.08977508544922,3.90E-01,6.12E-01,8.47E-01,8.91E-01,7.50E-01,4.92253412850148,5.56824582366404,0,7469,364,472,355,505,505,503,480,552,479,587,471,520,0.491,0.899,96.8,-2.23,6.79,6.56
0.849077880382538,0.915934085845947,1.04750716686249,1.13470792770386,1.10327136516571,1.08377289772034,3.94E-01,6.02E-01,8.64E-01,9.15E-01,7.66E-01,-0.586996580837837,3.12875842519508,0,7471,475,468,485,494,597,519,570,565,582,601,564,535,1.89,1.59,96,-2.02,0.831,7.26
0.83204448223114,0.945126354694366,1.04110836982727,1.10759902000427,1.1098724603653,1.06214618682861,3.87E-01,6.14E-01,8.68E-01,8.98E-01,7.21E-01,0.888283472339836,3.31128706151812,0,7473,512,452,504,500,653,499,629,541,621,567,617,516,1.76,1.8,97.8,-2.18,0.427,5.7
0.823751628398895,0.903478920459747,1.05097913742065,1.09772884845734,1.10316610336304,1.03150248527527,3.75E-01,6.06E-01,8.68E-01,9.06E-01,7.30E-01,-0.869246881907804,1.44354895844988,0,7475,407,473,413,494,537,513,523,556,531,583,504,533,0.224,2.66,94.8,-2.16,1.67,2.09
0.815850913524628,0.899860918521881,1.04486310482025,1.11193811893463,1.09444880485535,1.03293645381928,3.75E-01,6.15E-01,8.63E-01,8.88E-01,7.20E-01,0.131451785372472,0.321365781403614,0,7477,244,455,248,479,384,490,367,530,372,556,354,508,0.408,2.24,81.4,-2.16,2.56,1.91
0.879770219326019,0.909641861915588,1.05550670623779,1.09332144260407,1.07217836380005,1.04473340511322,3.98E-01,6.42E-01,8.66E-01,8.90E-01,7.23E-01,-2.5698654135932,2.70201103028958,0,7480,182,461,185,501,393,493,375,532,318,560,360,510,0.462,1.34,64.9,-2.14,3.35,3.57
0.830459654331207,0.913426280021668,1.03864800930023,1.09807562828064,1.05982553958893,1.04402720928192,4.03E-01,6.39E-01,8.66E-01,8.89E-01,7.35E-01,2.88199696514343,3.15252985021382,0,7482,183,480,198,532,329,496,316,539,322,561,296,517,0.423,0.733,56.5,-2.26,2.55,1.48
0.828535258769989,0.889792919158936,1.04037547111511,1.10991680622101,1.05942535400391,1.04705905914307,4.09E-01,6.44E-01,8.66E-01,8.91E-01,7.37E-01,-6.67517536684917,6.82718507473326,0,7484,191,488,206,538,335,496,323,540,330,563,304,519,0.972,0.827,48.9,-2.19,5.38,5.31
0.823302924633026,0.913419902324677,1.04098999500275,1.11127436161041,1.04192340373993,1.0683571100235,3.98E-01,6.41E-01,8.57E-01,8.93E-01,7.44E-01,-0.321494347637691,3.1125593839185,0,7486,195,497,208,536,344,500,331,542,335,564,312,521,0.545,0.325,35.5,-2.11,2.22,2.2
0.82170981168747,0.943768978118897,1.03704333305359,1.09086549282074,1.02194154262543,1.05170214176178,4.07E-01,6.39E-01,8.59E-01,8.96E-01,7.33E-01,-1.06149142970944,2.0241517659052,0,7488,202,496,216,526,352,500,340,543,344,563,322,524,1.47,0.787,29,-2.16,3.25,4.22
1.05515587329865,1.01270413398743,0,0,1.06651103496552,0,0.00E+00,1.09E+00,9.64E-01,0.00E+00,0.00E+00,4.64398301649787,4.96102818223346,0,7490,0,0,0,0,0,0,0,0,0,0,0,0,1.27,0.397,22.6,-2.08,2.59,0.874
0.814999878406525,0.919954895973206,1.03734719753265,1.09508728981018,1.03436136245728,1.03027653694153,3.89E-01,6.30E-01,8.47E-01,8.96E-01,7.39E-01,-3.7717916656852,3.80094391823609,0,7492,230,498,239,519,379,501,368,544,375,568,349,524,0.473,1.33,15.9,-2.05,0.789,2.17
0.810323715209961,0.907055616378784,1.03446841239929,1.09006977081299,1.01631700992584,1.03926610946655,3.88E-01,6.21E-01,8.48E-01,8.77E-01,7.55E-01,2.38166423138383,3.20827324165417,0,7494,240,500,257,546,392,503,380,545,384,571,364,522,0.662,1.33,12.9,-2.17,2.66,2.52
0.812646448612213,0.890016913414001,1.03715395927429,1.07895910739899,1.02817916870117,1.04893600940704,3.84E-01,6.15E-01,8.53E-01,8.92E-01,7.60E-01,-0.900417952729327,3.8909951210957,0,7496,250,500,256,516,401,503,389,546,396,569,369,524,0.638,0.214,10.7,-2.06,1.3,0.554
0.820883870124817,0.933859825134277,1.05264711380005,1.076167345047,1.03523397445679,1.04589283466339,3.87E-01,6.24E-01,8.50E-01,8.94E-01,7.60E-01,5.62752269719292,6.75619167354341,0,7499,264,506,264,522,417,503,403,546,406,571,386,524,0.738,0.876,6.23,-2.26,3.46,1.96
0.807877123355866,0.905494034290314,1.04350626468658,1.05876815319061,1.00108754634857,1.06191110610962,3.81E-01,6.24E-01,8.46E-01,8.77E-01,7.46E-01,-7.08268611470536,7.13135356541659,0,7501,268,496,282,531,421,502,408,543,416,568,390,523,0.56,0.559,4.84,-2.13,3.24,2
0.806727647781372,0.905753195285797,1.04716742038727,1.06919288635254,1.02845239639282,1.05341851711273,3.84E-01,6.18E-01,8.49E-01,8.73E-01,7.34E-01,2.58520344626044,4.00909590741721,0,7503,276,500,282,523,428,501,415,544,417,570,399,521,0.859,0.364,1.39,-2.13,2.22,1.02
0.808089375495911,0.892710864543915,1.04968690872192,1.04962337017059,1.03626012802124,1.08941185474396,3.78E-01,6.13E-01,8.51E-01,8.62E-01,7.55E-01,-1.02623565183041,3.04394386641492,0,7505,279,499,297,554,431,502,419,543,425,566,403,522,0.381,0.471,0.404,-2.23,1.29,3.21
0.810954093933106,0.888637363910675,1.04595923423767,1.04608857631683,1.0211306810379,1.07036411762238,3.82E-01,6.15E-01,8.46E-01,8.69E-01,6.94E-01,3.29069196252165,4.15184487404838,0,7507,283,503,300,552,436,502,423,544,428,567,403,522,0.638,1.22,2.03,-2.04,2.45,2.01
0.808038532733917,0.906021356582642,1.06156182289124,1.05955386161804,1.01686644554138,1.07584261894226,3.74E-01,6.10E-01,8.38E-01,8.74E-01,7.33E-01,-1.45888663624298,2.04968289597598,0,7509,292,503,301,530,445,504,433,545,441,571,415,525,0.482,0.461,4.24,-2.13,3.26,1.46
0.810561537742615,0.899231433868408,1.04287266731262,1.07257986068726,1.01247549057007,1.06837034225464,3.74E-01,6.14E-01,8.42E-01,8.69E-01,7.04E-01,2.53499545257122,3.0860854758163,0,7511,299,503,317,556,455,504,441,545,442,569,421,524,0.0685,0.906,4.77,-2.11,3.04,4.14
0.805404663085938,0.901297152042389,1.04796850681305,1.04252541065216,1.01421868801117,1.07862114906311,3.76E-01,6.17E-01,8.41E-01,8.62E-01,7.03E-01,-0.575566471023148,0.859642986913938,0,7513,306,504,314,526,459,503,447,544,453,568,426,524,0.974,0.266,4.49,-2.28,0.668,1.98
0.815525352954865,0.900534749031067,1.02807974815369,1.03212976455688,1.02854335308075,1.05422008037567,3.79E-01,6.44E-01,8.37E-01,8.74E-01,7.06E-01,5.86992138857856,6.22147343828013,0,7515,338,505,347,552,479,498,467,543,471,567,450,518,1.43,1.54,5.42,-2.2,5.38,4.39
0.812987208366394,0.920094013214111,1.03991031646729,1.01755452156067,1.01904475688934,1.03753137588501,3.74E-01,6.17E-01,8.44E-01,8.80E-01,7.09E-01,-3.59597068591906,3.69250728805042,0,7518,329,505,340,543,470,498,461,544,466,566,441,522,0.401,1.2,5.16,-2.36,3.46,9.35
0.802553474903107,0.901306211948395,1.04399740695953,1.01992225646973,1.02295076847076,1.04928469657898,3.70E-01,6.14E-01,8.40E-01,8.68E-01,6.92E-01,1.8815344766127,3.06476044771009,0,7520,323,505,328,527,475,504,463,544,466,568,442,523,2.37,0.925,4.74,-2.51,1.77,1.12
0.802010059356689,0.905982911586762,1.0416374206543,1.01864397525787,1.00244104862213,1.07841074466705,3.71E-01,6.17E-01,8.38E-01,8.66E-01,6.82E-01,1.75868856457792,2.48050007009379,0,7522,325,508,341,548,477,503,465,544,470,569,444,523,1.53,2.3,4.38,-2.82,3.7,5.35
0.806347548961639,0.905623137950897,1.05019629001617,1.04527747631073,0.969394445419312,1.05508828163147,3.75E-01,6.12E-01,8.38E-01,8.70E-01,7.14E-01,1.00810707287859,3.07315062209101,0,7524,329,508,336,530,484,506,473,545,478,574,452,525,0.693,3.2,5.62,-2.53,2.72,2.7
0.812568426132202,0.886516153812408,1.04934060573578,1.03027474880219,0.973702430725098,1.03735482692719,3.73E-01,6.30E-01,8.24E-01,8.48E-01,7.11E-01,-2.47923214884513,8.42229821003179,0,7526,336,509,351,547,490,505,478,546,482,570,457,524,5.46,3.63,5.8,-2.94,18.2,28.2
0.811233639717102,0.892539381980896,1.04897332191467,1.01950252056122,0.9763503074646,1.04160404205322,3.72E-01,6.22E-01,8.39E-01,8.44E-01,7.41E-01,0.460349446517027,4.85254550078101,0,7528,335,506,352,548,492,506,479,545,482,571,458,525,3.3,1.72,6.76,-3.41,5.69,8.1
0.81641298532486,0.904104471206665,1.0577574968338,1.0142377614975,0.995601952075958,1.02829015254974,3.78E-01,6.23E-01,8.38E-01,8.61E-01,6.94E-01,21.1044799807697,28.3058496217567,0,7530,337,510,355,549,493,506,479,545,485,569,459,523,6,3.34,6.46,-2.4,32.2,26.8
0.80504846572876,0.88990581035614,1.04353272914886,1.0039564371109,1.02661454677582,1.06299865245819,3.74E-01,6.21E-01,8.26E-01,3.93E-01,7.65E-01,1.09429283670516,3.03682236445161,0,7532,348,507,355,531,505,505,492,543,497,569,471,524,7.17,2.74,8.42,-3.25,2.03,3.01
0.814017653465271,0.899142384529114,1.04171454906464,1.00936186313629,1.01898515224457,1.06176292896271,3.75E-01,6.16E-01,8.28E-01,8.58E-01,7.25E-01,5.82199011705971,6.491978830301,0,7534,359,511,377,554,513,504,501,545,507,570,478,523,3.77,2.76,8.8,-3.39,2.6,11.4
0.811369001865387,0.923257648944855,1.04053664207459,0.989363074302673,0.997705042362213,1.06221604347229,3.73E-01,6.22E-01,8.34E-01,8.45E-01,7.33E-01,27.6730363409923,50.6478626174741,0,7536,359,510,376,550,517,506,504,545,509,569,482,525,5.57,8.13,9.81,-3.38,11.9,12.9
0.380427211523056,0.941952526569366,1.04232060909271,0.981434762477875,0.993940532207489,1.03821980953217,3.60E-01,6.15E-01,8.32E-01,8.53E-01,7.57E-01,0.958029149498385,2.02621188324124,0,7539,409,660,373,535,521,505,507,544,517,567,486,524,2.3,9.24,10.5,-3.21,5.63,22.2
0.818389415740967,0.904709756374359,1.05388176441193,0.985606253147125,0.983383417129517,1.06878793239594,3.70E-01,6.24E-01,8.29E-01,8.35E-01,7.36E-01,-0.944342715818353,8.96983342971981,0,7541,372,509,391,561,528,505,516,545,517,568,496,524,5.24,1.98,11.4,-3.04,7.5,23.7
0.86700963973999,0.89448606967926,1.03770637512207,0.983997285366058,1.00013136863709,1.03073310852051,3.80E-01,6.30E-01,8.46E-01,8.53E-01,7.20E-01,9.48565243032024,16.1949561248704,0,7543,342,504,357,547,495,504,481,545,483,568,460,523,3.31,0.859,11.3,-2.87,15.4,11.2
0.868440330028534,0.913644850254059,1.04096925258636,0.992892622947693,0.973934292793274,1.03761303424835,3.71E-01,6.25E-01,8.39E-01,8.69E-01,7.29E-01,-23.5431361994289,29.0328640159156,0,7545,339,505,357,556,493,505,480,545,484,570,459,525,13.7,10.4,11.8,-2.7,22.8,13.3
0.854084432125092,0.923838555812836,1.0562686920166,1.00999343395233,1.00444757938385,1.05197823047638,3.64E-01,6.47E-01,8.33E-01,8.75E-01,7.51E-01,1.32419331206488,6.07672568074685,0,7547,410,506,433,530,559,504,550,540,574,562,527,523,17.4,18,13.1,-2.53,13,21.6
0.853941023349762,0.900581419467926,1.06057596206665,1.01804757118225,1.03176879882813,1.05469298362732,3.38E-01,6.25E-01,8.54E-01,8.87E-01,7.11E-01,21.5218370617832,47.8335947818635,0,7549,520,500,535,549,696,484,676,523,670,545,657,510,15.4,8.02,16.1,-2.88,55.1,7.22
0.858661234378815,0.930193901062012,1.04263091087341,1.01121783256531,1.03179109096527,1.04880595207214,3.45E-01,6.22E-01,8.59E-01,8.86E-01,7.17E-01,7.15683999206749,7.79460533869017,0,7551,581,488,591,508,736,467,727,510,740,526,705,499,17,9.32,12.9,-2.64,4.21,7.73
0.863177120685577,0.912925899028778,0,0.879032254219055,0,1.02323853969574,3.86E-01,6.68E-01,8.67E-01,8.96E-01,7.93E-01,6.48900697778312,8.69327503420291,0,7553,0,0,0,0,0,0,0,0,0,0,0,0,1.71,11.6,14,-2.96,12.8,1.79
0.778483211994171,0,0.871647775173187,0.858793199062347,0.916407465934753,0.92464679479599,4.08E-01,9.10E-01,0.00E+00,7.96E-01,0.00E+00,-4.64598321924695,4.83286459414545,0,7555,0,0,0,0,0,0,0,0,0,0,0,0,3.31,12.4,9.04,-3.12,4.04,7.23
0.856289148330689,0.929645776748657,1.03668093681335,0.998729705810547,1.01785790920258,1.00912046432495,3.66E-01,6.68E-01,8.87E-01,8.95E-01,7.81E-01,-9.94378486598559,19.9401021107854,0,7558,278,477,302,526,428,460,418,500,430,515,399,492,11.4,2.03,11.5,-3.36,20.5,2.59
0,0,0,0,0,0,0.00E+00,0.00E+00,0.00E+00,0.00E+00,0.00E+00,8.55843035680996,11.6953866387031,0,7560,0,0,0,0,0,0,0,0,0,0,0,0,8.06,12.1,18.3,-3.59,2.83,7.2
0.875448226928711,0.959037363529205,1.04265999794006,0.998892903327942,1.03021728992462,1.04912269115448,3.42E-01,6.31E-01,8.89E-01,8.85E-01,7.09E-01,-2.94772769553022,4.22598686819767,0,7562,565,494,573,516,723,488,709,523,717,540,686,511,0.934,15.9,25.5,-3.57,2.73,3.58
0.859718143939972,0.867219924926758,1.05786418914795,0.992260098457336,1.04137778282166,1.06601583957672,3.90E-01,6.86E-01,8.80E-01,8.94E-01,7.15E-01,-6.99556463489911,9.6250601621276,0,7564,556,450,595,485,692,402,694,448,721,465,666,435,4.56,15.1,28.1,-3.55,12.4,5.25
0,0,0,0,0,0,0.00E+00,0.00E+00,0.00E+00,0.00E+00,0.00E+00,-11.3743314773146,15.7765924044075,0,7566,0,0,0,0,0,0,0,0,0,0,0,0,4.95,10.1,36.5,-3.53,9.94,16.9
0,0,0,0,0,0,0.00E+00,0.00E+00,0.00E+00,0.00E+00,0.00E+00,3.83274835987724,6.8298418360043,0,7568,0,0,0,0,0,0,0,0,0,0,0,0,4.8,10.9,45.8,-3.51,6.44,5.37
0,0,0,0,0,0,0.00E+00,0.00E+00,0.00E+00,0.00E+00,0.00E+00,-0.341335694515786,3.48396531507598,0,7570,0,0,0,0,0,0,0,0,0,0,0,0,4.24,11.6,51.4,-3.49,2.86,17.3
0,0,0,0,0,0,0.00E+00,0.00E+00,0.00E+00,0.00E+00,0.00E+00,-0.76770910546141,9.6539220902633,0,7572,0,0,0,0,0,0,0,0,0,0,0,0,1.05,8.95,65,-3.47,5.56,18.7
0,0,0,0,0,0,0.00E+00,0.00E+00,0.00E+00,0.00E+00,0.00E+00,-1.96181702928677,5.58659493253439,0,7574,0,0,0,0,0,0,0,0,0,0,0,0,4.55,5.55,72.5,-3.44,4.63,4.01
0,0,0,0,0,0,0.00E+00,0.00E+00,0.00E+00,0.00E+00,0.00E+00,10.7973025636523,15.5415289649596,0,7577,0,0,0,0,0,0,0,0,0,0,0,0,2.22,4.05,87.8,-3.42,9.92,3.17
0,0,0,0,0,0,0.00E+00,0.00E+00,0.00E+00,0.00E+00,0.00E+00,-2.32626140054749,3.03631704993691,0,7579,0,0,0,0,0,0,0,0,0,0,0,0,4.88,10.4,89.9,-3.4,18.3,14.3
0.829051613807678,0.90417754650116,1.00964343547821,0.997614026069641,1.03229296207428,1.03257310390472,3.71E-01,5.78E-01,8.53E-01,8.81E-01,8.87E-01,-6.44562725167027,9.62989210871725,0,7581,521,108,522,129,671,175,622,207,615,228,632,179,1.75,3.99,101,-3.38,6.12,0.965
0.846062064170837,0.89130437374115,1.03644227981567,0.984659850597382,1.01467418670654,1.05312669277191,3.89E-01,6.32E-01,8.80E-01,8.91E-01,7.23E-01,-0.777935847487954,3.44535493418902,0,7583,504,180,504,216,643,259,605,288,606,230,601,262,5.91,4.59,97.3,-3.36,3.53,1.56
0,0,0,0,0,0,0.00E+00,0.00E+00,0.00E+00,0.00E+00,0.00E+00,1.92752613064598,6.7993894645879,0,7585,0,0,0,0,0,0,0,0,0,0,0,0,2.21,1.36,91.1,-3.34,6.59,8.68
0,0,0,0,0,0,0.00E+00,0.00E+00,0.00E+00,0.00E+00,0.00E+00,-2.02245330774052,6.02578658316776,0,7587,0,0,0,0,0,0,0,0,0,0,0,0,1.61,7.78,86.9,-3.32,6.76,3.66
0.881251394748688,0,0,0.969357848167419,1.02009284496307,1.03802585601807,4.17E-01,6.81E-01,8.80E-01,9.43E-01,7.49E-01,-9.22963423753395,16.0180985561838,0,7589,689,591,0,0,0,0,686,715,645,706,715,698,3.63,3.05,76.3,-3.3,5.23,5.74
0.915122091770172,0,1.03702390193939,1.04947531223297,1.0222499370575,1.04728293418884,4.38E-01,6.59E-01,8.57E-01,8.97E-01,7.56E-01,-4.20245545558084,10.9195329080798,0,7591,669,466,0,0,723,604,663,599,633,590,699,585,3.99,7.22,58.9,-3.28,4,11.6
0,0,0,0,0,0,0.00E+00,0.00E+00,0.00E+00,0.00E+00,0.00E+00,0.349659765322037,2.2498103352262,0,7593,0,0,0,0,0,0,0,0,0,0,0,0,1.39,3.95,46.1,-3.26,6.19,4.85
0,0,0,0,0,0,0.00E+00,0.00E+00,0.00E+00,0.00E+00,0.00E+00,-1.21781766781486,2.87592279136168,0,7596,0,0,0,0,0,0,0,0,0,0,0,0,1.64,2.89,31.5,-3.24,3.83,3.45
0.888081192970276,0.965753436088562,1.01582026481628,0.999652206897736,1.00936436653137,1.0627121925354,4.89E-01,6.41E-01,8.69E-01,1.03E+00,0.00E+00,0.312626944305282,10.6967178891675,0,7598,0,0,0,0,0,0,0,0,0,0,0,0,1.14,2.35,20.5,-3.22,3.66,3.84
0.84632796049118,0,1.01320314407349,1.04272472858429,1.04911637306213,1.07503485679626,4.11E-01,5.61E-01,8.21E-01,8.92E-01,7.29E-01,-1.12099591346564,4.20639360616474,0,7600,122,336,0,0,199,438,143,419,146,438,169,407,2.01,1.1,14.9,-3.2,6.48,4.59
0,0,0,0,0,0,0.00E+00,0.00E+00,0.00E+00,0.00E+00,0.00E+00,2.20495801141202,5.83033495806895,0,7602,0,0,0,0,0,0,0,0,0,0,0,0,3.45,0.983,15.3,-3.17,9.15,17.3
0.867540955543518,0.952991425991058,1.03546130657196,1.05128991603851,1.0554221868515,1.03211534023285,3.64E-01,6.60E-01,8.80E-01,9.26E-01,7.88E-01,14.5018712405445,22.740937574111,0,7604,305,184,278,216,331,318,285,312,277,336,296,294,8.1,3.84,11.9,-3.15,11.6,28.1
0.892099499702454,0.919703543186188,1.01067447662354,1.04266607761383,1.01492118835449,1.07102632522583,4.36E-01,5.51E-01,8.05E-01,8.87E-01,1.11E+00,-17.6546385902814,41.8689745311016,0,7606,297,427,291,449,357,547,302,554,285,555,315,531,15.6,8.96,14.8,-3,15.3,36.6
0.888788640499115,0.903387725353241,1.00808238983154,1.04728746414185,1.04716515541077,1.06848108768463,4.16E-01,5.73E-01,8.25E-01,9.36E-01,7.59E-01,1.78456046933515,3.68991494008973,0,7608,212,520,214,569,319,618,270,635,260,656,279,607,17.2,23.9,14.6,2.49,32.2,8.02
0.838042259216309,0.811475396156311,0.899515151977539,0.984756112098694,0,0.994466125965118,4.54E-01,6.58E-01,9.35E-01,8.69E-01,1.02E+00,20.2560402998314,23.6452384572954,0,7610,0,0,0,0,0,0,0,0,0,0,0,0,31.7,46.1,24.3,2.78,39,51.8
1.09809684753418,0.914623439311981,0.93471896648407,0.975664734840393,0,0.936857879161835,4.43E-01,8.77E-01,7.70E-01,6.62E-01,9.86E-01,-11.8628286551207,15.2567255759868,0,7612,0,0,0,0,0,0,0,0,0,0,0,0,22,42,34.9,2.83,1.28,23.9
0.847271502017975,0.836363613605499,1.02023565769196,1.06706368923187,1.05013430118561,1.07828617095947,3.94E-01,6.10E-01,8.71E-01,9.14E-01,7.32E-01,-5.11395570138549,5.74008832320997,0,7614,246,318,305,293,341,420,284,409,274,411,311,401,2.44,45.4,55.3,2.64,7.5,6.7
0.907499611377716,0.906923055648804,1.02223467826843,1.06585443019867,1.02301371097565,1.04651319980621,4.36E-01,6.07E-01,8.98E-01,9.36E-01,9.18E-01,-1.69524554994358,4.05698796074936,0,7617,317,328,277,345,402,503,342,496,303,455,370,502,5.36,31.2,105,4.09,5.76,9.23
0,0,0,0,0,0,0.00E+00,0.00E+00,0.00E+00,0.00E+00,0.00E+00,-6.2538738595461,17.4860121071775,0,7619,0,0,0,0,0,0,0,0,0,0,0,0,10.4,19.2,152,0.586,18.1,8
0,0,0,0,0,0,0.00E+00,0.00E+00,0.00E+00,0.00E+00,0.00E+00,33.0538929772446,92.1708658812997,0,7621,0,0,0,0,0,0,0,0,0,0,0,0,15.7,16.6,192,2.08,26.5,24.2
0.829622328281403,0,1.02351129055023,1.10687530040741,1.08731603622437,1.10048949718475,3.75E-01,5.39E-01,8.85E-01,8.63E-01,7.38E-01,10.4540419833252,61.1703452204914,0,7623,449,244,0,0,353,352,326,298,324,257,348,317,5.31,15.7,231,1.55,36.2,11.2
0.805181384086609,0.885021328926086,1.03762924671173,1.09388077259064,1.06667613983154,1.06026220321655,3.73E-01,5.46E-01,8.39E-01,8.48E-01,6.76E-01,-0.149146510992926,18.2056108678461,0,7625,475,214,449,202,371,295,353,238,341,227,378,251,7.54,22.2,279,5.32,26,33
1.09753561019897,1.01822328567505,0.906264960765839,0.909217894077301,1.08673977851868,0.968884110450745,4.51E-01,5.96E-01,8.35E-01,8.15E-01,0.00E+00,-2.94468523600542,18.7978588532705,0,7627,0,0,0,0,0,0,0,0,0,0,0,0,8.37,11.8,308,5.21,7.2,12.7
0.827274918556213,0.952586233615875,1.01182723045349,1.09600389003754,1.06084144115448,1.07180857658386,3.85E-01,5.59E-01,8.56E-01,9.13E-01,7.89E-01,0.090472614419459,3.77944393816632,0,7629,305,404,284,399,280,554,235,518,224,484,259,524,11.7,8.93,328,5.09,13.1,8.8
0,0,0,0,0,0,0.00E+00,0.00E+00,0.00E+00,0.00E+00,0.00E+00,8.40250832275074,24.0466257630513,0,7631,0,0,0,0,0,0,0,0,0,0,0,0,4.32,10.6,346,4.98,27.8,27.5
0,0,0,0,0,0,0.00E+00,0.00E+00,0.00E+00,0.00E+00,0.00E+00,-1.26348805362912,12.4438594451193,0,7633,0,0,0,0,0,0,0,0,0,0,0,0,3.16,14.5,339,4.87,2.23,27.7
0,0,0,0,0,0,0.00E+00,0.00E+00,0.00E+00,0.00E+00,0.00E+00,-1.97759993809768,14.0518013344781,0,7636,0,0,0,0,0,0,0,0,0,0,0,0,1.27,3.76,322,4.76,13.9,11.4
0.847398281097412,0.929339468479157,1.03251779079437,1.09377610683441,1.04531633853912,1.00456345081329,3.59E-01,6.63E-01,8.78E-01,8.70E-01,7.37E-01,-1.96529948344443,20.0078693509074,0,7638,135,385,165,363,131,221,169,245,188,246,150,257,3.25,8.82,293,0.231,8.31,25.8
0.798689901828766,0.92700731754303,1.05934202671051,1.11480462551117,0,1.07721638679504,3.67E-01,6.83E-01,9.29E-01,8.83E-01,7.17E-01,2.5332466170031,27.8133046952553,0,7640,155,443,177,308,130,287,164,296,0,0,152,312,17.2,10.7,264,-0.997,90.4,19.6
1.06548964977264,0,0.879761934280396,0.834137439727783,0.905043363571167,0.92820805311203,4.57E-01,7.17E-01,1.24E+00,9.03E-01,1.68E+00,6.98691978004821,7.92443950459856,0,7642,0,0,0,0,0,0,0,0,0,0,0,0,22.8,10.5,225,-1.49,7.85,29.9
0.512920141220093,0,0,0.850000023841858,0,0.453077971935272,4.56E-01,4.80E-01,6.55E-01,4.96E-01,9.48E-01,-26.1984218802008,63.3715994074421,0,7644,0,0,0,0,0,0,0,0,0,0,0,0,16.4,31.6,176,-1.57,87.7,18.9
0,0,0,0,0,0,0.00E+00,0.00E+00,0.00E+00,0.00E+00,0.00E+00,3.67321415613588,11.7214886082911,0,7646,0,0,0,0,0,0,0,0,0,0,0,0,9.11,23.2,134,1.06,9.16,59.5
0,0,0,0,0,0,0.00E+00,0.00E+00,0.00E+00,0.00E+00,0.00E+00,29.3530274594735,34.0822339384703,0,7648,0,0,0,0,0,0,0,0,0,0,0,0,18,19.7,87.3,3.46,50.3,16.7
0,0,0,0,0,0,0.00E+00,0.00E+00,0.00E+00,0.00E+00,0.00E+00,-16.0913578962864,22.6953618391329,0,7650,0,0,0,0,0,0,0,0,0,0,0,0,23.7,17,24.9,3.89,8.9,11.8
0,0,0,0,0,0,0.00E+00,0.00E+00,0.00E+00,0.00E+00,0.00E+00,7.48934358791707,12.374808658542,0,7652,0,0,0,0,0,0,0,0,0,0,0,0,9.22,20.9,11.7,-0.388,9.14,20.1
0,0,0,0,0,0,0.00E+00,0.00E+00,0.00E+00,0.00E+00,0.00E+00,-12.4274591809219,12.9765198392848,0,7655,0,0,0,0,0,0,0,0,0,0,0,0,8.17,22.1,70.9,-1.23,2.22,10.6
0.987586677074432,1.02999997138977,1.02465081214905,0.834790468215942,0.908415853977203,1.0697808265686,4.10E-01,5.80E-01,1.39E+00,8.77E-01,9.10E-01,-7.06645620533004,7.86308774503049,0,7657,0,0,0,0,0,0,0,0,0,0,0,0,14.6,1.69,93.3,2.07,15.6,46
0.860043823719025,0.89420485496521,1.02060067653656,1.10275602340698,1.06617498397827,1.09292471408844,3.49E-01,5.10E-01,8.17E-01,8.84E-01,6.32E-01,13.0556380646206,15.4136018033967,0,7659,493,157,494,185,604,221,565,262,569,281,565,234,7.87,1.99,127,3.62,18.5,10
0,0,0,0,0,0,0.00E+00,0.00E+00,0.00E+00,0.00E+00,0.00E+00,4.70110548454536,9.07549812898316,0,7661,0,0,0,0,0,0,0,0,0,0,0,0,17.6,4.6,134,3.49,10.6,28.8
0.866122901439667,0.906779646873474,1.02024018764496,1.05006659030914,1.06335628032684,1.08128190040588,3.94E-01,6.06E-01,8.82E-01,9.67E-01,7.26E-01,1.259471489185,2.19588720763688,0,7663,282,295,306,342,381,371,328,399,337,426,333,378,3.02,5.59,137,3.65,2.17,12.2
0,0,0,0,0,0,0.00E+00,0.00E+00,0.00E+00,0.00E+00,0.00E+00,15.035432258736,18.6853738474485,0,7665,0,0,0,0,0,0,0,0,0,0,0,0,0.747,15.6,134,4.12,13.4,20.3
0,0,0,0,0,0,0.00E+00,0.00E+00,0.00E+00,0.00E+00,0.00E+00,4.61485118167114,7.25128770434602,0,7667,0,0,0,0,0,0,0,0,0,0,0,0,6.93,9.43,116,4.04,6.98,4.21
0,0,0,0,0,0,0.00E+00,0.00E+00,0.00E+00,0.00E+00,0.00E+00,-5.94366750500243,9.08606033263273,0,7669,0,0,0,0,0,0,0,0,0,0,0,0,3.68,9.94,90.1,4.45,4.59,7.94
0.982121586799622,0,0,0,0.855524480342865,0.820466756820679,3.67E-01,4.24E-01,0.00E+00,5.85E-01,0.00E+00,-0.515788097429286,7.3029514823814,0,7671,0,0,0,0,0,0,0,0,0,0,0,0,1.79,7.08,69.9,4.46,3.76,3.71
0,0,0,0,0,0,0.00E+00,0.00E+00,0.00E+00,0.00E+00,0.00E+00,-0.80183821303281,1.49674245785779,0,7674,0,0,0,0,0,0,0,0,0,0,0,0,1.21,4.63,43.2,4.49,4.63,1.09
0.898695945739746,0.964285731315613,1.02263569831848,1.11399638652802,1.03403961658478,0.99767416715622,3.97E-01,6.84E-01,8.98E-01,9.30E-01,7.93E-01,6.05607001669089,9.49988907592936,0,7676,102,566,68,605,30,469,72.9,502,98.2,468,47.8,513,1.86,3.25,51.2,4.44,4.74,3.98
0,0,0,0,0,0,0.00E+00,0.00E+00,0.00E+00,0.00E+00,0.00E+00,-0.36603119054971,3.51133124706594,0,7678,0,0,0,0,0,0,0,0,0,0,0,0,1.29,2.6,67.5,4.91,4.74,1.25
0,0,0,0,0,0,0.00E+00,0.00E+00,0.00E+00,0.00E+00,0.00E+00,3.11099786581602,10.2935554920537,0,7680,0,0,0,0,0,0,0,0,0,0,0,0,2.85,3.48,70.8,4.54,4.97,4.75
0.880612313747406,0.972649574279785,1.0306293964386,1.12020444869995,1.03380143642426,0.966785550117493,4.12E-01,6.97E-01,8.83E-01,9.18E-01,7.88E-01,2.74531242817112,7.6866518788535,0,7682,350,466,290,459,261,380,307,404,332,350,270,424,2.98,3.59,86.2,3.97,5.04,2.55
0.889329314231873,0.2853142619133,1.01357698440552,1.10316634178162,1.06594145298004,1.01973032951355,3.47E-01,7.43E-01,8.83E-01,9.25E-01,7.64E-01,0.942146703816132,2.52621806341474,0,7684,247,328,264,265,225,191,274,214,298,226,251,219,3.56,1.49,90.6,2.22,14.4,4.69
0.843333184719086,1.09821426868439,1.21418559551239,0,0,1.04221856594086,4.08E-01,7.30E-01,8.84E-01,7.50E-01,8.43E-01,-0.896841631261917,4.58055756648895,0,7686,230,331,285,324,240,159,0,0,0,0,274,184,9.71,3.25,89.7,0.866,14.6,3.56
0.860110521316528,0.902402400970459,1.06514835357666,1.1390368938446,1.05633962154388,1.04396235942841,3.50E-01,6.75E-01,8.81E-01,9.14E-01,7.20E-01,-3.65634228524167,7.82907060504596,0,7688,234,449,253,434,207,291,252,312,267,319,233,322,9.03,8.3,92.9,0.817,8.83,16.3
0.86887514591217,0,1.04268610477448,1.1415764093399,1.05024898052216,1.04113578796387,3.57E-01,6.74E-01,8.76E-01,9.38E-01,7.39E-01,-21.1450811900772,24.4070063924162,0,7690,234,401,0,0,158,238,204,251,254,284,187,270,12.3,18,78.3,-3.29,22,7.96
0.89761871099472,0,1.00061082839966,1.15957951545715,1.0522084236145,1.01121723651886,4.52E-01,7.45E-01,8.86E-01,1.20E+00,8.03E-01,-54.5848848841009,54.7989385705969,0,7692,377,491,0,0,253,437,303,444,336,407,275,463,31.9,33.4,56.8,-3.34,60.1,38.7
0.887870669364929,0.944235146045685,1.04356527328491,1.09804892539978,1.0446914434433,1.04578113555908,3.62E-01,7.15E-01,9.18E-01,9.15E-01,7.77E-01,17.7669382439196,28.0589535906687,0,7695,258,456,279,423,228,324,262,331,256,318,255,351,18.4,43.8,20.7,-1.85,35.7,47.8
0,0,0,0,0.951412439346314,0,0.00E+00,0.00E+00,0.00E+00,0.00E+00,0.00E+00,-1.57062251561021,7.47532151704653,0,7697,0,0,0,0,0,0,0,0,0,0,0,0,9.96,49.9,19.7,-1.3,18.6,12.6
0,0.935412049293518,0,0,0.887410461902618,0,0.00E+00,0.00E+00,0.00E+00,0.00E+00,0.00E+00,-7.05479376498276,16.4506356362179,0,7699,0,0,0,0,0,0,0,0,0,0,0,0,18,42.2,67.6,-1.63,9.97,8.91
0.902185261249542,0.884026229381561,1.0338397026062,1.11946940422058,1.04042851924896,1.11275601387024,4.18E-01,6.54E-01,9.27E-01,9.11E-01,1.10E+00,-4.88911690901505,8.40614113263977,0,7701,232,175,211,210,110,145,168,148,164,112,155,169,11.6,32.9,115,-0.638,6.85,16.3
0.860441863536835,0,1.03964066505432,1.08984231948853,1.0376410484314,1.06990575790405,3.75E-01,6.83E-01,8.94E-01,9.11E-01,8.21E-01,-5.82202803616712,15.9975443224432,0,7703,337,443,0,0,260,314,312,308,353,319,291,324,6.77,24.3,164,-0.921,4.85,16.9
0.866684138774872,0,1.06148910522461,1.11085534095764,1.08439421653748,1.01676750183105,3.58E-01,7.00E-01,9.10E-01,9.90E-01,8.04E-01,4.77038093569543,17.6088371772231,0,7705,286,404,0,0,237,259,283,273,306,284,272,282,10.2,11.6,217,-0.163,19.9,33.2
0.866965174674988,0.911410689353943,1.06356203556061,1.05717432498932,1.04212558269501,1.09803712368011,3.56E-01,7.16E-01,9.07E-01,8.97E-01,7.39E-01,15.4504142770382,22.0917800005153,0,7707,254,323,272,285,159,198,202,196,215,187,198,218,42.6,18,265,2.04,68.4,13.5
0.861954748630524,0.991825640201569,1.06766128540039,1.08929085731506,1.07071828842163,1.19841587543488,3.94E-01,6.97E-01,8.73E-01,9.22E-01,8.95E-01,11.2067913089084,16.261153616206,0,7709,334,457,344,436,286,360,329,348,334,315,323,367,44,39.8,298,0.612,31,40.9
0.92986136674881,0.305012226104736,1.04057812690735,1.09085071086884,1.09426891803741,1.07475733757019,4.01E-01,7.01E-01,1.04E+00,9.12E-01,8.69E-01,0.29213677536494,7.68546027908837,0,7711,329,636,340,590,320,520,372,531,410,525,343,537,1.38,51.6,319,2.45,19.1,22.2
0.856824934482574,0,1.01628935337067,1.07415783405304,1.04605138301849,1.05666291713715,3.75E-01,6.98E-01,8.63E-01,9.10E-01,7.36E-01,-17.5002235788056,27.2725900908562,0,7714,347,423,0,0,272,326,325,316,339,323,308,341,5.02,47.4,306,1.76,12,22.6
0.738399863243103,0.974468111991882,2.45650601387024,1.01255226135254,1.17845988273621,1.16641116142273,3.97E-01,9.12E-01,9.69E-01,9.03E-01,1.51E+00,-4.23855979586506,12.2009189287511,0,7716,0,0,0,0,0,0,0,0,0,0,0,0,16.6,35.5,260,3.1,7.38,66.7
0,0,0,0,0,0,0.00E+00,0.00E+00,0.00E+00,0.00E+00,0.00E+00,3.88672224383793,10.1206340115575,0,7718,0,0,0,0,0,0,0,0,0,0,0,0,4.54,13.8,205,2.55,14.7,51.8
0,0,0,0,0,0,0.00E+00,0.00E+00,0.00E+00,0.00E+00,0.00E+00,-59.9450889907236,67.7979707806067,0,7720,0,0,0,0,0,0,0,0,0,0,0,0,19,19.9,131,2,87.7,20.2
0,0,0,0,0,0,0.00E+00,0.00E+00,0.00E+00,0.00E+00,0.00E+00,0.839602918515328,21.3970370868136,0,7722,0,0,0,0,0,0,0,0,0,0,0,0,12.1,10.9,43.3,1.44,25.9,59
0,0,0,0,0,0,0.00E+00,0.00E+00,0.00E+00,0.00E+00,0.00E+00,0.065848892216599,7.72887440902154,0,7724,0,0,0,0,0,0,0,0,0,0,0,0,3.81,25.6,57.2,0.892,13.4,46.7
0.874826610088348,0.92676055431366,0,1.12278270721436,0,1.09247541427612,4.07E-01,8.57E-01,9.95E-01,8.33E-01,7.43E-01,-1.2991162143515,3.06531231619308,0,7726,714,222,691,279,0,0,740,343,0,0,759,330,5.7,16.9,133,-3.33,6.46,31.7
0,0,0,0,0,0,0.00E+00,0.00E+00,0.00E+00,0.00E+00,0.00E+00,-16.9015831346255,27.0092870679243,0,7728,0,0,0,0,0,0,0,0,0,0,0,0,32.8,15.1,203,-2.71,59.5,12.2
0,0,0,0,0,0,0.00E+00,0.00E+00,0.00E+00,0.00E+00,0.00E+00,24.0419460812714,32.2680671231716,0,7730,0,0,0,0,0,0,0,0,0,0,0,0,20.9,17.9,262,-3.2,32.5,23.4
0,0,0,0,0,0,0.00E+00,0.00E+00,0.00E+00,0.00E+00,0.00E+00,-17.3470377906316,20.416493916141,0,7733,0,0,0,0,0,0,0,0,0,0,0,0,7.34,35.3,284,-2.48,35.3,30.1
0,0,0,0,0,0,0.00E+00,0.00E+00,0.00E+00,0.00E+00,0.00E+00,-38.1391493556931,56.8978361021103,0,7735,0,0,0,0,0,0,0,0,0,0,0,0,19.7,36.2,275,-2.06,30.4,34
0,0,0,0,0,0,0.00E+00,0.00E+00,0.00E+00,0.00E+00,0.00E+00,-2.95864100749591,7.29198816013861,0,7737,0,0,0,0,0,0,0,0,0,0,0,0,6.65,23.7,234,-3.14,8.28,28.3
0,0,0,0,0,0,0.00E+00,0.00E+00,0.00E+00,0.00E+00,0.00E+00,12.1032236040532,40.1557756537813,0,7739,0,0,0,0,0,0,0,0,0,0,0,0,16.1,11.5,189,-1.08,29.3,53.3
0.768987536430359,1.14836394786835,1.05555844306946,1.2631254196167,0.73777174949646,0.866366684436798,4.22E-01,3.66E-01,8.69E-01,8.44E-01,1.34E+00,-16.3591850618759,37.0099390624641,0,7741,0,0,0,0,0,0,0,0,0,0,0,0,11.1,4.87,133,0.878,19,23
0.887009620666504,0.867633700370789,0.869130849838257,0.81199324131012,0.925786256790161,0.898188233375549,4.64E-01,6.80E-01,9.44E-01,8.80E-01,1.78E+00,-18.6640464964788,82.0559764206996,0,7743,0,0,0,0,0,0,0,0,0,0,0,0,18.2,9.1,80.9,-1.38,39.7,27.8
0,0,0,0,0,0,0.00E+00,0.00E+00,0.00E+00,0.00E+00,0.00E+00,12.629045154398,40.9221784870299,0,7745,0,0,0,0,0,0,0,0,0,0,0,0,21.9,20.4,82.9,-1.89,29.1,25
0,0,0,0,0,0,0.00E+00,0.00E+00,0.00E+00,0.00E+00,0.00E+00,0.189784708547492,9.8650880252062,0,7747,0,0,0,0,0,0,0,0,0,0,0,0,11,24.9,114,-1.01,14.8,18.4
0,0,0,0,0,0,0.00E+00,0.00E+00,0.00E+00,0.00E+00,0.00E+00,1.23785594090718,16.0440828407865,0,7749,0,0,0,0,0,0,0,0,0,0,0,0,12.7,35.8,136,-0.272,20.6,55.7
0.858476459980011,0,1.07324922084808,1.20614397525787,1.16191458702087,1.06223285198212,3.55E-01,6.04E-01,9.40E-01,1.02E+00,7.49E-01,0.345209672119528,109.47739038862,0,7752,580,244,0,0,702,302,658,336,643,380,664,314,18.4,24.7,161,0.158,96.2,185
0,0,0,0,0,0,0.00E+00,0.00E+00,0.00E+00,0.00E+00,0.00E+00,0.205492944032688,42.7595215864306,0,7754,0,0,0,0,0,0,0,0,0,0,0,0,39,42.1,143,2.52,37.7,84.1
0,0,0,0,0,0,0.00E+00,0.00E+00,0.00E+00,0.00E+00,0.00E+00,-13.0765046381967,47.7540594221222,0,7756,0,0,0,0,0,0,0,0,0,0,0,0,50.7,49.1,126,2.52,22.2,163
0,0,0,0,0,0,0.00E+00,0.00E+00,0.00E+00,0.00E+00,0.00E+00,-18.6356634510668,23.5689838856026,0,7758,0,0,0,0,0,0,0,0,0,0,0,0,28,55.4,107,0.967,13.1,67.3
0,0,0,0,0,0,0.00E+00,0.00E+00,0.00E+00,0.00E+00,0.00E+00,11.9027278461603,20.2996376337583,0,7760,0,0,0,0,0,0,0,0,0,0,0,0,13.8,64.5,55.5,2.15,41.9,97.7
0,0,0,0,0,0,0.00E+00,0.00E+00,0.00E+00,0.00E+00,0.00E+00,-82.1601027144585,91.7880819985663,0,7762,0,0,0,0,0,0,0,0,0,0,0,0,27.4,46.5,36.7,1.95,71.2,8.92
0,0,0,0,0,0,0.00E+00,0.00E+00,0.00E+00,0.00E+00,0.00E+00,6.46556033297697,6.47606390906997,0,7764,0,0,0,0,0,0,0,0,0,0,0,0,40.6,41.9,34.1,1.61,1.58,88
0,0,0,0,0,0,0.00E+00,0.00E+00,0.00E+00,0.00E+00,0.00E+00,3.92211025398599,5.09759490257663,0,7766,0,0,0,0,0,0,0,0,0,0,0,0,4.55,36.1,41.6,-0.351,9.04,3.19
0,0,0,0,0,0,0.00E+00,0.00E+00,0.00E+00,0.00E+00,0.00E+00,-8.31435704730156,65.2284040840351,0,7768,0,0,0,0,0,0,0,0,0,0,0,0,7.64,38.3,90.1,-0.238,17.5,28.3
0,0,0,0,0,0,0.00E+00,0.00E+00,0.00E+00,0.00E+00,0.00E+00,-9.08129132501378,24.2664713259379,0,7771,0,0,0,0,0,0,0,0,0,0,0,0,10.3,24,144,-0.81,11.1,37.5
0,0,0,0,0,0,0.00E+00,0.00E+00,0.00E+00,0.00E+00,0.00E+00,-0.822240399580396,20.5576176804542,0,7773,0,0,0,0,0,0,0,0,0,0,0,0,33.4,18.4,162,0.362,15.7,75.9
0,0,0,0,0,0,0.00E+00,0.00E+00,0.00E+00,0.00E+00,0.00E+00,2.59606285006114,6.63952159159964,0,7775,0,0,0,0,0,0,0,0,0,0,0,0,5.5,19,188,0.805,3.75,20.6
0,0,0,0,0,0,0.00E+00,0.00E+00,0.00E+00,0.00E+00,0.00E+00,-5.10040740454442,8.85935311699347,0,7777,0,0,0,0,0,0,0,0,0,0,0,0,7.02,30.3,231,0.495,8.49,17.1
0,0,0,0,0,0,0.00E+00,0.00E+00,0.00E+00,0.00E+00,0.00E+00,-10.2682766977922,49.2737295110087,0,7779,0,0,0,0,0,0,0,0,0,0,0,0,13.1,23.8,242,-0.915,39.8,65.3
0,0,0,0,0,0,0.00E+00,0.00E+00,0.00E+00,0.00E+00,0.00E+00,53.2444660430725,81.7295792342885,0,7781,0,0,0,0,0,0,0,0,0,0,0,0,21.3,8.1,244,-0.274,53.7,26.6
0,0,0,0,0,0,0.00E+00,0.00E+00,0.00E+00,0.00E+00,0.00E+00,-1.41273778360064,10.1136907513876,0,7783,0,0,0,0,0,0,0,0,0,0,0,0,23.4,11.1,256,0.802,10.9,72.5
0,0,0,0,0,0,0.00E+00,0.00E+00,0.00E+00,0.00E+00,0.00E+00,-25.4578506408537,54.940999594921,1,7785,0,0,0,0,0,0,0,0,0,0,0,0,18.4,8.37,283,0.395,40.3,14.7
0,0,0,0,0,0,0.00E+00,0.00E+00,0.00E+00,0.00E+00,0.00E+00,1.5666104041945,3.2088845106395,1,7787,0,0,0,0,0,0,0,0,0,0,0,0,18.3,11.4,248,0.145,5.13,11.2
0,0,0,0,0,0,0.00E+00,0.00E+00,0.00E+00,0.00E+00,0.00E+00,-2.26748598021456,4.05794790261588,1,7789,0,0,0,0,0,0,0,0,0,0,0,0,5.73,15,239,0.16,2.27,15.2
0,0,0,0,0,0,0.00E+00,0.00E+00,0.00E+00,0.00E+00,0.00E+00,-1.10309423531414,6.43967736002832,1,7792,0,0,0,0,0,0,0,0,0,0,0,0,7.78,21,229,-0.125,2.06,5.8
0,0,0,0,0,0,0.00E+00,0.00E+00,0.00E+00,0.00E+00,0.00E+00,15.4271467869338,20.2265932655714,1,7794,0,0,0,0,0,0,0,0,0,0,0,0,7.32,9.76,225,-0.387,12.5,21
0,0,0,0,0,0,0.00E+00,0.00E+00,0.00E+00,0.00E+00,0.00E+00,2.02045364851027,2.87569731942002,1,7796,0,0,0,0,0,0,0,0,0,0,0,0,1.89,6.77,174,-1.19,2.79,11.8
0,0,0,0,0,0,0.00E+00,0.00E+00,0.00E+00,0.00E+00,0.00E+00,19.8306775232951,36.8156611822439,1,7798,0,0,0,0,0,0,0,0,0,0,0,0,9.22,11.3,135,-1.26,18.8,11.7
0,0,0,0,0,0,0.00E+00,0.00E+00,0.00E+00,0.00E+00,0.00E+00,-7.77283956231562,13.8622256418549,1,7800,0,0,0,0,0,0,0,0,0,0,0,0,3.05,8.01,142,-1.01,17,11.5
0,0,0,0,0,0,0.00E+00,0.00E+00,0.00E+00,0.00E+00,0.00E+00,-2.88880432742117,8.59193485698502,1,7802,0,0,0,0,0,0,0,0,0,0,0,0,9.39,4.8,92.7,-2.53,7.84,8.32
0,0,0,0,0,0,0.00E+00,0.00E+00,0.00E+00,0.00E+00,0.00E+00,2.24017310470161,16.4267282687499,1,7804,0,0,0,0,0,0,0,0,0,0,0,0,5.38,3.35,70.5,-1.79,8.83,8.9
0.898463785648346,0,1.04058623313904,1.4034389257431,1.35473549365997,1.0673098564148,4.33E-01,6.34E-01,9.40E-01,9.14E-01,8.45E-01,0.018244281035748,7.73160477634497,1,7806,460,651,0,0,361,546,412,523,439,502,396,541,9.31,8.92,81,-1.51,5.97,26.8
0,0,0,0,0,0,0.00E+00,0.00E+00,0.00E+00,0.00E+00,0.00E+00,7.64441205777369,46.4123064208601,1,7808,0,0,0,0,0,0,0,0,0,0,0,0,13.2,13.7,58.8,0.866,16.5,81.2
0.966270327568054,0.954367935657501,0,0.896652102470398,0.903539478778839,0.955235421657562,9.23E-01,9.62E-01,9.73E-01,0.00E+00,9.06E-01,3.79528231854638,32.9741333989075,1,7811,0,0,0,0,0,0,0,0,0,0,0,0,19.4,20.8,49.7,-1.68,18.8,19.9
0,0,0,0,0,0,0.00E+00,0.00E+00,0.00E+00,0.00E+00,0.00E+00,-31.6563178555865,139.481902820307,1,7813,0,0,0,0,0,0,0,0,0,0,0,0,26.7,27.9,44.4,-3.37,54.1,67.2
0,0,0,0,0,0,0.00E+00,0.00E+00,0.00E+00,0.00E+00,0.00E+00,6.92889547336644,7.06768240358952,1,7815,0,0,0,0,0,0,0,0,0,0,0,0,15.2,26,60.5,-3.24,22.3,30.5
0,0,0,0,0,0,0.00E+00,0.00E+00,0.00E+00,0.00E+00,0.00E+00,-6.15537283647964,24.3153678331522,1,7817,0,0,0,0,0,0,0,0,0,0,0,0,20.4,21.6,80.4,-3.11,27.4,78.5
0,0,0,0,0,0,0.00E+00,0.00E+00,0.00E+00,0.00E+00,0.00E+00,-6.46052074222475,14.1130564507523,1,7819,0,0,0,0,0,0,0,0,0,0,0,0,17.9,10.1,82.8,-2.98,7.43,38.7
0,0,0,0,0,0,0.00E+00,0.00E+00,0.00E+00,0.00E+00,0.00E+00,11.5898498880874,28.434135055575,1,7821,0,0,0,0,0,0,0,0,0,0,0,0,11.4,18.6,100,-2.85,13.7,55.1
0,0,0,0,0,0,0.00E+00,0.00E+00,0.00E+00,0.00E+00,0.00E+00,-13.9932196648798,15.8072494969308,1,7823,0,0,0,0,0,0,0,0,0,0,0,0,18.3,20.9,121,-2.72,5.62,53.7
0,0,0,0,0,0,0.00E+00,0.00E+00,0.00E+00,0.00E+00,0.00E+00,5.84789393649591,24.4635772830618,1,7825,0,0,0,0,0,0,0,0,0,0,0,0,38.9,31.2,141,-2.59,30.4,19
0,0,0,0,0,0,0.00E+00,0.00E+00,0.00E+00,0.00E+00,0.00E+00,41.8392886569001,69.7793543671007,1,7827,0,0,0,0,0,0,0,0,0,0,0,0,65.1,75.8,169,-2.64,104,305
0,0,0,0,0,0,0.00E+00,0.00E+00,0.00E+00,0.00E+00,0.00E+00,-11.2240390473402,31.1381861784438,1,7830,0,0,0,0,0,0,0,0,0,0,0,0,17.7,58.6,197,-2.53,5.41,122
0,0,0,0,0,0,0.00E+00,0.00E+00,0.00E+00,0.00E+00,0.00E+00,2.82709318833075,9.33788480830977,1,7832,0,0,0,0,0,0,0,0,0,0,0,0,19.2,5.01,221,-2.42,5.83,98.1
0,0,0,0,0,0,0.00E+00,0.00E+00,0.00E+00,0.00E+00,0.00E+00,-4.15641601300858,14.7428174083651,1,7834,0,0,0,0,0,0,0,0,0,0,0,0,14.8,17.7,225,-1.56,7.55,28.8
0,0,0,0,0,0,0.00E+00,0.00E+00,0.00E+00,0.00E+00,0.00E+00,-23.4330716882393,32.8391960232687,1,7836,0,0,0,0,0,0,0,0,0,0,0,0,15.9,25.3,240,-1.88,21.3,41.3
0,0,0,0,0,0,0.00E+00,0.00E+00,0.00E+00,0.00E+00,0.00E+00,5.15685200192469,6.1124141863081,1,7838,0,0,0,0,0,0,0,0,0,0,0,0,7.56,50.9,238,-1.62,6.69,10.6
0,0,0,0,0,0,0.00E+00,0.00E+00,0.00E+00,0.00E+00,0.00E+00,-19.6682961610107,31.3296274188629,1,7840,0,0,0,0,0,0,0,0,0,0,0,0,1.25,19.9,218,-1.36,1.69,20.6
0,0,0,0,0,0,0.00E+00,0.00E+00,0.00E+00,0.00E+00,0.00E+00,5.62069686816976,20.6125185748612,1,7842,0,0,0,0,0,0,0,0,0,0,0,0,5.17,14.2,218,-0.374,1.21,5.09
0,0,0,0,0,0,0.00E+00,0.00E+00,0.00E+00,0.00E+00,0.00E+00,4.87910017244715,25.2895500740296,1,7844,0,0,0,0,0,0,0,0,0,0,0,0,6.02,7.66,196,-0.0177,11.1,18.3
0,0,0,0,0,0,0.00E+00,0.00E+00,0.00E+00,0.00E+00,0.00E+00,0.025245653090152,6.73668838909365,0,7846,0,0,0,0,0,0,0,0,0,0,0,0,3.17,9.69,144,0.0495,11.4,4
0,0,0,0,0,0,0.00E+00,0.00E+00,0.00E+00,0.00E+00,0.00E+00,4.27027919193578,22.2066036364484,0,7849,0,0,0,0,0,0,0,0,0,0,0,0,1.1,5.52,106,-0.829,8.53,7.08
0,0,0,0,0,0,0.00E+00,0.00E+00,0.00E+00,0.00E+00,0.00E+00,-0.252582367321379,6.23565762444714,0,7851,0,0,0,0,0,0,0,0,0,0,0,0,1.51,5.78,93.7,-0.606,3.38,3.93
0,0,0,0,0,0,0.00E+00,0.00E+00,0.00E+00,0.00E+00,0.00E+00,0.455493521493976,10.4820236657073,0,7853,0,0,0,0,0,0,0,0,0,0,0,0,1.46,1.84,98.7,-0.702,2.87,3.93
0,0,0,0,0,0,0.00E+00,0.00E+00,0.00E+00,0.00E+00,0.00E+00,-0.055407198157621,6.45332025151182,0,7855,0,0,0,0,0,0,0,0,0,0,0,0,0.521,2.22,130,-0.828,2.07,3.4
0,0,0,0,0,0,0.00E+00,0.00E+00,0.00E+00,0.00E+00,0.00E+00,-0.069551671602052,2.12734940431391,0,7857,0,0,0,0,0,0,0,0,0,0,0,0,1.16,1.51,137,-0.409,3.83,1.87
0,0,0,0,0,0,0.00E+00,0.00E+00,0.00E+00,0.00E+00,0.00E+00,-0.000461781678147,3.4760127786991,0,7859,0,0,0,0,0,0,0,0,0,0,0,0,0.71,2.25,145,-1.38,1.12,3.04
0,0,0,0,0,0,0.00E+00,0.00E+00,0.00E+00,0.00E+00,0.00E+00,0.170721993549861,5.49953514205843,0,7861,0,0,0,0,0,0,0,0,0,0,0,0,1.39,1.36,158,-1.8,3.6,4.37
0,0,0,0,0,0,0.00E+00,0.00E+00,0.00E+00,0.00E+00,0.00E+00,-0.848458023486759,14.5914327145214,0,7863,0,0,0,0,0,0,0,0,0,0,0,0,1.13,0.368,148,-1.91,3.5,7
0,0,0,0,0,0,0.00E+00,0.00E+00,0.00E+00,0.00E+00,0.00E+00,-0.114486007511839,12.2903539410789,0,7865,0,0,0,0,0,0,0,0,0,0,0,0,0.274,1.03,121,-2.14,5.69,3.04
0.838699996471405,0.926210582256317,1.04553174972534,1.5261994600296,1.35043358802795,1.09151148796082,3.91E-01,5.72E-01,8.95E-01,8.67E-01,7.54E-01,-0.142297111050691,10.6462519601699,0,7867,213,342,234,339,253,223,298,243,322,234,276,260,2.6,2.17,110,-1.79,2.08,12.3
0.833266735076904,0,1.05595803260803,1.50182139873505,1.34473323822021,1.04056835174561,3.86E-01,5.93E-01,9.21E-01,9.30E-01,7.19E-01,0.187460667004068,9.44317765284077,0,7870,208,365,0,0,204,223,257,233,289,241,235,243,4.22,4.64,85,-0.721,3.22,12.1
0,0,0,0,0,0,0.00E+00,0.00E+00,0.00E+00,0.00E+00,0.00E+00,0.120007276729308,3.96362787446928,0,7872,0,0,0,0,0,0,0,0,0,0,0,0,4.76,8.97,56,-0.988,3.73,5.95
0,0,0,0,0,0,0.00E+00,0.00E+00,0.00E+00,0.00E+00,0.00E+00,3.99004193662406,17.1160991218739,0,7874,0,0,0,0,0,0,0,0,0,0,0,0,8.59,9.81,30,-1.3,23.2,35.9
0.817947328090668,0.973154366016388,1.045734167099,1.45052456855774,1.30037665367126,1.07416987419128,3.58E-01,5.96E-01,9.24E-01,8.73E-01,7.85E-01,-1.75965862523734,7.27154836030645,0,7876,284,489,324,449,194,391,239,365,258,349,234,389,4.39,6.39,30,-1.2,4.55,8.94
0.920199692249298,0.897196233272553,1.04108047485352,1.4609580039978,1.27551114559174,1.10696852207184,4.11E-01,6.20E-01,8.87E-01,9.06E-01,8.55E-01,-1.70554677392188,5.70006055616523,0,7878,359,408,331,451,260,421,299,389,286,362,293,414,9.58,4.3,29.6,-1.04,3.71,33.2
0.844396531581879,0.899999976158142,1.03906738758087,1.40525531768799,1.24999296665192,1.11264419555664,4.09E-01,6.42E-01,9.25E-01,9.11E-01,7.99E-01,-0.269544350970692,4.69279947955566,0,7880,475,422,491,363,337,372,375,333,394,308,373,356,3.83,1.28,30.4,-1.35,1.06,13.2
0.831897735595703,0.97210168838501,1.04044306278229,1.4832159280777,1.28469347953796,1.12957370281219,4.40E-01,6.04E-01,9.03E-01,8.94E-01,8.17E-01,-1.25254019835298,5.00553231742605,0,7882,560,504,555,472,455,443,486,403,486,368,490,432,0.723,6.74,31.9,-1.06,1.23,4.82
0.872740983963013,0.861035406589508,1.0443286895752,1.42961835861206,1.26210784912109,1.03731644153595,3.90E-01,6.64E-01,9.26E-01,9.12E-01,8.03E-01,-1.59007331627779,5.59701602261879,0,7884,638,464,643,418,489,425,517,387,533,366,526,411,0.1,1.53,38.4,-1.39,3.93,3.16
0.875797629356384,0.945868968963623,1.02434051036835,0,1.26057183742523,0.914433658123016,5.80E-01,6.48E-01,9.33E-01,8.95E-01,1.03E+00,-1.27027006447983,4.6284093830084,0,7886,723,289,706,252,548,289,0,0,592,239,573,263,0.97,1.83,46.4,-0.964,2.13,6.78
0.850209653377533,0.903068006038666,1.06341552734375,1.40949380397797,1.22520756721497,1.10095953941345,4.06E-01,6.20E-01,9.20E-01,8.71E-01,8.08E-01,0.642078729205644,3.56343878349478,0,7889,613,288,601,245,468,303,481,256,482,228,501,278,0.307,0.895,51.7,-1.35,4.29,0.866
0.844471395015717,0,1.04990875720978,1.38850939273834,1.21742272377014,1.07018327713013,4.20E-01,6.09E-01,9.05E-01,8.86E-01,7.61E-01,1.18381152923123,4.02917736277379,0,7891,584,266,0,0,450,306,457,250,445,206,478,276,0.836,0.561,53,-1.29,0.423,2.49
0.866043150424957,0.935291409492493,1.01803386211395,1.32690334320068,1.22631943225861,1.06236243247986,4.08E-01,6.84E-01,9.18E-01,8.92E-01,8.03E-01,1.11188518642752,3.69116262152905,0,7893,358,466,346,416,193,470,221,425,231,396,226,449,0.246,0.965,55,-1.36,3.71,1.42
0.878302872180939,0.931161344051361,0.858226299285889,0.825217366218567,0.863070547580719,0.933257699012756,4.49E-01,6.55E-01,6.72E-01,6.26E-01,1.00E+00,-0.723022555053343,5.14968069141474,0,7895,0,0,0,0,0,0,0,0,0,0,0,0,0.811,0.526,52.1,-1.41,3.21,2
0.870844542980194,0.909905672073364,1.05435526371002,1.34945690631866,1.18719434738159,1.12656426429749,4.44E-01,6.08E-01,9.24E-01,8.87E-01,1.08E+00,0.780255545453841,2.75402855054605,0,7897,402,236,394,219,275,283,263,232,253,205,295,248,0.928,1.13,48.1,-1.33,3.72,4.4
0.838651657104492,0.91802304983139,1.06186532974243,1.35464417934418,1.18889939785004,1.08402466773987,4.32E-01,6.22E-01,8.90E-01,8.81E-01,7.24E-01,0.282296058428783,1.73836263733311,0,7899,555,216,539,202,438,289,425,240,404,218,457,252,1.54,1.05,43.4,-1.26,1.91,1.37
0,0,0,0,0,0,0.00E+00,0.00E+00,0.00E+00,0.00E+00,0.00E+00,-1.28969957549723,4.56244849284671,0,7901,0,0,0,0,0,0,0,0,0,0,0,0,2.12,2.74,38.2,-1.28,2.02,7.26
0,0,0,0,0,0,0.00E+00,0.00E+00,0.00E+00,0.00E+00,0.00E+00,-0.44331487086781,2.25384771435539,0,7903,0,0,0,0,0,0,0,0,0,0,0,0,0.365,1.6,30.8,-1.23,0.693,0.29
0,0,0,0,0,0,0.00E+00,0.00E+00,0.00E+00,0.00E+00,0.00E+00,0.17522927555755,0.598578319452306,0,7905,0,0,0,0,0,0,0,0,0,0,0,0,0.155,2.39,27.9,-1.33,1.93,2.44
0,0,0,0,0,0,0.00E+00,0.00E+00,0.00E+00,0.00E+00,0.00E+00,-0.352586600962194,1.53708283487447,0,7908,0,0,0,0,0,0,0,0,0,0,0,0,0.377,1.28,21.9,-1.14,3.04,2.14
0.944905936717987,0.916099786758423,1.04342842102051,1.37954080104828,0,1.18011331558228,4.99E-01,9.88E-01,8.86E-01,1.06E+00,7.48E-01,0.020633080910408,0.672859064430348,0,7910,542,217,509,186,444,312,424,260,0,0,452,276,0.531,0.915,19.8,-1.28,2.92,0.385
0.880988478660584,0.932140171527863,1.04363608360291,1.38214325904846,1.16702961921692,1.08352422714233,4.50E-01,6.28E-01,8.50E-01,8.57E-01,6.59E-01,-0.148648703264393,2.17099155253244,0,7912,402,215,382,179,276,294,269,241,259,217,291,262,0.308,0.82,17.1,-1.35,0.469,2.59
0.86230880022049,0.929203510284424,1.04523873329163,1.38556969165802,1.15761601924896,1.16961514949799,4.28E-01,6.30E-01,8.77E-01,8.55E-01,6.84E-01,-0.064250699873011,0.917160818628487,0,7914,416,212,411,199,284,291,280,239,272,213,298,258,0.553,0.452,17.2,-1.26,2.82,0.644
0.873661458492279,0.990990996360779,1.02914500236511,1.35527515411377,1.16556346416473,1.09132075309753,4.51E-01,6.15E-01,8.60E-01,8.32E-01,9.00E-01,0.28827132810488,2.43278635123815,0,7916,392,219,374,182,277,308,268,254,262,220,290,278,0.487,0.727,16.6,-1.19,1.04,2.55
0.864328503608704,0.947976887226105,1.02812850475311,1.36600732803345,1.15846300125122,1.13202548027039,4.30E-01,6.25E-01,8.61E-01,8.49E-01,7.14E-01,0.956891158884898,4.28921086180428,0,7918,414,212,402,179,287,294,281,241,276,214,300,262,1.44,0.998,16.6,-1.49,1.18,5.14
0.849057018756866,0.917202591896057,1.03319096565247,1.33465719223022,1.14561367034912,1.07265782356262,4.34E-01,6.26E-01,8.37E-01,8.58E-01,6.55E-01,-0.096987719236115,2.26180528775246,0,7920,421,216,402,180,293,295,286,246,278,221,307,260,1.21,0.536,15.4,-1.54,3.48,6.52
0.855391919612885,0.902794659137726,1.05102336406708,1.32275915145874,1.1301828622818,1.14048540592194,4.18E-01,6.00E-01,8.49E-01,8.41E-01,7.07E-01,-0.791589179666793,4.8817234259884,0,7922,436,209,419,176,297,289,295,239,289,213,317,253,3.58,1.56,14.9,-1.8,3.43,4.62
0.852821290493012,0.897792935371399,1.05387699604034,1.33911573886871,1.12244462966919,1.05982768535614,4.20E-01,6.08E-01,8.60E-01,8.41E-01,6.90E-01,0.0951639644452,3.35948410253699,0,7924,438,212,430,190,301,292,298,241,290,216,316,257,2.1,3.71,11.6,-1.55,2.62,3.79
0.851064622402191,0.922556400299072,1.05546987056732,1.35460519790649,1.10297894477844,1.12851810455322,4.11E-01,5.83E-01,8.49E-01,8.50E-01,6.59E-01,-0.385467434934718,1.84902462550715,0,7927,443,208,431,180,300,292,300,242,295,216,323,255,0.346,3.51,8.43,-1.46,3.7,0.748
0.837878227233887,0.886515378952026,1.05240643024445,1.30209755897522,1.11793291568756,1.03855955600739,4.36E-01,5.88E-01,8.61E-01,8.82E-01,7.21E-01,0.37341505150831,3.67130537766253,0,7929,441,261,425,174,304,347,305,299,294,218,325,310,0.523,2.62,3.55,-1.34,3,0.522
0.848447978496552,0.910519123077393,1.05077922344208,1.28112936019897,1.10545480251312,1.08173716068268,4.28E-01,5.96E-01,8.51E-01,8.54E-01,7.19E-01,-0.171431504853392,1.23519631288583,0,7931,443,266,428,232,302,349,302,300,296,273,323,314,0.735,0.992,3.37,-1.55,2.93,3.02
0.837994635105133,0.917900383472443,1.04668319225311,1.28893756866455,1.12541842460632,1.08952593803406,4.21E-01,5.91E-01,8.64E-01,8.45E-01,7.28E-01,0.799338948404748,3.55554073827664,0,7933,447,264,432,233,303,346,305,297,299,271,326,309,0.217,0.464,5.58,-1.31,3.05,1.42
0.83813738822937,0.908002495765686,1.04784595966339,1.28569543361664,1.09207558631897,1.085324883461,4.14E-01,5.87E-01,8.46E-01,8.69E-01,6.66E-01,-1.01191035115485,4.03493892514231,0,7935,446,262,433,230,304,345,305,297,301,271,323,311,0.554,0.908,9.44,-1.51,3.69,1.04
0.839280009269714,0.888765633106232,1.05661416053772,1.257648229599,1.0998615026474,1.06273984909058,4.25E-01,5.87E-01,8.59E-01,8.41E-01,7.23E-01,0.865163187560186,3.67634448255456,0,7937,446,263,430,231,304,346,306,298,301,273,325,310,0.463,0.23,13.9,-1.24,1.98,2.38
0.838292241096497,0.941956877708435,1.06133019924164,1.27951049804688,1.07611656188965,1.0952080488205,4.10E-01,5.73E-01,8.38E-01,8.59E-01,6.45E-01,0.08311047474691,1.58315041021269,0,7939,452,260,438,228,306,343,309,295,306,270,327,309,0.434,0.474,16.3,-1.76,2.21,4.32
0.834710836410522,0.907849848270416,1.05316424369812,1.26657009124756,1.08003771305084,1.09734845161438,4.12E-01,5.72E-01,8.50E-01,8.33E-01,6.90E-01,-0.174014951511998,5.18558089404622,0,7941,454,260,439,231,307,342,311,295,306,269,331,306,0.82,0.138,18.5,-1.74,4,3.03
0.830452620983124,0.927335619926453,1.05774009227753,1.26600408554077,1.08706784248352,1.12634706497192,4.04E-01,5.67E-01,8.34E-01,8.50E-01,6.87E-01,-0.146020156753977,0.866441720620947,0,7943,454,259,449,240,307,342,312,295,307,270,330,307,1.03,0.447,18.8,-2.08,1.04,2.82
0.830053508281708,0,1.05536413192749,1.23726189136505,1.07679224014282,1.06607949733734,4.06E-01,5.60E-01,8.43E-01,8.33E-01,7.32E-01,-1.35248674247435,10.1168427081698,0,7945,455,258,0,0,306,342,313,294,308,268,330,307,2,1.98,19,-0.663,2.24,13.1
0.821904897689819,0.879144370555878,1.05512464046478,1.25782561302185,1.08528602123261,1.11142563819885,3.94E-01,5.66E-01,8.28E-01,8.39E-01,6.87E-01,0.996095429911003,8.25125469639767,0,7948,456,258,443,234,308,342,314,295,309,268,332,306,3.34,0.602,16,-1.04,9.14,5.85
0.82929539680481,0,1.05980169773102,1.23179984092712,1.09375929832459,1.05633366107941,4.15E-01,5.52E-01,8.30E-01,8.33E-01,7.66E-01,-0.383691688245488,7.05855235848898,0,7950,453,259,0,0,303,346,310,298,310,267,326,308,1.93,4.54,13.1,-0.795,4.92,6.83
0.819480299949646,0.885416686534882,1.03543066978455,1.19239342212677,1.07108724117279,1.11065912246704,4.00E-01,5.72E-01,8.25E-01,8.33E-01,7.10E-01,0.914801795615153,4.09666847216401,0,7952,320,317,281,298,234,426,217,381,187,368,249,391,0.934,4.1,8.73,-0.929,2.58,5.91
0.844769358634949,0,1.01105892658234,1.18007063865662,1.05863296985626,1.08356511592865,4.07E-01,5.76E-01,8.36E-01,8.33E-01,7.01E-01,1.38106126153499,6.07473337271121,0,7954,269,370,0,0,179,485,162,439,150,405,191,448,0.644,2.68,5.64,-0.724,3.62,3.32
0.82903528213501,0.891492009162903,1.02156507968903,1.17936074733734,1.0740807056427,1.11775350570679,4.05E-01,5.68E-01,8.46E-01,8.46E-01,6.69E-01,1.17172597031082,3.41196348243791,0,7956,263,377,238,351,172,490,153,441,134,415,186,448,0.639,3.08,1.78,-1.2,2.49,1.91
0.83391410112381,0.891957759857178,1.02422273159027,1.16938841342926,1.07866501808167,1.08885085582733,4.29E-01,5.68E-01,8.61E-01,8.32E-01,6.81E-01,1.00480215383254,3.66415354813407,0,7958,294,346,264,326,202,456,181,408,158,385,211,418,0.867,1.63,4.23,-1.52,2.13,3.14
0.835264503955841,0.89672726392746,1.02741301059723,1.1906464099884,1.06105935573578,1.13177466392517,3.99E-01,5.72E-01,8.31E-01,8.31E-01,8.17E-01,-0.661096235554082,12.5050893098878,0,7960,318,320,292,288,218,435,200,386,185,354,229,399,0.849,0.172,7.93,-2.79,2.16,11.8
0.829505920410156,0.91223406791687,1.03613674640656,1.20758771896362,1.0887815952301,1.09131002426147,4.25E-01,5.75E-01,8.67E-01,8.22E-01,7.33E-01,-0.25798793441344,4.6051954414957,0,7962,344,300,310,270,243,407,225,359,205,336,254,372,5.9,3.08,10.8,-3.07,2.74,5.02
0.814434945583344,0.889112889766693,1.04388010501862,1.20836687088013,1.05926299095154,1.10790944099426,4.09E-01,5.98E-01,8.37E-01,8.30E-01,7.96E-01,0.647013468608204,12.7868643416129,0,7964,363,292,340,265,251,401,237,350,226,322,261,366,9.38,7.71,12.4,-2.23,19.3,9.04
0.831379175186157,0.902230978012085,1.0499941110611,1.1973671913147,1.06485295295715,1.08718597888947,4.19E-01,6.03E-01,8.34E-01,8.30E-01,7.33E-01,-0.382756165393988,12.3542350707048,1,7967,376,287,351,260,260,390,249,341,234,316,276,357,7.81,12.4,11.7,-1.43,7.29,32.6
0.819959759712219,0.907090485095978,1.04749238491058,1.21652722358704,1.06119978427887,1.10285580158234,4.05E-01,5.97E-01,8.43E-01,8.24E-01,7.12E-01,0.76939671017658,11.2815442592197,1,7969,382,284,354,253,262,387,254,338,241,312,277,354,6.31,9.54,11.2,-2.5,6.69,16.5
0.836191534996033,0.907456696033478,1.050124168396,1.21424436569214,1.06396341323853,1.08772420883179,4.11E-01,5.93E-01,8.52E-01,8.29E-01,7.70E-01,1.0974575944634,18.7528566813014,1,7971,383,284,362,257,262,386,254,337,241,310,278,352,5.29,4.47,9.81,-2.81,4.89,12.2
0.829370975494385,0.916093111038208,1.02750599384308,1.13034975528717,1.05377423763275,1.12115347385407,4.10E-01,5.79E-01,8.36E-01,8.47E-01,7.43E-01,0.078556711579002,4.05473908137333,1,7973,249,390,213,372,159,500,140,454,114,443,174,456,5.17,2.57,15.1,-3.05,4.83,7.52
0.859251618385315,0,1.01077318191528,1.05175769329071,1.13856422901154,1.06889545917511,4.22E-01,6.60E-01,9.09E-01,8.89E-01,7.40E-01,-0.00639360602994,1.62367098981132,1,7975,116,546,0,0,6.13,646,3.6,597,4.07,585,24,602,3.53,5.09,22.5,-3.19,2.48,9.9
0.828661680221558,0.911949694156647,1.0234272480011,1.11671793460846,1.05322134494782,1.02863049507141,4.36E-01,6.29E-01,8.97E-01,9.02E-01,7.77E-01,1.63377407855201,22.7766174243758,1,7977,336,537,303,518,228,633,226,576,235,572,242,594,2.23,6.71,26.9,-1.8,9.83,11.8
0.854359269142151,0.8839071393013,1.03654706478119,1.15327882766724,1.0844908952713,1.06942582130432,4.07E-01,5.87E-01,8.97E-01,8.35E-01,7.69E-01,0.074735434807248,3.35604104393438,1,7979,546,383,508,356,452,486,433,437,402,411,462,446,2.13,1.85,37.2,-1.53,2.23,6.16
0.854095041751862,0.887120127677918,1.02458214759827,1.17183518409729,1.08221137523651,1.11724066734314,3.99E-01,5.80E-01,8.60E-01,8.31E-01,7.64E-01,-0.058052394264056,4.01386557877468,1,7981,575,362,547,332,478,474,457,421,442,394,488,434,3.53,1.49,42,-1.95,3.16,7.06
0.853575706481934,0.895140647888184,1.02805590629578,1.16750395298004,1.09639191627502,1.10626149177551,4.11E-01,5.86E-01,8.58E-01,8.16E-01,7.64E-01,0.075925593598904,3.09676863842536,1,7983,595,342,563,318,495,449,476,400,456,377,505,411,0.95,3.24,45,-1.37,1.39,4.55
0.840834975242615,0.928799629211426,1.03517520427704,1.18160212039948,1.08870363235474,1.12348437309265,4.06E-01,5.81E-01,8.39E-01,8.25E-01,8.12E-01,0.359745168759374,4.04664236763349,1,7986,608,322,583,296,503,431,487,383,473,351,515,397,0.921,2.51,46.4,-2.5,7.52,3.28
0.839101612567902,0.895145654678345,1.04441022872925,1.19135308265686,1.06497657299042,1.09308063983917,4.18E-01,5.75E-01,8.77E-01,8.21E-01,7.41E-01,1.51682015448308,15.7138282375986,1,7988,627,302,599,279,519,408,504,358,485,335,530,373,3.19,1.75,44.3,-1.66,2.32,22.3
0.826935529708862,0.943108975887299,1.03517878055573,1.18343579769135,1.06416094303131,1.11646974086761,3.99E-01,5.85E-01,8.43E-01,8.26E-01,7.71E-01,0.14103488948283,3.95592548567258,1,7990,609,300,578,270,499,407,485,359,470,331,509,374,5.84,3.21,36,-2.22,3.58,7.86
0,0,0,0,0,0,0.00E+00,0.00E+00,0.00E+00,0.00E+00,0.00E+00,1.2636772381545,19.4775127520064,1,7992,0,0,0,0,0,0,0,0,0,0,0,0,6.31,6.63,30.9,-1.64,5.51,20.5
0,0,0,0,0,0,0.00E+00,0.00E+00,0.00E+00,0.00E+00,0.00E+00,-0.045832676061084,6.36224526865742,1,7994,0,0,0,0,0,0,0,0,0,0,0,0,4.09,6.76,25,-3.3,5.64,12.8
0,0,0,0,0,0,0.00E+00,0.00E+00,0.00E+00,0.00E+00,0.00E+00,-2.05141517232718,30.2191444828637,1,7996,0,0,0,0,0,0,0,0,0,0,0,0,5.33,8.74,20.1,-1.92,12.8,18.8
0.809217989444733,0.894979774951935,1.03651928901672,1.09657847881317,1.06796777248383,1.05009138584137,3.46E-01,5.81E-01,8.77E-01,8.53E-01,6.66E-01,-1.03133684009443,7.95310539229933,1,7998,433,111,414,66.8,291,181,294,127,293,88.3,316,146,1.09,2.84,15.4,-2.39,2.06,4.37
0.851686060428619,0.932432413101196,1.0488144159317,1.10258436203003,1.07865726947784,1.0508930683136,3.65E-01,6.16E-01,8.78E-01,8.44E-01,7.15E-01,-0.091845934300777,1.82944950736372,1,8000,673,276,663,264,559,366,546,316,529,295,572,324,3.95,3.73,19.8,-2.58,1.24,13
0.865808188915253,0.870833337306976,0.983587443828583,0.81893402338028,0.883980393409729,0.884155750274658,3.77E-01,6.60E-01,8.05E-01,8.51E-01,9.85E-01,0.231283231611665,4.21421530310671,1,8002,0,0,0,0,0,0,0,0,0,0,0,0,2.97,3.41,26.2,-2.56,7.5,3.45
0,0,0,0,0,0,0.00E+00,0.00E+00,0.00E+00,0.00E+00,0.00E+00,-1.36805785485735,5.59631900995265,1,8005,0,0,0,0,0,0,0,0,0,0,0,0,3.92,4.14,35.3,-2.35,4.73,8.49
0,0,0,0,0,0,0.00E+00,0.00E+00,0.00E+00,0.00E+00,0.00E+00,0.352847782231242,1.74111510219089,1,8007,0,0,0,0,0,0,0,0,0,0,0,0,1.31,2.97,37,-2.41,1.28,1.02
0,0,0,0,0,0,0.00E+00,0.00E+00,0.00E+00,0.00E+00,0.00E+00,-1.00439383063975,3.56514717242429,1,8009,0,0,0,0,0,0,0,0,0,0,0,0,0.53,4.51,40.6,-2.24,3.24,3.34
0.846738994121552,0.899150729179382,1.04734408855438,1.11048746109009,1.07784986495972,1.05165243148804,3.66E-01,5.98E-01,8.73E-01,8.57E-01,7.11E-01,-0.272461965844057,3.00501973849481,1,8011,406,448,395,412,261,487,271,434,268,406,293,455,0.626,1.4,43,-2.24,1.26,2.25
0.84552538394928,0.921259820461273,1.04299521446228,1.09760880470276,1.07483088970184,1.05459547042847,3.68E-01,6.06E-01,8.73E-01,8.55E-01,7.44E-01,-0.034596190519615,0.169883673370786,1,8013,490,443,471,425,358,493,358,445,339,425,388,459,0.673,0.513,40.8,-2.51,3.8,2.39
0.827134907245636,0.916636466979981,1.04435610771179,1.11353468894959,1.06676983833313,1.07271528244019,3.55E-01,5.90E-01,8.70E-01,8.48E-01,7.40E-01,-0.241514251112285,1.39371721901329,1,8015,523,385,500,339,386,452,389,397,380,363,409,416,0.199,0.16,39,-2.37,2.33,1.68
0,0,0,0,0,0,0.00E+00,0.00E+00,0.00E+00,0.00E+00,0.00E+00,-0.658618751861448,2.27276078784358,1,8017,0,0,0,0,0,0,0,0,0,0,0,0,0.103,0.68,39.9,-2.24,4.9,1.18
0,0,0,0,0,0,0.00E+00,0.00E+00,0.00E+00,0.00E+00,0.00E+00,0.236409974923657,2.31281666328325,1,8019,0,0,0,0,0,0,0,0,0,0,0,0,0.691,0.559,36.7,-2.56,2.34,0.848
0,0,0,0,0,0,0.00E+00,0.00E+00,0.00E+00,0.00E+00,0.00E+00,-0.812196412013783,7.51790296852585,1,8021,0,0,0,0,0,0,0,0,0,0,0,0,1.02,0.676,35.9,-2.64,1.25,0.783
0.891480028629303,0,1.02666389942169,1.12605261802673,1.08417999744415,1.14083540439606,4.21E-01,6.79E-01,9.94E-01,8.59E-01,7.82E-01,-0.564945192010222,2.4943563062751,1,8023,741,653,0,0,643,559,690,529,685,511,685,558,0.287,1.06,34.3,-2.39,0.852,2.19
0.984359502792358,0,1.0365526676178,1.10548782348633,1.0841007232666,1.1467113494873,3.84E-01,6.08E-01,9.90E-01,8.41E-01,7.60E-01,-0.853838400397436,3.15875163990498,0,8026,792,374,0,0,631,498,663,461,662,445,672,489,0.208,0.458,30.1,-2.59,4.13,5.41
0.860114812850952,0.897580623626709,1.01113724708557,1.13953924179077,1.0722987651825,1.17930102348328,4.07E-01,5.99E-01,8.59E-01,8.78E-01,6.99E-01,-0.644431814079673,2.25116310407829,0,8028,536,576,558,524,396,507,436,469,458,448,439,498,1.37,1.92,24.1,-2.51,1.07,4.94
0.85507994890213,0.922227323055267,1.03713130950928,1.09225130081177,1.07997751235962,1.27813851833344,3.84E-01,5.97E-01,8.59E-01,8.74E-01,7.73E-01,-1.12527893169686,6.04266774198518,0,8030,579,590,580,565,457,526,491,488,491,460,500,517,1.01,1.4,22,-2.63,2.35,6.55
0.851565837860107,0.928314864635468,1.03629016876221,1.0833660364151,1.06492745876312,1.31021368503571,3.73E-01,6.49E-01,8.62E-01,8.73E-01,7.43E-01,0.095415597837606,1.59568125404167,0,8032,522,523,528,505,394,456,430,421,437,394,436,450,0.725,0.874,16.6,-2.43,1.34,1.97
0.846411943435669,0.918404042720795,1.03153216838837,1.0576833486557,1.07351529598236,1.24809551239014,3.68E-01,5.78E-01,8.53E-01,8.65E-01,7.57E-01,-1.14217429563812,4.57866290302714,0,8034,533,281,537,263,411,212,446,177,451,151,453,208,0.468,1.15,11.2,-2.48,3.17,1.1
0.869898200035095,0.957395017147064,1.02195203304291,1.04181957244873,1.08728337287903,1.25876879692078,3.59E-01,5.87E-01,8.79E-01,8.97E-01,7.54E-01,0.342994025433788,1.27565542086455,0,8036,531,277,548,245,402,200,443,167,463,157,445,192,0.447,0.465,9.42,-2.55,2.52,1.46
0.889701366424561,0.930724263191223,1.03171646595001,1.06497299671173,1.07499051094055,1.2127970457077,3.77E-01,5.98E-01,9.01E-01,8.94E-01,7.78E-01,-1.30792263176736,5.59089616605256,0,8038,548,367,549,346,431,297,470,265,475,243,474,293,0.554,0.475,7.7,-2.63,2.77,1.73
0.884643256664276,0.922569394111633,1.03017020225525,1.06079518795013,1.079017162323,1.25692105293274,3.64E-01,5.78E-01,8.99E-01,8.99E-01,7.66E-01,0.250922795565505,0.867145152605043,0,8040,544,401,548,376,425,329,466,298,475,267,470,325,0.999,0.376,8.69,-2.65,0.992,2.28
0.8973308801651,0.925360500812531,1.02762818336487,1.06538951396942,1.06934595108032,1.18624591827393,3.79E-01,5.90E-01,9.06E-01,9.07E-01,7.71E-01,-0.382650844643022,2.28834869333788,0,8042,553,371,556,356,434,301,475,269,484,239,478,295,0.425,0.796,11.5,-2.57,1.34,4.1
0.87368381023407,0.941947102546692,1.02831161022186,1.04623484611511,1.07011711597443,1.24328529834747,3.62E-01,6.00E-01,8.99E-01,8.97E-01,7.64E-01,1.41495936674883,5.2586192429029,0,8045,559,353,564,327,438,283,476,248,485,218,480,279,0.666,1.05,11.2,-2.68,3.07,2.8
0.886587798595428,0.892088949680328,1.04370105266571,1.04433178901672,1.08897829055786,1.16783475875855,3.78E-01,5.87E-01,9.02E-01,9.05E-01,7.66E-01,-0.523062095764533,1.99328040866794,0,8047,535,350,541,329,419,272,457,242,465,218,460,268,0.27,0.235,9.92,-2.56,2.25,0.899
0.866618990898132,0.913636863231659,1.03788733482361,1.04544937610626,1.07104170322418,1.20209777355194,3.67E-01,6.02E-01,8.96E-01,8.98E-01,7.76E-01,0.735053764020249,4.40782264424461,0,8049,537,389,544,367,420,312,457,279,466,251,460,308,0.994,0.19,10.6,-2.58,3.06,3.14
0.86088889837265,0.918283939361572,1.03309071063995,1.03674042224884,1.06729280948639,1.18538725376129,3.67E-01,6.10E-01,8.98E-01,9.21E-01,7.89E-01,-0.891254258708053,4.37199373753782,0,8051,539,385,545,360,422,304,459,272,468,245,465,301,0.369,0.395,9.24,-2.59,0.994,1.84
0.848776876926422,0.937616050243378,1.0441290140152,1.03106224536896,1.05322539806366,1.19792568683624,3.71E-01,6.02E-01,8.90E-01,8.94E-01,7.76E-01,0.044081219311519,1.52415996480439,0,8053,474,378,481,355,358,300,396,266,404,238,400,297,0.573,0.481,6.33,-2.58,2.2,4.27
0.848192453384399,0.906936228275299,1.04042685031891,1.02607572078705,1.06441712379456,1.14779102802277,3.74E-01,5.92E-01,8.88E-01,9.00E-01,7.73E-01,-1.92579924859568,7.75079858653053,0,8055,476,380,483,356,359,298,396,266,407,237,401,296,0.313,0.727,6.43,-2.59,4.43,1.34
0.864863216876984,0.936665117740631,1.04108393192291,1.02796018123627,1.05189645290375,1.17651987075806,3.75E-01,6.16E-01,8.83E-01,8.88E-01,7.57E-01,-0.297280454018729,2.23235140128274,0,8057,479,408,489,376,365,318,404,294,413,279,407,316,0.527,0.517,4.55,-2.7,2.7,0.641
0.858917117118835,0.874451756477356,1.03314971923828,1.01524198055267,1.03753805160522,1.11793804168701,3.82E-01,6.24E-01,8.91E-01,9.04E-01,7.98E-01,-1.45025642613801,5.60858909439687,0,8059,477,425,490,377,361,338,399,313,408,295,404,337,0.678,0.241,3.04,-2.62,2.09,1.65
0.846627056598663,0.937049210071564,1.02762520313263,1.01833248138428,1.0478857755661,1.13635754585266,3.76E-01,6.00E-01,8.93E-01,8.84E-01,7.57E-01,0.370308356689433,1.51556245432558,0,8061,474,380,488,336,357,305,395,273,406,245,398,303,0.388,0.477,2.29,-2.62,1.05,1.88
0.838754236698151,0.920312523841858,1.04198837280273,1.01193284988403,1.0600517988205,1.12784361839294,3.79E-01,6.11E-01,8.92E-01,8.97E-01,7.65E-01,-1.1153393884784,4.22094847227109,0,8064,479,379,485,359,365,298,401,267,409,239,405,295,0.718,0.17,1.44,-2.68,3.54,1.16
0.839500308036804,0.904827117919922,1.0487664937973,1.00725173950195,1.03943955898285,1.14490902423859,3.74E-01,6.05E-01,8.73E-01,8.80E-01,7.28E-01,1.47028470121923,5.28460028296655,0,8066,482,377,487,359,367,296,403,265,412,237,407,294,0.237,0.56,1.04,-2.63,2.99,0.709
0.835338532924652,0.895266890525818,1.03985500335693,1.00158929824829,1.05125403404236,1.10399627685547,3.74E-01,6.04E-01,8.75E-01,8.83E-01,7.66E-01,-1.25062830885302,5.19927971903638,0,8068,481,378,496,326,365,297,402,267,413,236,405,295,0.733,0.577,0.371,-2.6,3.84,2.5
0.836885631084442,0.866455256938934,1.02981042861938,1.00500500202179,1.04773712158203,1.12835693359375,3.75E-01,5.83E-01,8.66E-01,8.70E-01,7.30E-01,0.311376435733411,2.67203259564344,0,8070,465,358,482,310,349,287,390,254,400,225,392,282,0.53,0.238,1.49,-2.57,2.15,2.9
0.844452917575836,0.907568514347076,1.0485258102417,0.996042430400848,1.04707062244415,1.1100138425827,3.79E-01,6.11E-01,8.67E-01,8.85E-01,7.49E-01,-0.914270125422368,4.11934619817309,0,8072,477,371,484,346,364,287,401,255,409,228,405,283,0.44,0.0692,2.11,-2.48,3.22,2.87
0.843029260635376,0.9162318110466,1.05045413970947,1.00358390808105,1.04848074913025,1.12233257293701,3.82E-01,6.04E-01,8.49E-01,8.75E-01,7.49E-01,0.208270148699451,0.756964179272203,0,8074,481,368,486,350,366,285,403,256,411,228,404,284,0.653,0.183,0.857,-2.57,3.53,1.19
0.834364175796509,0.948128700256348,1.04572713375092,1.00219070911407,1.05229258537292,1.09425628185272,3.83E-01,6.05E-01,8.69E-01,8.87E-01,7.45E-01,-0.794292000360965,3.15153337968488,0,8076,481,371,489,342,367,285,402,255,411,227,407,285,0.397,0.188,2.05,-2.55,2.08,0.31
0.827027976512909,0.920225203037262,1.03337156772614,0.992129266262054,1.04710745811462,1.09716892242432,3.81E-01,6.05E-01,8.55E-01,8.73E-01,7.31E-01,0.295882957246847,1.50911276922675,0,8078,481,373,487,348,366,285,403,255,411,227,408,284,0.247,0.281,1.32,-2.61,1.59,0.526
0.822456121444702,0.895016312599182,1.04458951950073,0.988617599010468,1.04362559318542,1.08011877536774,3.82E-01,6.05E-01,8.54E-01,8.70E-01,7.50E-01,-0.931386536790898,4.55480651840795,0,8080,482,371,495,321,367,285,404,256,412,228,407,283,0.0263,0.0946,1.1,-2.63,1.84,1.42
0.819564640522003,0.906476020812988,1.04033076763153,0.983665347099304,1.02800405025482,1.09884691238403,3.78E-01,6.12E-01,8.47E-01,8.64E-01,6.99E-01,0.964417986443249,5.08580581799292,0,8083,482,369,488,349,368,284,405,255,412,227,407,283,0.2,0.141,0.863,-2.49,3.32,1.6
0.818778693675995,0.918435752391815,1.03910171985626,0.980094313621521,1.04472041130066,1.05984973907471,3.79E-01,6.06E-01,8.54E-01,8.61E-01,7.47E-01,-0.308941500155042,5.38618748103049,0,8085,481,372,488,348,368,284,404,255,413,227,408,280,0.743,0.323,1.47,-2.74,1.98,1.35
0.820695877075195,0.903398513793945,1.04214477539063,0.997001707553864,1.03512561321259,1.1074765920639,3.73E-01,6.01E-01,8.40E-01,8.67E-01,7.07E-01,-0.053303833662525,4.63045743591752,0,8087,482,372,489,346,368,283,406,254,413,225,407,282,0.679,0.299,0.867,-2.6,1.15,2.61
0.813997447490692,0.915403544902802,1.04447162151337,0.985357761383057,1.04263138771057,1.05739998817444,3.78E-01,6.05E-01,8.49E-01,8.62E-01,7.41E-01,-0.712293922154813,4.16714926570322,0,8089,482,372,490,345,368,282,405,255,413,227,408,281,0.303,0.682,0.745,-2.63,2.12,1
0.805564641952515,0.916004121303558,1.03660714626312,0.986796796321869,1.03467416763306,1.09593403339386,3.81E-01,5.99E-01,8.42E-01,8.61E-01,7.11E-01,0.840463219269392,3.91228944871232,0,8091,481,372,488,348,369,281,405,254,413,225,409,280,0.706,0.621,1.11,-2.82,2.72,1.52
0.810183584690094,0.911470055580139,1.04007017612457,0.977232158184052,1.02860927581787,1.04454565048218,3.74E-01,6.04E-01,8.49E-01,8.67E-01,7.51E-01,-1.15255172153788,4.82933427928258,0,8093,483,369,488,347,370,281,405,254,414,226,408,281,0.407,0.514,0.85,-2.57,3.14,6.17
0.821387946605682,0.919991314411163,1.04237866401672,0.966196119785309,1.03232979774475,1.11067652702332,3.79E-01,6.06E-01,8.38E-01,8.51E-01,7.10E-01,0.223208372375648,3.84903431553036,0,8095,480,375,489,349,366,287,403,260,413,232,408,289,3.36,1.66,0.903,-2.43,2.58,4.44
0.825126945972443,0.914888858795166,1.0362823009491,0.976132214069366,1.0313903093338,1.0439395904541,3.81E-01,6.07E-01,8.58E-01,8.62E-01,7.60E-01,-2.34619802099767,9.35534127546027,0,8097,484,372,490,351,372,286,409,258,418,229,411,284,2.31,2.62,0.636,-2.49,5.5,6.97
0.828117370605469,0.913030028343201,1.02969813346863,0.96748697757721,1.02977955341339,1.12022948265076,3.88E-01,6.05E-01,8.45E-01,8.69E-01,7.27E-01,-0.308980175526718,1.24761432155018,0,8099,485,372,489,356,372,286,410,257,417,229,413,285,0.218,3.19,1.07,-2.55,2.84,2.87
0.815430998802185,0.910115778446198,1.03887557983398,0.9693483710289,1.01522779464722,1.03700852394104,3.80E-01,6.03E-01,8.55E-01,8.67E-01,7.59E-01,-0.887010088752925,3.29347311150579,0,8102,485,375,491,352,372,285,408,257,418,230,413,281,0.54,2.4,3.02,-2.56,2.71,2.81
0.823228001594543,0.907855272293091,1.03449666500092,0.95906013250351,1.02279889583588,1.06185376644135,3.80E-01,6.09E-01,8.39E-01,8.59E-01,7.36E-01,1.87002604954216,6.43563432131475,0,8104,486,372,492,351,373,284,410,256,418,228,413,281,0.493,1.3,5,-2.48,2.96,1.48
0.81893914937973,0.900253593921661,1.03688645362854,0.967892587184906,1.01781761646271,1.03878855705261,3.83E-01,6.08E-01,8.49E-01,8.63E-01,7.61E-01,-1.38558542408597,6.49763375502353,0,8106,485,374,492,351,372,285,408,257,417,230,411,284,0.413,0.118,6.77,-2.63,3.64,0.141
0.822161436080933,0.901716351509094,1.03624641895294,0.965557157993317,1.02021431922913,1.06295561790466,3.80E-01,6.07E-01,8.46E-01,8.53E-01,7.33E-01,0.837495146324073,2.80728192596784,0,8108,485,375,491,355,373,286,411,257,417,230,413,284,0.283,1.11,9.15,-2.39,2.8,1.25
0.826640903949738,0.923460304737091,1.02104461193085,0.968340039253235,1.02361154556274,1.04125273227692,3.82E-01,6.13E-01,8.49E-01,8.61E-01,7.67E-01,-0.625526392431384,2.26138885503749,0,8110,485,375,493,349,372,285,410,258,418,229,413,284,0.831,1.18,10.8,-2.63,3.14,2.91
0.821429252624512,0.909491658210754,1.03574728965759,0.959612488746643,1.01636004447937,1.0750892162323,3.81E-01,6.00E-01,8.49E-01,8.57E-01,7.07E-01,0.360951126153933,1.58341320946592,0,8112,484,374,491,351,371,285,408,259,416,231,411,284,0.432,0.476,13.3,-2.54,1.87,1.14
0.821813762187958,0.889607787132263,1.01971912384033,0.96124655008316,1.01614475250244,1.03418612480164,3.79E-01,6.14E-01,8.48E-01,8.59E-01,7.50E-01,-1.77548611002046,7.72498826234539,0,8114,485,373,492,352,371,286,409,258,417,229,411,283,0.997,0.805,14,-2.59,3.1,2.59
0.822033226490021,0.916700065135956,1.03162384033203,0.951050698757172,1.02219069004059,1.05439484119415,3.83E-01,6.09E-01,8.51E-01,8.54E-01,7.17E-01,0.332105418965307,2.1554571472462,0,8116,485,373,492,352,373,285,411,258,418,229,412,282,0.278,0.525,14.6,-2.57,2.43,3.31
0.819239854812622,0.90423995256424,1.03157210350037,0.964317500591278,1.00646686553955,1.02810728549957,3.84E-01,6.08E-01,8.60E-01,8.59E-01,7.54E-01,-1.60449787489069,5.48956989435032,0,8118,484,376,490,355,372,287,409,259,416,231,410,284,0.964,0.256,14.6,-2.43,4.72,3.62
0.819571077823639,0.904516696929932,1.03893649578094,0.96059650182724,1.00857198238373,1.0725622177124,3.80E-01,6.03E-01,8.44E-01,8.59E-01,7.26E-01,0.693078024093647,2.39346889510377,0,8120,486,373,492,353,372,286,410,258,417,230,413,284,0.107,0.424,14.2,-2.71,3.65,3.39
0.816847801208496,0.915190160274506,1.03629922866821,0.95565003156662,1.02313780784607,1.01878905296326,3.73E-01,6.08E-01,8.57E-01,8.56E-01,7.57E-01,-0.68091444925462,2.88660186888762,0,8123,485,377,493,350,373,287,410,259,417,231,412,286,0.795,0.327,11.7,-2.68,2.57,3.68
0.823038637638092,0.912541925907135,1.02641475200653,0.95524936914444,1.01734280586243,1.04159784317017,3.81E-01,6.04E-01,8.59E-01,8.51E-01,7.11E-01,0.645475627172074,2.55530540241754,0,8125,483,376,486,356,369,292,406,262,412,234,410,288,1.19,0.701,9.6,-2.59,2.26,4.11
0.827879190444946,0.903204619884491,1.03879117965698,0.960088789463043,1.0172016620636,1.02803659439087,3.80E-01,6.07E-01,8.64E-01,8.58E-01,7.45E-01,-0.27028532423409,1.40387636710467,0,8127,465,378,471,355,350,295,388,265,396,237,388,291,0.607,0.131,7.63,-2.58,1.46,1.81
0.821998655796051,0.926945269107819,1.02943086624146,0.961724519729614,1.01682782173157,1.05084717273712,3.68E-01,6.01E-01,8.58E-01,8.52E-01,7.41E-01,0.986215552891983,4.27773644765587,0,8129,466,381,473,358,350,296,390,266,399,237,392,293,1.08,0.538,6.57,-2.45,3.16,0.946
0.819869220256805,0.903971970081329,1.03986978530884,0.965878486633301,1.0155143737793,1.03090870380402,3.86E-01,6.09E-01,8.53E-01,8.62E-01,7.36E-01,-1.10022108674962,4.84317845386385,0,8131,472,381,478,359,358,297,396,268,403,239,398,294,0.514,0.414,5.12,-2.53,4.28,2.12
0.820568978786469,0.900948643684387,1.02235043048859,0.968768656253815,1.01211071014404,1.05494463443756,3.81E-01,6.05E-01,8.52E-01,8.45E-01,7.30E-01,2.03010384556092,8.40536352010204,0,8133,470,379,476,355,356,298,394,269,399,239,398,296,0.939,2.09,2.97,-3.11,6.04,0.767
0.846704483032227,0.902427971363068,1.02667474746704,0.952754437923431,1.01174771785736,1.03236675262451,3.78E-01,6.11E-01,8.55E-01,8.50E-01,7.34E-01,-1.14436545325759,5.36584585417799,0,8135,476,378,482,356,362,292,399,262,406,234,402,291,0.805,0.433,3.64,-3.11,4.9,1.19
0.833632826805115,0.908834040164948,1.04626822471619,0.951188981533051,1.01590919494629,1.06107354164124,3.78E-01,6.11E-01,8.56E-01,8.66E-01,7.47E-01,0.866068005650164,3.49535578393713,0,8137,480,374,486,353,366,290,403,260,410,231,406,287,0.163,2.05,2.36,-3.59,3.2,4.83
0.830543458461762,0.919783771038055,1.03840351104736,0.952160894870758,1.00555515289307,1.02544522285461,3.81E-01,6.11E-01,8.54E-01,8.61E-01,7.37E-01,-1.65469199675469,6.23051988236532,0,8139,479,377,487,352,366,290,402,260,409,231,406,285,0.688,1.14,2.31,-3.47,4.5,2.98
0.838164627552033,0.910730719566345,1.04055166244507,0.960379421710968,1.00589835643768,1.0464198589325,3.82E-01,6.10E-01,8.47E-01,8.46E-01,7.01E-01,1.03569786607697,3.44906878462588,0,8142,479,374,487,348,366,286,403,257,412,227,406,284,1.2,2.06,2.99,-3.35,2.92,14.2
0.833839237689972,0.91217315196991,1.04094874858856,0.949823319911957,0.999752044677734,1.01030564308167,3.75E-01,6.08E-01,8.51E-01,8.58E-01,7.30E-01,-0.058453021728388,1.84453898053367,0,8144,481,374,496,320,368,283,405,255,413,227,408,282,2.75,1.24,4.22,-3.6,1.1,3.47
0.835141241550446,0.923198580741882,1.03510296344757,0.958700776100159,1.01381802558899,1.05145061016083,3.80E-01,6.11E-01,8.42E-01,8.51E-01,7.12E-01,1.02604608617033,5.35485946183535,0,8146,483,369,488,348,369,281,405,254,414,225,410,280,4.18,3.67,6.17,-3.18,0.523,17.6
0.833751499652863,0.902038812637329,1.04866588115692,0.960825085639954,1.01199901103973,1.00248873233795,3.74E-01,6.06E-01,8.51E-01,8.69E-01,7.25E-01,0.890821571132357,3.5730885230824,1,8148,482,371,497,316,371,281,406,253,416,225,410,282,0.851,2.96,8.55,-3.11,6.3,7.23
0.827190101146698,0.906880378723145,1.03741073608398,0.956742107868195,1.00959968566895,1.05776679515839,3.74E-01,6.05E-01,8.37E-01,8.58E-01,7.10E-01,1.57062469852386,7.90250562799597,1,8150,481,369,486,349,368,284,406,254,413,226,408,282,1.38,2.75,9.26,-3.04,8.21,4.74
0.837927460670471,0.936656296253204,1.03170895576477,0.953155934810638,1.01654398441315,1.03448748588562,3.74E-01,6.10E-01,8.52E-01,8.60E-01,7.35E-01,-1.50128818414181,5.44854963207351,1,8152,480,373,487,348,368,282,405,255,414,225,407,280,2.27,1.64,12.7,-2.97,4.23,5.97
0.836902439594269,0.915341138839722,1.03626453876495,0.944850623607636,1.02190721035004,1.0483146905899,3.75E-01,6.08E-01,8.43E-01,8.48E-01,7.31E-01,1.59323958008683,5.40288406408309,1,8154,479,373,484,348,368,283,405,255,411,227,408,283,1.7,3.32,14.1,-2.9,3.74,0.661
0.831702053546906,0.901882231235504,1.0244163274765,0.956877708435059,1.00480365753174,1.04680454730988,3.72E-01,6.05E-01,8.39E-01,8.45E-01,7.50E-01,-3.03380259707916,9.20462735888862,1,8156,473,364,489,315,367,281,405,253,411,226,409,281,1.49,3.36,14.6,-2.83,3.4,7.72
0.825762808322907,0.912283599376678,1.02420687675476,0.95404839515686,1.01476383209229,1.09184062480927,3.74E-01,5.96E-01,8.56E-01,8.56E-01,7.22E-01,1.65825288218141,6.31595625902117,1,8158,482,373,489,351,373,284,411,256,418,229,412,281,0.713,3.05,16.9,-2.76,8.32,0.196
0.843922078609467,0.915103018283844,1.03312635421753,0.95491623878479,1.01643180847168,1.07671988010407,3.74E-01,5.92E-01,8.57E-01,8.52E-01,7.55E-01,-0.597598678442749,1.80383572472858,1,8161,474,376,487,327,366,287,402,260,409,234,407,286,2.07,1.92,15.4,-2.69,2.81,1.66
0.883660912513733,0.924207031726837,1.0436087846756,0.951391458511353,1.00811076164246,1.11307096481323,3.70E-01,6.06E-01,8.65E-01,8.61E-01,7.72E-01,2.45432079801252,6.72299039632181,1,8163,483,389,491,370,374,293,414,267,421,245,414,292,1.41,1.72,14.4,-2.63,2.45,6.14
0.879197239875793,0.907842457294464,1.03403651714325,0.966153860092163,0.998834609985352,1.09977543354034,3.69E-01,6.01E-01,8.74E-01,8.59E-01,7.51E-01,2.102419286893,6.24556100760983,1,8165,489,406,494,386,383,314,422,290,431,264,425,316,1.87,3.69,10.6,-2.56,4.56,8.45
0.874397754669189,0.909314751625061,1.02072381973267,0.947730481624603,1.01037502288818,1.14742028713226,3.70E-01,5.78E-01,8.73E-01,8.66E-01,6.77E-01,2.25957548736083,7.38493778009989,1,8167,468,387,476,370,355,308,395,281,407,253,396,307,2.42,1.38,8.39,-2.49,6.18,4.15
0.884217798709869,0.939517140388489,1.0384384393692,0.958475291728973,1.00224328041077,1.16106867790222,3.82E-01,5.90E-01,8.73E-01,8.72E-01,7.65E-01,-3.05323042224896,11.4502626900234,1,8169,476,392,482,369,364,309,400,278,406,249,404,303,1.44,1.08,7.57,-2.42,7.18,4.97
0.893177449703217,0.909285306930542,1.02823793888092,0.967516660690308,1.00538325309753,1.20615315437317,3.65E-01,5.98E-01,8.86E-01,8.71E-01,7.51E-01,-0.128436148900664,4.67280218862592,1,8171,469,480,473,451,357,387,397,369,399,358,400,385,2.26,0.904,9.92,-2.35,1.43,5
0.891596436500549,0.921568632125855,1.03280520439148,0.967732548713684,1.00970995426178,1.14505851268768,3.74E-01,5.93E-01,8.79E-01,8.70E-01,7.99E-01,-1.61413243652353,6.45288600905209,1,8173,473,498,463,480,356,433,392,409,389,396,399,428,1.41,2.04,11.7,-2.28,6.13,0.614
0.882171034812927,0.986242115497589,1.01945638656616,0.958837509155273,1.00273871421814,1.18185615539551,3.53E-01,5.81E-01,8.73E-01,8.67E-01,7.71E-01,-1.14740441403529,4.18760036362666,1,8175,475,446,479,426,352,362,395,341,403,340,399,361,0.962,1.57,15,-2.21,2.43,4.21
0.879580020904541,0.923788964748383,1.02090585231781,0.97089809179306,1.00684475898743,1.2044312953949,3.84E-01,6.22E-01,8.83E-01,8.66E-01,7.55E-01,-1.11793338739898,6.5000263157466,1,8177,484,483,486,441,356,424,394,392,401,368,400,418,0.828,1.45,20.2,-2.14,5.08,3.08
0,0,0,0,0,0,0.00E+00,0.00E+00,0.00E+00,0.00E+00,0.00E+00,-1.10000756901684,3.5597004595016,1,8180,0,0,0,0,0,0,0,0,0,0,0,0,2.98,1.65,21.8,-2.07,6.78,13.6
0.898268043994904,0.935683965682983,1.03619992733002,0.967600822448731,0.994907975196838,1.2645138502121,4.02E-01,6.44E-01,8.89E-01,8.81E-01,7.53E-01,0.485581441698874,4.66516324024211,1,8182,402,738,399,702,264,675,305,645,318,612,307,671,4,3.23,17.9,-2.05,2.92,2.84
0.872728168964386,0.897631108760834,1.01721942424774,0.958108842372894,0.9849534034729,1.34522020816803,3.87E-01,6.32E-01,8.75E-01,8.59E-01,7.77E-01,-0.672462957392568,5.62787570927153,1,8184,479,496,475,449,330,482,365,442,376,391,368,469,4.72,4.82,15,-2.16,1.77,18.6
0.850722253322601,0.870988845825195,1.01779174804688,0.948104023933411,0.993468344211578,1.35493743419647,3.84E-01,5.85E-01,8.70E-01,8.16E-01,7.31E-01,0.386953644041028,1.59186488296263,1,8186,497,328,498,341,372,354,400,308,403,287,411,335,0.914,4.3,15.3,-2.54,1.99,3.95
0.853905975818634,0,1.04142689704895,1.0113537311554,1.03009843826294,1.42336428165436,3.71E-01,5.02E-01,8.50E-01,8.37E-01,7.61E-01,1.44683102776539,6.00996677085602,1,8188,512,457,0,0,374,449,413,410,437,350,410,437,0.702,4.96,11.6,-2.74,2.52,4.37
0.860043585300446,0.922240793704987,1.03218829631805,0.931659460067749,0.997605919837952,1.43319809436798,3.87E-01,5.15E-01,8.43E-01,8.15E-01,7.28E-01,1.68928034431848,9.20060914292969,1,8190,446,286,439,299,322,305,353,257,363,225,362,287,1.39,2.83,12.2,-3.12,2.84,16.9
0.858148992061615,0.922470152378082,1.02314841747284,0.970336675643921,1.01635611057282,1.55383729934692,3.75E-01,6.13E-01,8.63E-01,8.50E-01,7.45E-01,-0.652145985649926,14.4824308899174,1,8192,534,348,536,324,400,319,434,277,445,248,439,302,6.33,3.8,16.6,-3.5,14.5,2.32
0.89323502779007,0.934479951858521,1.03069972991943,0.976075232028961,0.987963795661926,1.38320207595825,3.61E-01,6.19E-01,8.61E-01,9.29E-01,7.13E-01,-6.30736372960364,14.2242396970864,1,8194,568,399,555,378,441,376,470,341,472,314,479,363,7.74,6.48,21.5,-3.34,4.47,23.7
0.834418773651123,0.867688000202179,1.05193960666657,1.04058468341827,1.03132462501526,1.39614284038544,3.58E-01,5.04E-01,8.07E-01,8.48E-01,6.38E-01,11.9233450842471,16.6359649108012,1,8196,503,337,507,384,393,421,427,385,449,316,427,407,2.65,4.85,26.7,-3.18,4.21,5.24
0.85929274559021,0.901837766170502,1.0269603729248,0.963328123092651,0.975365281105042,1.54603624343872,3.87E-01,5.16E-01,8.50E-01,8.78E-01,7.30E-01,16.1863828175406,32.2083281316017,1,8198,415,195,412,200,299,218,330,167,338,171,340,187,4.67,8.63,30.4,-3.02,16.1,13.2
0,0,0,0,0,0,0.00E+00,0.00E+00,0.00E+00,0.00E+00,0.00E+00,-11.7702367189655,21.1423712105957,1,8201,0,0,0,0,0,0,0,0,0,0,0,0,7.85,11,35.5,-2.87,5.03,23.6
0.896273672580719,0.898255825042725,1.00961112976074,0.966437458992004,0.986228704452515,1.47928190231323,3.85E-01,5.78E-01,9.11E-01,8.75E-01,7.49E-01,-11.88631163082,23.160553597092,1,8203,572,327,578,308,486,246,531,216,532,204,528,243,7.65,14.1,42.5,-2.71,12.9,19.2
0.850364625453949,0,1.05348575115204,1.17724502086639,0.983388125896454,1.49626004695892,3.71E-01,5.55E-01,9.00E-01,0.00E+00,7.61E-01,3.89557666990193,7.7507004366224,1,8205,550,392,0,0,429,368,469,329,470,367,474,352,13.6,24.8,52.7,-2.55,12.3,31.4
0.832331895828247,0.909582674503326,1.03425467014313,0.962567806243897,0.985192477703095,1.57012057304382,3.86E-01,4.94E-01,8.54E-01,8.33E-01,6.90E-01,1.56885425687909,6.82406666591747,0,8207,512,520,515,489,388,503,420,454,442,421,423,488,5.54,20.6,64.1,-2.39,11.7,10.4
0.844587445259094,0.930402934551239,1.05117964744568,1.02240991592407,1.00278127193451,1.6632936000824,3.56E-01,5.15E-01,8.11E-01,8.62E-01,7.27E-01,-0.295634343367715,3.21866206398313,0,8209,526,553,523,566,407,568,447,533,462,508,440,556,6.11,19.4,77.9,-2.23,5.51,15.8
0.880226135253906,0.937010705471039,1.04841542243958,0.965717077255249,0.995736062526703,1.70024287700653,3.98E-01,6.27E-01,8.65E-01,8.50E-01,8.26E-01,28.1219809450185,35.6208417907484,0,8211,566,582,564,556,445,580,478,540,487,500,483,564,3.89,10.8,93.7,-2.07,10.4,16
0.67369943857193,0.937234044075012,0.646017670631409,0.815435647964478,1.27586209774017,0.994823455810547,8.95E-01,8.93E-01,9.01E-01,0.00E+00,9.00E-01,53.7751678609589,60.0507056089724,0,8213,0,0,0,0,0,0,0,0,0,0,0,0,17.4,7.87,112,-1.92,30.2,34
0.882018804550171,0,1.00740230083466,0.978742301464081,0.975239217281342,1.53918504714966,4.24E-01,5.83E-01,9.32E-01,8.92E-01,7.69E-01,-8.04959475789815,40.490886363077,0,8215,406,416,0,0,312,360,354,323,310,345,353,347,5.5,7.5,127,-0.18,15.1,21.4
0.887490570545197,0.931034505367279,1.0424941778183,1.16596102714539,1.01099812984467,1.41743552684784,3.71E-01,5.92E-01,8.86E-01,8.86E-01,7.54E-01,0.00187398208546,18.7669552934953,0,8217,556,404,586,402,480,278,533,272,544,285,522,282,6.9,16.3,140,1.8,15,12.9
0.891815364360809,0.947267472743988,1.06630516052246,0.975999355316162,1.00665652751923,1.40520405769348,4.13E-01,6.43E-01,0.00E+00,9.76E-01,8.04E-01,-19.846131405166,33.8686695912774,0,8220,584,561,520,556,489,513,540,511,549,457,526,533,12.7,17,153,2.88,25,36.7
0.912900567054749,0.861111104488373,1.0365138053894,1.10096597671509,1.18867921829224,1.31763625144959,4.49E-01,6.81E-01,9.13E-01,9.26E-01,8.66E-01,-25.7697816578218,85.0979459418895,0,8222,367,784,430,797,410,606,448,633,452,680,434,641,18.2,6.64,156,-0.644,51.7,40.7
0,0,0,0,0,0,0.00E+00,0.00E+00,0.00E+00,0.00E+00,0.00E+00,2.94932767411198,15.6784387954592,0,8224,0,0,0,0,0,0,0,0,0,0,0,0,24.5,6.56,152,-1.94,8.45,32.2
0,0,0,0,0,0,0.00E+00,0.00E+00,0.00E+00,0.00E+00,0.00E+00,10.8754839690966,41.535361384099,0,8226,0,0,0,0,0,0,0,0,0,0,0,0,14.4,19.2,140,-1.99,6.26,26.4
0,0,0,0,0,0,0.00E+00,0.00E+00,0.00E+00,0.00E+00,0.00E+00,2.15394093228339,14.8023495641193,0,8228,0,0,0,0,0,0,0,0,0,0,0,0,7.93,27,128,-1.38,12.6,26.9
0,0,0,0,0,0,0.00E+00,0.00E+00,0.00E+00,0.00E+00,0.00E+00,1.25862455435365,12.7294350528996,0,8230,0,0,0,0,0,0,0,0,0,0,0,0,4.62,20.3,112,-2.01,12.6,10.7
0,0,0,0,0,0,0.00E+00,0.00E+00,0.00E+00,0.00E+00,0.00E+00,-6.7030414911028,30.0131474413122,0,8232,0,0,0,0,0,0,0,0,0,0,0,0,9.08,9.54,95.4,-1.69,10.3,16.9
0,0,0,0,0,0,0.00E+00,0.00E+00,0.00E+00,0.00E+00,0.00E+00,4.39848723785709,41.1372095521644,0,8234,0,0,0,0,0,0,0,0,0,0,0,0,13.6,7.19,79.8,0.77,10.9,45.8
0,0.879432618618012,0,0,0.986283481121063,0,0.00E+00,0.00E+00,0.00E+00,0.00E+00,0.00E+00,7.24369284567951,17.8033297839287,0,8236,0,0,0,0,0,0,0,0,0,0,0,0,21.2,22.9,67.4,0.135,15.4,13.8
0,0,0,0,0,0,0.00E+00,0.00E+00,0.00E+00,0.00E+00,0.00E+00,-0.248661410054174,4.52738008559544,0,8239,0,0,0,0,0,0,0,0,0,0,0,0,6.53,30.2,54,-2.74,10.1,43.5
0,0,0,0,0,0,0.00E+00,0.00E+00,0.00E+00,0.00E+00,0.00E+00,29.4380317554501,30.5263909703362,0,8241,0,0,0,0,0,0,0,0,0,0,0,0,11.2,30.7,31.7,-2.7,16.4,9.18
0,0,0,0,0,0,0.00E+00,0.00E+00,0.00E+00,0.00E+00,0.00E+00,-11.3782952572884,38.9322919787137,0,8243,0,0,0,0,0,0,0,0,0,0,0,0,14.2,21.5,18.1,-2.65,31.2,40.4
0,0,0,0,0,0,0.00E+00,0.00E+00,0.00E+00,0.00E+00,0.00E+00,2.37772110647412,15.4926803079587,0,8245,0,0,0,0,0,0,0,0,0,0,0,0,2.41,22,13.7,-2.61,4.06,38
0,0,0,0,0,0,0.00E+00,0.00E+00,0.00E+00,0.00E+00,0.00E+00,-18.5767003370939,18.6917009250383,0,8247,0,0,0,0,0,0,0,0,0,0,0,0,17.6,16.2,33.6,-2.57,0.476,36
0,0,0,0,0,0,0.00E+00,0.00E+00,0.00E+00,0.00E+00,0.00E+00,-17.4842783790452,18.2944446667772,0,8249,0,0,0,0,0,0,0,0,0,0,0,0,10.7,11.5,59.6,-2.53,6.65,41.2
0,0,0,0,0,0,0.00E+00,0.00E+00,0.00E+00,0.00E+00,0.00E+00,-8.86790983610072,9.99294102550972,0,8251,0,0,0,0,0,0,0,0,0,0,0,0,14.1,19,78.4,-2.49,17.2,6.79
0,0,0,0,0,0,0.00E+00,0.00E+00,0.00E+00,0.00E+00,0.00E+00,38.3509643527633,38.7825018135333,0,8253,0,0,0,0,0,0,0,0,0,0,0,0,10.8,20.4,110,-2.45,15.5,43.1
0,0,0,0,0,0,0.00E+00,0.00E+00,0.00E+00,0.00E+00,0.00E+00,10.5470731829793,13.2355686421844,0,8255,0,0,0,0,0,0,0,0,0,0,0,0,9.45,16.6,127,-0.904,5.72,7.83
0,0,0,0,0,0,0.00E+00,0.00E+00,0.00E+00,0.00E+00,0.00E+00,-2.2282215361061,6.55615158708385,0,8258,0,0,0,0,0,0,0,0,0,0,0,0,6.88,5.39,143,0.27,11.5,6.75
0,0,0,0,0,0,0.00E+00,0.00E+00,0.00E+00,0.00E+00,0.00E+00,-0.321075389882721,3.81171747923811,0,8260,0,0,0,0,0,0,0,0,0,0,0,0,9.92,13.3,134,-0.793,6.11,10.6
0,0,0,0,0,0,0.00E+00,0.00E+00,0.00E+00,0.00E+00,0.00E+00,-2.22690893697309,14.1385463477279,0,8262,0,0,0,0,0,0,0,0,0,0,0,0,5.38,18.4,131,-1.93,4.26,11.6
0,0,0,0,0,0,0.00E+00,0.00E+00,0.00E+00,0.00E+00,0.00E+00,0.421623959639731,1.42929110065601,0,8264,0,0,0,0,0,0,0,0,0,0,0,0,0.225,15.7,110,-0.402,0.648,6.03
0,0,0,0,0,0,0.00E+00,0.00E+00,0.00E+00,0.00E+00,0.00E+00,1.40712777045756,8.52395472756274,0,8266,0,0,0,0,0,0,0,0,0,0,0,0,1.75,10.4,82.9,-1.47,2.48,7.96
0,0,0,0,0,0,0.00E+00,0.00E+00,0.00E+00,0.00E+00,0.00E+00,2.68812828029569,16.2806055085798,0,8268,0,0,0,0,0,0,0,0,0,0,0,0,4.52,7.21,70.5,-2.78,7.82,11
0,0,0,0,0,0,0.00E+00,0.00E+00,0.00E+00,0.00E+00,0.00E+00,0.8237339630395,8.31096129624439,0,8270,0,0,0,0,0,0,0,0,0,0,0,0,5.44,2.66,56,0.729,4.9,25.7
0,0,0,0,0,0,0.00E+00,0.00E+00,0.00E+00,0.00E+00,0.00E+00,1.84490842795134,22.1017788455281,0,8272,0,0,0,0,0,0,0,0,0,0,0,0,5.93,6.56,48.5,-1.41,8.95,6.19
0,0,0,0,0,0,0.00E+00,0.00E+00,0.00E+00,0.00E+00,0.00E+00,3.47631845665284,13.6051985830119,0,8274,0,0,0,0,0,0,0,0,0,0,0,0,8.37,8.71,53.2,-0.615,2.24,38.1
0,0,0,0,0,0,0.00E+00,0.00E+00,0.00E+00,0.00E+00,0.00E+00,-0.287236015988222,13.8892812740722,0,8276,0,0,0,0,0,0,0,0,0,0,0,0,3.32,5.09,56.8,-1.36,7.32,10.7
0.811142444610596,0.959278345108032,1.01357471942902,1.04902625083923,0.864452719688416,0.897367596626282,5.86E-01,3.83E-01,8.35E-01,6.50E-01,0.00E+00,31.957985139654,57.145604264562,0,8279,0,0,0,0,0,0,0,0,0,0,0,0,7.37,7.37,69,-0.515,28.2,47.4
0.96424525976181,0,1.00799119472504,1.06091463565826,1.05446422100067,1.08515930175781,4.95E-01,6.36E-01,9.31E-01,8.74E-01,8.13E-01,5.62617679710214,14.5455650518273,0,8281,403,635,0,0,556,561,561,611,546,643,530,599,8.3,9.35,82.7,-2.43,6.94,4.42
0,0,0,0,0,0,0.00E+00,0.00E+00,0.00E+00,0.00E+00,0.00E+00,3.76762117173165,17.0841891680715,0,8283,0,0,0,0,0,0,0,0,0,0,0,0,17,9.87,99.7,-1.46,12.9,66.2
0,0,0,0,0,0,0.00E+00,0.00E+00,0.00E+00,0.00E+00,0.00E+00,-1.62313873911105,2.3502579399625,0,8285,0,0,0,0,0,0,0,0,0,0,0,0,7.2,4.82,101,-0.855,6.39,16.7
0,0,0,0,0,0,0.00E+00,0.00E+00,0.00E+00,0.00E+00,0.00E+00,29.0049989989378,36.9110390855507,0,8287,0,0,0,0,0,0,0,0,0,0,0,0,10.1,8.32,101,-2.01,28,32.9
0,0.886792480945587,0.942857146263123,0,0.954657852649689,0.962732911109924,0.00E+00,0.00E+00,1.02E+00,0.00E+00,1.05E+00,0.460405031374005,6.40986869173609,0,8289,0,0,0,0,0,0,0,0,0,0,0,0,5.12,4.98,111,-1.46,3.2,14.3
0,0.926940619945526,0,0,0.927561819553375,0,0.00E+00,0.00E+00,8.22E-01,0.00E+00,0.00E+00,-6.60590637767622,9.06152788030123,0,8291,0,0,0,0,0,0,0,0,0,0,0,0,7.36,5.39,95.9,-2.16,7.52,28.7
0,0,0,0,0,0,0.00E+00,0.00E+00,0.00E+00,0.00E+00,0.00E+00,-3.81553874908036,7.80948216081101,0,8293,0,0,0,0,0,0,0,0,0,0,0,0,1.9,4.86,87.7,0.794,8.19,92.4
0.84243106842041,0.867775142192841,1.02381694316864,1.08740031719208,1.08413529396057,1.03051292896271,4.04E-01,5.94E-01,8.29E-01,8.67E-01,8.21E-01,-9.47625180722296,18.1666592596289,0,8295,504,296,492,263,402,230,439,200,434,137,439,229,21.1,9.58,82.4,-1.51,34.8,63.1
0.881031811237335,0.878048777580261,1.05397057533264,1.11526250839233,1.06584358215332,1.116215467453,3.82E-01,4.93E-01,8.71E-01,8.48E-01,7.90E-01,2.51920831782839,25.9771904223191,0,8298,627,326,633,313,525,226,567,224,587,225,566,236,11.3,26.5,73.2,0.724,30,24.3
0,0,0,0,0,0,0.00E+00,0.00E+00,0.00E+00,0.00E+00,0.00E+00,4.32160916200006,17.2773977552326,0,8300,0,0,0,0,0,0,0,0,0,0,0,0,8.11,35.9,62.5,2.9,14.3,32.4
0,0,0,0,0.851999998092651,0.951515138149262,0.00E+00,0.00E+00,0.00E+00,0.00E+00,9.35E-01,5.87250655354977,6.34833202254626,0,8302,0,0,0,0,0,0,0,0,0,0,0,0,8.67,24.4,75.1,-0.816,24,11.5
0,0,0,0,0,0,0.00E+00,0.00E+00,0.00E+00,0.00E+00,0.00E+00,-10.1369355017527,59.7551484604815,0,8304,0,0,0,0,0,0,0,0,0,0,0,0,22.7,16.5,85.4,0.723,81.9,43.3
0.9060919880867,0.920701742172241,1.03554821014404,1.1981543302536,1.09129548072815,1.06137728691101,4.36E-01,6.71E-01,8.58E-01,8.65E-01,8.68E-01,-7.98553016781683,32.4293453575202,0,8306,607,406,586,392,459,450,477,401,508,312,481,427,33.8,4.74,116,4.1,19.3,3.9
0,0,0,0,0,0,0.00E+00,0.00E+00,0.00E+00,0.00E+00,0.00E+00,0.772954746334952,13.1964830422176,0,8308,0,0,0,0,0,0,0,0,0,0,0,0,8.41,35.7,141,3.02,18.8,35
0,0,0,0,0,0,0.00E+00,0.00E+00,0.00E+00,0.00E+00,0.00E+00,2.20227424363363,39.3173641192956,0,8310,0,0,0,0,0,0,0,0,0,0,0,0,10.1,35.7,149,3.42,36.6,27.4
0,0,0,0,0,0,0.00E+00,0.00E+00,0.00E+00,0.00E+00,0.00E+00,-6.67347006799445,28.9452448339533,0,8312,0,0,0,0,0,0,0,0,0,0,0,0,20,18.5,168,3.81,19.2,27.2
0,0,0,0,0,0,0.00E+00,0.00E+00,0.00E+00,0.00E+00,0.00E+00,-31.5993294444527,98.9387972052127,0,8314,0,0,0,0,0,0,0,0,0,0,0,0,13.5,24,165,4.2,6.98,35.7
0.87135261297226,0.922448992729187,1.03443026542664,1.14913475513458,1.05373632907867,1.07434403896332,4.53E-01,6.83E-01,8.82E-01,9.19E-01,7.75E-01,9.26311154061985,40.1324462472243,0,8317,121,239,138,253,230,318,192,345,198,374,184,325,10.6,33,157,4.6,34.4,23.9
0,0,0,0,0,0,0.00E+00,0.00E+00,0.00E+00,0.00E+00,0.00E+00,24.1384952359303,71.0573948781738,0,8319,0,0,0,0,0,0,0,0,0,0,0,0,18.7,26.9,136,4.99,34.6,7.1
0,0,0,0,0,0,0.00E+00,0.00E+00,0.00E+00,0.00E+00,0.00E+00,49.0464270687728,112.806633728868,0,8321,0,0,0,0,0,0,0,0,0,0,0,0,15.6,25.2,142,5.39,31,17.2
0.965958476066589,0.914809942245483,1.03486251831055,1.12469148635864,1.05033004283905,1.07104742527008,5.03E-01,6.42E-01,7.85E-01,7.51E-01,8.95E-01,-1.21917606892359,17.3535172594937,0,8323,126,381,132,424,260,493,201,506,124,519,219,488,10.8,31.4,138,5.28,6,20.4
0,0,0,0,0,0,0.00E+00,0.00E+00,0.00E+00,0.00E+00,0.00E+00,1.40021904813368,40.6136961602219,0,8325,0,0,0,0,0,0,0,0,0,0,0,0,9.11,19.2,145,5.18,12.8,19
0,0,0,0,0,0,0.00E+00,0.00E+00,0.00E+00,0.00E+00,0.00E+00,0.627896552123025,18.1699642786256,1,8327,0,0,0,0,0,0,0,0,0,0,0,0,8.72,13.6,162,5.07,7.08,16.3
0,0,0,0,0,0,0.00E+00,0.00E+00,0.00E+00,0.00E+00,0.00E+00,-10.9649494071516,52.7694991702382,1,8329,0,0,0,0,0,0,0,0,0,0,0,0,9.53,9.01,175,4.97,33.8,67.3
0,0,0,0,0,0,0.00E+00,0.00E+00,0.00E+00,0.00E+00,0.00E+00,2.24905626343321,35.6947874557391,1,8331,0,0,0,0,0,0,0,0,0,0,0,0,8.25,5.27,182,4.86,21.3,10.1
0,0,0,0,0,0,0.00E+00,0.00E+00,0.00E+00,0.00E+00,0.00E+00,2.5574606008577,13.7093295902457,1,8333,0,0,0,0,0,0,0,0,0,0,0,0,10.1,9.61,185,4.76,10.4,46.9
0,0,0,0,0,0,0.00E+00,0.00E+00,0.00E+00,0.00E+00,0.00E+00,-0.063738761727427,7.66560950537696,1,8336,0,0,0,0,0,0,0,0,0,0,0,0,3.14,8.35,197,4.66,5.36,18.4
0,0,0,0,0,0,0.00E+00,0.00E+00,0.00E+00,0.00E+00,0.00E+00,0.255752148661792,10.2779686739147,1,8338,0,0,0,0,0,0,0,0,0,0,0,0,5.75,7.13,197,4.55,5.48,27.6
0,0,0,0,0,0,0.00E+00,0.00E+00,0.00E+00,0.00E+00,0.00E+00,-6.99879581496229,49.7505122791804,1,8340,0,0,0,0,0,0,0,0,0,0,0,0,7.36,7.89,184,4.45,18,19.6
0,0,0,0,0,0,0.00E+00,0.00E+00,0.00E+00,0.00E+00,0.00E+00,1.24387894091141,19.3555041328732,1,8342,0,0,0,0,0,0,0,0,0,0,0,0,4.93,5.01,173,4.34,7.26,7.68
0,0,0,0,0,0,0.00E+00,0.00E+00,0.00E+00,0.00E+00,0.00E+00,-1.97056180315138,13.3048178776971,1,8344,0,0,0,0,0,0,0,0,0,0,0,0,9.38,7.43,163,4.24,3.28,21.6
0,0,0,0,0,0,0.00E+00,0.00E+00,0.00E+00,0.00E+00,0.00E+00,-0.075805459741802,5.22213573669727,1,8346,0,0,0,0,0,0,0,0,0,0,0,0,9.7,10.5,142,2.46,6.28,239
0,0,0,0,0,0,0.00E+00,0.00E+00,0.00E+00,0.00E+00,0.00E+00,22.8754283109896,41.1929090645885,1,8348,0,0,0,0,0,0,0,0,0,0,0,0,16.6,15.1,107,2.68,257,22.6
0,0,0,0,0,0,0.00E+00,0.00E+00,0.00E+00,0.00E+00,0.00E+00,-6.21252355400133,8.05689310370503,1,8350,0,0,0,0,0,0,0,0,0,0,0,0,11.5,32,112,2.67,7.78,233
0,0,0,0,0,0,0.00E+00,0.00E+00,0.00E+00,0.00E+00,0.00E+00,0.940504027824815,4.11366358190026,1,8352,0,0,0,0,0,0,0,0,0,0,0,0,2.15,19.9,87.3,2.51,8.37,4.03
0,0,0,0,0,0,0.00E+00,0.00E+00,0.00E+00,0.00E+00,0.00E+00,-12.8488167751564,14.5270473321185,1,8354,0,0,0,0,0,0,0,0,0,0,0,0,2.95,18,52.2,3.24,9.37,13.6
0,0,0,0,0,0,0.00E+00,0.00E+00,0.00E+00,0.00E+00,0.00E+00,-0.570633602588978,54.3655196761081,1,8357,0,0,0,0,0,0,0,0,0,0,0,0,18.1,0.797,29.4,3.14,31.8,25.7
0,0,0,0,0,0,0.00E+00,0.00E+00,0.00E+00,0.00E+00,0.00E+00,1.66329731222002,38.7256575327914,1,8359,0,0,0,0,0,0,0,0,0,0,0,0,19.6,11.1,29.5,3.05,7.15,38.7
0,0,0,0,0,0,0.00E+00,0.00E+00,0.00E+00,0.00E+00,0.00E+00,2.05510216652854,23.2072659205333,1,8361,0,0,0,0,0,0,0,0,0,0,0,0,5.3,19.3,19.5,2.95,26.9,33.7
0,0,0,0,0,0,0.00E+00,0.00E+00,0.00E+00,0.00E+00,0.00E+00,-5.48471236152361,18.1592417820114,1,8363,0,0,0,0,0,0,0,0,0,0,0,0,12.7,28.5,38.9,2.85,1.06,6.43
0.968313634395599,0.942363083362579,1.03676974773407,1.05058526992798,1.07401156425476,1.06128430366516,4.17E-01,6.09E-01,8.80E-01,9.07E-01,7.40E-01,-6.34550871714041,48.1646760995725,1,8365,292,371,247,327,256,499,214,472,191,451,238,465,3.29,16.9,12.5,2.76,19.7,16.7
0.884825348854065,0.940132617950439,1.01644861698151,1.06221926212311,1.06034207344055,1.09187364578247,4.35E-01,5.94E-01,9.38E-01,9.43E-01,7.40E-01,0.135613522926497,16.1127155602636,1,8367,201,312,164,320,211,443,160,437,132,443,185,416,3.42,17.8,24.9,2.66,15.7,14.8
0.930273473262787,0,1.02924227714539,1.09357798099518,1.05516743659973,1.08206903934479,3.87E-01,6.03E-01,8.76E-01,7.61E-01,0.00E+00,1.28729240912179,33.7304098562769,1,8369,251,557,0,0,347,596,294,602,278,639,308,580,8.74,8.05,41.1,2.57,23.3,13.4
0.861853837966919,0.860465109348297,1.02159488201141,1.12273383140564,1.20272600650787,1.14772760868073,4.26E-01,5.91E-01,9.38E-01,8.89E-01,7.36E-01,-3.87622078226291,26.6334277540388,1,8371,404,645,334,683,459,755,401,782,377,787,416,750,3.98,5.12,19.3,2.47,16.9,13.2
0.884669601917267,0,0.914622187614441,0.875867962837219,0.909270226955414,1.37840580940247,4.77E-01,6.64E-01,8.90E-01,9.19E-01,7.53E-01,2.74552510549132,38.7449917739093,1,8373,0,0,0,0,0,0,0,0,0,0,0,0,1.69,3.42,21.2,2.37,18.6,12.5
0.901009440422058,0.931076943874359,1.0459064245224,1.1299284696579,0,1.03149497509003,4.30E-01,7.66E-01,9.11E-01,9.38E-01,8.82E-01,0.079664943422246,20.4554609938639,1,8376,447,538,447,574,599,565,571,602,0,0,567,582,8.67,5.73,29,2.28,10.2,26.1
0,0,0,0,0,0,0.00E+00,0.00E+00,0.00E+00,0.00E+00,0.00E+00,1.87971330086824,22.7553779696366,1,8378,0,0,0,0,0,0,0,0,0,0,0,0,1.49,6.57,33.7,2.18,3.71,12.6
0,0,0,0,0,0,0.00E+00,0.00E+00,0.00E+00,0.00E+00,0.00E+00,1.99848973761759,12.6056643932602,1,8380,0,0,0,0,0,0,0,0,0,0,0,0,3.15,7.71,64.9,1.67,11,14.4
0.901860892772675,0.933512091636658,1.08321309089661,1.17583155632019,1.05690550804138,1.06971120834351,3.99E-01,7.29E-01,8.89E-01,8.86E-01,7.58E-01,12.962226783827,31.8899536176189,1,8382,506,477,499,482,450,362,499,381,498,372,483,393,1.46,5.06,76.3,2.35,16.6,16.3
0.88677054643631,0.939529240131378,1.10549521446228,1.16574275493622,1.06688463687897,1.05464041233063,4.38E-01,7.00E-01,8.99E-01,8.63E-01,9.09E-01,5.68542851444668,42.7716484872562,1,8384,282,585,303,529,251,434,282,442,291,454,281,458,7.21,3.68,60.7,0.211,20.1,6.58
0,0,0,0,0,0,0.00E+00,0.00E+00,0.00E+00,0.00E+00,0.00E+00,11.0571614845105,30.1301458472338,1,8386,0,0,0,0,0,0,0,0,0,0,0,0,8.53,4.04,76.8,2.36,22.4,20.1
0,0,0,0,0,0,0.00E+00,0.00E+00,0.00E+00,0.00E+00,0.00E+00,1.19164019976101,1.81233461717556,0,8388,0,0,0,0,0,0,0,0,0,0,0,0,8.17,9.54,62,3.88,25.4,27.3
0,0,0,0,0,0,0.00E+00,0.00E+00,0.00E+00,0.00E+00,0.00E+00,-11.7595977219962,18.3457858604332,0,8390,0,0,0,0,0,0,0,0,0,0,0,0,15.7,8.3,51.7,5.4,19.3,11.3
0,0,0,0,0.95684802532196,0,0.00E+00,0.00E+00,0.00E+00,0.00E+00,0.00E+00,-0.609049916680934,13.5441386004164,0,8392,0,0,0,0,0,0,0,0,0,0,0,0,8.12,12.3,58.9,5.23,24.2,11.8
0.896416902542114,0.936090230941772,1.04175686836243,1.12596690654755,1.08742010593414,1.21268725395203,5.26E-01,6.21E-01,9.03E-01,9.16E-01,0.00E+00,-0.615068043076793,17.3045049673036,0,8395,266,478,304,486,351,350,379,393,394,408,353,391,8.79,11.4,44.5,4.16,8.38,28.4
0.917083740234375,0.925771474838257,1.07045912742615,1.09627544879913,1.08209562301636,1.07092583179474,3.81E-01,6.14E-01,9.03E-01,9.14E-01,7.59E-01,3.92270568171182,31.7888365216095,0,8397,289,536,328,536,332,390,364,427,390,441,340,431,6.67,12.5,54.3,4.53,13.7,14
0,0,0,0,0,0,0.00E+00,0.00E+00,0.00E+00,0.00E+00,0.00E+00,-1.03747078204548,14.041406553897,0,8399,0,0,0,0,0,0,0,0,0,0,0,0,1.91,9.52,63.3,3.63,3.65,15.1
0.942844569683075,1.03603601455688,1.05499911308289,1.04484581947327,1.0813000202179,1.03427362442017,4.28E-01,6.58E-01,9.43E-01,9.68E-01,8.61E-01,0.960278162613502,10.1212919602587,0,8401,358,153,442,209,525,114,489,174,462,221,501,143,3.89,6.48,68.1,2.9,4.33,9.39
0,0,0,0,0,0,0.00E+00,0.00E+00,0.00E+00,0.00E+00,0.00E+00,-3.34986057006602,24.4846467116669,0,8403,0,0,0,0,0,0,0,0,0,0,0,0,4.13,2.43,85.9,3.1,6.75,7.42
0,0,0,0,0,0,0.00E+00,0.00E+00,0.00E+00,0.00E+00,0.00E+00,1.61407728456424,4.03377141923472,0,8405,0,0,0,0,0,0,0,0,0,0,0,0,2.88,6.62,91.9,0.135,2.38,15.5
0.903532803058624,0.879584789276123,1.03190958499908,1.11904263496399,1.07236611843109,1.0610363483429,4.36E-01,5.94E-01,9.22E-01,8.58E-01,1.01E+00,16.2660628418205,36.6318388086872,0,8407,217,90.6,255,128,272,182,228,166,206,208,246,143,1.65,4.48,93.2,0.209,5.4,13
0.860338807106018,0.93147748708725,1.03448867797852,1.11194837093353,1.08051705360413,1.05309677124023,3.89E-01,5.97E-01,8.72E-01,8.84E-01,6.87E-01,3.57715973128849,32.2686433741194,0,8409,404,79.4,355,76.6,332,179,298,142,263,152,326,138,4.39,4.39,98.3,-0.543,3.29,42.6
0.903775691986084,0.915466487407684,1.05949223041534,1.09502291679382,1.09870600700378,1.09662246704102,3.78E-01,5.65E-01,0.00E+00,5.57E-01,1.35E+00,2.61707914914345,5.39493484690135,0,8411,315,155,399,165,344,239,314,208,300,226,338,194,8.55,6.06,98.9,-1.21,11.7,19.4
0.851097702980042,0.878260850906372,1.05456387996674,1.07114577293396,1.0627429485321,1.02455973625183,4.31E-01,6.62E-01,9.05E-01,1.10E+00,7.66E-01,2.5119729053296,17.4440547960237,0,8414,120,170,91,163,84.8,320,41.5,296,63.6,271,58.8,295,2.06,11.3,97.2,2.78,37.2,25.6
0,0,0,0,0,0,0.00E+00,0.00E+00,0.00E+00,0.00E+00,0.00E+00,-0.56129069703549,20.6582381500879,0,8416,0,0,0,0,0,0,0,0,0,0,0,0,14.3,12,89.7,4.51,9.73,31.7
0,0,0,0,0,0,0.00E+00,0.00E+00,0.00E+00,0.00E+00,0.00E+00,-7.19079267123431,19.8364087242952,0,8418,0,0,0,0,0,0,0,0,0,0,0,0,12.8,8.8,88,4.58,1.96,5.99
0,0,0,0,0,0,0.00E+00,0.00E+00,0.00E+00,0.00E+00,0.00E+00,11.5725133605378,14.4244189556544,0,8420,0,0,0,0,0,0,0,0,0,0,0,0,9.44,12.3,78.9,4.65,12.8,9.54
0.913403272628784,0.979674816131592,0.981740057468414,1.10925805568695,0,1.10142779350281,4.37E-01,8.17E-01,0.00E+00,9.63E-01,0.00E+00,6.53256111164878,8.55520971055662,0,8422,397,655,403,643,353,792,307,765,0,0,332,768,12.1,28.4,65.7,4.72,13.6,39.3
0,0,0,0,0,0,0.00E+00,0.00E+00,0.00E+00,0.00E+00,0.00E+00,-7.44150080858714,7.51044475298796,0,8424,0,0,0,0,0,0,0,0,0,0,0,0,5,26.1,52.3,4.78,1.18,7.22
0,0,0,0,0,0,0.00E+00,0.00E+00,0.00E+00,0.00E+00,0.00E+00,23.0391384830809,24.2268755093868,0,8426,0,0,0,0,0,0,0,0,0,0,0,0,3.55,13.2,39,4.85,4.82,8.98
0,0,0,0,0,0,0.00E+00,0.00E+00,0.00E+00,0.00E+00,0.00E+00,4.74903365568271,4.78841271417318,0,8428,0,0,0,0,0,0,0,0,0,0,0,0,1.01,8.53,22.9,4.92,3,5.12
0,0,0,0,0.95652174949646,0,0.00E+00,0.00E+00,9.57E-01,0.00E+00,0.00E+00,-7.97275416718825,9.57562154302559,0,8430,0,0,0,0,0,0,0,0,0,0,0,0,1.22,2.28,20.5,4.99,4.36,5.11
0,0,0,0,0,0,0.00E+00,0.00E+00,0.00E+00,0.00E+00,0.00E+00,2.15802274269201,3.76968573847015,0,8433,0,0,0,0,0,0,0,0,0,0,0,0,1.47,1.82,48.3,5.06,5.67,5.75
0,0,0,0,0,0,0.00E+00,0.00E+00,0.00E+00,0.00E+00,0.00E+00,-5.08464112515435,5.60069028213054,0,8435,0,0,0,0,0,0,0,0,0,0,0,0,1.39,0.86,68.3,5.13,3.61,4.12
0.845284104347229,0.898591578006744,1.04319059848785,1.18335771560669,1.11345458030701,1.08517336845398,3.94E-01,5.79E-01,9.14E-01,8.81E-01,7.58E-01,12.8176122975976,12.9339581236338,0,8437,80.3,427,82,456,215,426,205,473,213,501,189,453,0.656,0.51,87.4,5.2,5.12,2.44
0,0,0,0,0,0,0.00E+00,0.00E+00,0.00E+00,0.00E+00,0.00E+00,-12.1066214803958,12.2836769059502,0,8439,0,0,0,0,0,0,0,0,0,0,0,0,0.107,0.868,103,5.26,3.12,2
0,0,0,0,0,0,0.00E+00,0.00E+00,0.00E+00,0.00E+00,0.00E+00,8.42279150558572,10.6671527449055,0,8441,0,0,0,0,0,0,0,0,0,0,0,0,1.82,0.702,112,5.33,8,7.23
0,0,0,0,0,0,0.00E+00,0.00E+00,0.00E+00,0.00E+00,0.00E+00,0.119116131740983,1.41451080506803,0,8443,0,0,0,0,0,0,0,0,0,0,0,0,4.39,2.98,111,4.28,2.48,4.47
0,0,0,0,0,0,0.00E+00,0.00E+00,0.00E+00,0.00E+00,0.00E+00,-14.4577110972234,15.1137072343849,0,8445,0,0,0,0,0,0,0,0,0,0,0,0,1.33,3.1,108,3.22,4.79,3.77
0,0,0,0,0,0,0.00E+00,0.00E+00,0.00E+00,0.00E+00,0.00E+00,1.34786745049331,3.97418154098606,0,8447,0,0,0,0,0,0,0,0,0,0,0,0,2.81,6.48,92.8,4,3.63,20.2
0,0,0,0,0,0,0.00E+00,0.00E+00,0.00E+00,0.00E+00,0.00E+00,9.38100957048517,16.2742655205623,0,8449,0,0,0,0,0,0,0,0,0,0,0,0,4.64,5.41,77.3,5.36,16.3,9.62
0,0,0,0,0,0,0.00E+00,0.00E+00,0.00E+00,0.00E+00,0.00E+00,-13.6627073456776,16.8947948762603,0,8451,0,0,0,0,0,0,0,0,0,0,0,0,9.89,8.06,58.2,2.35,24.5,75.1
0,0,0,0,0,0,0.00E+00,0.00E+00,0.00E+00,0.00E+00,0.00E+00,-4.82411557744112,12.9696270703385,0,8454,0,0,0,0,0,0,0,0,0,0,0,0,10.7,11.8,27.5,-0.669,72.9,99
0.864085555076599,0,1.07928836345673,1.1551718711853,1.07590579986572,1.05508136749268,3.82E-01,6.48E-01,7.91E-01,8.72E-01,7.76E-01,3.25067697980697,4.29115446995991,0,8456,401,481,0,0,364,362,415,363,423,344,400,385,47.1,9.34,6.44,-0.197,5.29,30.3
0.895618081092835,0,1.09163880348206,1.23311424255371,0,1.06225872039795,3.58E-01,7.11E-01,8.77E-01,0.00E+00,6.67E-01,24.7280475589907,37.8445897624496,0,8458,481,464,0,0,377,423,427,430,0,0,414,450,6.25,24.1,9.92,-0.4,45.5,85.3
0.858159244060516,1.01024329662323,1.09058403968811,1.16228890419006,1.09251523017883,1.04111325740814,3.65E-01,5.71E-01,8.50E-01,8.87E-01,7.11E-01,-19.4797870047245,21.055044897094,0,8460,388,434,414,418,365,296,410,303,422,295,396,324,25.8,40.4,33.1,-0.751,10.4,40.1
0.854564011096954,0,1.07870721817017,1.17006206512451,1.11533153057098,1.07870721817017,3.39E-01,5.94E-01,8.76E-01,8.92E-01,7.17E-01,7.61705414375426,16.8575863477473,0,8462,393,432,0,0,354,281,405,296,426,302,387,310,22.5,36.4,51.1,-0.774,7.27,103
0.855052947998047,0.887759268283844,1.06870913505554,1.14723300933838,1.10775065422058,1.04391598701477,3.68E-01,6.08E-01,8.84E-01,8.92E-01,7.32E-01,-11.7498144874852,12.0562114827132,0,8464,470,524,440,497,402,416,450,411,449,392,441,438,16,31.9,73,0.437,7.83,22.4
0.862083911895752,0.929010212421417,1.08951330184937,1.13568806648254,1.09058976173401,1.06332910060883,3.72E-01,5.86E-01,8.80E-01,9.24E-01,7.43E-01,-4.20046007502681,5.69833618601433,0,8466,495,582,517,562,441,456,491,454,498,448,481,472,8.07,23.9,85.9,1.47,45.2,103
0.831591904163361,1.00436675548553,1.08813285827637,1.16497349739075,1.07396483421326,1.10402798652649,4.20E-01,7.34E-01,0.00E+00,9.32E-01,0.00E+00,0.612930001557143,28.3290554609677,0,8468,573,549,573,524,468,499,517,491,526,482,516,509,39,20.8,99.1,2.51,15.6,28.5
0.867520332336426,0.869918704032898,1.08393311500549,1.1256822347641,1.0789977312088,1.06463372707367,3.86E-01,6.08E-01,8.70E-01,9.00E-01,7.67E-01,4.4432845280417,7.6059083478964,0,8470,534,622,560,589,479,497,525,490,530,474,519,513,26.9,33,116,5.39,15.3,75.5
0.860801577568054,0.89694482088089,1.10185980796814,1.11686778068542,1.08642673492432,1.05528461933136,3.56E-01,5.78E-01,8.67E-01,9.08E-01,7.27E-01,-1.64682787453428,7.42498649076859,0,8473,537,615,541,584,469,492,517,483,528,471,507,506,7.38,31.1,122,4.92,5.04,14.5
0,0,0,0,0,0,0.00E+00,0.00E+00,0.00E+00,0.00E+00,0.00E+00,3.56031134105719,5.54590170280424,0,8475,0,0,0,0,0,0,0,0,0,0,0,0,5.1,24.2,123,4.44,0.862,15.5
0.831120014190674,0,1.02311170101166,1.12105643749237,1.07485175132751,0.990153789520264,3.84E-01,6.37E-01,0.00E+00,9.12E-01,8.24E-01,-20.055211786727,22.2082759644449,0,8477,175,283,0,0,193,126,240,152,262,169,212,164,5.86,14.8,109,4.38,12.9,10.3
0,0,0.566844940185547,0,0.981651365756989,0,0.00E+00,0.00E+00,1.01E+00,0.00E+00,8.68E-01,-3.32477025069408,4.36361150228274,0,8479,0,0,0,0,0,0,0,0,0,0,0,0,3.6,3.89,72.6,4.32,17.7,13.7
0,0,0,0,0,0,0.00E+00,0.00E+00,0.00E+00,0.00E+00,0.00E+00,1.97145677975477,1.9812779297776,0,8481,0,0,0,0,0,0,0,0,0,0,0,0,4.49,2.74,48.5,4.26,3.78,10.3
0,0,0,0,0,0,0.00E+00,0.00E+00,0.00E+00,0.00E+00,0.00E+00,-22.1332114009283,35.4019201958065,0,8483,0,0,0,0,0,0,0,0,0,0,0,0,4.76,2.63,22,4.2,14.4,21
0,0,0,0,0,0,0.00E+00,0.00E+00,0.00E+00,0.00E+00,0.00E+00,2.24490083000319,2.86353456665352,0,8485,0,0,0,0,0,0,0,0,0,0,0,0,3.11,3.76,45.3,4.14,4.97,2.43
0,0,0,0,0,0,0.00E+00,0.00E+00,0.00E+00,0.00E+00,0.00E+00,0.250592661380115,1.74380324949748,0,8487,0,0,0,0,0,0,0,0,0,0,0,0,5.99,1.46,82.8,4.08,1.81,14.2
0,0,0,0,0,0,0.00E+00,0.00E+00,0.00E+00,0.00E+00,0.00E+00,-7.87257477822462,9.40634498694852,0,8489,0,0,0,0,0,0,0,0,0,0,0,0,5.25,2.82,114,4.02,7.16,7.2
0,0,0,0,0,0,0.00E+00,0.00E+00,0.00E+00,0.00E+00,0.00E+00,-10.5115357078331,12.663595464287,0,8492,0,0,0,0,0,0,0,0,0,0,0,0,1.92,3.88,138,3.96,6.09,4.3
0,0,0,0,0,0,0.00E+00,0.00E+00,0.00E+00,0.00E+00,0.00E+00,11.9019518764822,13.5542548933381,0,8494,0,0,0,0,0,0,0,0,0,0,0,0,1.42,6.69,152,3.9,4.57,2.02
0,0,0,0,0,0,0.00E+00,0.00E+00,0.00E+00,0.00E+00,0.00E+00,3.53318306553511,3.84573017817866,0,8496,0,0,0,0,0,0,0,0,0,0,0,0,2.18,6.51,138,3.83,6.19,6.3
0,0,0,0,0,0,0.00E+00,0.00E+00,0.00E+00,0.00E+00,0.00E+00,-2.36056694643259,5.94561317541317,0,8498,0,0,0,0,0,0,0,0,0,0,0,0,2.37,2.72,119,3.77,4.47,7.19
0,0,0,0,0,0,0.00E+00,0.00E+00,0.00E+00,0.00E+00,0.00E+00,27.8744039504469,32.4684269473492,0,8500,0,0,0,0,0,0,0,0,0,0,0,0,10.3,9.43,97.2,4.66,24.7,9.23
0,0,0,0,0,0,0.00E+00,0.00E+00,0.00E+00,0.00E+00,0.00E+00,1.55197944837842,31.3661330333721,0,8502,0,0,0,0,0,0,0,0,0,0,0,0,6.02,6.48,75,4.85,15,17.6
0,0,0,0,0,0,0.00E+00,0.00E+00,0.00E+00,0.00E+00,0.00E+00,6.84247555568524,14.5077347194733,0,8504,0,0,0,0,0,0,0,0,0,0,0,0,3.99,10.8,37,1.21,21.5,8.11
0.888711094856262,0.895658075809479,1.0918505191803,1.09787356853485,1.09676265716553,1.06787073612213,3.98E-01,6.32E-01,8.86E-01,8.97E-01,7.63E-01,-0.263009787746768,0.575771509268518,0,8506,277,587,328,569,281,451,327,462,353,449,305,484,4.5,7.75,20.4,0.0281,4.67,18.3
0.884762108325958,0.88095235824585,1.09464919567108,1.11723268032074,1.09452605247498,1.05876350402832,4.10E-01,6.52E-01,9.05E-01,9.21E-01,7.30E-01,-0.464052072182988,6.92436819383475,1,8508,262,681,307,678,269,530,315,550,337,557,294,563,4.03,5.36,15,-0.0822,1.28,70.5
0.479288518428803,0.963963985443115,0,0.625730991363525,1.70844769477844,0.56914895772934,5.44E-01,4.73E-01,5.84E-01,4.92E-01,0.00E+00,6.04955633423654,9.84192562371647,1,8511,0,0,0,0,0,0,0,0,0,0,0,0,19,17.8,44.2,-0.396,14,2.89
0,0,0,0,0,0,0.00E+00,0.00E+00,0.00E+00,0.00E+00,0.00E+00,3.70748086426452,7.52300521454975,1,8513,0,0,0,0,0,0,0,0,0,0,0,0,9.94,25.6,66.9,-0.473,12.5,10.3
0.847521185874939,0.911678969860077,1.06695902347565,1.0747013092041,1.07298028469086,1.08445954322815,3.82E-01,6.02E-01,9.06E-01,8.85E-01,7.66E-01,6.30738100152227,7.71442972739391,1,8515,202,424,229,411,197,285,245,296,279,278,223,317,8.03,20.1,88.9,0.701,15.8,23.3
0,0,0,0,0,0,0.00E+00,0.00E+00,0.00E+00,0.00E+00,0.00E+00,0.078958879533467,0.337303924665596,1,8517,0,0,0,0,0,0,0,0,0,0,0,0,13.6,4.58,103,2.94,8.75,43.5
0.881239652633667,0,1.08102083206177,1.07455968856812,1.05441904067993,1.07607507705688,3.98E-01,6.67E-01,9.24E-01,9.16E-01,7.71E-01,-22.1710986104481,61.3348215779383,1,8519,436,703,0,0,411,561,457,576,453,627,436,592,25.8,17,118,5.17,13.8,21.8
0.886015295982361,0,1.10404825210571,1.07226896286011,0,1.0641804933548,4.40E-01,6.84E-01,8.74E-01,8.33E-01,7.53E-01,-14.9905750629506,24.5469779565514,1,8521,512,576,0,0,410,553,460,547,0,0,447,575,16.6,38.8,124,3.82,7.57,45.9
0.83267468214035,0.935842573642731,1.0797266960144,1.04539799690247,1.05552315711975,1.0911078453064,3.73E-01,5.87E-01,8.71E-01,8.76E-01,6.75E-01,3.14001330952146,5.36435274938392,1,8523,458,330,488,314,434,185,480,195,503,186,461,218,2.85,34.9,124,2.46,7.27,5.68
0.814650475978851,0.887509107589722,1.06092488765717,1.04098987579346,1.07034981250763,1.07916283607483,3.48E-01,6.18E-01,8.72E-01,8.61E-01,7.20E-01,-9.36361189765222,10.4353562375895,1,8525,459,342,460,358,437,192,483,202,506,204,463,224,4.13,25.6,116,4.19,5.3,11.4
0.857986569404602,0.946536123752594,1.06564128398895,1.05500113964081,1.06556284427643,1.08611810207367,3.85E-01,6.09E-01,8.82E-01,8.88E-01,7.92E-01,6.34288847800042,8.76221246789676,1,8527,443,546,484,533,418,394,469,409,499,405,444,424,6.69,7.5,101,4.29,18.7,25.9
0.846193730831146,0.924315631389618,0,1.07495927810669,1.07068049907684,1.08931088447571,3.84E-01,6.72E-01,8.50E-01,8.70E-01,6.77E-01,0.553529237246007,1.08604954313193,1,8529,338,324,357,237,0,0,412,219,434,164,391,240,4.67,1.84,67.5,4.39,3.92,3.16
0,0,0,0,0,0,0.00E+00,0.00E+00,0.00E+00,0.00E+00,0.00E+00,18.2133139832169,18.3111851749651,1,8532,0,0,0,0,0,0,0,0,0,0,0,0,3.5,3.06,13.9,4.5,15.6,3.11
0.853998780250549,0.834645688533783,1.06681060791016,1.09751629829407,1.08046662807465,1.06402969360352,4.28E-01,6.90E-01,8.95E-01,9.11E-01,8.24E-01,-16.926675028915,16.9465364687414,1,8534,397,702,436,731,414,540,457,564,486,603,437,568,3.4,5.22,27.9,4.6,2.56,24.4
0.805116593837738,0.851999998092651,1.05729901790619,1.07403540611267,0,1.06875944137573,4.06E-01,3.10E-01,9.07E-01,8.66E-01,1.03E+00,-3.73185461170653,4.85833779918087,1,8536,443,207,517,180,469,46.5,508,80.3,0,0,490,82.6,3.54,7.26,63.4,4.7,6.89,18
0,0,0,0,0,0,0.00E+00,0.00E+00,0.00E+00,0.00E+00,0.00E+00,-28.7897677421821,29.6676446592828,1,8538,0,0,0,0,0,0,0,0,0,0,0,0,3.62,10.1,105,4.8,14.3,17.3
0,0,0,0,0,0,0.00E+00,0.00E+00,0.00E+00,0.00E+00,0.00E+00,-0.65145745017643,3.11135998375483,1,8540,0,0,0,0,0,0,0,0,0,0,0,0,9.5,7.39,132,4.62,11.4,23.9
0,0,0,0,0,0,0.00E+00,0.00E+00,0.00E+00,0.00E+00,0.00E+00,6.68354916618257,7.05777020389441,1,8542,0,0,0,0,0,0,0,0,0,0,0,0,9.27,15.6,152,4.43,18.7,27
0.642261326313019,0.682634711265564,0.891909837722778,0,0.905827283859253,0.8856400847435,5.30E-01,5.51E-01,5.82E-01,5.37E-01,5.70E-01,12.1364181923504,12.3071455858217,1,8544,0,0,0,0,0,0,0,0,0,0,0,0,4.57,12.4,163,4.24,18.7,18.9
0.735705196857452,0,0,1.07017540931702,0.915331780910492,0,0.00E+00,6.23E-01,9.02E-01,0.00E+00,0.00E+00,-16.0148507353036,16.2763012172395,1,8546,0,0,0,0,0,0,0,0,0,0,0,0,1.96,10.4,169,4.05,4.9,9.52
0,0,0,0,0,0,0.00E+00,0.00E+00,0.00E+00,0.00E+00,0.00E+00,-6.83462212168957,11.1849453956409,1,8548,0,0,0,0,0,0,0,0,0,0,0,0,5.7,4.47,165,3.87,9,8.51
0,0,0,0,0,0,0.00E+00,0.00E+00,0.00E+00,0.00E+00,0.00E+00,21.2646002387315,35.0168172971828,1,8551,0,0,0,0,0,0,0,0,0,0,0,0,8.75,8.21,143,3.68,10.1,29.6
0.81565397977829,0.962145090103149,0,0,0.889573693275452,0.947648942470551,8.33E-01,7.75E-01,8.24E-01,8.12E-01,0.00E+00,13.9981436326705,14.2267800367185,1,8553,0,0,0,0,0,0,0,0,0,0,0,0,19.7,16.3,130,3.49,10.6,56.8
0,0,0,0,0,0,0.00E+00,0.00E+00,0.00E+00,0.00E+00,0.00E+00,-71.3155795914309,74.9869172699865,1,8555,0,0,0,0,0,0,0,0,0,0,0,0,29.6,34.2,109,3.31,91.7,142
0.824555993080139,1.07151031494141,0.743065714836121,1.05752217769623,1.10908961296082,1.17299580574036,8.71E-01,1.08E+00,7.15E-01,0.00E+00,0.00E+00,20.6234105363476,27.3179003679094,1,8557,0,0,0,0,0,0,0,0,0,0,0,0,22.7,12,99,3.12,18.5,27.5
0,0,0,0,0,0,0.00E+00,0.00E+00,0.00E+00,0.00E+00,0.00E+00,7.83706760760933,33.9605359993383,1,8559,0,0,0,0,0,0,0,0,0,0,0,0,43.3,19.9,84.3,2.93,22.1,118
0,0,0,0,0,0,0.00E+00,0.00E+00,0.00E+00,0.00E+00,0.00E+00,-10.5661276923778,11.2918989328178,1,8561,0,0,0,0,0,0,0,0,0,0,0,0,8.23,21.6,57.2,2.74,6.72,32.6
0,0,0,0,0,0,0.00E+00,0.00E+00,0.00E+00,0.00E+00,0.00E+00,9.43573260653031,9.949779885918,1,8563,0,0,0,0,0,0,0,0,0,0,0,0,8.89,35.4,50.2,2.56,8.98,5.09
0,0,0,0,0,0,0.00E+00,0.00E+00,0.00E+00,0.00E+00,0.00E+00,4.64254257745817,8.64959154342315,1,8565,0,0,0,0,0,0,0,0,0,0,0,0,6.63,4.47,36.8,2.37,12.1,16.3
0,0,0,0,0,0,0.00E+00,0.00E+00,0.00E+00,0.00E+00,0.00E+00,-6.56202042475022,13.7422451094802,0,8567,0,0,0,0,0,0,0,0,0,0,0,0,11.5,20.2,20.3,2.18,23.1,25.1
0,0,0,0,0,0,0.00E+00,0.00E+00,0.00E+00,0.00E+00,0.00E+00,-36.4466210495012,141.92459794301,0,8570,0,0,0,0,0,0,0,0,0,0,0,0,39.6,36.6,20.9,1.99,72.5,27.9
0,0,0,0,0,0,0.00E+00,0.00E+00,0.00E+00,0.00E+00,0.00E+00,-9.70679477110176,52.4318773989054,0,8572,0,0,0,0,0,0,0,0,0,0,0,0,66.3,54,16,2.25,94.5,72.7
0,0,0,0,0,0,0.00E+00,0.00E+00,0.00E+00,0.00E+00,0.00E+00,0.117352405553045,17.3035301928115,0,8574,0,0,0,0,0,0,0,0,0,0,0,0,21.5,60.7,12.2,0.734,25.3,6.63
0.848076343536377,0.891808331012726,1.07485175132751,1.02736830711365,1.06970405578613,1.0769020318985,3.61E-01,6.28E-01,9.12E-01,8.56E-01,7.53E-01,-7.31334747117121,31.3467390423383,0,8576,264,195,299,204,252,47.2,302,62,339,60.9,277,79.8,10,70.8,51.9,4.89,10.5,66.2
0.878213047981262,0.93949693441391,1.08004379272461,1.03131675720215,1.07293462753296,1.06367695331573,4.69E-01,6.56E-01,9.47E-01,8.84E-01,8.37E-01,-0.625710822816597,56.7872194617393,0,8578,314,730,367,719,307,583,355,599,389,598,336,614,7.48,45.9,94.2,5.09,19.9,9.43
0.837421417236328,0.911564648151398,1.06909155845642,1.01546490192413,1.05607128143311,1.05282497406006,3.92E-01,6.16E-01,9.01E-01,8.87E-01,7.21E-01,-21.3612330669736,58.1149775420636,0,8580,331,309,363,304,344,174,396,196,445,196,364,208,29.7,23.7,126,4.88,78.2,31
0.847956955432892,0.934930384159088,1.07541024684906,1.02602362632751,1.06998217105865,1.07313299179077,4.02E-01,6.30E-01,8.94E-01,9.40E-01,8.08E-01,20.9716094599413,62.5358834672738,0,8582,446,275,469,284,514,147,547,183,547,189,526,188,18.5,19.8,202,4.68,29.4,42.7
0,0,0,0,0,0,0.00E+00,0.00E+00,0.00E+00,0.00E+00,0.00E+00,11.1929704661712,39.6685208176717,0,8584,0,0,0,0,0,0,0,0,0,0,0,0,13.8,43.1,251,4.47,18.8,24.3
0,0,0,0,0,0,0.00E+00,0.00E+00,0.00E+00,0.00E+00,0.00E+00,-26.7454406533086,57.6453848509768,0,8586,0,0,0,0,0,0,0,0,0,0,0,0,11.2,40.6,285,4.27,21.5,48.4
0,0,0,0,0,0,0.00E+00,0.00E+00,0.00E+00,0.00E+00,0.00E+00,30.3708018670568,40.7994854266367,0,8589,0,0,0,0,0,0,0,0,0,0,0,0,5.83,14.4,331,4.06,38.2,59.9
0,0,0,0,0,0,0.00E+00,0.00E+00,0.00E+00,0.00E+00,0.00E+00,-28.7714187679842,56.9067353057628,0,8591,0,0,0,0,0,0,0,0,0,0,0,0,28.7,3.34,365,3.4,26.1,18.8
0,0,0,0,0,0,0.00E+00,0.00E+00,0.00E+00,0.00E+00,0.00E+00,3.9121190142503,17.0615061756582,0,8593,0,0,0,0,0,0,0,0,0,0,0,0,12.3,22.1,369,2.42,3.09,70
0,0,0,0,0,0,0.00E+00,0.00E+00,0.00E+00,0.00E+00,0.00E+00,-5.93072037487778,24.9205135013255,0,8595,0,0,0,0,0,0,0,0,0,0,0,0,8,26.4,338,3.14,13.6,9.34
0,0,0,0,0,0,0.00E+00,0.00E+00,0.00E+00,0.00E+00,0.00E+00,-3.45150749035464,16.5127858448206,0,8597,0,0,0,0,0,0,0,0,0,0,0,0,9.08,15.3,323,2.99,8.04,17.6
0,0,0,0,0,0,0.00E+00,0.00E+00,0.00E+00,0.00E+00,0.00E+00,-0.063081842645287,0.169186926215387,0,8599,0,0,0,0,0,0,0,0,0,0,0,0,3.05,13,283,3.72,7.15,13.4
0,0,0,0,0,0,0.00E+00,0.00E+00,0.00E+00,0.00E+00,0.00E+00,0.862665972244395,3.88348749833326,0,8601,0,0,0,0,0,0,0,0,0,0,0,0,1.94,15.4,233,3.15,3.93,15.4
0,0,0,0,0,0,0.00E+00,0.00E+00,0.00E+00,0.00E+00,0.00E+00,4.95096379737669,25.9048617144989,0,8603,0,0,0,0,0,0,0,0,0,0,0,0,7.57,3.72,201,3.66,26.6,8.73
0,0,0,0,0,0,0.00E+00,0.00E+00,0.00E+00,0.00E+00,0.00E+00,-0.178772120750532,2.19289400881481,0,8605,0,0,0,0,0,0,0,0,0,0,0,0,6.69,3.05,182,4.58,1.02,22.4
0,0,0,0,0,0,0.00E+00,0.00E+00,0.00E+00,0.00E+00,0.00E+00,11.3858553653733,43.565305703216,0,8607,0,0,0,0,0,0,0,0,0,0,0,0,8.31,12.3,179,4.12,14.5,20
0,0,0,0,0,0,0.00E+00,0.00E+00,0.00E+00,0.00E+00,0.00E+00,7.70825082125188,20.2569701095488,0,8610,0,0,0,0,0,0,0,0,0,0,0,0,8.24,21.4,166,3.44,29.1,88.6
0,0,0,0,0,0,0.00E+00,0.00E+00,0.00E+00,0.00E+00,0.00E+00,5.17810619599448,18.8057088964656,0,8612,0,0,0,0,0,0,0,0,0,0,0,0,20.6,8.83,139,4.2,35.3,15.8
0,0,0,0,0,0,0.00E+00,0.00E+00,0.00E+00,0.00E+00,0.00E+00,-0.360309427330516,17.922316357918,0,8614,0,0,0,0,0,0,0,0,0,0,0,0,13.6,15.4,121,3.67,15.7,71.8
0,0,0,0,0,0,0.00E+00,0.00E+00,0.00E+00,0.00E+00,0.00E+00,2.20787406382744,12.0836907125828,0,8616,0,0,0,0,0,0,0,0,0,0,0,0,5.73,18.7,114,3.73,1.55,12.3
0,0,0,0,0,0,0.00E+00,0.00E+00,0.00E+00,0.00E+00,0.00E+00,-0.753519664383124,8.83427546206917,0,8618,0,0,0,0,0,0,0,0,0,0,0,0,1.95,17.1,80.6,3.25,4.89,13.2
0,0,0,0,0,0,0.00E+00,0.00E+00,0.00E+00,0.00E+00,0.00E+00,-2.04480303682084,11.9488282868587,0,8620,0,0,0,0,0,0,0,0,0,0,0,0,1.66,14.6,62.8,3.37,6.39,3.2
0,0,0,0,0,0,0.00E+00,0.00E+00,0.00E+00,0.00E+00,0.00E+00,0.812887949845415,5.03904276316991,0,8622,0,0,0,0,0,0,0,0,0,0,0,0,4.4,4.45,39.2,5.26,8.86,14.1
0,0,0,0,0,0,0.00E+00,0.00E+00,0.00E+00,0.00E+00,0.00E+00,-3.95958597321195,20.0185319508703,0,8624,0,0,0,0,0,0,0,0,0,0,0,0,3.43,2.22,25.7,4.04,8.39,6.43
0,0,0,0,0,0,0.00E+00,0.00E+00,0.00E+00,0.00E+00,0.00E+00,-9.63845685364795,17.7496128830861,0,8626,0,0,0,0,0,0,0,0,0,0,0,0,11.4,10.4,36,2.96,27.4,27.2
0,0,0,0,0,0,0.00E+00,0.00E+00,0.00E+00,0.00E+00,0.00E+00,20.298434441046,23.348485902952,0,8629,0,0,0,0,0,0,0,0,0,0,0,0,12.4,17.9,46.1,2.92,18,26
0,0,0,0,0,0,0.00E+00,0.00E+00,0.00E+00,0.00E+00,0.00E+00,10.6723732945311,12.3280371260434,0,8631,0,0,0,0,0,0,0,0,0,0,0,0,12.9,27,58.6,3.19,16.7,9.72
0,0,0,0,0,0,0.00E+00,0.00E+00,0.00E+00,0.00E+00,0.00E+00,57.5881479420652,66.7726672034962,0,8633,0,0,0,0,0,0,0,0,0,0,0,0,3.36,19.8,72.1,3.69,52.1,29.1
0,0,0,0,0,0,0.00E+00,0.00E+00,0.00E+00,0.00E+00,0.00E+00,-6.37318708878598,15.7229527760035,0,8635,0,0,0,0,0,0,0,0,0,0,0,0,25.6,7.53,91.2,2.48,43.7,3.7
0,0,0,0,0,0,0.00E+00,0.00E+00,0.00E+00,0.00E+00,0.00E+00,4.73133891149184,20.3286867125951,0,8637,0,0,0,0,0,0,0,0,0,0,0,0,5.8,6.95,109,3.1,33.7,21.5
0,0,0,0,0,0,0.00E+00,0.00E+00,0.00E+00,0.00E+00,0.00E+00,9.09258529322509,17.528714116255,0,8639,0,0,0,0,0,0,0,0,0,0,0,0,13.4,19.4,118,3.71,10,48
0,0,0,0,0,0,0.00E+00,0.00E+00,0.00E+00,0.00E+00,0.00E+00,-0.66951313010091,16.6949438434201,0,8641,0,0,0,0,0,0,0,0,0,0,0,0,11.8,10.7,133,2.36,9.05,28.8
0,0,0,0,0,0,0.00E+00,0.00E+00,0.00E+00,0.00E+00,0.00E+00,-7.31143831939107,26.2551260261749,0,8643,0,0,0,0,0,0,0,0,0,0,0,0,28.2,20.6,127,1.02,37.9,24.2
0.907676815986633,0.993514895439148,1.05123472213745,1.03149902820587,1.05245137214661,1.1439425945282,4.88E-01,5.91E-01,9.06E-01,9.18E-01,7.69E-01,26.4991561984303,43.0145976582764,0,8645,522,462,535,511,644,408,641,464,633,503,622,444,22.5,29.5,120,-1.47,27.4,35.9
0,0,0,0,0,0,0.00E+00,0.00E+00,0.00E+00,0.00E+00,0.00E+00,23.080177960645,30.2331581334149,0,8648,0,0,0,0,0,0,0,0,0,0,0,0,20.1,27.6,101,-2.15,12.6,30
0,0,0,0,0,0,0.00E+00,0.00E+00,0.00E+00,0.00E+00,0.00E+00,-16.3567231533089,17.280206147576,0,8650,0,0,0,0,0,0,0,0,0,0,0,0,3.44,25.8,70.6,-2.83,9.62,15.3
0,0,0,0,0,0,0.00E+00,0.00E+00,0.00E+00,0.00E+00,0.00E+00,-14.9723275580114,15.4899040708071,0,8652,0,0,0,0,0,0,0,0,0,0,0,0,5.2,19,50,-3.51,2.71,8.45
0.882456719875336,0.888157904148102,1.07320761680603,1.0895003080368,1.06895899772644,1.10108149051666,3.94E-01,5.42E-01,8.97E-01,9.33E-01,6.90E-01,-6.45261359439568,24.7529163379646,0,8654,559,488,564,501,667,399,674,454,683,500,648,436,1.74,10.1,31.2,1.66,12.2,14.9
0,0,0,0,0,0,0.00E+00,0.00E+00,0.00E+00,0.00E+00,0.00E+00,-66.8821196090146,70.4233566113108,0,8656,0,0,0,0,0,0,0,0,0,0,0,0,14,2.9,46.6,4.9,26.8,7.71
0,0,0,0,0,0,0.00E+00,0.00E+00,0.00E+00,0.00E+00,0.00E+00,-75.9427521169685,81.3545813176556,0,8658,0,0,0,0,0,0,0,0,0,0,0,0,18.2,9.92,78.7,5.02,36.4,40
0.850069642066956,0.949378728866577,1.06206607818604,1.05563974380493,1.06593680381775,1.03895854949951,4.57E-01,7.06E-01,9.28E-01,9.65E-01,8.65E-01,-0.749492234217397,4.43455236008803,0,8660,520,705,566,724,566,557,603,595,619,619,582,587,20.4,15.3,97.4,3.78,3.96,7.46
0.879263401031494,0.346405237913132,1.09540867805481,1.0556720495224,1.05912780761719,1.03037524223328,3.76E-01,5.92E-01,8.77E-01,8.46E-01,7.78E-01,-0.04262304476697,7.43715692400325,0,8662,672,390,691,315,636,253,684,261,679,263,675,277,14.4,25.7,121,2.04,6.73,26.5
0,0,0,0,0,0,0.00E+00,0.00E+00,0.00E+00,0.00E+00,0.00E+00,23.5992763448577,85.2047249328336,0,8664,0,0,0,0,0,0,0,0,0,0,0,0,17.1,27.2,125,1.86,35.2,13.4
0,0,0,0,0,0,0.00E+00,0.00E+00,0.00E+00,0.00E+00,0.00E+00,-20.4645759736602,24.3008570059098,0,8667,0,0,0,0,0,0,0,0,0,0,0,0,23,35.8,115,-0.22,33.1,4.45
0,0,0,0,0,0,0.00E+00,0.00E+00,0.00E+00,0.00E+00,0.00E+00,0.045990891252717,15.3162461827844,0,8669,0,0,0,0,0,0,0,0,0,0,0,0,16.2,41.1,89.4,2.33,11.8,80
0,0,0,0,0,0,0.00E+00,0.00E+00,0.00E+00,0.00E+00,0.00E+00,-16.0281497164218,35.1399056193153,0,8671,0,0,0,0,0,0,0,0,0,0,0,0,19.6,46.4,58.3,5.32,52.8,44.2
0,0,0,0,0,0,0.00E+00,0.00E+00,0.00E+00,0.00E+00,0.00E+00,-11.7379851021957,88.911733557757,0,8673,0,0,0,0,0,0,0,0,0,0,0,0,16.4,34.5,7.23,3.68,60.2,107
0,0,0,0,0,0,0.00E+00,0.00E+00,0.00E+00,0.00E+00,0.00E+00,-3.98532152669989,36.8438962068252,0,8675,0,0,0,0,0,0,0,0,0,0,0,0,35.1,10.1,42.2,3.03,14.3,25.4
0,0,0,0,0,0,0.00E+00,0.00E+00,0.00E+00,0.00E+00,0.00E+00,9.65724911075323,24.612095981858,0,8677,0,0,0,0,0,0,0,0,0,0,0,0,25.7,25.5,89.3,2.38,37.9,43
0,0,0,0,0,0,0.00E+00,0.00E+00,0.00E+00,0.00E+00,0.00E+00,4.52621870276831,11.7768613125703,0,8679,0,0,0,0,0,0,0,0,0,0,0,0,20.8,42.5,129,1.72,8.43,16.6
0,0,0,0,0,0,0.00E+00,0.00E+00,0.00E+00,0.00E+00,0.00E+00,4.21318884818982,4.48801272581711,0,8681,0,0,0,0,0,0,0,0,0,0,0,0,4.52,38,158,1.07,3.44,22.5
0,0,0,0,0,0,0.00E+00,0.00E+00,0.00E+00,0.00E+00,0.00E+00,17.2116236497461,17.9277640349172,0,8683,0,0,0,0,0,0,0,0,0,0,0,0,3.55,24.3,168,0.415,9.16,6.8
0,0,0,0,0,0,0.00E+00,0.00E+00,0.00E+00,0.00E+00,0.00E+00,3.77116316591584,11.6591013972545,0,8685,0,0,0,0,0,0,0,0,0,0,0,0,4.83,11.1,166,-0.239,8.29,16.9
0,0,0,0,0,0,0.00E+00,0.00E+00,0.00E+00,0.00E+00,0.00E+00,14.2805309076615,19.3786634124431,0,8688,0,0,0,0,0,0,0,0,0,0,0,0,2.56,4.61,143,-0.893,0.823,12
0,0,0,0,0,0,0.00E+00,0.00E+00,0.00E+00,0.00E+00,0.00E+00,-2.21036955003663,11.607101868018,1,8690,0,0,0,0,0,0,0,0,0,0,0,0,6.93,2.92,115,-1.55,1.12,19.8
0,0,0,0,0,0,0.00E+00,0.00E+00,0.00E+00,0.00E+00,0.00E+00,-0.027389015758192,28.7374102720139,1,8692,0,0,0,0,0,0,0,0,0,0,0,0,14.7,6.88,93.3,-2.2,26.7,17.5
0,0,0,0,0,0,0.00E+00,0.00E+00,0.00E+00,0.00E+00,0.00E+00,30.7720660335725,41.7512676799302,1,8694,0,0,0,0,0,0,0,0,0,0,0,0,22.4,16.4,89.5,-2.85,20.8,20.4
0,0,0,0,0,0,0.00E+00,0.00E+00,0.00E+00,0.00E+00,0.00E+00,3.49944666183443,8.94559176695527,1,8696,0,0,0,0,0,0,0,0,0,0,0,0,8.86,21.8,110,-3.51,13.7,21.3
0,0,0,0,0,0,0.00E+00,0.00E+00,0.00E+00,0.00E+00,0.00E+00,-2.46691256207841,12.0552027828435,1,8698,0,0,0,0,0,0,0,0,0,0,0,0,9.79,20.3,137,-3.17,13.5,11.9
0,0,0,0,0,0,0.00E+00,0.00E+00,0.00E+00,0.00E+00,0.00E+00,8.43785078639233,11.2310898488928,1,8700,0,0,0,0,0,0,0,0,0,0,0,0,5.55,11.1,157,-3.26,7.79,12.1
0,0,0,0,0,0,0.00E+00,0.00E+00,0.00E+00,0.00E+00,0.00E+00,31.5160639842253,91.7565426843263,1,8702,0,0,0,0,0,0,0,0,0,0,0,0,10.2,5.96,165,-3.36,28,9.26
0,0,0,0,0,0,0.00E+00,0.00E+00,0.00E+00,0.00E+00,0.00E+00,17.1572294790089,70.6663946787862,1,8704,0,0,0,0,0,0,0,0,0,0,0,0,7.33,3.84,172,-3.35,30.1,9.14
0,0,0,0,0,0,0.00E+00,0.00E+00,0.00E+00,0.00E+00,0.00E+00,-0.350023477788592,22.8922489902078,1,8707,0,0,0,0,0,0,0,0,0,0,0,0,16.6,8.7,164,-3.34,37,38.6
0,0,0,0,0,0,0.00E+00,0.00E+00,0.00E+00,0.00E+00,0.00E+00,-0.579179492401802,23.2164730790769,1,8709,0,0,0,0,0,0,0,0,0,0,0,0,1.39,19.7,150,-3.33,0.203,30.3
0,0,0,0,0,0,0.00E+00,0.00E+00,0.00E+00,0.00E+00,0.00E+00,-0.189002205353441,10.7171838179645,1,8711,0,0,0,0,0,0,0,0,0,0,0,0,6.03,15.1,141,-3.32,10.7,5.48
0,0,0,0,0,0,0.00E+00,0.00E+00,0.00E+00,0.00E+00,0.00E+00,-19.5592585344905,37.586121788025,1,8713,0,0,0,0,0,0,0,0,0,0,0,0,5.4,7.57,143,-3.32,4.62,11.8
0.84464418888092,0,1.07084381580353,1.45104146003723,1.13022029399872,1.3452091217041,4.22E-01,5.93E-01,9.02E-01,8.83E-01,7.45E-01,30.5296092814561,42.5312615669224,1,8715,430,231,0,0,359,358,327,315,297,291,352,323,14.2,14.2,143,-3.31,26.3,29
0,0,0,0,0,0,0.00E+00,0.00E+00,0.00E+00,0.00E+00,0.00E+00,-24.2297972833633,27.3936171174119,1,8717,0,0,0,0,0,0,0,0,0,0,0,0,34,26.2,133,-3.3,55.1,29.4
0,0,1.05758702754974,1.21643531322479,1.12976121902466,1.38778924942017,4.50E-01,0.00E+00,9.84E-01,8.59E-01,8.16E-01,-4.73193586090141,5.85060124791855,1,8719,0,0,0,0,730,169,702,124,699,86.5,723,132,32.1,38.3,141,-3.29,35.3,42.7
0,0,0,0,0,0,0.00E+00,0.00E+00,0.00E+00,0.00E+00,0.00E+00,-16.2087444055571,34.4828025438848,1,8721,0,0,0,0,0,0,0,0,0,0,0,0,26.1,44.8,143,-3.28,23.3,18.2
0.938521206378937,0,1.0802389383316,1.21834778785706,1.12221932411194,1.74818360805511,4.16E-01,7.00E-01,9.31E-01,9.16E-01,7.76E-01,5.060749774986,12.623216273742,1,8723,615,242,0,0,560,349,545,301,553,297,568,303,16,48.3,147,-3.27,11.1,62.8
0,1.07227492332459,0.909290492534637,1.0654205083847,1.01327431201935,0.963281214237213,5.16E-01,6.33E-01,9.31E-01,9.49E-01,8.56E-01,4.36459639671696,9.02603394229328,1,8726,0,0,0,0,0,0,0,0,0,0,0,0,14.4,34.1,167,-3.26,1.54,23
0,0,0,0,0,0,0.00E+00,0.00E+00,0.00E+00,0.00E+00,0.00E+00,9.64805342622715,47.4857750722843,1,8728,0,0,0,0,0,0,0,0,0,0,0,0,6.58,11.9,183,-3.26,5.23,13.3
0,0,0,0,0,0,0.00E+00,0.00E+00,0.00E+00,0.00E+00,0.00E+00,5.99955905986753,32.1387432318512,1,8730,0,0,0,0,0,0,0,0,0,0,0,0,7.75,2.89,215,-3.25,11,15.2
0.917663931846619,0,1.06249487400055,1.15492033958435,1.14570713043213,1.61405992507935,4.63E-01,6.23E-01,9.34E-01,8.93E-01,8.15E-01,-11.1286542812158,30.2882389582347,1,8732,214,382,0,0,74.8,369,100,320,121,289,103,347,7.52,2.12,247,-3.24,24.8,5.69
0.883641362190247,0.986341834068298,1.09807145595551,1.20227229595184,1.10950791835785,1.78278636932373,4.07E-01,5.62E-01,9.30E-01,9.03E-01,7.36E-01,-7.83687884373162,13.28655208798,1,8734,522,383,526,346,389,352,419,313,423,291,435,333,7.66,2.09,269,-3.23,17.2,7.38
0,0,0,0,0,0,0.00E+00,0.00E+00,0.00E+00,0.00E+00,0.00E+00,1.03133933805885,2.22476099577269,1,8736,0,0,0,0,0,0,0,0,0,0,0,0,5.09,1.73,293,-3.22,5.15,14.6
0,0,0,0,0,0,0.00E+00,0.00E+00,0.00E+00,0.00E+00,0.00E+00,3.29292352576389,10.0487410151104,1,8738,0,0,0,0,0,0,0,0,0,0,0,0,3.91,5.62,312,-3.21,9.81,20.7
0,0,0,0,0,0,0.00E+00,0.00E+00,0.00E+00,0.00E+00,0.00E+00,0.682669278500204,8.52684408290799,1,8740,0,0,0,0,0,0,0,0,0,0,0,0,2.1,6.16,306,-3.21,8.1,6.2
0,0,0,0,0,0,0.00E+00,0.00E+00,0.00E+00,0.00E+00,0.00E+00,3.14200094687904,9.30461416166631,1,8742,0,0,0,0,0,0,0,0,0,0,0,0,8.62,8.58,292,-3.2,31,19.4
0.841095864772797,0,0,0,0.91780823469162,0,9.41E-01,0.00E+00,0.00E+00,0.00E+00,0.00E+00,-27.4705448681035,42.4151731477508,1,8745,0,0,0,0,0,0,0,0,0,0,0,0,16.6,16.8,248,-3.19,16.6,79.1
0,0,1.04791355133057,1.10726141929626,1.10452342033386,1.70299291610718,5.05E-01,6.55E-01,9.50E-01,9.21E-01,8.68E-01,-15.9976691126488,23.8219618839266,1,8747,0,0,0,0,55.4,485,101,513,153,528,77.8,521,7.3,13.9,208,-3.18,24.9,16.5
0,0,0,0,0,0,0.00E+00,0.00E+00,0.00E+00,0.00E+00,0.00E+00,13.996585926557,23.6638833827748,0,8749,0,0,0,0,0,0,0,0,0,0,0,0,11,2.76,160,-3.17,10.7,44.5
0,0,0,0,0,0,0.00E+00,0.00E+00,0.00E+00,0.00E+00,0.00E+00,29.0953850424369,37.9896882670518,0,8751,0,0,0,0,0,0,0,0,0,0,0,0,14.8,4.4,112,-3.16,16.8,31.5
0,0,0,0,0,0,0.00E+00,0.00E+00,0.00E+00,0.00E+00,0.00E+00,3.2116781388429,4.40092835175815,0,8753,0,0,0,0,0,0,0,0,0,0,0,0,3.31,12.3,65.2,-3.16,3.59,8.5
0,0,0,0,0,0,0.00E+00,0.00E+00,0.00E+00,0.00E+00,0.00E+00,-1.7346124836536,3.20818039748284,0,8755,0,0,0,0,0,0,0,0,0,0,0,0,7.75,9.34,26.2,-3.15,7.17,20.4
0,0,0,0,0,0,0.00E+00,0.00E+00,0.00E+00,0.00E+00,0.00E+00,3.34379294101797,4.49356139096003,0,8757,0,0,0,0,0,0,0,0,0,0,0,0,0.991,3.03,6.52,-3.14,4.83,8.98
1.28170764446259,1.01059317588806,1.05162858963013,1.09906542301178,0.950307071208954,0.948890268802643,5.10E-01,7.18E-01,9.89E-01,9.47E-01,1.05E+00,1.38567762763926,2.12221577946435,0,8759,0,0,0,0,0,0,0,0,0,0,0,0,4.67,1.45,31.6,-3.13,5.54,24.6
0,0,0,0,0,0,0.00E+00,0.00E+00,0.00E+00,0.00E+00,0.00E+00,-9.14481756376752,18.3136018075911,0,8761,0,0,0,0,0,0,0,0,0,0,0,0,4.98,4.49,37.9,-3.12,13.3,4.57
0,0,0,0,0,0,0.00E+00,0.00E+00,0.00E+00,0.00E+00,0.00E+00,6.24624230924198,11.2934726868925,0,8763,0,0,0,0,0,0,0,0,0,0,0,0,7.05,5.02,41,-3.11,4.74,19.4
0,0,0,0,0,0,0.00E+00,0.00E+00,0.00E+00,0.00E+00,0.00E+00,-2.1691035547805,17.3911999171193,0,8766,0,0,0,0,0,0,0,0,0,0,0,0,0.823,5.42,28,-3.11,0.77,19.7
0.600268661975861,0.55981308221817,0,0.542471051216126,1.09641528129578,0.49553570151329,4.90E-01,5.31E-01,5.12E-01,5.02E-01,6.09E-01,-8.30781221540942,21.0130287118194,0,8768,0,0,0,0,0,0,0,0,0,0,0,0,5.16,8.01,24.4,-3.1,11.1,6.18
1.00038158893585,0.923250555992126,1.07856369018555,1.08894610404968,1.09602355957031,1.67036032676697,4.16E-01,6.38E-01,9.44E-01,8.95E-01,7.55E-01,2.48485433482317,11.6832503215553,0,8770,317,168,243,196,422,255,377,301,338,299,380,262,3.1,10.4,21.4,-3.09,4.16,20.9
0,0,0,0,0,0,0.00E+00,0.00E+00,0.00E+00,0.00E+00,0.00E+00,-5.53338692936949,30.7884063765401,0,8772,0,0,0,0,0,0,0,0,0,0,0,0,5.97,4.42,17.8,-3.08,16.1,4.13
0,0,0,0,0,0,0.00E+00,0.00E+00,0.00E+00,0.00E+00,0.00E+00,-1.12361480536006,1.80804261881217,0,8774,0,0,0,0,0,0,0,0,0,0,0,0,5.89,3.86,27.1,-3.07,1.13,10.5
0,0,0,0,0,0,0.00E+00,0.00E+00,0.00E+00,0.00E+00,0.00E+00,-0.746426973800738,2.20747599820581,0,8776,0,0,0,0,0,0,0,0,0,0,0,0,1.73,4.98,42.7,-3.06,5.77,7.91
0,0,0,0,0,0,0.00E+00,0.00E+00,0.00E+00,0.00E+00,0.00E+00,7.69754029104612,16.2098514041603,0,8778,0,0,0,0,0,0,0,0,0,0,0,0,6.95,11.4,39.4,-3.05,14.4,19
0,0,0,0,0,0,0.00E+00,0.00E+00,0.00E+00,0.00E+00,0.00E+00,2.6168884617142,4.12693306114978,0,8780,0,0,0,0,0,0,0,0,0,0,0,0,5.9,7.43,39.1,-3.05,10.5,12.7
0,0,0,0,0,0,0.00E+00,0.00E+00,0.00E+00,0.00E+00,0.00E+00,-9.31599356895309,20.4247474508098,0,8782,0,0,0,0,0,0,0,0,0,0,0,0,3.51,9.03,44.4,-3.04,12.7,20.1
0,0,0,0,0,0,0.00E+00,0.00E+00,0.00E+00,0.00E+00,0.00E+00,4.5342832732485,20.0512948750176,0,8785,0,0,0,0,0,0,0,0,0,0,0,0,4.44,4.25,33.2,-3.03,9.87,12.5
0,0,0,0,0,0,0.00E+00,0.00E+00,0.00E+00,0.00E+00,0.00E+00,1.55859997977881,31.0586223005658,0,8787,0,0,0,0,0,0,0,0,0,0,0,0,2.39,3.44,19.3,-3.02,6.43,31
0.85401052236557,1.06140351295471,1.09825038909912,1.15072810649872,1.10020852088928,1.5292466878891,4.60E-01,6.20E-01,8.72E-01,8.64E-01,6.73E-01,7.26775792653247,32.1251896877742,0,8789,592,385,606,441,725,375,710,427,726,462,686,399,3.44,5.82,14,-3.01,24.5,13.8
0.855199098587036,0,1.08598875999451,1.17584753036499,1.11580061912537,1.45413911342621,4.36E-01,5.87E-01,9.22E-01,8.49E-01,6.72E-01,0.602696876732136,12.3409804377896,0,8791,443,325,0,0,590,362,559,400,541,432,560,378,2.86,6.33,12.2,-3,8.92,19.5
0.890247106552124,0,1.10745942592621,1.12927603721619,0,1.45314204692841,4.49E-01,6.83E-01,8.34E-01,9.01E-01,7.53E-01,3.94925527843774,19.1907434196506,0,8793,300,230,0,0,405,305,378,340,0,0,367,313,4.16,4.09,23.1,-3,7.3,6.29
0.859114050865173,0.909806311130524,1.08615171909332,1.12693464756012,1.1110258102417,1.50568997859955,4.30E-01,5.98E-01,8.73E-01,8.68E-01,7.60E-01,0.962280722543235,11.3934984505396,0,8795,249,381,225,418,368,462,327,493,308,509,326,467,2.04,6.33,32.2,-2.99,8.68,17.1
1.00926876068115,0.89307314157486,1.06852972507477,1.10308265686035,0,1.38472783565521,4.57E-01,6.40E-01,9.01E-01,8.76E-01,1.04E+00,1.97176362460376,6.28754709746905,0,8797,242,304,252,365,339,397,301,433,0,0,298,396,1.99,5.07,43.1,-2.98,15.5,12.3
0,0,0,0,0,0,0.00E+00,0.00E+00,0.00E+00,0.00E+00,0.00E+00,2.67256023153758,8.59559529685976,0,8799,0,0,0,0,0,0,0,0,0,0,0,0,6.12,6.92,44.2,-2.97,12.2,18.3
0,0,0,0,0,0,0.00E+00,0.00E+00,0.00E+00,0.00E+00,0.00E+00,-1.81078920722317,9.36412475922564,0,8801,0,0,0,0,0,0,0,0,0,0,0,0,1.94,3.51,47.9,-2.96,6.77,8.97
0,0,0,0,0,0,0.00E+00,0.00E+00,0.00E+00,0.00E+00,0.00E+00,-6.96280467008624,23.8554539939921,0,8804,0,0,0,0,0,0,0,0,0,0,0,0,5.34,3.24,44.3,-2.95,19.1,24.5
0.868830263614655,0.901106059551239,1.06839430332184,1.11584305763245,1.08791589736938,1.33903062343597,4.51E-01,5.87E-01,1.03E+00,8.76E-01,6.54E-01,6.83509201377846,11.7826409518316,0,8806,410,547,379,571,551,591,517,638,491,658,518,609,11.6,5.91,47.5,-2.95,13.8,9.57
0.867229580879211,0,1.06572365760803,1.17556893825531,1.10278475284576,1.44322919845581,4.72E-01,5.99E-01,9.09E-01,8.44E-01,9.65E-01,-14.9500455302575,23.2560064046485,0,8808,541,473,0,0,674,484,649,537,633,565,649,505,6.34,14.5,42.4,-2.94,12.2,33.7
0.861131548881531,0,1.08140707015991,1.12192893028259,1.10877704620361,1.32600486278534,4.48E-01,7.00E-01,9.13E-01,8.77E-01,7.55E-01,-2.21196413396573,2.43414887565386,0,8810,288,618,0,0,422,603,412,648,435,670,393,633,2.25,16.9,39,-2.93,1.96,8.42
0,0,0,0,0,0,0.00E+00,0.00E+00,0.00E+00,0.00E+00,0.00E+00,7.11187733321849,14.8671791970461,0,8812,0,0,0,0,0,0,0,0,0,0,0,0,0.886,8.77,41.2,-2.92,12,7.46
0.686931133270264,0.894952237606049,1,0,1.31432676315308,0.991836726665497,4.99E-01,4.76E-01,6.35E-01,5.51E-01,0.00E+00,-11.6189168895749,21.0464747211258,0,8814,0,0,0,0,0,0,0,0,0,0,0,0,2.19,6.68,41.8,-2.91,5.86,14.8
0.857558190822601,0.922425031661987,1.05174171924591,1.12178659439087,1.0998067855835,1.38777220249176,4.05E-01,5.78E-01,8.81E-01,8.49E-01,7.73E-01,21.3777543084327,22.871917743536,0,8816,164,374,178,414,307,338,298,388,298,417,278,365,7.73,1.21,41.9,-2.9,11.8,3.53
0,0,0,0,0,0,0.00E+00,0.00E+00,0.00E+00,0.00E+00,0.00E+00,-0.419120267273434,8.38296770390519,0,8818,0,0,0,0,0,0,0,0,0,0,0,0,7.31,4.76,50.2,-2.9,7.39,29.1
0.841737806797028,0.923582971096039,0,0,0,1.47327220439911,4.34E-01,6.29E-01,0.00E+00,8.52E-01,7.36E-01,-5.5759181873367,5.58221594575019,0,8820,0,0,0,0,0,0,0,0,0,0,0,0,9.38,3.9,53.1,-2.89,14.5,10.7
0,0,0,0,0,0,0.00E+00,0.00E+00,0.00E+00,0.00E+00,0.00E+00,13.7903247064025,20.2122100213285,0,8823,0,0,0,0,0,0,0,0,0,0,0,0,2.33,3.66,66.1,-2.88,6.22,24
0.869381368160248,0.820826947689056,0.947514712810516,1.09090912342072,0.912556052207947,1.13874304294586,4.84E-01,6.57E-01,1.17E+00,6.41E-01,6.25E-01,-23.9079814051538,27.5346539868116,0,8825,0,0,0,0,0,0,0,0,0,0,0,0,3.27,3.32,65.8,-2.87,9.49,15.2
0.847103297710419,0.911407053470612,1.06255233287811,1.16256773471832,1.12665545940399,1.24554824829102,4.77E-01,5.62E-01,8.82E-01,8.50E-01,7.95E-01,11.1112927626896,26.1086346893202,0,8827,259,309,264,347,387,359,356,402,357,442,343,370,7.26,1.31,72.7,-2.86,7.6,17.5
0.885177731513977,0,1.0496381521225,1.13709950447083,1.09198367595673,1.31340420246124,4.46E-01,5.84E-01,8.64E-01,8.34E-01,6.90E-01,2.36466663895798,23.335621187434,0,8829,202,312,0,0,338,358,299,400,268,415,299,368,4.67,3.3,65.3,-2.85,3.28,33.7
0.875894486904144,0,1.05092203617096,1.11726069450378,1.12678837776184,1.12060737609863,4.31E-01,6.28E-01,9.04E-01,8.83E-01,8.32E-01,39.3329511840434,39.8875951859073,0,8831,196,297,0,0,339,334,312,372,305,376,302,360,5.46,7.66,62.6,-2.86,32,4.49
0.871354222297668,0.956935286521912,1.06814134120941,1.1758930683136,0,1.26838457584381,4.69E-01,6.42E-01,1.20E+00,9.27E-01,1.20E+00,-2.78000473635956,10.689249628286,0,8833,375,313,419,250,459,267,433,305,0,0,417,280,5.92,1.42,57,-2.87,2.15,19.2
0.877637267112732,0.905589461326599,0.991902828216553,1.16910982131958,1.13697421550751,1.11583530902863,4.79E-01,5.96E-01,9.19E-01,8.89E-01,8.23E-01,-23.1046180369333,39.0325391874229,0,8835,622,275,607,307,717,373,734,363,714,381,742,348,10,7.55,46.5,-2.88,14.1,27.7
0,0,0,0,0,0,0.00E+00,0.00E+00,0.00E+00,0.00E+00,0.00E+00,-28.8675837475874,33.2903999053512,0,8837,0,0,0,0,0,0,0,0,0,0,0,0,9.21,6.24,39.4,-2.89,8.38,21.9
0.814379155635834,0.91546094417572,1.03355741500855,1.16460943222046,1.18089365959167,1.19198632240295,4.36E-01,6.26E-01,8.81E-01,8.54E-01,8.70E-01,26.8297819309585,39.0484727698022,0,8839,531,201,549,231,662,202,658,247,673,276,635,230,8.94,9.95,32.7,-2.9,24,35
0.844054102897644,0.927777767181397,1.08800315856934,1.18513715267181,1.17673242092133,1.16464853286743,4.24E-01,5.93E-01,8.72E-01,8.62E-01,7.76E-01,18.6679100958079,24.5279428055725,0,8842,130,369,159,406,261,348,260,392,284,416,236,380,3.8,9.38,18.7,-2.91,24.7,22.8
0.89557421207428,0.934812784194946,1.09200823307037,1.1756306886673,1.16886270046234,1.13792932033539,4.03E-01,6.94E-01,8.91E-01,8.67E-01,6.79E-01,-17.6871563296389,18.4378060924131,0,8844,436,576,497,561,505,460,533,488,559,482,514,499,4.62,5.77,7.36,-2.92,13.8,37.5
0,0,0,0,0.854700863361359,0,0.00E+00,0.00E+00,0.00E+00,0.00E+00,0.00E+00,1.6673877787031,10.3028839671596,0,8846,0,0,0,0,0,0,0,0,0,0,0,0,5.27,3.56,6.71,-2.93,2,24.3
0,0,0,0,0,0,0.00E+00,0.00E+00,0.00E+00,0.00E+00,0.00E+00,-24.9016661811441,25.717538826024,0,8848,0,0,0,0,0,0,0,0,0,0,0,0,4.79,8.61,15.7,-2.94,27.6,25
0.814114689826965,0,1.02949488162994,1.18091344833374,1.12090110778809,1.14297759532928,4.18E-01,6.22E-01,8.92E-01,8.73E-01,0.00E+00,-0.692810803814293,5.44091560877618,0,8850,174,577,0,0,150,431,203,442,240,452,179,458,3.71,9.2,25.7,-2.94,2.28,7.72
0.825534880161285,0.925503015518189,1.05967664718628,1.1710307598114,1.13189506530762,1.18350696563721,4.44E-01,5.78E-01,8.74E-01,8.50E-01,7.71E-01,-14.2342344032924,22.2418069513753,0,8852,144,446,193,440,140,306,190,324,228,322,163,337,3.71,8.73,32.2,-2.95,7.43,10.9
0.858146786689758,0.90040647983551,1.06459605693817,1.14549267292023,1.10806000232697,1.21079695224762,4.36E-01,6.03E-01,9.10E-01,8.60E-01,7.44E-01,-57.9393535910301,58.1013062379681,0,8854,151,483,186,484,139,335,184,349,227,348,163,366,8.01,8.98,42.4,-2.96,31,41.6
0.844274997711182,0.93161815404892,1.05908918380737,1.13445055484772,1.1096099615097,1.11586666107178,4.23E-01,6.06E-01,8.87E-01,8.50E-01,7.02E-01,3.21887051596237,3.45350868868478,0,8856,159,495,203,481,148,347,195,360,226,358,171,378,8.07,6.65,50.6,-2.97,6.12,17.9
0,0,0,0,0,0,0.00E+00,0.00E+00,0.00E+00,0.00E+00,0.00E+00,-1.63829996032958,6.3250268974846,0,8858,0,0,0,0,0,0,0,0,0,0,0,0,17.4,10.6,50.4,-2.98,22.8,46.1
0,0,0,0,0,0,0.00E+00,0.00E+00,0.00E+00,0.00E+00,0.00E+00,8.00780892738282,8.07412633298029,0,8860,0,0,0,0,0,0,0,0,0,0,0,0,3.67,9.39,62.2,-2.99,3.03,24.8
0,0,0,0,0,0,0.00E+00,0.00E+00,0.00E+00,0.00E+00,0.00E+00,-5.78163773658535,7.0843481327877,0,8863,0,0,0,0,0,0,0,0,0,0,0,0,6.6,6.3,62.9,-3.53,8.65,18.1
0,0,0,0,0,0,0.00E+00,0.00E+00,0.00E+00,0.00E+00,0.00E+00,-10.6034818356492,13.2578755296122,0,8865,0,0,0,0,0,0,0,0,0,0,0,0,2.76,11.7,62.1,-3.41,9.75,24.3
0,0,0,0,0,0,0.00E+00,0.00E+00,0.00E+00,0.00E+00,0.00E+00,7.49892944320667,7.62086514606287,0,8867,0,0,0,0,0,0,0,0,0,0,0,0,1.18,8.88,50.1,-3.29,16.3,22.2
0,0,0,0,0,0,0.00E+00,0.00E+00,0.00E+00,0.00E+00,0.00E+00,-21.4960834844106,25.7206515122697,1,8869,0,0,0,0,0,0,0,0,0,0,0,0,7.78,10.1,49.8,-2.57,18.2,31.9
0.824115872383118,0,1.07609260082245,1.14472675323486,1.13566696643829,1.24584817886353,5.17E-01,6.86E-01,8.94E-01,8.44E-01,7.91E-01,1.19866290609527,4.89610681553442,1,8871,213,436,0,0,273,346,308,334,332,342,302,368,9.19,11.8,47.1,-1.85,25.9,32.7
0.615684688091278,0,0,0,0.86464649438858,0.793811559677124,5.46E-01,4.60E-01,5.91E-01,4.72E-01,7.20E-01,10.3969966023471,10.7309318827448,1,8873,0,0,0,0,0,0,0,0,0,0,0,0,11.8,1.27,39.5,-2.3,23,33
0.851176798343658,0.921875,1.04981255531311,1.14508008956909,1.12814021110535,1.17182421684265,4.48E-01,6.21E-01,8.69E-01,8.42E-01,7.95E-01,-3.49641655075458,4.91160363251359,1,8875,204,419,225,429,248,288,286,315,290,324,267,326,2.28,7.13,38.1,-2.75,5.19,26.4
0,0,0,0,0,0,0.00E+00,0.00E+00,0.00E+00,0.00E+00,0.00E+00,-1.88155016597346,3.88506595457429,1,8877,0,0,0,0,0,0,0,0,0,0,0,0,11,5.88,43.9,-3.2,4.94,22.9
0,0,0,0,0,0,0.00E+00,0.00E+00,0.00E+00,0.00E+00,0.00E+00,-6.09187004462564,9.2377910426184,1,8879,0,0,0,0,0,0,0,0,0,0,0,0,12.5,9.72,43.5,-3.13,29.7,49
0,0,0,0,0,0,0.00E+00,0.00E+00,0.00E+00,0.00E+00,0.00E+00,-13.8303704969684,14.6788316093613,1,8882,0,0,0,0,0,0,0,0,0,0,0,0,10.1,11.1,48.2,-1.17,28.4,5.49
0,0,0,0,0,0,0.00E+00,0.00E+00,0.00E+00,0.00E+00,0.00E+00,-0.070907326546007,20.3846747444542,1,8884,0,0,0,0,0,0,0,0,0,0,0,0,25.4,19,46.2,-1.19,32.8,31.5
0,0,0,0,0,0,0.00E+00,0.00E+00,0.00E+00,0.00E+00,0.00E+00,-7.00798612769518,15.5827364827612,1,8886,0,0,0,0,0,0,0,0,0,0,0,0,34.6,33.6,55.1,-1.61,9.93,17.8
0,0,0,0,0,0,0.00E+00,0.00E+00,0.00E+00,0.00E+00,0.00E+00,2.86130018196578,9.29569546842652,1,8888,0,0,0,0,0,0,0,0,0,0,0,0,27.2,53.3,57.9,-2.7,14.4,39.5
0,0,0,0,0,0,0.00E+00,0.00E+00,0.00E+00,0.00E+00,0.00E+00,-1.88197027444741,3.65000990117983,1,8890,0,0,0,0,0,0,0,0,0,0,0,0,17.3,53.1,82,-2.01,17.4,40.5
0,0,0,0,0,0,0.00E+00,0.00E+00,0.00E+00,0.00E+00,0.00E+00,-0.557518856304136,7.9164728134627,1,8892,0,0,0,0,0,0,0,0,0,0,0,0,17.7,55.5,114,-1.32,50,7.23
0,0,0,0,0,0,0.00E+00,0.00E+00,0.00E+00,0.00E+00,0.00E+00,34.122714206948,39.2726733886569,1,8894,0,0,0,0,0,0,0,0,0,0,0,0,30.3,39.8,149,-2.11,55.4,82.1
0,0,0,0,0,0,0.00E+00,0.00E+00,0.00E+00,0.00E+00,0.00E+00,44.2677957210132,47.5043489653197,1,8896,0,0,0,0,0,0,0,0,0,0,0,0,19.2,41,205,-1.18,34.7,21.2
0,0,0,0,0,0,0.00E+00,0.00E+00,0.00E+00,0.00E+00,0.00E+00,12.6839796540855,13.9874599467417,1,8898,0,0,0,0,0,0,0,0,0,0,0,0,8.42,42.6,257,-1.86,13.7,39.2
0,0,0,0,0,0,0.00E+00,0.00E+00,0.00E+00,0.00E+00,0.00E+00,53.5592686496593,53.9837096346917,1,8901,0,0,0,0,0,0,0,0,0,0,0,0,12.8,28.5,341,-2.39,19,43.3
0.905901432037354,0,1.06658148765564,1.13334000110626,1.06449568271637,1.74139702320099,5.69E-01,6.91E-01,0.00E+00,8.84E-01,9.27E-01,-52.9338403042624,61.0628339316274,1,8903,177,743,0,0,154,592,189,644,174,657,164,627,0.969,19.3,393,-2.36,66.7,8.95
0,0,0,0,0.926567137241364,0.920389473438263,0.00E+00,9.52E-01,1.07E+00,0.00E+00,0.00E+00,-13.9997331233594,14.0602549858941,1,8905,0,0,0,0,0,0,0,0,0,0,0,0,9.82,1.52,437,-2.51,16.5,51.2
0.924767971038818,0,1.07234036922455,1.15792059898376,1.080650806427,1.47137224674225,5.16E-01,6.22E-01,8.54E-01,9.59E-01,9.18E-01,-4.03008815291368,11.9869855798637,1,8907,344,517,0,0,383,320,426,381,474,479,402,351,5.36,9.43,469,-3.26,9.97,33
0.903926432132721,0,1.11453354358673,1.29853475093842,1.07987463474274,1.637939453125,4.07E-01,6.17E-01,8.88E-01,9.23E-01,7.84E-01,-7.20067438054041,16.0152731784747,1,8909,217,383,0,0,346,299,355,353,340,369,337,340,6.41,15.8,491,-3.02,5.28,9.32
0.895948171615601,0.907894730567932,1.11685216426849,1.23875176906586,1.05746424198151,1.52358651161194,4.18E-01,6.18E-01,8.98E-01,9.42E-01,7.77E-01,-91.1526770278764,94.3033712479144,1,8911,347,425,322,393,455,327,469,373,459,380,446,369,16.6,15.8,498,-2.79,31,38.2
0.916950464248657,1.0042918920517,1.0436794757843,1.08001756668091,1.04452359676361,1.61088609695435,4.74E-01,6.41E-01,9.05E-01,9.25E-01,8.51E-01,-8.50350745646007,77.3441319717531,1,8913,482,426,433,410,480,291,513,337,532,344,479,336,28.8,26.8,495,-2.56,41.3,18.1
0.905462861061096,0.919374227523804,1.05076146125793,1.07266485691071,1.05249583721161,1.67462980747223,4.35E-01,6.94E-01,8.84E-01,9.12E-01,7.77E-01,3.68711026065624,21.7163983553979,1,8915,495,297,500,300,583,165,615,211,600,244,590,203,37.4,33.7,473,-2.33,39.5,37.7
0,0,0,0,0,0,0.00E+00,0.00E+00,0.00E+00,0.00E+00,0.00E+00,8.42128420798051,26.0410921268007,1,8917,0,0,0,0,0,0,0,0,0,0,0,0,14.7,35.3,442,-2.1,17.1,12.8
0,0,0,0,0,0,0.00E+00,0.00E+00,0.00E+00,0.00E+00,0.00E+00,-2.64690065436529,13.0110314727193,1,8920,0,0,0,0,0,0,0,0,0,0,0,0,25.7,22.3,372,-1.87,20.3,73.8
0,0,0,0,0,0,0.00E+00,0.00E+00,0.00E+00,0.00E+00,0.00E+00,42.7344677782335,86.6542769017912,1,8922,0,0,0,0,0,0,0,0,0,0,0,0,32.4,19.5,320,-1.64,50.1,80
0,0,0,0,0,0,0.00E+00,0.00E+00,0.00E+00,0.00E+00,0.00E+00,5.23570099881635,63.2361889027961,1,8924,0,0,0,0,0,0,0,0,0,0,0,0,9.06,39.2,268,-1.4,15,118
0,0,0,0,0,0,0.00E+00,0.00E+00,0.00E+00,0.00E+00,0.00E+00,0.948109056184803,38.3152298540974,1,8926,0,0,0,0,0,0,0,0,0,0,0,0,30,21,219,-1.17,26.1,44.5
0,0,0,0,0,0,0.00E+00,0.00E+00,0.00E+00,0.00E+00,0.00E+00,-0.426974234680161,16.7314994650901,1,8928,0,0,0,0,0,0,0,0,0,0,0,0,15.8,12,174,-0.941,11.4,66.6
0,0,0,0,0,0,0.00E+00,0.00E+00,0.00E+00,0.00E+00,0.00E+00,-8.2967466357304,70.8078377132982,0,8930,0,0,0,0,0,0,0,0,0,0,0,0,14.5,17.3,141,-0.71,29.8,36.4
0,0,0,0,0,0,0.00E+00,0.00E+00,0.00E+00,0.00E+00,0.00E+00,-11.6049252409607,51.1952213385811,0,8932,0,0,0,0,0,0,0,0,0,0,0,0,19.3,30.4,117,-0.478,23.9,44.4
0,0,0,0,0,0,0.00E+00,0.00E+00,0.00E+00,0.00E+00,0.00E+00,11.4050393562721,41.5672020821106,0,8934,0,0,0,0,0,0,0,0,0,0,0,0,5.45,15.5,104,-0.247,47.1,68.8
0,0,0,0,0,0,0.00E+00,0.00E+00,0.00E+00,0.00E+00,0.00E+00,0.255206937601276,39.8380025408183,0,8936,0,0,0,0,0,0,0,0,0,0,0,0,17.8,16.2,90.8,-0.0152,32.4,31.6
0,0,0,0,0,0,0.00E+00,0.00E+00,0.00E+00,0.00E+00,0.00E+00,3.49807746107595,26.5613677978441,0,8938,0,0,0,0,0,0,0,0,0,0,0,0,19.3,17.4,94.6,0.216,28.5,32.2
0,0,0,0,0,0,0.00E+00,0.00E+00,0.00E+00,0.00E+00,0.00E+00,1.82685965276813,32.3646803304087,0,8941,0,0,0,0,0,0,0,0,0,0,0,0,6.77,24.9,83.1,0.448,17.2,25.5
0,0,0,0,0,0,0.00E+00,0.00E+00,0.00E+00,0.00E+00,0.00E+00,-1.49066941897822,3.78814643446227,0,8943,0,0,0,0,0,0,0,0,0,0,0,0,5.97,23.3,71.2,0.679,10,30.9
0,0,0,0,0,0,0.00E+00,0.00E+00,0.00E+00,0.00E+00,0.00E+00,2.72381654109953,22.4980404998583,0,8945,0,0,0,0,0,0,0,0,0,0,0,0,4.31,15.7,57.7,0.911,17.9,9.73
0,0,0,0,0,0,0.00E+00,0.00E+00,0.00E+00,0.00E+00,0.00E+00,-1.17039481717427,14.5153022046314,0,8947,0,0,0,0,0,0,0,0,0,0,0,0,5.43,10.3,56.3,1.14,14.1,23.6
0,0,0,0,0,0,0.00E+00,0.00E+00,0.00E+00,0.00E+00,0.00E+00,-15.4230247800913,22.0210648060343,0,8949,0,0,0,0,0,0,0,0,0,0,0,0,3.22,6.43,54.8,0.808,13.9,15.8
0,0,0,0,0,0,0.00E+00,0.00E+00,0.00E+00,0.00E+00,0.00E+00,-5.81340921430227,17.748878175565,0,8951,0,0,0,0,0,0,0,0,0,0,0,0,8.02,10.1,60,0.474,4.98,15
0,0,0,0,0,0,0.00E+00,0.00E+00,0.00E+00,0.00E+00,0.00E+00,2.30329365827812,6.58225041058393,0,8953,0,0,0,0,0,0,0,0,0,0,0,0,2.94,5.02,72.5,0.14,6.07,16.9
0,0,0,0,0,0,0.00E+00,0.00E+00,0.00E+00,0.00E+00,0.00E+00,3.89261919814363,17.6682231121008,0,8955,0,0,0,0,0,0,0,0,0,0,0,0,6.19,12.2,78.1,-0.195,13.9,5.02
0,0,0,0,0,0,0.00E+00,0.00E+00,0.00E+00,0.00E+00,0.00E+00,-2.32939448948848,2.76192425290178,0,8957,0,0,0,0,0,0,0,0,0,0,0,0,5.85,5.01,94.9,-0.529,1.22,4.83
0,0,0,0,0,0,0.00E+00,0.00E+00,0.00E+00,0.00E+00,0.00E+00,4.64717251766389,6.04119721972673,0,8960,0,0,0,0,0,0,0,0,0,0,0,0,0.683,4.74,90.1,-0.863,4.3,3.34
0,0,0,0,0,0,0.00E+00,0.00E+00,0.00E+00,0.00E+00,0.00E+00,17.3272187098439,17.5124068275705,0,8962,0,0,0,0,0,0,0,0,0,0,0,0,7.37,4.68,98,-1.2,16.4,12.8
0,0,0,0,0,0,0.00E+00,0.00E+00,0.00E+00,0.00E+00,0.00E+00,9.41076932657232,15.7778205594447,0,8964,0,0,0,0,0,0,0,0,0,0,0,0,2.35,3.17,85.1,-1.53,1.14,6.78
0,0,0,0,0,0,0.00E+00,0.00E+00,0.00E+00,0.00E+00,0.00E+00,-0.797254911800778,2.7404320223205,0,8966,0,0,0,0,0,0,0,0,0,0,0,0,1,7.45,70.9,-1.87,3.26,10.6
0,0,0,0,0,0,0.00E+00,0.00E+00,0.00E+00,0.00E+00,0.00E+00,-1.64862083030301,4.2148138657418,0,8968,0,0,0,0,0,0,0,0,0,0,0,0,2.6,2.44,55.3,-2.2,13.1,2.49
0,0,0,0,0,0,0.00E+00,0.00E+00,0.00E+00,0.00E+00,0.00E+00,7.57555691462587,12.0223276782699,0,8970,0,0,0,0,0,0,0,0,0,0,0,0,2.65,1.12,38.5,-2.53,2.61,11
0,0,0,0,0,0,0.00E+00,0.00E+00,0.00E+00,0.00E+00,0.00E+00,-1.45851130159764,8.57103118043592,0,8972,0,0,0,0,0,0,0,0,0,0,0,0,2.36,1.86,26.2,-2.87,2.93,17.2
0,0,0,0,0,0,0.00E+00,0.00E+00,0.00E+00,0.00E+00,0.00E+00,46.8527905750764,50.9601619155495,0,8974,0,0,0,0,0,0,0,0,0,0,0,0,4.16,0.769,18.8,-3.2,14.3,29.7
0,0,0,0,0,0,0.00E+00,0.00E+00,0.00E+00,0.00E+00,0.00E+00,15.9904025853622,16.1842142259986,0,8976,0,0,0,0,0,0,0,0,0,0,0,0,7.45,3.93,25.4,-3.54,18.8,32.8
0,0,0,0,0,0,0.00E+00,0.00E+00,0.00E+00,0.00E+00,0.00E+00,9.11625699197859,21.8073527346183,0,8979,0,0,0,0,0,0,0,0,0,0,0,0,3.7,6.04,24.3,-2.63,2.6,7.79
0,0,0,0,0,0,0.00E+00,0.00E+00,0.00E+00,0.00E+00,0.00E+00,3.44234768972565,5.12895999930344,0,8981,0,0,0,0,0,0,0,0,0,0,0,0,10.1,6.1,33.4,-1.33,15.4,27.1
0,0,0,0,0,0,0.00E+00,0.00E+00,0.00E+00,0.00E+00,0.00E+00,-7.10837679152521,11.2136572795291,0,8983,0,0,0,0,0,0,0,0,0,0,0,0,10.8,4.18,26.1,-0.0323,13,9.19
0,0,0,0,0,0,0.00E+00,0.00E+00,0.00E+00,0.00E+00,0.00E+00,-12.0605090670388,23.4348620467324,0,8985,0,0,0,0,0,0,0,0,0,0,0,0,5.05,10.9,31.7,1.27,14.1,27.5
0.846900999546051,0.919803619384766,1.05984675884247,1.12369728088379,1.09053909778595,1.29166197776794,4.33E-01,7.05E-01,9.25E-01,8.43E-01,7.63E-01,3.64863262357791,33.8396349089132,0,8987,301,303,314,290,199,356,209,301,185,275,228,320,12.3,19.2,24.4,5.45,17,52.5
0.868195116519928,0.940663158893585,1.05564451217651,1.19955921173096,0,1.48136639595032,4.43E-01,6.48E-01,8.90E-01,8.57E-01,7.25E-01,24.5309197006526,26.5838309181161,0,8989,376,355,443,435,271,445,274,384,0,0,289,410,37.3,40.9,20.5,5.33,19.5,93
0.851292371749878,0,1.061359167099,1.20465743541718,1.09799861907959,1.22990274429321,4.44E-01,6.55E-01,9.30E-01,8.64E-01,7.35E-01,17.2298956303594,20.7704955058986,0,8991,531,496,0,0,405,547,403,491,368,465,426,507,18.7,42,29.6,5.21,24.4,51.4
0.818103075027466,0.901907920837402,1.05215489864349,1.18051159381866,1.13036251068115,1.39241671562195,4.36E-01,5.89E-01,9.35E-01,8.67E-01,7.92E-01,-7.2405162857927,10.2903663456131,0,8993,481,457,454,436,376,513,371,453,333,410,394,474,5.94,29.9,35.3,5.09,4.35,46.7
0.832789719104767,0.905461490154266,1.04965817928314,1.19873428344727,1.10509264469147,1.32534730434418,4.31E-01,5.40E-01,8.98E-01,8.33E-01,6.98E-01,-13.0650058428986,14.3081720948719,0,8995,397,434,388,413,287,477,283,420,271,386,304,443,2.7,28,66.5,4.97,12.7,14.1
0.910877227783203,0,1.01354372501373,1.17545568943024,0,1.19374167919159,4.80E-01,7.51E-01,9.45E-01,7.83E-01,8.40E-01,6.55159690982778,7.58701152357736,0,8998,475,411,0,0,311,352,330,308,0,0,333,329,3.19,17.3,114,4.85,2.03,6.4
0.905612945556641,0.953345596790314,1.07087981700897,1.25020897388458,1.09067273139954,1.25777173042297,5.30E-01,6.97E-01,9.48E-01,9.88E-01,7.87E-01,-4.8575100263595,9.96396796615077,0,9000,696,344,649,374,592,434,578,388,542,385,600,395,1.74,2.93,151,4.73,6.03,12.5
0.836452960968018,0.915254235267639,1.05095815658569,1.19520568847656,1.12556076049805,1.30134356021881,4.60E-01,6.79E-01,9.36E-01,8.91E-01,8.83E-01,8.80801757135634,15.1671146977423,0,9002,532,231,505,225,481,370,448,327,403,304,471,336,1.13,4.43,179,4.61,11.8,3.58
0.829379856586456,0.941666662693024,1.04245245456696,1.24126791954041,0,1.26731288433075,4.70E-01,6.91E-01,9.92E-01,8.08E-01,7.22E-01,-0.142333329018706,1.36216625114841,0,9004,460,210,449,200,428,373,375,358,0,0,398,355,2.75,1.65,217,4.49,8.38,14.2
0.84462296962738,0.916349828243256,1.03803360462189,1.20805931091309,1.1581221818924,1.29856169223785,4.23E-01,6.19E-01,9.59E-01,8.38E-01,7.57E-01,11.6053314556026,13.2227920267494,0,9006,271,158,223,142,277,292,229,271,169,250,258,257,8.1,6.68,245,4.36,19,14.1
0,0,0,0,0,0,0.00E+00,0.00E+00,0.00E+00,0.00E+00,0.00E+00,3.98497478383472,5.32667781663026,0,9008,0,0,0,0,0,0,0,0,0,0,0,0,12.4,9.03,252,4.24,7.25,18.5
0,0,0,0,0,0,0.00E+00,0.00E+00,0.00E+00,0.00E+00,0.00E+00,-3.65808091314516,5.03632997205193,0,9010,0,0,0,0,0,0,0,0,0,0,0,0,3.86,9.21,262,4.12,12.3,22.7
0,0,0,0,0,0,0.00E+00,0.00E+00,0.00E+00,0.00E+00,0.00E+00,-1.33258959992604,1.65062447445953,0,9012,0,0,0,0,0,0,0,0,0,0,0,0,15.4,5.53,260,4,6.51,6.21
0,0,0,0,0,0,0.00E+00,0.00E+00,0.00E+00,0.00E+00,0.00E+00,0.573333275600568,0.824589949325235,0,9014,0,0,0,0,0,0,0,0,0,0,0,0,9.5,7.31,239,3.88,1.14,22.7
0,0,0,0,0,0,0.00E+00,0.00E+00,0.00E+00,0.00E+00,0.00E+00,1.1323994068737,4.50266055927694,0,9016,0,0,0,0,0,0,0,0,0,0,0,0,1.77,14.9,222,3.76,4.45,12.1
0,0,0,0,0,0,0.00E+00,0.00E+00,0.00E+00,0.00E+00,0.00E+00,7.73309881765812,8.61577268898879,0,9019,0,0,0,0,0,0,0,0,0,0,0,0,4.74,14,168,3.64,6.87,8.93
0,0,0,0,0,0,0.00E+00,0.00E+00,0.00E+00,0.00E+00,0.00E+00,-10.8405838613563,11.6736304145659,0,9021,0,0,0,0,0,0,0,0,0,0,0,0,1.92,10.8,137,3.52,8.23,4.66
0,0,0,0,0,0,0.00E+00,0.00E+00,0.00E+00,0.00E+00,0.00E+00,2.20483800465146,3.69237328710991,0,9023,0,0,0,0,0,0,0,0,0,0,0,0,0.494,5.07,97,3.4,2.73,2.94
0,0,0,0,0,0,0.00E+00,0.00E+00,0.00E+00,0.00E+00,0.00E+00,0.287101840406929,5.73709771825724,0,9025,0,0,0,0,0,0,0,0,0,0,0,0,3.46,1.16,59.5,3.28,9.03,6.83
0,0,0,0,0,0,0.00E+00,0.00E+00,0.00E+00,0.00E+00,0.00E+00,-5.88742439051616,7.77272314092193,0,9027,0,0,0,0,0,0,0,0,0,0,0,0,0.768,1.34,32.4,3.15,6,7.28
0,0,0,0,0,0,0.00E+00,0.00E+00,0.00E+00,0.00E+00,0.00E+00,-6.31325550605415,10.6868032365397,0,9029,0,0,0,0,0,0,0,0,0,0,0,0,3.26,4.67,9.42,3.03,5.09,15.3
0,0,0,0,0,0,0.00E+00,0.00E+00,0.00E+00,0.00E+00,0.00E+00,2.70312265651455,3.55224158975216,0,9031,0,0,0,0,0,0,0,0,0,0,0,0,4.68,4.54,23.9,2.91,3.23,10.3
0.876341938972473,0.920744955539703,1.1006600856781,1.2147707939148,1.08012020587921,1.08001661300659,3.84E-01,6.90E-01,1.01E+00,8.33E-01,7.80E-01,-8.02713540242238,10.1469127025115,0,9033,251,431,269,465,437,444,406,460,405,477,388,441,2.78,4.77,38.1,2.79,5.94,9.56
0.940511226654053,0.914666652679443,1.10846817493439,1.19184076786041,1.06967496871948,1.07065033912659,3.83E-01,6.89E-01,1.04E+00,8.27E-01,7.74E-01,4.53148589649556,5.38157447528855,0,9035,247,430,250,466,455,445,421,461,384,474,413,442,1.63,6.98,52.7,2.67,1.37,21.6
0.883590281009674,0.967783510684967,1.1091560125351,1.23505926132202,1.05190312862396,1.09556686878204,3.86E-01,6.88E-01,1.11E+00,8.24E-01,7.91E-01,1.93467255353454,10.7759864585693,0,9038,237,430,240,442,425,443,393,459,387,476,371,441,8.67,9.77,51.9,2.55,2.9,1.89
0.89626282453537,0.941007196903229,1.0995991230011,1.1851851940155,1.03769564628601,1.09694528579712,3.86E-01,6.88E-01,1.08E+00,7.74E-01,8.01E-01,-13.8191517910496,15.1230924856467,0,9040,336,435,346,446,490,446,460,462,491,480,441,445,11,5.88,48.2,2.43,37.8,8.61
0.982915759086609,0.936651587486267,1.12842893600464,1.22753429412842,1.05109584331512,1.09693419933319,3.87E-01,6.77E-01,1.10E+00,8.02E-01,7.28E-01,-8.4791895743217,16.2052944027734,0,9042,351,429,342,459,576,462,540,470,468,474,534,449,16.3,1.56,33.7,2.31,11.3,11.7
0.979453146457672,0.987951815128326,1.15218508243561,0.84474241733551,0.92465752363205,1.09337162971497,4.31E-01,6.34E-01,1.10E+00,1.29E+00,8.76E-01,8.17913207865645,8.75372903356444,0,9044,0,0,0,0,0,0,0,0,0,0,0,0,2.04,8.61,19.5,2.19,5.76,10.1
0.915896117687225,0.908863306045532,1.06126630306244,1.11513495445251,1.12769150733948,1.06750690937042,4.59E-01,6.82E-01,9.62E-01,1.13E+00,8.29E-01,-3.64449244186345,5.10639335511452,0,9046,497,450,499,491,661,550,612,577,582,573,629,565,2.49,14,6.13,2.07,7.41,12.1
0.908121168613434,0.923364460468292,1.05583870410919,1.11986029148102,1.10431277751923,1.16659808158875,4.73E-01,6.86E-01,9.78E-01,9.86E-01,0.00E+00,-6.16116865611843,8.44896926210194,0,9048,449,414,447,459,577,471,538,505,528,532,545,484,1.13,8.19,7.16,1.95,0.239,7.3
0.871829628944397,0,1.06190574169159,1.1166615486145,1.13261866569519,1.09075796604157,4.25E-01,6.89E-01,9.10E-01,1.03E+00,7.95E-01,-8.28228756398796,18.646793684718,1,9050,511,426,0,0,631,487,593,521,576,528,597,507,0.707,7.75,16.1,1.82,8,7.33
0,0,0,0,0,0,0.00E+00,0.00E+00,0.00E+00,0.00E+00,0.00E+00,7.08088010855933,9.18453384177478,1,9052,0,0,0,0,0,0,0,0,0,0,0,0,3.26,2.47,20.1,1.7,6.73,9.68
0.877563714981079,0,1.06137752532959,1.15467357635498,1.15100073814392,1.20851612091064,4.33E-01,6.69E-01,9.37E-01,9.82E-01,7.27E-01,1.03253311084619,1.40604968649718,1,9054,289,453,0,0,413,422,400,478,390,505,396,447,5.38,6.31,20.6,1.58,6.21,12.9
0.878164768218994,0.917442560195923,1.03767347335815,1.15798532962799,1.2145721912384,1.15183389186859,4.78E-01,7.01E-01,9.46E-01,9.83E-01,7.25E-01,9.57323731537685,19.9104111401572,1,9057,286,420,261,449,400,396,385,451,375,498,376,426,3.52,5.88,14.3,1.46,12.6,24
0.915279746055603,0.909916818141937,1.0742301940918,1.19213485717773,1.14376330375671,1.15941441059113,4.66E-01,5.47E-01,9.36E-01,9.77E-01,8.03E-01,-7.21099081126533,17.1534301997902,1,9059,174,388,178,407,303,401,275,450,271,488,273,416,12.5,9.93,11.3,1.34,4.93,12.8
0.902945101261139,0.907862424850464,1.10646390914917,1.24931621551514,0,1.0868558883667,3.99E-01,6.59E-01,9.36E-01,9.09E-01,7.85E-01,9.16301445347172,11.6803982231334,1,9061,198,384,224,398,282,390,254,418,0,0,235,396,10.8,16.1,8.08,1.22,14.9,39.4
0.90843939781189,0.914404153823853,1.16865360736847,1.2485191822052,1.06574511528015,1.04596054553986,3.65E-01,6.72E-01,1.13E+00,8.27E-01,6.82E-01,-6.50966064958549,17.342548709654,1,9063,154,372,165,412,346,383,319,402,304,423,297,383,1.15,13.2,4.79,1.1,8.79,4.71
0.94685834646225,0.922152817249298,1.14837682247162,1.22622740268707,1.02371370792389,1.06409108638763,3.94E-01,7.44E-01,9.57E-01,8.30E-01,6.71E-01,-1.12036501782026,7.24979431474436,1,9065,183,374,171,403,380,389,353,408,349,402,340,388,5.94,7.21,4.81,0.978,11.7,4.28
0.887591361999512,0.910925984382629,1.14714634418488,1.28457140922546,1.08517777919769,1.04081213474274,3.95E-01,6.53E-01,1.02E+00,8.36E-01,7.58E-01,2.33706285256201,3.34673179879647,1,9067,250,372,258,400,424,378,400,398,385,415,384,381,0.362,4.95,4.98,0.857,23.4,3.48
0.876450479030609,0.923112571239471,1.15805947780609,1.27304255962372,1.05180907249451,1.0078125,3.55E-01,6.74E-01,9.95E-01,7.52E-01,6.80E-01,0.759155937806092,3.64565905466236,1,9069,291,372,300,383,503,390,463,403,444,413,450,383,2.38,9.33,9.35,0.736,15.1,10
0,0,0,0,0,0,0.00E+00,0.00E+00,0.00E+00,0.00E+00,0.00E+00,0.341108127762115,4.95173980941014,1,9071,0,0,0,0,0,0,0,0,0,0,0,0,12.6,8.16,18.6,0.615,3.88,14.2
0.879300892353058,1.39837396144867,1.08615410327911,1.1836222410202,1.1552346944809,1.16715288162231,4.14E-01,5.55E-01,1.01E+00,8.72E-01,7.12E-01,-3.18976914978628,3.71160771860046,1,9073,645,515,685,568,744,542,708,572,713,585,697,555,7.71,12.4,32.4,0.494,2.85,20.6
0,0,0,0,0,0,0.00E+00,0.00E+00,0.00E+00,0.00E+00,0.00E+00,9.67671589673564,10.6626809163458,1,9076,0,0,0,0,0,0,0,0,0,0,0,0,22.4,0.587,48.3,0.373,68.2,15.7
0.865135669708252,0,1.0810307264328,1.2137907743454,1.24718952178955,1.2574291229248,4.28E-01,7.17E-01,8.97E-01,9.36E-01,6.33E-01,4.1022617042703,7.7718850104739,1,9078,512,461,0,0,629,457,615,507,638,508,597,490,35.2,10.9,50,0.804,54.7,12.8
0.88970685005188,0,1.08804428577423,1.25747287273407,1.12602722644806,1.30032503604889,4.46E-01,6.55E-01,8.64E-01,8.77E-01,7.85E-01,-6.45418322307909,12.0357392951171,1,9080,150,471,0,0,258,385,272,434,252,491,252,409,15.8,28.7,50.7,0.903,4.62,18.2
0.871425271034241,0.878435492515564,1.05144190788269,1.23118984699249,1.15922021865845,1.32077753543854,4.74E-01,6.43E-01,9.07E-01,8.33E-01,6.83E-01,2.42739639117542,6.20079818338514,1,9082,176,451,171,466,291,373,302,422,284,458,282,401,1.5,42.6,56.2,-0.0504,8.27,4.92
0.935357332229614,0.935996174812317,1.07698476314545,1.17574322223663,1.16563880443573,1.09312081336975,5.03E-01,5.22E-01,9.19E-01,9.43E-01,0.00E+00,-7.22455183792491,11.2685498202637,1,9084,41.5,364,43.4,392,166,390,135,436,128,467,144,414,3.53,27.1,57.1,0.0734,8.15,24.8
0.9657022356987,0.89700448513031,1.09144246578217,1.30425441265106,1.19770538806915,1.23157334327698,4.13E-01,6.61E-01,8.96E-01,9.37E-01,7.19E-01,-1.30155421821719,2.20872392728257,1,9086,292,406,345,449,418,415,390,463,432,489,384,459,2.79,24.2,68.6,-1.1,5.15,23
0.864664614200592,0.909878671169281,1.16576707363129,1.42360424995422,1.12686383724213,1.16970670223236,3.82E-01,6.81E-01,9.43E-01,8.30E-01,7.70E-01,6.7664306449716,8.39978854746271,1,9088,234,421,279,462,406,440,377,459,416,484,357,439,18.5,21.5,93.3,-0.541,17.8,14.7
0.892014801502228,0.900808215141296,1.15822303295136,1.3846994638443,1.08743488788605,1.13111460208893,3.73E-01,6.22E-01,9.95E-01,7.99E-01,7.63E-01,-12.2380954856621,19.1763902334608,1,9090,203,423,200,450,405,441,375,459,332,471,363,439,21.1,20.3,108,0.993,3.54,26.4
0.935072779655457,0.288283050060272,1.13065040111542,1.39254784584045,1.09652400016785,0,3.99E-01,7.25E-01,1.02E+00,7.57E-01,8.07E-01,18.735425872812,20.9944902583362,1,9092,212,430,277,441,401,439,369,453,340,469,0,0,11.8,33.4,136,1.17,17.6,46.8
0.864897131919861,0.930381596088409,1.18295443058014,1.39661240577698,1.11426675319672,1.10785245895386,3.47E-01,7.15E-01,1.04E+00,8.05E-01,7.04E-01,13.9266612139087,14.4866063439011,1,9094,479,425,487,438,679,435,642,453,630,467,627,435,5.19,28.5,180,1.74,26.8,5.93
0.911711394786835,0.974725246429443,1.17103147506714,1.41592049598694,1.10254943370819,1.11622059345245,3.64E-01,7.32E-01,1.04E+00,7.25E-01,6.60E-01,-12.1150658703871,13.0287871754904,1,9097,503,429,496,441,697,435,664,454,629,469,646,433,17.7,19.9,230,2,16.7,42.4
0.935939610004425,0.914893627166748,1.16304528713226,1.39232540130615,1.13138556480408,1.08889257907867,4.02E-01,6.57E-01,1.03E+00,7.39E-01,8.74E-01,17.0252733471821,19.199610811712,1,9099,324,414,337,451,567,429,538,449,469,466,531,428,3.18,11.1,255,2.53,13.1,33.7
0.886921286582947,0,1.13487458229065,1.31826269626617,1.07113039493561,1.09518885612488,3.67E-01,6.82E-01,1.03E+00,8.02E-01,6.81E-01,3.92166499973792,10.2619813352811,1,9101,325,429,0,0,499,430,473,449,459,466,459,428,9.54,8.22,286,1.62,26.5,14
0.820317089557648,0.741379320621491,1.17276740074158,1.28902351856232,0,1.10493540763855,3.63E-01,0.00E+00,9.47E-01,8.96E-01,7.28E-01,8.29387225815858,8.71445312024766,1,9103,380,439,581,451,551,431,514,450,0,0,501,431,6.34,11.4,312,0.973,6.1,22.9
0,0,0,0,0,0,0.00E+00,0.00E+00,0.00E+00,0.00E+00,0.00E+00,1.30804359593284,13.2286550836793,1,9105,0,0,0,0,0,0,0,0,0,0,0,0,16.4,20.3,307,1.43,28.4,32.9
0.933676779270172,0,1.10830104351044,1.20924937725067,1.18638849258423,1.20991218090057,4.00E-01,7.35E-01,9.55E-01,9.82E-01,7.59E-01,9.52950936283103,21.5525376307321,1,9107,364,425,0,0,496,473,459,511,449,529,468,487,5.87,14.8,302,1.66,17,9.6
0.908618152141571,0.962427735328674,1.17506873607636,1.25656318664551,1.11763441562653,1.15809011459351,3.74E-01,7.08E-01,1.04E+00,8.21E-01,7.17E-01,23.9332250462526,26.7865214434915,1,9109,188,409,180,417,374,414,340,433,316,446,338,413,11.1,15.5,289,1.71,24.6,30.4
0.919645667076111,0,1.18299305438995,1.22094261646271,1.10056412220001,1.19033491611481,3.99E-01,6.83E-01,9.91E-01,7.94E-01,7.83E-01,10.3427585228676,18.8794587820275,0,9111,260,411,0,0,436,429,411,459,394,463,412,432,10.4,3.48,255,1.12,18.9,18.9
0.881952345371246,0.969884872436523,1.15465974807739,1.22371959686279,1.15338468551636,1.20485198497772,3.95E-01,6.63E-01,9.65E-01,8.06E-01,7.57E-01,-20.7503269111795,23.028657470119,0,9113,289,430,288,430,432,404,409,446,410,464,402,422,9.69,2.01,215,1.98,33.1,31.2
0.927895247936249,0.93156898021698,1.18523108959198,1.21055150032043,0,1.17790186405182,3.96E-01,6.27E-01,1.02E+00,8.27E-01,8.01E-01,1.64715284833081,11.9597852075038,0,9116,184,413,201,431,425,411,404,443,0,0,400,423,8.39,10.7,162,2.77,20.3,50.8
0.902048170566559,0.95538055896759,1.16838085651398,1.26146006584167,1.0314906835556,1.02139747142792,3.84E-01,6.84E-01,9.89E-01,7.96E-01,7.09E-01,2.33006809393311,5.62385924716264,0,9118,161,408,162,417,352,411,313,427,296,448,298,407,23.8,17.7,126,2.68,28.7,10
0.879558801651001,0,1.18628394603729,1.25925731658936,1.09799230098724,1.20187568664551,3.71E-01,6.54E-01,1.02E+00,7.74E-01,7.47E-01,-14.4587160940274,16.2579665899648,0,9120,131,407,0,0,328,409,291,426,256,443,283,406,10.7,20.7,86.3,2.02,16.9,16.1
0.885903239250183,0.957421898841858,1.1762957572937,1.22104549407959,1.0836478471756,1.11087083816528,3.72E-01,6.67E-01,9.50E-01,7.71E-01,6.87E-01,-15.7891908747902,17.2514226622027,0,9122,150,409,151,419,336,409,299,424,277,445,290,405,22.7,14,62.2,2.22,54.4,28.3
0.884006321430206,0.779382288455963,0.956110715866089,0,0.99674266576767,1.71437990665436,4.73E-01,6.43E-01,1.17E+00,1.06E+00,1.75E+00,10.9093464119743,12.8102795103719,0,9124,0,0,0,0,0,0,0,0,0,0,0,0,21.1,10.9,40.2,1.78,13.2,11
0,0,0,0,0,0,0.00E+00,0.00E+00,0.00E+00,0.00E+00,0.00E+00,34.2333843730923,38.2972573613302,0,9126,0,0,0,0,0,0,0,0,0,0,0,0,4.95,17.1,23.5,1.2,32.2,52.1
0,0,0,0,0,0,0.00E+00,0.00E+00,0.00E+00,0.00E+00,0.00E+00,3.94924095200441,3.9856004773442,0,9128,0,0,0,0,0,0,0,0,0,0,0,0,17.1,14.4,10.1,1.27,4.4,3.8
0,0,0,0,0,0,0.00E+00,0.00E+00,0.00E+00,0.00E+00,0.00E+00,19.1930469356457,20.1130304011372,0,9130,0,0,0,0,0,0,0,0,0,0,0,0,9.74,3.65,24.7,1.28,15.6,44
0,0,0,0,0,0,0.00E+00,0.00E+00,0.00E+00,0.00E+00,0.00E+00,-3.61046739344096,14.1594429265116,0,9132,0,0,0,0,0,0,0,0,0,0,0,0,9.72,2.42,32.6,1.23,16.2,19.5
0,0,0,0,0,0,0.00E+00,0.00E+00,0.00E+00,0.00E+00,0.00E+00,34.2333843730923,38.2972573613302,0,9126,0,0,0,0,0,0,0,0,0,0,0,0,4.95,17.1,23.5,1.2,32.2,52.1
0,0,0,0,0,0,0.00E+00,0.00E+00,0.00E+00,0.00E+00,0.00E+00,3.94924095200441,3.9856004773442,0,9128,0,0,0,0,0,0,0,0,0,0,0,0,17.1,14.4,10.1,1.27,4.4,3.8
0,0,0,0,0,0,0.00E+00,0.00E+00,0.00E+00,0.00E+00,0.00E+00,19.1930469356457,20.1130304011372,0,9130,0,0,0,0,0,0,0,0,0,0,0,0,9.74,3.65,24.7,1.28,15.6,44
0,0,0,0,0,0,0.00E+00,0.00E+00,0.00E+00,0.00E+00,0.00E+00,-3.61046739344096,14.1594429265116,0,9132,0,0,0,0,0,0,0,0,0,0,0,0,9.72,2.42,32.6,1.23,16.2,19.5
0,0,0,0,0,0,0.00E+00,0.00E+00,0.00E+00,0.00E+00,0.00E+00,34.2333843730923,38.2972573613302,0,9126,0,0,0,0,0,0,0,0,0,0,0,0,4.95,17.1,23.5,1.2,32.2,52.1
