RIAL,RIAR,RIBL,RIM,RIBR,sensory,,,,,,,,velocity,speed,odor,upp_cam_index,RIAL_x,RIAL_y,RIAR_x,RIAR_y,RIBL_x,RIBL_y,RIM_x,RIM_y,RIBR_x,RIBR_y,Speed_3,Speed_5,Speed_10
0,0,0,0,0,0,0,0,0,0,0,0,0,7.58832519711995,75.1602972953683,0,240,0,0,0,0,0,0,0,0,0,0,54.7,242,160
0,0,0,0,0,0,0,0,0,0,0,0,0,-10.152479124307,68.3691780825224,0,242,0,0,0,0,0,0,0,0,0,0,27.9,86.7,131
0,0,0,0,0,0,0,0,0,0,0,0,0,-10.2583344800589,109.718432840513,0,244,0,0,0,0,0,0,0,0,0,0,21.9,90.4,108
0,0,0,0,0,0,0,0,0,0,0,0,0,-1.69188652567832,11.4941584400302,0,246,0,0,0,0,0,0,0,0,0,0,14.4,80,210
0,0,0,0,0,0,0,0,0,0,0,0,0,3.40994335562067,15.6306948673931,0,248,0,0,0,0,0,0,0,0,0,0,10.8,42.8,292
0,0,0,0,0,0,0,0,0,0,0,0,0,6.53062106130407,112.192332592966,0,251,0,0,0,0,0,0,0,0,0,0,6.45,9.44,457
0,0,0,0,0,0,0,0,0,0,0,0,0,-0.55860978663086,16.5159939309358,0,253,0,0,0,0,0,0,0,0,0,0,4.18,20.5,592
0,0,0,0,0,0,0,0,0,0,0,0,0,0.211477288688316,8.91948042755597,0,255,0,0,0,0,0,0,0,0,0,0,11.5,4.37,758
0,0,0,0,0,0,0,0,0,0,0,0,0,-5.23776433007031,40.6196616134316,0,257,0,0,0,0,0,0,0,0,0,0,5.73,8.43,835
0,0,0,0,0,0,0,0,0,0,0,0,0,-1.66121468553577,30.0519024752845,0,259,0,0,0,0,0,0,0,0,0,0,6.13,18.2,813
0,0,0,0,0,0,0,0,0,0,0,0,0,4.48774937698537,17.1430083178495,0,261,0,0,0,0,0,0,0,0,0,0,4.86,9.2,947
0,0,0,0,0,0,0,0,0,0,0,0,0,-19.8164868497093,82.1849894699543,0,263,0,0,0,0,0,0,0,0,0,0,29,11.5,858
0,0,0,0,0,0,0,0,0,0,0,0,0,-19.0498013490559,66.4449854697033,0,265,0,0,0,0,0,0,0,0,0,0,17.2,8.1,731
0,0,0,0,0,0,0,0,0,0,0,0,0,-24.5720905018923,86.0555818982993,0,267,0,0,0,0,0,0,0,0,0,0,25,64.9,734
0,0,0,0,0,0,0,0,0,0,0,0,0,-7.56144466921715,36.7157830871762,0,269,0,0,0,0,0,0,0,0,0,0,22,34,594
0,0,0,0,0,0,0,0,0,0,0,0,0,-26.4196386313937,133.975985820489,0,272,0,0,0,0,0,0,0,0,0,0,20,22.2,450
0,0,0,0,0,0,0,0,0,0,0,0,0,-8.67281960622014,44.5372050895737,0,274,0,0,0,0,0,0,0,0,0,0,35.8,46,303
0,0,0,0,0,0,0,0,0,0,0,0,0,27.5889165020864,99.2400329401057,0,276,0,0,0,0,0,0,0,0,0,0,33.4,10.4,350
0,0,0,0,0,0,0,0,0,0,0,0,0,0.408767280574571,3.80952812586965,0,278,0,0,0,0,0,0,0,0,0,0,24.2,3.28,279
0,0,0,0,0,0,0,0,0,0,0,0,0,-0.951658379625757,48.06701753985,0,280,0,0,0,0,0,0,0,0,0,0,51.1,11.7,265
0,0,0,0,0,0,0,0,0,0,0,0,0,-11.013481182926,49.332203071625,0,282,0,0,0,0,0,0,0,0,0,0,12.1,22.7,272
0,0,0,0,0,0,0,0,0,0,0,0,0,-3.1460663845707,56.806675885024,0,284,0,0,0,0,0,0,0,0,0,0,38.2,23.3,267
0,0,0,0,0,0,0,0,0,0,0,0,0,-13.1350053026869,96.0811367593437,0,286,0,0,0,0,0,0,0,0,0,0,39.1,42,278
0,0,0,0,0,0,0,0,0,0,0,0,0,8.43363396852958,73.0137906082068,0,288,0,0,0,0,0,0,0,0,0,0,8.8,28.9,282
0,0,0,0,0,0,0,0,0,0,0,0,0,-3.50868989218262,55.7732214723806,0,290,0,0,0,0,0,0,0,0,0,0,31.6,21.6,255
0.728348672389984,0.764409422874451,2.37914180755615,1.77403891086578,1.95924007892609,2.78880047798157,0.990409791469574,0.902377963066101,0.981796801090241,0.954806685447693,0.946058094501495,0,2.12037038803101,0.851666935168849,11.5141159746928,0,293,270,529,240,471,301,476,281,439,338,482,5.34,17.7,219
0,0,0,0,0,0,0,0,0,0,0,0,0,-1.43064939046861,38.6198644223785,0,295,0,0,0,0,0,0,0,0,0,0,9.74,6.49,200
0.571420907974243,0.6548210978508,2.40331482887268,2.26268649101257,2.23814344406128,3.51899313926697,1.03174328804016,0.970362544059753,0.900669634342194,1.24017119407654,0.955130755901337,0.985632538795471,2.92497491836548,2.96054945829977,25.0391064240667,0,297,223,363,211,366,254,404,283,367,319,389,5.83,14.3,160
0.615498900413513,0.773027956485748,2.18161749839783,1.62960457801819,1.85018169879913,2.96054792404175,0.965233504772186,1.01287877559662,0.943430662155151,0.995351076126099,0.959098994731903,1.41830062866211,3.10969185829163,1.83409692001351,40.2584620498257,0,299,263,339,225,399,254,447,301,396,329,419,1.27,8.49,132
0.622953474521637,0.679459631443024,2.29241633415222,2.50153160095215,2.17493629455566,3.60212182998657,0.966643035411835,1.16864490509033,1.02830529212952,1.01297283172607,0.996786952018738,0.978070795536041,0.96734893321991,-0.518470844189322,26.8789041531609,0,301,553,198,490,179,487,238,528,237,544,278,2.5,5.78,141
0.574957430362701,0.653448760509491,2.29116559028625,2.15072965621948,2.06563687324524,3.20641112327576,0.980623841285706,0.980515897274017,0.950707674026489,1.03594100475311,1.04216384887695,0.984252452850342,1.08971846103668,8.64960447097831,41.245088665668,0,303,463,320,381,357,418,404,452,373,481,402,28.8,15,126
0,0,0,0,0,0,0,0,0,0,0,0,0,11.0325301845362,43.3960692969287,0,305,0,0,0,0,0,0,0,0,0,0,27.2,29,146
0,0,0,0,0,0,0,0,0,0,0,0,0,-16.5794071057274,24.2101832195828,0,307,0,0,0,0,0,0,0,0,0,0,16.8,39.3,145
0,0,0,0,0,0,0,0,0,0,0,0,0,17.8169209878479,20.01582177298,0,309,0,0,0,0,0,0,0,0,0,0,14,48.1,154
0,0,0,0,0,0,0,0,0,0,0,0,0,72.6757526968671,94.7250915157592,0,311,0,0,0,0,0,0,0,0,0,0,32.9,53,195
0,0,0,0,0,0,0,0,0,0,0,0,0,-28.9971461152097,29.5244997597597,0,314,0,0,0,0,0,0,0,0,0,0,23.3,43.6,233
0,0,0,0,0,0,0,0,0,0,0,0,0,18.3581670417106,28.2690835473785,0,316,0,0,0,0,0,0,0,0,0,0,10.4,50.5,242
0,0,0,0,0,0,0,0,0,0,0,0,0,-97.4455874978162,101.095677518977,0,318,0,0,0,0,0,0,0,0,0,0,19.5,16.7,299
0,0,0,0,0,0,0,0,0,0,0,0,0,-82.8400095338834,83.0040437836542,0,320,0,0,0,0,0,0,0,0,0,0,44.1,7.51,352
0,0,0,0,0,0,0,0,0,0,0,0,0,82.42870366181,84.6826722190418,0,322,0,0,0,0,0,0,0,0,0,0,14,24.6,357
0,0,0,0,0,0,0,0,0,0,0,0,0,-36.1981430406556,37.1703718921297,0,324,0,0,0,0,0,0,0,0,0,0,9.99,46,390
0,0,0,0,0,0,0,0,0,0,0,0,0,-28.5097068387889,34.3275167158807,0,326,0,0,0,0,0,0,0,0,0,0,22.7,2.19,426
0,0,0,0,0,0,0,0,0,0,0,0,0,-90.3684456908568,91.3154283589327,0,328,0,0,0,0,0,0,0,0,0,0,17.2,4.01,393
0,0,0,0,0,0,0,0,0,0,0,0,0,25.6552567351637,40.9338594169614,0,330,0,0,0,0,0,0,0,0,0,0,7.99,18.8,370
0,0,0,0,0,0,0,0,0,0,0,0,0,16.0087222629455,27.6076495482847,0,332,0,0,0,0,0,0,0,0,0,0,9.97,22.8,345
0,0,0,0,0,0,0,0,0,0,0,0,0,59.2869850939158,69.4423855946194,0,334,0,0,0,0,0,0,0,0,0,0,10.9,10,286
0,0,0,0,0,0,0,0,0,0,0,0,0,36.0699436061563,47.0987100838248,0,337,0,0,0,0,0,0,0,0,0,0,11.9,1.23,206
0,0,0,0,0,0,0,0,0,0,0,0,0,-9.62958910972098,85.6715733942772,0,339,0,0,0,0,0,0,0,0,0,0,8.4,14.9,151
0,0,0,0,0,0,0,0,0,0,0,0,0,-8.52719282586673,15.0747485516444,0,341,0,0,0,0,0,0,0,0,0,0,11.5,24.1,105
0,0,0,0,0,0,0,0,0,0,0,0,0,-4.24317258788587,9.40301807761773,0,343,0,0,0,0,0,0,0,0,0,0,13.5,12.7,52.2
0.63191831111908,0.693615972995758,2.68062496185303,1.69070219993591,2.19909739494324,3.29519891738892,1.15584063529968,0.971475124359131,0.945415914058685,0.965202748775482,0.939570188522339,0.965955257415772,3.18828344345093,10.4861989837414,18.6187515857847,0,345,455,486,453,512,505,485,485,444,508,412,4.4,11.6,22.1
0,0,0,0,0,0,0,0,0,0,0,0,0,-5.08959705164195,23.0805485636832,0,347,0,0,0,0,0,0,0,0,0,0,10.4,10.3,25.4
0,0,0,0,0,0,0,0,0,0,0,0,0,-24.0763213779467,42.1141743196658,0,349,0,0,0,0,0,0,0,0,0,0,19.7,21.7,39.7
0,0,0,0,0,0,0,0,0,0,0,0,0,-3.59019234957808,16.5558120972207,0,351,0,0,0,0,0,0,0,0,0,0,11.4,17.9,55.4
0,0,0,0,0,0,0,0,0,0,0,0,0,-7.64315476049284,12.0189684907018,0,353,0,0,0,0,0,0,0,0,0,0,3.96,28.7,85.1
0,0,0,0,0,0,0,0,0,0,0,0,0,-36.8189292982335,78.7999912317697,0,355,0,0,0,0,0,0,0,0,0,0,30.9,34.2,97
0,0,0,0,0,0,0,0,0,0,0,0,0,-11.554529924492,26.5701250772571,0,358,0,0,0,0,0,0,0,0,0,0,12.1,33.7,133
0,0,0,0,0,0,0,0,0,0,0,0,0,-1.01786329827338,14.1655022640501,0,360,0,0,0,0,0,0,0,0,0,0,7.06,12.2,148
0,0,0,0,0,0,0,0,0,0,0,0,0,3.06511909692333,5.36228121163958,0,362,0,0,0,0,0,0,0,0,0,0,4.59,11.4,178
0.641872644424439,0.71870768070221,2.17770290374756,1.60856378078461,2.20409226417541,3.19184112548828,0,1.00466561317444,0.895747601985931,0.960296332836151,0.941260755062103,0.953540205955505,0.938372075557709,-1.21787349651642,9.41159927565066,0,364,194,445,110,470,167,507,178,468,219,480,7.8,9.52,210
0.635651528835297,0.685846447944641,2.32311940193176,1.95112204551697,2.12789726257324,3.03014039993286,0.992063462734222,0.932926833629608,0.902453422546387,0.920302987098694,0.920407831668854,0.946548402309418,0.960159361362457,4.21267407168494,8.79837824085283,0,366,202,448,208,480,259,516,273,477,320,488,2.24,8.49,210
0.641658663749695,0.69134908914566,2.33925318717957,2.87323546409607,2.22985196113586,3.42663335800171,1.11720037460327,0.978071987628937,0.933570981025696,0.9062420129776,0.91912978887558,0.937361538410187,0.959709882736206,10.6689074278222,20.5215324714653,0,368,278,451,258,476,315,513,323,477,374,488,5.97,4.45,230
0.638784885406494,0.678264796733856,2.3074152469635,2.38160848617554,2.16928291320801,3.26397228240967,0.997175872325897,0.914625823497772,0.832821786403656,0.913652241230011,0.935539484024048,0.954533100128174,0.950240075588226,0.141943124921553,6.83827413022997,0,370,280,449,264,473,319,512,330,475,376,487,0.543,4.82,244
0.640557050704956,0.666239142417908,2.25939536094666,1.92754948139191,2.13448643684387,3.15729141235352,1.08775353431702,0.871900796890259,0.875278890132904,0.88702404499054,0.91309666633606,0.929928302764893,0.980545818805695,-3.7647310488923,7.77382357033318,0,372,282,444,276,476,327,513,343,474,386,487,2.27,1.73,233
0.642776846885681,0.674952924251556,2.21832036972046,2.15306949615479,2.02287149429321,3.03142333030701,0.990282952785492,0.945220768451691,0.875337541103363,0.872355997562408,0.927126348018646,0.942599177360535,0.968695640563965,11.0298105867027,18.8126218481728,0,374,290,446,278,464,327,508,342,470,389,484,2.89,6.05,218
0.637300550937653,0.675557076931,2.31697845458984,1.6631201505661,2.14299583435059,3.06260323524475,1.01910972595215,0.965121924877167,0.864167392253876,0.86591774225235,0.926898837089539,0.937111496925354,0.944632291793823,9.97675514089864,17.1192098083058,0,376,317,448,314,466,358,512,377,477,422,495,3.56,3.99,212
0.652020394802094,0.679876327514648,2.20701670646667,1.94968783855438,0,3.01703333854675,0.938080489635468,0.95652174949646,0.899466872215271,0.86223316192627,0.895167887210846,0.936675310134888,0.921185851097107,-18.8107678210005,36.1763185369963,0,379,324,443,355,481,396,530,421,498,0,0,4.82,4.78,179
0.633635222911835,0.711714506149292,2.34475350379944,2.03905534744263,2.05656862258911,3.04266881942749,0.9765704870224,0.973715662956238,0.888501107692719,0.858003079891205,0.888187944889069,0.925986349582672,0.963184058666229,0.642728700713049,2.00161438677645,0,381,497,540,472,557,512,603,539,573,576,591,4.24,4.26,135
0.635557115077972,0.692155241966248,2.44988894462585,2.39298677444458,2.14417791366577,3.0467426776886,0.95331484079361,0.951052904129028,0.912725687026978,0.868692994117737,0.889018356800079,0.952531933784485,0.982280433177948,1.48302631266233,3.28861225423818,0,383,468,523,433,536,481,584,498,548,538,566,4.2,5.96,105
0.63524055480957,0.663310647010803,2.3303005695343,2.43069887161255,3.32146334648132,2.83846092224121,1.04347825050354,0.944657504558563,0.956053793430328,0.829724252223969,0.858551383018494,0.935297310352325,0.947452247142792,3.57875686180947,7.43599364571391,0,385,352,477,380,515,433,557,445,521,438,579,0.66,5.79,85.5
0.627256572246552,0.675658762454987,2.10840177536011,1.67187798023224,1.96121096611023,2.89959239959717,0.958647906780243,1.11085712909698,0.888823211193085,0.855349361896515,0.852270901203156,0.936374127864838,0.994643568992615,-2.7409028154759,15.5729573433664,0,387,280,457,271,481,326,518,338,479,384,491,1.99,6.3,53.2
0.620363414287567,0.675569713115692,2.16039204597473,2.49854803085327,2.05136322975159,2.68606185913086,0.967752754688263,0.980769217014313,0.867106974124908,0.85971873998642,0.861098408699036,0.927507221698761,0.968908309936523,0.649873584123301,9.09236787028445,0,389,282,443,278,477,330,515,345,477,390,486,1.72,4.39,29.6
0.626069068908691,0.665132761001587,2.13318514823914,2.45125651359558,1.93714141845703,2.73679494857788,0.922142565250397,0.987447679042816,0.872068226337433,0.850277006626129,0.873323082923889,0.936870813369751,0.976545393466949,-1.09268178428651,3.58623669752961,0,391,285,438,275,463,325,505,337,469,383,482,4.43,3.28,31.2
0.640056431293488,0.693697094917297,2.09022378921509,2.44759821891785,1.76655495166779,2.71909093856812,0.962579429149628,0.918978095054626,0.916987717151642,0.846837997436523,0.851233541965485,0.924560368061066,0.954954981803894,10.0513876004725,18.5147811646875,0,393,213,454,223,480,283,512,289,473,332,482,0.794,1.03,14.9
0.640782237052918,0.702895760536194,2.01999497413635,2.20842385292053,1.90789139270782,2.67704939842224,0.92818033695221,1.09260761737823,0.886792480945587,0.859138131141663,0.874424695968628,0.932411253452301,0.946617186069489,-2.96653197289817,6.16078024047463,0,395,193,455,185,483,248,512,251,472,300,478,0.116,5.01,10.6
0.659394800662994,0.698364078998566,2.08611416816711,2.05612397193909,1.89294421672821,2.58621168136597,0.919723927974701,1.01496255397797,0.873673021793366,0.858279407024384,0.894586145877838,0.927231967449188,0.961698591709137,1.11889749605739,2.51961267578587,0,397,185,452,183,481,245,511,246,468,298,474,2.76,2.32,12.1
0.647010624408722,0.722673416137695,1.9341287612915,1.96517407894135,1.87192499637604,2.41131830215454,0.973845720291138,0.984149873256683,0.882332921028137,0.852698028087616,0.896669387817383,0.91623729467392,0.916430592536926,3.5381802442611,9.26026000355381,0,400,184,447,180,463,243,495,247,454,293,462,3.64,1.9,17.9
0.636422038078308,0.722012639045715,1.89888978004456,2.45561218261719,1.83256411552429,2.66425776481628,0.914622187614441,0.924421906471252,0.877532243728638,0.847479581832886,0.897415935993195,0.931144654750824,0.90718686580658,-3.11741569591871,10.7231064943485,0,402,190,440,180,460,243,492,245,453,294,460,1.21,3.73,15.5
0.646386384963989,0.721043825149536,1.93442559242249,2.39456415176392,1.82282435894012,2.65810775756836,0.933216154575348,0,0.884401619434357,0.850648045539856,0.865003764629364,0.925772786140442,0.942820847034454,1.32470326202066,3.88803397744476,0,404,198,442,193,453,252,488,257,447,307,454,2.9,2.91,17.6
0.641637027263641,0.7281613945961,2.03414082527161,1.29270577430725,1.8460339307785,2.5505428314209,0.917868614196777,0.875,0.891359567642212,0.822934865951538,0.887162148952484,0.921470761299133,0.943078339099884,3.43031548141809,10.2252087569462,0,406,198,447,195,471,253,502,261,458,306,465,1.53,1.4,23.8
0.647600293159485,0.71331250667572,2.09970903396606,1.84253406524658,1.83496332168579,2.24737071990967,0.911240935325623,0.883116900920868,0.921001076698303,0.834217548370361,0.850520730018616,0.914954841136932,0.937737166881561,2.79759585035064,5.59406359480543,0,408,189,452,182,478,244,508,245,464,295,470,1.63,3.33,24.8
0.636985719203949,0.723104357719421,1.99359500408173,2.28775596618652,1.8139466047287,2.45806765556335,0.902359902858734,0.989241540431976,0.911263823509216,0.8265780210495,0.889213502407074,0.907404720783234,0.979079484939575,21.1396056967439,40.5071048959859,0,410,195,451,181,477,244,506,246,464,296,469,3.06,1.63,24.4
0.642031073570251,0.672190666198731,1.88543403148651,1.4662938117981,1.78089940547943,2.41212177276611,0.932587027549744,0,0.930803596973419,0.816454827785492,0.862362146377564,0.914159893989563,0.950973570346832,2.6071324079927,3.94728047116829,0,412,213,447,212,470,273,500,279,459,326,465,9.5,2.77,24.9
0.645195782184601,0.68262505531311,1.9459502696991,1.16540336608887,1.75847244262695,2.46555590629578,0.921393811702728,0.753846168518066,0.858989238739014,0.802871108055115,0.850741863250732,0.920269906520844,0.934185326099396,-6.78421256881017,11.9209305503862,0,414,348,412,312,449,360,488,379,446,413,459,2.61,7.48,19.8
0.629277408123016,0.681485593318939,1.76801371574402,1.23159098625183,1.72042906284332,2.43750381469727,0.898215293884277,0.991682827472687,0.846153855323792,0.81448221206665,0.861546576023102,0.919054329395294,0.957689464092255,-12.199707256012,19.4908092925778,0,416,383,385,361,394,396,447,424,414,455,436,2.7,9.52,13.7
0.629489481449127,0.676231682300568,1.84141623973846,1.15275228023529,1.76890635490417,2.60066556930542,0.91880863904953,0.99508136510849,0.853336691856384,0.811391174793243,0.848997414112091,0.927197158336639,0.949016094207764,0.877947393772282,13.0593110874772,0,418,383,365,358,381,392,434,418,399,451,425,2.12,6.82,12.3
0.658516407012939,0.685447871685028,1.8341201543808,1.39862298965454,1.69194221496582,2.49231433868408,0.905998647212982,1.02638185024261,0.883186817169189,0.82424658536911,0.860159814357758,0.916299343109131,0.946146249771118,3.69362953619325,8.66040931838826,0,421,365,364,336,384,375,435,401,397,434,417,4.32,5.32,6.75
0.629024386405945,0.693830907344818,1.83493602275848,1.67915189266205,1.7986044883728,2.35606241226196,0.91719913482666,0.9357870221138,0.851973712444305,0.833689868450165,0.848532617092133,0.908771872520447,0.921951234340668,2.20510433073369,13.1589266190491,0,423,339,355,325,368,366,419,388,383,425,406,2.55,7.69,12.7
0.658075571060181,0.676764607429504,1.82073140144348,1.36359453201294,1.80442559719086,2.21610951423645,0.92698085308075,0.975059390068054,0.861642062664032,0.826067209243774,0.87680983543396,0.901102781295776,0.941080212593079,-1.04340961425779,4.95475790159613,0,425,312,379,281,413,332,453,348,413,385,426,2.05,8.13,14.5
0.644671738147736,0.696503043174744,2.3429229259491,1.38753974437714,1.67511606216431,2.07090520858765,0.95050847530365,0.916022121906281,0.91551810503006,0.819325149059296,0.861322939395905,0.924544453620911,0.923213243484497,5.77237849214974,12.8269837608944,0,427,258,439,245,460,303,493,314,449,357,450,0.471,6.17,16.4
0.656525015830994,0.684596002101898,1.76255965232849,1.49868500232697,1.66918706893921,1.98872470855713,0.915009617805481,0,0.907096266746521,0.831890285015106,0.907777965068817,0.934037029743195,0.912555396556854,1.5458259431127,11.7109928682721,0,429,246,442,235,470,293,500,302,459,346,464,2.6,4.23,17
0.649800419807434,0.679219484329224,1.7783899307251,1.22317159175873,1.70048725605011,2.07062029838562,0.932683408260345,0.85606062412262,0.868997931480408,0.833204865455627,0.862522184848785,0.923916876316071,0.904838681221008,7.02755630870905,14.6618159725169,0,431,241,436,234,466,291,498,305,454,344,461,3.08,1.6,15.9
0.640044808387756,0.685229122638702,1.65654909610748,1.24779188632965,1.65752136707306,2.08322954177856,0.91802054643631,0,0.895173668861389,0.82136744260788,0.858646631240845,0.910630464553833,0.902985095977783,-9.91823191291523,19.4369113506614,0,433,261,405,247,424,300,465,314,424,359,438,1.8,0.426,10.7
0.635024964809418,0.705120921134949,1.66602718830109,1.39313864707947,1.65591061115265,2.01228260993958,0.892648041248322,0.898599684238434,0.925353944301605,0.82745760679245,0.878742516040802,0.919479250907898,0.953415334224701,10.2360798485145,20.3341490525948,0,435,253,415,243,438,298,475,311,434,356,444,4.18,1.15,5.07
0.639645278453827,0.694767653942108,1.64135730266571,1.17850148677826,1.67152893543243,2.03678727149963,0.843380987644196,0.921274065971375,0.87761527299881,0.813155472278595,0.891723036766052,0.906955182552338,0.91761040687561,-8.35025085175651,15.2458011734505,0,437,241,418,229,445,288,481,299,439,344,450,0.797,0.904,2.33
0.630425095558167,0.695463538169861,1.62364459037781,1.21562433242798,1.67365384101868,2.0066967010498,0.826086938381195,0.963346600532532,0.883840084075928,0.808752119541168,0.889082849025726,0.912347376346588,0.937395036220551,0.001545735294632,4.5329020542005,0,439,256,426,236,449,293,484,305,441,346,451,2.53,1.54,9.74
0.64138400554657,0.68979674577713,1.61620950698853,1.22074067592621,1.6714723110199,1.85514509677887,0.915161550045013,0.960169970989227,0.867830395698547,0.835095703601837,0.85727334022522,0.921426057815552,0.931317269802094,0.975554512208544,9.52098171382369,0,442,252,428,235,451,294,486,304,444,348,454,2.05,5.08,20.8
0.653932094573975,0.708718121051788,1.57093787193298,1.19892001152039,1.64168882369995,1.98659777641296,0.8791144490242,0.904942989349365,0.886100709438324,0.827895522117615,0.875916063785553,0.923089802265167,0.953175485134125,2.29255594258841,15.0922868191353,0,444,243,424,231,449,290,484,302,444,344,453,0.358,0.662,23
0.646274924278259,0.709380865097046,1.57503807544708,1.11879575252533,1.6519969701767,1.90219187736511,0.889033496379852,0.987122058868408,0.914884507656097,0.812704801559448,0.901035845279694,0.920443415641785,0.937759339809418,0.775508188723998,6.09954107989638,0,446,242,426,222,451,284,485,292,443,337,455,1.52,2.89,23.4
0.656905949115753,0.712488353252411,1.60118520259857,1.15160179138184,1.60528159141541,1.88446128368378,0.926522254943848,0.956834554672241,0.885507583618164,0.814857423305512,0.877509474754334,0.915680170059204,0.922574400901794,8.71189759227574,21.999678168905,0,448,242,419,225,445,286,481,294,440,340,453,0.448,2,24.8
0.653502821922302,0.70332258939743,1.56762838363647,1.11029469966888,1.58094918727875,1.75702393054962,0.914930284023285,1.01461577415466,0.89788019657135,0.833701431751251,0.897927105426788,0.910178422927856,0.930195152759552,8.87525426942761,15.1127452427105,0,450,248,421,225,445,287,481,295,437,339,452,7.49,4.46,23.4
0.643818855285645,0.709771037101746,1.52031373977661,1.10709691047668,1.56780028343201,1.82874810695648,0.888182580471039,0.97940731048584,0.873563230037689,0.833446085453033,0.886693775653839,0.916986048221588,0.993493497371674,6.86141960812325,20.9767191464757,0,452,253,422,231,443,290,480,300,439,342,450,5.57,7.14,18.5
0.635668575763702,0.685099959373474,1.53619623184204,1.040203332901,1.60873579978943,1.78077220916748,0.882316529750824,0.913007438182831,0.848267257213593,0.824947237968445,0.885254681110382,0.925227224826813,0.934551000595093,-3.80372591532866,10.8806945761491,0,454,295,357,290,355,331,407,357,372,394,393,2.75,7.45,13.5
0.634238183498383,0.696041882038116,1.50685894489288,1.13083457946777,1.51165771484375,1.74800038337708,0.913067877292633,0.914414405822754,0.914893627166748,0.813863456249237,0.853590548038483,0.913129568099976,0.93497759103775,-2.07024606131205,9.01679043727515,0,456,323,322,305,344,342,396,371,364,402,386,2.19,7.9,7.9
0.633734405040741,0.704093456268311,1.47068428993225,1.05045092105865,1.54668128490448,1.75278854370117,0.934646964073181,0.898636341094971,0.874556720256805,0.807194173336029,0.870279788970947,0.922335982322693,0.904367983341217,-9.49440772101385,17.622386113488,0,458,312,317,283,335,327,388,350,353,385,379,0.205,2.26,3.25
0.645346939563751,0.678971171379089,1.46449410915375,1.08666932582855,1.52461051940918,1.68411707878113,0.92542177438736,0.973050117492676,0.900595605373383,0.812575399875641,0.881763100624085,0.918671429157257,0.939319550991058,3.55827555306014,5.8057569378564,0,460,292,323,275,337,319,388,343,353,380,378,3.16,1.2,7.66
0.653472602367401,0.681918799877167,1.41951251029968,1.17064988613129,1.47738575935364,1.58658289909363,0.900131404399872,0.911347508430481,0.904282927513123,0.823729753494263,0.886073231697083,0.912942409515381,0.932689785957336,3.74098744745387,14.0994487164471,0,463,285,329,259,348,306,398,325,363,361,390,0.417,2.54,16.5
0.646890163421631,0.682272076606751,1.48107469081879,1.09364461898804,1.54539978504181,1.56901943683624,0.87863039970398,0.968055546283722,0.91064840555191,0.824045717716217,0.900320708751678,0.934859573841095,0.929664731025696,1.41953793663067,11.2822009168558,0,465,279,360,255,383,305,427,324,388,364,408,0.591,0.923,25.5
0.648812830448151,0.680996239185333,1.47850739955902,1.08034181594849,1.52189540863037,1.63141787052155,0.877244651317596,0.919224560260773,0.849953413009644,0.825531780719757,0.886819183826447,0.914935946464539,0.913256227970123,0.392806254970955,7.94317123970608,0,467,279,370,258,390,307,435,329,395,367,412,1.78,3.28,30.2
0.654824674129486,0.686172485351563,1.48166990280151,1.1198410987854,1.46404588222504,1.56066083908081,0.847503364086151,0.898082733154297,0.888919770717621,0.826543390750885,0.844982326030731,0.918681740760803,0.953346848487854,1.04937829770818,2.35269694811413,0,469,268,372,251,392,302,436,321,397,362,413,2.78,3.94,31.8
0.653258621692658,0.693082690238953,1.41871047019959,1.05347752571106,1.47312414646149,1.6299763917923,0.87890625,1.01659941673279,0.882565259933472,0.821306645870209,0.873685777187347,0.921004593372345,0.945523023605347,-0.590764242203965,9.53011648726704,0,471,263,375,243,394,295,438,310,398,355,416,0.325,2.48,34.4
0.647150993347168,0.7136510014534,1.449831366539,1.06672823429108,1.48662936687469,1.5415358543396,0.906735777854919,0.956214666366577,0.92344343662262,0.83973640203476,0.88917863368988,0.91428130865097,0.9277184009552,0.448438083792069,2.25733079587247,0,473,257,370,237,389,290,433,308,396,348,413,1.5,1.92,33.7
0.646431982517242,0.72575443983078,1.41414749622345,1.04781007766724,1.45712566375732,1.45204365253449,0.915625631809235,0.937473595142365,0.910678744316101,0.827213227748871,0.866186082363129,0.915810227394104,0.925939559936523,-4.27975424688334,12.4549151409314,0,475,255,375,231,396,287,439,301,399,344,419,2.25,2.46,28.2
0.65986567735672,0.745946764945984,1.4329217672348,1.10167837142944,1.49113643169403,1.42307198047638,1.02153623104095,0.923130691051483,0.887469589710236,0.828828632831574,0.879748344421387,0.922650337219238,0.904542684555054,12.3577627615438,21.6822975566544,0,477,247,375,228,396,284,440,297,400,340,418,4.93,3.37,24
0.67541366815567,0.746849596500397,1.38195621967316,1.07939982414246,1.49213755130768,1.52372539043427,0.933606564998627,0.96549391746521,0.956622779369354,0.816112160682678,0.880930244922638,0.905310809612274,0.953909456729889,-4.61839397433453,7.11493472367289,0,479,244,380,228,404,284,446,298,406,341,423,5.84,2.58,20.9
0.657434523105621,0.733883082866669,1.4246541261673,1.09021234512329,1.41549122333527,1.51002299785614,0.865525662899017,0,0.901311874389648,0.804683983325958,0.850988209247589,0.919769048690796,0.912768125534058,8.21360675541442,13.644257575829,0,481,317,337,281,346,324,400,349,365,381,387,1.94,6.68,11.5
0.659862756729126,0.696928560733795,1.51867985725403,1.14590489864349,1.42510104179382,1.44086277484894,0.843511462211609,1.02491307258606,0.875982344150543,0.80270904302597,0.8437140583992,0.899030566215515,0.933176636695862,-7.38045654607422,10.3882650077116,0,483,342,375,326,401,363,450,393,415,429,436,0.498,6.15,9.36
0.636171042919159,0.707165539264679,1.49278080463409,1.0708042383194,1.43144679069519,1.57798635959625,0.870081424713135,0.937280476093292,0.878088533878326,0.791249215602875,0.862403810024262,0.893646597862244,0.909614026546478,8.01923460189664,13.7492836259801,0,486,364,405,335,418,372,467,405,431,438,451,2.64,4.94,7.05
0.637834548950195,0.733437716960907,1.47997522354126,1.05538499355316,1.41465651988983,1.58967530727386,0.905362784862518,0.886338770389557,0.889788448810577,0.801196992397308,0.874434232711792,0.904068052768707,0.93120688199997,-3.51979280770671,9.81432775024808,0,488,360,404,330,417,369,466,401,432,437,452,0.444,2,6.12
0.647311687469482,0.736308991909027,1.53545546531677,1.05752265453339,1.40259981155396,1.56025195121765,0.852914392948151,0.990591406822205,0.896480321884155,0.785929679870606,0.878866791725159,0.893725454807282,0.931836605072022,-0.330921907744916,1.3220316639202,0,490,359,407,332,417,371,468,401,430,438,452,4,0.168,7.9
0.650329828262329,0.720953524112701,1.509197473526,1.04854571819305,1.41170382499695,1.5157014131546,0.916712641716003,0.970013618469238,0.848522543907166,0.78800755739212,0.882196843624115,0.899489879608154,0.922928690910339,-6.67016931898414,12.4189166272929,0,492,361,415,336,428,375,476,408,440,443,457,1.9,0.857,13.2
0.647997736930847,0.741786062717438,1.53631484508514,1.05785119533539,1.34676897525787,1.57853972911835,0.841701507568359,0.791044771671295,0.886147439479828,0.777136623859406,0.85286670923233,0.897272884845734,0.953952431678772,6.0931342237148,8.78294850304268,0,494,364,419,343,432,379,480,413,443,450,460,0.461,1.44,17.1
0.654418408870697,0.734521985054016,1.50922060012817,1.07141077518463,1.35744524002075,1.48637855052948,0.905985295772553,0.931529521942139,0.872573256492615,0.793268859386444,0.844869434833527,0.893653333187103,0.929248929023743,-8.73055474749508,11.4654591894656,0,496,358,420,332,434,372,481,403,445,443,461,2.46,2.35,18.6
0.654894232749939,0.720791041851044,1.53311359882355,1.11986041069031,1.33214235305786,1.45024859905243,0.907084047794342,0.917355358600616,0.882619202136993,0.791718423366547,0.865907371044159,0.893959581851959,0.913798332214356,9.00926741537261,12.463181476032,0,498,358,422,333,435,373,483,405,446,444,462,0.744,2.26,25
0.665999889373779,0.721322953701019,1.47812759876251,1.04994571208954,1.36168599128723,1.43323683738709,0.894377112388611,0.903301894664764,0.913873732089996,0.792563259601593,0.878620207309723,0.894230544567108,0.917597413063049,-7.96957471825824,12.017148361612,0,500,354,419,327,433,368,480,399,444,438,460,3.98,2.73,26.6
0.664091646671295,0.720899939537048,1.55739259719849,1.1166125535965,1.32580316066742,1.34103333950043,0.869841277599335,0.927842557430267,0.906732738018036,0.775411665439606,0.866766452789307,0.884699642658234,0.916899740695953,3.2836988241205,4.7576175460511,0,502,355,420,324,431,366,480,395,443,434,458,1.81,1.07,23.2
0.653176188468933,0.721707761287689,1.56137526035309,1.07884669303894,1.29726076126099,1.49518525600433,0.833460927009583,1.00814998149872,0.85657000541687,0.768105149269104,0.852519512176514,0.888445138931274,0.927384495735168,-6.74354922424772,11.3309870449061,0,504,360,424,335,437,373,484,406,449,445,464,3.01,1.75,26.6
0.6531982421875,0.703411936759949,1.6091570854187,1.13033902645111,1.3295863866806,1.33362329006195,0.861318230628967,0.904847383499146,0.870994031429291,0.762596368789673,0.85808938741684,0.872737944126129,0.933608829975128,7.31618192407988,11.7732466533316,0,507,355,422,328,435,368,482,401,448,440,462,4.03,3.3,22.3
0.66332733631134,0.731130957603455,1.55026018619537,1.04940068721771,1.33900797367096,1.47145164012909,0.873157143592835,0.900584816932678,0.860841453075409,0.765950560569763,0.866335868835449,0.871168792247772,0.91477108001709,-1.29839148751002,2.743158519457,0,509,350,420,318,430,362,477,389,445,428,460,2.45,1.39,15.4
0.65801739692688,0.730090141296387,1.51971101760864,1.04310703277588,1.30172324180603,1.34151697158813,0.863665997982025,0.920516669750214,0.873806297779083,0.776994407176971,0.870115458965302,0.874174654483795,0.937236368656158,4.78868932444075,8.30999827405822,0,511,341,414,314,427,356,475,386,442,424,459,3.04,2.23,11.7
0.654823958873749,0.724949300289154,1.49459064006805,1.05094933509827,1.31326198577881,1.36906170845032,0.873060345649719,0.88492488861084,0.895267307758331,0.795266389846802,0.868502557277679,0.88516241312027,0.948539614677429,-6.8848688776539,14.835815077187,0,513,335,409,303,418,348,468,371,437,415,457,1.27,1.18,11.8
0.650487840175629,0.728881537914276,1.53069829940796,1.04559791088104,1.28798115253448,1.38316202163696,0.86873334646225,0,0.865512669086456,0.777472019195557,0.863100111484528,0.872486114501953,0.899038434028626,6.92139828274429,10.458461799016,0,515,345,413,312,423,355,472,381,440,420,458,1.03,2.51,7.89
0.644547879695892,0.734039664268494,1.57643663883209,1.01927125453949,1.26242995262146,1.32530117034912,0.888888895511627,0.856382966041565,0.869237244129181,0.784511864185333,0.836161851882935,0.864190518856049,0.923269987106323,-4.75615765309133,7.28249450663469,0,517,355,422,332,439,371,485,404,450,443,467,0.595,1.03,7.45
0.648474097251892,0.699142098426819,1.56826770305634,1.02771878242493,1.23528063297272,1.27302527427673,0.85141509771347,0.896783828735352,0.861500144004822,0.796599090099335,0.810747087001801,0.872448146343231,0.969151675701141,0.983899916681952,4.72332496659163,0,519,376,430,353,447,386,492,425,459,462,472,1.34,2.61,7.56
0.649308323860168,0.709326446056366,1.4694846868515,1.04707443714142,1.26065576076508,1.22487604618073,0.886605083942413,0.861635208129883,0.910142362117767,0.827980935573578,0.832703232765198,0.865588843822479,0.933651924133301,-6.96224601006033,10.5820026191134,0,521,366,416,337,423,372,473,406,446,439,466,0.906,0.123,8.32
0.657706022262573,0.696528851985931,1.52231693267822,1.02419948577881,1.28511333465576,1.22269380092621,0.886391639709473,0.897512853145599,0.917341530323029,0.837303757667542,0.904856145381928,0.865660905838013,0.9341801404953,3.56309634525344,5.30027552148707,0,523,353,396,324,408,360,460,391,432,425,457,0.33,1.27,7.76
0.660970568656921,0.714401960372925,1.51326656341553,1.03011846542358,1.24990630149841,1.20604372024536,0.902153372764587,0.966101706027985,0.91304349899292,0.829693913459778,0.906274378299713,0.864985048770905,0.933378875255585,-6.11397322058757,8.55818674969561,0,525,344,398,318,415,357,465,386,431,423,453,1.04,0.495,8.52
0.669781804084778,0.713605165481567,1.58859825134277,1.0535888671875,1.2196626663208,1.1897519826889,0.882562279701233,0.942975640296936,0.87670361995697,0.805877029895783,0.889602720737457,0.862465679645538,0.929542005062103,6.33606986977888,9.88653728461367,0,528,358,416,327,427,365,475,396,443,433,458,3.78,1.81,8.26
0.641016662120819,0.692844748497009,1.54656207561493,1.00537300109863,1.18421936035156,1.2879478931427,0.847887337207794,0.889098942279816,0.841177940368652,0.815609812736511,0.84991592168808,0.860445499420166,0.938206136226654,4.35254602820157,6.4259710489003,0,530,381,433,355,445,388,491,426,457,463,471,1.02,0.92,6.63
0.65053528547287,0.745347559452057,1.66877973079681,1.02458572387695,1.19351518154144,1.24301195144653,0.872258067131043,0.914088547229767,0.875262796878815,0.82637882232666,0.862356841564178,0.855011224746704,0.919174015522003,3.43062783258392,5.95606451637363,0,532,373,431,348,443,383,490,418,454,458,468,0.423,2.15,6.63
0.645796716213226,0.71663510799408,1.63266742229462,1.00575852394104,1.21470332145691,1.26012694835663,0.879728674888611,0.897868931293488,0.842605471611023,0.837174892425537,0.856299221515656,0.854560673236847,0.938676834106445,-2.76854914949349,7.38685963901957,0,534,378,432,353,444,386,489,424,457,462,472,2.57,1.86,7.58
0.645880281925201,0.721184611320496,1.60420370101929,1.02451121807098,1.18964469432831,1.15099287033081,0.881491720676422,0.90529727935791,0.872877359390259,0.864301681518555,0.871404409408569,0.856099963188171,0.9353386759758,2.89251527869795,9.5667916593526,0,536,386,418,359,433,394,479,430,455,465,473,3.08,1.55,7.28
0.651288270950317,0.691070377826691,1.56586921215057,1.01182019710541,1.22404491901398,1.08908927440643,0.898873686790466,0.940092146396637,0.848479747772217,0.87757682800293,0.884226858615875,0.873358368873596,0.914664208889008,-0.982279315490501,2.7541395396421,0,538,372,404,343,411,378,463,411,436,445,458,3.1,1.92,7.53
0.643910467624664,0.70148640871048,1.62212610244751,1.01873123645782,1.2094829082489,1.13320600986481,0.966098189353943,0.935991942882538,0.869889140129089,0.862616062164307,0.870564818382263,0.847619712352753,0.921675384044647,11.6895018818248,18.1558398142422,0,540,361,403,331,407,367,459,399,428,435,452,3.39,0.753,11.1
0.661015391349793,0.711478471755981,1.61385369300842,1.03092777729034,1.17901170253754,1.10433650016785,0.922465205192566,0.963687121868134,0.830438733100891,0.845559358596802,0.898210823535919,0.863111972808838,0.913004457950592,-12.4845680718573,16.7538234351491,0,542,367,425,343,442,378,488,414,454,451,467,4.88,3.04,7.64
0.648806393146515,0.731529414653778,1.74573242664337,1.02984178066254,1.15371441841125,1.20296144485474,0.884756445884705,0.933044493198395,0.889671862125397,0.848229825496674,0.914234519004822,0.85489422082901,0.928857266902924,0.413812105388735,4.76156464109291,0,544,380,431,351,443,383,490,423,455,459,469,1.25,2.19,7.92
0.652504980564117,0.69769024848938,1.58799946308136,1.00446248054504,1.15630030632019,1.16447484493256,0.885186314582825,0.932110905647278,0.873676776885986,0.862545132637024,0.881771743297577,0.87154632806778,0.925352334976196,-22.577862311346,36.0157670599887,0,546,389,434,363,441,394,487,435,458,469,475,1.26,0.835,9.13
0.687604546546936,0.68524158000946,1.54165756702423,1.05908811092377,1.18609154224396,1.02426099777222,0.963376641273499,0.969002723693848,0.874196529388428,0.888493180274963,0.884523570537567,0.862317979335785,0.919225335121155,-1.01278067577572,2.00380302200605,0,549,393,374,365,394,391,446,425,428,455,455,6.92,4.29,12.2
0.654489517211914,0.683136343955994,1.54356944561005,1.04959893226624,1.23671770095825,1.08827126026154,0.90181702375412,0.914003193378449,0.865641355514526,0.858744442462921,0.918877005577087,0.862478256225586,0.932949423789978,-5.17373368987819,15.4340377868123,0,551,366,362,333,376,369,430,397,398,426,423,7.88,10.6,8.76
0.684159338474274,0.686161994934082,1.52085077762604,1.07673668861389,1.20662105083466,1.05496442317963,0.89811497926712,0.987302482128143,0.858569741249085,0.889189958572388,0.952645838260651,0.854949712753296,0.943470776081085,-2.05862025841291,8.09471318798518,0,553,286,263,272,283,303,336,335,307,370,338,12.4,11.5,10.6
0.688725113868713,0.7306849360466,1.57006788253784,1.04877138137817,1.2001029253006,0.98286634683609,0.941680014133453,0.980242490768433,0.911194503307343,0.941634297370911,0.956249237060547,0.892374753952026,0,-9.02221779120451,39.1528036079455,0,555,218,241,172,235,203,296,235,268,260,292,6.88,15.5,17.2
0,0,0,0,0,0,0,0,0,0,0,0,0,-0.425143528343684,25.9140695670965,0,557,0,0,0,0,0,0,0,0,0,0,12.6,17.5,25.2
0,0,0,0,0,0,0,0,0,0,0,0,0,-0.276551033043424,3.38160054693068,0,559,0,0,0,0,0,0,0,0,0,0,12.6,21.2,36.3
0,0,0,0,0,0,0,0,0,0,0,0,0,6.34930085466631,33.1798237410146,0,561,0,0,0,0,0,0,0,0,0,0,7.5,18.8,49.2
0.716274678707123,0.781643092632294,1.52130937576294,1.04024970531464,1.27123248577118,1.00821697711945,0.980758666992188,0.893551230430603,0.863468647003174,0.949876546859741,0.995561838150024,0.916476249694824,0,0.084707849596396,12.1455392105394,0,563,218,157,203,222,243,267,272,224,303,245,5.47,16.9,66.6
0.683490216732025,0.765164971351624,1.55800473690033,1.05285382270813,1.26646173000336,1.16069138050079,0,1.03669726848602,0.909759700298309,0.930897414684296,0.979269504547119,0.891565799713135,0.976331353187561,-3.99340044266443,19.4444376499188,0,565,174,286,180,239,219,295,249,249,286,262,3.25,13.2,88.1
0,0,0,0,0,0,0,0,0,0,0,0,0,4.48099929250714,32.7750158134955,0,567,0,0,0,0,0,0,0,0,0,0,3.83,8.53,104
0,0,0,0,0,0,0,0,0,0,0,0,0,11.6260032190601,38.8071756804315,0,570,0,0,0,0,0,0,0,0,0,0,13.8,11,126
0,0,0,0,0,0,0,0,0,0,0,0,0,-2.15421311661485,24.5301728646912,0,572,0,0,0,0,0,0,0,0,0,0,12.1,9.74,139
0,0,0,0,0,0,0,0,0,0,0,0,0,0.374008874826587,6.94275275426969,0,574,0,0,0,0,0,0,0,0,0,0,1.8,13.7,145
0,0,0,0,0,0,0,0,0,0,0,0,0,-0.232424146273674,7.47891692069068,0,576,0,0,0,0,0,0,0,0,0,0,1.85,12,138
0,0,0,0,0,0,0,0,0,0,0,0,0,0.233589254003115,8.2485649107225,0,578,0,0,0,0,0,0,0,0,0,0,3.57,4.62,127
0,0,0,0,0,0,0,0,0,0,0,0,0,-2.00095191239856,16.3129377370061,0,580,0,0,0,0,0,0,0,0,0,0,12.7,8.12,116
0,0,0,0,0,0,0,0,0,0,0,0,0,1.07304603977165,35.1747320360459,0,582,0,0,0,0,0,0,0,0,0,0,11.3,13.9,96.1
0,0,0,0,0,0,0,0,0,0,0,0,0,0.26686431256962,33.4085468567286,0,584,0,0,0,0,0,0,0,0,0,0,2.94,19.4,72.7
0,0,0,0,0,0,0,0,0,0,0,0,0,-3.42810521899117,86.4772071487067,0,586,0,0,0,0,0,0,0,0,0,0,1.16,12.2,57.9
0,0,0,0,0,0,0,0,0,0,0,0,0,0.173182551258657,31.6045395986167,0,588,0,0,0,0,0,0,0,0,0,0,4.28,9.8,43.5
0.694863796234131,0.762254297733307,1.35790038108826,1.98751711845398,1.25538313388824,0.98267263174057,0.965155601501465,0.969224452972412,0.961969316005707,0.858394682407379,0.933830082416534,0.904363751411438,0.950642883777618,-13.4243993356888,35.8905807536818,0,591,107,414,96.6,484,129,535,166,497,201,512,13.8,7.89,24.2
0.696367800235748,0.746974647045136,1.34737515449524,1.99191057682037,1.37412655353546,1.02391052246094,0,0,0.920581638813019,0.891661286354065,0.948920488357544,0.895996987819672,0.874231576919556,6.52912376514182,25.3338249406294,0,593,433,128,492,67,467,122,522,127,524,169,8.51,15,14.3
0.693396270275116,0.752525985240936,1.37638103961945,2.10237193107605,1.40317249298096,1.16120684146881,0,0.907933831214905,0.922313094139099,0.879886567592621,0.926834881305695,0.873115599155426,0.970122218132019,-4.12199464621609,13.6196335509786,0,595,588,80,661,48.5,627,98.7,673,121,666,154,3.24,21,7.32
0,0,0,0,0,0,0,0,0,0,0,0,0,7.07409068287245,29.3631736905645,0,597,0,0,0,0,0,0,0,0,0,0,21.4,16.6,3.42
0,0,0,0,0,0,0,0,0,0,0,0,0,-2.82630569209169,7.51390274893201,0,599,0,0,0,0,0,0,0,0,0,0,12.8,15.5,10.2
0,0,0,0,0,0,0,0,0,0,0,0,0,-1.13960480087717,43.0531636629647,0,601,0,0,0,0,0,0,0,0,0,0,10.7,14.6,15.5
0.682941615581512,0.658888518810272,1.35857307910919,2.60828804969788,1.43396484851837,0.999005317687988,0.910809874534607,1.13291537761688,0.85606062412262,0.802089214324951,0.870086073875427,0.847003400325775,0.96027398109436,-3.8533705314677,16.4089621732508,0,603,485,403,474,377,423,410,449,448,430,484,10.7,9.51,11.8
0.685084223747253,0.67210727930069,1.38284683227539,2.54285860061645,1.43051600456238,1.00957453250885,0.899504959583283,1.11860859394073,0.904153347015381,0.796473681926727,0.886008143424988,0.836221635341644,0.92833799123764,1.56920758741903,9.15275982035428,0,605,496,394,494,358,445,387,463,425,444,457,1.92,3.43,25.2
0.657465934753418,0.642340302467346,1.31873655319214,2.58495593070984,1.41853702068329,0.97926938533783,0.870287239551544,0.981545865535736,0.917079210281372,0.810208022594452,0.909635365009308,0.857434213161469,0.915823042392731,-1.63043205446894,8.13633199297675,0,607,525,394,509,374,454,396,474,439,447,468,0.258,5.63,36.8
0.678583443164825,0.667972266674042,1.41694021224976,2.55034732818604,1.40686511993408,1.00633382797241,0.898642122745514,1.01509022712708,0.941034913063049,0.833417892456055,0.965997219085693,0.860952734947205,0.906912446022034,1.94699386627077,10.4103809171407,0,609,494,406,480,387,427,414,450,455,430,487,2.44,8.33,54
0.688110649585724,0.711188316345215,1.44571554660797,2.59377217292786,1.41209948062897,1.02974808216095,0.977868854999542,1.13439631462097,0.880991041660309,0.812994956970215,0.8915154337883,0.880637109279633,0.937721908092499,0.232431423120113,0.97017188614684,0,611,470,419,452,406,405,438,430,478,416,513,3.41,3.95,65.6
0.654277205467224,0.655361950397491,1.33797550201416,2.58861398696899,1.42606830596924,0.974028170108795,0.997098386287689,1.03647649288178,0.966358840465546,0.822323203086853,0.912668168544769,0.854050993919373,0.926208674907684,0.631246932443595,10.5597592303016,0,614,493,393,500,358,445,388,468,427,447,459,9.13,6.33,81.3
0.658614575862885,0.662731409072876,1.31611657142639,2.57095813751221,1.38785934448242,0.989165782928467,0.915145993232727,0.886527836322784,0.951918840408325,0.832547426223755,0.95160973072052,0.861190378665924,0.93517017364502,18.8548933519248,67.1553954090248,0,616,549,361,523,338,470,362,486,402,461,435,6.91,4.03,86.6
0.670955955982208,0.650112152099609,1.24190747737885,2.51702380180359,1.41700053215027,1.01427006721497,0.924266159534454,1.02955663204193,0.917815923690796,0.844530403614044,0.913893043994904,0.864176869392395,0.947353601455689,-0.397160978317589,16.2496205935021,0,618,587,340,597,303,536,318,550,359,520,384,10.7,12.2,90
0.67241245508194,0.706468343734741,1.22072851657867,2.45097923278809,1.39601564407349,1.01103675365448,0.910618305206299,1.01692247390747,0.943123042583466,0.842378675937653,0.917572438716888,0.8838871717453,0.932159900665283,11.5777653053317,14.548551302343,0,620,333,317,321,297,256,302,272,341,234,360,4,12.6,78.3
0.639180183410645,0.708345770835876,1.2481290102005,2.32648086547852,1.39075911045074,0.962417006492615,0.962517261505127,0.947996318340302,0.977163791656494,0.836645424365997,0.882665395736694,0.87944883108139,0.925184428691864,36.7163905051131,44.4783432054492,0,622,364,302,394,279,322,275,337,315,305,326,19.6,10.5,66.3
0,0,0,0,0,0,0,0,0,0,0,0,0,39.1875805645623,44.1249414943637,0,624,0,0,0,0,0,0,0,0,0,0,33.4,29.4,47.2
0,0,0,0,0,0,0,0,0,0,0,0,0,38.7533150907721,43.3296642928774,0,626,0,0,0,0,0,0,0,0,0,0,15.1,34.6,32.5
0,0,0,0,0,0,0,0,0,0,0,0,0,2.9736268599211,39.7838158246584,0,628,0,0,0,0,0,0,0,0,0,0,31.8,56.1,47.4
0,0,0,0,0,0,0,0,0,0,0,0,0,12.4729251675649,15.7448299577713,0,630,0,0,0,0,0,0,0,0,0,0,10.2,28.4,73.5
0,0,0,0,0,0,0,0,0,0,0,0,0,-33.5729210086487,45.2078846979032,0,632,0,0,0,0,0,0,0,0,0,0,27.3,12,91.6
0,0,0,0,0,0,0,0,0,0,0,0,0,70.5351718565357,109.347407927994,0,635,0,0,0,0,0,0,0,0,0,0,37.1,14.3,130
0,0,0,0,0,0,0,0,0,0,0,0,0,4.40104210968261,18.8436915031499,0,637,0,0,0,0,0,0,0,0,0,0,14.9,13,169
0,0,0,0,0,0,0,0,0,0,0,0,0,51.6354268070073,66.2977769051793,0,639,0,0,0,0,0,0,0,0,0,0,9.33,33.7,188
0,0,0,0,0,0,0,0,0,0,0,0,0,-17.5401245388043,44.6298479735114,0,641,0,0,0,0,0,0,0,0,0,0,26.4,40.9,174
0.68980860710144,0.723643481731415,1.1928151845932,2.29735779762268,1.34147429466248,1.00776815414429,0,0,0,0.95406973361969,0,0.892959535121918,0,4.22122081382359,4.51358780891121,0,643,550,169,514,85.5,501,155,546,159,542,177,19.7,39.3,173
0,0,0,0,0,0,0,0,0,0,0,0,0,5.41321283510891,20.6285968339811,0,645,0,0,0,0,0,0,0,0,0,0,8.22,41.2,150
0.652922868728638,0.700114548206329,1.17439830303192,2.3476824760437,1.36852633953094,0.994321227073669,0.991897642612457,0.839411377906799,0.942788302898407,0.970709621906281,0.950059056282043,0.910701215267181,0.926023066043854,-5.3836376750493,11.3353018296493,0,647,530,368,522,341,492,395,536,407,527,448,0.528,25.5,91.1
0.65074759721756,0.678805112838745,1.14981484413147,2.66778683662415,1.37733972072601,0.968213081359863,1.00534760951996,0.951411247253418,0.907990336418152,0.939361035823822,2.6212215423584,0.91384756565094,0.940324425697327,79.3617023966737,90.4461201542799,0,649,618,390,563,371,519,408,560,441,540,476,13.9,19.7,39.2
0,0,0,0,0,0,0,0,0,0,0,0,0,35.3688439136156,53.8445905425667,0,651,0,0,0,0,0,0,0,0,0,0,44.1,25.1,24.7
0,0,0,0,0,0,0,0,0,0,0,0,0,68.7420112929426,74.9137804705143,0,653,0,0,0,0,0,0,0,0,0,0,63.1,61.1,123
0,0,0,0,0,0,0,0,0,0,0,0,0,-78.7995628806783,110.640092778368,0,656,0,0,0,0,0,0,0,0,0,0,34,78.2,245
0,0,0,0,0,0,0,0,0,0,0,0,0,19.5960947928676,30.5836952500029,0,658,0,0,0,0,0,0,0,0,0,0,38.2,76.8,323
0,0,0,0,0,0,0,0,0,0,0,0,0,51.187812742025,73.8540402961385,0,660,0,0,0,0,0,0,0,0,0,0,54.7,84.7,404
0,0,0,0,0,0,0,0,0,0,0,0,0,85.7403279424848,125.044451180668,0,662,0,0,0,0,0,0,0,0,0,0,82.6,87.6,509
0,0,0,0,0,0,0,0,0,0,0,0,0,83.6548604534388,103.417013460237,0,664,0,0,0,0,0,0,0,0,0,0,90.2,116,577
0,0,0,0,0,0,0,0,0,0,0,0,0,-16.3438143057645,72.6458840664204,0,666,0,0,0,0,0,0,0,0,0,0,67.7,157,659
0,0,0,0,0,0,0,0,0,0,0,0,0,35.2678564427926,38.1627104973578,0,668,0,0,0,0,0,0,0,0,0,0,6.78,166,777
0,0,0,0,0,0,0,0,0,0,0,0,0,23.4551627938739,26.3944420013437,0,670,0,0,0,0,0,0,0,0,0,0,6.9,107,871
0.671921372413635,0.713928580284119,1.23946154117584,2.41431760787964,1.61567866802216,0.997042417526245,0.932225942611694,1.00062012672424,1.04547584056854,0.943436205387116,0.941443145275116,0.903001427650452,1.05809128284454,50.1821480587724,78.0502191975943,0,672,547,577,537,538,487,567,521,605,501,637,49.6,87.4,974
0,0,0,0,0,0,0,0,0,0,0,0,0,25.2558442746216,66.2880771142561,0,674,0,0,0,0,0,0,0,0,0,0,54.5,68.9,1100
0,0,0,0,0,0,0,0,0,0,0,0,0,-33.3793130523258,72.2625817763066,0,677,0,0,0,0,0,0,0,0,0,0,43.4,53.3,1240
0,0,0,0,0,0,0,0,0,0,0,0,0,2.06222843235267,65.2501914880725,0,679,0,0,0,0,0,0,0,0,0,0,47.2,37.2,1320
0,0,0,0,0,0,0,0,0,0,0,0,0,3.85934481975414,55.5262119511282,0,681,0,0,0,0,0,0,0,0,0,0,37.4,18,1350
0,0,0,0,0,0,0,0,0,0,0,0,0,-6.46905197617167,66.1366596418852,0,683,0,0,0,0,0,0,0,0,0,0,12.7,40.3,1390
0,0,0,0,0,0,0,0,0,0,0,0,0,1.16982662746983,19.9582536921345,0,685,0,0,0,0,0,0,0,0,0,0,18.6,62.7,1350
0,0,0,0,0,0,0,0,0,0,0,0,0,-5.80212426392948,16.1216357557343,0,687,0,0,0,0,0,0,0,0,0,0,2.17,34.8,1300
0.67975115776062,0.7492595911026,1.11160373687744,2.52626538276672,1.86682283878326,0.979067623615265,0.949800550937653,0.945662796497345,1.02247190475464,0.878176510334015,0.91821825504303,0.900124728679657,1.0750492811203,-7.57793126144824,33.5467422915541,0,689,461,634,445,638,509,635,497,590,530,574,4.62,21.5,1220
0.662487685680389,0.725079596042633,1.10787045955658,2.75153422355652,1.93438160419464,0.971945106983185,0.983693599700928,0.9100142121315,0.935932099819183,0.873871862888336,0.919082939624786,0.907816886901856,1.0541365146637,-8.46486034950262,19.1618783453201,0,691,430,630,428,646,492,647,480,601,517,584,5.46,9.01,1090
0.693019509315491,0.736166477203369,1.09953141212463,2.59006857872009,1.85941934585571,0.974525570869446,0.930476427078247,0.99865859746933,0.845024228096008,0.856261193752289,0.918118476867676,0.900373101234436,1.03552210330963,-27.0321750323371,61.6366733631864,0,693,361,564,391,647,452,630,427,590,457,572,9.51,10.9,973
0.710528552532196,0.746420443058014,1.0737771987915,2.30932450294495,1.87337839603424,1.00321960449219,0.895016312599182,0.972321093082428,0,0.907361805438995,0,0.920930206775665,1.03293418884277,26.9515292371651,29.4841184113018,0,695,116,645,186,706,240,693,220,649,256,629,15.8,5.57,846
0,0,0,0,0,0,0,0,0,0,0,0,0,-118.554431822824,126.683467142824,0,698,0,0,0,0,0,0,0,0,0,0,8.93,11.4,639
0,0,0,0,0,0,0,0,0,0,0,0,0,-50.4616652281149,99.4339649630601,0,700,0,0,0,0,0,0,0,0,0,0,28.9,31.9,533
0,0,0,0,0,0,0,0,0,0,0,0,0,-0.435734684105576,20.3482875127488,0,702,0,0,0,0,0,0,0,0,0,0,8.98,13,425
0,0,0,0,0,0,0,0,0,0,0,0,0,-22.4528621122551,28.5144154238284,0,704,0,0,0,0,0,0,0,0,0,0,22.6,10.4,363
0,0,0,0,0,0,0,0,0,0,0,0,0,-62.5888695810394,117.701980777209,0,706,0,0,0,0,0,0,0,0,0,0,24.5,7.93,313
0,0,0,0,0,0,0,0,0,0,0,0,0,-29.9697437183375,45.880791502912,0,708,0,0,0,0,0,0,0,0,0,0,9.22,6.85,301
0,0,0,0,0,0,0,0,0,0,0,0,0,3.45531778578831,18.5331960027731,0,710,0,0,0,0,0,0,0,0,0,0,22.1,7.29,253
0,0,0,0,0,0,0,0,0,0,0,0,0,27.367200894883,46.9241112486394,0,712,0,0,0,0,0,0,0,0,0,0,10.4,13.8,239
0,0,0,0,0,0,0,0,0,0,0,0,0,13.13005772904,16.8457337838298,0,714,0,0,0,0,0,0,0,0,0,0,16.3,14.5,216
0.694992303848267,0.714921176433563,1.08798480033875,0,0.825051784515381,0.972933292388916,0,1.00265598297119,0,0,0,0.829131662845612,0,78.3653544812609,119.816977909697,0,716,559,744,619,689,671,688,0,0,542,702,31.7,4.01,184
0,0,0,0,0,0,0,0,0,0,0,0,0,-58.5170807758757,96.1979440924804,0,719,0,0,0,0,0,0,0,0,0,0,7.33,9.81,128
0,0,0,0,0,0,0,0,0,0,0,0,0,-44.5029165170604,71.6619947340474,0,721,0,0,0,0,0,0,0,0,0,0,39.5,14.2,119
0,0,0,0,0,0,0,0,0,0,0,0,0,-12.2473094952762,20.5420138402914,0,723,0,0,0,0,0,0,0,0,0,0,18.8,26.1,94.6
0,0,0,0,0,0,0,0,0,0,0,0,0,13.7009879423433,16.4075491593741,0,725,0,0,0,0,0,0,0,0,0,0,11.4,36.5,71.1
0.686208844184876,0.690685033798218,1.07646071910858,2.29874014854431,1.75731122493744,1.22390854358673,1.04583597183228,0.989293336868286,0.932462871074677,0.957979023456574,0.951016306877136,0.928871870040894,0.895049512386322,-13.9369331762405,23.0060289394378,0,727,360,409,345,438,368,473,401,434,440,437,3.1,48.6,93.9
0,0,0,0,0,0,0,0,0,0,0,0,0,17.5761780219499,33.350810294033,0,729,0,0,0,0,0,0,0,0,0,0,5.99,29.8,96.7
0,0,0,0,0,0,0,0,0,0,0,0,0,5.00825632514836,6.7034497269359,0,731,0,0,0,0,0,0,0,0,0,0,4.13,14.5,112
0,0,0,0,0,0,0,0,0,0,0,0,0,9.02492322382999,10.2377958578437,0,733,0,0,0,0,0,0,0,0,0,0,8.56,7.86,155
0,0,0,0,0,0,0,0,0,0,0,0,0,-2.4794871655868,4.63189974426601,0,735,0,0,0,0,0,0,0,0,0,0,2.48,3.38,172
0,0,0,0,0,0,0,0,0,0,0,0,0,-10.5418179233283,16.2698088311556,0,737,0,0,0,0,0,0,0,0,0,0,5.55,10,190
0.634565353393555,0.655177295207977,1.02985227108002,1.15719497203827,1.63229513168335,0.993199944496155,0,0,0.949065148830414,0.77645355463028,0.878643929958344,0.919685065746307,0.770990908145905,-29.5816528623904,50.9773695660999,0,740,331,400,284,401,279,424,326,391,378,405,4.41,12.4,224
0.682830691337585,0.655766725540161,1.04926133155823,2.02390313148499,1.70478749275208,0.97200483083725,0.832490503787994,0.894059419631958,0.874804377555847,0.966001510620117,0.871567070484161,0.869674623012543,1.11508142948151,-3.70965286918626,4.92876783486418,0,742,217,344,212,365,232,402,270,365,308,374,9.52,8.41,243
0.677386939525604,0.664343535900116,1.05713737010956,1.98831951618195,1.87458574771881,0.997223615646362,0.935127973556519,0.901466548442841,0,1.01744818687439,0.874130308628082,0.890910029411316,0,-7.73914378505749,12.2328588098277,0,744,183,330,170,347,190,382,224,348,259,354,3.84,10.7,242
0.6848304271698,0.6838418841362,1.06370294094086,1.92066931724548,1.95502209663391,1.01039886474609,0.926605522632599,0.935661792755127,0,0.929630875587463,0.89419150352478,0.911844909191132,1.1130383014679,-7.95274836146803,14.9648268279638,0,746,122,295,134,319,158,357,187,319,221,327,2.26,10.5,233
0.696577191352844,0.683370113372803,1.08759772777557,1.90244352817535,1.88287889957428,0.972638189792633,0.996904790401459,0.939999997615814,0,0.919113636016846,0.891583859920502,0.90198290348053,1.02488684654236,-12.6656424922593,16.6717225492152,0,748,85.7,287,88.2,302,125,341,141,301,176,310,8.32,1.16,236
0,0,0,0,0,0,0,0,0,0,0,0,0,68.8085543249926,95.2836006291118,0,750,0,0,0,0,0,0,0,0,0,0,9.55,3.07,209
0,0,0,0,0,0,0,0,0,0,0,0,0,18.1635420224411,19.9786971869797,0,752,0,0,0,0,0,0,0,0,0,0,24.6,8.45,175
0,0,0,0,0,0,0,0,0,0,0,0,0,136.561755705217,139.289151436034,0,754,0,0,0,0,0,0,0,0,0,0,27,28.9,160
0,0,0,0,0,0,0,0,0,0,0,0,0,-159.047602513311,176.386050782543,0,756,0,0,0,0,0,0,0,0,0,0,50.1,21.3,155
0,0,0,0,0,0,0,0,0,0,0,0,0,-38.9080903345582,42.0015840486771,0,758,0,0,0,0,0,0,0,0,0,0,85.2,31.3,133
0,0,0,0,0,0,0,0,0,0,0,0,0,-12.3115963358679,14.8510407102259,0,760,0,0,0,0,0,0,0,0,0,0,35.9,76.1,112
0,0,0,0,0,0,0,0,0,0,0,0,0,-38.6888629618493,43.1361420547951,0,763,0,0,0,0,0,0,0,0,0,0,28.8,117,141
0,0,0,0,0,0,0,0,0,0,0,0,0,-6.15342542490677,40.9487284076921,0,765,0,0,0,0,0,0,0,0,0,0,33.2,112,189
0,0,0,0,0,0,0,0,0,0,0,0,0,-5.96885553208322,23.0455762449437,0,767,0,0,0,0,0,0,0,0,0,0,20.1,69.3,239
0,0,0,0,0,0,0,0,0,0,0,0,0,-9.6366025580838,30.3470364177328,0,769,0,0,0,0,0,0,0,0,0,0,18.2,66.9,313
0,0,0,0,0,0,0,0,0,0,0,0,0,-1.61415206931877,28.0169157917112,0,771,0,0,0,0,0,0,0,0,0,0,20.7,55.7,432
0,0,0,0,0,0,0,0,0,0,0,0,0,-0.277651405855085,23.4000359959937,0,773,0,0,0,0,0,0,0,0,0,0,27.2,56.2,534
0,0,0,0,0,0,0,0,0,0,0,0,0,-1.44825486542432,22.2472018729587,0,775,0,0,0,0,0,0,0,0,0,0,7.1,39.7,627
0,0,0,0,0,0,0,0,0,0,0,0,0,1.41691958613082,21.0689042063162,0,777,0,0,0,0,0,0,0,0,0,0,18,26.1,744
0,0,0,0,0,0,0,0,0,0,0,0,0,-0.522777080835322,31.1178664581723,0,779,0,0,0,0,0,0,0,0,0,0,4.47,12.7,827
0,0,0,0,0,0,0,0,0,0,0,0,0,0.916628971741578,33.1790606090213,0,781,0,0,0,0,0,0,0,0,0,0,1.79,7.89,869
0,0,0,0,0,0,0,0,0,0,0,0,0,8.79146074140379,17.2318175665103,0,784,0,0,0,0,0,0,0,0,0,0,26,5.94,905
0,0,0,0,0,0,0,0,0,0,0,0,0,29.7370991099584,78.4571599061152,0,786,0,0,0,0,0,0,0,0,0,0,19.3,29.8,906
0,0,0,0,0,0,0,0,0,0,0,0,0,33.0320052792012,36.0743426247294,0,788,0,0,0,0,0,0,0,0,0,0,3.61,36.7,852
0,0,0,0,0,0,0,0,0,0,0,0,0,3.25601505589435,44.2963333480953,0,790,0,0,0,0,0,0,0,0,0,0,10.8,24,770
0,0,0,0,0,0,0,0,0,0,0,0,0,106.584472790423,153.472474467799,0,792,0,0,0,0,0,0,0,0,0,0,14,13.1,701
0,0,0,0,0,0,0,0,0,0,0,0,0,-19.4828313010826,21.8111567004496,0,794,0,0,0,0,0,0,0,0,0,0,1.73,6.93,615
0,0,0,0,0,0,0,0,0,0,0,0,0,68.1302558995612,76.5276880189273,0,796,0,0,0,0,0,0,0,0,0,0,7.81,23.4,510
0,0,0,0,0,0,0,0,0,0,0,0,0,-33.2960994505651,47.6503729445806,0,798,0,0,0,0,0,0,0,0,0,0,22,23.6,426
0,0,0,0,0,0,0,0,0,0,0,0,0,44.691306239223,52.4164876098919,0,800,0,0,0,0,0,0,0,0,0,0,10.9,12.9,367
0,0,0,0,0,0,0,0,0,0,0,0,0,95.8306007406538,102.286344561766,0,802,0,0,0,0,0,0,0,0,0,0,11.5,29.9,271
0,0,0,0,0,0,0,0,0,0,0,0,0,-1.5428040109756,7.75536338610758,0,805,0,0,0,0,0,0,0,0,0,0,27.1,28.2,187
0,0,0,0,0,0,0,0,0,0,0,0,0,49.775454373362,87.8886016781887,0,807,0,0,0,0,0,0,0,0,0,0,19.2,37.3,135
0,0,0,0,0,0,0,0,0,0,0,0,0,87.9825958792723,109.627451285029,0,809,0,0,0,0,0,0,0,0,0,0,10,28.1,100
0,0,0,0,0,0,0,0,0,0,0,0,0,-7.82749680582734,99.0249584071252,0,811,0,0,0,0,0,0,0,0,0,0,13.4,32.8,83.8
0,0,0,0,0,0,0,0,0,0,0,0,0,3.78699146544534,5.22241526293752,0,813,0,0,0,0,0,0,0,0,0,0,35.7,34.8,116
0,0,0,0,0,0,0,0,0,0,0,0,0,-27.0281186761907,31.023472023558,0,815,0,0,0,0,0,0,0,0,0,0,31.1,39.9,153
0,0,0,0,0,0,0,0,0,0,0,0,0,21.860749314305,27.8370374568916,0,817,0,0,0,0,0,0,0,0,0,0,14.6,55.6,213
0,0,0,0,0,0,0,0,0,0,0,0,0,-33.3833755684964,46.7503426268801,0,819,0,0,0,0,0,0,0,0,0,0,3.97,52.3,290
0,0,0,0,0,0,0,0,0,0,0,0,0,45.2053433943835,65.9642449106118,0,821,0,0,0,0,0,0,0,0,0,0,62.1,72.2,341
0,0,0,0,0,0,0,0,0,0,0,0,0,32.8160539848408,74.0448936739641,0,823,0,0,0,0,0,0,0,0,0,0,69.5,69.1,400
0,0,0,0,0,0,0,0,0,0,0,0,0,6.62989538711379,7.23629103967431,0,826,0,0,0,0,0,0,0,0,0,0,24.8,92.5,498
0,0,0,0,0,0,0,0,0,0,0,0,0,-24.5486490654468,64.2561529810882,0,828,0,0,0,0,0,0,0,0,0,0,40.4,96.4,577
0,0,0,0,0,0,0,0,0,0,0,0,0,-24.0644359838491,43.4327112372626,0,830,0,0,0,0,0,0,0,0,0,0,43.1,109,655
0,0,0,0,0,0,0,0,0,0,0,0,0,-1.33527599564063,10.3349524486041,0,832,0,0,0,0,0,0,0,0,0,0,30.8,76.5,729
0,0,0,0,0,0,0,0,0,0,0,0,0,-3.4704970735855,30.1824252965761,0,834,0,0,0,0,0,0,0,0,0,0,23,72.9,807
0,0,0,0,0,0,0,0,0,0,0,0,0,0.727249032100645,77.4393775827628,0,836,0,0,0,0,0,0,0,0,0,0,32.9,66,889
0,0,0,0,0,0,0,0,0,0,0,0,0,4.98052556016298,56.4755156412822,0,838,0,0,0,0,0,0,0,0,0,0,27.9,52.1,953
0,0,0,0,0,0,0,0,0,0,0,0,0,36.0081349051432,81.2948927697731,0,840,0,0,0,0,0,0,0,0,0,0,9.82,38.6,1010
0,0,0,0,0,0,0,0,0,0,0,0,0,22.1788386233107,216.473848266044,0,842,0,0,0,0,0,0,0,0,0,0,54.4,6.65,1050
0,0,0,0,0,0,0,0,0,0,0,0,0,16.5087714261684,33.726492730036,0,844,0,0,0,0,0,0,0,0,0,0,40,40.1,1060
0,0,0,0,0,0,0,0,0,0,0,0,0,9.61650680868612,48.0909614328535,0,847,0,0,0,0,0,0,0,0,0,0,16.8,47.3,1040
0,0,0,0,0,0,0,0,0,0,0,0,0,42.9555181540629,69.3229358506405,0,849,0,0,0,0,0,0,0,0,0,0,17.2,53.3,961
0,0,0,0,0,0,0,0,0,0,0,0,0,-44.6420195020322,64.5970700373808,0,851,0,0,0,0,0,0,0,0,0,0,29.7,25.3,859
0,0,0,0,0,0,0,0,0,0,0,0,0,11.6482700518169,20.5282747019353,0,853,0,0,0,0,0,0,0,0,0,0,8.91,10.1,743
0,0,0,0,0,0,0,0,0,0,0,0,0,-26.0693330561708,28.2181066503139,0,855,0,0,0,0,0,0,0,0,0,0,21.1,34.3,591
0,0,0,0,0,0,0,0,0,0,0,0,0,17.0651470018195,24.0345434056173,0,857,0,0,0,0,0,0,0,0,0,0,39.5,39.1,444
0,0,0,0,0,0,0,0,0,0,0,0,0,-95.6066339740908,113.498767073857,0,859,0,0,0,0,0,0,0,0,0,0,19.3,23.4,298
0,0,0,0,0,0,0,0,0,0,0,0,0,-46.7072058379729,48.1366970370354,0,861,0,0,0,0,0,0,0,0,0,0,19.7,28,157
0,0,0,0,0,0,0,0,0,0,0,0,0,-123.079853534532,129.700413918916,0,863,0,0,0,0,0,0,0,0,0,0,21.5,15.5,67.1
0,0,0,0,0,0,0,0,0,0,0,0,0,-65.2119024528393,69.8385746942167,0,865,0,0,0,0,0,0,0,0,0,0,44.5,28.7,97.2
0,0,0,0,0,0,0,0,0,0,0,0,0,-101.037554949367,115.115368374718,0,868,0,0,0,0,0,0,0,0,0,0,35.7,62,223
0,0,0,0,0,0,0,0,0,0,0,0,0,-40.4048239598692,52.9093660826804,0,870,0,0,0,0,0,0,0,0,0,0,52.2,79.3,296
0,0,0,0,0,0,0,0,0,0,0,0,0,-9.39420995360775,26.9074656755783,0,872,0,0,0,0,0,0,0,0,0,0,44.3,74.5,344
0,0,0,0,0,0,0,0,0,0,0,0,0,15.77639056576,23.3197943315862,0,874,0,0,0,0,0,0,0,0,0,0,25.3,86.9,369
0,0,0,0,0,0,0,0,0,0,0,0,0,-88.396557137432,152.381363270485,0,876,0,0,0,0,0,0,0,0,0,0,52,86.4,429
0,0,0,0,0,0,0,0,0,0,0,0,0,-56.2416839855851,63.5909933636418,0,878,0,0,0,0,0,0,0,0,0,0,79,102,501
0,0,0,0,0,0,0,0,0,0,0,0,0,28.2264274088765,48.0268851972845,0,880,0,0,0,0,0,0,0,0,0,0,66.9,132,552
0,0,0,0,0,0,0,0,0,0,0,0,0,-54.0681464769004,65.4438208674415,0,882,0,0,0,0,0,0,0,0,0,0,43.7,134,648
0,0,0,0,0,0,0,0,0,0,0,0,0,-34.7512931465082,39.5796492002969,0,884,0,0,0,0,0,0,0,0,0,0,7.17,111,747
0,0,0,0,0,0,0,0,0,0,0,0,0,-1.40605801939247,8.29804499116443,0,886,0,0,0,0,0,0,0,0,0,0,12,67,862
0,0,0,0,0,0,0,0,0,0,0,0,0,53.6463598828836,55.2874586845575,0,888,0,0,0,0,0,0,0,0,0,0,30.1,40.6,965
0,0,0,0,0,0,0,0,0,0,0,0,0,34.8889844507814,42.2079014163686,1,891,0,0,0,0,0,0,0,0,0,0,32.5,26.3,1120
0,0,0,0,0,0,0,0,0,0,0,0,0,65.6204079037578,69.0413202479888,1,893,0,0,0,0,0,0,0,0,0,0,61,34,1170
0,0,0,0,0,0,0,0,0,0,0,0,0,22.4662493145894,28.6619372016122,1,895,0,0,0,0,0,0,0,0,0,0,84,80.1,1190
0,0,0,0,0,0,0,0,0,0,0,0,0,27.5008489997737,47.1475756741807,1,897,0,0,0,0,0,0,0,0,0,0,41.7,98.1,1170
0,0,0,0,0,0,0,0,0,0,0,0,0,31.4535633209787,59.3045091269816,1,899,0,0,0,0,0,0,0,0,0,0,32.1,123,1100
0,0,0,0,0,0,0,0,0,0,0,0,0,11.0456426605458,36.0300239964011,1,901,0,0,0,0,0,0,0,0,0,0,29.8,108,943
0,0,0,0,0,0,0,0,0,0,0,0,0,32.0335045235937,86.7311126309976,1,903,0,0,0,0,0,0,0,0,0,0,1.48,72.1,771
0,0,0,0,0,0,0,0,0,0,0,0,0,-4.10946918697143,12.2466322376532,1,905,0,0,0,0,0,0,0,0,0,0,10.5,50.6,547
0,0,0,0,0,0,0,0,0,0,0,0,0,52.9521119496619,62.6381716364475,1,907,0,0,0,0,0,0,0,0,0,0,56.4,66.9,266
0,0,0,0,0,0,0,0,0,0,0,0,0,6.72197612067346,26.0437650668735,1,909,0,0,0,0,0,0,0,0,0,0,50.1,71.3,28.3
0,0,0,0,0,0,0,0,0,0,0,0,0,-14.9547733455658,19.0173007941299,1,912,0,0,0,0,0,0,0,0,0,0,7.59,58.8,373
0.642682909965515,0.720276117324829,1.27987313270569,2.25174283981323,0,2.93438196182251,1.01322150230408,0.968724966049194,0.897330164909363,0.902179837226868,0.866232693195343,0.910558640956879,1.26498544216156,11.3278101579042,12.2609388932077,1,914,734,255,720,265,763,319,779,281,0,0,1.14,49,593
0.655630826950073,0.708147764205933,1.17834579944611,2.04711937904358,1.90204858779907,2.9087541103363,0.971481859683991,0.96544748544693,0.857622563838959,0.880165636539459,0.85412585735321,0.923039138317108,1.1909145116806,-6.64897928952156,17.7543310201223,1,916,694,266,673,295,718,350,735,312,769,336,0.804,20.6,784
0.626866817474365,0.687152802944183,1.18857741355896,2.34528112411499,1.82622075080872,3.28840684890747,0.972061157226563,0.947670221328735,0.847842812538147,0.846143126487732,0.873021841049194,0.920775890350342,1.21771132946014,7.64545135920227,10.4720967399718,1,918,621,301,610,315,654,367,670,331,711,352,7.95,2.94,905
0.62432473897934,0.679030895233154,1.18750691413879,1.91070294380188,1.91871774196625,2.81565570831299,0.896749496459961,1.16028547286987,0.801990032196045,0.846015334129334,0.848372757434845,0.907826364040375,0.979166686534882,16.6289982621634,25.8747211305019,1,920,622,302,622,323,665,373,685,337,726,359,8.03,6.13,962
0.586843907833099,0.676058888435364,1.36073434352875,1.83965802192688,1.78437447547913,2.79825830459595,0.920940160751343,0.946469783782959,0.872037887573242,0.849839985370636,0.87678861618042,0.915081024169922,1.15636301040649,3.55796879023637,11.6883892936601,1,922,666,325,641,333,682,384,706,350,742,370,7.21,8.45,1000
0.611591875553131,0.684922277927399,1.3037782907486,2.50590562820435,1.75460815429688,3.10303616523743,0.924965918064117,0.963483154773712,1.014444231987,0.85101979970932,0.848262131214142,0.907987892627716,1.12085509300232,-8.72187028544469,10.8031633400284,1,924,572,332,564,348,607,393,629,361,670,378,1.72,4.69,972
0.616871237754822,0.67514181137085,1.3510822057724,2.31539177894592,1.80794131755829,3.23647451400757,0.934068739414215,0.92242830991745,0.880667686462402,0.839535474777222,0.881399691104889,0.912474691867828,1.12777185440063,-2.06755416613709,2.7506436677016,1,926,510,331,495,343,539,388,560,357,601,374,5.87,5.64,894
0.586650669574738,0.660595953464508,1.42539870738983,1.84382784366608,1.73847842216492,3.13767910003662,0.889850735664368,0.908587276935577,0.831779360771179,0.822447180747986,0.852394104003906,0.922407925128937,1.15652990341187,-4.18245025745294,6.52133529596002,1,928,538,348,509,351,555,399,579,367,617,386,0.293,2.98,832
0.590978503227234,0.68454921245575,1.60232281684876,2.47341346740723,1.7542679309845,2.85725903511047,0.861021637916565,0,1.06297671794891,0.848133087158203,0.844891965389252,0.907419443130493,1.06047511100769,-1.24621279024941,1.30323835397839,1,930,553,364,526,360,565,404,593,376,631,390,0.712,3.17,707
0.60535591840744,0.687958836555481,1.61850082874298,2.47631931304932,1.76047575473785,2.55738067626953,0.904655516147614,0.899348318576813,0.882393538951874,0.854683995246887,0.871384799480438,0.912365734577179,1.08164739608765,-12.1753389026391,17.4980938004069,1,933,548,362,523,358,564,404,588,379,627,393,2.16,3.43,535
0.580861568450928,0.668718159198761,1.80521476268768,1.93602442741394,1.66204249858856,2.99385070800781,0.824811398983002,0.933696210384369,1.03533959388733,0.850518465042114,0.836373746395111,0.888757109642029,1.13834095001221,8.53600443590007,9.47450608323167,1,935,562,369,553,377,588,417,620,390,656,402,1.18,0.579,418
0.596524119377136,0.672768890857697,1.8154993057251,1.61793482303619,1.68130385875702,2.83964419364929,0.88782662153244,0.860129773616791,0.852757394313812,0.837268769741058,0.835135757923126,0.906415283679962,1.03631389141083,-3.52776154367045,10.7718550260211,1,937,537,353,532,370,580,417,608,384,641,398,0.478,0.651,324
0.639477670192719,0.656131505966187,1.84872138500214,1.73727309703827,1.64133071899414,2.80762052536011,0.960915386676788,0.87351781129837,0.927947282791138,0.817474246025085,0.844403147697449,0.918074011802673,1.07399272918701,0.848038690758529,1.53250302508463,1,939,549,351,518,358,560,403,585,371,623,389,3.44,1.9,230
0.581030249595642,0.646801292896271,1.79133677482605,1.51784610748291,1.6063859462738,2.7668993473053,0.962211966514587,0.887596905231476,0.902026236057282,0.824549496173859,0.834558308124542,0.913503527641296,1.04463064670563,3.82462435163451,4.33480411060698,1,941,558,359,545,365,582,414,614,386,650,404,1.15,1.99,158
0.627066254615784,0.632999241352081,1.6750807762146,1.4837418794632,1.62386012077332,2.7785918712616,0.948866605758667,0.887577295303345,0.863384425640106,0.840618550777435,0.862618744373322,0.884369075298309,1.05244588851929,0.187316640271584,3.85995646379769,1,943,523,323,528,341,562,391,587,361,619,385,1.82,2.84,109
0.605667889118195,0.645208179950714,1.90041506290436,2.31387257575989,1.60165548324585,2.8589403629303,0.908017098903656,0.925567626953125,0.828220844268799,0.836568117141724,0.885870814323425,0.924451410770416,1.03259360790253,-7.07813484898167,8.41897822775083,1,945,503,322,505,348,548,394,569,362,610,379,5.26,2.19,62.9
0.588143289089203,0.65239280462265,1.87984716892242,1.44211065769196,1.6365453004837,2.86963987350464,0.998680710792542,0.879676461219788,0.863631248474121,0.840012311935425,0.846545100212097,0.875925898551941,1.0080589056015,-3.18753151667197,10.5610181309275,1,947,537,327,526,353,567,402,595,370,632,389,13.4,9.94,29.1
0.621214926242828,0.658749103546143,1.93734097480774,2.27175855636597,1.62319433689117,2.55014419555664,0.952435553073883,0.875824809074402,0.859278619289398,0.841649532318115,0.859338521957397,0.879668891429901,1.03743958473206,-4.60976123870965,10.8256220515506,1,949,505,297,487,309,533,356,547,319,583,336,8.88,14.5,21.1
0.600815773010254,0.643712878227234,1.92689836025238,1.94822883605957,1.69852352142334,2.75649785995483,0.91981315612793,0.985074639320374,0.890612721443176,0.862271249294281,0.877611696720123,0.914486646652222,0.998694777488709,2.41245655367417,4.76446077587696,0,951,423,294,420,312,478,355,485,316,530,332,5.77,16.4,21.9
0,0,0,0,0,0,0,0,0,0,0,0,0,-18.9970665771297,34.4083260477215,0,954,0,0,0,0,0,0,0,0,0,0,12.1,17.6,43.2
0.633794188499451,0.699315011501312,1.76637744903564,1.6511470079422,1.55017626285553,2.00221395492554,0.961101114749908,0.893700778484345,0.897813498973846,0.878220856189728,0.901324331760407,0.898565590381622,0.978552758693695,12.4596274431895,21.3833584090972,0,956,151,275,146,300,215,315,205,274,252,269,14.8,11.9,51.3
0.641457438468933,0.72112250328064,1.68412494659424,1.47728776931763,1.52159607410431,2.12829327583313,0.964961051940918,0,0.90200138092041,0.897115111351013,0.926011085510254,0.908187210559845,0.963156759738922,-17.1165328559512,27.7143268398339,0,958,183,280,197,299,269,314,261,271,327,268,5.55,15.2,64.7
0.628929615020752,0.681017875671387,1.89006960391998,1.66924154758453,1.57613360881805,2.14791202545166,1.00139832496643,0.875647664070129,0.850716352462769,0.886400818824768,0.923823535442352,0.922694563865662,0.993896663188934,6.89911776450951,14.3100176343858,0,960,364,246,356,266,427,282,416,241,465,239,0.79,14.2,86.1
0.624023973941803,0.686288237571716,1.87132585048676,1.47964906692505,1.58273386955261,2.13961267471313,1.02387273311615,0.982758641242981,0.912269115447998,0.87502384185791,0.933319687843323,0.921821475028992,0.966020703315735,-5.58038710210034,11.1171805155068,0,962,367,211,356,237,427,254,415,213,465,211,1.82,9.19,96.7
0.615211129188538,0.69665801525116,1.83022511005402,1.55055689811707,1.57814311981201,2.42047047615051,0.940698623657227,0.908180296421051,0.866666674613953,0.87246572971344,0.920061409473419,0.929027557373047,0.99075973033905,24.7445360218294,36.7763828656261,0,964,342,299,348,286,420,294,405,253,456,240,6.96,6.87,113
0.61601585149765,0.706002354621887,1.73143362998962,1.45180094242096,1.6183910369873,2.11680841445923,0.989768862724304,0,0.936665534973145,0.902748167514801,0.909846723079681,0.931665420532227,0.987965404987335,19.0217645497256,27.4405018787592,0,966,314,300,319,316,388,324,376,282,421,273,18.7,12.2,119
0.6341672539711,0.695590019226074,1.89511799812317,1.33994615077972,1.57398748397827,1.99267065525055,0,0.925559937953949,0.87282145023346,0.876379907131195,0.899038434028626,0.915494740009308,0.980000019073486,19.869726915735,23.9005558414046,0,968,551,160,469,193,531,219,525,176,564,185,4.04,10,130
0.633287072181702,0.67109352350235,1.80809092521667,1.34267210960388,1.43164885044098,1.90495932102203,0.954997360706329,0,0.923473596572876,0.931730210781097,0.897661328315735,0.918310403823853,0.921282827854157,20.1170806795798,36.3732870957506,0,970,599,165,576,244,644,248,632,204,672,202,2.38,16.5,126
0.627417862415314,0.681372404098511,1.78526377677917,1.31403064727783,1.48343563079834,1.79533195495605,0.924231052398682,0.91209477186203,0.850395441055298,0.867143273353577,0.918442904949188,0.903705179691315,0.926852881908417,10.491004115704,26.7956657361946,0,972,653,194,586,221,649,236,643,192,682,186,14.7,18,118
0,0,0,0,0,0,0,0,0,0,0,0,0,-1.97144331750391,2.55279023251231,0,975,0,0,0,0,0,0,0,0,0,0,34.2,38.1,100
0,0,0,0,0,0,0,0,0,0,0,0,0,-20.935496111228,24.8688422442168,0,977,0,0,0,0,0,0,0,0,0,0,12.9,52.6,101
0,0,0,0,0,0,0,0,0,0,0,0,0,25.91916451006,30.8751224417305,0,979,0,0,0,0,0,0,0,0,0,0,7.75,56.2,117
0,0,0,0,0,0,0,0,0,0,0,0,0,-99.818941334005,118.71536805289,0,981,0,0,0,0,0,0,0,0,0,0,19.3,38.2,152
0,0,0,0,0,0,0,0,0,0,0,0,0,-2.40322285671905,17.323394861236,0,983,0,0,0,0,0,0,0,0,0,0,12.2,44.2,212
0.652297377586365,0.684081077575684,1.91429603099823,1.04603493213654,0.935954809188843,1.05155277252197,0.969184279441834,0.950680255889893,0.903027176856995,0.902110934257507,0.862377643585205,0.908993601799011,0.948251724243164,-29.8898606300894,30.0767548324827,0,985,520,179,566,186,602,128,608,183,634,167,14.6,21.2,257
0.628217458724976,0.665167093276978,1.89704871177673,1.18493151664734,1.47099912166595,1.37895119190216,1.00356411933899,0.930372178554535,0.904139757156372,0.925785660743713,0.908939003944397,0.940037965774536,0.929878056049347,-19.0226442450919,37.8226593138069,0,987,514,208,557,216,590,152,552,152,569,102,10.1,24.3,308
0,0,0,0,0,0,0,0,0,0,0,0,0,-24.4825956070654,24.5287712927589,0,989,0,0,0,0,0,0,0,0,0,0,5.15,14.1,358
0.663865983486176,0.685773551464081,1.79230391979218,1.13079416751862,1.44994509220123,1.35792088508606,1.00330173969269,0.850891411304474,0.902464270591736,0.969657242298126,0.92469185590744,0.936630725860596,0.937167227268219,-117.238784715334,117.688174050859,0,991,238,289,281,331,307,264,266,267,274,229,24.1,37.3,380
0.67822277545929,0.684602618217468,1.75641334056854,1.19950973987579,1.45022678375244,1.51689660549164,1.02927029132843,1.00641119480133,0.906050980091095,0.990414917469025,0.949048399925232,0.94942981004715,0.755725204944611,1.73613535873804,7.37699461941111,0,993,240,442,281,423,304,359,264,355,273,305,28,23.8,388
0.651627123355866,0.682539105415344,1.72689485549927,1.09569680690765,1.37709701061249,1.44120872020721,1.01440000534058,0.957052648067474,0.948637843132019,1.06450498104095,0.904938817024231,0.949390411376953,0,100.516342601728,101.130356545829,0,996,253,511,312,524,326,455,288,467,298,417,22.9,25,371
0.697606444358826,0.716202199459076,1.72559452056885,1.12828361988068,1.39369344711304,1.26716780662537,0.984312176704407,1.14966225624084,0.904099822044373,1.11825180053711,0.959482133388519,0.934261322021484,0,-22.7621534084522,26.8097619197714,0,998,274,519,329,544,339,474,303,485,308,431,6.32,40.2,324
0.643806517124176,0.691125690937042,1.6930011510849,1.07487773895264,1.36360800266266,1.36873042583466,1.00608789920807,0.979913890361786,0.882399678230286,1.07426512241364,0.914362370967865,0.947094917297363,0.929221451282501,-11.1838884190107,14.3048347247181,0,1000,274,482,332,486,342,415,305,427,311,375,35.4,28.2,262
0.634795546531677,0.675572514533997,1.64701187610626,1.13572835922241,1.36415100097656,1.35285341739655,0.988005995750427,0.900470197200775,0.907523095607758,1.01978969573975,0.91896653175354,0.944079518318176,0.902735590934753,10.8355684209524,19.1777525312484,0,1002,279,498,336,496,344,425,309,439,314,382,2.54,11.8,198
0.640432715415955,0.670982658863068,1.64870488643646,1.10491752624512,1.32963132858276,1.39377856254578,0.951243758201599,0.930936634540558,0.867504835128784,1.03955543041229,0.941806733608246,0.944385945796967,0.794117629528046,-12.4544844231927,14.6448132066843,0,1004,281,501,339,502,347,430,312,445,316,389,5.36,23.1,139
0.639039278030396,0.670789778232574,1.65095627307892,1.07159376144409,1.37182259559631,1.34234988689423,0.971142172813416,0.927334189414978,0.893427491188049,0.968627691268921,0.886747777462006,0.926023006439209,0.896430134773254,-496.146503590699,514.361418483838,0,1006,277,503,338,504,346,433,311,446,316,391,68,45,121
0.625482976436615,0.668842673301697,1.59843730926514,1.07990109920502,1.32785713672638,1.4109114408493,0.954065442085266,0.92821604013443,0.876688718795776,1.0588790178299,0.919845402240753,0.932188391685486,0.935732662677765,-4.12573559783555,7.76201842486956,0,1008,248,498,298,494,317,425,272,434,283,377,25.6,34.5,145
0.658129990100861,0.675222456455231,1.64961743354797,1.08489918708801,1.35628795623779,1.81185793876648,0,0,0.914751350879669,0.891559898853302,0.867120087146759,0.924779653549194,0.95364236831665,61.8695112975452,62.0529566383044,0,1010,155,400,232,460,262,396,228,401,258,362,120,53.5,158
0.671958684921265,0.664696276187897,1.56652307510376,1.11026203632355,1.03580188751221,1.66280221939087,0,0.920560777187347,0.955782294273376,0.862628936767578,0.896272838115692,0.923076927661896,0.925429046154022,-6.60470409446724,7.68883749930534,0,1012,183,254,250,216,289,172,264,149,258,148,34.9,58.4,227
0.632780492305756,0.654219150543213,1.77624797821045,1.09935283660889,1.36453676223755,1.5002053976059,0.883349001407623,0,0.866856694221497,0.879579067230225,0.880510449409485,0.921923100948334,0.963630199432373,8.31793762501744,8.8954667464886,0,1014,300,226,338,218,376,156,338,155,361,106,10.4,113,211
0.631412982940674,0.660584330558777,1.71859538555145,1.13728094100952,1.34263837337494,1.54910182952881,0.927283644676209,0.937806844711304,0.794198870658875,0.887708961963654,0.869027078151703,0.917618930339813,0.934812128543854,4.04648441455949,15.0769228610874,0,1017,300,259,345,252,380,190,343,190,365,133,5.99,95.3,150
0.650515735149384,0.658768117427826,1.70476412773132,1.06524181365967,1.33437752723694,1.41818237304688,0.89855569601059,0.921209096908569,0.886997818946838,0.8798868060112,0.872054874897003,0.923577904701233,0.899677157402039,2.83177928499039,22.1386485208771,0,1019,325,185,361,201,396,137,356,141,375,92.9,2.82,25.5,84.1
0.645686209201813,0.631116688251495,1.75165176391602,1.06748020648956,1.33264029026032,1.47236120700836,0.90210884809494,0.92588883638382,0.882085680961609,0.880723237991333,0.885619819164276,0.906394720077515,0.930804193019867,-25.1972692035691,28.421044434142,0,1021,324,188,365,191,397,126,355,131,373,78.1,6.94,6.91,61.1
0.6496502161026,0.63026624917984,1.76674497127533,1.03461861610413,1.28964400291443,1.40075695514679,0.90468829870224,0.898305058479309,0.906947076320648,0.882234692573547,0.87859719991684,0.906951010227203,0.904643952846527,-11.1734588075192,17.2074598880524,0,1023,339,131,370,170,402,105,361,113,374,63.3,11.4,4.83,114
0,0,0,0,0,0,0,0,0,0,0,0,0,-9.22622324628379,15.598887732761,0,1025,0,0,0,0,0,0,0,0,0,0,7.08,8.17,225
0.649544537067413,0.718108832836151,1.6369731426239,1.04467344284058,0.851498425006866,1.53422236442566,0.919298231601715,0.976401150226593,0.862138509750366,0.864876329898834,0.855168581008911,0.904468715190887,0,-0.576242274184965,8.21219977941401,0,1027,363,84.3,401,73.5,430,13.4,389,13.8,341,135,1.19,10,254
0.633156836032867,0.652672827243805,1.77322924137116,1.0719381570816,1.27439558506012,1.4120706319809,0.979207098484039,0,0.911452412605286,0.877828419208527,0.903734922409058,0.911962449550629,0.900071918964386,-5.13702920955971,5.37888108950236,0,1029,346,129,364,152,394,87.3,351,93.2,357,50.2,9.75,13.7,342
0.632250905036926,0.660956799983978,1.71113073825836,1.1398149728775,1.24272739887238,1.50278115272522,0.95677375793457,0.921197295188904,0.892411530017853,0.880182266235352,0.891397535800934,0.910306930541992,0.927725851535797,-9.92732575389972,11.2928871661144,0,1031,328,243,348,243,376,175,336,180,345,124,1.5,11.8,399
0.625106871128082,0.629421949386597,1.71213066577911,1.25901579856873,1.21145987510681,1.65344655513763,0.903734147548676,0,0.887026250362396,0.873172104358673,0.906140983104706,0.918601155281067,0.891162812709808,-3.23168742072181,4.5718290452419,0,1033,325,257,344,268,367,199,328,209,331,157,0.122,11,361
0.630281209945679,0.63206958770752,1.72615730762482,1.16497933864594,1.2027223110199,1.59408688545227,0.898835062980652,0.929515421390533,0.896710395812988,0.872981548309326,0.908383846282959,0.907121002674103,0.893909633159637,-5.14435958843702,5.80069129505628,0,1035,322,271,343,277,366,208,326,218,331,161,1.39,6.74,378
0.628743886947632,0.638956606388092,1.66555309295654,1.09043121337891,1.20302104949951,1.7340202331543,0.926585912704468,0,0.919000208377838,0.880328834056854,0.891923129558563,0.922175526618958,0.914255321025848,0.72602947573575,2.57372630035875,0,1037,322,275,343,283,364,214,324,224,328,172,1.4,0.344,365
0.629214227199554,0.632436037063599,1.64730083942413,1.09556794166565,1.15350997447968,1.62501049041748,0.900723218917847,0,0.901605308055878,0.866275250911713,0.898707628250122,0.904582560062408,0.919490456581116,-0.793667171898189,16.5585236670706,0,1040,319,278,340,284,360,215,323,224,323,170,0.947,0.307,297
0.628805339336395,0.617541551589966,1.71168768405914,1.11480164527893,1.16206300258636,1.72610676288605,0.903319239616394,0,0.870379865169525,0.855069220066071,0.875942051410675,0.902605056762695,0.919970631599426,14.2870940982655,25.3291779505217,0,1042,318,276,338,280,356,211,315,224,315,169,4.57,2.55,192
0.60947322845459,0.62910383939743,1.640625,1.07943344116211,1.17899692058563,1.46176314353943,0.863293051719666,0,0.890600919723511,0.828645348548889,0.872285902500153,0.906929969787598,0.914429545402527,50.5224703156811,51.1604200641366,0,1044,310,251,331,261,346,194,305,205,303,158,21.1,11.8,151
0.676463723182678,0.677651107311249,1.64709210395813,1.28462648391724,1.15169060230255,1.33178007602692,0.896024465560913,0,0.889509916305542,0.817201912403107,0.874615609645844,0.886171519756317,0.881516575813293,-7.9936677890818,32.4560842471915,0,1046,300,238,287,221,293,154,248,164,230,117,23.4,20.4,108
0,0,0,0,0,0,0,0,0,0,0,0,0,-11.478748844089,12.1855752054988,0,1048,0,0,0,0,0,0,0,0,0,0,10.2,24.7,52.6
0,0,0,0,0,0,0,0,0,0,0,0,0,-18.4036942748077,19.3026118539722,0,1050,0,0,0,0,0,0,0,0,0,0,9.51,24.4,47.9
0.57583487033844,0.646591365337372,1.63475430011749,1.13193738460541,1.14359545707703,1.72397649288178,0.875867903232574,0,0.866280317306519,0.814966559410095,0.863531172275543,0.877718567848206,0.918727934360504,5.84474334440468,6.80369203092073,0,1052,328,394,330,399,351,332,309,338,311,286,2.77,18.4,56.1
0.581452548503876,0.629004299640656,1.59175527095795,1.05403518676758,0,1.52657222747803,0.889122188091278,0,0.866498291492462,0.808665275573731,0.839316546916962,0.863252341747284,0.89473682641983,-0.555087476458337,5.85930598307421,0,1054,369,396,407,400,424,330,384,341,0,0,3.32,11.6,35.6
0.591728150844574,0.634307622909546,1.63365483283997,1.16858804225922,1.15508782863617,1.49167144298553,0.881953001022339,0,0.852354884147644,0.82384717464447,0.850462675094605,0.877362012863159,0.925236940383911,-0.326579672617919,4.12041211091478,0,1056,593,384,605,388,618,318,580,331,572,277,0.691,3.78,41.9
0.587293148040772,0.64115834236145,1.59978485107422,1.02883338928223,1.17371451854706,1.44380414485931,0.873804092407227,0.873355269432068,0.797875940799713,0.812495350837708,0.848161220550537,0.864924311637878,0.935084998607636,6.77267299347868,6.90939278727335,0,1058,593,386,609,391,623,322,583,336,581,281,1.18,3.89,68.1
0.581501662731171,0.623952925205231,1.59426259994507,1.04471504688263,1.18167424201965,1.46890258789063,0.884487867355347,0,0.819819808006287,0.803237020969391,0.856453359127045,0.865416824817658,0.937518179416657,0.177275180944353,15.2723330747212,0,1061,593,382,609,390,623,321,583,332,581,281,4.48,2.81,108
0.575039267539978,0.593616366386414,1.50933647155762,1.02872049808502,1.17250287532806,1.26266205310822,0.852743923664093,0.906457424163818,0.851495742797852,0.801815271377564,0.850307285785675,0.864780306816101,0.896808922290802,-11.404330732334,17.1266812929116,0,1063,584,374,588,353,594,282,555,297,542,236,3.33,3.92,126
0.608036756515503,0.658889651298523,1.54182350635529,1.0555739402771,1.05741083621979,1.41711175441742,0.90358567237854,0.982758641242981,0.877494990825653,0.801907300949097,0.849182069301605,0.874629139900208,0.903177380561829,-4.66736808781732,6.24053647520787,0,1065,210,222,244,234,279,171,238,173,257,130,0.469,4.83,144
0.599522471427918,0.648685455322266,1.58152294158936,1.06424105167389,1.15357148647308,1.30297303199768,0.868595063686371,0,0.906906425952911,0.786971569061279,0.864824175834656,0.873329043388367,0.924509584903717,-5.50401294278135,11.8313381833573,0,1067,266,248,288,258,318,194,276,196,286,143,2.31,5.55,157
0.588164567947388,0.646171629428864,1.6025937795639,1.05287778377533,1.13318073749542,1.28799104690552,0.845846176147461,0,0.830241203308106,0.780735552310944,0.871458411216736,0.865971148014069,0.904672503471375,-2.80181343534277,5.08022210819624,0,1069,280,254,292,261,323,197,279,198,289,145,0.505,1,157
0.587928295135498,0.617742002010345,1.585364818573,1.0211740732193,1.14948964118958,1.33942210674286,0.87970632314682,0,0.926349818706512,0.781722545623779,0.843154907226563,0.87007474899292,0.917422890663147,-8.15685514709454,11.3327694821857,1,1071,282,256,307,266,337,202,294,205,306,150,1.59,1.17,145
0.576398909091949,0.630722761154175,1.53525519371033,0.988954246044159,1.11244451999664,1.4751797914505,0.849043250083923,0,0.813568651676178,0.778938293457031,0.853231430053711,0.863595604896545,0.898633658885956,-0.797986476651168,3.41089460101121,1,1073,321,266,330,270,357,203,311,208,319,154,2.49,1.32,136
0.586519062519074,0.619533121585846,1.56078600883484,1.1259640455246,1.1240770816803,1.44759893417358,0.84241247177124,0.905967473983765,0.845185339450836,0.786522507667542,0.837939083576202,0.876069307327271,0.934056222438812,-3.94500197251582,8.0443964924266,1,1075,346,274,332,275,359,210,316,213,322,156,1.69,1.96,117
0.605975270271301,0.657587885856628,1.52045166492462,1.0843471288681,1.0991051197052,1.50498199462891,0.879755139350891,0.92732560634613,0.871921181678772,0.783396244049072,0.844234228134155,0.862615406513214,0.908215641975403,5.58328587059867,7.37536684682659,1,1077,162,175,198,207,244,152,205,148,242,112,2.99,4.6,98.3
0.61493718624115,0.653988182544708,1.54253697395325,1.21884250640869,1.12070870399475,1.57961201667786,0.878359258174896,0,0.854769587516785,0.795376062393189,0.858875274658203,0.881473898887634,0.936031639575958,20.6945321934851,21.6890024450506,1,1079,132,158,140,170,187,116,146,104,171,60.5,9.77,4.71,84.8
0.59530907869339,0.645795106887817,1.46484839916229,1.07911896705627,1.10821640491486,1.30251502990723,0.860419690608978,0,0.857800960540772,0.795941412448883,0.869367003440857,0.873403787612915,0.888888895511627,-7.25153136689261,7.49020849420827,1,1082,143,190,154,209,199,154,158,147,182,96.1,6.75,11.6,64.1
0.601307332515717,0.655920565128326,1.54708814620972,1.27741527557373,1.11410295963287,1.95856666564941,0.907445847988129,0.898450970649719,0.9303337931633,0.772506058216095,0.843954741954803,0.879231750965118,0.919789731502533,-10.8250286017874,17.9659203731587,1,1084,157,331,168,333,213,277,171,270,194,215,3.35,10.8,50.6
0.588438928127289,0.657540559768677,1.44564712047577,0.967088580131531,1.06620788574219,1.79066634178162,0.883049726486206,0,0.8820720911026,0.774431109428406,0.858832478523254,0.857024610042572,0.920177400112152,-5.01543834383186,13.9180070373062,1,1086,270,315,272,326,315,271,238,334,265,212,1.77,8.7,46.2
0.587814569473267,0.643093168735504,1.50891995429993,1.36133456230164,1.10388731956482,1.92036962509155,0.86201024055481,0,0.890844106674194,0.773534595966339,0.85946387052536,0.86476057767868,0.918588519096375,-17.0107193636566,21.2970524604955,1,1088,270,324,280,336,324,281,282,275,306,221,2.39,2.48,46.8
0.589604198932648,0.639808237552643,1.50549912452698,1.34873867034912,1.0784467458725,1.83319985866547,0.848985731601715,0.891527593135834,0.859821438789368,0.775554776191711,0.855070054531097,0.853254675865173,0.929298460483551,-0.063568444703319,9.68651370946587,1,1090,271,330,280,340,325,285,284,276,306,225,1.95,2.42,43.8
0.592258453369141,0.648856520652771,1.49192094802856,1.42753219604492,1.10826885700226,2.16446876525879,0.866392612457275,0,0.865776062011719,0.770911455154419,0.858454883098602,0.872395396232605,0.935538768768311,-3.86744802830738,4.00277494360359,1,1092,270,333,279,339,323,284,281,277,304,223,0.764,3.55,43
0.598778963088989,0.647758364677429,1.50600838661194,1.44663488864899,1.08790671825409,2.21334767341614,0.858220994472504,0,0.84171324968338,0.781807899475098,0.863057315349579,0.873051345348358,0.910978257656097,4.09117043033703,7.6598518934648,1,1094,271,329,279,340,325,285,282,279,306,226,4.14,0.879,53.9
0.595380008220673,0.664559662342072,1.4611953496933,1.7611780166626,1.10813689231873,1.96644747257233,0.889117062091827,0.904088079929352,0.91558039188385,0.780914783477783,0.84475713968277,0.878908812999725,0.895558953285217,-15.884750759131,18.1163226493423,1,1096,269,330,289,313,334,259,294,250,317,196,2.13,2.76,51.4
0.603094577789307,0.6579869389534,1.46420609951019,1.80718541145325,1.07722926139832,2.21803569793701,0.880165278911591,0.903225779533386,0.862477004528046,0.795635998249054,0.888691663742065,0.891200125217438,0.90208238363266,-11.9072943304895,12.0913313786697,1,1098,277,283,287,294,330,240,290,230,311,182,2.2,2.86,53.8
0.607707321643829,0.645806193351746,1.46330773830414,1.33130550384521,1.1054984331131,2.20541071891785,0.875794112682343,0.916096925735474,0.884862661361694,0.815502166748047,0.869937241077423,0.896079540252686,0.917502582073212,20.8974577778603,22.1883353939086,1,1100,280,273,315,290,364,245,323,232,351,189,6.36,6.33,56.2
0.598694384098053,0.647144854068756,1.51901638507843,1.37997496128082,1.06913280487061,2.27736949920654,0.894472360610962,0.918731987476349,0.87756884098053,0.811671018600464,0.850845336914063,0.878421425819397,0.90243124961853,18.2898853880879,23.9195962613374,1,1103,329,299,336,306,389,267,350,245,375,210,1.3,2.98,53
0.598217725753784,0.657774329185486,1.49022567272186,1.79660069942474,1.05916476249695,2.07539629936218,0.892907440662384,0.933557033538818,0.904582560062408,0.809031784534454,0.86048811674118,0.89090633392334,0.9186030626297,-5.62486287507177,10.7392915958317,1,1105,315,321,321,339,370,298,333,278,352,241,6.42,6.23,41.8
0.583452343940735,0.65280145406723,1.53388524055481,1.39801812171936,1.07704162597656,2.34613966941833,0.903992056846619,0.846153855323792,0.828774034976959,0.816629409790039,0.858045339584351,0.879151284694672,0.922240793704987,-93.5150392040284,96.8688263061974,1,1107,295,369,306,366,354,322,314,300,338,262,18.4,8.29,32
0.574817717075348,0.624454259872437,1.44589233398438,1.39623272418976,1.09432530403137,2.37319135665894,0.927137851715088,0.871702611446381,0.862006366252899,0.82821249961853,0.872911930084229,0.886483073234558,0.921689867973328,-121.770720911935,122.387553334014,1,1109,361,436,412,468,454,412,411,405,437,363,15.4,12.3,28.4
0.60304456949234,0.646454751491547,1.4878830909729,1.73607540130615,1.09780299663544,2.19218182563782,0.896047234535217,0.864978909492493,0.863058805465698,0.821270108222961,0.881662011146545,0.877768933773041,0.917115569114685,-0.782409744608321,60.4213619746618,1,1111,703,521,711,525,723,456,682,468,673,415,11.2,16,17.2
0.604207515716553,0.648420095443726,1.46761023998261,1.60725677013397,1.07844376564026,2.30775833129883,0.933564424514771,0,0.853325605392456,0.843375325202942,0.875872135162354,0,0.900366902351379,0.547934569646295,3.91250689494456,1,1113,710,522,722,529,734,459,694,471,687,418,6.91,20.1,10.5
0.589737296104431,0.623401045799255,1.43422639369965,1.63388657569885,1.0655380487442,2.40912938117981,0.886069118976593,0,0.78058934211731,0.804986298084259,0.874481678009033,0.860842943191528,0.892325878143311,-0.445481558828358,1.30744473707378,1,1115,481,522,491,525,503,457,463,469,460,418,7.92,15.6,17.8
0.600064396858215,0.618905246257782,1.47411382198334,1.33365297317505,1.08256375789642,2.09181046485901,0.868069589138031,0,0.849088728427887,0.804798543453217,0.861786603927612,0.87887579202652,0.926263570785522,0.556048581836206,4.05984134985798,1,1117,487,523,498,528,512,460,472,470,466,418,0.302,14.9,41.4
0.579955637454987,0.634936213493347,1.47565698623657,1.39777910709381,1.07058489322662,2.51538562774658,0.889787912368774,0.919009387493134,0.836099207401276,0.79446941614151,0.846710920333862,0.863156735897064,0.933172166347504,0.427881738805068,1.85243973266759,1,1119,492,521,502,524,517,458,475,467,471,417,1.06,15.2,65.6
0.592367708683014,0.629927456378937,1.43559575080872,1.23492550849915,1.07056224346161,2.20731568336487,0.888315856456757,0.937040090560913,0.839945554733276,0.790014982223511,0.852488219738007,0.861622095108032,0.90953916311264,-0.015741296151175,3.93314360166058,1,1121,494,523,504,529,518,461,477,471,473,419,0.398,4.44,82.8
0.583562850952148,0.636606872081757,1.43242597579956,1.24081408977509,1.07233893871307,2.42064666748047,0.880659341812134,0.908033847808838,0.846358776092529,0.777136504650116,0.846594989299774,0.861998438835144,0.923122763633728,2.48060274851209,12.129176617944,1,1124,495,522,505,527,520,460,478,469,474,418,0.752,1.59,107
0.585883796215057,0.621736943721771,1.4351509809494,1.23739778995514,1.07314312458038,2.33296990394592,0.88921058177948,0.922879159450531,0.873757719993591,0.769552171230316,0.856246709823608,0.853368639945984,0.921144843101501,-0.807118213076035,14.669012431923,1,1126,496,524,507,530,522,463,481,471,475,420,1.34,1.03,124
0.593222320079803,0.616427958011627,1.45278775691986,1.16783213615417,1.06216418743134,2.36906027793884,0.797520637512207,0.881991386413574,0.845870435237885,0.774007916450501,0.861528992652893,0.865766406059265,0.913580238819122,-36.493064796784,37.6527672529515,1,1128,496,525,506,531,521,463,479,472,475,421,10.6,6.29,135
0,0,0,0,0,0,0,0,0,0,0,0,0,9.22922185958329,23.7309203755777,1,1130,0,0,0,0,0,0,0,0,0,0,12.6,18.1,134
0.621914744377136,0.645833969116211,1.40442216396332,1.14214098453522,1.07343435287476,2.3301157951355,0.853224277496338,0.897540986537933,0,0.742062211036682,0,1.14739227294922,0.818032026290894,21.9351895828971,37.0910248158518,0,1132,47.5,384,73.8,417,121,367,81,354,109,311,9.28,17.5,127
0,0,0,0,0,0,0,0,0,0,0,0,0,11.4433918425523,13.0240912707487,0,1134,0,0,0,0,0,0,0,0,0,0,9.01,24,118
0.581983983516693,0.617920756340027,1.45540678501129,1.78299951553345,1.07312500476837,1.65131914615631,0,0.807843148708344,0.851818740367889,0.754435300827026,0.822349071502686,0.862861335277557,0.915544211864471,-12.7971795560069,13.0684453069966,0,1136,411,468,389,465,428,408,385,397,388,346,2.11,14.6,87.9
0.570029437541962,0.616345167160034,1.41916251182556,1.23942089080811,1.06389534473419,1.99892902374268,0.895312488079071,0,0.876371800899506,0.767426490783691,0.856824934482574,0.855325937271118,0.923271834850311,-1.25555133134539,4.93665033049107,0,1138,446,480,457,489,489,427,447,423,455,373,3.68,3.26,60
0.569679260253906,0.626782178878784,1.41263163089752,1.30009245872498,1.04349994659424,2.09080076217651,0.86581015586853,0.869291365146637,0.865030646324158,0.7574343085289,0.843959748744965,0.882396161556244,0.811180114746094,-9.92721285887801,13.3187354717511,0,1140,278,377,334,430,386,381,345,370,374,329,9.15,4.44,29.4
0.582847952842712,0.63388466835022,1.49446499347687,1.25405943393707,1.05829262733459,2.16712260246277,0.883026599884033,0.867768585681915,0.87163233757019,0.761036157608032,0.829166650772095,0.869555056095123,0.926386535167694,8.01108339579578,9.91629274397111,0,1142,325,311,341,320,396,278,358,259,387,221,0.189,7.19,13.1
0.578626215457916,0.632547855377197,1.51754915714264,1.43124186992645,1.06727755069733,1.93831884860992,0.825707077980042,0.807843148708344,0.82471626996994,0.752959072589874,0.844860792160034,0.862183570861816,0.910361170768738,-4.44741536535937,21.9694306678967,0,1145,337,322,344,333,398,294,362,273,386,234,5.52,2.26,61.6
0.57304060459137,0.628430128097534,1.56627321243286,1.29404270648956,1.05351376533508,1.88091444969177,0.868669867515564,0.898787558078766,0.854128658771515,0.722188234329224,0.858670651912689,0.849885880947113,0.936534106731415,13.608465621649,15.3460457787549,0,1147,333,331,343,356,394,318,357,293,387,266,5.29,9.87,83.8
0.554354429244995,0.602767050266266,1.55161321163178,1.32855176925659,1.07843804359436,1.72552382946014,0,0.849082231521606,0.791194438934326,0.734921813011169,0.832720339298248,0.850173830986023,0.916770935058594,10.0205792799056,10.8914175203031,0,1149,506,436,473,428,509,376,467,364,473,322,18.6,6.7,95.3
0.564380049705505,0.634595930576324,1.45759296417236,1.12578558921814,1.01158332824707,1.717005610466,0.830188691616058,0.94539612531662,0.86574774980545,0.753254890441895,0.849044382572174,0.920046329498291,0.914923071861267,-112.686069110232,113.743050820684,0,1151,708,471,721,482,733,417,690,423,675,379,21.8,16.8,96.4
0.569876313209534,0.601638734340668,1.48686051368713,1.17046785354614,1.07348942756653,1.81505763530731,0.862772583961487,0,0.837454676628113,0.748916804790497,0.840887248516083,0.85289478302002,0.941640079021454,1.07289444056318,17.3664904863273,0,1153,670,491,680,492,695,426,650,433,645,384,3.74,9.63,103
0.573550581932068,0.61164116859436,1.4347757101059,1.20390701293945,1.05261373519897,1.76070916652679,0.854236364364624,0.868852436542511,0.879941880702972,0.760051548480988,0.820778727531433,0.86271470785141,0.917439520359039,-11.0832917156824,11.3551342483855,0,1155,672,497,683,506,696,437,657,447,651,395,1.96,27.3,83.1
0.578386902809143,0.610380411148071,1.46256017684937,1.23064422607422,1.04617655277252,1.69730722904205,0.845926463603973,0.982062757015228,0.849606096744537,0.777168393135071,0.845840692520142,0.858843386173248,0.942800402641296,-2.68526915699854,2.85699698327384,0,1157,674,503,684,509,698,440,657,448,652,396,3.37,13.8,60.6
0.580528795719147,0.612259328365326,1.41724240779877,1.05667436122894,1.07447719573975,1.65051972866058,0.853537619113922,0.92380952835083,0.877125918865204,0.767680287361145,0.853294670581818,0.865821063518524,0.924713611602783,-1.12692816233614,1.48801921190205,0,1159,674,506,685,507,698,438,658,448,653,397,1.85,1.91,39.4
0.580769181251526,0.610956907272339,1.42311573028564,1.06460809707642,1.05119407176971,1.62566864490509,0.851394534111023,0,0.892974257469177,0.781161904335022,0.818432450294495,0.865600526332855,0.927825510501862,-0.097354466004885,4.09750012085558,0,1161,674,508,685,514,699,445,658,453,652,402,1.65,15.8,3.41
0.590595901012421,0.639495611190796,1.3749635219574,1.12530386447907,1.05448114871979,1.66523444652557,0.852636098861694,0.90875643491745,0.862841308116913,0.770593643188477,0.856247305870056,0.871856391429901,0.919586598873138,0.642631816930161,4.25262933211558,0,1163,674,512,686,520,699,450,659,459,655,407,1.22,1.61,34.2
0.582789659500122,0.624147832393646,1.41499924659729,1.08742141723633,1.05404233932495,1.46172976493835,0.870084404945374,0,0.862184047698975,0.773596882820129,0.841195225715637,0.859557569026947,0.940176486968994,4.55078991889073,9.54093479455906,0,1165,675,515,686,521,699,451,659,461,655,408,2.85,1.04,51.7
0.594525098800659,0.632391273975372,1.36095869541168,1.07121801376343,1.06278026103973,1.56071543693542,0.881840825080872,0.884276747703552,0.865508139133453,0.773262143135071,0.863912701606751,0.870554387569428,0.927752315998077,1.28139699785003,15.5985837869816,0,1168,677,519,687,527,701,457,660,469,657,417,3.42,3.42,89.7
0.570725739002228,0.634001553058624,1.43318581581116,1.07135415077209,1.05994808673859,1.59389317035675,0.841514706611633,0,0.877064228057861,0.780435383319855,0.824631869792938,0.871543049812317,0.947386622428894,-0.522741574485777,7.20173463862493,0,1170,579,524,591,531,605,461,565,472,561,419,3.98,1.97,111
0.570841372013092,0.635381937026978,1.4974536895752,1.03639459609985,1.0657457113266,1.50414133071899,0.831452608108521,0,0.859422147274017,0.768463730812073,0.844380080699921,0.863951861858368,0.922894179821014,-0.56057921852403,7.03025388605886,0,1172,580,529,591,537,606,467,565,479,561,425,1.19,3.34,124
0.5740807056427,0.630412459373474,1.42228937149048,1.03484892845154,1.06467688083649,1.39001166820526,0.861869633197784,0.910147964954376,0.853506147861481,0.770717740058899,0.842027902603149,0.875029444694519,0.922544658184052,4.23053500720725,4.74430433593285,0,1174,580,533,591,539,606,470,564,481,562,427,1.5,1.02,119
0.581061899662018,0.637301445007324,1.37725639343262,1.03066432476044,1.05974304676056,1.40266048908234,0.845156371593475,0,0.872918486595154,0.765964925289154,0.863150477409363,0.873549282550812,0.922335624694824,-1.8484585063617,6.66075129134609,0,1176,580,537,593,544,607,475,566,487,563,431,2.01,1.86,120
0.572920799255371,0.620364248752594,1.35717928409576,1.02515041828156,1.08926093578339,1.412229180336,0.877432346343994,0.921282827854157,0.831159889698029,0.776945412158966,0.838913857936859,0.872057855129242,0.917885482311249,4.68840241050987,4.94381870601415,0,1178,582,540,593,546,608,477,566,489,564,433,1.43,1.71,121
0.57687509059906,0.629120290279388,1.34569096565247,1.03657329082489,1.06142663955688,1.33256340026855,0.883492410182953,0.943874478340149,0.829228222370148,0.770927906036377,0.863434255123138,0.897708714008331,0.911722838878632,0.605850648702277,0.998134720413689,0,1180,581,542,593,549,609,479,567,494,565,437,0.601,1.43,93.6
0.580967664718628,0.629620671272278,1.35366475582123,1.04012894630432,1.07713675498962,1.41584515571594,0.873094856739044,0.895299136638641,0.858623266220093,0.770541429519653,0.85338419675827,0.887583076953888,0.927634358406067,-3.4496092993689,27.2524258993452,0,1182,582,545,594,552,608,481,568,494,565,438,8.86,4.85,87.3
0.588789463043213,0.63406229019165,1.34160351753235,1.03909611701965,1.05776870250702,1.25308084487915,0.852582693099976,0,0.838549435138702,0.764477968215942,0.879943013191223,0.891791939735413,0.931389808654785,2.19823375572736,7.51763132348405,0,1184,584,548,596,556,612,485,571,500,568,442,3.53,2.82,77.8
0.555984675884247,0.600293159484863,1.3478285074234,1.07555019855499,1.04954957962036,1.39410006999969,0.837588965892792,0.92441862821579,0.88106644153595,0.767768919467926,0.828621685504913,0.88249546289444,0.922028362751007,0.824795520522067,3.09599227582514,0,1186,444,549,457,556,472,484,433,499,430,443,6.97,4.91,51
0.559751093387604,0.596530914306641,1.3234429359436,1.02808666229248,1.04853117465973,1.28928554058075,0.860838770866394,0.915966391563416,0.87044095993042,0.765243411064148,0.870173931121826,0.880032062530518,0.895104885101318,-11.9638145033767,15.99704002414,0,1189,443,550,456,557,470,487,430,502,428,444,1.04,7.98,38.4
0.565448522567749,0.603844165802002,1.32640814781189,1.02948462963104,1.07569718360901,1.28351640701294,0.880879759788513,0.907051265239716,0.890730619430542,0.764283359050751,0.825065732002258,0.874629676342011,0.918549239635468,10.1364882360255,16.2966071318185,0,1191,442,536,455,544,469,474,429,489,428,432,2.29,3.1,34.9
0.57004177570343,0.59093302488327,1.25313138961792,1.01934719085693,1.03767716884613,1.27018892765045,0.829722702503204,0.887206673622131,0.869724154472351,0.753277480602264,0.870431900024414,0.877891838550568,0.915709614753723,-0.644899913928356,6.39550907907919,0,1193,442,513,455,493,471,424,430,435,427,384,0.921,5.64,38.2
0.571637332439423,0.605118751525879,1.30329823493958,1.04814088344574,1.05457389354706,1.17719113826752,0.870105803012848,0,0.868518531322479,0.754888296127319,0.828658282756805,0.876919567584991,0.904639184474945,12.2589122958435,21.2228340718945,0,1195,440,480,453,486,469,420,427,428,424,381,0.805,4.45,26.9
0.55962085723877,0.569288969039917,1.27529978752136,1.02982294559479,1.06065702438355,1.15651822090149,0.842386960983276,0.865435361862183,0.862878024578095,0.74437689781189,0.867190420627594,0.88204562664032,0.902145147323608,-9.12770185796725,9.31765183779877,0,1197,441,487,455,495,471,426,430,439,427,386,2.28,3.62,35.4
0.553541839122772,0.568256914615631,1.28265798091888,1.02422213554382,1.04290449619293,1.20161581039429,0.861864387989044,0,0.85753870010376,0.744913160800934,0.834423243999481,0.873442471027374,0.907719373703003,-1.89727648114171,2.06133307126009,0,1199,443,493,455,500,470,431,429,442,427,388,1.53,3.37,35
0.558413684368134,0.570782780647278,1.25161492824554,1.03886926174164,1.03682434558868,1.08543682098389,0.865038156509399,0,0.877868235111237,0.746851921081543,0.853841543197632,0.877888023853302,0.930259764194489,1.35278765329719,3.35781813733842,0,1201,445,495,457,502,472,432,433,446,429,388,2.54,1.11,37.2
0.556787073612213,0.562983930110931,1.25872993469238,1.05206406116486,1.05443680286407,1.03774118423462,0.845481932163239,0,0.855964481830597,0.750823438167572,0.844162166118622,0.874854683876038,0.892608106136322,0.433163381771167,1.23163899617913,0,1203,445,495,458,502,472,432,432,446,431,389,1.78,2.8,42
0.555453896522522,0.561465322971344,1.24818277359009,1.03063917160034,1.04602181911469,1.07373058795929,0.881448686122894,0.925000011920929,0.871162295341492,0.741850018501282,0.847265779972076,0.876725196838379,0.916066527366638,1.02907595605818,1.07979390696682,0,1205,445,497,457,504,471,435,433,449,430,390,0.7,2.66,43.3
0.56000417470932,0.564162850379944,1.26521360874176,1.03617882728577,1.06382846832275,1.14055693149567,0.871183633804321,0.830835103988647,0.849953949451447,0.737388014793396,0.830533444881439,0.871740221977234,0.905902981758118,-5.55582273422876,12.2457611350141,0,1207,445,497,457,504,471,434,432,447,430,392,1.13,2.76,43.1
0.55860561132431,0.556177735328674,1.23304581642151,1.02556395530701,1.04963898658752,1.08253085613251,0.837784111499786,0,0.850335359573364,0.736214697360992,0.851698398590088,0.868648409843445,0.93295818567276,-10.9720834799678,19.5212429355698,0,1210,445,499,456,506,470,436,432,452,429,392,0.804,0.609,41.8
0.547611117362976,0.55601179599762,1.23804414272308,1.0411810874939,1.05483257770538,1.07283747196198,0.875606179237366,0,0.882202684879303,0.731249988079071,0.847180128097534,0.866919100284576,0.897879004478455,7.48083839371484,15.104441523781,0,1212,444,498,455,505,469,434,431,449,427,392,0.875,0.171,41.5
0.552372097969055,0.549727380275726,1.21672546863556,1.02858626842499,1.04563760757446,1.08726179599762,0.841641426086426,0,0.815375328063965,0.735459446907043,0.855033218860626,0.869557023048401,0.920753717422485,-7.69646248310565,13.6291124484493,0,1214,444,497,456,504,470,434,431,447,428,391,1.79,2.3,36.5
0.550540924072266,0.557801425457001,1.22913253307343,1.04579389095306,1.05040681362152,1.03076446056366,0.880526602268219,0,0.859557092189789,0.735934197902679,0.813417196273804,0.867619454860687,0.901428580284119,-0.757384753798248,11.0712920904509,0,1216,444,499,455,506,469,435,431,449,428,395,1.56,1.1,31.1
0.553464531898499,0.551487267017365,1.20637404918671,1.04264783859253,1.04334533214569,1.03771197795868,0.891493618488312,0,0.863815605640411,0.734203457832336,0.862986445426941,0.857044577598572,0.902488112449646,-2.23582865074685,7.17714966939498,0,1218,443,501,455,508,468,438,431,454,427,395,2.52,1.24,25.3
0.554221868515015,0.5580974817276,1.23245799541473,1.0495992898941,1.07774186134338,1.06050717830658,0.87054830789566,0.907781004905701,0.869805097579956,0.734997510910034,0.823518753051758,0.857724606990814,0.91759467124939,0.739185625656232,2.27515302741915,0,1220,444,502,456,509,470,438,431,451,428,396,2.03,1.49,22.2
0.552433550357819,0.554579198360443,1.22224152088165,1.05680215358734,1.0306910276413,1.08524596691132,0.887195825576782,0.946236550807953,0.84237802028656,0.727652668952942,0.854005873203278,0.866179406642914,0.926866829395294,0.228669593701795,2.39069706167134,0,1222,444,501,456,508,470,438,433,454,428,394,0.565,2.08,14.2
0.554230928421021,0.584059357643127,1.21543395519257,1.02460551261902,1.07097959518433,1.02106559276581,0.869031727313995,0,0.816968262195587,0.743979930877686,0.848585665225983,0.868868768215179,0.916240751743317,-1.55141513777578,1.55869584063069,0,1224,415,463,430,470,438,401,402,417,395,366,1.54,2.6,12.8
0.553395807743073,0.575067043304443,1.20860803127289,1.02415812015533,1.05917513370514,1.04829216003418,0.815060913562775,0,0.780266523361206,0.729997456073761,0.845638513565064,0.86880749464035,0.938053071498871,-4.66576261879,6.92875194726307,0,1226,416,463,431,468,438,398,402,416,396,358,0.907,1.23,7.3
0.559451460838318,0.582689464092255,1.22266173362732,1.01520776748657,1.08269035816193,1.05936193466187,0.862917006015778,0.850684940814972,0.802558243274689,0.734623551368713,0.826288819313049,0.861421287059784,0.909073173999786,-2.96315845017513,5.95913409241222,0,1228,421,465,434,470,442,399,404,415,399,359,2.47,2.94,7.71
0.563957214355469,0.577151656150818,1.19525539875031,1.03791964054108,1.07188320159912,1.01392030715942,0.843496680259705,0.925311207771301,0.769790947437286,0.73136705160141,0.864615023136139,0.865790486335754,0.933333337306976,0.130253614973099,13.747042764036,0,1231,423,466,438,471,446,401,410,418,404,361,0.986,1.57,1.82
0.552406072616577,0.569743037223816,1.23733234405518,1.01546621322632,1.07358205318451,1.01503658294678,0.879790961742401,0,0.805606186389923,0.73742026090622,0.84903746843338,0.865262627601624,0.931750059127808,12.9346074745335,22.4083532903954,0,1233,424,464,438,470,448,399,408,416,404,361,0.938,0.854,5.69
0.554224610328674,0.575310945510864,1.19993150234222,1.02285826206207,1.05663883686066,1.04889571666718,0.858396708965302,0.92592591047287,0.77701324224472,0.727155745029449,0.863142013549805,0.857341587543488,0.93576568365097,-0.445194484630951,12.2996215206084,0,1235,424,466,438,470,449,401,410,419,405,362,0.91,0.317,2.08
0.551773488521576,0.574511766433716,1.21055150032043,1.00523960590363,1.04497539997101,1.03211760520935,0.862916767597199,0,0.794665813446045,0.741523444652557,0.836852550506592,0.866195261478424,0.905925035476685,7.19467225093119,16.8599970725362,0,1237,425,463,439,469,450,398,410,414,406,361,1.2,0.679,6.59
0.552787303924561,0.571630597114563,1.19014501571655,1.01993107795715,1.06693935394287,1.05849707126617,0.885357856750488,0.876165091991425,0.799655020236969,0.738961756229401,0.877153635025024,0.872564911842346,0.918134212493897,-9.78538646913736,11.5373939563611,0,1239,426,465,441,471,451,401,412,418,408,363,2.74,2.5,3.1
0.555456221103668,0.574361026287079,1.21725738048553,1.01819956302643,1.04933977127075,1.05159831047058,0.893796503543854,0.871931672096252,0.816853940486908,0.743389666080475,0.847989499568939,0.857334077358246,0.914992988109589,4.63529024327397,6.49791673132951,0,1241,429,470,442,475,454,404,413,420,409,366,4.34,2.15,6.72
0.55047482252121,0.573760807514191,1.16795945167542,1.02686715126038,1.06807410717011,1.01815736293793,0.864661633968353,0.969230771064758,0.822194218635559,0.75186562538147,0.858612835407257,0.862807869911194,0.9454545378685,-9.52352547879116,15.4638637820197,0,1243,429,434,434,433,442,362,403,380,394,317,22.7,10.8,9.45
0.533397495746613,0.554576575756073,1.20103061199188,1.00249469280243,1.0679407119751,1.04092645645142,0.86351352930069,0,0.860205352306366,0.755115687847137,0.858623385429382,0.867864549160004,0.888157904148102,-31.8685461036207,38.7588379911804,0,1245,350,384,392,400,398,332,361,347,353,292,18.6,21.4,14
0.558200299739838,0.584951937198639,1.18798875808716,1.0204381942749,1.05488181114197,0.986967027187347,0.881293475627899,0,0.820172309875488,0.727953433990479,0.882444679737091,0.859808087348938,0.932946264743805,-5.27815980480105,5.89839453734224,0,1247,164,375,176,386,201,320,159,326,167,270,7.5,21.9,16.6
0,0,0,0,0,0,0,0,0,0,0,0,0,33.0520818409597,33.7085130492828,0,1249,0,0,0,0,0,0,0,0,0,0,1.22,20.2,27.5
0,0,0,0,0,0,0,0,0,0,0,0,0,5.16963725284631,33.0043468269682,1,1252,0,0,0,0,0,0,0,0,0,0,15.8,15.6,48.8
0,0,0,0,0,0,0,0,0,0,0,0,0,-5.27933241996891,10.3161689637969,1,1254,0,0,0,0,0,0,0,0,0,0,6.62,2.96,59.3
0,0,0,0,0,0,0,0,0,0,0,0,0,-2.93715184494744,3.09882056249271,1,1256,0,0,0,0,0,0,0,0,0,0,8.85,11.7,76.1
0.551003158092499,0.567196369171143,1.23448920249939,1.04593276977539,1.05036318302155,1.11294853687286,0.857492327690125,0,0.80872255563736,0.741289615631104,0.810860276222229,0.865806758403778,0.91007125377655,-1.63655651613453,6.44762472927528,1,1258,322,365,330,373,365,312,323,311,338,255,1.72,6.85,95.9
0.554384291172028,0.538651287555695,1.21870720386505,1.07307600975037,1.05885350704193,1.28687977790833,0.861379981040955,0.886097133159637,0.82701975107193,0.729533672332764,0.835712313652039,0.853623926639557,0.935982346534729,0.448131514589747,1.32793415982783,1,1260,354,377,369,386,401,323,359,325,373,269,2.1,4.31,112
0.532483994960785,0.527051687240601,1.20590341091156,1.10951471328735,1.09587109088898,1.42287373542786,0.862741470336914,0,0.804011702537537,0.74259877204895,0.84665858745575,0.853307783603668,0.90527480840683,4.50875427787874,7.65562824878267,1,1262,377,382,387,389,416,326,374,330,386,272,0.773,3.25,121
0.549786031246185,0.57226425409317,1.23211097717285,1.13471102714539,1.0701299905777,1.41301155090332,0.850608468055725,0,0.82112330198288,0.723154067993164,0.841574311256409,0.851713299751282,0.913627624511719,-5.52487189392361,11.5936783868906,1,1264,371,381,360,375,391,313,348,316,365,259,4.58,2.48,133
0.542287528514862,0.548000037670136,1.2316335439682,1.20558166503906,1.03809463977814,1.70773506164551,0.879348278045654,0,0.862850964069366,0.7334144115448,0.829641580581665,0.860326170921326,0.917726278305054,-23.5411444426058,27.5513732934104,1,1266,360,372,371,381,403,317,360,321,371,263,4.48,3.26,137
0.558046817779541,0.576347649097443,1.215700507164,1.40508425235748,1.06731653213501,1.61842155456543,0.866869926452637,0,0.885824263095856,0.733947038650513,0.815943241119385,0.85238516330719,0.914268314838409,1.80125244226137,3.68957338712039,1,1268,299,346,291,349,328,288,285,288,298,227,5.3,6.24,129
0.580822944641113,0.558011174201965,1.2157963514328,1.38563227653503,1.04373252391815,1.79008138179779,0.832552313804626,0,0.812680125236511,0.730563580989838,0.847278237342835,0.851410925388336,0.93323028087616,6.37764193970586,6.99753397863179,1,1270,215,289,224,301,269,247,230,241,253,191,12.8,9.96,124
0.558845102787018,0.555045068264008,1.2134712934494,1.35598075389862,1.05984807014465,1.6543664932251,0.894295275211334,0.664516150951386,0.820738852024078,0.744205594062805,0.859572529792786,0.848321378231049,0.888567686080933,-13.2036244572371,15.8314380076861,1,1273,225,262,234,272,279,218,238,212,263,162,1.27,15.5,101
0.562548756599426,0.556547045707703,1.20272612571716,1.4211859703064,1.04292178153992,1.92389035224915,0.86161881685257,0.89182060956955,0.838001072406769,0.743680357933044,0.849782526493073,0.850450277328491,0.91359543800354,-23.5938244956029,24.2488328004516,1,1275,221,266,230,277,275,223,235,217,260,164,2.83,10.8,77.7
0.568868100643158,0.549209356307983,1.20341229438782,1.50814199447632,1.05223596096039,1.92624521255493,0.896600186824799,0,0.851652085781097,0.745556235313416,0.858040869235992,0.853001356124878,0.938872039318085,-9.48834048412565,10.2370038768817,1,1277,220,272,229,284,273,231,232,226,258,173,0.978,7.01,54
0.561900317668915,0.554034769535065,1.23480641841888,1.27585852146149,1.05931484699249,1.98812162876129,0.852286756038666,0.860892415046692,0.858407080173492,0.73859965801239,0.819661736488342,0.858366847038269,0.912363648414612,0.744458875748908,16.2290312128083,1,1279,220,276,230,287,275,234,234,226,258,176,9.03,5.83,29.9
0.557499766349793,0.566670536994934,1.19849324226379,1.1816109418869,1.05601346492767,2.04990744590759,0.853288769721985,0.882755100727081,0.795387864112854,0.75354140996933,0.868233144283295,0.8556147813797,0.913720190525055,13.7570637087953,14.6711630141801,1,1281,225,291,269,324,313,269,271,266,301,217,7.24,8.18,9.41
0.52697628736496,0.539731860160828,1.18704545497894,1.36350476741791,1.08450818061829,2.03609991073608,0.827649414539337,0.856573700904846,0.780643105506897,0.722642362117767,0.853465974330902,0.854124367237091,0.916920125484467,10.2436342204436,11.9648847134572,1,1283,414,381,407,382,434,318,389,321,391,259,4.66,9.46,25
0.541498720645905,0.52548760175705,1.1830552816391,1.13684737682343,1.04827976226807,2.02248096466064,0.840948522090912,0.852657020092011,0.748596370220184,0.722198605537415,0.851051568984985,0.857807159423828,0.907505571842194,-133.91114311708,135.092291222395,1,1285,641,410,662,414,671,345,631,362,626,303,23.6,8.51,50.5
0.530985772609711,0.52788656949997,1.19586300849915,1.38967537879944,1.07636439800262,2.06029462814331,0.826958537101746,0.864978909492493,0.778690993785858,0.722190380096436,0.84313440322876,0.852679967880249,0.906470894813538,3.50842124449555,4.98071401139159,1,1287,665,418,676,421,685,351,648,367,640,309,26.8,9.43,56.3
0.543929755687714,0.541042625904083,1.18766701221466,1.18386614322662,1.06047034263611,2.07958054542541,0.867835283279419,0,0.811863362789154,0.722469389438629,0.847833216190338,0.854534506797791,0.931209683418274,-1.10820143586282,1.16246278934194,1,1289,357,421,369,426,380,356,341,374,335,313,0.998,28.1,76.5
0.544157207012177,0.542740404605866,1.19047200679779,1.99670612812042,1.07500863075256,2.00450706481934,0.855929553508759,0,0.815741062164307,0.718083083629608,0.852670013904572,0.856282472610474,0.923784077167511,-0.830246060648345,1.26895633886151,1,1291,357,423,369,428,379,358,343,375,335,317,2.86,30.2,87.1
0.545186042785645,0.545467495918274,1.17030918598175,1.2474809885025,1.05634498596191,2.12769365310669,0.813656151294708,0,0.80452299118042,0.716659128665924,0.852163672447205,0.839875400066376,0.934168338775635,0.969414206631167,16.364454209406,1,1294,357,423,369,428,380,359,342,376,336,316,1.34,17.1,99.3
0.54465925693512,0.544437229633331,1.18791949748993,1.58341670036316,1.06805062294006,2.07594990730286,0.86100310087204,0,0.817112624645233,0.714978396892548,0.857414066791534,0.841970205307007,0.912347257137299,6.18078632653599,12.4429011063446,1,1296,361,424,372,430,382,359,345,377,338,318,1.48,1.94,99.2
0.539122104644775,0.538569629192352,1.17374551296234,1.58893191814423,1.0440685749054,2.09473705291748,0.832654118537903,0,0.787537515163422,0.708344280719757,0.86119556427002,0.848466873168945,0.914446711540222,-0.167369131580968,18.8618588232483,1,1298,361,425,374,429,386,361,349,375,341,316,1.7,0.324,109
0.544490098953247,0.542253792285919,1.17714560031891,1.42383289337158,1.06754922866821,2.32621622085571,0.851239681243897,0.842519700527191,0.798911094665527,0.715164721012116,0.861024022102356,0.846036195755005,0.934729754924774,1.28799045148714,8.2622903233937,1,1300,362,432,374,435,384,365,348,383,342,323,1.07,1.05,123
0.534872472286224,0.530372083187103,1.16491305828094,1.20655536651611,1.06103801727295,2.05183935165405,0.826997697353363,0,0.771844685077667,0.716687679290772,0.851660430431366,0.844570159912109,0.928432703018189,133.489610107579,134.268530843168,1,1302,362,434,375,439,387,370,347,387,343,327,23.9,16.1,119
0.530528724193573,0.53012752532959,1.15052199363709,1.22883152961731,1.06606042385101,2.11452603340149,0.895345568656921,0.931330442428589,0.792045831680298,0.721433341503143,0.865314781665802,0.854168057441711,0.93186616897583,3.90657684455714,10.7776978427184,1,1304,362,435,374,441,385,370,347,386,342,329,20.6,13.2,124
0,0,0,0,0,0,0,0,0,0,0,0,0,0.126781498685349,3.41684520261513,1,1306,0,0,0,0,0,0,0,0,0,0,2.78,25.6,130
0.586380481719971,0.590536594390869,1.174565076828,1.6557160615921,1.06392419338226,2.09870219230652,0,0.908309459686279,0.878914415836334,0.746359586715698,0.890063405036926,0.848436415195465,0.945657432079315,-1.86371780776501,2.43835538000119,1,1308,45.6,369,55.2,376,87.3,314,47.5,317,59.8,259,1.91,26.2,115
0.580231845378876,0.585213601589203,1.1576954126358,1.28390836715698,1.04423499107361,1.21557772159576,0,0,0,0.761825919151306,0,0.86532586812973,0.935505092144012,2.69268339753474,3.57037165442661,0,1310,51.7,372,48.7,376,75.1,310,31.1,313,40.5,253,1.72,10.9,95.1
0.569196283817291,0.570938110351563,1.17329859733582,1.81853628158569,1.03619599342346,1.87106263637543,0.886546552181244,0,0.875235080718994,0.785471260547638,0.858870983123779,0.864180564880371,0.891358911991119,-55.294491031976,59.8042824010707,0,1312,60.3,374,66.7,382,99.5,318,59.2,324,70.3,265,5.21,11.8,76
0,0,0,0,0,0,0,0,0,0,0,0,0,48.7977544625004,50.0398272781592,0,1314,0,0,0,0,0,0,0,0,0,0,16.5,6.81,36
0.592968225479126,0.607629299163818,1.15195035934448,1.13831150531769,0,1.71219789981842,0.951843500137329,0,0.839793264865875,0.906593084335327,1.01902461051941,0.915805399417877,0.95255184173584,-22.5276203743643,23.0024108717259,0,1317,26.4,266,37.7,276,85.4,225,44.3,217,0,0,7.32,19.1,32
0.568570554256439,0.575165510177612,1.20567774772644,1.1601494550705,1.05541443824768,1.89721298217773,0.971786856651306,0,0.91426819562912,0.925802707672119,0.961573958396912,0.933085441589356,0.924080431461334,-14.9434426307215,16.1490776797265,0,1319,429,253,463,252,514,209,471,196,500,154,3.38,12.5,58.6
0.572354376316071,0.564124584197998,1.22966504096985,1.15841507911682,1.05355429649353,1.99703419208527,0.982716023921967,0.931945562362671,0.837161839008331,0.942671060562134,0.968460977077484,0.954903542995453,0.914506077766418,-0.057893625537741,9.46168722995447,0,1321,425,269,439,275,491,228,451,217,483,169,3.24,7.11,81.8
0.569595158100128,0.573001146316528,1.23011040687561,1.19307792186737,1.05777263641357,1.96429347991943,0.95100325345993,0.882297098636627,0.892715752124786,0.943063795566559,0.931911587715149,0.940145015716553,0.947630941867828,2.00575930167984,2.22525684877571,0,1323,451,310,493,345,540,293,502,289,534,245,4.65,5.4,119
0.550476253032684,0.558989226818085,1.18778908252716,1.14844501018524,1.05125308036804,1.98890221118927,0.930359601974487,0.920634925365448,0.859291613101959,0.911450147628784,0.933286130428314,0.940901100635529,0.893435895442963,13.6135439401046,14.2110185893779,0,1325,557,366,555,372,594,315,551,310,565,265,5.97,8.88,133
0.54729175567627,0.571699738502502,1.20086085796356,1.10712039470673,1.07231986522675,1.69007503986359,0.932486295700073,0,0.834456205368042,0.920022487640381,0.961940407752991,0.917886793613434,0.903632700443268,8.45491464166556,8.62455333370647,0,1327,598,394,614,412,648,352,606,353,623,305,2.87,7.39,132
0,0,0,0,0,0,0,0,0,0,0,0,0,5.17110966808964,41.8206482984773,0,1329,0,0,0,0,0,0,0,0,0,0,11.8,9.76,138
0,0,0,0,0,0,0,0,0,0,0,0,0,-109.719065586223,110.043610150347,0,1331,0,0,0,0,0,0,0,0,0,0,21,11,126
0.55009925365448,0.565527021884918,1.22787690162659,1.13576567173004,1.0521103143692,1.67818915843964,0.925564527511597,0,0.855502784252167,0.903945207595825,0.910654008388519,0.907652616500855,0.923401415348053,-2.2036330882146,3.24724757266715,0,1333,648,464,667,470,680,401,642,414,640,357,22.7,15.4,109
0.546022772789001,0.542151153087616,1.19749677181244,1.09995532035828,1.05989980697632,1.43454658985138,0.941349744796753,0.955622553825378,0.830241680145264,0.872924745082855,0.920797348022461,0.898036539554596,0.933207213878632,3.68335105846215,4.24455772934858,0,1335,518,465,538,471,552,402,515,416,513,361,0.717,25.7,87.7
0.532022953033447,0.537997603416443,1.19609749317169,1.0754292011261,1.0731440782547,1.45005524158478,0.89149820804596,0.965954601764679,0.834883153438568,0.867950558662415,0.898105978965759,0.891823410987854,0.933932602405548,4.09034084213058,11.7684315462054,0,1338,518,467,538,473,552,404,514,416,514,361,2.67,23.3,50.8
0.531925737857819,0.526923835277557,1.18583357334137,1.12309801578522,1.05657827854157,1.47076308727264,0.97065943479538,0.991266369819641,0.755147039890289,0.864445090293884,0.91925722360611,0.903063118457794,0.915437340736389,1.4091668903033,3.51749585382908,0,1340,520,468,540,475,554,406,516,419,515,364,0.867,12,19.6
0.528274953365326,0.532930970191956,1.17130899429321,1.08411920070648,1.08006513118744,1.38435387611389,0.882563233375549,0.938949942588806,0.789778828620911,0.853033483028412,0.890729308128357,0.886720359325409,0.898808300495148,10.2220693223712,11.4442880707303,0,1342,520,470,540,476,554,407,516,420,515,364,0.831,1.05,20.1
0.534889698028564,0.528119385242462,1.1696263551712,1.127081990242,1.07149577140808,1.29932880401611,0.92747437953949,0.942141234874725,0.831443190574646,0.840034008026123,0.905739068984985,0.896745085716248,0.925313770771027,8.73163114695258,9.22013849045567,0,1344,521,470,541,477,554,408,519,424,516,366,0.856,0.562,42.4
0.519044280052185,0.524160802364349,1.17493832111359,1.07403540611267,1.07742094993591,1.28702712059021,0.897449254989624,0.915220320224762,0.788455426692963,0.836283564567566,0.880433022975922,0.867027282714844,0.938908338546753,0.899699782543298,3.02333867567659,0,1346,520,470,541,477,555,407,517,422,516,365,1.94,2.51,73.9
0.523207306861877,0.522615849971771,1.16730201244354,1.07207262516022,1.05703735351563,1.4294011592865,0.870141744613647,0.937735855579376,0.802121222019196,0.825569212436676,0.898244142532349,0.878817439079285,0.906965851783752,-5.35761392524301,6.70781697921903,0,1348,520,472,541,478,555,409,517,425,516,367,1.82,1.26,99.9
0.520815372467041,0.533228933811188,1.17521119117737,1.13067972660065,1.06508076190948,1.28799784183502,0.878441214561462,0.889423072338104,0.78396737575531,0.817143499851227,0.880544006824493,0.864977478981018,0.959575533866882,-4.66965863494583,4.67751592412165,0,1350,520,473,541,479,556,409,519,427,517,367,0.899,1.34,112
0.519941985607147,0.51938384771347,1.14264607429504,1.06233692169189,1.05953896045685,1.23441565036774,0.891356348991394,0.880215346813202,0.802359879016876,0.82212370634079,0.881409883499146,0.878410995006561,0.9476158618927,0.824452542680436,1.02460796418685,0,1352,521,473,542,480,557,411,519,426,517,369,1.37,1.06,126
0.511207699775696,0.522144436836243,1.19088006019592,1.14092290401459,1.0728120803833,1.24524688720703,0.852351009845734,0.902888774871826,0.807255268096924,0.801657557487488,0.886394262313843,0.85981684923172,0.936129629611969,2.26066865215538,4.05336599566141,0,1354,521,475,542,480,557,411,519,424,518,370,1.31,2.35,128
0.517053723335266,0.520472824573517,1.14458417892456,1.0467004776001,1.06003069877625,1.31819891929626,0.884523153305054,0.895468294620514,0.800076603889465,0.793706715106964,0.8631751537323,0.861638426780701,0.93926078081131,1.53004148300292,1.92961053949854,0,1356,521,476,542,482,557,412,520,428,518,372,1.32,1.56,127
0.507540881633759,0.515838742256165,1.15454912185669,1.09410893917084,1.05283617973328,1.15435409545898,0.867879509925842,0.937392294406891,0.758835732936859,0.779646694660187,0.879972636699677,0.846021175384522,0.964497029781342,4.84566805659342,9.65169072149015,0,1359,521,476,542,482,557,413,520,426,518,372,1.37,0.76,110
0.509790599346161,0.511288106441498,1.13106656074524,1.03603160381317,1.04234445095062,1.23746836185455,0.864877462387085,0.919432640075684,0.802698731422424,0.779924333095551,0.865110099315643,0.862415373325348,0.927936792373657,-10.0961505180363,20.3959877233463,0,1361,522,477,543,484,558,415,519,430,518,374,20.2,13.4,94.1
0.519646763801575,0.515158772468567,1.16678309440613,1.08637309074402,1.0640754699707,1.2296541929245,0.865250408649445,0,0.825271487236023,0.767149090766907,0.837429106235504,0.850368142127991,0,2.14693416246376,12.4199695166989,0,1363,471,448,541,484,555,416,519,430,517,375,19.6,24.9,63.8
0.523431122303009,0.540107488632202,1.19928240776062,1.02581751346588,1.0618759393692,1.12350714206696,0.872877657413483,0,0.850581049919128,0.78159511089325,0.8524050116539,0.862772822380066,0.911495447158814,12.0394927404207,13.0398557893567,0,1365,200,391,193,393,227,332,186,334,201,280,0.699,24.1,41.4
0.530008018016815,0.54699045419693,1.20747864246368,1.04388976097107,1.06411528587341,1.08554232120514,0.893700778484345,0.877844333648682,0.884897351264954,0.772057712078095,0.853406250476837,0.85466730594635,0.917041480541229,11.6707483319339,17.0265132553278,0,1367,157,378,176,391,212,331,169,331,186,277,1.78,24.2,15.7
0.535901665687561,0.531220972537994,1.19282245635986,1.00901031494141,1.05674815177917,1.15912330150604,0.89827972650528,0,0.799012362957001,0.773889482021332,0.85090970993042,0.859054744243622,0.915789484977722,10.7729647418168,10.9142606057322,0,1369,179,388,213,404,246,343,207,344,223,297,3.01,13.4,20.6
0.516792833805084,0.536733150482178,1.20426440238953,1.02130520343781,1.04740583896637,1.12639582157135,0.85329794883728,0.899698317050934,0.812820494174957,0.760142207145691,0.857214868068695,0.855575144290924,0.910162806510925,37.4672831486686,38.5346803739786,0,1371,265,419,261,420,289,358,245,360,254,310,9.99,5.61,41.8
0,0,0,0,0,0,0,0,0,0,0,0,0,-1.54741595332416,7.05268709512383,0,1373,0,0,0,0,0,0,0,0,0,0,13.8,15.8,60.6
0.56734961271286,0.574034452438355,1.22484874725342,1.03874790668488,1.05022072792053,1.00590419769287,0.892952740192413,0.910648703575134,0.880258917808533,0.790224671363831,0.846613109111786,0.844916105270386,0.965247929096222,-10.2991757548204,11.9675877263866,0,1375,59.5,305,74.8,319,124,271,83.4,263,114,217,4.71,13.6,90.4
0.541832685470581,0.540408074855804,1.23449838161469,1.01300346851349,1.04514753818512,1.05850028991699,0.860107600688934,0.8907630443573,0.898639440536499,0.766980051994324,0.892225205898285,0.850017786026001,0.944107234477997,80.4062146324383,88.0310434069957,0,1377,94.7,273,113,290,168,246,127,234,158,193,9.69,9.58,105
0.56013160943985,0.570418179035187,1.23274838924408,1.03273785114288,1.07277834415436,1.03846395015717,0.881380319595337,0.873015880584717,0,0.768407940864563,0.834032356739044,0.853254377841949,0.97271716594696,-118.856145953444,120.956228561915,0,1380,71.1,317,91.3,320,145,274,104,262,139,216,7.06,10.3,109
0,0,0,0,0,0,0,0,0,0,0,0,0,-11.1222627402622,21.5940201370394,0,1382,0,0,0,0,0,0,0,0,0,0,22,2.73,106
0,0,0,0,0,0,0,0,0,0,0,0,0,1.09493011732952,2.28554296806134,0,1384,0,0,0,0,0,0,0,0,0,0,3.24,8.94,99
0.514378070831299,0.524155378341675,1.23671972751617,1.01526236534119,1.06725001335144,1.08839380741119,0.902634203433991,0.984899342060089,0.828355371952057,0.764770984649658,0.836785554885864,0.851248919963837,0.970610976219177,-114.024692064795,116.978880820438,0,1386,649,476,675,483,689,415,650,430,652,374,1.15,18,74.6
0.505081355571747,0.524165570735931,1.2405743598938,1.02898812294006,1.06781566143036,1.03387486934662,0.865984797477722,0,0.757137835025787,0.76161140203476,0.843453943729401,0.84814190864563,0.897287547588348,0.784138482410457,10.0374671304488,0,1388,650,480,676,486,690,417,652,432,653,376,7.36,2.67,50.1
0.495615005493164,0.506440937519074,1.22675883769989,1.0008978843689,1.06240141391754,1.07994365692139,0.917355358600616,0.875904858112335,0.819585800170898,0.74769937992096,0.837856411933899,0.857457220554352,0.771677553653717,-1.0428793471531,1.4212657897534,0,1390,649,482,585,488,599,420,561,435,563,378,6.55,15.2,28.6
0.503054916858673,0.524247884750366,1.21583473682404,1.01086473464966,0.990795910358429,1.04337966442108,0.871747195720673,0,0.809297919273376,0.739115297794342,0.854161858558655,0.829251766204834,0.913224577903748,0.259265933818043,1.02677405590955,0,1392,447,487,485,490,498,421,462,435,488,381,3.86,5.4,17.9
0.497351169586182,0.513241648674011,1.16860544681549,1.01493704319,1.04167425632477,1.08732724189758,0.86096066236496,0.938818573951721,0.80636990070343,0.767991244792938,0.860880255699158,0.858180999755859,0.934673368930817,-6.34753688914551,6.38309992771506,0,1394,441,490,491,494,505,426,471,442,478,385,1.21,7.06,37.6
0.480805069208145,0.517903506755829,1.18803632259369,1.02022194862366,1.06886231899261,1.0817174911499,0.862453520298004,0.886710226535797,0.842483341693878,0.77370822429657,0.847547173500061,0.859735250473022,0.907524168491364,-7.35798538445707,8.08800640750686,0,1396,439,492,493,495,506,427,471,442,479,387,1.89,11.2,57.5
0.487160563468933,0.514721572399139,1.16442954540253,1.00334346294403,1.05050504207611,1.07633602619171,0.8884596824646,0.881141066551209,0.794052362442017,0.777991652488709,0.882043778896332,0.855650186538696,0,-1.79906741759341,3.40122830012847,0,1398,438,494,493,497,506,429,472,444,480,388,0.982,0.751,81.6
0.486875951290131,0.519368469715118,1.16256988048553,1.00231540203094,1.04779672622681,1.04284250736237,0.849456548690796,0.862526178359985,0.826086938381195,0.782658398151398,0.865757763385773,0.880520284175873,0,6.24019881661895,14.2993366914358,0,1401,438,494,493,497,507,429,472,445,480,388,1.42,1.23,100
0.484054297208786,0.512841165065765,1.14802145957947,1.0107616186142,1.0431854724884,1.07512509822845,0.858381509780884,0.943502843379974,0.845407843589783,0.787411332130432,0.866643249988556,0.864333212375641,0,-1.74012338057383,6.31219342373538,0,1403,437,494,492,497,505,430,471,446,480,389,2.19,0.397,105
0.475962162017822,0.513155221939087,1.12823784351349,1.01584017276764,1.06564056873322,1.04864346981049,0.846611201763153,0.876615762710571,0.810609817504883,0.772732019424439,0.844218969345093,0.87434446811676,0,8.31845508765343,12.1618012593484,0,1405,437,494,492,497,506,429,473,445,481,391,1.81,1.32,96.2
0.480098217725754,0.506477415561676,1.12964391708374,1.00358808040619,1.05438244342804,1.01215815544128,0.862723648548126,0.896296322345734,0.799447298049927,0.771962642669678,0.862842381000519,0.884474515914917,0.931291401386261,2.78002857145443,5.41334946248588,0,1407,436,494,493,498,506,431,472,444,481,388,21.5,12.1,93.2
0.554231107234955,0.509565532207489,1.16630506515503,1.00575220584869,1.08278918266296,0.998903810977936,0.844822227954865,0,0.792432427406311,0.775229334831238,0.865365862846375,0.901735663414001,0,-111.590962745041,114.681871129886,0,1409,408,467,488,500,500,432,468,447,479,391,0.868,11.7,84.6
0.514228522777557,0.521259069442749,0,1.02190029621124,1.01303315162659,0.991954207420349,0.904180347919464,0,0.819181442260742,0.789093315601349,0.883831977844238,0,0,1.63173564792673,4.99285394532916,0,1411,137,373,244,410,0,0,242,357,269,307,20.6,13.5,66.8
0.462822645902634,0.486117243766785,1.16751539707184,1.00486469268799,1.06759941577911,1.03123712539673,0.885568499565125,0.903924226760864,0.722463130950928,0.767555713653564,0.865618288516998,0.859456777572632,0.904360055923462,-2.76430075872983,2.90037747580506,0,1413,414,440,469,439,478,371,445,387,450,330,0.592,0.995,47.8
0.469138026237488,0.48363721370697,1.16015517711639,1.00906574726105,1.08931314945221,1.02334797382355,0.864383101463318,0.888795256614685,0.793345034122467,0.780520558357239,0.854603469371796,0.841777265071869,0.954939365386963,-7.22246393794503,7.5416367156465,0,1415,418,446,476,450,487,382,453,397,460,343,1.18,11.9,34.2
0.467481076717377,0.482906758785248,1.14316272735596,1.00364077091217,1.08307290077209,1.00701940059662,0.868852436542511,0.908088207244873,0.793568134307861,0.794409275054932,0.86047089099884,0.85372132062912,0.942809522151947,-4.26331096289079,8.98187278084374,0,1417,423,453,479,454,490,387,456,402,463,346,1.78,12.5,18.7
0.47065207362175,0.484879851341248,1.12345945835114,0.997566640377045,1.05708742141724,0.997055411338806,0.850963771343231,0.84454756975174,0.809167742729187,0.781588673591614,0.836272060871124,0.885737061500549,0.907655894756317,-1.58488237457508,1.59446406420903,0,1419,422,455,480,458,491,390,458,404,466,351,0.932,13.4,10.1
0.469994872808456,0.483014822006226,1.13739025592804,1.01732575893402,1.06620144844055,1.02172815799713,0.866808354854584,0,0.816293954849243,0.792844414710999,0.87255984544754,0.868578374385834,0.919791162014008,3.7790183634484,17.1613186296834,0,1422,425,458,482,460,493,392,458,408,466,355,1.49,1.01,11.9
0.467412561178207,0.493018954992294,1.15279448032379,1.01282620429993,1.06223678588867,1.00582802295685,0.913323760032654,0.90886390209198,0.807460427284241,0.781102776527405,0.846177756786346,0.865022361278534,0.880337655544281,0.303453835292696,5.03345623111139,0,1424,425,459,483,462,494,393,461,410,468,357,0.673,1.05,13.3
0.463279992341995,0.488411217927933,1.16906559467316,1.00799477100372,1.05378913879395,1.02728343009949,0.860357403755188,0.920666992664337,0.782712697982788,0.792041659355164,0.857315301895142,0.86651748418808,0.929611623287201,1.87499704215857,12.3297575950088,0,1426,427,462,485,463,496,396,463,411,469,357,0.415,0.56,15.7
0.473551720380783,0.496087342500687,1.14271402359009,1.01251578330994,1.04149007797241,1.00500786304474,0.908102750778198,0.883263826370239,0.809708178043366,0.793929576873779,0.882069766521454,0.861301243305206,0,1.82431751194981,5.55532877199772,0,1428,427,463,486,466,497,399,464,413,472,359,1.44,1.43,9.59
0.465071976184845,0.490213721990585,1.132892370224,1.00949132442474,1.05970597267151,1.01957428455353,0.854838728904724,0.912419259548187,0.798550188541412,0.792363405227661,0.85393637418747,0.856519818305969,0,7.54877029375344,11.0712594896809,1,1430,429,465,487,467,499,399,464,415,471,361,1.05,0.682,5.46
0.467483103275299,0.494074404239655,1.12687599658966,1.00246381759644,1.06300234794617,1.00862503051758,0.857969164848328,0.882644653320313,0.827471613883972,0.784384608268738,0.882630348205566,0.861068844795227,0.9329794049263,-2.97986765852423,3.92801459770263,1,1432,428,467,487,469,500,401,466,417,473,361,1.58,1.93,10.7
0.468569457530975,0.484233409166336,1.12083983421326,1.02094614505768,1.06555593013763,1.02485191822052,0.855055153369904,0.898822247982025,0.84354305267334,0.80051600933075,0.871606588363647,0.867618978023529,0,-1.6654850140597,2.04228942880743,1,1434,429,469,487,471,499,403,466,420,474,365,1.06,1.78,18
0.472318977117538,0.487269461154938,1.13014328479767,1.01695716381073,1.05951392650604,1.06829488277435,0.881825804710388,0.851299047470093,0.841519951820374,0.781005084514618,0.885521054267883,0.859321415424347,0,-1.49224243224279,2.79544708373818,1,1436,429,470,487,473,500,404,466,421,474,366,0.776,1.11,24.4
0.466221690177918,0.482692211866379,1.13506722450256,1.03897404670715,1.08058631420136,1.13667249679565,0.846100032329559,0.854316532611847,0.804069757461548,0.790143191814423,0.869088053703308,0.857066512107849,0,2.50209032284829,9.15490931292311,1,1438,429,470,487,472,500,404,466,420,474,367,0.884,1.59,30.5
0.460175812244415,0.48101943731308,1.12615132331848,1.02380418777466,1.05315005779266,1.20465302467346,0.891017615795136,0.932944595813751,0.81780618429184,0.788129866123199,0.864035069942474,0.854417741298676,1.0648148059845,-5.69769790296455,5.87377160641092,1,1440,429,470,488,472,501,403,467,420,475,365,1.09,1.75,29.8
0.463355749845505,0.482935756444931,1.10458397865295,1.05841910839081,1.0652072429657,1.32176280021667,0.854139864444733,0.856406927108765,0.809736311435699,0.785299777984619,0.86410254240036,0.873134315013886,0,-7.69599863700627,12.0522501088134,1,1442,430,470,488,472,500,405,468,420,474,366,1.1,0.876,24.4
0.458491504192352,0.482603132724762,1.12798154354095,1.05285799503326,1.04032683372498,1.32181930541992,0.872004091739655,0.879086971282959,0.84583455324173,0.779339969158173,0.847570836544037,0.865143537521362,0,5.43286423912617,6.88568770514603,1,1445,429,469,488,472,501,404,468,420,475,365,0.99,0.619,23.3
0.462603002786636,0.487422645092011,1.12482142448425,1.04360127449036,1.07322883605957,1.35224092006683,0.852598547935486,0.879258155822754,0.841791033744812,0.79473751783371,0.863378047943115,0.870818853378296,0.932867109775543,1.20541979059489,8.82535566804613,1,1447,430,469,489,471,501,404,468,419,476,365,1.8,1.18,18
0.461967349052429,0.475981861352921,1.10699129104614,1.09053301811218,1.07096147537231,1.47252607345581,0.884615361690521,0.878147006034851,0.809857130050659,0.778234243392944,0.867647051811218,0.86659586429596,0,-0.926062168768104,8.689673426209,1,1449,429,470,488,472,501,403,469,421,475,365,0.998,0.225,10.9
0.45774456858635,0.482802152633667,1.13886201381683,1.12684452533722,1.04627013206482,1.58602261543274,0.870508253574371,0.914648234844208,0.818926692008972,0.795346438884735,0.855291604995728,0.86807644367218,0,2.52497278800429,14.3901656451253,1,1451,431,470,489,472,503,404,470,420,477,364,1.91,0.82,6.08
0.453942060470581,0.478333979845047,1.1202894449234,1.05146420001984,1.07681119441986,1.55095982551575,0.881691217422485,0.88446968793869,0.848895788192749,0.784765124320984,0.872226655483246,0.857091724872589,0.938566565513611,-1.73965561351562,1.9037808912408,1,1453,430,469,488,472,501,404,468,420,475,364,1.15,0.256,4.61
0.462887465953827,0.469805240631104,1.12706124782562,1.21066129207611,1.06604492664337,1.69697260856628,0.848852872848511,0.886930108070374,0.825159907341003,0.78501033782959,0.858255922794342,0.891891896724701,0,201.170216536072,202.029720097359,1,1455,428,469,487,472,499,404,467,420,474,363,37.6,22.4,15
0.461452335119247,0.482249170541763,1.11746549606323,1.05376958847046,1.03219819068909,1.60587430000305,0.875531911849976,0.868312776088715,0.833795011043549,0.778575718402863,0.862426996231079,0.872350037097931,0,3.52461433132719,4.03863954877984,1,1457,428,469,486,471,498,403,465,419,473,363,22.3,12.4,7.82
0.468152463436127,0.476744651794434,1.11972868442535,1.05343997478485,1.07515263557434,1.76894044876099,0.904318928718567,0.888560593128204,0.836158215999603,0.759235858917236,0.846697449684143,0.863349914550781,0.897417485713959,1.33310195962326,1.92429950739029,1,1459,185,375,230,381,261,319,221,324,248,271,29.3,24.9,12.8
0.474088281393051,0.466671913862228,1.16196942329407,1.10653626918793,1.09206354618073,1.48488020896912,0.858753681182861,0.894858002662659,0.792251169681549,0.761515259742737,0.851560771465302,0.858855485916138,0.918021678924561,3.00178396950954,9.66723741898887,1,1461,154,370,205,387,238,326,199,330,222,279,2.7,23.9,26.7
0.45935669541359,0.473725944757462,1.16284835338593,1.20099532604218,1.07687866687775,1.79418480396271,0.875270366668701,0.914423763751984,0.833603441715241,0.751875340938568,0.815736353397369,0.852934300899506,0.892567753791809,-3.57570654900794,4.18076744486515,1,1463,200,389,239,398,269,337,227,344,242,287,3.07,20,37.3
0.460690885782242,0.446596503257751,1.13608181476593,1.07572448253632,1.069575548172,1.83863484859467,0.873724102973938,0.922547340393066,0.829268276691437,0.737447440624237,0.831686913967133,0.895964503288269,0.945437014102936,3.60824456514365,7.43161915104137,1,1466,211,393,267,407,294,343,258,351,278,297,19.6,22.5,55
0.457314938306809,0.46614146232605,1.18238842487335,1.26791369915009,1.07574045658112,1.66905057430267,0.86468517780304,0.913865566253662,0.780727624893189,0.729055345058441,0.856500923633575,0.878130614757538,0.916174292564392,2.62378935285822,7.77902444015766,1,1468,293,410,322,415,344,350,305,360,314,304,0.15,26,66.1
0.452325642108917,0.449425965547562,1.12099313735962,1.0398622751236,1.06856286525726,1.67063915729523,0.848125576972961,0.929824590682983,0.763499259948731,0.764603972434998,0.843454480171204,0.859122514724731,0.889418005943298,1.72006845997402,6.04290808983012,1,1470,404,415,460,418,470,350,435,367,441,312,1.16,25.1,78.9
0.451101303100586,0.458083003759384,1.13198935985565,1.06554102897644,1.05524802207947,1.60955202579498,0.888186573982239,0.8713259100914,0.792703628540039,0.750854432582855,0.851537108421326,0.859539866447449,0.902963697910309,1.94806193401796,7.25692644096583,1,1472,418,426,471,427,482,357,446,375,450,317,0.629,12.5,76.1
0.449133545160294,0.454512059688568,1.13449561595917,1.0744549036026,1.05477917194366,1.81453919410706,0.878389060497284,0.896626770496368,0.795574009418488,0.78793078660965,0.882201731204987,0.851887702941895,0.91971743106842,0.224310871200485,3.03390034942537,1,1474,420,429,475,431,487,364,453,379,458,324,1.64,10.1,70.1
0.441894501447678,0.45295774936676,1.11987280845642,1.04643154144287,1.05720698833466,1.65391957759857,0.879573881626129,0.877971470355988,0.795780837535858,0.774755001068115,0.828798472881317,0.858117461204529,0.84375,-2.88718102542029,7.99849111266659,1,1476,424,431,478,433,491,364,455,380,460,324,2.51,2.75,64.4
0.449520289897919,0.453985035419464,1.11615967750549,1.0395781993866,1.05714428424835,1.80723452568054,0.856164395809174,0.854901969432831,0.765360176563263,0.784749686717987,0.861165344715118,0.859483063220978,0.887844204902649,-3.67071994581224,4.07913577943949,1,1478,420,432,475,433,487,365,452,381,457,325,20.5,13.4,51.2
0,0,0,0,0,0,0,0,0,0,0,0,0,-1.04197377688293,2.63376643419861,1,1480,0,0,0,0,0,0,0,0,0,0,12,22.6,33.6
0,0,0,0,0,0,0,0,0,0,0,0,0,20.7120292528398,22.8096276517578,1,1482,0,0,0,0,0,0,0,0,0,0,8.12,14.6,13.8
0.516799032688141,0.508338391780853,1.16639935970306,0.981941282749176,1.03537499904633,1.82741785049438,0.876341938972473,0.924637675285339,0.828345060348511,0.747102975845337,0.884849786758423,0.863311588764191,0.937785387039185,63.3604244866892,64.9154587154084,1,1484,11.3,272,47.1,293,97,246,57.1,238,96.1,192,6.48,17.9,3.23
0.505351364612579,0.499495536088944,1.16629874706268,1.02566492557526,1.05374217033386,1.77771437168121,0.86556601524353,0,0.869140625,0.755895614624023,0.863350808620453,0.852641582489014,0.891666650772095,-3.90469327826823,4.39664533606867,1,1487,14,274,49.3,299,98.9,252,62.8,245,97,202,5.14,10.5,21
0.500922441482544,0.485012739896774,1.20696628093719,1.00631678104401,1.04743278026581,1.86084473133087,0.951587319374085,0,0,0.76631361246109,0.863688945770264,0.852598190307617,0.934844195842743,12.7098403608241,17.4654156613565,1,1489,35.9,260,78.5,276,131,236,94.7,221,135,180,14.5,0.0842,17
0.50100713968277,0.470521628856659,1.20761525630951,1.03966104984283,1.06507420539856,1.69508600234985,0.919484674930573,0,0.86697781085968,0.78974324464798,0.88362443447113,0.855524063110352,0.920979380607605,-3.70753093642412,4.69528248980008,0,1491,55.4,307,134,352,180,301,150,300,189,259,9.77,13.7,12.7
0.459904819726944,0.469703406095505,1.24630665779114,1.05962753295898,1.07770144939423,1.83413410186768,0.877409398555756,0.902413427829742,0.787934184074402,0.765130698680878,0.879498243331909,0.848139047622681,0.923599302768707,5.90259823714512,10.2695898016196,0,1493,175,370,201,378,242,322,199,321,226,271,1.59,12,11.6
0.454359292984009,0.43955585360527,1.23056328296661,1.08441853523254,1.09152364730835,1.72931599617004,0.868391752243042,0.926186263561249,0.775463819503784,0.766671001911163,0.845931351184845,0.865322291851044,0.923800230026245,0.123996972248126,9.31239888548378,0,1495,225,395,283,417,315,355,279,362,304,312,18.4,6.42,20.8
0,0,0,0,0,0,0,0,0,0,0,0,0,2.58425178947699,2.90278193606858,0,1497,0,0,0,0,0,0,0,0,0,0,21.2,19.8,35.6
0.434313297271729,0.436199843883514,1.20951581001282,1.40947675704956,1.05440509319305,1.58360314369202,0.881751835346222,0.858397960662842,0.824783086776733,0.803675949573517,0.871550261974335,0.843487441539764,0.913110554218292,-2.46242229074978,3.83602549975128,0,1499,432,438,488,442,502,374,472,387,476,335,0.959,23.4,46
0.437667697668076,0.442292243242264,1.21276688575745,1.03208100795746,1.05931830406189,1.61865413188934,0.906326055526733,0.851768910884857,0.778909087181091,0.78227686882019,0.870615303516388,0.865510225296021,0.875531494617462,-5.13106961731218,7.02105481023945,0,1501,432,445,489,446,502,378,469,394,478,338,0.906,24,46.8
0.434089869260788,0.444937348365784,1.21523189544678,1.14421617984772,1.04922449588776,1.53709423542023,0.905872881412506,0.857738077640533,0.75384247303009,0.804281413555145,0.870763957500458,0.872659146785736,0.940264225006104,-0.342045423157817,3.94142658095181,0,1503,432,447,489,450,502,383,470,397,477,342,1.16,12.2,36.5
0.440854012966156,0.441390931606293,1.22616124153137,1.02650582790375,1.05328226089478,1.48021018505096,0.888745129108429,0.867199420928955,0.78082549571991,0.80346941947937,0.867465198040009,0.853912711143494,0.93703705072403,-11.1579817559576,15.5669900708809,0,1505,433,449,490,452,502,384,469,400,477,344,0.931,2.02,35.5
0.44368389248848,0.452114820480347,1.19523572921753,1.02644205093384,1.06162893772125,1.40200555324554,0.889115393161774,0.881713926792145,0.779137551784515,0.795204758644104,0.868095934391022,0.883375406265259,0,-0.786320855639208,6.474599976375,0,1508,431,451,489,454,502,386,467,402,477,346,1.76,0.318,12.1
0.438937306404114,0.445134729146957,1.19248783588409,1.03687560558319,1.05785703659058,1.49788165092468,0.86910492181778,0,0.829019844532013,0.797565042972565,0.841161727905273,0.870605885982513,0.93049567937851,5.91041639949004,12.3457193156384,0,1510,431,454,489,457,501,388,467,404,475,349,1.63,0.667,21.4
0.436657786369324,0.440530478954315,1.18807101249695,1.02040815353394,1.04276013374329,1.37539422512054,0.88853931427002,0.874301671981812,0.808329582214356,0.793297171592712,0.869426727294922,0.866208553314209,0.94853800535202,-2.98367491586271,4.52976356308548,0,1512,430,456,488,459,502,391,467,407,475,351,0.805,1.56,50.8
0.437052071094513,0.43993952870369,1.21066176891327,1.01467561721802,1.05943715572357,1.38072431087494,0.873943150043488,0.862181603908539,0.816106557846069,0.794343769550324,0.849380373954773,0.854198217391968,0.917112290859222,7.04036937666452,7.24677667881061,0,1514,431,458,489,461,502,393,470,408,476,353,0.0454,0.668,68.8
0.435567945241928,0.442608654499054,1.18072187900543,1.01664984226227,1.06258821487427,1.33441519737244,0.894693851470947,0.864492774009705,0.776880204677582,0.784671068191528,0.832261502742767,0.866677045822144,0.913352251052856,-0.876155346908139,1.94628206939562,0,1516,431,458,489,462,502,393,469,410,476,353,1.25,0.938,83.5
0.433864384889603,0.44104677438736,1.17356860637665,1.03064382076263,1.05535960197449,1.35202157497406,0.868522822856903,0.892524659633637,0.790559649467468,0.796860039234161,0.854757308959961,0.874506235122681,0.902811765670776,1.62288576699706,1.73268798944285,0,1518,431,460,489,463,501,394,468,410,475,355,1.26,1.66,95.1
0.430266290903091,0.438086092472076,1.16178965568542,1.02652740478516,1.04956245422363,1.35676884651184,0.89150732755661,0.889824986457825,0.817516505718231,0.77225661277771,0.874426603317261,0.8589768409729,0.91187047958374,-0.865499585443385,0.90662033127314,0,1520,430,462,489,464,501,396,468,413,476,356,0.96,1.64,92.7
0.428529530763626,0.437948942184448,1.15665519237518,1.01495611667633,1.06351220607758,1.32908880710602,0.893355190753937,0.958333313465118,0.810407221317291,0.793554246425629,0.869791686534882,0.863163530826569,0.911324799060822,-5.03759254252471,10.4773308786534,0,1522,430,462,488,465,501,396,467,413,475,357,0.909,1.71,82.9
0.433417975902557,0.437616527080536,1.15028822422028,1.01499915122986,1.04952836036682,1.28337109088898,0.877544820308685,0,0.804095447063446,0.78701913356781,0.867411553859711,0.861784160137177,0,1.05746195124386,4.1605179422338,0,1524,431,463,489,466,501,398,468,414,476,358,1.05,2.08,83
0.430320531129837,0.435885399580002,1.1630722284317,1.02894949913025,1.07040882110596,1.12312972545624,0.852660834789276,0.892716526985168,0.79486346244812,0.802172303199768,0.875938713550568,0.869528353214264,0.924198269844055,-8.57438655893492,14.6106787235117,0,1526,431,464,489,466,501,398,469,414,477,359,0.761,1.65,63.4
0.43222650885582,0.443928122520447,1.1717643737793,1.03036594390869,1.04592597484589,1.25490391254425,0.855464935302734,0.881911277770996,0.837643682956696,0.789330124855042,0.88625955581665,0.87617039680481,0.915120840072632,4.89263403473591,8.86368931165224,0,1529,431,465,489,468,503,400,468,415,477,359,1.26,1.55,48.4
0.427902400493622,0.432603150606155,1.16056025028229,1.01793313026428,1.05752158164978,1.16422414779663,0.825625479221344,0.755319178104401,0.821953594684601,0.810408711433411,0.873364746570587,0.882657766342163,0.893528163433075,5.23525725576679,10.2448184120218,0,1531,431,465,489,468,502,399,468,416,477,360,1.88,0.932,32.3
0.43323478102684,0.433725953102112,1.12517988681793,1.01988542079926,1.04016208648682,1.14615762233734,0.859610557556152,0.885675847530365,0.763255953788757,0.80088222026825,0.897058844566345,0.867623031139374,0,0.013695050960011,6.33636560893534,0,1533,432,466,490,469,502,401,469,417,478,360,1.23,1.02,21.3
0.433651775121689,0.430673688650131,1.15092349052429,1.00573360919952,1.05031776428223,1.17577660083771,0.88864266872406,0,0.786689400672913,0.804989576339722,0.853697776794434,0.868454158306122,0,0.810498176115177,1.36469522449773,0,1535,432,466,490,469,503,401,469,416,477,361,0.96,1.07,13.2
0.43370121717453,0.437642604112625,1.13095235824585,1.00514543056488,1.05028712749481,1.12669515609741,0.925891637802124,0.894238352775574,0.835637509822845,0.816153824329376,0.883613228797913,0.88500964641571,0.924561381340027,1.62681331016362,2.01654807139712,0,1537,432,467,490,470,503,401,470,417,478,362,0.866,1.06,4.74
0.431843370199204,0.431905090808868,1.12689113616943,1.02331304550171,1.06842398643494,1.1138129234314,0.839274168014526,0.891869246959686,0.795958817005158,0.81292861700058,0.862270891666412,0.881212592124939,0,1.35900031301588,1.6224451821796,0,1539,432,468,490,471,503,402,469,420,478,363,1.07,0.353,4.89
0.435480296611786,0.429042875766754,1.1148407459259,1.02431845664978,1.05017137527466,1.1581916809082,0.910356819629669,0.856607794761658,0.789768755435944,0.787166833877564,0.85409677028656,0.874299108982086,0.868217051029205,-3.34634880722717,3.38229753096019,0,1541,431,469,490,472,503,403,470,420,478,362,1.59,2.28,1.41
0.433149546384811,0.42521396279335,1.14588892459869,1.02952206134796,1.06950497627258,1.09676229953766,0.847509801387787,0.880684018135071,0.802304983139038,0.797446668148041,0.884499311447144,0.891761839389801,0.916176497936249,-0.242527653548546,3.06668937073566,0,1543,432,471,491,473,503,406,470,420,478,366,2.39,1.89,2.53
0.430677324533463,0.429834812879562,1.11183452606201,1.01400351524353,1.05742871761322,1.11211085319519,0.910840928554535,0.897456288337708,0.818985283374786,0.797450840473175,0.871079385280609,0.874214291572571,0.91052633523941,-4.81828697764503,4.83800035680638,0,1545,433,471,491,475,504,406,471,423,479,368,1,2.6,1.56
0.432601481676102,0.426863521337509,1.114710688591,1.007199883461,1.06124043464661,1.08227932453156,0.865983784198761,0.868330895900726,0.757457375526428,0.796911597251892,0.849638879299164,0.863443672657013,1.13461542129517,-7.87718856245405,12.6427560584014,0,1547,432,474,491,476,504,408,471,425,479,369,0.598,2.47,0.369
0.431421190500259,0.431156545877457,1.08871674537659,1.01508843898773,1.04393720626831,1.08855700492859,0.875123858451843,0.8833167552948,0.781731903553009,0.791708290576935,0.887059569358826,0.864142537117004,0.969365417957306,6.27044641217815,11.3574862619164,0,1550,432,474,490,477,503,410,470,425,478,370,0.992,0.832,2.99
0.433919966220856,0.427119731903076,1.12402808666229,1.00187706947327,1.0634788274765,1.08968329429626,0.86662220954895,0.881544172763824,0.79458099603653,0.792578101158142,0.852414190769196,0.871923685073853,0,4.72676808631187,12.1239657211347,0,1552,433,476,491,478,504,410,470,426,480,372,1.9,0.999,1.76
0.432928889989853,0.429002672433853,1.09523415565491,1.00956428050995,1.07665479183197,1.0631468296051,0.873795747756958,0.874650239944458,0.802429854869843,0.786997199058533,0.894500553607941,0.866708934307098,0,1.26839071577144,5.67953117396695,0,1554,432,476,490,480,503,412,470,428,479,373,2.11,1.14,2.76
0.435018002986908,0.424622654914856,1.12038862705231,1.00691699981689,1.0689150094986,1.08558285236359,0.848803460597992,0.886910974979401,0.745351016521454,0.786927759647369,0.85245418548584,0.860994637012482,0.899441361427307,136.148368728152,136.53789558537,0,1556,432,478,491,480,504,412,470,427,478,375,22.9,14.5,5.97
0.429825097322464,0.433791130781174,1.08191192150116,1.02355182170868,1.0381087064743,1.07112288475037,0.902470767498016,0.889975547790527,0.803228735923767,0.802910208702087,0.89010214805603,0.874876260757446,0,-1.35897196761886,10.0712140048235,0,1558,431,479,486,479,497,410,463,426,470,370,22.4,12.4,6.15
0.454665035009384,0.432826906442642,1.03390622138977,1.02495408058167,0,1.09853756427765,0.861815512180328,0,0.786078870296478,0.758127987384796,0.859322011470795,0.871745944023132,0.925590395927429,11.7762470513682,13.4389959771667,0,1560,218,412,274,423,300,376,268,370,0,0,3.6,25.8,11.8
0.453422963619232,0.448481559753418,1.13363897800446,1.00796258449554,1.05414998531342,1.04038429260254,0.864217758178711,0.878048777580261,0.80842912197113,0.778877794742584,0.835899889469147,0.866237342357636,0.944991767406464,6.51375065729798,8.64650075940684,0,1562,167,400,233,420,260,358,224,365,250,317,21.6,12.2,17.6
0.514091849327087,0.44693386554718,1.1411190032959,0.98936265707016,1.07190072536469,1.01058304309845,0.868364036083221,0.875,0.773205280303955,0.768974184989929,0.852359235286713,0.902332365512848,0.876394033432007,-9.64592663929659,9.68400176354696,0,1564,338,437,303,438,324,374,283,384,293,331,22.7,16.4,24.5
0.427085280418396,0.440196216106415,1.12091422080994,0.994710147380829,1.07541310787201,1.02985072135925,0.898607492446899,0.896072268486023,0.802738428115845,0.795779049396515,0.867577195167542,0.883557558059692,0.957841455936432,-4.31139234478695,5.57821766459103,0,1566,419,454,479,459,489,392,457,408,463,355,2.07,13.8,36.9
0.439316183328629,0.437694281339645,1.11453402042389,0.994568049907684,1.06533324718475,1.0069899559021,0.861087501049042,0.902985095977783,0.800970852375031,0.791787326335907,0.853306591510773,0.855342090129852,0,-1.75082024264748,8.18352588976212,0,1568,425,465,483,466,494,399,460,415,467,361,3.18,24.7,43.5
0.433844417333603,0.438050866127014,1.11484456062317,1.01023054122925,1.04856312274933,1.02013039588928,0.912318229675293,0.942004501819611,0.832500636577606,0.79840886592865,0.869581043720245,0.883578538894653,0,-3.29611586462196,9.67477753613566,0,1570,427,466,485,470,497,402,464,420,471,366,0.271,12.3,44.7
0.435430109500885,0.433590322732925,1.11658763885498,1.01791799068451,1.08452963829041,1.03544437885284,0.861673057079315,0.875490725040436,0.791587591171265,0.787715375423431,0.85865592956543,0.867419123649597,0.876595735549927,12.0200465450144,15.5083999722096,0,1573,429,471,486,473,498,405,465,422,472,368,2.82,0.917,44.1
0.435491442680359,0.431195139884949,1.10801565647125,0.995124280452728,1.06571018695831,1,0.883698463439941,0.903999984264374,0.762711882591248,0.783835172653198,0.877341389656067,0.874724924564362,0,6.73009932327652,8.38317892304429,0,1575,430,473,488,477,500,410,468,425,475,373,1.57,1.85,36.1
0.443359822034836,0.42806002497673,1.09733736515045,1.0010792016983,1.06928110122681,1.02219653129578,0.840806066989899,0.891639411449432,0.764287829399109,0.790801346302033,0.877103924751282,0.870579361915588,0.915903866291046,-0.186575844497176,5.16998395853334,0,1577,429,477,488,479,500,412,466,428,474,375,1.94,1.22,31.2
0.429664880037308,0.43415179848671,1.09085917472839,0.997035622596741,1.06593406200409,1.03268957138062,0.868014693260193,0.861799240112305,0.759741842746735,0.775181829929352,0.868257880210876,0.865664541721344,0.912909209728241,3.33467478301616,3.45745703156062,0,1579,428,478,487,480,499,413,466,429,474,374,1.66,1.95,12.4
0.435237109661102,0.429422974586487,1.0978809595108,0.987432658672333,1.07730996608734,1.02049899101257,0.834742069244385,0.900651454925537,0.786698639392853,0.782887101173401,0.859174013137817,0.851468741893768,0,1.79045758250339,2.99634308164627,0,1581,430,479,488,481,499,414,467,430,475,375,0.639,0.772,3.57
0.441104352474213,0.431747078895569,1.09639585018158,0.989552021026611,1.06380295753479,1.00370979309082,0.894291758537293,0.88334459066391,0.774570047855377,0.767117857933044,0.847712218761444,0.876237332820892,0.941176474094391,-5.34435608009341,5.53212312896923,0,1583,429,478,488,481,499,413,467,429,475,375,0.653,1.57,11.6
0.43904584646225,0.431121975183487,1.10792529582977,0.995183944702148,1.05795609951019,1.01614034175873,0.856540083885193,0.922251999378204,0.754757463932037,0.774614751338959,0.846518993377686,0.863526284694672,0,0.711919605173933,5.77708946990048,0,1585,429,478,488,481,500,414,468,428,474,375,1.54,2.31,30.1
0.432615220546722,0.434117376804352,1.10155248641968,1.00672733783722,1.06484150886536,1.00084185600281,0.885419845581055,0.860227286815643,0.766903102397919,0.775788307189941,0.877820014953613,0.887417852878571,0,1.7597115481167,3.63894436187438,0,1587,429,479,488,481,500,414,467,430,475,377,0.938,2.08,37.7
0.433814585208893,0.428353667259216,1.10532927513123,1.01729023456573,1.07067251205444,0.997331023216248,0.874558985233307,0.872340440750122,0.764109492301941,0.7852703332901,0.890520691871643,0.865814328193665,0,-6.09723841410999,13.0167401507018,0,1589,430,480,488,482,499,416,467,430,475,377,0.729,2.41,42.1
0.433015257120132,0.431089252233505,1.093017578125,0.997047305107117,1.07108545303345,1.00158059597015,0.874741494655609,0.913875579833984,0.795371830463409,0.788425803184509,0.859846413135529,0.88107705116272,0.900739848613739,0.989623352061424,3.21701673956711,0,1591,430,481,489,484,501,416,469,432,476,379,1,1.68,47.8
0.439035952091217,0.435377806425095,1.07891273498535,0.99729186296463,1.07424139976501,1.00542390346527,0.852137088775635,0.870554745197296,0.791443824768066,0.771157503128052,0.872659146785736,0.864255368709564,0,2.57677564471376,13.7776276050032,0,1594,431,482,490,484,501,417,469,433,476,379,1.47,0.571,41.6
0.433046907186508,0.425700575113297,1.07093048095703,1.01480376720428,1.07375574111938,0.996007561683655,0.896797180175781,0.899905562400818,0.768477737903595,0.776400446891785,0.844222962856293,0.876529932022095,0.908302366733551,-1.20559637442884,4.70377603745284,0,1596,431,482,489,485,501,417,469,433,477,380,1.02,1.62,35.8
0.431937724351883,0.430986881256104,1.07609808444977,1.00824248790741,1.06532394886017,0.987862825393677,0.858852326869965,0.898297309875488,0.737496197223663,0.762596130371094,0.851975679397583,0.85425591468811,0,5.39514577016375,12.8150224653472,0,1598,431,483,490,485,501,418,470,432,478,379,0.737,0.846,21.4
0.426506906747818,0.427487105131149,1.06955897808075,0.986422479152679,1.07293748855591,0.993005096912384,0.885470747947693,0.863126814365387,0.784766793251038,0.763522088527679,0.861799955368042,0.876315474510193,0.937972784042358,0.104974511940149,1.40297465154398,0,1600,431,483,490,486,501,419,468,434,477,380,0.902,1.44,15.2
0.428261429071426,0.431792438030243,1.08821296691895,1.01444733142853,1.07354032993317,0.973413467407227,0.87493759393692,0.87358021736145,0.790675818920136,0.77589613199234,0.858883261680603,0.848107933998108,0,11.7366476898643,13.1411568934789,0,1602,431,484,490,486,503,419,470,434,478,383,1.41,1.75,10.2
0.425117909908295,0.42493799328804,1.06686162948608,1.01325261592865,1.05515885353088,0.992402195930481,0.876712322235107,0.893162369728088,0.810442447662354,0.773081839084625,0.859795033931732,0.846385896205902,0,3.93143630721697,4.03368041235785,0,1604,432,484,490,487,502,419,469,434,478,383,0.998,2.16,6.46
0.427025735378265,0.430769741535187,1.08056640625,0.983224630355835,1.05561232566834,0.975353181362152,0.880194664001465,0.909371137619019,0.757082581520081,0.787390828132629,0.870333433151245,0.860063374042511,0,2.30620078022912,10.9777810575763,0,1606,432,485,491,487,502,420,469,435,478,382,1.11,2,5.39
0.425077646970749,0.433897614479065,1.06668877601624,0.996928691864014,1.05691623687744,0.982412099838257,0.867635190486908,0.98805969953537,0.756978631019592,0.771700441837311,0.865476548671722,0.860050439834595,0.911045551300049,-2.52323008162914,3.5930876764402,0,1608,432,484,491,487,503,419,471,436,479,382,1.02,2.74,3.38
0.425957560539246,0.42674919962883,1.08775961399078,1.02327680587769,1.04248142242432,0.96918511390686,0.839290499687195,0.885375499725342,0.780937016010284,0.773962080478668,0.866350471973419,0.860870897769928,0,-8.07228668703885,12.0067858149391,1,1610,432,484,492,486,503,419,470,435,479,383,1.72,2.19,1.81
0.430869817733765,0.433222681283951,1.07277226448059,1.01043319702148,1.06171452999115,0.973262548446655,0.905918061733246,0,0.808118939399719,0.783356368541718,0.870384693145752,0.862087607383728,0.932816565036774,-3.09082042578658,5.88061328515232,1,1612,432,484,491,487,503,420,469,435,479,383,0.823,1.77,1.95
0.43441653251648,0.431047052145004,1.06811892986298,1.00144386291504,1.05453896522522,0.992027759552002,0.881987571716309,0.886792480945587,0.760772287845612,0.785609543323517,0.869308114051819,0.874406039714813,0,4.98108984099415,9.29109196620104,1,1615,432,485,491,487,503,420,470,436,479,383,2.24,1.33,2.19
0.433610200881958,0.43472808599472,1.07469511032105,1.01712238788605,1.06183791160584,1.08205020427704,0.9087193608284,0.812260508537293,0.79853218793869,0.768079280853272,0.866030395030975,0.85694944858551,0,4.02038409249284,6.36519611472043,1,1617,431,485,490,488,501,421,469,437,478,384,1.43,1.21,3.9
0.439483135938644,0.435199439525604,1.09111380577087,1.01902520656586,1.05884289741516,1.16791045665741,0.879260778427124,0.870764374732971,0.751737236976624,0.774126946926117,0.88782662153244,0.874642431735992,0.866028726100922,3.31707906303236,12.0807029903129,1,1619,431,487,491,489,501,422,470,438,478,385,0.827,1.2,4.16
0.439095288515091,0.438080877065659,1.07534754276276,1.02749371528625,1.06834709644318,1.20916962623596,0.89080148935318,0.898433566093445,0.798825263977051,0.784490764141083,0.865914762020111,0.878251016139984,0.8962322473526,2.58565201986906,10.8434601976224,1,1621,432,486,491,488,503,421,470,438,479,384,0.959,0.868,3.25
0.442350119352341,0.437019973993301,1.08223700523376,1.03425908088684,1.04920506477356,1.22625803947449,0.876183807849884,0.843530058860779,0.78059858083725,0.779059588909149,0.903057217597961,0.868502795696259,0.902329087257385,1.61582515333848,2.46053061578213,1,1623,431,485,491,488,503,420,470,437,478,384,1.1,3.4,2.56
0.438445746898651,0.434707581996918,1.06333959102631,1.0115784406662,1.06447219848633,1.32727479934692,0.8757683634758,0.920828282833099,0.784523010253906,0.790642023086548,0.877646327018738,0.858099043369293,1.02678573131561,1.71578183455122,2.72651417330075,1,1625,432,486,491,489,504,422,470,438,479,385,1.33,2.46,1.97
0.44409191608429,0.440477699041367,1.09205067157745,1.02472400665283,1.04825258255005,1.4186282157898,0.866952776908875,0.868156909942627,0.752432763576508,0.792125761508942,0.880017280578613,0.873903512954712,0.920679867267609,2.94673629977791,2.99597511047133,1,1627,432,485,492,487,504,420,471,437,480,384,1.36,2.47,4.04
0.436771482229233,0.441623836755753,1.07213592529297,1.09705364704132,1.05143642425537,1.47754216194153,0.887328147888184,0.910900950431824,0.778189420700073,0.799741983413696,0.87770140171051,0.864286363124847,0,-1.94288169494929,4.13471629943762,1,1629,432,486,491,488,503,421,471,439,479,385,1.8,2.7,2.49
0.442501336336136,0.432807922363281,1.06676506996155,1.09048306941986,1.05136954784393,1.50845348834991,0.842214524745941,0.882451236248016,0.768574893474579,0.781210780143738,0.843122124671936,0.852239072322845,0,-6.79718910741856,13.6550636415617,1,1631,432,486,491,488,504,421,471,438,479,384,1.21,0.984,2.58
0.442038208246231,0.436741650104523,1.06660592556,1.10408127307892,1.05056810379028,1.50391316413879,0.886991202831268,0.901840507984161,0.790307104587555,0.786483943462372,0.877297818660736,0.860629618167877,0.924778759479523,-1.46168303344317,10.9744854055707,1,1633,432,485,491,488,503,421,472,438,479,385,0.95,0.616,3.71
0.44479238986969,0.434682071208954,1.08974492549896,1.06506502628326,1.06556332111359,1.60777676105499,0.882204711437225,0,0.75687712430954,0.785991132259369,0.885322868824005,0.884066700935364,0.906740546226501,8.93298899933778,14.1354562735587,1,1636,432,486,491,488,503,421,471,437,479,384,1.18,1.11,5.63
0.443749785423279,0.440643310546875,1.07629704475403,1.07003557682037,1.08334636688232,1.71836924552917,0.913549959659576,0.882102251052856,0.794010698795319,0.792660117149353,0.890822231769562,0.883977890014648,0,2.55838022734991,4.14418324707881,1,1638,431,486,491,489,503,421,470,439,478,384,0.851,1.7,2.84
0.449255496263504,0.432202339172363,1.07182836532593,1.16080117225647,1.06039476394653,1.65544319152832,0.851851880550385,0.917711198329926,0.79429429769516,0.790201723575592,0.87768816947937,0.87588107585907,0.927584588527679,7.05815366441415,11.64200573903,1,1640,432,486,491,488,503,421,472,438,479,384,1.51,1.04,3.46
0.446708351373673,0.445260524749756,1.08057343959808,1.07897686958313,1.06918275356293,1.5981342792511,0.881058573722839,0.863342583179474,0.793681502342224,0.795371115207672,0.879524707794189,0.875170469284058,0.954864144325256,135.237811318176,136.392736573642,1,1642,432,486,491,489,503,421,469,438,478,384,23.5,14.2,8.77
0.450934559106827,0.440898180007935,1.09733510017395,1.08100128173828,1.06514692306519,1.63348817825317,0.847524046897888,0.907172977924347,0.766435503959656,0.787693202495575,0.878386318683624,0.867983639240265,0,6.86842507622452,8.71464150559562,1,1644,431,487,491,489,503,422,471,438,478,385,19.7,11.2,9.2
0.509555578231812,0.459104090929031,1.11375761032105,1.02190279960632,1.08173799514771,1.73544502258301,0.887676537036896,0.82407408952713,0.82233190536499,0.803440570831299,0.882156729698181,0.89144104719162,0,-9.6896325691228,18.2072388823472,1,1646,175,395,218,416,244,354,206,363,224,313,4.22,23.3,13.1
0.464638143777847,0.451806038618088,1.13645589351654,1.12484049797058,1.0663161277771,1.81798458099365,0.905791163444519,0.877750635147095,0.76031893491745,0.762791633605957,0.860745906829834,0.885554313659668,0.902649581432343,-0.222997332216475,2.14125062299311,1,1648,199,419,237,427,264,365,223,374,236,320,19.8,13.6,20.7
0.435331284999847,0.443756937980652,1.16438353061676,1.12899947166443,1.06075501441956,1.73635697364807,0.870305955410004,0.849056601524353,0.757225453853607,0.776749491691589,0.863526582717896,0.884441494941711,0,-4.94495878649256,7.96542861994851,1,1650,405,447,466,449,476,382,443,401,448,348,20.8,14.9,27.1
0.444393128156662,0.440337151288986,1.13582062721252,1.06197643280029,1.06405198574066,1.77399241924286,0.888888895511627,0.898188650608063,0.759259283542633,0.778225064277649,0.872397601604462,0.879863142967224,0.927004218101501,-4.18742342527368,9.39297868193333,1,1652,419,461,476,460,486,393,452,410,458,356,1.59,11,37.7
0.447414010763168,0.440298348665237,1.11063575744629,1.1023063659668,1.05675446987152,1.86436426639557,0.899886250495911,0.884105980396271,0.784419178962708,0.781088054180145,0.883143067359924,0.872670829296112,0.955621302127838,-1.83838643206843,10.371750531929,1,1654,422,467,481,470,492,402,460,420,466,367,0.633,22.7,47
0.448775321245194,0.437561005353928,1.14896154403687,1.51471972465515,1.0912389755249,1.67601454257965,0.89732962846756,0.877821564674377,0.781330287456512,0.793307483196259,0.890053927898407,0.858810424804688,0,6.35755264462189,9.19566529713959,1,1657,427,472,485,473,497,406,465,422,470,370,0.506,12.4,52
0.446771830320358,0.439748466014862,1.11382722854614,1.19673418998718,1.077681183815,1.84580397605896,0.874044537544251,0.901094079017639,0.762835562229157,0.792842924594879,0.897165238857269,0.879182398319244,0.912461996078491,3.40415656048492,4.97013268468524,1,1659,426,473,485,475,496,407,465,425,471,370,0.403,1.97,45.4
0.4480319917202,0.435241729021072,1.14947998523712,1.19414508342743,1.07609331607819,1.94129037857056,0.849074363708496,0.903703689575195,0.786341965198517,0.804688215255737,0.886342525482178,0.867823243141174,0,6.9567325604151,8.22050326091055,1,1661,428,473,486,474,498,408,466,425,472,372,0.626,1.1,37.1
0.446787476539612,0.438493520021439,1.12541651725769,1.11329114437103,1.07076776027679,1.88242948055267,0.880153000354767,0.883312404155731,0.721476495265961,0.790869534015656,0.84049928188324,0.862245857715607,0,-0.49412055007806,1.41355388291253,1,1663,428,473,486,476,499,408,465,426,473,372,0.976,1.97,34.4
0.446200877428055,0.432598978281021,1.12604677677155,1.24306225776672,1.06454491615295,1.91005063056946,0.849928557872772,0.877333343029022,0.802742838859558,0.789782524108887,0.878181278705597,0.877183496952057,0,-1.87236164564956,2.42876256105096,1,1665,428,473,487,475,499,408,466,425,473,373,1.61,1.05,13.4
0.443113923072815,0.435097247362137,1.11289739608765,1.06406617164612,1.0591402053833,1.79694473743439,0.898734152317047,0.875793278217316,0.785073220729828,0.780435025691986,0.895782291889191,0.871073842048645,0,-0.791394819394701,2.67264542804046,1,1667,429,474,487,476,500,408,465,427,474,372,1.41,0.981,4.79
0.447396904230118,0.426021665334702,1.14202678203583,1.12332046031952,1.08028101921082,1.88608467578888,0.850720942020416,0.870925664901733,0.756538569927216,0.79835832118988,0.864585697650909,0.868021786212921,0.927055716514587,-0.966640890636253,1.30141812567322,1,1669,429,474,487,476,500,409,467,427,474,373,1.26,2.45,9.76
0.444829136133194,0.44223827123642,1.12730264663696,1.10760402679443,1.05755400657654,1.72750723361969,0.908184826374054,0.955882370471954,0.767325580120087,0.789649069309235,0.890260338783264,0.890194952487946,0,-2.08419199092998,2.44131455876527,0,1671,428,475,487,477,500,409,466,426,474,372,1.58,1.84,31
0.442764490842819,0.429933398962021,1.13070607185364,1.19168043136597,1.08195877075195,1.75000643730164,0.862959861755371,0.897362411022186,0.787983953952789,0.792192339897156,0.886069774627686,0.866908967494965,0,-3.20438929075197,15.7591526655416,0,1673,429,484,487,482,499,415,467,432,473,377,0.913,2.4,38.7
0.442922294139862,0.423779040575027,1.06666314601898,1.10065305233002,1.06900298595428,1.7573117017746,0.886318922042847,0.912689805030823,0.759300291538239,0.790286958217621,0.878070950508118,0.88040965795517,0.941626787185669,-0.057431859497249,5.64688756716293,0,1675,430,488,488,492,500,424,468,442,475,387,0.549,1.99,42.2
0.444735795259476,0.423978567123413,1.09144330024719,1.16099667549133,1.05851411819458,1.881840467453,0.856630802154541,0.882411539554596,0.771259546279907,0.792885839939117,0.871636092662811,0.875968515872955,1.01904761791229,2.77683307593123,7.63181389427372,0,1678,430,493,489,495,501,428,470,444,476,390,1.17,1.19,43.6
0.443553179502487,0.427784025669098,1.08410251140594,1.06148409843445,1.05851721763611,1.82748711109161,0.895218729972839,0.86319375038147,0.793388426303864,0.791710674762726,0.868714213371277,0.87382572889328,0.876033067703247,0.687439057707499,4.78243602310805,0,1680,430,494,490,497,501,430,470,448,477,394,0.765,1.07,45.6
0.442485332489014,0.419371515512466,1.07589960098267,1.04693686962128,1.07543623447418,1.71238613128662,0.873759627342224,0.912078142166138,0.751715660095215,0.778926312923431,0.86474335193634,0.877239942550659,0.935008645057678,6.23827752979054,10.1076724059503,0,1682,431,495,490,498,503,430,470,447,478,394,0.544,1.1,40.2
0.444008082151413,0.425244867801666,1.07634449005127,1.03111135959625,1.0536630153656,1.65983247756958,0.89667671918869,0.869270861148834,0.783998250961304,0.798938870429993,0.861931622028351,0.879029989242554,0,-1.06133813265315,3.26097275011513,0,1684,431,496,491,498,503,432,471,449,479,394,1.4,1.62,26.5
0.439744681119919,0.427132576704025,1.08617579936981,1.09680998325348,1.06008744239807,1.60247492790222,0.858993232250214,0.87922328710556,0.77404510974884,0.784271001815796,0.878444075584412,0.881917357444763,0.969078183174133,-4.72434978259109,5.04328896511649,0,1686,432,496,491,498,504,432,472,448,479,395,0.666,1.09,22.3
0.441869378089905,0.425478339195251,1.059290766716,1.04097330570221,1.05644905567169,1.42136907577515,0.898718476295471,0.868663609027863,0.793685913085938,0.784711003303528,0.880246937274933,0.884491562843323,0,2.15284436852373,3.44462853201134,0,1688,432,496,491,499,503,432,471,448,480,395,1.18,1.85,16.6
0.444270431995392,0.423756450414658,1.07165551185608,1.03952264785767,1.06742823123932,1.41532063484192,0.866983354091644,0.875454545021057,0.754645884037018,0.78950160741806,0.880989670753479,0.88992565870285,0.93179315328598,-5.54368702772584,7.64881505759262,0,1690,432,496,492,499,504,432,471,448,479,395,0.889,1.24,8.96
0.440043210983276,0.427873611450195,1.04772746562958,1.04389631748199,1.07536232471466,1.46789741516113,0.901809453964233,0.882165610790253,0.782479405403137,0.794113636016846,0.858289361000061,0.879719495773315,1,-3.19429816689935,3.35075014308332,0,1692,436,495,494,498,506,431,473,448,481,395,1.89,2.14,10.3
0.442446231842041,0.425628185272217,1.08592748641968,1.10315108299255,1.05567348003387,1.5058308839798,0.849522292613983,0.861783802509308,0.746700346469879,0.780790865421295,0.852097928524017,0.881091117858887,0.949884355068207,-7.97657205870352,16.5255238758287,0,1694,433,497,492,499,504,433,473,448,480,396,1.59,2.42,2.41
0.442246288061142,0.422076851129532,1.04975640773773,1.03911077976227,1.08940494060516,1.39032554626465,0.863086879253387,0.908266663551331,0.782360672950745,0.778466582298279,0.87328177690506,0.882118225097656,0.922020196914673,-2.05876218801543,2.51095486176435,0,1696,432,497,493,499,505,432,473,448,480,396,0.818,1.14,1.71
0.443901687860489,0.425598412752152,1.08061587810516,1.02410042285919,1.07039356231689,1.29033148288727,0.854137420654297,0.890810251235962,0.76728230714798,0.78806746006012,0.864507138729095,0.894235134124756,0.91031938791275,9.49899329403073,12.1942663464574,0,1699,433,497,493,499,505,433,473,448,481,396,1.64,1.01,1.88
0.441654413938522,0.433146268129349,1.07150495052338,1.02793860435486,1.06140351295471,1.38658845424652,0.89171975851059,0.872935771942139,0.783709049224854,0.791093826293945,0.943425893783569,0.894597351551056,0.949275374412537,-0.624983484921144,1.69341452034795,0,1701,433,498,493,500,506,434,471,449,481,397,1.58,0.911,3.64
0.444163769483566,0.429145008325577,1.06930339336395,1.00318777561188,1.0554119348526,1.45779132843018,0.866318762302399,0.858748018741608,0.764636158943176,0.794086575508118,0.860438704490662,0.892789840698242,0.870967745780945,4.11702249489535,6.6170676278532,0,1703,433,498,493,500,505,434,472,450,480,397,0.947,1.56,0.822
0.440467327833176,0.429641038179398,1.03792083263397,1.01256918907166,1.06166052818298,1.33333337306976,0.877283930778503,0.864089787006378,0.77059805393219,0.78390371799469,0.839294493198395,0.870043218135834,0.893631935119629,0.209862033973548,2.16918745687705,0,1705,433,498,493,500,506,433,472,450,480,397,1.02,2.27,3.12
0.446512550115585,0.425386875867844,1.04869544506073,1.02989459037781,1.05988276004791,1.32621395587921,0.855587124824524,0.922376871109009,0.75018846988678,0.784318327903748,0.868469297885895,0.901676058769226,0.870901644229889,2.31909720286918,5.60196050508173,0,1707,432,499,492,501,504,435,471,450,480,398,0.782,0.716,1.39
0.442739874124527,0.425973564386368,1.05494451522827,1.04416799545288,1.06340062618256,1.19551587104797,0.895967483520508,0.903939783573151,0.76161652803421,0.790910005569458,0.86527544260025,0.882185697555542,0,3.25889835217797,3.27085438405658,0,1709,433,499,492,502,506,435,473,451,480,398,1.17,1.51,2.7
0.442716032266617,0.427871018648148,1.07897210121155,1.028404712677,1.07183659076691,1.34956324100494,0.854392290115356,0.891958236694336,0.735453307628632,0.779173076152802,0.862275421619415,0.880701124668121,0.953604996204376,-7.70346068545879,9.79036888752229,0,1711,433,499,493,502,504,435,472,452,481,398,1.75,1.8,1.65
0.438747018575668,0.43169105052948,1.05570602416992,1.00815629959106,1.06711137294769,1.2569272518158,0.889830529689789,0.863761484622955,0.764034271240234,0.775139570236206,0.872192084789276,0.885664999485016,0.885474860668182,-2.44560363549921,4.37888011561874,0,1713,433,499,493,501,506,435,472,451,481,398,1.05,1.85,2.3
0.438256651163101,0.430499970912933,1.05875658988953,1.01167464256287,1.06020569801331,1.21093356609344,0.849428236484528,0.883340179920197,0.736714959144592,0.780760288238525,0.863272309303284,0.897172212600708,0.924415469169617,-4.31584579773168,9.41790929487229,0,1715,433,499,493,501,504,435,473,449,482,398,0.944,1.64,1.16
0.4393470287323,0.429682403802872,1.05667471885681,1.0047333240509,1.05550026893616,1.18347096443176,0.897459149360657,0.890360176563263,0.766068756580353,0.782817780971527,0.857257425785065,0.863972842693329,0,-2.52602113626053,6.01918175550179,0,1717,433,499,493,501,506,435,472,450,481,398,0.4,1.63,0.462
0.441726833581924,0.427432805299759,1.0744856595993,1.00152266025543,1.07520771026611,1.10965812206268,0.862504482269287,0.880017280578613,0.720110595226288,0.780753374099731,0.867530405521393,0.88254976272583,0,-10.4710204679691,20.0148035901772,0,1719,434,498,494,500,507,434,474,450,482,397,2,0.874,0.34
0.444359213113785,0.432927817106247,1.0506979227066,0.995045602321625,1.05644249916077,1.12513673305511,0.910838067531586,0.890149235725403,0.788389503955841,0.780693411827087,0.891743719577789,0.898256361484528,0.907139301300049,3.15349663717414,7.49403466578108,0,1722,433,498,493,501,506,435,473,451,482,399,1.52,0.808,2.96
0.444525599479675,0.426004648208618,1.05921912193298,0.99983549118042,1.06863522529602,1.15516817569733,0.842575371265411,0.864864885807037,0.763909757137299,0.785619020462036,0.893522143363953,0.903003096580505,0.948489010334015,1.31318323846709,3.54892529833172,0,1724,434,499,494,501,506,436,473,450,481,398,1.21,1.41,3.15
0.441403657197952,0.432711720466614,1.04652416706085,0.997722983360291,1.06820356845856,1.11887896060944,0.892822504043579,0.869747877120972,0.76107382774353,0.779314875602722,0.879287779331207,0.881544172763824,0.911246180534363,1.11845558192434,1.12190041216096,0,1726,434,498,494,500,506,435,473,450,482,399,3.39,1.9,3.46
0.437001645565033,0.426126569509506,1.0352041721344,1.02273595333099,1.05139303207397,1.10884118080139,0.834874927997589,0.873823761940002,0.736284911632538,0.773077726364136,0.859411299228668,0.871545016765595,0.941747546195984,-1.25707629017643,4.78264557333472,0,1728,434,499,494,501,506,435,475,450,482,398,0.365,1.15,4.47
0.442043244838715,0.425937741994858,1.02958583831787,1.00047433376312,1.07447361946106,1.1224672794342,0.907507240772247,0.871143400669098,0.783431708812714,0.782036483287811,0.840158522129059,0.874857544898987,0.909742951393127,-2.10819187499082,3.61807044487332,0,1730,433,498,493,501,506,435,473,451,482,399,0.945,2.2,4.36
0.447416067123413,0.431269705295563,1.06027781963348,1.00901758670807,1.0705258846283,1.13139510154724,0.824989676475525,0.874281585216522,0.741139531135559,0.779460370540619,0.880443155765533,0.896996855735779,0.932182490825653,-4.45421607483667,10.9860915113133,0,1732,435,499,494,502,506,436,474,451,483,399,2,1.73,4.98
0.443216472864151,0.433758646249771,1.04689502716064,1.00481152534485,1.07325601577759,1.08990514278412,0.88668555021286,0.908111989498138,0.783626914024353,0.782223641872406,0.859943985939026,0.893980920314789,0.897648692131043,-1.62789296704527,3.42885838798942,0,1734,434,499,495,501,507,436,473,450,483,398,0.922,1.35,4.03
0.44064012169838,0.424903303384781,1.04464280605316,1.00656175613403,1.0593169927597,1.07820117473602,0.83793967962265,0.869734287261963,0.756485819816589,0.779251337051392,0.852941155433655,0.878652572631836,0.929763972759247,-2.36590575078269,13.516700044251,0,1736,434,498,494,501,506,435,473,451,482,399,0.618,2.18,4.18
0.442765593528748,0.428394734859467,1.03604435920715,0.999880790710449,1.05157625675201,1.04744672775269,0.871000349521637,0.88496732711792,0.75767982006073,0.798238396644592,0.852135360240936,0.862826645374298,0.929824590682983,-6.07515552680656,8.13679986162194,0,1738,434,500,494,502,507,436,472,451,481,399,0.866,2.42,2.5
0.446656435728073,0.425236999988556,1.05857336521149,1.00161755084991,1.04526913166046,1.04506027698517,0.853134095668793,0.89527815580368,0.766202569007874,0.776120603084564,0.862515687942505,0.898752748966217,0.905189633369446,-9.27859122609453,16.6742865702063,0,1740,433,499,493,500,506,435,472,451,481,400,1.21,1.37,2
0.440689414739609,0.426215469837189,1.02233183383942,0.984162747859955,1.06216299533844,1.04150295257568,0.894205451011658,0.884256958961487,0.780247390270233,0.789284944534302,0.86693799495697,0.896998167037964,0.938080489635468,0.186307500440508,3.70179564689273,0,1743,434,499,494,500,506,435,472,450,481,399,1.21,0.97,1.96
0.440876632928848,0.423785507678986,1.01498961448669,0.997335016727448,1.06298959255219,1.05481934547424,0.850902497768402,0.879157423973084,0.736869871616364,0.788982808589935,0.877311527729034,0.859124004840851,0,1.67834858411254,3.70019351307141,0,1745,434,499,493,501,505,435,473,452,481,399,1.5,1.3,1.92
0.446329861879349,0.428804755210876,1.02189576625824,1.00412511825562,1.0360392332077,1.03753912448883,0.906854152679443,0.899516403675079,0.794070661067963,0.788442552089691,0.868630588054657,0.891175448894501,0.911716163158417,-1.08926354207978,3.54360262686047,0,1747,434,500,494,502,505,436,472,452,481,401,0.728,1.98,2.49
0.444096833467484,0.423734813928604,1.03844749927521,1.00099241733551,1.04860854148865,1.00524199008942,0.843268036842346,0.896573603153229,0.733318686485291,0.776544988155365,0.851296067237854,0.874639630317688,0,0.149202977528848,2.7897319210213,0,1749,434,500,494,502,506,437,473,452,482,400,0.965,1.14,1.3
0.440366983413696,0.425167620182037,1.01044285297394,0.993758976459503,1.05849182605743,1.01377022266388,0.900177478790283,0.89919650554657,0.789704263210297,0.784657061100006,0.847228109836578,0.882825016975403,0.891050577163696,-2.48168677482881,2.98174571393739,0,1751,434,499,494,501,507,436,473,451,481,400,0.558,1.03,1.91
0.441592216491699,0.424827724695206,1.03662359714508,1.00859200954437,1.05409836769104,0.997210741043091,0.854304611682892,0.927108943462372,0.746253967285156,0.793202579021454,0.901341736316681,0.888702511787415,0.893135726451874,-0.354104654121624,2.84710299842262,0,1753,435,499,494,501,507,435,473,451,482,399,0.808,1.21,1.98
0.439592063426971,0.435404241085053,1.02248775959015,1.00232601165771,1.06656575202942,0.991374492645264,0.873358368873596,0.876255691051483,0.770318031311035,0.781988918781281,0.871408224105835,0.862821340560913,0,-2.02298396845246,4.10800357746282,0,1755,434,500,494,501,506,436,473,451,481,400,1.08,1.83,3.46
0.442540258169174,0.431038528680801,1.05728399753571,0.997251510620117,1.05034673213959,0.995019257068634,0.815642476081848,0.895476520061493,0.753839015960693,0.766420245170593,0.873151779174805,0.877851605415344,0.916766464710236,-5.15733225469653,11.2566703655083,0,1757,434,499,494,502,506,436,472,451,481,400,1.57,2.64,2.01
0.44514673948288,0.429725050926209,1.0378475189209,0.985820174217224,1.06532633304596,1.0048713684082,0.873674035072327,0.848680377006531,0.771985769271851,0.794758915901184,0.883996069431305,0.87945032119751,0,-4.54591713801154,5.81368070651983,0,1759,434,499,494,501,507,435,473,452,481,400,1.25,2.43,3.5
0.447246968746185,0.428084790706635,1.02954161167145,0.996379375457764,1.05858528614044,0.988563120365143,0.859578311443329,0.889921367168427,0.723214268684387,0.787352859973908,0.858196020126343,0.888342678546906,0,-7.95551565520279,19.0339750235437,0,1761,434,499,494,502,506,436,473,451,482,400,0.341,1.22,3.61
0.44735062122345,0.436231911182404,1.01879858970642,0.998753190040588,1.05595529079437,1.0030996799469,0.872340440750122,0.881872236728668,0.774845004081726,0.775319218635559,0.862996160984039,0.886833965778351,0.873515009880066,3.00432876923655,3.01348533851528,0,1764,434,499,494,501,507,435,472,451,482,400,1.09,0.737,4.34
0.445410877466202,0.435532063245773,1.04253447055817,1.00109946727753,1.05615711212158,0.999051988124847,0.840898454189301,0.991150438785553,0.738804221153259,0.790847539901733,0.882768332958221,0.891320705413818,0,9.83468336698595,10.386607275827,0,1766,434,499,494,501,506,436,473,451,482,400,1.66,1.58,2.81
0.443352311849594,0.441211879253387,1.02691578865051,1.00410556793213,1.0527685880661,0.980559527873993,0.922230660915375,0.881895899772644,0.789776563644409,0.792832612991333,0.8688725233078,0.880970001220703,0.930750608444214,-4.81186049471426,5.16056118049873,0,1768,434,499,494,502,507,436,473,452,482,400,1.9,1.3,4.54
0.453854322433472,0.437436640262604,1.05886876583099,0.997515022754669,1.05202662944794,0.979526877403259,0.856841206550598,0.883843719959259,0.743805110454559,0.792900621891022,0.879154086112976,0.880205631256104,0.938000023365021,1.14528005824051,3.53767476705749,0,1770,434,500,494,502,506,437,474,452,481,401,1.18,1.43,2.66
0.446770399808884,0.439100503921509,1.03630340099335,1.00390458106995,1.04802405834198,1.00886178016663,0.90597540140152,0.890461981296539,0.756830036640167,0.789636313915253,0.872875094413757,0.881637156009674,0.932218730449677,1.26196387563171,3.97571930266956,0,1772,434,500,495,502,508,436,473,452,482,401,1.42,1.4,1.4
0.460324943065643,0.438955634832382,1.06456124782562,1.0052216053009,1.05257749557495,1.00275754928589,0.875897407531738,0,0.745781540870667,0.78932523727417,0.879497408866882,0.886988937854767,0,-5.87523971104888,11.796458721285,0,1774,434,499,494,502,507,435,473,451,482,400,1.97,2.02,2.07
0.456102907657623,0.438840180635452,1.03951454162598,1.00017428398132,1.07030344009399,0.997515261173248,0.841918289661408,0.872811079025269,0.763632953166962,0.801762223243713,0.866126537322998,0.897501289844513,1,-0.902782792919576,1.93655140415101,0,1776,434,499,495,501,506,436,472,452,482,400,2.05,1.35,2.66
0.462509870529175,0.437516629695892,1.04554808139801,1.00847268104553,1.05270731449127,0.984663665294647,0.857602834701538,0.866666674613953,0.728879749774933,0.794933915138245,0.879595577716827,0.889704167842865,0.954751133918762,-1.85402444425958,8.8189844780738,0,1778,434,499,494,502,507,436,473,452,482,400,1.18,2.05,1.14
0.460883527994156,0.443835705518723,1.04906022548676,1.0079402923584,1.07692313194275,0.997988224029541,0.866916596889496,0.899571359157562,0.775578260421753,0.808147370815277,0.897689759731293,0.890319526195526,0,-4.9384096275507,8.56260324512119,0,1780,434,499,494,502,507,436,473,452,481,401,0.226,2.39,0.693
0.466255277395248,0.443812102079392,1.06810677051544,1.01449859142303,1.07357788085938,0.979518175125122,0.846428573131561,0.898680746555328,0.737962961196899,0.781318366527557,0.854945063591003,0.895736455917358,0.921450138092041,-3.96212323355715,13.4700547813362,0,1782,433,499,493,502,505,437,471,451,480,400,1.13,1.27,1.04
0.462044984102249,0.446738570928574,1.05657565593719,1.00777101516724,1.06618809700012,0.993344128131866,0.896289527416229,0.916161596775055,0.780319035053253,0.812322199344635,0.893657922744751,0.901842057704926,0.920731723308563,2.83965912021529,4.24893913399257,0,1785,434,499,494,501,507,436,471,452,481,401,1.37,1.4,2.19
0.47046023607254,0.447749108076096,1.05057799816132,0.999124228954315,1.06499195098877,0.984494268894196,0.879243850708008,0.90620344877243,0.733147382736206,0.788705348968506,0.903399646282196,0.885999858379364,0,0.182644078543195,6.4351259259709,0,1787,434,499,494,501,506,435,473,451,481,401,0.841,1.03,2.41
0.463212937116623,0.446803897619247,1.04245066642761,0.998796880245209,1.05323493480682,0.98495614528656,0.908286929130554,0.897735595703125,0.76870334148407,0.811541318893433,0.902371525764465,0.878749787807465,0,-3.59635661204844,7.05120761913207,0,1789,434,500,494,502,507,437,473,452,482,401,1.59,1.58,1.29
0.468376159667969,0.448045462369919,1.05846297740936,1.0032707452774,1.06484079360962,0.981078326702118,0.883219957351685,0.862991273403168,0.748663127422333,0.795440971851349,0.861528217792511,0.880806624889374,0,-2.09205657103302,5.02530323750011,1,1791,435,500,494,503,507,437,473,452,482,402,0.777,0.958,0.297
0.463189333677292,0.445388227701187,1.03702509403229,1.0175017118454,1.06513428688049,0.988312125205994,0.895702958106995,0.880345106124878,0.754140317440033,0.803174316883087,0.891353666782379,0.878952980041504,0.926862597465515,2.89244211382279,2.9538362343878,1,1793,434,500,494,501,505,437,472,453,481,401,1.25,1.76,2.73
0.476971477270126,0.446687012910843,1.05894613265991,1.02042007446289,1.06369423866272,1.010981798172,0.886584281921387,0.893700778484345,0.753586053848267,0.80331689119339,0.899541079998016,0.902799189090729,0.914801418781281,-1.66357468480902,6.28068427824572,1,1795,434,500,494,502,506,436,472,453,481,401,2.31,3.03,0.639
0.470330327749252,0.457470953464508,1.05297780036926,1.00779783725739,1.06846487522125,1.05139029026032,0.897142827510834,0.897497415542603,0.770769834518433,0.808512330055237,0.87590616941452,0.885981321334839,0.90625,-0.803521358415828,3.44793113311126,1,1797,433,500,494,502,505,437,473,453,481,401,0.82,1.85,3.68
0.477452307939529,0.458575487136841,1.05854845046997,0.98407256603241,1.05223631858826,1.08153486251831,0.879849791526794,0.932701885700226,0.768912374973297,0.79853481054306,0.884923279285431,0.893162131309509,0.917975544929504,-0.719355210272532,14.0418975416655,1,1799,434,500,494,502,506,437,473,453,481,402,0.415,2.49,2.1
0.474556267261505,0.453120529651642,1.04002392292023,1.02209782600403,1.05413484573364,1.13980162143707,0.897954165935516,0.911461472511292,0.778877913951874,0.811661839485168,0.904463052749634,0.878471255302429,0,-2.89743442203143,5.14686890925544,1,1801,434,500,494,502,506,437,473,454,481,402,0.78,2.08,3.24
0.478583991527557,0.448555827140808,1.04963636398315,1.02797949314117,1.06399822235107,1.16785621643066,0.896953403949738,0.923976600170136,0.757652580738068,0.814784526824951,0.896743774414063,0.898221373558044,0.919678688049316,-1.95177711053723,9.85206648845882,1,1803,434,500,494,502,507,436,473,453,481,401,0.448,0.477,3.87
0.477025777101517,0.453602373600006,1.04737484455109,1.02573525905609,1.06488275527954,1.25413072109222,0.897362589836121,0.918122291564941,0.77512514591217,0.815476834774017,0.91464775800705,0.879669785499573,0.880258917808533,1.45128937551984,1.71835550925623,1,1806,433,500,494,502,506,436,473,453,481,401,1.33,1.4,5.5
0.474049836397171,0.458430349826813,1.06342375278473,1.02075099945068,1.06747734546661,1.30292022228241,0.885462582111359,0.923890054225922,0.768152594566345,0.793174982070923,0.886399030685425,0.916213095188141,0.908296942710876,-0.013047498720407,6.93770945949994,1,1808,434,500,494,502,507,436,472,453,481,401,1.51,1.15,2.83
0.474654078483582,0.457100063562393,1.04699051380157,1.02416217327118,1.0612016916275,1.38919544219971,0.91125899553299,0.880596995353699,0.770812749862671,0.815613687038422,0.882109642028809,0.897692561149597,0.925000011920929,0.294587713015374,3.91806732993014,1,1810,433,500,493,502,506,437,471,453,480,402,0.586,1.41,3.81
0.481468051671982,0.461375534534454,1.07278537750244,1.03128099441528,1.07626557350159,1.40252530574799,0.909668624401093,0,0.728286683559418,0.80392724275589,0.882795453071594,0.894620001316071,0,4.05127368258302,4.32832513857497,1,1812,434,500,494,503,507,437,473,453,481,401,0.312,1.1,1.98
0.479183405637741,0.464654594659805,1.05703854560852,1.0826176404953,1.09026563167572,1.37986254692078,0.920834839344025,0.878903269767761,0.78809916973114,0.809968531131744,0.885556817054749,0.880265951156616,0,-3.26590834081247,4.00818196871192,1,1814,434,500,493,503,508,435,473,453,481,401,3.26,1.67,3.97
0.489081919193268,0.46595686674118,1.07525789737701,1.05269038677216,1.05744636058807,1.46938180923462,0.833613455295563,0.887293636798859,0.760528981685638,0.805514574050903,0.900114178657532,0.897113800048828,0,1.02484366995503,6.67683915391417,1,1816,433,500,494,502,507,436,473,453,481,401,2.05,1.66,1.36
0.479367405176163,0.46802818775177,1.0649026632309,1.06561100482941,1.0701025724411,1.46470642089844,0.904092490673065,0.874783337116241,0.762864291667938,0.804653465747833,0.883503675460815,0.895788311958313,0.912115514278412,2.6292948161086,4.52186433423484,1,1818,433,500,493,502,506,436,474,454,481,401,1.97,2.08,2.85
0.504290878772736,0.466115087270737,1.06111228466034,1.03580415248871,1.07747030258179,1.58746540546417,0.874918341636658,0,0.761299133300781,0.785709977149963,0.936888873577118,0.900726675987244,0,-3.68684107249959,7.94718698704825,1,1820,423,492,494,503,507,437,473,452,482,401,0.913,2.37,1.98
0.464282006025314,0.476192206144333,1.08053267002106,1.07160437107086,1.08209943771362,1.5684974193573,0.914132356643677,0.900891959667206,0.770873129367828,0.786595702171326,0.853114485740662,0.899892330169678,0.89552241563797,-4.4808707615894,4.6701696543415,1,1822,403,459,464,460,473,394,439,411,444,361,1.34,1.59,0.482
0.476304173469543,0.474303036928177,1.09162819385529,1.21060228347778,1.07664942741394,1.59813737869263,0.840268433094025,0.897915184497833,0.76591944694519,0.782649636268616,0.888956665992737,0.877531230449677,0.902483880519867,-5.59399445230625,12.7815799581077,1,1824,415,465,472,464,482,397,450,415,451,363,0.855,0.926,1.72
0.467341125011444,0.490485459566116,1.08557140827179,1.097580909729,1.0594584941864,1.58713567256928,0.935288190841675,0.896750509738922,0.80967915058136,0.783641219139099,0.874758303165436,0.909541487693787,0.946872889995575,4.64137288412748,6.02480091828003,1,1827,420,469,480,471,492,405,458,424,464,370,1.02,1.29,2.81
0.474362313747406,0.474256724119186,1.09496080875397,1.08652472496033,1.07353007793427,1.71990776062012,0.840724527835846,0.902015268802643,0.78195333480835,0.788825154304504,0.849657416343689,0.889049291610718,0.909517407417297,5.55078049988409,5.72335844223177,1,1829,423,473,482,474,493,408,460,425,466,373,2.36,1.8,2.1
0.476245254278183,0.47848504781723,1.08337247371674,1.03991615772247,1.06236243247986,1.66393148899078,0.879821956157684,0.877090930938721,0.806451618671417,0.793887197971344,0.858392000198364,0.887122392654419,0.883353590965271,5.71839094843504,6.1211894942551,1,1831,424,474,484,476,496,409,462,427,468,375,0.679,1.12,1.64
0.482928782701492,0.471812844276428,1.12097752094269,1.05371308326721,1.06993126869202,1.63782227039337,0.876791954040527,0.908296942710876,0.775285840034485,0.795567691326141,0.865126669406891,0.892096102237701,0,1.18583121783594,1.24849600416682,1,1833,426,475,485,476,496,410,463,427,469,375,0.978,1.75,1.92
0.475100010633469,0.476854354143143,1.07119905948639,1.16874575614929,1.0796947479248,1.47407925128937,0.878374516963959,0.90162980556488,0.782647430896759,0.804608881473541,0.88323700428009,0.891884028911591,0,0.852924206066481,2.83647239685061,1,1835,426,474,485,476,497,410,464,427,470,376,0.79,1.23,1.85
0.481999844312668,0.475198715925217,1.09145522117615,1.18695604801178,1.06953012943268,1.68221652507782,0.867613077163696,0.892396628856659,0.760156512260437,0.796739101409912,0.853391706943512,0.897666215896606,0.894985795021057,-2.32318714801583,4.33607952616748,1,1837,426,474,486,476,498,409,465,427,471,374,1,0.765,2.54
0.476731508970261,0.473077148199081,1.07922112941742,1.05721282958984,1.06873667240143,1.64312481880188,0.879522085189819,0.937768220901489,0.759183645248413,0.798955976963043,0.891194224357605,0.886763274669647,0,-4.23417712865026,5.14362828409027,1,1839,427,475,486,476,498,410,464,428,471,375,0.428,1.69,2.01
0.484429627656937,0.478026509284973,1.08132910728455,1.14079236984253,1.09609317779541,1.71280419826508,0.842064440250397,0.899702072143555,0.759338080883026,0.801924765110016,0.880964875221252,0.900041520595551,0.926463484764099,1.27992667114546,3.84217207558898,1,1841,428,475,487,477,499,411,466,428,472,375,0.462,1.79,1.28
0.479634612798691,0.486258327960968,1.08996307849884,1.10949182510376,1.07403957843781,1.79617917537689,0.908908903598785,0.845632553100586,0.785788953304291,0.811797320842743,0.899740278720856,0.894844770431519,0.943565011024475,-3.81348967896325,5.09705293528065,1,1843,427,476,487,478,498,411,465,429,471,378,0.414,0.86,1.23
0.481654316186905,0.472888350486755,1.09126031398773,1.13315737247467,1.06748461723328,1.77670586109161,0.866956293582916,0.925961077213287,0.756514966487885,0.801247179508209,0.86315256357193,0.898191571235657,0,-6.97581046834864,16.0345970304291,1,1845,427,476,486,477,497,411,466,428,472,377,1.89,1.6,1.59
0.475565016269684,0.48643434047699,1.09337174892426,1.07304930686951,1.05896663665771,1.56641232967377,0.9034503698349,0.892955541610718,0.790756165981293,0.791555225849152,0.905399978160858,0.891621649265289,0.905165135860443,-4.60945385348219,7.76657316751861,1,1847,427,476,486,478,498,411,465,427,472,376,2.2,2.12,0.52
0.479052096605301,0.478875279426575,1.09184682369232,1.12283658981323,1.06615519523621,1.69253969192505,0.863352000713348,0.895770370960236,0.778281629085541,0.805269837379456,0.911649346351624,0.893228530883789,0.938416421413422,7.09102796740094,11.4687544846587,0,1850,427,476,486,477,498,412,466,428,472,377,1.27,1.18,2.12
0.483052581548691,0.479267060756683,1.07907724380493,1.04763984680176,1.07080793380737,1.68219542503357,0.891193568706512,0.84645414352417,0.791130185127258,0.819731533527374,0.879424512386322,0.888610422611237,0,-1.44829241291639,1.46217515697848,0,1852,427,476,487,478,500,411,465,429,474,376,0.679,1.1,0.664
0.481498003005981,0.473698645830154,1.07956767082214,1.08174014091492,1.07908368110657,1.69550859928131,0.870631217956543,0.877630949020386,0.739684581756592,0.805396974086762,0.846998989582062,0.892351269721985,0.928262770175934,2.33734896214115,2.68794699154242,0,1854,429,482,488,483,499,417,468,433,473,381,1.78,1.58,1.74
0.477114289999008,0.471238255500793,1.08484768867493,1.02358520030975,1.0826553106308,1.53595721721649,0.922134935855866,0.880022346973419,0.781885385513306,0.803437888622284,0.865685939788818,0.90094530582428,0.93720269203186,-2.6892582106647,2.70149041756563,0,1856,429,482,489,484,500,418,467,436,475,382,0.856,1.31,1.72
0.475278496742249,0.463586419820786,1.08061230182648,1.06554007530212,1.07494127750397,1.65213108062744,0.87369441986084,0.905227184295654,0.74983811378479,0.800900101661682,0.866590321063995,0.877648770809174,0.917207777500153,1.90620776184657,3.24763799684333,0,1858,430,485,490,487,502,420,468,437,475,385,1.26,2.16,2.17
0.475570946931839,0.463855862617493,1.05988395214081,1.04613208770752,1.06767213344574,1.54263067245483,0.906677603721619,0.892307698726654,0.807437419891357,0.780328631401062,0.896108090877533,0.876957714557648,0,0.656703165400157,1.82549820113267,0,1860,430,486,490,488,502,422,469,439,476,386,1.3,1.69,1.62
0.482287287712097,0.469317585229874,1.07316839694977,1.0261937379837,1.05305695533752,1.47074961662292,0.895883083343506,0.891723036766052,0.741670370101929,0.793673932552338,0.87541526556015,0.896004199981689,0.900368988513947,-5.40374895996414,10.4767977451006,0,1862,431,487,491,488,502,422,470,439,477,386,1.52,1.4,2.58
0.482762664556503,0.473087340593338,1.04541254043579,1.01133179664612,1.06583404541016,1.41481363773346,0.893728196620941,0.928813576698303,0.772160649299622,0.812269032001495,0.869750440120697,0.887368738651276,0.953872919082642,-4.81449218491445,5.61551568741895,0,1864,430,487,490,489,502,423,470,440,477,387,1.39,2.03,1.73
0.483351856470108,0.472047865390778,1.06181573867798,1.03381443023682,1.06454145908356,1.52688336372376,0.887216150760651,0.942942917346954,0.78125,0.796135485172272,0.882646679878235,0.873998999595642,0.896488010883331,-7.89515425289054,15.2051971092564,0,1866,432,488,491,490,502,424,470,441,478,388,0.252,1.63,2.8
0.476009875535965,0.470506101846695,1.06110835075378,1.02384924888611,1.08203518390656,1.37444543838501,0.913676738739014,0,0.777170836925507,0.802942395210266,0.88220888376236,0.886452317237854,0.94765841960907,-5.35581189864922,8.19611488297252,0,1868,431,488,491,490,502,423,469,441,478,389,0.582,1.68,3.04
0.477646410465241,0.468927174806595,1.0653612613678,1.03770077228546,1.07241106033325,1.38686299324036,0.902602255344391,0.896235048770905,0.756261169910431,0.787335932254791,0.896363615989685,0.872521579265595,0.928426384925842,3.20999451784431,6.66420609879657,0,1871,432,488,491,491,503,424,471,440,478,389,1.41,1.72,2.8
0.469732880592346,0.465541630983353,1.04577660560608,0.993686556816101,1.0498514175415,1.38402628898621,0.868186295032501,0.89328932762146,0.777070045471191,0.794696867465973,0.88080894947052,0.884082913398743,0.879189968109131,1.46799132179119,1.47212388099552,0,1873,432,489,492,491,503,426,470,442,479,390,2.06,1.65,2.21
0.484010308980942,0.468492269515991,1.0625102519989,1.01011335849762,1.08465754985809,1.24302625656128,0.896706104278564,0.897173464298248,0.743756532669067,0.792252838611603,0.87771600484848,0.902449309825897,0.925041198730469,0.988787130377198,4.71716026162858,0,1875,433,489,492,491,504,424,471,441,480,389,0.997,0.547,1.32
0.472315281629562,0.474743902683258,1.04817748069763,1.00596976280212,1.0620231628418,1.2592625617981,0.901389360427856,0.880018651485443,0.792196929454803,0.794215261936188,0.919108688831329,0.879978239536285,0.919770777225494,-0.921226611469236,0.985631639644232,0,1877,432,489,492,491,504,425,471,441,480,390,0.277,1.51,2.62
0.477897554636002,0.474842637777329,1.05905556678772,1.01401889324188,1.07400572299957,1.25383055210114,0.882592380046845,0.899716734886169,0.732774496078491,0.792457818984985,0.866688072681427,0.878482282161713,0,0.386611119432553,2.66021143377257,0,1879,433,490,493,492,505,426,471,442,480,391,8.22,6.79,3.14
0.477176487445831,0.467418044805527,1.03867435455322,1.02086162567139,1.05792188644409,1.25237703323364,0.891332149505615,0.875656723976135,0.764785647392273,0.794174909591675,0.896775782108307,0.879378259181976,0,-1.39505058886376,1.42532801049386,0,1881,433,489,493,491,504,426,472,441,480,391,5.52,6.88,2.57
0.47951066493988,0.4726183116436,1.07028520107269,1.01725876331329,1.06746554374695,1.27274000644684,0.856553137302399,0.948430478572845,0.719630002975464,0.789821088314056,0.869477093219757,0.880792200565338,0,0.114402097955222,6.56241732126748,0,1883,433,490,493,492,504,426,472,443,480,390,0.562,10.8,6.28
0.477415800094605,0.469420731067658,1.05688488483429,0.991107940673828,1.06454753875732,1.22456407546997,0.90442019701004,0,0.747474730014801,0.813064873218536,0.885082602500916,0.881044566631317,0.954128444194794,-3.28207280608951,4.12356505237768,0,1885,433,490,493,492,505,426,472,443,480,391,0.536,7.08,10.1
0.477504014968872,0.464874893426895,1.0366622209549,1.00679278373718,1.05139422416687,1.11601710319519,0.880378901958466,0.904401957988739,0.738132357597351,0.798214733600616,0.897132039070129,0.899435758590698,0.937167227268219,-7.09796971284445,14.0776444103245,0,1887,433,489,493,492,504,425,472,441,481,391,0.397,5.58,17
0.47410449385643,0.470347017049789,1.02444791793823,1.01382839679718,1.07496845722198,1.15743136405945,0.900892853736877,0.910519123077393,0.765021979808807,0.802989482879639,0.884317219257355,0.876491189002991,0.953859031200409,-1.12611341402246,5.31066307202949,0,1889,434,489,493,491,505,426,472,443,480,391,0.876,0.907,20.3
0.479616045951843,0.476168990135193,1.04349386692047,0.979677081108093,1.05684792995453,1.21269237995148,0.897172212600708,0.934812784194946,0.730649530887604,0.795174777507782,0.86654132604599,0.880295276641846,0.915211975574493,5.05962757801549,8.08094929531988,0,1892,433,490,493,492,504,427,472,442,480,391,1.72,1.54,33.7
0.474857836961746,0.468332171440125,1.03765022754669,0.997166514396668,1.04839789867401,1.15130722522736,0.904471516609192,0.908585071563721,0.78738671541214,0.80856204032898,0.885514616966248,0.871097803115845,0.928753197193146,0.664818945982498,2.63623447013754,0,1894,433,491,493,493,506,427,472,444,480,392,1.7,1.44,37.3
0.482572376728058,0.474254131317139,1.05891537666321,0.999597728252411,1.06186592578888,1.06539821624756,0.883882701396942,0.847107410430908,0.729370772838593,0.808708131313324,0.880276679992676,0.892853975296021,0.936906397342682,1.43692553306128,4.06928742235273,0,1896,434,490,494,493,505,427,473,443,481,391,1.05,0.553,46.8
0.477646261453629,0.477962523698807,1.04771482944489,1.01678776741028,1.06128931045532,1.05497109889984,0.892943441867828,0.902476191520691,0.755551278591156,0.809902369976044,0.841761291027069,0.890813529491425,0.891352534294128,-4.40648731531271,4.43061738183377,0,1898,434,490,493,492,505,427,473,442,481,392,1.25,2.14,46.4
0.483241766691208,0.481527239084244,1.05807507038116,1.00113141536713,1.05908155441284,1.1098347902298,0.871982634067535,0.84457141160965,0.73388946056366,0.797255635261536,0.883124113082886,0.886410653591156,0,0.285503708065099,1.16799669008738,0,1900,434,491,494,493,505,427,474,442,481,392,1.3,1.28,52.1
0.481163680553436,0.47383463382721,1.03203237056732,0.997000753879547,1.0615838766098,1.04412031173706,0.893172025680542,0.907586991786957,0.784012019634247,0.797661602497101,0.880977690219879,0.873141348361969,0.907847344875336,0.869208048249504,0.931818732542001,0,1902,433,490,493,493,505,427,472,443,480,393,1.62,1.33,49.5
0.484148502349854,0.477376163005829,1.04080665111542,1.00061941146851,1.06889545917511,1.07956504821777,0.848496675491333,0.923461735248566,0.739039182662964,0.788167774677277,0.889286994934082,0.885243058204651,0,-6.16821215538894,9.93340181530933,0,1904,434,491,493,493,504,428,473,443,480,392,0.848,2.18,46.9
0.486847102642059,0.479799389839172,1.02776169776917,0.994449377059937,1.06624090671539,1.04754090309143,0.91994971036911,0.879241943359375,0.763719499111176,0.800164699554443,0.901419997215271,0.887966394424439,0,0.030361872761909,6.34817338841539,0,1906,434,490,493,492,505,427,471,443,481,391,1.06,1.85,41.4
0.485375821590424,0.4756800532341,1.03482973575592,0.99837863445282,1.04085218906403,1.08717525005341,0.833948314189911,0.875985085964203,0.759318232536316,0.780111074447632,0.878639578819275,0.888888895511627,0.910569131374359,-9.20924150531334,18.7544286967741,0,1908,434,491,494,493,505,427,472,443,481,392,0.334,1.57,37.3
0.481953620910645,0.473324358463287,1.02205300331116,1.00669157505035,1.06131875514984,1.06157803535461,0.901086986064911,0.874560356140137,0.750401258468628,0.793014943599701,0.903452157974243,0.881832957267761,0.90380185842514,-4.70907206539841,10.3623819673891,0,1910,433,491,493,493,505,427,472,444,480,392,0.63,1.77,28.4
0.483522057533264,0.472829699516296,1.04684555530548,0.990825176239014,1.0653223991394,1.07094776630402,0.86971527338028,0.920175969600678,0.739702522754669,0.783036708831787,0.874204576015472,0.872994661331177,0.910742938518524,1.60718547159464,10.0923560899385,0,1913,434,490,494,492,505,427,474,442,481,391,1.08,0.757,21.4
0.479608118534088,0.476163268089294,1.03191840648651,0.993975222110748,1.06274878978729,1.04869520664215,0.896291613578796,0,0.797649443149567,0.792276442050934,0.863613724708557,0.878533184528351,0.879310369491577,2.58959413083876,2.61936682169998,0,1915,435,491,494,493,506,426,474,444,482,392,0.909,1.15,11.8
0.482912570238113,0.476213693618774,1.04002630710602,0.999540448188782,1.05774939060211,1.05948066711426,0.872727274894714,0.905559301376343,0.735136270523071,0.780914127826691,0.884539484977722,0.878555357456207,0.918712496757507,2.89206414724446,3.87227822061741,0,1917,434,490,494,492,506,427,473,442,482,391,0.632,1.61,10.5
0.476380318403244,0.46971794962883,1.03265881538391,1.00341033935547,1.05263161659241,1.00859427452087,0.877669930458069,0.894617140293121,0.775034666061401,0.788531720638275,0.871316313743591,0.879054248332977,0.929732859134674,5.63403171958675,5.93664959248148,0,1919,433,490,493,492,505,426,474,442,481,392,1.16,1.6,3.38
0.477241337299347,0.477640956640244,1.04083347320557,1.00208079814911,1.05001783370972,1.06564915180206,0.855121672153473,0.898512661457062,0.757796287536621,0.773054361343384,0.878222525119782,0.884265840053558,0.711409389972687,-2.07191573839651,6.35721696719969,0,1921,435,490,495,493,507,428,473,442,482,392,1.03,1.57,4.07
0.480168431997299,0.46920582652092,1.02132570743561,0.995163917541504,1.07149887084961,1.02150130271912,0.866648018360138,0.920364022254944,0.779986619949341,0.791433990001678,0.872613072395325,0.859558641910553,0.939017832279205,-2.41869200061428,5.06275176652657,0,1923,434,491,494,493,506,427,473,444,481,392,0.712,1.8,1.63
0.479781866073608,0.476077377796173,1.03957831859589,0.992580890655518,1.06200587749481,1.04637229442596,0.870110034942627,0.905660390853882,0.740573883056641,0.774787545204163,0.85262256860733,0.860431373119354,0.854430377483368,-5.1227510058608,9.15240075052244,0,1925,435,490,494,492,505,427,472,442,481,392,1.24,1.65,0.593
0.482831001281738,0.474069178104401,1.02612793445587,0.997438967227936,1.0553457736969,1.04776227474213,0.904895126819611,0.89441579580307,0.79436981678009,0.799195826053619,0.881741404533386,0.876825630664825,0.945587575435638,-8.94031830330987,11.2225673260805,0,1927,435,491,495,493,506,427,474,443,482,393,2.18,1.52,2.04
0.484555304050446,0.476723462343216,1.01757037639618,0.993249714374542,1.04991698265076,0.990710258483887,0.881512820720673,0.902606308460236,0.773193597793579,0.793616950511932,0.887573957443237,0.891777515411377,0,-2.64832390273385,16.9083404121269,0,1929,435,491,494,493,506,428,473,444,481,392,1.06,1.47,1.72
0.477748394012451,0.475088179111481,1.02501177787781,0.994503617286682,1.0494487285614,1.06968653202057,0.902746379375458,1.03636360168457,0.780004501342773,0.792896091938019,0.912148773670197,0.885592401027679,0.916666686534882,-3.79591607211338,6.11755599358175,0,1931,435,491,494,493,507,428,473,443,482,393,1.69,1.13,1.76
0.477237820625305,0.474762707948685,1.04300117492676,0.998858392238617,1.04831695556641,1.00915086269379,0.915820479393005,0.905067801475525,0.742820918560028,0.796062052249908,0.882775127887726,0.879535257816315,0.925086438655853,3.41113209483777,6.62626446465793,0,1934,436,490,495,492,507,427,474,442,482,391,1.23,0.915,1.22
0.47919625043869,0.472263336181641,1.00940549373627,0.999008774757385,1.04890036582947,1.05508518218994,0.902781367301941,0.896414339542389,0.756177306175232,0.795979619026184,0.876928448677063,0.889867842197418,0.894345223903656,1.29237149835637,1.85878885451274,0,1936,435,491,494,493,506,428,473,444,481,393,1.03,1.19,3.84
0.479956984519959,0.463952630758286,1.02249431610107,0.993636667728424,1.0576286315918,1.00615608692169,0.868303596973419,0.884203016757965,0.738853514194489,0.781871557235718,0.898054778575897,0.888062715530396,0.912021517753601,0.201459136302734,0.724151761596986,0,1938,435,490,494,493,506,427,474,443,481,392,1.37,1.93,2.4
0.478324562311173,0.477038323879242,1.02584302425385,0.984021782875061,1.07540440559387,1.00993967056274,0.908653855323792,0.907971858978272,0.795035243034363,0.801908075809479,0.897719860076904,0.8978191614151,0,0.772804767533617,3.92052285490004,0,1940,435,491,495,493,507,428,473,442,482,392,1.49,1.82,4.42
0.477888196706772,0.474283456802368,1.03686046600342,0.97433876991272,1.06018543243408,1.03797793388367,0.869180917739868,0.88034188747406,0.745973467826843,0.780345439910889,0.888643622398376,0.887197613716126,0.910822510719299,-2.22482713007675,4.95767474349925,0,1942,435,491,494,493,506,428,473,443,482,392,0.276,0.694,2.63
0.475834727287293,0.471799999475479,1.00740814208984,0.987142503261566,1.06363356113434,1.05973517894745,0.910294115543366,0.916043698787689,0.782420039176941,0.797719419002533,0.887934267520905,0.891465783119202,0.923485636711121,2.61271445479184,2.70027495760072,0,1944,435,490,495,492,507,428,473,443,481,392,0.931,1.91,3.7
0.485771715641022,0.470394641160965,1.03538298606873,0.994357764720917,1.06899046897888,1.03455305099487,0.873214304447174,0.894539415836334,0.752134919166565,0.791148960590363,0.882828295230866,0.869312345981598,0.95207667350769,-9.35854681781555,10.4675019423975,0,1946,435,491,494,493,506,427,474,443,482,392,1.63,0.955,3.21
0.480826318264008,0.46915066242218,1.02434957027435,0.994245409965515,1.06573104858398,1.04601407051086,0.89374440908432,0.915294110774994,0.773422539234161,0.798408508300781,0.902496635913849,0.884780883789063,0.912949621677399,1.67531474317808,6.28759261010736,0,1948,435,491,494,493,507,427,473,444,481,393,1.48,2.02,3.84
0.485036224126816,0.477269738912582,1.03562712669373,0.995567142963409,1.0545711517334,1.00550770759583,0.869333326816559,0.913765370845795,0.757604539394379,0.785296142101288,0.894387781620026,0.863800764083862,0.939024388790131,-4.91409973773086,15.2990355842718,0,1950,435,491,494,493,506,428,473,442,481,393,1.05,2.39,2.55
0.480232328176498,0.474151790142059,1.01520562171936,1.0036438703537,1.05918645858765,1.04222130775452,0.886833786964417,0.897806584835053,0.811113297939301,0.791092276573181,0.874151170253754,0.882323026657105,0.919523119926453,0.920851349126253,15.0731279045814,0,1952,435,491,494,493,505,429,472,443,482,392,0.899,1.28,2.14
0.488912612199783,0.477364391088486,1.03630912303925,0.968251705169678,1.07903730869293,1.02877938747406,0.869024872779846,0.860811948776245,0.750059425830841,0.793652832508087,0.873530209064484,0.882691860198975,0.907626211643219,-0.239959298756189,6.66520476348533,0,1955,435,490,495,493,506,428,475,442,482,392,1.01,0.337,1.54
0.484480023384094,0.467660397291184,1.04342555999756,0.983745515346527,1.06797540187836,1.02511525154114,0.899139583110809,0.897306382656097,0.792902827262878,0.797467648983002,0.870711088180542,0.872711718082428,0.94141298532486,-1.56234719283675,2.52459454212301,0,1957,435,490,495,492,508,426,474,442,482,392,1.4,0.611,3.52
0.485598623752594,0.46832674741745,1.03657877445221,0.986665904521942,1.06209635734558,1.02905976772308,0.867791831493378,0.863354027271271,0.741478443145752,0.780945062637329,0.892512083053589,0.879418671131134,0.925890266895294,-0.789356409857009,3.63321160759901,0,1959,435,490,495,492,506,427,474,443,482,392,1.23,1.2,0.879
0.480050027370453,0.473118424415588,1.01903116703033,0.988900363445282,1.06381940841675,1.06269133090973,0.894642114639282,0.930601477622986,0.754959762096405,0.805883467197418,0.865442514419556,0.890605390071869,0.919560194015503,-0.28521279676615,3.08041439299266,0,1961,435,490,495,492,508,426,474,443,482,392,0.679,1.16,2.45
0.492849230766296,0.474226534366608,1.03799140453339,0.979370176792145,1.06250369548798,1.05405020713806,0.869474947452545,0.922832131385803,0.751492261886597,0.779396891593933,0.88908451795578,0.888192057609558,0.924712121486664,-2.91214655367957,3.20149019930053,0,1963,435,490,495,492,507,427,474,443,483,392,1.06,1.63,0.382
0.489870727062225,0.467910379171371,1.00739598274231,0.998045980930328,1.05968153476715,1.07168924808502,0.884892106056213,0,0.773001492023468,0.788217902183533,0.8856161236763,0.8822181224823,0.903520226478577,-1.24181102972071,2.04406769763882,0,1965,435,490,495,492,506,428,474,442,482,393,0.874,1.27,0.894
0.485873013734818,0.468337267637253,1.0318146944046,1.00316214561462,1.06221449375153,1.01879191398621,0.874084413051605,0.903249621391296,0.772996008396149,0.778982937335968,0.875197470188141,0.866741299629211,0.889699935913086,-5.08595128006893,11.598492395814,0,1967,436,489,495,491,506,426,473,442,483,391,1.11,1.76,0.998
0.480339080095291,0.474781423807144,1.01599538326263,0.996632099151611,1.06562471389771,1.05192708969116,0.901340484619141,0.908761322498322,0.770272314548492,0.795950949192047,0.869967520236969,0.879924118518829,0.95708155632019,-5.23371021055451,5.76047684421242,0,1969,436,490,495,492,507,427,475,443,482,393,1.55,1.94,0.984
0.480977714061737,0.473433434963226,1.03664147853851,0.985398709774017,1.062544465065,1.09471583366394,0.860807418823242,0.932468712329865,0.76523369550705,0.787440001964569,0.885865449905396,0.887345016002655,0.928234159946442,-5.36606860354785,11.1070374379738,1,1971,437,490,495,493,506,428,474,443,483,394,0.467,1.52,1.12
0.479663580656052,0.463732093572617,1.02329409122467,0.994366765022278,1.07440948486328,1.06846630573273,0.891043424606323,0.895749807357788,0.772500455379486,0.789690375328064,0.889125823974609,0.867820620536804,0.912538707256317,-5.18143163374862,8.31415505496605,1,1973,435,490,495,492,507,427,474,443,482,392,0.666,1.43,0.834
0.485264986753464,0.470685243606567,1.03801047801971,1.00391066074371,1.05924010276794,1.11040318012238,0.878977596759796,0.734693884849548,0.732695162296295,0.791383326053619,0.879367709159851,0.891729176044464,0,3.17206889099996,9.74818705424971,1,1976,435,490,495,492,507,427,475,443,482,392,1.48,1.29,2.57
0.473814129829407,0.467374324798584,1.0212105512619,1.00388467311859,1.05446398258209,1.15323340892792,0.897599995136261,0.888444423675537,0.780202805995941,0.781171977519989,0.873251736164093,0.867659389972687,0.92416524887085,3.16625676704012,4.28752456229547,1,1978,435,490,495,492,507,427,474,443,482,393,0.83,1.76,1.24
0.48382493853569,0.463155597448349,1.0456063747406,1.00764465332031,1.06033611297607,1.21966123580933,0.876879692077637,0.92118227481842,0.761710822582245,0.782648622989655,0.884775578975678,0.888781547546387,0,4.14718516862407,4.97124180549979,1,1980,435,490,495,492,506,427,474,443,482,393,1.74,1.72,2.53
0.47881355881691,0.474283665418625,1.02017116546631,0.998811841011047,1.07344698905945,1.24670040607452,0.918345153331757,0.901118755340576,0.780669152736664,0.803578674793243,0.878231287002564,0.881980776786804,0.901515126228333,-5.70417274936802,5.71605678064122,1,1982,435,490,495,492,507,428,474,443,482,394,2,1.69,1.37
0.489391505718231,0.466445237398148,1.04451894760132,1.02078568935394,1.05811429023743,1.32681953907013,0.854662120342255,0.896024465560913,0.747609913349152,0.799027025699616,0.873574793338776,0.885008037090302,0.93020224571228,-3.79904715469099,5.41245497583812,1,1984,435,490,495,493,506,427,476,443,482,392,1.14,2.29,1.07
0.478927940130234,0.464634835720062,1.03841626644135,1.00372874736786,1.07302451133728,1.31102347373962,0.885351955890656,0.904424786567688,0.790000021457672,0.805475950241089,0.860016107559204,0.863147974014282,0.925237894058228,-5.86892771135986,6.30136852602109,1,1986,435,490,495,492,507,427,472,443,482,393,0.573,1.28,2.22
0.487545639276505,0.45941424369812,1.05872082710266,1.02137136459351,1.05349743366241,1.40987157821655,0.866531848907471,0,0.746295213699341,0.792557775974274,0.8516965508461,0.870854616165161,0.956790149211884,-4.00032591989696,6.54284934363443,1,1988,435,490,495,492,507,426,475,443,483,392,0.69,1.19,1.07
0.478148519992828,0.46171960234642,1.04167854785919,1.0222532749176,1.06357944011688,1.41471648216248,0.885416686534882,0.900328934192658,0.812487781047821,0.795885801315308,0.892187476158142,0.876436114311218,0.908220291137695,-6.9103992189827,8.32197827913743,1,1990,435,490,495,492,508,428,473,443,482,393,1.33,1.5,2.78
0.484095811843872,0.463743150234222,1.06709003448486,1.01286137104034,1.05997622013092,1.52141630649567,0.872164189815521,0.98516321182251,0.747762382030487,0.794077694416046,0.894003510475159,0.873156368732452,0.952565371990204,-6.33142334185198,16.8669795775089,1,1992,435,490,495,492,507,427,474,444,482,392,1.28,1.42,3.02
0.485926449298859,0.467785358428955,1.04968786239624,1.00656855106354,1.07680594921112,1.53059041500092,0.877228856086731,0.901511192321777,0.785249054431915,0.81669694185257,0.899923622608185,0.871537327766418,0.901021182537079,-5.05642575822998,8.99800839296995,1,1994,434,490,494,493,506,428,474,444,482,393,0.382,1.71,2.37
0.493552416563034,0.472249537706375,1.06550991535187,1.05482602119446,1.07153797149658,1.52273786067963,0.857142865657806,0.862482666969299,0.754768371582031,0.808315575122833,0.888214886188507,0.883101344108582,0.925277531147003,0.972389067938729,13.2908852727847,1,1996,435,490,495,492,507,428,476,444,483,391,0.915,1.06,2.24
0.487262815237045,0.470059782266617,1.0476359128952,1.0338408946991,1.07939064502716,1.52628946304321,0.891509413719177,0.899021148681641,0.800756633281708,0.802692711353302,0.897142827510834,0.885170876979828,0,5.33052186902709,8.24252681165283,1,1999,435,490,495,492,506,428,473,444,482,393,1.62,1.23,3.37
0.494423627853394,0.46468847990036,1.05993378162384,1.08523857593536,1.05894565582275,1.4614075422287,0.857522130012512,0.888353765010834,0.74125874042511,0.796370267868042,0.885825395584106,0.882518291473389,0.924107134342194,2.77548423675162,5.71428205084015,1,2001,435,490,495,492,507,426,476,443,482,391,0.173,1.51,2.31
0.485277742147446,0.469509094953537,1.04627251625061,1.08067762851715,1.07431948184967,1.59451425075531,0.898392796516418,0.923263311386108,0.776925981044769,0.816667139530182,0.896518051624298,0.870887279510498,0,1.35882633915006,2.15254962204843,1,2003,435,490,495,492,506,427,476,443,482,393,0.765,1.43,2.37
0.490616708993912,0.467807203531265,1.06460464000702,1.05692362785339,1.07320249080658,1.57502233982086,0.861052632331848,0.901730895042419,0.746218144893646,0.808408319950104,0.876996338367462,0.869660794734955,0.941377639770508,-5.60101624719113,6.83078880667272,1,2005,435,490,495,493,507,427,474,442,482,393,1.18,1.23,0.442
0.487196117639542,0.466896831989288,1.05930387973785,1.03605151176453,1.05650985240936,1.53536009788513,0.894708693027496,0.879900932312012,0.782414317131043,0.822937250137329,0.871519148349762,0.889841616153717,0.904938936233521,148.929398270189,149.551234448989,1,2007,435,490,495,492,507,428,474,443,482,393,25.4,15.5,9.55
0.488257974386215,0.465768873691559,1.06894707679749,1.13127434253693,1.05729997158051,1.63580298423767,0.849873602390289,0.85400390625,0.742018640041351,0.788452088832855,0.860842823982239,0.881285011768341,0,-3.01059307637282,7.02923081209082,1,2009,427,489,493,492,506,427,475,442,482,392,19.4,11.4,5.24
0,0,0,0,0,0,0,0,0,0,0,0,0,8.18969474240426,15.3969612053625,1,2011,0,0,0,0,0,0,0,0,0,0,6.64,23,11.1
0.48473259806633,0.478256583213806,1.10409617424011,1.03533661365509,1.08258819580078,1.51952385902405,0.858502149581909,0.890767574310303,0.744685709476471,0.771012365818024,0.85194993019104,0.868384003639221,0.922752797603607,-0.763108784100062,8.49569945811957,1,2013,225,438,273,449,297,387,261,397,275,348,21.4,11,19.5
0.4857497215271,0.466723293066025,1.12106788158417,1.03927886486053,1.07280826568604,1.61928963661194,0.884759545326233,0.866783499717712,0.758870124816895,0.788331508636475,0.833594977855682,0.85896646976471,0.945158541202545,3.085902201829,14.5366177168949,1,2015,246,443,311,455,331,391,298,405,311,355,19.6,17.5,24.5
0.484982460737228,0.470317035913467,1.12160074710846,1.0290253162384,1.09410154819489,1.58249115943909,0.886542439460754,0.829023003578186,0.731389105319977,0.770318031311035,0.838865697383881,0.887535333633423,0.891712725162506,-1.13551029929575,15.3737094622041,1,2017,374,455,356,458,370,393,332,407,337,358,3.1,12,35
0.459719181060791,0.464116424322128,1.1273717880249,1.02233052253723,1.06036448478699,1.48049926757813,0.86829149723053,0.871907293796539,0.755771815776825,0.763432562351227,0.838458359241486,0.868845939636231,0.890632450580597,1.50264354450035,2.85991646451961,1,2020,410,458,466,459,475,393,440,410,444,361,2,10.4,41.3
0.464208573102951,0.46264860033989,1.11119866371155,1.0952056646347,1.06559109687805,1.52403211593628,0.836997509002686,0.909940958023071,0.772021591663361,0.756807625293732,0.863728046417236,0.864300131797791,0.926850259304047,-5.10907478626986,5.62762583690574,1,2022,417,461,470,461,479,396,444,414,447,363,0.0725,11.2,49.1
0.461738973855972,0.473221302032471,1.097989320755,1.05448496341705,1.06312191486359,1.42945206165314,0.905445337295532,0.87229859828949,0.774015307426453,0.763726234436035,0.873598396778107,0.857890605926514,0.937902510166168,2.03591939318656,2.53308980768262,1,2024,418,461,471,462,481,395,447,413,450,364,0.759,3.25,40.7
0.456208348274231,0.465185225009918,1.10414695739746,1.09056627750397,1.05320060253143,1.42393970489502,0.825557231903076,0.860086739063263,0.746122419834137,0.762315452098846,0.836304724216461,0.845245778560638,0.913926839828491,-2.94979285488745,6.16907097086084,1,2026,419,461,472,462,482,396,450,414,451,364,2.16,2.1,32.8
0.460445165634155,0.466317415237427,1.08212995529175,1.05855965614319,1.05914974212646,1.4880359172821,0.89578253030777,0.876796722412109,0.728347718715668,0.745928227901459,0.872762620449066,0.874929070472717,0.935377240180969,-0.808585795419493,3.46170612816271,1,2028,419,461,472,462,482,396,448,414,452,363,0.477,0.643,29
0.451873332262039,0.463079541921616,1.10310590267181,1.18461155891418,1.05536067485809,1.45026016235352,0.814915597438812,0.892338156700134,0.744178414344788,0.765131831169128,0.852474749088287,0.868205487728119,0.937591552734375,-2.45142905066524,4.97464996235125,0,2030,421,461,474,462,484,396,451,415,453,364,0.562,1.7,10.6
0.455177873373032,0.482077419757843,1.09339392185211,1.03647530078888,1.07330894470215,1.48278105258942,0.888888895511627,0.880577445030212,0.777112603187561,0.758319199085236,0.814074099063873,0.86356657743454,0.929567635059357,1.32658098683001,3.74615828654854,0,2032,421,460,482,466,494,400,462,418,468,367,0.465,0.876,4.8
0.455046355724335,0.472762018442154,1.08790588378906,1.0620254278183,1.0667736530304,1.61578011512756,0.847378611564636,0.878499746322632,0.744063854217529,0.770322799682617,0.872603833675385,0.851966023445129,0.925460636615753,-5.95832218650944,13.4108002232075,0,2034,432,467,488,469,499,403,466,420,471,368,0.779,0.432,12.9
0.459856778383255,0.458227157592773,1.09323966503143,1.08813786506653,1.08617639541626,1.53717160224915,0.920690596103668,0.875186502933502,0.771604955196381,0.778675615787506,0.848625361919403,0.863422691822052,0.966693103313446,50.2601957202338,50.6141291659997,0,2036,432,471,490,474,502,408,471,425,476,374,7.76,5.33,33
0.456793129444122,0.462263315916061,1.10610008239746,1.06801414489746,1.06187963485718,1.63789772987366,0.88873153924942,0.840972900390625,0.73874431848526,0.763561844825745,0.873062551021576,0.874952137470245,0.931119322776794,0.689026606463011,12.9974074038258,0,2038,433,474,491,476,502,410,471,425,476,376,0.591,0.458,37.3
0.457818478345871,0.461430370807648,1.08841264247894,1.07436048984528,1.07095670700073,1.48876166343689,0.891078591346741,0.87815123796463,0.772857367992401,0.781808733940125,0.866535365581512,0.867573976516724,0,4.93288944899077,5.03489219574096,0,2041,432,475,491,477,503,411,471,428,477,376,2.11,2.43,49.1
0.459878355264664,0.455302178859711,1.10068809986115,1.04037404060364,1.06420707702637,1.46391808986664,0.860658586025238,0.895919799804688,0.750845968723297,0.776245832443237,0.858287930488586,0.855339884757996,0,1.5014219895074,1.86981570295635,0,2043,433,475,492,478,504,411,471,429,478,376,0.957,1.31,41.3
0.463761806488037,0.460288316011429,1.08553373813629,1.11619555950165,1.08399319648743,1.41116547584534,0.901185750961304,0.879541099071503,0.776254951953888,0.778695702552795,0.882635235786438,0.85634857416153,0.9459148645401,2.42266517707151,2.54029312937467,0,2045,433,476,492,479,504,413,472,430,478,379,0.496,1.77,43.6
0.458568125963211,0.460911810398102,1.08647644519806,1.0227632522583,1.08759164810181,1.44153237342834,0.858884990215302,0.906496405601501,0.735028684139252,0.767428278923035,0.863651692867279,0.854128181934357,0.911822855472565,2.59811731375901,2.91081186243489,0,2047,433,477,492,479,504,413,472,429,479,378,1.35,6.26,35.5
0.459788978099823,0.453724235296249,1.06323266029358,1.04484331607819,1.07939255237579,1.36692321300507,0.872651934623718,0.906151413917542,0.759590804576874,0.786891162395477,0.874334692955017,0.849367678165436,0,-2.0961526314611,4.45870966312632,0,2049,434,477,493,480,505,413,472,430,480,378,1.07,0.278,23.6
0.460373401641846,0.455994635820389,1.07381367683411,1.04034435749054,1.06965780258179,1.30527210235596,0.858861863613129,0.894509553909302,0.758473813533783,0.773795068264008,0.853987753391266,0.861266136169434,0.908445715904236,-4.57256524884208,8.33879036322487,0,2051,434,478,493,480,505,414,473,431,480,378,1.82,1.52,19
0.460742801427841,0.456665903329849,1.07353520393372,1.0609689950943,1.07983613014221,1.29196763038635,0.883375823497772,0.893946528434753,0.764792919158936,0.798272132873535,0.863419771194458,0.855868279933929,0,-5.69360835156353,5.99263123013876,0,2053,434,478,493,480,506,414,473,431,480,379,1.29,1.62,13.8
0.449732959270477,0.464539080858231,1.08547377586365,0.9942467212677,1.06195056438446,1.34057521820068,0.856793403625488,0.876630663871765,0.723056852817535,0.780386805534363,0.873803853988647,0.869172096252441,0.909090936183929,-10.1474276909272,18.4771129394568,0,2055,434,479,492,481,505,415,471,431,479,380,0.948,1.33,4.7
0.456469744443893,0.453293591737747,1.03825390338898,0.994659841060638,1.06499528884888,1.23342299461365,0.91361790895462,0.877772927284241,0.727877676486969,0.784900307655335,0.831964015960693,0.878013789653778,0.913995742797852,-2.43350044902212,3.9231184675517,0,2057,433,479,492,481,505,414,471,431,480,380,1.73,1.21,6.68
0.456588804721832,0.455503076314926,1.07338380813599,1.0051041841507,1.06517696380615,1.31258320808411,0.874465048313141,0.924087584018707,0.730454623699188,0.789543449878693,0.838757395744324,0.879538774490356,0.958384335041046,-2.81943418266705,15.4744381502419,0,2059,434,479,493,482,506,415,473,432,480,381,1.63,0.933,3.39
0.454796701669693,0.456614464521408,1.07965528964996,0.995894253253937,1.0645946264267,1.23174166679382,0.873724460601807,0.87571781873703,0.765096545219421,0.794158101081848,0.880829036235809,0.86315655708313,0.927125513553619,1.53193410979493,2.71594389163044,0,2062,434,479,493,482,506,415,473,431,481,381,0.673,0.848,2.99
0.459005624055862,0.461833655834198,1.07144713401794,0.982720136642456,1.07145714759827,1.21028006076813,0.863142013549805,0.870067358016968,0.745440304279327,0.783312737941742,0.873092114925385,0.880330502986908,0.91031152009964,-2.3417538916548,5.30664847784607,0,2064,435,479,493,481,506,415,472,432,481,380,0.831,2.02,5.15
0.456715941429138,0.45426532626152,1.0560075044632,1.01293170452118,1.06266057491303,1.21471869945526,0.891196131706238,0.897080302238464,0.750198245048523,0.801231145858765,0.870639085769653,0.88289350271225,0.88579386472702,0.467910681582867,2.0255976053345,0,2066,434,479,493,481,506,415,473,432,480,381,1.67,1.12,2.82
0.460550725460053,0.461242973804474,1.07589864730835,1.00363719463348,1.08223593235016,1.22252011299133,0.870105803012848,0.867014348506928,0.72904771566391,0.78470915555954,0.848677754402161,0.876551151275635,0.906526982784271,3.76334504707208,3.96486213501698,0,2068,435,479,494,481,506,415,473,432,481,382,2.35,1.42,6.99
0.454799324274063,0.457771927118301,1.04827702045441,0.995774388313293,1.06836354732513,1.15724110603333,0.886704504489899,0.897009968757629,0.768515348434448,0.80971497297287,0.893629014492035,0.883687973022461,0.95343679189682,-1.93149871119569,2.20726625324961,0,2070,435,480,494,482,507,415,473,432,481,382,0.365,1.58,4.33
0.458970755338669,0.458137571811676,1.05333805084229,1.01479399204254,1.06422162055969,1.21624028682709,0.865090787410736,0.90691488981247,0.752882719039917,0.795375227928162,0.862699031829834,0.876869738101959,0.898585736751556,-0.252322653319167,7.57654553966303,0,2072,435,480,494,482,507,416,474,433,481,381,1.33,1.49,3.83
0.454460829496384,0.461746871471405,1.05363738536835,1.01195895671844,1.07080376148224,1.16644167900085,0.893216609954834,0.886399984359741,0.762544512748718,0.800798714160919,0.858049750328064,0.87785017490387,0.958087742328644,-7.14675727072274,8.04033429223863,0,2074,434,480,494,482,506,416,473,433,481,381,2.11,3.02,2.47
0.455887585878372,0.46641805768013,1.0634868144989,1.01348507404327,1.08269214630127,1.16702115535736,0.842789947986603,0.90755558013916,0.756315886974335,0.793714702129364,0.873203694820404,0.876696527004242,0.892479121685028,-4.85850851822288,15.5627097235745,0,2076,435,480,494,482,507,416,474,433,481,383,0.472,1.35,2.72
0.457590639591217,0.457264214754105,1.05213737487793,1.02681505680084,1.08662796020508,1.14095687866211,0.877910792827606,0.884946227073669,0.764273941516876,0.805321455001831,0.868541896343231,0.86571329832077,0.904330968856812,-3.22769612712034,6.99359618543264,0,2078,435,480,494,482,507,416,474,433,481,381,1.46,1.64,0.947
0.463546305894852,0.462697237730026,1.0674797296524,0.995145916938782,1.07718408107758,1.13795447349548,0.859534204006195,0.8847376704216,0.745057225227356,0.801443874835968,0.876756072044373,0.87461268901825,0.936609327793121,-5.49808544277615,15.3860944022004,0,2080,436,480,494,482,506,416,475,432,482,381,0.72,1.02,2.32
0.45879340171814,0.463112503290176,1.0641280412674,0.993785321712494,1.07103395462036,1.14999866485596,0.90276575088501,0.845509886741638,0.749732434749603,0.792379081249237,0.866240322589874,0.870711147785187,0.92252254486084,0.426949878578146,0.75078686192909,0,2083,435,480,494,482,507,416,474,433,481,381,0.627,1.01,4.21
0.461480408906937,0.462167263031006,1.07209479808807,0.990872323513031,1.0762734413147,1.23783302307129,0.828697323799133,0.869304537773132,0.745906293392181,0.791538834571838,0.87544709444046,0.892206251621246,0.956011712551117,3.02656206325927,7.96007970481866,0,2085,435,480,494,482,507,416,474,432,481,381,0.592,1.76,1.66
0.460293799638748,0.463393747806549,1.05920839309692,1.00596821308136,1.08017253875732,1.24393463134766,0.89938235282898,0.852365016937256,0.759130299091339,0.801014184951782,0.851076185703278,0.861164152622223,0.891095042228699,0.856927215507755,1.68553832940462,0,2087,435,480,494,482,507,416,474,434,481,381,0.946,0.545,3.23
0.463091731071472,0.462770044803619,1.07201647758484,1.00004303455353,1.06937825679779,1.22553527355194,0.875033438205719,0.871445238590241,0.740518987178803,0.781723737716675,0.883762419223785,0.877529680728912,0.935303092002869,-1.09036993973836,1.09301959874841,0,2089,435,480,494,482,507,415,473,433,482,381,0.355,1.5,1.93
0.457909166812897,0.457407146692276,1.05924308300018,0.984546959400177,1.07223868370056,1.20917046070099,0.877192974090576,0.868001818656921,0.766599059104919,0.794690072536469,0.857940137386322,0.864080786705017,0.921463966369629,-4.84497929642485,8.58654575242374,0,2091,435,479,494,482,507,415,473,433,482,381,2.18,1.92,3.87
0.461183935403824,0.458579182624817,1.08352899551392,1.0122481584549,1.07074785232544,1.15502405166626,0.851169526576996,0.8970907330513,0.742917716503143,0.781283318996429,0.878569602966309,0.877132713794708,0.930407524108887,-2.15580245698631,7.24143759009789,0,2093,435,480,495,482,506,416,474,432,481,381,1.22,1.8,1.28
0.460323691368103,0.463731080293655,1.04943418502808,0.993374407291412,1.06728804111481,1.15624213218689,0.887922406196594,0.885890960693359,0.75901997089386,0.783964514732361,0.848670780658722,0.882776737213135,0.920080602169037,-5.63568539029124,6.79507215582211,0,2095,435,480,494,482,507,416,474,432,481,381,1.19,2.54,3.22
0.460666239261627,0.468214929103851,1.08581113815308,1.00222766399384,1.06129765510559,1.19984757900238,0.852552473545074,0.918529570102692,0.720511198043823,0.799226701259613,0.880497932434082,0.894187927246094,0.9616419672966,-0.91557579753419,9.90047366408075,0,2097,436,480,495,482,507,415,474,433,481,382,0.706,1.24,2.2
0.464735329151154,0.460516393184662,1.05511379241943,1.02341914176941,1.0720546245575,1.16793131828308,0.924541115760803,0.904607176780701,0.789882600307465,0.815390586853027,0.898261904716492,0.882025063037872,0.941831707954407,3.21027439917561,6.45562179982675,0,2099,436,480,495,482,507,416,475,433,482,382,1.44,1.61,1.83
0.462925344705582,0.463072001934052,1.07996618747711,0.996233940124512,1.06633901596069,1.14903128147125,0.875997424125671,0.892660558223724,0.723988115787506,0.800211668014526,0.898970425128937,0.883947253227234,0.91578608751297,-5.41768037981734,15.6840233749272,0,2101,435,480,495,482,507,416,473,433,481,382,0.433,0.656,2.66
0.45649254322052,0.468998640775681,1.05717360973358,0.994151771068573,1.05914008617401,1.12807583808899,0.904681026935577,0.872403562068939,0.783783793449402,0.826215088367462,0.888631105422974,0.902058243751526,0.922512769699097,1.20073568398217,2.27851447149826,0,2104,436,480,495,482,508,416,474,433,482,383,0.833,1.34,3.74
0.470617264509201,0.461431384086609,1.05268692970276,1.01881051063538,1.05321383476257,1.16839158535004,0.871941089630127,0.895870745182037,0.741515457630158,0.816042304039001,0.8660688996315,0.903665482997894,0.877962112426758,3.71610652377598,4.64581306375494,0,2106,440,476,495,482,507,416,475,433,481,382,1.63,2.09,1.74
0.466004908084869,0.454120576381683,1.05248618125916,1.00772392749786,1.05310678482056,1.17606294155121,0.897597134113312,0.899897873401642,0.796928584575653,0.821317791938782,0.893952310085297,0.880983471870422,0.939075648784637,-1.04119633234475,6.44910266789523,0,2108,438,478,497,481,509,415,475,432,483,382,0.952,0.922,2.77
0.45820364356041,0.456042915582657,1.06268882751465,0.993622660636902,1.06920564174652,1.17211580276489,0.870455026626587,0.881160736083984,0.75627738237381,0.798707127571106,0.887852609157562,0.88051974773407,0.930745840072632,1.9475949429782,2.51908451813403,0,2110,436,479,495,481,507,416,475,432,482,381,0.952,1.91,1.35
0.457134068012238,0.456116229295731,1.07182347774506,1.0154367685318,1.07456243038178,1.13835799694061,0.888734042644501,0.86324417591095,0.781042635440826,0.814982414245606,0.865407645702362,0.890863239765167,0.919766902923584,-4.03578044849353,5.28012582435275,0,2112,436,479,495,482,507,416,474,432,481,383,0.609,0.876,3.02
0.461109012365341,0.454690754413605,1.04709339141846,1.00684869289398,1.08104646205902,1.18171298503876,0.871035933494568,0.867931842803955,0.74255359172821,0.804909646511078,0.877179265022278,0.87715071439743,0.888383626937866,-1.42142446763727,6.11527783859649,0,2114,436,480,495,482,507,416,474,434,482,382,0.7,1.78,0.837
0.462551355361939,0.457250624895096,1.04982149600983,0.985358119010925,1.0680775642395,1.13889455795288,0.886809885501862,0.892573416233063,0.767570972442627,0.813987731933594,0.909588158130646,0.877854824066162,0.908939003944397,-2.96758895751347,4.29120632472268,0,2116,435,479,495,481,507,416,474,432,481,381,1.46,1.8,2.42
0.462763577699661,0.454212963581085,1.06048834323883,0.99174028635025,1.08252286911011,1.11608135700226,0.870442390441895,0.86998176574707,0.735238790512085,0.815213739871979,0.898933172225952,0.891427993774414,0.936350762844086,-5.21578934913725,8.99469258057949,0,2118,436,480,496,482,509,415,475,432,482,382,1.04,1.99,1.14
0.457618415355682,0.442453503608704,1.04461681842804,0.979817807674408,1.07697772979736,1.13004267215729,0.922849893569946,0.902959406375885,0.771117150783539,0.819340348243713,0.874969363212585,0.889809370040894,0.931398391723633,0.238717168814108,5.37603055183956,0,2120,436,480,496,482,508,416,474,433,482,382,1.06,1.57,0.987
0.46144026517868,0.447830468416214,1.06398701667786,0.997634410858154,1.07389712333679,1.06870341300964,0.879894912242889,0.870028436183929,0.742840111255646,0.789942264556885,0.867838561534882,0.888954401016235,0.914239466190338,-4.29904761174168,14.6057023028743,0,2122,436,479,495,481,507,415,475,432,482,381,0.51,1.06,0.322
0.45419505238533,0.44722107052803,1.04103767871857,0.997629284858704,1.06038296222687,1.08645808696747,0.908086180686951,0.871080160140991,0.773428440093994,0.811219394207001,0.861508429050446,0.864349186420441,0.916281580924988,-1.07768971959519,11.9416105617317,0,2124,436,480,496,482,508,416,475,433,482,382,0.931,1.29,0.765
0.458501726388931,0.447443246841431,1.05216836929321,0.993336379528046,1.05527138710022,1.08924090862274,0.858698189258575,0.882874488830566,0.749700367450714,0.801571547985077,0.883244216442108,0.862119793891907,0.871599018573761,-0.136224373577721,2.76689635922693,0,2127,436,480,495,482,508,416,474,433,482,381,0.747,1.55,2.31
0.455083161592484,0.446276664733887,1.04651474952698,0.997127890586853,1.0469034910202,1.09273171424866,0.882479310035706,0.880213379859924,0.791087985038757,0.802594840526581,0.890006959438324,0.88188099861145,0.900485455989838,3.65556138998386,3.72880052931833,0,2129,436,480,495,482,507,417,472,432,481,382,0.226,1.61,0.382
0.458255022764206,0.443112224340439,1.05870771408081,0.999023377895355,1.05843555927277,1.06357371807098,0.886322200298309,0.886725664138794,0.761996150016785,0.810932099819183,0.898050606250763,0.884771227836609,0.913497388362885,5.2175184660885,6.00796013525943,0,2131,437,480,496,482,507,416,474,433,482,382,1.53,2.23,2.88
0.458070993423462,0.439118891954422,1.04657566547394,0.987519204616547,1.06551373004913,1.0035617351532,0.877360641956329,0.864970624446869,0.761610805988312,0.798345029354095,0.897237181663513,0.874657154083252,0.824289381504059,-1.8384359154786,2.13477392701257,0,2133,436,480,495,482,507,417,474,434,482,382,1.2,1.64,2.24
0.461038529872894,0.442937135696411,1.05736494064331,0.986933887004852,1.06734097003937,1.05050384998322,0.868083298206329,0.91020792722702,0.766173958778381,0.801462292671204,0.895419001579285,0.901034295558929,0.920126855373383,-7.79735587289604,12.5390155734997,0,2135,437,480,496,482,508,415,474,433,483,381,1.75,1,2.65
0.458295971155167,0.443909078836441,1.05848133563995,0.996210157871246,1.05648446083069,1.03612661361694,0.9023397564888,0.924867749214172,0.77450430393219,0.812299609184265,0.893294036388397,0.870573699474335,0.929596424102783,-2.06609250113,2.75683483953537,0,2137,436,480,496,482,508,415,474,433,483,382,1.01,2.41,2.47
0.459194749593735,0.445346742868423,1.03634321689606,0.98502904176712,1.0649174451828,1.02031075954437,0.893970906734467,0.878577649593353,0.758318722248077,0.79152774810791,0.889565050601959,0.887446463108063,0.922531664371491,-2.45074685837768,10.3949617565198,0,2139,437,479,496,482,508,416,474,433,483,383,0.361,0.644,2.45
0.458229839801788,0.442301362752914,1.04683434963226,0.994624316692352,1.07073199748993,1.03106212615967,0.880957543849945,0.904347836971283,0.73998373746872,0.81100594997406,0.848878860473633,0.883339166641235,0.907481908798218,-4.43222066832441,4.58530564789997,0,2141,437,479,496,481,509,415,474,433,483,382,0.846,1.13,1.68
0.454518109560013,0.444799274206162,1.06841480731964,0.990265429019928,1.06485033035278,1.01571369171143,0.854486286640167,0.882160365581512,0.740956842899323,0.785953938961029,0.895201027393341,0.873144268989563,0.939930856227875,-2.94150389110786,14.3176116968633,0,2143,437,478,496,480,508,414,474,432,483,381,0.91,1.24,2.51
0.454326927661896,0.447304576635361,1.06432712078094,0.974843502044678,1.07518923282623,1.01081562042236,0.872687041759491,0.87890625,0.756058752536774,0.796006083488464,0.907380044460297,0.877854645252228,0.91715544462204,-2.60508570162727,11.1232313179608,0,2145,436,480,496,482,508,416,475,432,483,382,0.659,1.34,2.12
0.451398491859436,0.449237078428268,1.04812049865723,0.981196105480194,1.06409394741058,0.999583244323731,0.892340898513794,0.872749090194702,0.729216158390045,0.786390483379364,0.862488746643066,0.861791789531708,0.916887044906616,2.22343628011341,3.56078485122446,0,2148,437,478,496,481,507,414,475,431,483,381,0.432,2.35,0.593
0.455445259809494,0.437399834394455,1.04998183250427,0.974081516265869,1.06471180915833,0.988848388195038,0.901346325874329,0.868834495544434,0.783375322818756,0.801581501960754,0.885643899440765,0.867079317569733,0.944134056568146,-2.61015188053334,3.58178352121622,1,2150,437,479,496,481,508,415,475,432,483,382,0.667,0.337,2.96
0.455767393112183,0.44513601064682,1.06494009494782,0.982973635196686,1.06160163879395,0.988314032554626,0.875050902366638,0.888856053352356,0.763140678405762,0.794694125652313,0.887231528759003,0.885797441005707,0.925850331783295,-2.08132091664789,3.67950588847138,1,2152,437,479,497,481,509,415,475,433,484,382,1.11,0.742,1.2
0.456607282161713,0.441076129674912,1.03325664997101,0.979551196098328,1.07813954353333,1.03850913047791,0.877011954784393,0.894230782985687,0.754051327705383,0.805682599544525,0.875543653964996,0.875620722770691,0.906633913516998,-0.176151315373894,2.76554356545352,1,2154,436,480,496,482,508,416,474,432,483,383,0.947,0.983,3.22
0.458139181137085,0.444691509008408,1.07013142108917,1.00331008434296,1.05257368087769,1.03009080886841,0.862787365913391,0.842696607112885,0.73151969909668,0.787937045097351,0.908412635326386,0.884317636489868,0.912847220897675,-0.565831612967026,11.7797269499406,1,2156,436,480,496,481,508,416,475,433,483,383,0.819,1.85,2.28
0.456431150436401,0.442967534065247,1.06920230388641,0.989908933639526,1.06280899047852,1.13137698173523,0.869200110435486,0.871259152889252,0.782271802425385,0.794327437877655,0.886085450649262,0.870186269283295,0.94439834356308,-2.62968213138271,5.47229358516898,1,2158,436,480,495,482,508,416,473,433,482,383,1.29,2.69,2.43
0.454675227403641,0.445364624261856,1.07504963874817,0.995199143886566,1.06534349918365,1.1726371049881,0.877735257148743,0.886036574840546,0.724112570285797,0.792294204235077,0.860378623008728,0.866058588027954,0.823691487312317,-6.64443377825563,15.4863025578996,1,2160,437,480,496,482,508,415,474,432,483,383,0.901,1.71,2.96
0.458477675914764,0.440945029258728,1.03476071357727,1.02107071876526,1.05513501167297,1.22018957138062,0.889390051364899,0.869480490684509,0.778360843658447,0.794518649578095,0.865898370742798,0.883163452148438,0.891151428222656,0.700329822398056,4.6342345886034,1,2162,436,479,495,481,509,415,474,432,483,382,0.508,1.99,3.86
0.465113759040833,0.443866431713104,1.09113037586212,1.0018721818924,1.07016432285309,1.26485228538513,0.863817095756531,0.876928865909576,0.760239958763123,0.784621953964233,0.856974542140961,0.875832855701447,0.892018795013428,-6.76357498393426,16.3000941296882,1,2164,436,480,495,482,508,416,474,434,482,382,0.608,0.769,2.94
0.460822314023972,0.448987603187561,1.06170749664307,1.05060398578644,1.07241415977478,1.32770276069641,0.89046311378479,0.895702302455902,0.756182134151459,0.801688671112061,0.862812161445618,0.888466060161591,0.728448271751404,2.08699167045265,8.10554949245183,1,2166,436,480,496,482,508,416,475,433,483,382,1.02,0.679,3.85
0.463352888822556,0.448974519968033,1.07223033905029,1.02409040927887,1.07183909416199,1.34910118579865,0.879490673542023,0.85897433757782,0.710296034812927,0.783537685871124,0.8679039478302,0.882411599159241,0.932367146015167,7.32780864021386,11.7541676923976,1,2169,436,478,496,481,508,415,475,433,483,381,0.923,1.87,3.22
0.464256137609482,0.446622967720032,1.05424606800079,1.03860545158386,1.0913827419281,1.4099634885788,0.849787175655365,0.895203649997711,0.778960525989533,0.796811282634735,0.854314744472504,0.851571559906006,0.944500505924225,-2.3957127399841,2.48418540412341,1,2171,436,479,495,481,508,415,475,432,482,382,1.36,0.547,2.35
0.467148959636688,0.450434654951096,1.08766448497772,1.01403033733368,1.08173763751984,1.40515041351318,0.866011381149292,0.88210141658783,0.733068346977234,0.781303346157074,0.865130186080933,0.868739187717438,0.940428376197815,-2.72424827556918,4.26568431007472,1,2173,436,479,495,481,507,415,474,432,482,382,1.22,1.55,1.3
0.462727785110474,0.449774026870728,1.07843017578125,1.12764704227448,1.07266330718994,1.50601780414581,0.890959918498993,0.8917076587677,0.761173188686371,0.800465822219849,0.886254012584686,0.861718237400055,0.926634788513184,-7.61554113567536,8.69134246961367,1,2175,436,479,495,481,509,414,477,433,483,381,1.93,1.32,2.07
0.465340107679367,0.452262341976166,1.08992719650269,1.00796008110046,1.07109224796295,1.57381355762482,0.834647417068481,0.884493112564087,0.737704932689667,0.792251825332642,0.854302763938904,0.896517932415009,0.934454739093781,-1.82760165565043,7.64586829382456,1,2177,436,478,495,480,508,415,473,432,483,381,1.56,2.51,1.09
0.47353658080101,0.452285528182983,1.06765472888947,1.02050089836121,1.06375753879547,1.57844543457031,0.87138158082962,0.865380108356476,0.775600433349609,0.80343770980835,0.870900928974152,0.872159719467163,0.985207080841064,0.173182473940384,0.34284641451487,1,2179,436,479,495,481,508,415,474,432,483,381,0.903,1.31,1.91
0.465356141328812,0.449669748544693,1.06789350509644,1.03081893920898,1.07093966007233,1.60625410079956,0.871643364429474,0.827093601226807,0.724670767784119,0.757378935813904,0.838111758232117,0.894355654716492,0.928366780281067,-1.6001762373,11.7114861159895,1,2181,428,475,493,480,506,413,473,432,481,381,1.45,1.31,1.74
0.459515184164047,0.455996036529541,1.10394310951233,0.998715817928314,1.07840371131897,1.55211102962494,0.862352013587952,0.86699366569519,0.739151120185852,0.791397631168366,0.841845631599426,0.871862709522247,0.923647165298462,5.63629275571445,7.6436046415025,1,2183,402,442,462,443,471,376,438,397,443,347,0.771,1.73,0.724
0.463815122842789,0.444389820098877,1.10450327396393,1.12459623813629,1.08784711360931,1.48143577575684,0.855618357658386,0.871794879436493,0.775328397750855,0.786869466304779,0.856751084327698,0.868089377880096,0.905289053916931,-2.731303395653,13.7143397979399,1,2185,408,443,466,443,474,378,442,397,445,346,0.228,2.3,2.92
0.458158671855927,0.445682287216187,1.11929845809937,1.11198222637177,1.08633720874786,1.55102932453156,0.882520139217377,0.888041317462921,0.757198750972748,0.785224318504334,0.826407015323639,0.869947075843811,0.891246676445007,5.10976812707971,12.0265187296174,1,2187,412,444,471,445,480,379,448,398,451,347,0.385,1.63,2.03
0.459443062543869,0.441552191972733,1.10422503948212,1.12194800376892,1.08831024169922,1.48444998264313,0.831756949424744,0.88676381111145,0.759231925010681,0.782576739788055,0.865276634693146,0.884061336517334,0.900400698184967,-0.822163429912165,2.8898830423072,1,2190,418,446,475,446,485,381,453,399,455,348,1.3,2.26,1.55
0.460428595542908,0.446706265211105,1.10137581825256,1.00525796413422,1.06995689868927,1.49314188957214,0.883213460445404,0.89845472574234,0.807620227336884,0.784022033214569,0.841251194477081,0.892566978931427,0.929203510284424,-1.60186103799791,2.64450667788532,1,2192,419,447,477,448,488,382,455,400,459,349,1.33,1.24,1.57
0.466355502605438,0.44527542591095,1.10241830348969,1.06938600540161,1.08320736885071,1.65705168247223,0.862965822219849,0.911561012268066,0.75268816947937,0.803157448768616,0.850555419921875,0.895710289478302,0.913892686367035,5.18802612627734,5.47596269551357,1,2194,422,447,479,448,489,382,458,399,460,350,0.915,1.93,1.52
0.468453198671341,0.451785355806351,1.10277795791626,1.0182740688324,1.10618710517883,1.63895750045776,0.914706587791443,0.904761910438538,0.783602178096771,0.802762866020203,0.86864709854126,0.889039218425751,0.923121750354767,-0.87137334043257,1.62245567276427,1,2196,422,448,480,450,491,383,458,401,462,351,0.974,1.03,1.49
0.46857151389122,0.450033903121948,1.09914612770081,1.04037976264954,1.05412030220032,1.56666743755341,0.871604919433594,0.897689759731293,0.759670913219452,0.806503713130951,0.856502234935761,0.874403834342957,0.937112092971802,0.849048785429179,9.5213757540572,1,2198,424,448,481,448,491,382,459,400,463,350,1.49,1.16,1.72
0.474024772644043,0.446800142526627,1.08227050304413,1.0178941488266,1.09709620475769,1.60281503200531,0.896173059940338,0.880593121051788,0.787311494350433,0.812552094459534,0.888374507427216,0.900919377803803,0.899906039237976,-1.15920421295295,4.63436579384655,1,2200,424,448,481,449,492,384,459,400,464,350,0.886,1.17,0.201
0.470336258411408,0.451324760913849,1.12011003494263,1.03762698173523,1.06932842731476,1.68291473388672,0.87771201133728,0.914492726325989,0.75688248872757,0.805675268173218,0.87016773223877,0.869422316551209,0.900905430316925,-4.61691199257193,20.8564775431701,1,2202,424,449,482,449,492,384,459,401,464,351,0.965,1.96,1.88
0.470663398504257,0.447926819324493,1.0898562669754,1.08474576473236,1.08888173103333,1.70081877708435,0.889731645584106,0.864259600639343,0.767375588417053,0.818433880805969,0.869970381259918,0.893645823001862,0.892959535121918,-1.89830507523473,6.89791596074469,1,2204,424,449,481,450,492,384,460,402,464,352,1.22,2.6,0.905
0.470259428024292,0.444701373577118,1.09097135066986,1.17653489112854,1.0795681476593,1.58881640434265,0.860482275485992,0.898160338401794,0.766192972660065,0.813531458377838,0.856586813926697,0.898101508617401,0.938084125518799,-3.85618600847685,16.5079187052492,1,2206,425,448,482,449,492,384,461,399,464,350,0.345,1.43,1.82
0.467258483171463,0.449222385883331,1.09848940372467,1.01934731006622,1.0672709941864,1.50349116325378,0.880437612533569,0.883650541305542,0.760277509689331,0.805637180805206,0.871257483959198,0.904184281826019,0.905622482299805,-2.9361742088764,7.20484029954834,1,2208,424,449,482,450,493,384,459,401,464,351,1.98,1.12,1.63
0.463298112154007,0.443854957818985,1.09511983394623,1.02774572372437,1.07765829563141,1.6910285949707,0.836294770240784,0.911834061145783,0.784673631191254,0.795205593109131,0.862909555435181,0.89223700761795,0.911181271076202,3.37493655630829,3.57490221504924,0,2211,425,448,483,449,493,383,459,400,465,350,0.99,2.71,3.05
0.472917348146439,0.435653060674667,1.09187030792236,1.04981756210327,1.07734274864197,1.64296734333038,0.906073451042175,0.875820875167847,0.732127249240875,0.819430649280548,0.860666692256928,0.888976216316223,0.923462092876434,0.347744464499521,1.4570409788756,0,2213,431,453,491,460,503,394,470,412,475,360,0.76,2.26,1.46
0.464020639657974,0.435302376747131,1.10666847229004,1.03077924251556,1.05262863636017,1.67642390727997,0.903495192527771,0.866376161575317,0.716858208179474,0.788959681987762,0.847929239273071,0.866666674613953,0.907312393188477,-4.1379143327893,6.98109865706878,0,2215,434,462,492,463,503,398,471,414,476,363,0.761,1.84,1.85
0.462131649255753,0.438205808401108,1.09255814552307,1.01938545703888,1.08197748661041,1.62066650390625,0.892978310585022,0.91723358631134,0.705169856548309,0.811271250247955,0.849656105041504,0.885978281497955,0.907953977584839,-0.687480905799385,1.74581723517324,0,2217,435,465,493,468,505,402,471,418,479,368,0.945,2.15,1.13
0.460843622684479,0.436250418424606,1.09265470504761,1.03312885761261,1.06978797912598,1.52502489089966,0.848314583301544,0.902769923210144,0.70698869228363,0.783052682876587,0.858359336853027,0.872857928276062,0.882964015007019,-2.83689940519505,10.6521888073147,0,2219,436,467,494,469,506,403,474,420,480,368,0.919,0.592,0.586
0.464276194572449,0.428097784519196,1.07654714584351,1.02641439437866,1.05427491664886,1.59713172912598,0.871017038822174,0.897456288337708,0.725345313549042,0.799828767776489,0.849427163600922,0.869950652122498,0.938075959682465,-0.294574394929606,0.313234771222228,0,2221,436,468,494,471,507,404,475,421,480,370,0.671,1.44,2.48
0.463046550750732,0.429956585168839,1.10702705383301,1.00864601135254,1.07517290115356,1.52565550804138,0.871454417705536,0.868239939212799,0.719344913959503,0.787459373474121,0.854271352291107,0.868949234485626,0.919768154621124,-7.2050148522277,14.8356651987794,0,2223,436,469,494,471,507,405,473,421,481,370,0.655,1.07,1.05
0.460759937763214,0.421932637691498,1.08917999267578,1.01765561103821,1.07644736766815,1.46430671215057,0.876402139663696,0.871540069580078,0.730171322822571,0.787372589111328,0.847917258739471,0.868249714374542,0.930185854434967,-2.1510052291969,3.29095308428125,0,2225,436,469,495,472,507,406,474,424,481,372,0.457,1.17,2.27
0.454604208469391,0.423663407564163,1.08412432670593,0.999045550823212,1.07633650302887,1.44037246704102,0.844998300075531,0.836446225643158,0.707028925418854,0.776879012584686,0.852865874767303,0.847215890884399,0.939984977245331,-3.40392276219571,16.7750061472536,0,2227,437,470,495,472,509,406,475,422,482,371,0.385,1.11,2.42
0.457448035478592,0.424684107303619,1.09948527812958,1.00143074989319,1.07503461837769,1.40135025978088,0.898126184940338,0.868649303913116,0.722651541233063,0.792093276977539,0.866226255893707,0.85600084066391,0.886627912521362,-0.31653662474695,8.71789495002535,0,2229,436,470,495,473,507,407,474,423,482,371,0.42,1.64,1.63
0.455059558153152,0.426763385534287,1.07603275775909,0.986991941928864,1.07156360149384,1.4533976316452,0.865966320037842,0.856111884117126,0.724108636379242,0.786724984645844,0.882243990898132,0.872964441776276,0.920077204704285,4.00939265705439,7.6549742962621,0,2232,437,472,496,474,507,409,474,425,483,372,1.74,1.56,1.54
0.459456890821457,0.424601703882217,1.06548941135407,1.06614291667938,1.0800644159317,1.16618740558624,0.882251441478729,0.896394550800324,0.753471791744232,0.814433217048645,0.864285707473755,0.866152942180634,0.91372549533844,1.08390438406415,2.18490635087742,0,2234,437,472,496,474,510,407,476,424,483,372,1.42,1.38,4.45
0.455825388431549,0.425354599952698,1.06385493278503,1.02387738227844,1.07409346103668,1.32782459259033,0.856137812137604,0.888120412826538,0.732430458068848,0.806971430778503,0.86962753534317,0.871273279190064,0.918831169605255,0.124290114896971,1.1058905741597,0,2236,438,472,496,475,508,409,476,425,483,374,0.598,2.04,1.81
0.453323245048523,0.427379131317139,1.08229005336761,0.991267621517181,1.0729513168335,1.32690453529358,0.918757438659668,0.908542275428772,0.729544758796692,0.820650517940521,0.854309022426605,0.861484527587891,0.922519087791443,-3.75301586932754,3.9170069095078,0,2238,437,473,496,475,509,409,476,426,483,374,1.3,2.27,2.92
0.454814612865448,0.426266103982925,1.06271755695343,1.01351034641266,1.0936666727066,1.25078022480011,0.895181000232697,0.801543533802033,0.713515520095825,0.801780939102173,0.857855916023254,0.873423933982849,0.900071918964386,-2.28509044344451,7.17910052046759,0,2240,437,472,496,475,508,409,475,425,483,373,1.42,1.95,0.93
0.459974408149719,0.423071682453156,1.04322063922882,0.995811879634857,1.07573318481445,1.31806647777557,0.921328663825989,0.900571942329407,0.769681632518768,0.823184967041016,0.867486357688904,0.852571547031403,0.945602416992188,-0.043850071857226,0.336242286472419,0,2242,437,473,496,476,509,409,475,426,484,375,1.58,1.04,2.05
0.46311166882515,0.431735634803772,1.08006346225739,1.02416598796844,1.07263624668121,1.30882573127747,0.888796508312225,0.881302535533905,0.730852961540222,0.818654239177704,0.876171767711639,0.874374330043793,0.91221034526825,-4.07353090491933,16.7061779675465,0,2244,438,473,497,475,510,409,477,426,484,375,0.5,1.43,1.78
0.459020882844925,0.427665412425995,1.06392312049866,1.03697168827057,1.05774939060211,1.27610421180725,0.939565420150757,0.875212967395783,0.76157283782959,0.837675094604492,0.89123523235321,0.854672729969025,0.904294490814209,-1.48977709712022,11.1010653502202,0,2246,437,473,496,475,509,409,476,426,483,375,1.74,1.67,2.88
0.46734893321991,0.432062357664108,1.06496381759644,1.00926280021667,1.06834411621094,1.29415917396545,0.910685479640961,0.920000016689301,0.711782872676849,0.815309166908264,0.872885048389435,0.894938111305237,0.865612626075745,-3.40239302529441,18.5216079655051,0,2248,438,473,497,476,510,409,475,425,483,375,1.51,1.49,2.29
0.470896691083908,0.436346471309662,1.06659162044525,1.01813924312592,1.08181715011597,1.22632873058319,0.944150924682617,0.912997901439667,0.755299210548401,0.835849165916443,0.889892339706421,0.883984744548798,0.936117947101593,1.16369513660726,7.03632564664105,0,2250,438,473,497,475,510,409,476,426,484,375,1.73,2.15,1.61
0.461355358362198,0.433150112628937,1.07576453685761,0.99331521987915,1.07344174385071,1.23643314838409,0.901448786258698,0.885333359241486,0.741045713424683,0.826311230659485,0.87300843000412,0.877777755260468,0.910195827484131,-0.243075419984466,1.14936562023442,0,2253,438,473,496,476,510,409,477,426,484,375,1.71,0.994,1.89
0.466123908758163,0.430484503507614,1.0743328332901,1.00090909004211,1.07546544075012,1.26448202133179,0.961860477924347,0.875187575817108,0.744699656963348,0.857219517230988,0.891601979732513,0.873647630214691,0.889680802822113,-1.23276035906295,1.23497355990064,0,2255,438,473,497,475,508,411,477,426,483,376,2.13,1.26,2.58
0.469259917736053,0.433388441801071,1.06664323806763,0.994603931903839,1.07660233974457,1.25546765327454,0.945594966411591,0.925087571144104,0.718551337718964,0.864673554897308,0.893000245094299,0.87481290102005,0.938392877578735,-3.75493443528366,4.29537921849389,0,2257,438,473,496,476,509,409,475,426,484,375,1.4,2.7,2.05
0.46651765704155,0.43442690372467,1.06915807723999,1.02199983596802,1.07912015914917,1.19489336013794,0.949370384216309,0.882013440132141,0.803957462310791,0.850027918815613,0.88289612531662,0.865073263645172,0.903939783573151,0.607843972125136,1.16816821378813,0,2259,438,473,497,475,510,409,477,424,484,375,1.04,2.02,1.93
0.474208414554596,0.439663082361221,1.06100642681122,1.00065875053406,1.08605968952179,1.22425293922424,0.926650822162628,0.924345672130585,0.726718723773956,0.846315920352936,0.898674428462982,0.885249137878418,0.938065767288208,2.68602103629718,10.7573703171872,0,2261,438,473,497,475,509,409,476,426,485,374,0.872,1.19,1.23
0.467863768339157,0.428126335144043,1.05765318870544,0.99568235874176,1.0947425365448,1.20167291164398,0.925779163837433,0.893175065517426,0.759776532649994,0.855751931667328,0.885124921798706,0.874097526073456,0.931392908096314,1.66115834078183,4.17180878991348,0,2263,438,473,497,475,509,410,476,426,484,375,0.466,2.37,2.03
0.464854031801224,0.437290638685226,1.06512796878815,1.00217652320862,1.07907509803772,1.16484546661377,0.91221696138382,0.887685537338257,0.749373018741608,0.853249907493591,0.866727411746979,0.882678091526032,0.935814440250397,1.17354938995287,16.4148716844185,0,2265,436,474,495,476,507,410,474,426,483,374,0.646,1.24,2.74
0.464092344045639,0.435361593961716,1.0689549446106,1.00845324993134,1.07972776889801,1.23107147216797,0.897725343704224,0.891635000705719,0.744656264781952,0.839579999446869,0.883336961269379,0.867853879928589,0.910777986049652,3.42132605067401,7.01546658031165,0,2267,435,474,495,476,507,410,474,427,482,376,0.297,2.27,2.17
0.461710214614868,0.432669371366501,1.05500829219818,1.01267349720001,1.07100296020508,1.2606143951416,0.90347558259964,0.885854363441467,0.736437261104584,0.824332892894745,0.874885439872742,0.862210512161255,0.94309389591217,-5.78591296275386,23.0603057037844,0,2269,436,474,495,476,507,410,474,427,482,376,0.955,1.79,1.62
0.461967378854752,0.429572314023972,1.03679513931274,1.00879907608032,1.07350432872772,1.18011438846588,0.907377183437347,0.897111892700195,0.780665755271912,0.833295226097107,0.87726902961731,0.871548354625702,0.917416632175446,-5.12763943595862,7.80188945938062,0,2271,435,473,495,475,509,409,473,425,481,375,1.08,1.45,1.58
0.463269621133804,0.437242805957794,1.04532098770142,1.00900220870972,1.07815194129944,1.27437591552734,0.906350493431091,0.918591201305389,0.777526676654816,0.823355317115784,0.866970360279083,0.868407368659973,0.915038228034973,1.52461211281594,11.5006346700744,0,2273,435,474,494,476,506,410,473,428,482,376,1.96,0.601,3.05
0.459227532148361,0.435532659292221,1.06416320800781,1.03394973278046,1.07995223999023,1.22196793556213,0.898392558097839,0.911251962184906,0.778129100799561,0.850876271724701,0.875970959663391,0.882475733757019,0.932645320892334,1.92591069224103,1.94144089662787,0,2276,435,474,495,476,507,411,475,427,482,376,0.638,2.28,4.64
0.464464992284775,0.433926314115524,1.06559193134308,1.00616407394409,1.07120847702026,1.249960064888,0.900153994560242,0.916090250015259,0.749176144599915,0.837764263153076,0.868908584117889,0.868553519248962,0.917921662330627,0.533887132283501,1.24109078902535,0,2278,435,475,494,477,508,410,473,428,482,375,1.22,1.57,2.59
0.467274874448776,0.448778361082077,1.0509626865387,1.005690574646,1.07429599761963,1.15788233280182,0.910167813301086,0.923407554626465,0.775886118412018,0.8413405418396,0.897819042205811,0.87108188867569,0.911236703395844,-0.410417314758315,1.93960147770042,0,2280,434,474,494,477,507,410,474,426,481,377,0.954,1.79,4.58
0.464384138584137,0.447370201349258,1.05139768123627,0.980324745178223,1.06852173805237,1.1633415222168,0.892498195171356,0.913133382797241,0.747602820396423,0.843102335929871,0.896709442138672,0.890022158622742,0.900439262390137,-0.290214749283142,12.7552681874856,0,2282,435,475,494,477,506,410,473,428,482,375,0.976,2.56,3.71
0.474231213331223,0.443277835845947,1.04010939598084,1.00192308425903,1.07071363925934,1.18882501125336,0.924126625061035,0.907560229301453,0.75130707025528,0.846537172794342,0.905686557292938,0.882336735725403,0.891213417053223,-2.11627062412243,3.47383549891342,0,2284,434,475,494,477,507,411,474,428,481,377,0.74,1.09,5.13
0.473257094621658,0.448917090892792,1.05387997627258,1.03039836883545,1.07277202606201,1.15998029708862,0.876881957054138,0.892170965671539,0.750497698783875,0.833402097225189,0.871106326580048,0.877645671367645,0.917734324932098,-0.874643135323007,13.224619316364,0,2286,435,475,494,477,506,411,475,428,481,376,0.891,1.43,3.35
0.468538969755173,0.445535689592361,1.05304372310638,1.02357816696167,1.08285903930664,1.12017214298248,0.929863810539246,0.920595526695251,0.770438492298126,0.838904619216919,0.903061211109161,0.889811396598816,0.923206031322479,-3.85312990181398,7.18495834236174,0,2288,434,475,494,477,507,411,474,427,481,377,0.453,1.67,3.69
0.477379649877548,0.448800504207611,1.08039367198944,1.00219440460205,1.0802915096283,1.10712087154388,0.883667886257172,0.899087250232697,0.766046583652496,0.839901626110077,0.875197768211365,0.888820171356201,0.908403754234314,-1.03429264030832,13.3559642354127,0,2290,434,475,494,477,506,411,473,428,481,376,0.948,0.895,3.72
0.470080107450485,0.442608654499054,1.0386255979538,0.999133706092835,1.07466971874237,1.09158706665039,0.915503025054932,0.907436072826386,0.771359026432037,0.831426560878754,0.879426658153534,0.899070382118225,0.928415417671204,0.099749047574623,13.5220487181062,0,2292,434,475,494,477,506,411,473,428,480,376,0.834,1.46,1.25
0.477949559688568,0.443827688694,1.08170092105865,0.983558416366577,1.0649379491806,1.08257853984833,0.901739478111267,0.861523270606995,0.728362619876862,0.832400441169739,0.864702343940735,0.878003716468811,0.909742116928101,-1.71304792989627,11.4900474226164,0,2294,435,475,494,477,506,411,473,427,481,376,0.628,0.921,1.43
0.473107248544693,0.444255948066711,1.05220973491669,0.986197710037231,1.07140898704529,1.10352599620819,0.894196808338165,0.926794111728668,0.75688773393631,0.83955043554306,0.880744636058807,0.897570371627808,0.938416421413422,4.32821397651709,4.91764883578764,0,2297,435,474,494,477,507,411,474,427,481,377,0.884,1.6,1.81
0.480200797319412,0.443705230951309,1.07240200042725,0.996496438980103,1.05664646625519,1.07579565048218,0.880260825157166,0.878691971302033,0.736339330673218,0.826592743396759,0.866787672042847,0.877270698547363,0.953510463237762,0.059416242354133,3.76090962486744,0,2299,435,475,494,477,506,410,473,428,481,376,1.03,2.04,1.83
0.475059241056442,0.450054198503494,1.05539035797119,0.973963975906372,1.06682288646698,1.05754482746124,0.890259206295013,0.91540002822876,0.768542647361755,0.830221354961395,0.856905162334442,0.884049832820892,0.960651278495789,4.3037179309135,5.38471511321223,0,2301,435,475,494,477,507,411,473,427,481,377,1.88,1.02,1.16
0.479243755340576,0.448804885149002,1.06769263744354,0.981809198856354,1.08035433292389,1.05099487304688,0.879582047462463,0.901315808296204,0.753106117248535,0.826985776424408,0.867582261562347,0.880221366882324,0.950163424015045,-4.67223678763629,7.78284783481886,0,2303,435,474,495,476,507,411,473,427,482,377,0.902,2.2,2.25
0.473187506198883,0.445795387029648,1.0445944070816,0.986471176147461,1.05973839759827,1.03531074523926,0.90155041217804,0.907608687877655,0.763613700866699,0.823481202125549,0.845400333404541,0.875532031059265,0.941657602787018,-3.28098668804531,7.12495974697461,0,2305,435,474,495,476,507,410,474,427,481,376,1.23,2.65,0.529
0.481719702482224,0.444610953330994,1.05467259883881,1.00348436832428,1.06391310691834,1.04358053207397,0.874954044818878,0.900084674358368,0.743762195110321,0.823784649372101,0.855912446975708,0.865847766399384,0.931279599666595,0.318934265362311,15.0729443366795,0,2307,435,474,494,477,506,411,474,428,481,376,1.4,1.33,1
0.468680083751678,0.447450309991837,1.03995060920715,0.983272433280945,1.05615317821503,1.03390336036682,0.897311389446259,0.855245709419251,0.757564246654511,0.824763774871826,0.82781845331192,0.889940023422241,0.910334348678589,-4.45828959794719,9.42383817446619,0,2309,435,474,494,476,506,411,473,427,481,377,0.953,2.51,0.767
0.487348705530167,0.451973497867584,1.07782757282257,0.984881103038788,1.05140805244446,1.03472459316254,0.836432099342346,0.860687673091888,0.728513896465302,0.820822715759277,0.865188717842102,0.876077234745026,0.919819831848145,-4.81664405496975,18.4313379805313,0,2311,435,474,495,476,507,410,475,426,482,376,1.46,1.39,1.66
0.467443346977234,0.449838846921921,1.04957222938538,0.991927266120911,1.06424260139465,1.01763641834259,0.896344900131226,0.917083621025085,0.774671673774719,0.822145640850067,0.867155849933624,0.870577394962311,0.913689613342285,-6.89313310375179,15.7059229282357,0,2313,434,474,494,476,507,410,473,427,481,377,1.29,0.784,1.52
0.484752237796783,0.452519327402115,1.06333005428314,0.980154395103455,1.06584787368774,1.00815606117249,0.864081084728241,0.890682637691498,0.755305230617523,0.804384410381317,0.868469417095184,0.867790281772614,0.892142534255981,0.987751075943244,9.97350548084174,0,2315,435,474,494,476,506,410,473,427,482,375,1.93,1.63,1.33
0.480264812707901,0.450622498989105,1.04016518592834,0.977873980998993,1.05103325843811,1.0085996389389,0.8722203373909,0.878974616527557,0.733826756477356,0.819060504436493,0.82724404335022,0.889614820480347,0.940397322177887,-2.31143049386298,2.3286738314385,0,2318,435,474,495,476,506,411,474,426,481,376,1.72,2.51,3.57
0.496396422386169,0.45071142911911,1.05987119674683,0.993186175823212,1.05695116519928,1.01810419559479,0.879599452018738,0.889770746231079,0.771488904953003,0.814956307411194,0.851974427700043,0.882022500038147,0.908984124660492,3.96656457423589,4.21329182476731,0,2320,435,474,494,477,506,411,473,428,481,377,0.96,1.74,2.68
0.484804898500443,0.462668508291245,1.06963050365448,0.984121084213257,1.06479167938232,0.991317749023438,0.883711874485016,0.893569827079773,0.772625982761383,0.821665167808533,0.8753901720047,0.864113986492157,0.917923986911774,-5.34674226875312,7.54624397463022,0,2322,436,474,495,476,508,410,474,427,482,375,1.54,1.64,2.15
0.492194443941116,0.461237847805023,1.07734704017639,0.998201072216034,1.05855345726013,0.991355419158936,0.840369999408722,0.874354541301727,0.733852505683899,0.827196776866913,0.844385504722595,0.872915744781494,0.954661250114441,-0.535486269948188,2.21598480910568,0,2324,435,474,494,477,506,411,474,428,482,376,0.517,2.26,1.27
0.488312929868698,0.458185732364655,1.05622398853302,0.987645328044891,1.08172559738159,0.987461805343628,0.876981139183044,0.890575051307678,0.779237270355225,0.817528247833252,0.84019410610199,0.881950616836548,0.938759088516235,-0.670494111046531,6.35389873704906,0,2326,435,474,494,477,507,410,474,428,481,377,1.82,1.51,1.38
0.495372623205185,0.460971146821976,1.068767786026,0.993076622486115,1.05452406406403,1.00005757808685,0.850630462169647,0.911914169788361,0.756503283977509,0.814695060253143,0.84681624174118,0.881795108318329,0.943486571311951,-2.45956051354179,15.2178642362379,0,2328,435,474,494,476,506,411,474,427,481,376,1.55,1.23,0.0365
0.48656040430069,0.461099296808243,1.03711342811584,0.992485463619232,1.05332517623901,0.991009950637817,0.882550358772278,0.892857134342194,0.75854879617691,0.822094917297363,0.862964510917664,0.871388792991638,0.920035660266876,-0.027725808428413,9.35751515534577,0,2330,435,474,495,477,507,410,474,427,481,377,1.57,2.08,1.26
0.503577470779419,0.460025161504746,1.0689572095871,0.98504239320755,1.05931174755096,1.00357699394226,0.877159774303436,0.897824645042419,0.74144059419632,0.811037719249725,0.840636551380158,0.874322056770325,0.927716016769409,1.79780042754368,16.9747883745169,0,2332,435,474,494,477,507,410,473,428,481,377,1.5,1.56,1.06
0.485830783843994,0.457848370075226,1.06531548500061,0.997749447822571,1.06116449832916,0.99397474527359,0.899138748645783,0.880603432655335,0.766493618488312,0.823763370513916,0.876753985881805,0.876022160053253,0.951325535774231,-0.108417384758597,6.55547551282545,0,2334,436,474,495,476,507,410,473,427,482,376,0.728,0.894,0.462
0.495417505502701,0.459382355213165,1.06555545330048,0.99462765455246,1.07882976531982,0.979907631874085,0.893657922744751,0.86621505022049,0.746708869934082,0.794291377067566,0.840803682804108,0.882652163505554,0.937657415866852,-2.12710267945955,16.0635674777602,0,2336,435,474,494,477,507,410,473,427,481,376,1,1.32,1.62
0.493314117193222,0.455613374710083,1.05760204792023,0.995910286903381,1.0385947227478,1.00779974460602,0.870608389377594,0.897186160087585,0.769590258598328,0.816387712955475,0.87016624212265,0.878168761730194,0.917289733886719,-1.01284413025915,1.3923979117982,0,2339,435,474,494,476,507,410,473,426,481,376,0.936,1.62,2.8
0.504438400268555,0.45853927731514,1.07348906993866,0.988653719425201,1.07244157791138,0.972661674022675,0.866568207740784,0.916600167751312,0.716176211833954,0.811287641525269,0.86299067735672,0.868109405040741,0.926503360271454,-3.00318286008847,6.96356822602029,0,2341,436,474,495,476,507,409,473,427,482,376,0.633,2.44,2.34
0.495325058698654,0.467286050319672,1.07039737701416,0.983553469181061,1.08377981185913,0.990289807319641,0.888907968997955,0.898496270179749,0.745529592037201,0.816856205463409,0.864005208015442,0.866830229759216,0,-2.52728303951184,3.76081866649251,0,2343,435,474,495,476,507,410,474,427,481,376,1.89,2.39,1.87
0.505753934383392,0.469103872776032,1.07257759571075,0.988625526428223,1.09330582618713,0.985362470149994,0.860828399658203,0.900574445724487,0.744103789329529,0.803366005420685,0.847604870796204,0.864695489406586,0.917296409606934,-7.35377315028175,15.7691986235095,0,2345,435,474,494,476,506,410,474,426,481,377,1.61,1.53,1.27
0.495230853557587,0.46087720990181,1.07279753684998,0.98839408159256,1.07778596878052,0.999494433403015,0.894718408584595,0.874614596366882,0.787020325660706,0.81689065694809,0.849934339523315,0.874009251594543,0.939720153808594,-2.52775059905588,7.73301460385427,0,2347,435,474,495,476,506,410,473,427,482,375,1.39,3.17,2.21
0.507153689861298,0.464601188898087,1.08301401138306,0.983983218669891,1.07706046104431,0.987784147262573,0.864160299301147,0.885335385799408,0.721332907676697,0.804928719997406,0.82705944776535,0.866563379764557,0.897121548652649,-3.46748250155313,18.7257853602357,0,2349,435,473,494,475,506,410,473,426,481,375,1.33,1.65,1.62
0.49612107872963,0.466982960700989,1.07560515403748,0.981089293956757,1.06363248825073,0.999855399131775,0.895074963569641,0.893284261226654,0.759348690509796,0.817251205444336,0.854376077651978,0.883300065994263,0.956498384475708,2.21552261672934,3.02145021510357,0,2351,435,474,494,476,506,411,473,427,481,377,2.2,1.69,1.74
0.498281091451645,0.447228789329529,1.1057231426239,0.990708947181702,1.04362499713898,0.958536922931671,0.882253706455231,0.882932603359222,0.721865475177765,0.78836852312088,0.860049843788147,0.870216488838196,0.926360070705414,-2.03194381683758,14.6550393985274,0,2353,412,447,479,455,488,389,455,407,461,356,0.382,2.08,1.17
0.487660825252533,0.459568172693253,1.08855926990509,0.974922358989716,1.09267902374268,0.984503269195557,0.871630311012268,0.909017384052277,0.730463206768036,0.801632940769196,0.853217661380768,0.855362594127655,0.927849531173706,1.61388987006595,7.49085104922522,0,2355,398,436,453,435,459,371,429,388,432,339,2.28,0.0915,1.3
0.498434454202652,0.458402544260025,1.1310521364212,0.984880149364471,1.06475818157196,0.983103454113007,0.856986165046692,0.898845076560974,0.754381120204926,0.808325350284576,0.822513103485107,0.859423160552979,0.902538537979126,-0.39081898824288,19.2498357304465,0,2357,398,435,456,435,462,369,431,387,433,339,1.72,1.33,1.3
0.494138360023499,0.454069703817368,1.13490736484528,0.992668986320496,1.09372425079346,0.986624836921692,0.892394125461578,0.880349338054657,0.762430965900421,0.793822944164276,0.852475225925446,0.862040638923645,0.922643840312958,-16.4709582399738,17.3801155059348,0,2360,403,437,464,438,472,372,440,392,444,342,6.82,2.35,1.7
0.49890998005867,0.442768961191177,1.15188002586365,0.991582572460175,1.06215512752533,0.986099362373352,0.884151458740234,0.866060376167297,0.735108077526093,0.783709168434143,0.827732443809509,0.873941004276276,0.911834299564362,-36.3328664846953,38.8686463432446,0,2362,408,439,469,442,477,377,444,394,448,344,7.21,3.12,2.98
0,0,0,0,0,0,0,0,0,0,0,0,0,43.5903593489415,44.3307074348977,0,2364,0,0,0,0,0,0,0,0,0,0,18.8,14.6,7.99
0,0,0,0,0,0,0,0,0,0,0,0,0,32.3802553930623,44.5435404447961,0,2366,0,0,0,0,0,0,0,0,0,0,4.47,10.7,7.27
0.528062343597412,0.486352831125259,1.12975132465363,0.98014622926712,1.05148637294769,0.990410208702087,0.873206675052643,0.899999976158142,0.819786608219147,0.823797404766083,0.878824234008789,0.87806499004364,0.896976172924042,-8.18867928011272,8.28292375418508,0,2368,22.3,471,77.7,495,113,440,75.8,442,102,400,3.14,15,13
0.498954683542252,0.48077380657196,1.18087673187256,0.98002016544342,1.06012332439423,0.977783381938934,0.903886914253235,0.911541700363159,0.782523989677429,0.835356593132019,0.881503522396088,0.885447680950165,0.912043988704681,-5.68014496574877,21.9364387020123,0,2370,651,512,689,529,726,475,684,474,702,431,10.9,6.83,21
0.533580541610718,0.454256564378738,1.08107805252075,0.982570588588715,1.06864273548126,0.960866749286652,0.86964738368988,0,0.903120815753937,0.740107238292694,0.883145928382874,0.791946291923523,0.892167091369629,-18.7226915175794,20.2097602100227,0,2372,530,455,425,480,472,444,433,429,464,400,15.4,15.2,21.7
0.524248719215393,0.478784173727036,1.13802552223206,1.00925695896149,1.05743980407715,0.971809267997742,0.913123071193695,0,0.757938146591187,0.814079463481903,0.861964225769043,0.883283376693726,0.911734521389008,-41.5080996957736,47.1286946625278,0,2374,381,491,412,512,466,478,432,456,461,427,13.5,17.8,26.7
0.537476301193237,0.504113018512726,1.17682278156281,0.9965540766716,1.07928609848022,0.99042421579361,0.928787291049957,0.936246395111084,0.786356747150421,0.811438143253326,0.877181947231293,0.888528287410736,0.907727777957916,14.1314704205175,23.5555783692194,0,2376,347,525,355,567,413,539,378,516,409,493,7.85,22.1,35.8
0.528497338294983,0.474401414394379,1.16009950637817,0.982650399208069,1.04863381385803,0.992028772830963,0.950939178466797,0.901515126228333,0.750676035881043,0.838786542415619,0.888214588165283,0.890705525875092,0.903248608112335,2.8024234024354,3.94081134419752,0,2378,284,561,320,591,378,564,345,540,383,514,2.98,23.9,26.7
0.526893019676209,0.495029658079147,1.16814029216766,1.00217878818512,1.09042274951935,0.990803778171539,0.930606424808502,0.906783163547516,0.801367521286011,0.858707129955292,0.905242264270783,0.886588931083679,0.92584615945816,26.8896251349583,28.1494153198477,0,2381,271,576,302,613,359,581,322,564,357,537,14.9,2.58,23.1
0.526394784450531,0.486261427402496,1.16487431526184,0.99476569890976,1.08485293388367,1.01043605804443,0.946370184421539,0.954692542552948,0.767570614814758,0.859498977661133,0.906902492046356,0.895275890827179,0.958533644676209,-2.59736527942516,3.34178708251534,0,2383,267,596,301,624,357,589,319,573,355,543,6.64,10.1,17.1
0.532757103443146,0.496304243803024,1.16656482219696,1.00152659416199,1.07839524745941,0.988858819007874,0.946502029895783,0.935467720031738,0.794808208942413,0.864793300628662,0.906881511211395,0.89668220281601,0.906177878379822,-6.35794526495571,7.6146660254221,0,2385,263,602,298,634,354,596,313,585,349,552,1,16.1,14.6
0.53155642747879,0.493282109498978,1.14586269855499,0.990285277366638,1.05057215690613,1.00250494480133,0.941282331943512,0.867768585681915,0.785967767238617,0.867789447307587,0.89256876707077,0.891958773136139,0.909407675266266,-0.47614381045881,0.501064926705094,0,2387,260,606,294,636,349,598,311,586,347,552,1.21,12,29.3
0.533167779445648,0.492692410945892,1.15166640281677,0.979210317134857,1.07257342338562,0.98203980922699,0.967297196388245,0.912677884101868,0.77256977558136,0.879122674465179,0.916655957698822,0.901823222637177,0.915488958358765,-26.3796650191908,27.1353795787598,0,2389,258,609,293,642,348,602,307,591,344,557,3.17,4.06,42.2
0.526915609836578,0.485352456569672,1.10691344738007,0.979038715362549,1.06732964515686,0.984846711158752,0.963387370109558,0.924276173114777,0.783746361732483,0.878078460693359,0.91115814447403,0.886603236198425,0.912530601024628,-8.41673172000569,9.85826276364788,0,2391,259,618,294,648,347,607,307,596,343,561,2.9,5.53,40.4
0.524871408939362,0.488326966762543,1.13386714458466,0.975272238254547,1.08178460597992,0.975595533847809,0.926829278469086,0.914907455444336,0.7802973985672,0.872075319290161,0.921931624412537,0.883282780647278,0.902246534824371,-15.2385454415279,16.6734631392119,0,2393,259,620,294,651,347,609,307,599,341,563,1.81,0.816,52.9
0.518466293811798,0.486038506031036,1.11616730690002,0.98018205165863,1.06804347038269,1.00125014781952,0.941032528877258,0.891460239887238,0.821936368942261,0.862533092498779,0.897080898284912,0.888000249862671,0.916448354721069,-6.601267035117,23.4284744461585,0,2395,259,621,294,652,346,610,308,600,343,563,2.56,5.29,51.6
0.53072202205658,0.462507247924805,0,0.998619437217712,0,0.988556623458862,0.941441416740418,0.912993013858795,0.76626580953598,0.879550576210022,0.881940245628357,0.929630637168884,0.907663345336914,2.1030809608703,9.93018335138496,0,2397,269,621,368,653,0,0,383,601,0,0,3.56,4.55,36
0.516761779785156,0.464619427919388,1.09794902801514,1,1.05531990528107,1.01004695892334,0.932970404624939,0.947992086410522,0.781470417976379,0.857204556465149,0.869498372077942,0.893097877502441,0.926037132740021,-16.6186472694001,18.48761856865,0,2399,348,623,383,654,435,612,396,600,431,565,1.32,5.01,29.4
0.532605946063995,0.488170772790909,1.103475689888,1.00782954692841,1.08235931396484,0.986373066902161,0.936819195747376,0.949867188930512,0.775873422622681,0.866375923156738,0.887356042861939,0.90945690870285,0.913330316543579,4.86867180649871,9.914503252329,0,2401,349,613,385,629,435,586,399,576,434,540,1.56,3.27,16.7
0.524935007095337,0.482276499271393,1.11657857894897,0.99398547410965,1.05935227870941,1.01591300964355,0.90420413017273,0.930500745773315,0.776554524898529,0.860307157039642,0.863333344459534,0.908236563205719,0.961499512195587,9.64379319558525,10.0300924553883,0,2404,349,574,385,629,437,586,398,576,434,540,2.02,2.85,8.41
0.522727191448212,0.503600835800171,1.12397122383118,0.990643501281738,1.07515680789948,0.995252370834351,0.901430368423462,0.88643878698349,0.759485065937042,0.867031574249268,0.886456370353699,0.892069935798645,0.917647063732147,-7.80818468023612,8.31196746120427,0,2406,349,573,385,591,438,549,398,537,434,499,4.2,8.04,28.3
0.529624164104462,0.496272593736649,1.11663007736206,0.980726718902588,1.08179295063019,0.995777606964111,0.890875995159149,0.889383018016815,0.782332181930542,0.860151529312134,0.880167961120606,0.885197520256043,0.90317702293396,15.3201874922135,18.7834641800303,0,2408,350,547,386,586,438,545,399,534,435,498,2.2,5.31,30.9
0.508311808109283,0.480257004499435,1.09218156337738,0.985164940357208,1.0846962928772,1.00167202949524,0.898867309093475,0.924576282501221,0.811055123806,0.858914971351624,0.872391104698181,0.888335764408112,0.907857716083527,5.38667365038141,7.39123629146342,0,2410,350,519,386,551,439,509,400,500,436,462,1.62,6.41,28.9
0.508507549762726,0.47913658618927,1.10596597194672,0.993518054485321,1.08378553390503,1.00743782520294,0.919327735900879,0.939318358898163,0.783583223819733,0.852030992507935,0.872344315052033,0.896519422531128,0.894857525825501,3.97995378525924,6.70803719502055,0,2412,349,519,386,551,439,510,399,499,435,463,1.05,6.22,30.3
0.505550861358643,0.485196143388748,1.09478139877319,0.982264459133148,1.06507062911987,0.997266232967377,0.878651678562164,0.913842797279358,0.759376168251038,0.833236277103424,0.87312376499176,0.893441617488861,0.91897588968277,3.74419734460907,8.58068556307796,0,2414,350,519,387,551,440,510,401,498,436,463,1.08,2.12,22.9
0.502623379230499,0.481334537267685,1.13227379322052,0.984214842319489,1.06669318675995,0.998521268367767,0.910032510757446,0.952103555202484,0.797839999198914,0.825632274150848,0.879618465900421,0.892423212528229,0.887368023395538,1.59608993813634,4.2743088227378,0,2416,349,519,385,551,438,509,399,499,435,463,0.467,2.5,20.6
0.502253115177155,0.480360060930252,1.1119898557663,0.993468403816223,1.06696617603302,0.993872940540314,0.888280153274536,0.951538443565369,0.792574346065521,0.837646424770355,0.873194992542267,0.892138063907623,0.937635600566864,2.63659880103557,9.24614782160339,0,2418,349,518,386,551,438,509,400,499,437,462,1.71,2.92,20.5
0.499357610940933,0.465050280094147,1.1180202960968,0.981572568416595,1.06765341758728,1.00956869125366,0.905239403247833,0.867031455039978,0.792268872261047,0.824203312397003,0.865172564983368,0.881397128105164,0.925529062747955,-4.76920575830204,8.04992558848077,0,2420,349,518,386,551,439,510,401,499,436,463,1.15,1.31,26.4
0.496118545532227,0.480632096529007,1.09847211837769,0.991446435451508,1.06067967414856,1.02345263957977,0.873783648014069,0.914392709732056,0.780846238136292,0.81878000497818,0.875033974647522,0.876681983470917,0.90488338470459,3.27944598753325,5.20411383124493,0,2422,349,518,385,551,436,509,400,500,435,462,1.36,1.16,34.7
0.492446303367615,0.472827553749085,1.15379106998444,0.997554123401642,1.07331490516663,0.997378706932068,0.875089585781097,0.909205555915833,0.789775133132935,0.822848200798035,0.879075050354004,0.88910710811615,0.905142843723297,-3.29407232513088,3.99341036262502,0,2425,349,519,386,551,438,511,400,500,436,464,1.35,1.63,39.8
0.496362715959549,0.477963656187058,1.1115654706955,0.989208161830902,1.07489907741547,0.989834845066071,0.878873229026794,0.8961141705513,0.752577304840088,0.819884121417999,0.855229794979095,0.876147150993347,0.890778303146362,6.95301946296478,9.96099925968077,0,2427,349,519,386,552,438,510,401,500,436,464,1.37,1.45,41.5
0.489263892173767,0.469531089067459,1.13988745212555,0.999418318271637,1.06189429759979,0.996407508850098,0.88972806930542,0.895228207111359,0.793503105640411,0.819730877876282,0.848069727420807,0.881477057933807,0.917661488056183,3.24658261801533,4.96211154287101,0,2429,350,519,387,551,439,510,401,499,437,463,9.92,6.13,39
0.493650853633881,0.475548267364502,1.13470685482025,0.976981461048126,1.08446884155273,1.00293898582459,0.90472400188446,0.882136285305023,0.771547615528107,0.819980204105377,0.853127837181091,0.890752553939819,0.896822810173035,-3.81743613456632,5.01919232548344,0,2431,350,519,387,552,440,511,401,501,438,464,1.05,1.93,36.6
0.487768352031708,0.477024257183075,1.12640368938446,0.977759063243866,1.07132768630981,0.990205109119415,0.883918464183807,0.910472989082336,0.779165983200073,0.829117715358734,0.862242758274078,0.891888022422791,0.920049607753754,-3.88143294377598,4.03216887721467,0,2433,350,519,387,551,438,511,402,500,437,463,9.65,0.938,32.3
0.484810799360275,0.48552668094635,1.11536812782288,0.985151648521423,1.07356810569763,1.01574301719666,0.908855676651001,0.874880135059357,0.759575247764587,0.816438853740692,0.863982617855072,0.885349452495575,0.890604913234711,6.70681827255669,12.2397896398787,0,2435,350,520,387,553,439,512,401,501,438,465,0.357,1.36,23.2
0.493910193443298,0.481385827064514,1.13149082660675,1.00021147727966,1.0646675825119,1.01613831520081,0.926924049854279,0.895132541656494,0.783184587955475,0.823281109333038,0.871251583099365,0.887672960758209,0.934584736824036,4.73775805811794,6.54085993482942,0,2437,350,519,387,552,439,512,402,501,437,465,0.576,4.98,18.3
0.488233238458633,0.477871179580689,1.10302424430847,0.991511225700378,1.05503368377686,1.00458192825317,0.899527966976166,0.871355950832367,0.778729736804962,0.814033687114716,0.879012703895569,0.873666703701019,0.92005455493927,-0.870431692823393,7.62964361497619,0,2439,350,520,387,553,439,512,401,501,439,465,0.709,1.02,12.4
0.486947745084763,0.465640097856522,1.11455881595612,0.979321837425232,1.06646418571472,0.995956778526306,0.91327828168869,0.854265093803406,0.800974547863007,0.818409860134125,0.873025596141815,0.879702210426331,0.929454147815704,-1.97099172907898,2.06260460750113,0,2441,350,520,387,553,439,513,402,501,439,465,1.11,0.696,6.47
0.487241953611374,0.480324894189835,1.11362862586975,0.98449569940567,1.07638096809387,0.996796786785126,0.888810694217682,0.87939989566803,0.766928851604462,0.802450001239777,0.868358612060547,0.880091547966003,0.938786447048187,7.89661690438598,13.409612783866,0,2443,350,520,387,554,441,513,403,502,439,466,0.325,0.894,1.83
0.485288947820663,0.473210483789444,1.11814761161804,0.996476233005524,1.07583212852478,0.986639618873596,0.907211780548096,0.893491148948669,0.809097290039063,0.80231785774231,0.849919617176056,0.886897146701813,0.908770382404327,-4.00150865009582,4.12510722702906,0,2446,353,522,390,555,442,514,405,503,441,467,1.05,1.94,1.12
0.491000026464462,0.476916879415512,1.11535584926605,0.987364828586578,1.07093691825867,1.01652443408966,0.864101648330689,0.888258218765259,0.762818217277527,0.81422632932663,0.877575159072876,0.890672326087952,0.930115818977356,7.26239665051361,9.10777162606258,0,2448,352,521,390,555,443,514,404,503,441,467,1.13,2.06,4.64
0.48773404955864,0.464320719242096,1.10659790039063,0.989012837409973,1.09163010120392,0.995010733604431,0.916018664836884,0.876335024833679,0.791783928871155,0.808295547962189,0.867938101291657,0.884931862354279,0.912894010543823,3.15937406144756,3.49572108262781,0,2450,353,522,390,555,442,514,404,503,442,467,0.694,1.07,0.831
0.488058835268021,0.471548765897751,1.12992262840271,0.990712285041809,1.0593204498291,0.993029713630676,0.894175052642822,0.917548954486847,0.797495186328888,0.800607621669769,0.852439403533936,0.886468529701233,0.88993901014328,8.14136572478094,10.7593611448679,0,2452,355,523,393,557,446,516,408,506,446,469,0.338,1.33,2.5
0.492019921541214,0.465741068124771,1.11812210083008,1.00215256214142,1.08088445663452,1.00981366634369,0.906727075576782,0.882489383220673,0.792455911636353,0.788372457027435,0.856881022453308,0.883232474327087,0.912117183208466,14.1960743008301,14.6725377386679,0,2454,357,524,395,557,448,517,410,505,447,470,0.238,0.878,5.4
0.493624567985535,0.475006103515625,1.11278665065765,0.990952134132385,1.06324934959412,1.01037395000458,0.890081822872162,0.900340914726257,0.7728391289711,0.78563004732132,0.858883619308472,0.88703179359436,0.942635059356689,7.71686315161519,11.5854864728319,0,2456,357,523,395,557,446,517,409,505,448,470,0.814,2.03,3.4
0.497932285070419,0.462443381547928,1.09489583969116,0.984998404979706,1.05883944034576,1.00272333621979,0.905643939971924,0.879761338233948,0.782120227813721,0.784273743629456,0.859074294567108,0.880918204784393,0.903539478778839,2.73753643701689,2.94729029351535,0,2458,358,524,396,558,449,517,410,506,448,470,0.569,1.04,6.05
0.498552918434143,0.463088244199753,1.12239575386047,1.00049543380737,1.07126045227051,1.00247073173523,0.890934467315674,0.890904247760773,0.798339247703552,0.776836335659027,0.876187384128571,0.888369858264923,0.932588577270508,6.88012589087894,10.0734990294128,0,2460,359,524,397,559,450,517,413,507,450,472,0.314,1.55,8.34
0.501676082611084,0.457711398601532,1.08940589427948,0.995898842811585,1.07531881332397,0.998538434505463,0.879333317279816,0.876814067363739,0.767279446125031,0.789808750152588,0.831937193870544,0.880821526050568,0.926159381866455,-0.418304476307637,7.18280651463313,0,2462,360,524,398,559,451,518,414,508,451,472,0.888,0.982,6.55
0.504600346088409,0.465733557939529,1.12012016773224,1.00257313251495,1.06448698043823,1.00702202320099,0.87902694940567,0.842857122421265,0.772957444190979,0.79085385799408,0.847908735275269,0.893772602081299,0.902989625930786,8.20916550654762,11.4706198387131,0,2464,361,525,399,560,452,519,415,508,452,473,1.39,2.15,5.4
0.500169098377228,0.469028443098068,1.08425033092499,0.996599078178406,1.06640660762787,1.01559281349182,0.889102160930634,0.901939034461975,0.779055118560791,0.781825959682465,0.845323145389557,0.888255119323731,0.934352517127991,2.92733435483239,3.01390819607747,0,2467,362,526,400,559,452,519,415,508,452,473,0.752,1.35,5.64
0.500093579292297,0.465705186128616,1.10648989677429,0.988923788070679,1.05608856678009,0.991533160209656,0.907423377037048,0.895890414714813,0.776798129081726,0.79267829656601,0.831844687461853,0.877894878387451,0.919493675231934,-8.05853770195985,8.40418048935783,0,2469,364,526,401,561,454,520,417,508,453,473,0.981,1.02,6.4
0.503401219844818,0.470770537853241,1.09620630741119,1.00319087505341,1.06229829788208,1.01544547080994,0.891819298267365,0.864056050777435,0.761775851249695,0.774968206882477,0.855649828910828,0.890796184539795,0.902012228965759,8.23068072865933,8.4883122436871,0,2471,361,524,399,559,450,518,414,506,452,472,0.896,1.46,2.48
0.499543339014053,0.466099172830582,1.11615300178528,1.00397789478302,1.06537103652954,0.988281011581421,0.87935882806778,0.852541506290436,0.756649911403656,0.781676948070526,0.855937838554382,0.880933344364166,0.900525510311127,8.64093446358533,10.018060007146,0,2473,364,526,403,561,457,521,418,510,456,475,1.12,1.99,2.89
0.508937656879425,0.462845593690872,1.11175811290741,0.986788272857666,1.0666766166687,1.00947916507721,0.890281438827515,0.919753074645996,0.776851713657379,0.7958984375,0.879900634288788,0.876230299472809,0.8984375,17.944976699221,18.539537155934,0,2475,368,527,406,562,459,521,421,510,459,475,1.05,1.78,4.62
0.50461333990097,0.473816454410553,1.12493586540222,0.98673141002655,1.06516098976135,0.992060363292694,0.863871335983276,0.881530523300171,0.755178272724152,0.794665515422821,0.860044240951538,0.880694150924683,0.910092830657959,12.6859928098539,14.3481642487769,0,2477,368,527,407,562,461,522,423,509,461,475,0.558,1.48,2.17
0.506253182888031,0.464868307113647,1.08481431007385,0.988308668136597,1.05269622802734,1.01572597026825,0.892232537269592,0.874137938022614,0.776110231876373,0.780418932437897,0.839384853839874,0.872186005115509,0.898121178150177,4.11299532155327,7.73522787880445,0,2479,368,527,407,562,459,521,423,511,460,475,0.427,1.83,1.67
0.503766655921936,0.46273609995842,1.10417377948761,0.986006438732147,1.05129098892212,0.996672093868256,0.848987102508545,0.889555811882019,0.783256113529205,0.78934121131897,0.87014639377594,0.886411488056183,0.907836377620697,5.15250497352967,10.651474260169,0,2481,369,528,408,562,460,522,423,511,460,476,0.525,1.04,1.9
0.502645611763001,0.461233556270599,1.09126663208008,0.989072918891907,1.0486718416214,0.982277870178223,0.881159424781799,0.869442224502564,0.756875872612,0.783863484859467,0.857011258602142,0.893852770328522,0.92291259765625,-4.83104880674021,10.7665198293054,0,2483,369,528,408,562,459,522,424,511,461,476,1.44,0.468,2.31
0.502067804336548,0.469078183174133,1.10190963745117,0.996674954891205,1.05525135993958,1.00750517845154,0.864017188549042,0.867700755596161,0.774922728538513,0.77459841966629,0.868994414806366,0.885829508304596,0.911307156085968,5.41600992545154,11.9602576985521,0,2485,370,527,409,562,461,521,425,511,462,475,0.734,1.95,1.47
0.501763105392456,0.46964356303215,1.09026968479157,0.980132460594177,1.06385624408722,1.00587844848633,0.888774216175079,0.893591284751892,0.789448261260986,0.780902445316315,0.877467095851898,0.881192147731781,0.930161356925964,0.740582616057967,2.41226185944991,0,2488,371,529,409,563,461,523,425,513,462,476,1.21,1.27,1.38
0.503345310688019,0.464426577091217,1.10581982135773,0.990945160388947,1.07028925418854,0.979871213436127,0.86178183555603,0.900101959705353,0.7889564037323,0.78779548406601,0.880024433135986,0.887518048286438,0.909421384334564,6.54841691700832,6.93847177921948,0,2490,371,529,411,563,463,523,426,512,463,477,1.37,1.69,3.2
0.505993545055389,0.466309696435928,1.10207223892212,0.977364182472229,1.05564045906067,0.993601381778717,0.893227696418762,0.863636374473572,0.779760181903839,0.777283370494843,0.870560586452484,0.878322422504425,0.899275600910187,0.574352856340357,3.51049450534057,0,2492,373,529,411,563,463,523,427,510,463,477,0.29,1.73,2.04
0.504116773605347,0.4671890437603,1.1251345872879,0.991631209850311,1.06763672828674,1.00008368492126,0.881743848323822,0.906614780426025,0.752846598625183,0.788881301879883,0.861624956130981,0.8883136510849,0.911202192306519,-1.23061490921006,6.34605578305164,0,2494,374,530,411,564,464,523,426,513,464,477,2.29,1.82,3.01
0.501416027545929,0.458779007196426,1.14511275291443,0.99409419298172,1.05424344539642,1.01212894916534,0.856424987316132,0.882522642612457,0.753329873085022,0.76933079957962,0.856571972370148,0.89969801902771,0.926619827747345,0.819660562571029,2.53551029712483,0,2496,356,513,393,546,447,505,408,494,444,458,0.515,1.54,1.95
0.490196228027344,0.453350901603699,1.13310134410858,0.981243669986725,1.07855927944183,1.01084756851196,0.894870936870575,0.867647051811218,0.774713933467865,0.776498138904572,0.855806589126587,0.885840833187103,0.902762174606323,3.15618481426089,9.06336102813034,0,2498,353,501,390,536,443,495,406,484,442,450,0.284,1.33,2.54
0.501399278640747,0.459416061639786,1.17088449001312,0.994691967964172,1.05533015727997,1.00550019741058,0.882398009300232,0.884014844894409,0.723637044429779,0.772902429103851,0.862561941146851,0.891666114330292,0.930059969425201,0.535104670702057,3.80034747076868,0,2500,354,507,391,539,445,499,406,488,444,452,0.203,1.09,2.27
0.500952899456024,0.459533214569092,1.15644598007202,1.00362229347229,1.05590844154358,1.01236200332642,0.876709878444672,0.856283128261566,0.773806035518646,0.755894660949707,0.833252549171448,0.874267339706421,0.929054081439972,4.79188960232473,9.82577977584746,0,2502,356,510,395,545,448,505,410,494,447,459,1.15,1.2,2.53
0.513307631015778,0.464472144842148,1.16089880466461,1.00802981853485,1.04820168018341,1.01365888118744,0.867789387702942,0.907384216785431,0.76985639333725,0.757390916347504,0.845404326915741,0.876317143440247,0.9155313372612,-4.60973416912743,7.36217327960106,0,2504,361,514,399,548,453,508,415,495,451,461,0.287,0.748,2.37
0.508641242980957,0.460848122835159,1.12928700447083,1.00654399394989,1.07282626628876,0.9991654753685,0.886853277683258,0.905607998371124,0.772623479366303,0.764865934848785,0.863467991352081,0.882515609264374,0.929055988788605,9.07611923867473,14.2372249378228,0,2506,363,515,401,549,454,509,417,498,453,463,0.373,1.2,1.69
0.513122797012329,0.471769720315933,1.10483205318451,1.02398550510407,1.05531477928162,1.00869035720825,0.87887978553772,0.859316766262054,0.753974258899689,0.763841331005096,0.850505352020264,0.88651430606842,0.901936054229736,6.84369774906503,7.37782933485038,0,2509,365,516,403,550,455,511,418,498,455,463,1.82,1.53,0.728
0.508970558643341,0.464153677225113,1.1307110786438,0.993743121623993,1.06681704521179,1.01405334472656,0.906328082084656,0.90706205368042,0.785828590393066,0.783846199512482,0.873222529888153,0.894923627376556,0.90817391872406,3.01397652392432,6.46995131691529,0,2511,367,518,405,553,457,513,421,502,459,466,1.25,1.46,3.46
0.504539370536804,0.468360781669617,1.12337696552277,0.982270121574402,1.05819821357727,1.00724983215332,0.870470106601715,0.873087286949158,0.747728586196899,0.781179487705231,0.858942806720734,0.890643358230591,0.921804130077362,-1.71096179319791,3.72349143140403,0,2513,371,519,408,554,460,514,423,501,460,467,0.753,2.35,0.612
0.505767285823822,0.468338400125504,1.12832498550415,1.00057816505432,1.05905747413635,0.990419447422028,0.934334397315979,0.895823776721954,0.784987449645996,0.793684005737305,0.849255859851837,0.877779543399811,0.918418645858765,8.1808730631301,10.4457001149216,0,2515,371,520,409,555,463,515,426,503,463,469,1.09,2.25,2.63
0.4992316365242,0.47116169333458,1.13558566570282,0.983237087726593,1.05798041820526,1.01408398151398,0.870114743709564,0.87272185087204,0.749171733856201,0.792737424373627,0.859947204589844,0.886632323265076,0.907561540603638,5.88509775776118,7.5469673070389,0,2517,373,522,411,556,464,516,427,504,464,470,0.195,1.89,1.2
0.507048070430756,0.470804750919342,1.12492525577545,0.994934618473053,1.07629680633545,1.02402007579803,0.926984131336212,0.864261150360107,0.774764895439148,0.789397478103638,0.87864077091217,0.883637666702271,0.898540675640106,9.12786863904812,12.836138674347,0,2519,374,523,412,558,465,518,427,507,465,471,1.22,1.59,1.25
0.505020499229431,0.473929435014725,1.11206698417664,0.98542708158493,1.0456395149231,1.01088416576386,0.87787526845932,0.901701331138611,0.754163861274719,0.776764273643494,0.867876052856445,0.89222776889801,0.903215527534485,-2.78776606679607,5.49313939365538,0,2521,375,522,413,557,467,517,429,505,466,470,0.751,1.23,1.47
0.499946981668472,0.464349389076233,1.11873984336853,0.991904199123383,1.05731725692749,1.00128352642059,0.896972000598908,0.891695499420166,0.77192485332489,0.787757992744446,0.870887517929077,0.879010200500488,0.916461944580078,7.06623073831359,11.3226609669964,0,2523,376,523,415,559,468,518,430,508,468,473,1.45,0.749,1.16
0.499168187379837,0.476089239120483,1.10046446323395,0.992081344127655,1.07268464565277,1.00550127029419,0.888674378395081,0.885220110416412,0.767772495746613,0.790549695491791,0.85729318857193,0.877730786800385,0.899127900600433,-1.62960336366205,6.03667006262501,0,2525,379,525,417,559,470,519,433,507,471,472,0.517,0.765,1.38
0.506109178066254,0.466681182384491,1.11800587177277,0.983882308006287,1.07281041145325,1.00960087776184,0.905012011528015,0.877582848072052,0.798228323459625,0.784990847110748,0.852714359760284,0.88389652967453,0.943305730819702,17.60299763,22.7387761501505,0,2527,380,526,418,561,472,520,435,510,472,475,0.573,1.25,1.13
0.498184978961945,0.489403277635574,1.10673820972443,0.990581870079041,1.05794215202332,0.995806038379669,0.845625579357147,0.879334270954132,0.748247563838959,0.812658846378326,0.897511005401611,0.873138904571533,0.946250021457672,2.99610795300363,4.16450483437801,0,2530,357,493,412,555,463,516,432,505,471,473,2.64,0.59,1.12
0.491854429244995,0.457141220569611,1.12514543533325,0.985921084880829,1.04298627376556,1.00702881813049,0.910625338554382,0.872710645198822,0.71861207485199,0.760388016700745,0.835897445678711,0.870482683181763,0.924024045467377,5.01293067737967,5.60938177992696,0,2532,374,456,412,483,469,450,433,432,476,397,1.51,1.6,3.57
0.477620422840118,0.458466172218323,1.16560053825378,0.990413427352905,1.08212208747864,0.999575972557068,0.845268905162811,0.867454886436462,0.711429297924042,0.755032300949097,0.836317121982574,0.870107114315033,0.885042786598206,2.50679587104139,2.60234321028672,0,2534,385,455,415,483,472,450,436,433,477,402,0.683,1.08,3.2
0.463386386632919,0.464291304349899,1.1771434545517,0.986533582210541,1.05283737182617,1.01883208751678,0.876595735549927,0.858868598937988,0.749891638755798,0.758020520210266,0.817725777626038,0.87132328748703,0.920650541782379,6.60976914694715,10.0395095804812,0,2536,401,473,439,507,495,472,458,457,499,424,1.83,2.31,5.35
0.473729193210602,0.460079163312912,1.20821857452393,0.956343770027161,1.05736923217773,0.978694438934326,0.863305509090424,0.847403407096863,0.747910678386688,0.760131180286408,0.84262889623642,0.875020802021027,0.922617793083191,0,0,0,2538,401,481,439,512,495,476,457,461,497,429,2.26,1.1,5.13
0.481662809848785,0.475284934043884,1.15995585918427,0.968379080295563,1.05615758895874,1.0169312953949,0.857576787471771,0.872229993343353,0.75,0.789305090904236,0.853680074214935,0.88200718164444,0.918943345546722,17.5672634323306,19.4244091504581,0,2540,405,488,443,523,499,486,462,472,501,440,1.6,2.1,5.38
0.483452886343002,0.463010877370834,1.19056689739227,0.985137701034546,1.07957327365875,1.00810074806213,0.899533092975616,0.858606576919556,0.761892557144165,0.789899885654449,0.857009053230286,0.883407413959503,0.918933749198914,12.9732827838766,13.6190905050018,0,2542,408,495,445,528,500,491,463,476,503,443,1.96,1.98,6.27
0.485664874315262,0.454434275627136,1.16410326957703,0.98932671546936,1.078693151474,1.00696659088135,0.863504767417908,0.881993889808655,0.723776817321777,0.801815092563629,0.855493545532227,0.865682661533356,0.919129729270935,18.9886568603322,19.8860516378092,0,2544,416,504,459,541,514,503,478,489,517,457,0.495,1.3,6.92
0.482157289981842,0.457852780818939,1.16529619693756,0.982238173484802,1.07630205154419,0.990777671337128,0.916518986225128,0.886169493198395,0.786243259906769,0.806108355522156,0.85569155216217,0.870230972766876,0.914915144443512,-5.58923959099451,5.79161617660548,0,2546,425,510,463,543,519,506,480,490,520,458,1.8,2.92,8.83
0.489867061376572,0.475340157747269,1.17516136169434,0.974693536758423,1.07483208179474,1.01546084880829,0.917154669761658,0.89666748046875,0.762881755828857,0.800651371479034,0.88702529668808,0.879027783870697,0.907191574573517,8.07547647315784,8.2851412883032,0,2548,426,513,465,548,521,511,484,497,524,463,3.24,2.81,8.79
0.485961437225342,0.462217122316361,1.1625167131424,0.99371349811554,1.08873045444489,1.00413811206818,0.922890484333038,0.868380069732666,0.772420167922974,0.795481026172638,0.87654322385788,0.878238081932068,0.915101170539856,-13.542380212333,13.9247823925588,0,2550,427,514,466,548,522,511,484,497,524,463,0.748,2.61,11.8
0.490251332521439,0.486751914024353,1.16381192207336,0.960685968399048,1.06876122951508,1.00711095333099,0.890364646911621,0.891955852508545,0.734149754047394,0.798586666584015,0.88664323091507,0.882523536682129,0.939931929111481,-13.7077637980382,14.0326605386144,0,2553,426,517,467,552,521,515,485,501,524,468,4.32,2.38,13.2
0.485339850187302,0.477855384349823,1.14475739002228,0.978578388690949,1.07098543643951,1.00296080112457,0.890572369098663,0.90556812286377,0.760396301746368,0.804863452911377,0.861055612564087,0.901804149150848,0.911623120307922,5.73711970563021,5.87520745369883,0,2555,427,519,467,553,521,515,485,502,525,468,1.12,1.61,12
0.491241604089737,0.492104142904282,1.16977167129517,0.99858546257019,1.08405554294586,0.987242102622986,0.873918890953064,0.873364746570587,0.750451266765595,0.803353369235992,0.866180717945099,0.887627184391022,0.921280682086945,8.54806378314967,8.75124070052283,0,2557,428,520,469,555,523,517,487,503,527,471,3.37,1.37,12.8
0.482361227273941,0.481537997722626,1.1518120765686,0.98293149471283,1.06602704524994,1.01129913330078,0.861609756946564,0.910585403442383,0.755861520767212,0.786074280738831,0.848152637481689,0.884374260902405,0.907058835029602,7.77507444454733,8.10292586255322,0,2559,429,521,469,556,525,519,488,503,527,472,0.269,1.67,14.3
0.490899473428726,0.499932497739792,1.17421889305115,1.008345246315,1.07915580272675,1.0095728635788,0.873830378055573,0.893051385879517,0.763731062412262,0.786914706230164,0.854506373405457,0.883827805519104,0.904589354991913,17.4140892261389,18.7213272629602,0,2561,430,522,470,558,525,521,488,507,529,473,1.83,2.79,13.5
0.483226984739304,0.4855015873909,1.14927351474762,0.989740014076233,1.07631003856659,1.01160848140717,0.890509307384491,0.886363625526428,0.745314240455627,0.786816954612732,0.857203125953674,0.872504532337189,0.914125382900238,2.77356333899927,6.04583459730667,0,2563,429,524,469,558,524,521,488,508,528,473,0.489,1.42,13.7
0.4801364839077,0.491732001304626,1.15258693695068,0.979330956935883,1.09871816635132,1.00177466869354,0.904073596000671,0.866182148456574,0.753130614757538,0.78089714050293,0.858233869075775,0.889726936817169,0.907445907592773,19.9254788205064,22.6170670380024,0,2565,430,525,471,560,526,523,490,509,529,476,1.38,1.45,13.4
0.482654511928558,0.4941526055336,1.14021527767181,0.998149991035461,1.07768940925598,1.02605414390564,0.909629642963409,0.88303530216217,0.752069711685181,0.785721898078918,0.864352405071259,0.878977656364441,0.911419212818146,2.14064098782446,2.36007979387058,0,2567,431,526,471,561,526,524,490,510,529,477,1.03,1.71,10.9
0.483512341976166,0.486754804849625,1.15884625911713,0.986681640148163,1.08132684230804,0.997814118862152,0.882884919643402,0.906701683998108,0.764972627162933,0.790729880332947,0.866584479808807,0.889301776885986,0.911411821842194,17.6843180245251,18.2468914739833,0,2569,432,528,472,563,528,525,491,512,530,479,0.938,0.172,8.05
0.474161863327026,0.483393847942352,1.13639712333679,0.99482274055481,1.07267427444458,1.01847004890442,0.896820247173309,0.859673321247101,0.753781497478485,0.798203051090241,0.87191116809845,0.880255877971649,0.907284796237946,1.91157856450267,2.19817363692305,0,2571,433,529,473,564,528,526,491,513,531,479,0.608,1.21,8.78
0.480888664722443,0.495322853326798,1.15790212154388,0.994799554347992,1.08206069469452,1.00726544857025,0.914012730121613,0.902232348918915,0.76273787021637,0.793573498725891,0.874544680118561,0.890932738780975,0.91883659362793,10.5237882646335,10.7714149002545,0,2574,432,530,474,566,528,528,492,515,532,481,2.68,2.19,5.24
0.476362287998199,0.485998660326004,1.13705933094025,0.993563890457153,1.0644234418869,1.02004826068878,0.8984375,0.865186929702759,0.74813586473465,0.798401057720184,0.881375789642334,0.90241539478302,0.926829278469086,7.54314261642917,7.80500749613655,0,2576,433,531,474,567,528,528,492,515,533,481,1.62,1.78,4.08
0.467754125595093,0.47044837474823,1.1437714099884,0.977451205253601,1.1011598110199,1.01053535938263,0.881437480449677,0.910458445549011,0.738012194633484,0.787536442279816,0.856093525886536,0.88180011510849,0.954979777336121,19.8435043093534,20.5086297398774,0,2578,434,509,474,545,529,507,493,493,533,460,0.942,2.17,2.33
0.470165759325027,0.470294892787933,1.15858817100525,0.976909697055817,1.08274710178375,1.01002013683319,0.883955776691437,0.860796511173248,0.754333436489105,0.783397734165192,0.867963314056397,0.882816731929779,0.922990143299103,4.68027850222561,8.0689366393189,0,2580,434,510,474,545,530,508,492,494,532,460,1.08,4.24,5.33
0.466186583042145,0.469314455986023,1.1346949338913,0.970604181289673,1.09714865684509,0.98966920375824,0.900782585144043,0.925471723079681,0.733236610889435,0.792426824569702,0.866451501846314,0.88965517282486,0.939811646938324,20.4338683679075,21.2635417058477,0,2582,436,511,477,547,531,508,496,495,535,462,6.18,1.02,1.92
0.471259504556656,0.4757100045681,1.12853598594666,0.961154997348785,1.07317292690277,0.996586322784424,0.844187438488007,0.890364527702332,0.735537171363831,0.783415198326111,0.86108785867691,0.87729287147522,0.95131653547287,5.32125234591017,8.05219976619747,0,2584,437,512,478,547,532,509,497,495,536,462,0.428,2.25,4.82
0.472123742103577,0.473671078681946,1.11210823059082,0.979974627494812,1.07198357582092,1.00748860836029,0.912185907363892,0.886752128601074,0.752200067043304,0.788605809211731,0.851002395153046,0.884236991405487,0.92787492275238,-1.7785316692409,5.78400640438915,0,2586,439,513,481,549,535,511,499,497,539,464,9.28,2.7,9.21
0.481705099344254,0.474974751472473,1.12979447841644,0.992867469787598,1.06979930400848,1.00793385505676,0.874173581600189,0.894581854343414,0.758889436721802,0.785023033618927,0.848471283912659,0.859461545944214,0.95141476392746,6.1558011883437,6.93074259628728,0,2588,442,514,483,550,537,512,501,497,541,465,0.91,0.269,8.57
0.472055196762085,0.461734920740128,1.11269080638886,0.967842578887939,1.08227717876434,1.00024425983429,0.905281186103821,0.88555121421814,0.773115634918213,0.776303052902222,0.860698282718658,0.853417813777924,0.920895516872406,12.7084002282852,13.0195461277629,0,2590,445,515,486,551,540,513,504,498,543,466,2.68,3.75,9.72
0.481794893741608,0.469982415437698,1.11750614643097,0.966886341571808,1.06492388248444,1.01233863830566,0.891467094421387,0.884689629077911,0.744031310081482,0.794184505939484,0.857527256011963,0.873700559139252,0.927908658981323,12.5740064656312,12.9532501315163,0,2592,444,516,485,552,539,514,504,500,544,466,0.537,0.352,13.1
0.481009274721146,0.465267479419708,1.11587715148926,0.993098139762878,1.07423400878906,1.00011551380157,0.920348465442658,0.876913070678711,0.75,0.779227793216705,0.865405142307282,0.881878316402435,0.91596245765686,9.43096637245277,10.6358266334443,0,2595,445,516,487,552,541,514,506,501,545,467,2.61,1.49,17.3
0.489290952682495,0.464950144290924,1.11268317699432,0.976410329341888,1.06341624259949,1.02378499507904,0.895727038383484,0.887096762657166,0.722437143325806,0.775790929794312,0.861863315105438,0.880101799964905,0.948676824569702,5.3009638323931,5.85950297696151,0,2597,446,517,487,553,542,515,505,500,546,467,0.867,1.7,15.3
0.482269585132599,0.455949485301971,1.10558843612671,0.997000575065613,1.06977128982544,1.00699436664581,0.890732288360596,0.895815551280975,0.779021203517914,0.773283123970032,0.83966463804245,0.86875718832016,0.932042479515076,16.4113254232221,18.0059026080953,0,2599,446,517,489,553,542,514,507,501,546,467,1.28,2.91,14.2
0.48585769534111,0.46615132689476,1.11142659187317,0.983117341995239,1.06711566448212,1.01450395584106,0.865956366062164,0.890616476535797,0.717067778110504,0.7676802277565,0.847681224346161,0.874556601047516,0.943446815013886,2.98464084160882,6.75747129754694,0,2601,447,518,489,553,542,515,507,502,547,468,0.913,2.01,17.1
0.483570486307144,0.455036252737045,1.09446668624878,0.976921439170837,1.06100046634674,0.997689008712769,0.869072496891022,0.897017240524292,0.759943425655365,0.775170683860779,0.84045284986496,0.860815644264221,0.917300403118134,3.90934197564645,6.09097372032446,0,2603,448,518,490,554,543,515,508,502,547,469,3.65,3.03,13.7
0.48008143901825,0.465951293706894,1.11346292495728,0.981987714767456,1.05070412158966,1.01559484004974,0.836390316486359,0.881529629230499,0.736327767372131,0.766289532184601,0.855216145515442,0.881889760494232,0.940716624259949,-0.181558275270185,5.33341346241421,0,2605,449,519,490,554,545,516,509,502,548,469,0.246,1.49,11.3
0.4873226583004,0.454880386590958,1.12087500095367,0.992377042770386,1.06994199752808,1.00798404216766,0.900144219398499,0.87678337097168,0.733766257762909,0.772829174995422,0.821560204029083,0.857189774513245,0.919976651668549,5.90582845282238,8.06663998731527,0,2607,449,519,491,555,545,516,509,503,548,470,2.76,0.788,12.1
0.486714214086533,0.464937329292297,1.11903214454651,0.962872207164764,1.0664883852005,1.02257668972015,0.84604150056839,0.893200099468231,0.703601658344269,0.769410312175751,0.84273773431778,0.869517326354981,0.949952363967896,3.69321380689883,3.88089632238068,0,2609,450,520,491,556,547,517,510,504,549,470,1.57,0.53,8.26
0.487888514995575,0.458044528961182,1.11860525608063,0.997591078281403,1.08420467376709,1.00350141525269,0.864035069942474,0.868198692798615,0.773696482181549,0.770559370517731,0.838034451007843,0.872436344623566,0.933435618877411,8.78817767841593,9.30928200317646,0,2611,451,521,492,556,546,517,510,504,549,471,0.896,1.13,8.14
0.487601786851883,0.466654539108276,1.12417376041412,0.98733776807785,1.06389713287354,0.998713076114655,0.863668322563171,0.875556707382202,0.708823502063751,0.769129276275635,0.83493310213089,0.872166454792023,0.938584804534912,-1.99360419810082,3.53781791838188,0,2613,450,521,492,557,547,518,511,505,550,471,0.711,0.425,9.32
0.486332386732101,0.464628040790558,1.14348089694977,0.98531973361969,1.07999229431152,0.997089982032776,0.898834764957428,0.875444829463959,0.775541603565216,0.771121919155121,0.848184823989868,0.881075441837311,0.929562985897064,0.650614913635754,1.47689111459304,0,2616,451,522,493,557,548,518,511,506,551,473,0.469,1.59,10.1
0.490791469812393,0.473358064889908,1.09838628768921,0.992396056652069,1.06791257858276,1.02442181110382,0.831064581871033,0.901317834854126,0.723360300064087,0.759848415851593,0.841680407524109,0.866782128810883,0.909360647201538,3.55360857568492,4.09388494005037,0,2618,451,522,493,557,547,518,511,507,550,472,2.8,1.84,8.07
0.489045798778534,0.481373965740204,1.08287119865417,0.983392238616943,1.09052968025208,1.02220511436462,0.926829278469086,0,0.766108870506287,0.768884658813477,0.859992027282715,0.887504279613495,0.922331809997559,15.9242754438832,16.3377468801298,0,2620,452,522,493,534,549,499,512,478,550,443,0.735,1.48,7.21
0.475378036499023,0.478442996740341,1.11163830757141,0.979654252529144,1.08217978477478,1.02266025543213,0.825899660587311,0.87075674533844,0.726354956626892,0.766566693782806,0.852036774158478,0.888927757740021,0.923612654209137,-0.307846032247593,1.83065044364772,0,2622,452,492,494,528,548,490,513,476,551,443,0.925,4.11,8.03
0.47601529955864,0.473627239465714,1.08392763137817,1.00259900093079,1.07776212692261,1.01165688037872,0.872380077838898,0.889932870864868,0.75834059715271,0.776478290557861,0.861654758453369,0.887411236763001,0.927154064178467,-0.684450121342357,11.9037488902855,0,2624,452,492,493,528,546,489,511,477,550,443,4.04,3.77,8.77
0.484816342592239,0.479717761278152,1.12875664234161,0.99126660823822,1.07058131694794,1.02642941474915,0.848254919052124,0.870320320129395,0.71516227722168,0.765973150730133,0.866023123264313,0.868151068687439,0.934280037879944,1.71037029841946,7.64746927775923,0,2626,452,492,493,528,548,489,512,476,551,443,0.166,2.36,7.02
0.478686511516571,0.477403789758682,1.11612284183502,0.982014656066895,1.08855164051056,1.02660810947418,0.879969775676727,0.905653536319733,0.761630773544312,0.758038818836212,0.838687300682068,0.881794273853302,0.943930447101593,-0.056866639403053,23.0271999584959,0,2628,453,492,495,528,549,489,513,476,551,443,3.49,5.18,12.2
0.481828927993774,0.47638738155365,1.12293124198914,0.984982073307037,1.08234775066376,1.02027010917664,0.838703274726868,0.869749903678894,0.717586219310761,0.771642804145813,0.854296207427979,0.885391294956207,0.921782195568085,4.16425153278533,7.14938430753536,0,2630,444,492,490,529,544,490,510,477,551,443,3.55,1.43,12.4
0.483103454113007,0.46899351477623,1.09255588054657,0.993559062480927,1.09003448486328,1.03270411491394,0.834860622882843,0.888275861740112,0.769363164901733,0.770171582698822,0.854014575481415,0.874413847923279,0.915263593196869,0.825575437851426,12.2093055189866,0,2632,438,493,480,528,533,489,498,476,537,443,1.65,3.77,13.2
0.485035866498947,0.477242320775986,1.11080551147461,0.997915208339691,1.08338785171509,1.01637208461761,0.816680788993835,0.906675755977631,0.725126147270203,0.772040903568268,0.847625434398651,0.89709460735321,0.92587673664093,-8.69888625714621,12.2204115098707,0,2634,437,493,479,528,533,489,497,476,537,442,0.906,4.14,16
0.478406250476837,0.471650749444962,1.07011485099792,0.987513363361359,1.04617464542389,1.02028143405914,0.86520653963089,0.877724885940552,0.774074077606201,0.75723785161972,0.84400999546051,0.876189410686493,0.932590544223785,2.63949102263975,3.82865031769724,0,2637,438,493,479,528,532,489,498,477,536,442,0.862,3.3,22.1
0.484383910894394,0.474417299032211,1.10063624382019,0.997881948947907,1.08198118209839,1.02607583999634,0.818051993846893,0.865921795368195,0.742488503456116,0.764694631099701,0.830175340175629,0.876292049884796,0.937519431114197,0.979620581752874,2.02159001600156,0,2639,438,494,479,529,532,490,498,476,536,443,0.777,2.4,23.4
0.482012838125229,0.457602918148041,1.07917249202728,0.98310387134552,1.08123230934143,1.03062534332275,0.854818761348724,0.877231061458588,0.755037128925324,0.757548213005066,0.840211391448975,0.873296439647675,0.948260009288788,-1.15891870229779,1.2264677138904,0,2641,439,493,482,529,535,490,500,477,538,444,0.548,1.73,24.9
0.481125801801682,0.470880627632141,1.10430657863617,0.992110371589661,1.09259724617004,1.01311492919922,0.811718225479126,0.904952049255371,0.705370128154755,0.766240894794464,0.848087430000305,0.8480344414711,0.929059982299805,5.78682037092322,6.11927017539432,0,2643,440,493,481,529,536,490,499,478,538,443,0.691,1.53,27
0.486367434263229,0.465655982494354,1.09154343605042,0.989140152931213,1.07930552959442,1.01244974136353,0.888867616653442,0.895489871501923,0.766959667205811,0.754251062870026,0.8515545129776,0.875825762748718,0.944050788879395,3.67432826256555,5.52735379697839,0,2645,440,494,483,530,537,491,500,479,539,445,0.729,1.26,28.9
0.484732091426849,0.478136837482452,1.10583734512329,0.99494856595993,1.07807385921478,1.02502012252808,0.822076976299286,0.885518610477448,0.724156677722931,0.77615761756897,0.850619852542877,0.843727588653564,0.92543375492096,3.73245075250409,4.43884485891214,0,2647,441,494,482,530,536,491,501,478,540,444,0.268,0.582,27.1
0.480305314064026,0.464159548282623,1.08480405807495,0.990122318267822,1.06045091152191,1.01562631130219,0.881176173686981,0.902924537658691,0.754414618015289,0.763228535652161,0.85457181930542,0.869115233421326,0.918664395809174,-1.8364714420675,3.18345588948649,0,2649,442,495,484,531,538,492,502,480,541,446,0.113,1.46,27.5
0.479881018400192,0.463155031204224,1.08981680870056,0.978710472583771,1.08651256561279,0.996547818183899,0.866757869720459,0.864730298519135,0.701769053936005,0.763783037662506,0.833183288574219,0.889106214046478,0.924439191818237,-1.41057948637878,2.04043658696659,0,2651,442,496,484,532,538,493,503,480,541,447,1,0.763,27
0.47986114025116,0.463866651058197,1.08116185665131,0.978066802024841,1.0695161819458,1.05137884616852,0.887450516223908,0.886555910110474,0.770193517208099,0.762789905071259,0.847045660018921,0.875132143497467,0.937639176845551,7.81663798123539,8.52601985623417,0,2653,443,497,485,532,538,493,503,480,542,447,2.3,0.973,22.7
0.478353410959244,0.473024427890778,1.10250377655029,0.980410754680634,1.09620797634125,1.00254666805267,0.846153855323792,0.862794041633606,0.698234379291534,0.749250888824463,0.837104082107544,0.879220843315125,0.952999711036682,-17.9577615275029,19.1908111087375,0,2655,444,496,485,532,540,493,504,481,542,446,1.06,0.427,22.5
0.475165188312531,0.465907722711563,1.07560813426971,0.970986902713776,1.06409382820129,1.01378512382507,0.894323348999023,0.871687591075897,0.758722484111786,0.75864052772522,0.823623716831207,0.863898932933807,0.922775268554688,-4.12843555391097,4.65414190467311,0,2658,445,497,487,533,540,493,506,481,545,448,5.35,2.35,18.5
0.478314340114594,0.475784003734589,1.09666645526886,0.991768300533295,1.0663286447525,1.02151167392731,0.84780079126358,0.886467576026917,0.715983271598816,0.762059211730957,0.809516668319702,0.87419319152832,0.936036229133606,0.181745329885695,1.55516095648349,0,2660,447,498,489,534,543,494,507,481,546,448,1.02,1.49,11.7
0.472249507904053,0.468380719423294,1.0711442232132,0.983014285564423,1.06748116016388,1.00925397872925,0.879668772220612,0.87044095993042,0.752456605434418,0.758085429668427,0.851211965084076,0.866389453411102,0.937273800373077,-3.47759105996569,3.57001982238967,0,2662,449,499,490,535,544,495,508,482,547,449,1.7,2.41,9.88
0.470200955867767,0.473085790872574,1.10043346881866,0.965604662895203,1.08447110652924,1.00373542308807,0.845200419425964,0.872959315776825,0.697002112865448,0.763993680477142,0.846945345401764,0.87074625492096,0.953988432884216,6.49159319051727,6.99640486137358,0,2664,448,499,490,535,544,495,509,483,547,450,0.748,1.42,7.71
0.475385099649429,0.475699037313461,1.0728954076767,0.977980852127075,1.06256568431854,1.03262042999268,0.889977157115936,0.876288652420044,0.727772951126099,0.75555557012558,0.829427480697632,0.872372210025787,0.953045666217804,2.23374739902099,2.3447857835505,0,2666,449,499,490,535,544,495,508,482,547,449,0.448,1.06,6.18
0.473081350326538,0.476416140794754,1.10363101959229,0.961267590522766,1.06589996814728,0.992181777954102,0.832930445671082,0.884576439857483,0.710023641586304,0.765005230903626,0.845971584320068,0.875474810600281,0.924748301506043,5.47929071895082,5.66351126413628,0,2668,448,499,491,535,545,495,509,483,548,449,1.01,1.43,4.23
0.468781501054764,0.471163272857666,1.0803450345993,0.981354892253876,1.06850874423981,1.00651752948761,0.863065302371979,0.90400904417038,0.750304341316223,0.761717855930328,0.856012165546417,0.871312916278839,0.919125139713287,19.3157273240943,20.3631999242375,0,2670,449,499,490,534,545,495,507,482,546,448,2.5,1.81,3.22
0.476081520318985,0.460423082113266,1.10712611675262,0.98130065202713,1.08797419071198,1.01507198810577,0.84948194026947,0.866137027740479,0.720722258090973,0.754918277263641,0.863470137119293,0.878572046756744,0.916527926921845,0.592587495836295,15.2574971528582,0,2672,437,494,481,531,535,491,499,479,539,445,1.62,1.67,2.86
0.503945410251617,0.447031885385513,1.14008963108063,0.999801516532898,1.07411313056946,0.994508862495422,0.879704594612122,0.881626129150391,0.769171357154846,0.722254574298859,0.842722058296204,0.882549583911896,0.928903758525848,18.4726765970303,22.1282265844619,0,2674,405,477,413,497,469,458,429,446,466,421,1.11,3.04,2.78
0.469144761562347,0.464379101991653,1.1216641664505,0.980187773704529,1.06913352012634,0.987354278564453,0.861702144145966,0.843556821346283,0.722027719020844,0.760371685028076,0.861365973949432,0.866341531276703,0.938973367214203,-10.917833595313,15.3169871252732,0,2676,368,487,410,519,464,482,429,467,468,435,3.18,1.56,1.97
0.468549191951752,0.481903195381165,1.1146924495697,1.01312232017517,1.06869292259216,1.00688004493713,0.873317122459412,0.860286056995392,0.730487406253815,0.750508248806,0.838432550430298,0.86811226606369,0.939814805984497,16.1868571441157,21.4355422215649,0,2678,370,491,412,526,466,487,431,474,470,443,1.17,1.4,3.49
0.472372710704803,0.473742634057999,1.11182594299316,0.995529353618622,1.06472873687744,1.04310178756714,0.88558167219162,0.864650189876556,0.788133263587952,0.76917964220047,0.851604521274567,0.879394769668579,0.916691482067108,4.77735733016763,4.95444727910575,0,2681,373,494,414,528,468,489,433,476,472,444,0.234,1.63,5.19
0.469614326953888,0.470458298921585,1.09829795360565,0.978251993656158,1.04975175857544,1.02735066413879,0.86969530582428,0.863492071628571,0.759602665901184,0.750101327896118,0.859407484531403,0.872988760471344,0.956627249717712,3.46624001574339,3.61398935160956,0,2683,375,496,417,531,470,492,435,478,475,447,1.58,3.79,5.83
0.466513901948929,0.463861405849457,1.11660838127136,0.999370634555817,1.06815528869629,1.02659356594086,0.885030865669251,0.886127293109894,0.786036014556885,0.77376002073288,0.865610718727112,0.873414278030396,0.928313910961151,3.64608699399622,5.09314366379999,0,2685,378,498,418,532,474,493,437,481,476,448,0.729,1.4,6.04
0.469526618719101,0.472369611263275,1.07729113101959,0.99692291021347,1.04584693908691,1.02218425273895,0.906998574733734,0.87688821554184,0.768400073051453,0.763468265533447,0.860382437705994,0.861271679401398,0.933435320854187,28.5872676589119,30.4580543276844,0,2687,379,499,421,534,474,494,439,482,478,450,1.68,2.11,7.23
0.464906990528107,0.470830082893372,1.11617469787598,0.989270150661469,1.06912779808044,1.02072536945343,0.866329729557037,0.87578558921814,0.771765291690826,0.776989698410034,0.828749358654022,0.873829662799835,0.923907458782196,1.83401286255211,2.37249822365147,0,2689,382,500,423,535,477,496,441,483,481,450,1.08,2.26,7.28
0.464138358831406,0.468676000833511,1.0913827419281,0.973558723926544,1.06585872173309,0.997347235679626,0.870590567588806,0.87147468328476,0.724704563617706,0.774535059928894,0.852457165718079,0.869186043739319,0.954578459262848,-40.3236863404179,41.911779923823,0,2691,383,501,424,536,479,498,444,484,483,452,10.4,4.55,5.15
0.458135724067688,0.462467759847641,1.09697079658508,0.979513466358185,1.08364045619965,1.00887894630432,0.870486795902252,0.861085534095764,0.761183261871338,0.78457236289978,0.834323942661285,0.870944261550903,0.921344757080078,-8.77017851166085,9.60635259881225,0,2693,385,502,426,537,479,498,445,486,485,453,0.71,0.411,5.57
0.464286595582962,0.472847014665604,1.09748840332031,0.984678387641907,1.08092784881592,1.00786626338959,0.872243463993073,0.875691890716553,0.736057043075562,0.771187663078308,0.832676529884338,0.869766294956207,0.929701864719391,21.5702152512651,23.4770234812109,0,2695,386,503,427,538,482,499,447,487,486,454,10.5,1.93,6.34
0.466073989868164,0.463252633810043,1.12394165992737,0.996745705604553,1.06481981277466,1.00606310367584,0.886336386203766,0.86285936832428,0.777451872825623,0.774994671344757,0.84709632396698,0.86306756734848,0.921278893947601,-1.66041066416254,4.46087720507555,0,2697,380,493,425,533,479,495,445,482,484,451,1.67,0.971,3.38
0.466646999120712,0.44752848148346,1.14009547233582,0.988177716732025,1.05173134803772,1.01987981796265,0.864762902259827,0.867447674274445,0.743634760379791,0.740829408168793,0.83405601978302,0.848396301269531,0.926983714103699,6.23896852205472,6.5255573066426,0,2699,378,466,426,492,481,456,446,443,485,410,0.828,7.98,4.3
0.46451798081398,0.440668404102325,1.19701778888702,0.976374208927155,1.05487012863159,1.01160979270935,0.845192074775696,0.902926802635193,0.747148752212524,0.73683089017868,0.846026241779327,0.858856201171875,0.927107751369476,-3.69074814196354,4.42012163879922,0,2702,385,428,405,448,467,421,430,399,480,382,3.8,6.61,4.47
0.459308177232742,0.431529581546783,1.22729444503784,0.979917645454407,1.06359767913818,1.03128743171692,0.840664684772491,0.906990170478821,0.718100905418396,0.719360709190369,0.820095539093018,0.865940749645233,0.927333176136017,10.0766175833085,11.5443147765041,0,2704,405,446,445,481,502,448,466,431,506,401,0.615,1.77,2.34
0.453669667243958,0.432501465082169,1.24323868751526,0.982379972934723,1.08911144733429,1.01078355312347,0.833066761493683,0.889337658882141,0.728684484958649,0.727502286434174,0.838190197944641,0.855143904685974,0.913309276103973,7.35090754798278,8.51638260409097,0,2706,406,456,445,488,501,454,467,437,505,405,1.97,1.85,5.38
0.461002379655838,0.444664537906647,1.26538848876953,0.973310708999634,1.05362963676453,1.04378700256348,0.874407052993774,0.872265338897705,0.740253567695618,0.744089901447296,0.840498447418213,0.860052168369293,0.94378525018692,22.2368560939407,23.6925383835482,0,2708,406,462,444,496,501,461,463,445,503,414,0.341,0.794,2.7
0.452215909957886,0.441756010055542,1.25994336605072,0.963237106800079,1.07803380489349,1.01061129570007,0.836385548114777,0.86294287443161,0.690138816833496,0.758393108844757,0.833805620670319,0.859360218048096,0.940940916538239,-3.18978542373927,3.97649461831655,0,2710,403,464,442,497,498,461,461,447,500,414,2.4,3.24,4.02
0.459081083536148,0.454965531826019,1.26281809806824,0.983044326305389,1.07945215702057,1.03278267383575,0.877746403217316,0.90244734287262,0.764467597007751,0.76526939868927,0.83298921585083,0.854636907577515,0.966170072555542,20.8062785448672,22.4051076919684,0,2712,402,467,443,501,499,465,461,450,502,417,0.166,1.14,4.05
0.459871143102646,0.449441015720367,1.25972580909729,0.979788362979889,1.06721472740173,1.01735973358154,0.849206328392029,0.860215067863464,0.732970416545868,0.757551729679108,0.838528156280518,0.865534782409668,0.928190588951111,1.49790427209982,2.21925713790372,0,2714,404,468,442,502,499,465,462,450,502,418,1.46,1.79,6.88
0.460911870002747,0.460854202508926,1.21944916248322,0.976290464401245,1.04835617542267,1.03786730766296,0.895870745182037,0.889150023460388,0.754540145397186,0.765872001647949,0.836608171463013,0.867306232452393,0.943095088005066,17.6295725165718,18.8443986232747,0,2716,403,470,443,505,498,468,462,453,502,420,1.52,1.12,6.86
0.464015066623688,0.455972760915756,1.24482524394989,0.966545760631561,1.07756972312927,1.0253849029541,0.870025038719177,0.886511027812958,0.778306484222412,0.760348737239838,0.84195476770401,0.870158970355988,0.941452503204346,-22.6074750563869,23.5151237912491,0,2718,405,472,444,506,499,469,462,453,501,422,0.783,0.692,6.36
0.471276700496674,0.459011048078537,1.21550524234772,0.985847651958466,1.06709957122803,1.03089356422424,0.876033067703247,0.878684818744659,0.764776647090912,0.757313132286072,0.848735511302948,0.857423603534699,0.944356143474579,7.75041460557679,7.95236923808256,0,2720,405,473,445,508,501,470,464,456,502,424,1.2,1.46,6.09
0.475149005651474,0.460851609706879,1.22030079364777,1.00100255012512,1.0829941034317,1.04241752624512,0.884954154491425,0.859985530376434,0.76725572347641,0.757174551486969,0.85568779706955,0.867393374443054,0.931607306003571,0.9703601527843,5.93641258131421,0,2723,407,475,446,509,501,471,465,458,504,424,0.663,1.98,5.13
0.468994736671448,0.462695121765137,1.19814515113831,0.985628843307495,1.07086861133575,1.02549314498901,0.866567552089691,0.8876993060112,0.744529664516449,0.758979856967926,0.848058998584747,0.868227005004883,0.927673757076263,14.5170841870569,15.6032334730355,0,2725,408,476,448,511,502,473,467,459,506,426,0.823,0.995,4.39
0.470144271850586,0.447147399187088,1.18672728538513,0.990221917629242,1.06564176082611,1.02265620231628,0.875716030597687,0.843310594558716,0.757410764694214,0.763173460960388,0.823031902313232,0.869487047195435,0.958353757858276,-1.15859439022294,1.29445155969405,0,2727,409,477,449,511,503,473,467,459,506,427,0.68,1.89,2.19
0.478301703929901,0.457949727773666,1.21039628982544,0.974059402942658,1.06238114833832,1.03720808029175,0.856968462467194,0.881578922271729,0.758260548114777,0.764040172100067,0.839407563209534,0.841295123100281,0.925345063209534,22.0451435499323,24.1385762116514,0,2729,410,478,450,513,505,475,467,461,508,429,0.571,1.33,1.74
0.47372955083847,0.45257967710495,1.19421219825745,0.988378286361694,1.05238139629364,1.02944695949554,0.859652459621429,0.87770938873291,0.774460315704346,0.77266126871109,0.811465978622437,0.856792211532593,0.938729703426361,-3.55806383432464,5.41223154519443,0,2731,412,480,451,514,506,476,469,462,509,429,0.834,1.28,1.66
0.472543954849243,0.451410949230194,1.18038809299469,0.990297496318817,1.0616340637207,1.03990125656128,0.831244170665741,0.876950800418854,0.719101130962372,0.757456958293915,0.822273969650269,0.855444014072418,0.911441206932068,27.9525089828601,29.9327057889737,0,2733,412,480,453,514,507,476,470,462,510,430,1.47,1.86,2.38
0.471271097660065,0.444505721330643,1.20138692855835,0.968251407146454,1.06175863742828,1.02294671535492,0.850526988506317,0.882955372333527,0.764103293418884,0.76284271478653,0.833168268203735,0.864237904548645,0.934702098369598,-2.59970903974258,3.03905169127863,0,2735,414,481,453,515,508,476,471,463,511,431,0.553,0.805,1.91
0.474537909030914,0.460154056549072,1.17014622688293,0.977071821689606,1.05355370044708,1.02466642856598,0.870532155036926,0.895272850990295,0.718380570411682,0.757248520851135,0.820261001586914,0.860749125480652,0.902368187904358,19.1456780065815,20.1982232413345,0,2737,414,482,455,516,508,477,472,464,512,432,1.98,0.43,1.96
0.46637487411499,0.44788321852684,1.20429158210754,0.992143273353577,1.06959354877472,1.02903842926025,0.843663454055786,0.860450148582459,0.726386904716492,0.767125308513641,0.826517343521118,0.865243792533875,0.921085357666016,-10.9426153298481,12.5260992713798,0,2739,416,483,456,517,510,478,472,465,513,432,1.14,0.583,0.865
0.4656642973423,0.458176612854004,1.17418146133423,0.97050404548645,1.06562423706055,1.02143394947052,0.835018813610077,0.868195652961731,0.736103594303131,0.765556871891022,0.816911637783051,0.859184384346008,0.930442333221436,8.79703935089681,8.99845534075202,0,2741,416,483,457,518,511,480,475,466,514,433,0.828,1.44,1.47
0.465147465467453,0.458132237195969,1.19726276397705,0.971774697303772,1.05634844303131,1.02691555023193,0.8547403216362,0.85866779088974,0.75592029094696,0.768491566181183,0.826824545860291,0.877174139022827,0.914737045764923,11.952271413453,12.476327463445,0,2744,418,485,458,519,514,480,475,467,517,434,1.05,1.47,0.834
0.465203672647476,0.459268540143967,1.20551228523254,0.999260008335114,1.07392978668213,1.03711712360382,0.852797091007233,0.88712614774704,0.728128731250763,0.771602213382721,0.842546284198761,0.866815090179443,0.914548635482788,-2.34217058483848,7.99835231468005,0,2746,419,485,460,520,515,482,477,468,517,435,0.815,2.58,1.66
0.465414464473724,0.454170495271683,1.18841338157654,0.966553092002869,1.07614886760712,1.0204815864563,0.863743662834168,0.86875331401825,0.748339951038361,0.778297126293182,0.839645564556122,0.873092591762543,0.909369647502899,5.79014315919734,5.95789085462155,0,2748,420,486,461,520,516,482,479,469,520,434,0.405,1.84,1.03
0.462944269180298,0.460996836423874,1.17021369934082,0.977421939373016,1.06902837753296,1.03272759914398,0.848049938678741,0.899690270423889,0.727302193641663,0.76664012670517,0.848856747150421,0.866786658763886,0.939136266708374,16.4780779231767,18.9923861813067,0,2750,421,486,462,521,516,482,479,468,519,435,2.72,1.86,2.23
0.467145144939423,0.456676423549652,1.18644762039185,0.998592555522919,1.07530891895294,1.03048527240753,0.860508501529694,0.88149619102478,0.776313841342926,0.763458013534546,0.831346690654755,0.876979470252991,0.936416208744049,4.43206292689802,6.21420232452857,0,2752,421,487,462,522,516,483,479,470,520,436,0.522,1.53,3.99
0.463146567344666,0.46271151304245,1.16701889038086,0.985215187072754,1.08157551288605,1.01777648925781,0.876898646354675,0.881874978542328,0.728438794612885,0.760732352733612,0.838961839675903,0.870512843132019,0.903691530227661,4.76362090730806,8.5653449017767,0,2754,421,487,462,522,517,484,480,470,519,437,2.87,0.589,5.44
0.467003047466278,0.45640903711319,1.16175282001495,1.00107967853546,1.07931315898895,1.02956879138947,0.867999970912933,0.867549657821655,0.757652044296265,0.767414271831512,0.831152558326721,0.867385923862457,0.931920349597931,-2.34651924547351,2.40633942898143,0,2756,422,487,463,522,516,483,480,470,521,437,0.946,1.32,4.58
0.469050407409668,0.477716505527496,1.15263736248016,0.98170793056488,1.08407592773438,1.057093501091,0.874459743499756,0.896830201148987,0.741647779941559,0.766973912715912,0.855742275714874,0.869874954223633,0.910793483257294,16.0456701244283,17.5691684459579,0,2758,423,488,464,523,518,484,482,471,523,438,2.98,0.0255,5.87
0.468252331018448,0.463047564029694,1.16290640830994,0.984158873558044,1.0807933807373,1.03671050071716,0.869173407554626,0.877671122550964,0.764209508895874,0.767304182052612,0.822324097156525,0.867756009101868,0.898078978061676,2.83710892936326,9.41182326751706,0,2760,425,489,465,523,519,484,483,471,523,437,0.678,0.456,6.33
0.469368755817413,0.473855644464493,1.14393246173859,0.972828090190887,1.08536767959595,1.03511524200439,0.870209038257599,0.885197341442108,0.720347464084625,0.769795298576355,0.83795827627182,0.856590747833252,0.93455445766449,2.69990082925636,7.38125427759422,0,2762,425,489,466,524,519,485,483,472,524,439,3.42,0.72,6.84
0.469752550125122,0.464130103588104,1.14669001102448,0.998006999492645,1.0760645866394,1.04002547264099,0.881233811378479,0.895949363708496,0.749615609645844,0.779739797115326,0.837805449962616,0.885963261127472,0.937373757362366,0.868394648236559,2.33804803706446,0,2765,425,489,466,524,519,486,485,472,525,438,1.6,1.51,6.23
0.468002557754517,0.474525988101959,1.13741707801819,0.970089018344879,1.06517553329468,1.04150199890137,0.847991585731506,0.870988845825195,0.741686344146729,0.760524034500122,0.829992890357971,0.868208646774292,0.922959566116333,0.500772465101485,5.96267838509232,0,2767,426,490,467,524,520,486,485,472,524,439,0.874,1.38,7
0.46901348233223,0.466017007827759,1.14068245887756,0.989445447921753,1.09487700462341,1.01246166229248,0.861850202083588,0.890134513378143,0.781541764736176,0.761012852191925,0.847070515155792,0.879676282405853,0.93420821428299,5.12977479988298,6.88546649972079,0,2769,426,489,466,524,520,486,484,472,525,439,0.451,1.91,6.99
0.463679045438767,0.474516153335571,1.12222075462341,0.994478046894074,1.0823677778244,1.03507089614868,0.865723371505737,0.885324418544769,0.750764548778534,0.767030775547028,0.851385414600372,0.859621286392212,0.933821260929108,-2.07363567046568,4.99679503116804,0,2771,425,490,467,524,520,486,485,472,524,440,0.17,1.61,6.54
0.464573532342911,0.467126935720444,1.14129710197449,0.967472553253174,1.0752420425415,1.01793265342712,0.853207886219025,0.888304114341736,0.761045038700104,0.764524400234222,0.847083330154419,0.858108997344971,0.934746742248535,9.61355354398524,10.1131849282055,0,2773,426,490,467,524,522,486,485,473,525,440,1.1,1.74,4.39
0.466110229492188,0.462777704000473,1.12968611717224,0.991112589836121,1.08194398880005,1.03339409828186,0.857915759086609,0.878609418869019,0.752658188343048,0.749152541160584,0.851832330226898,0.886084079742432,0.92703503370285,23.8124700986815,24.8329765421182,0,2775,425,491,467,526,520,487,486,474,524,440,4.01,1.99,4.83
0.460473328828812,0.457884639501572,1.13332724571228,0.981054246425629,1.07711505889893,1.01764667034149,0.849587321281433,0.86891382932663,0.771729946136475,0.770647644996643,0.834404230117798,0.87308257818222,0.927307188510895,-1.2999536697154,1.58044178461141,0,2777,426,491,467,525,521,487,486,473,525,440,0.956,0.205,5.15
0.457862585783005,0.471348822116852,1.11680102348328,0.987935066223145,1.08092892169952,1.03579688072205,0.853028059005737,0.877165615558624,0.734088182449341,0.744680404663086,0.846519827842712,0.858326733112335,0.930681347846985,3.48343932278198,10.746841891711,0,2779,426,490,468,526,521,487,486,474,525,441,3.11,1.3,3.92
0.464027017354965,0.462796151638031,1.14662253856659,0.986562311649323,1.07002985477448,1.03631436824799,0.859363973140717,0.865489780902863,0.780706942081451,0.765655815601349,0.840181410312653,0.872614741325378,0.933404922485352,-3.77897589567538,10.9901166218037,0,2781,427,491,469,527,523,488,487,474,527,440,1.17,1.79,3.78
0.466242402791977,0.465609222650528,1.11853849887848,0.998744904994965,1.07626521587372,1.04134285449982,0.822438418865204,0.876726508140564,0.746910274028778,0.751435995101929,0.845380663871765,0.881612837314606,0.955568730831146,1.89249914654909,6.71304005363696,0,2783,427,492,469,527,522,488,486,476,527,441,1.13,1.37,3.17
0.462352097034454,0.455556154251099,1.13479721546173,0.984079360961914,1.07606518268585,1.03704166412354,0.873841881752014,0.855297803878784,0.780349612236023,0.764855086803436,0.841740846633911,0.86975508928299,0.925306022167206,9.21764482795184,9.6208938405358,0,2786,428,492,469,527,524,489,488,475,528,442,0.151,2.11,2.49
0.458745121955872,0.458987206220627,1.10656905174255,0.988811194896698,1.07779717445374,1.03745794296265,0.851826786994934,0.852635622024536,0.733584105968475,0.75291383266449,0.856666266918182,0.879823923110962,0.95837277173996,-3.14378960361881,4.36817828685541,0,2788,428,493,470,528,523,489,488,476,528,443,3.82,1.56,0.0283
0.454088687896729,0.455756813287735,1.11243796348572,0.983009696006775,1.08324766159058,1.01976573467255,0.852442502975464,0.910307228565216,0.756838083267212,0.759801208972931,0.829692244529724,0.876547396183014,0.921133875846863,6.29681183734607,8.163664046375,0,2790,429,492,470,528,525,490,489,475,529,442,0.646,0.58,2.27
0.460486233234406,0.461778461933136,1.1015852689743,0.980897009372711,1.07684731483459,1.02648222446442,0.84684681892395,0.862733662128449,0.741045415401459,0.752005636692047,0.849059164524078,0.88243967294693,0.938488245010376,1.13736133315514,10.7461352224605,0,2792,429,493,471,529,523,490,489,477,528,444,0.693,2.05,1.18
0.461454123258591,0.452419281005859,1.12099695205688,0.994728982448578,1.07511270046234,1.03426277637482,0.875094711780548,0.853426694869995,0.772493958473206,0.749448418617249,0.840023279190064,0.875477910041809,0.969782173633575,3.87087708929839,4.41069705278124,0,2794,429,493,471,528,524,489,489,476,530,442,0.346,0.561,1.75
0.464033544063568,0.456709653139114,1.096275806427,0.986112356185913,1.07530164718628,1.03695356845856,0.851142525672913,0.871524453163147,0.763625800609589,0.748591482639313,0.837468802928925,0.864831268787384,0.939907968044281,1.280392526255,9.34526756496647,0,2796,429,493,471,529,524,489,488,476,529,443,0.395,1.33,3.16
0.460844218730927,0.446346014738083,1.11042809486389,0.973860383033752,1.07454788684845,1.04205596446991,0.867771208286285,0.873491644859314,0.735040247440338,0.754145681858063,0.834584951400757,0.873571872711182,0.944583475589752,-3.09279941658062,3.73696906613939,0,2798,430,493,471,529,525,490,490,475,529,444,0.896,0.685,1.99
0.466558277606964,0.450684785842896,1.1109801530838,0.993449628353119,1.0743043422699,1.0435391664505,0.864473700523376,0.868738234043121,0.733881592750549,0.751389265060425,0.845312714576721,0.885117888450623,0.956714749336243,19.6096951364131,22.0540689406603,0,2800,431,493,473,528,526,489,490,476,530,443,2.8,2.32,3.09
0.462595820426941,0.454037934541702,1.12129890918732,0.982073664665222,1.06874966621399,1.04180490970612,0.881296694278717,0.86106550693512,0.765537917613983,0.764999568462372,0.837209284305573,0.872380435466766,0.924020171165466,-5.75257346501591,8.39576680051382,0,2802,432,494,473,529,527,491,491,476,531,444,1.01,1.05,2.96
0.458396077156067,0.452584743499756,1.09493362903595,1.01180946826935,1.08833360671997,1.04075658321381,0.842465758323669,0.868929028511047,0.739209949970245,0.746898293495178,0.843950808048248,0.86878776550293,0.947116434574127,12.9186577230601,13.2966425656404,0,2804,431,494,474,529,526,491,492,477,531,444,1.33,1.42,0.932
0.455337226390839,0.450305283069611,1.12570178508759,1.00388741493225,1.0800484418869,1.02539813518524,0.866151452064514,0.868923604488373,0.767030358314514,0.754930853843689,0.841589272022247,0.869328320026398,0.951069533824921,12.9010995618499,16.2675874317279,0,2807,432,494,474,529,528,491,492,478,532,444,1.7,3.01,0.434
0.456790864467621,0.452518343925476,1.10101985931396,0.988529920578003,1.08318746089935,1.00168550014496,0.873340606689453,0.87146532535553,0.723670840263367,0.748797714710236,0.847735285758972,0.865749478340149,0.92517876625061,4.81138102699986,7.87077502517619,0,2809,432,494,473,529,528,490,491,478,531,444,1.52,1.23,1.97
0.4523746073246,0.446664720773697,1.11352682113647,0.995715200901032,1.0745530128479,1.03277182579041,0.872101962566376,0.891334891319275,0.747068703174591,0.744133532047272,0.852702260017395,0.865560829639435,0.934228181838989,2.31469807402433,9.33507905475502,0,2811,433,494,474,529,529,490,493,476,533,443,2.29,1.8,1.26
0.456660598516464,0.457273632287979,1.07147109508514,0.991512179374695,1.08286809921265,1.01361536979675,0.860220968723297,0.886715590953827,0.737337410449982,0.754216372966766,0.848529636859894,0.910059630870819,0.952389895915985,34.5310475021045,38.9720572277901,0,2813,432,494,470,530,523,492,485,478,516,445,4.3,4.27,2.85
0.468051671981812,0.458867490291595,1.09388530254364,0.991095840930939,1.08117640018463,1.008549451828,0.871362686157227,0.86383467912674,0.752747237682343,0.77092319726944,0.837597012519836,0.868869006633759,0.941268622875214,-53.5621521824292,59.4664547180669,0,2815,390,495,432,530,486,491,450,478,490,444,11.2,9.85,3.59
0.463172793388367,0.457285583019257,1.08916926383972,0.984840154647827,1.02633690834045,0.989867985248566,0.860732555389404,0.877269148826599,0.738925099372864,0.764050900936127,0.843558788299561,0.86939150094986,0.934598028659821,-16.5667489758088,20.6594142166048,0,2817,390,495,432,531,485,491,449,478,476,447,15.5,9.19,4.95
0.466383457183838,0.462748169898987,1.12906086444855,0.983516454696655,1.0741263628006,1.02970135211945,0.871068120002747,0.838628172874451,0.745401382446289,0.763328373432159,0.824349462985992,0.876049399375916,0.937875747680664,9.78589052504776,13.6797690182186,0,2819,282,495,323,530,379,492,342,477,381,445,3.55,11.4,7.43
0.469489842653275,0.463128745555878,1.10950684547424,1.00366473197937,1.07174456119537,1.02817618846893,0.867622077465057,0.873134315013886,0.737121343612671,0.774855196475983,0.840317606925964,0.873894929885864,0.901442289352417,-5.04168375739367,8.55865947802272,0,2821,281,496,323,531,377,492,341,479,381,445,2.39,15.2,13.9
0.473632037639618,0.463015377521515,1.10472476482391,0.992207765579224,1.0764821767807,1.03483951091766,0.865631341934204,0.865301430225372,0.747572839260101,0.759405136108398,0.846375226974487,0.857902050018311,0.932072222232819,1.93376100790904,3.0070848919907,0,2823,281,496,323,531,377,492,340,478,381,445,3.19,7.46,23.1
0.464445322751999,0.466645061969757,1.11348593235016,0.978289008140564,1.05993688106537,1.02009069919586,0.862517774105072,0.870359599590302,0.741465389728546,0.762422025203705,0.836447775363922,0.883327007293701,0.913001239299774,-9.17097653161359,10.5406368906039,0,2825,282,496,324,531,378,492,343,480,381,446,1,5.86,28.8
0.469899624586105,0.447106927633286,1.13291549682617,0.993283629417419,1.06065607070923,1.02937495708466,0.865049123764038,0.885844767093658,0.78723406791687,0.767439782619476,0.851362347602844,0.85513973236084,0.924359321594238,11.0185441889769,16.2848591945891,0,2827,280,495,322,530,376,492,340,477,381,444,0.779,4.1,38.7
0.469711780548096,0.458046734333038,1.10484731197357,1.00255477428436,1.06913411617279,1.02978503704071,0.851496696472168,0.870808660984039,0.744754612445831,0.762371063232422,0.852097809314728,0.868721902370453,0.94505912065506,-1.18251722690644,4.70086032687247,0,2830,279,495,321,530,375,492,340,478,379,444,1.46,2.86,58.3
0.467768013477325,0.448391020298004,1.10088849067688,0.995121955871582,1.05622839927673,1.02323055267334,0.888161838054657,0.903759896755219,0.767275393009186,0.762926757335663,0.822769224643707,0.861251652240753,0.913076221942902,2.56377557237425,4.99874378247289,0,2832,279,495,321,530,375,491,340,477,380,444,0.993,2.56,71.2
0.467941284179688,0.453914165496826,1.108393907547,0.998306035995483,1.0719747543335,1.05418705940247,0.842312157154083,0.864089488983154,0.756152987480164,0.758799850940704,0.849574387073517,0.870049476623535,0.923529386520386,-10.0957525872032,11.041562451846,0,2834,279,495,321,530,375,491,340,478,379,444,1.16,1.77,72.9
0.471819430589676,0.453337699174881,1.12248432636261,0.988340616226196,1.07807576656342,1.03660869598389,0.869961500167847,0.885588586330414,0.750834405422211,0.763755679130554,0.830677568912506,0.865152478218079,0.936504304409027,-6.38460911396655,12.1818179113128,0,2836,280,495,322,531,376,492,340,478,380,445,0.632,1.44,80.9
0.469293713569641,0.453869342803955,1.09801471233368,0.973807096481323,1.08251202106476,1.04441046714783,0.858129322528839,0.860653102397919,0.733887732028961,0.757388532161713,0.825080394744873,0.888807952404022,0.938606202602387,-3.38375713152284,7.57954857699919,0,2838,279,495,322,531,375,492,340,478,380,445,1.4,1.73,86
0.468408346176147,0.449890315532684,1.11542332172394,1.00696861743927,1.06092369556427,1.00564444065094,0.849360167980194,0.862419903278351,0.7489253282547,0.772327363491058,0.831727504730225,0.855351746082306,0.943909883499146,1.22105327468713,10.9311252454998,0,2840,280,496,322,531,376,492,340,479,380,445,0.751,0.777,79.5
0.465164214372635,0.450249016284943,1.09521853923798,0.990651488304138,1.0798054933548,1.01314043998718,0.875807404518127,0.861595988273621,0.699094653129578,0.759335935115814,0.842149436473846,0.854113042354584,0.927737057209015,4.24795140798624,10.6308164938369,0,2842,281,497,323,532,377,493,342,479,382,446,1.39,1.19,75.9
0.469524323940277,0.448200345039368,1.10405707359314,1.00379824638367,1.05718958377838,1.06033039093018,0.880359351634979,0.858185589313507,0.75317257642746,0.764421403408051,0.826446294784546,0.851950645446777,0.934721946716309,-4.91599080045134,14.0494618561417,0,2844,280,496,322,532,376,492,341,479,381,446,3.59,3.18,73.3
0.464997231960297,0.443445235490799,1.10031414031982,0.990945994853973,1.06867897510529,1.05439448356628,0.831099212169647,0.853297770023346,0.728323698043823,0.748380720615387,0.833945989608765,0.880359828472137,0.948444426059723,-13.0012570853455,14.9966085441757,0,2846,281,497,323,532,377,494,341,481,381,447,0.191,1.14,58.4
0.467066049575806,0.44135656952858,1.10386478900909,0.99503231048584,1.07160949707031,1.0424439907074,0.858138859272003,0.864975452423096,0.751088559627533,0.754546701908112,0.830500245094299,0.861507117748261,0.96442449092865,11.4306363325442,16.4012802782344,0,2848,282,497,324,532,378,493,342,479,382,446,3.08,1.57,46.5
0.463727295398712,0.4490707218647,1.08394181728363,1.00909805297852,1.07785379886627,1.04451096057892,0.850832402706146,0.874342083930969,0.708837985992432,0.740612089633942,0.844073295593262,0.862451493740082,0.949876248836517,-1.33215529989343,4.86359301699324,0,2851,281,497,323,532,377,493,342,479,382,446,0.578,1.38,32.6
0.466894507408142,0.446124851703644,1.09256863594055,0.99625688791275,1.06134879589081,1.04005563259125,0.879221439361572,0.848705112934113,0.750817000865936,0.750112056732178,0.834381580352783,0.858279585838318,0.939004123210907,0.003139692087681,9.81066343397267,0,2853,281,497,323,532,376,493,342,479,381,447,0.931,1.14,26.9
0.461841493844986,0.442712843418121,1.10228991508484,1.00693774223328,1.07771730422974,1.03385174274445,0.859585642814636,0.872720777988434,0.727750539779663,0.754685878753662,0.842082262039185,0.880285322666168,0.937207341194153,-8.99282463022972,9.70191251395336,0,2855,281,497,324,532,376,493,341,481,381,447,1.01,2.17,14.5
0.46816286444664,0.442528188228607,1.09871554374695,0.973850965499878,1.06095588207245,1.034334897995,0.871115803718567,0.884027421474457,0.741364657878876,0.750428080558777,0.860064744949341,0.841002762317658,0.954148888587952,-2.48599221833056,12.6297880519317,0,2857,282,497,324,532,379,493,343,481,382,446,1.54,0.993,9.77
0.462022840976715,0.441655814647675,1.06617820262909,0.996009171009064,1.05597281455994,1.04961967468262,0.839273989200592,0.853977859020233,0.719250500202179,0.739095509052277,0.841810643672943,0.871465682983398,0.983603000640869,-2.13300764314848,16.0811693244958,0,2859,283,498,325,533,377,494,343,481,383,447,0.625,2.05,9.83
0.466045796871185,0.445173740386963,1.10065269470215,0.975653350353241,1.05512952804565,1.03016996383667,0.855607688426971,0.878688514232636,0.751657605171204,0.75820130109787,0.831584990024567,0.854775130748749,0.961198270320892,13.7543412127114,16.9448593042196,0,2861,283,497,325,532,379,494,342,480,383,446,1.31,2.69,1.18
0.460543751716614,0.446963429450989,1.0763213634491,0.99673867225647,1.06992661952972,1.04905998706818,0.87277352809906,0.879025459289551,0.729853570461273,0.75190943479538,0.844492733478546,0.854359984397888,0.962755680084229,-14.383688621258,16.0029086666539,0,2863,283,498,325,533,379,494,343,482,383,447,2.06,0.846,3.63
0.466045767068863,0.446247100830078,1.09666037559509,0.985324800014496,1.04630386829376,1.05670857429504,0.847066462039948,0.865601301193237,0.738853514194489,0.759048402309418,0.833217024803162,0.854132771492004,0.968108594417572,51.3466571715469,55.2352909878072,0,2865,283,498,325,533,379,494,343,480,383,446,4.6,4.57,1.68
0.461637675762177,0.443814963102341,1.07364511489868,0.990933835506439,1.07596814632416,1.04563581943512,0.857179880142212,0.889255881309509,0.72724062204361,0.741114318370819,0.847777128219605,0.858335137367249,0.967378497123718,7.35842745913208,11.6891124763447,0,2867,283,499,325,534,378,494,344,481,383,448,2.06,0.924,3.16
0.462601482868195,0.444290578365326,1.09221422672272,0.987484633922577,1.06812798976898,1.03061389923096,0.853754937648773,0.851080894470215,0.729271471500397,0.755625247955322,0.831571221351624,0.862163662910461,0.948086142539978,2.20494283791764,13.6096379745174,0,2869,285,498,326,534,380,494,344,481,385,448,7.35,2.95,4.09
0.462829858064652,0.449004530906677,1.06621360778809,0.986539900302887,1.06969046592712,1.04986584186554,0.868649661540985,0.882375121116638,0.746101438999176,0.74420291185379,0.834627211093903,0.86459344625473,0.932850658893585,-6.30037895672519,6.70031454966993,0,2872,284,499,327,535,380,495,345,482,385,448,1.89,3.13,7.2
0.458696007728577,0.450729697942734,1.09801006317139,0.999777436256409,1.06660199165344,1.02640104293823,0.857669770717621,0.859566211700439,0.722945630550385,0.744656264781952,0.851601421833038,0.859978497028351,0.938607931137085,9.38656702935244,11.7803218717636,0,2874,284,498,326,534,381,493,344,481,385,447,0.574,0.165,6.7
0.45929342508316,0.445689409971237,1.06607639789581,1.00912797451019,1.05810499191284,1.02705419063568,0.87510359287262,0.897137999534607,0.727067887783051,0.745261490345001,0.843881189823151,0.844624996185303,0.945385038852692,-15.0577813480004,15.9467020975526,0,2876,285,499,327,534,379,495,345,481,384,448,0.811,6.7,5.99
0.455276727676392,0.447103679180145,1.09247672557831,0.982148885726929,1.06839072704315,1.01998209953308,0.878513872623444,0.854714035987854,0.72471296787262,0.745171129703522,0.840147197246552,0.871177315711975,0.934642016887665,6.07034839743492,9.59596869534142,0,2878,284,498,326,534,380,494,344,481,385,447,1.98,2.63,6.11
0.457185357809067,0.44255742430687,1.07856416702271,0.998902797698975,1.06599879264832,1.02088522911072,0.858918130397797,0.872259557247162,0.749462723731995,0.745202124118805,0.853939473628998,0.879316568374634,0.936962306499481,-9.77465205330117,13.6519569083167,0,2880,283,498,325,533,378,493,343,480,383,447,3.48,2.01,5.68
0.444842278957367,0.451592445373535,1.10690474510193,0.980665802955627,1.07233452796936,1.01875495910645,0.876497507095337,0.866192162036896,0.749073088169098,0.752725422382355,0.853677809238434,0.860703706741333,0.95832496881485,-16.8360188567446,25.8340821868116,0,2882,309,497,344,532,400,492,360,479,392,446,6.78,4.83,1.72
0.444849640130997,0.442493826150894,1.07949209213257,1.00070416927338,1.08528137207031,1.02450752258301,0.853181838989258,0.866389572620392,0.74632740020752,0.738606929779053,0.822948336601257,0.858803510665894,0.956391870975494,11.0405533944357,16.0179751611685,0,2884,329,497,374,532,427,493,392,481,432,447,1.07,3.14,0.97
0.446918994188309,0.440019071102142,1.11135244369507,0.967998921871185,1.07309305667877,1.02383780479431,0.84870719909668,0.896412014961243,0.730067908763886,0.748905658721924,0.82699191570282,0.864148616790772,0.972502589225769,42.3134757901222,45.3502080313082,0,2886,333,498,375,533,429,493,393,481,434,447,14,3.1,1.67
0.446828693151474,0.417889833450317,0.98609858751297,0.931582510471344,0.750704526901245,1.04781210422516,0,0.8439661860466,0,0.623484253883362,0,0,0,32.2384439658315,35.3313872633359,0,2888,353,497,445,506,457,484,454,456,306,535,13.7,9.27,4.09
0.436689347028732,0.414041936397553,1.08509826660156,0.97453784942627,1.0699588060379,1.01078569889069,0.858680069446564,0.851654648780823,0.732812702655792,0.739606738090515,0.843040466308594,0.865143001079559,0.958864271640778,-23.5358069152893,29.1438979408581,0,2890,415,447,456,482,509,443,473,430,513,397,2.12,12.4,5.01
0.435321092605591,0.402797907590866,1.07543778419495,0.977876842021942,1.07489001750946,1.01149022579193,0.852344155311585,0.88668817281723,0.720718264579773,0.745445072650909,0.847322225570679,0.860133707523346,0.932308971881866,30.3255004906882,33.3477393660543,0,2893,415,447,457,482,510,443,475,430,515,397,1.94,13.8,7.74
0.439136445522308,0.404461950063705,1.0900890827179,0.99329537153244,1.06195199489594,1.00046288967133,0.860840260982513,0.862867653369904,0.713196396827698,0.740082204341888,0.824667930603027,0.8700932264328,0.960044085979462,6.84327609950392,7.11557007287303,0,2895,416,447,457,482,512,444,476,430,516,396,0.705,5.28,17.1
0.434299200773239,0.403985172510147,1.06676185131073,0.987017750740051,1.07266092300415,0.988376259803772,0.841009020805359,0.860412836074829,0.701471447944641,0.741856753826141,0.841450154781342,0.852543830871582,0.93541830778122,11.0453481096965,11.6255117009621,0,2897,417,447,459,482,511,443,476,430,517,396,1.48,3.14,21.1
0.430006384849548,0.411213904619217,1.10931873321533,0.963555991649628,1.0705623626709,1.01299297809601,0.861970484256744,0.862959265708923,0.709533154964447,0.729056239128113,0.823415160179138,0.859234690666199,0.960491180419922,12.5384181589519,13.0420398674986,0,2899,416,447,458,482,513,444,478,430,517,397,1.88,0.757,30
0.431189477443695,0.396515429019928,1.06177604198456,0.98385214805603,1.08667981624603,1.00713551044464,0.840980350971222,0.865168511867523,0.715737462043762,0.733684062957764,0.821599423885345,0.856616973876953,0.94123649597168,39.1863310653471,45.1864046579699,0,2901,416,447,459,483,511,443,476,431,516,397,0.913,1.32,45
0.428225696086884,0.401799499988556,1.08360278606415,0.992412865161896,1.07275450229645,1.00704443454742,0.839282631874085,0.865426242351532,0.726364850997925,0.734440565109253,0.819781839847565,0.861041963100433,0.928771734237671,14.1557941157462,15.0609134732896,0,2903,417,447,459,483,513,443,477,430,517,397,0.0551,0.577,49.5
0.433304637670517,0.399653762578964,1.05894482135773,0.97946310043335,1.06894934177399,1.01323294639587,0.857179820537567,0.855341255664825,0.712156236171722,0.743772685527802,0.828393340110779,0.863694727420807,0.925898909568787,33.3593424525918,40.3758038189856,0,2905,417,447,459,482,512,444,477,430,517,396,2.01,1.64,57.5
0.425986707210541,0.40617960691452,1.08322715759277,0.972779631614685,1.05304515361786,1.00246870517731,0.847692549228668,0.870571434497833,0.715255558490753,0.732256412506104,0.84634655714035,0.873098731040955,0.948201894760132,-25.8166352664529,30.1561443980823,0,2907,416,446,458,482,511,442,477,430,517,396,2.12,3.94,63.9
0.426829487085342,0.399953722953796,1.06443691253662,0.993952929973602,1.07592344284058,1.02108538150787,0.862234592437744,0.857719123363495,0.711130499839783,0.735837876796722,0.827783048152924,0.864381849765778,0.929831683635712,20.4222456113935,25.260865864593,0,2909,416,446,459,482,512,442,476,430,517,396,1.77,3.4,64.5
0.424176573753357,0.401887446641922,1.08071327209473,0.972178220748901,1.0707323551178,1.01756167411804,0.841712832450867,0.891509413719177,0.690348863601685,0.725793361663818,0.831620573997498,0.868117332458496,0.921002745628357,-38.8222428058364,44.2614519557909,0,2911,416,446,458,482,512,442,476,429,518,395,2.83,0.798,61.8
0.424629658460617,0.39718097448349,1.07008194923401,0.966562628746033,1.0680525302887,1.0140266418457,0.848477423191071,0.867990672588348,0.709626495838165,0.73496800661087,0.835415780544281,0.865732908248901,0.944363832473755,23.1444709028016,25.7127801513345,0,2914,417,446,458,481,511,442,475,430,516,395,1.31,3.19,54.2
0.429454505443573,0.401206344366074,1.08430790901184,0.983552277088165,1.06084990501404,1.01581358909607,0.853487908840179,0.877421617507935,0.712937414646149,0.730356335639954,0.838294625282288,0.862427771091461,0.933091878890991,13.7393691036538,14.3373875391527,0,2916,416,446,458,481,512,442,476,430,517,395,1.2,2.1,48.2
0.425339549779892,0.401648700237274,1.06326222419739,0.982575595378876,1.06646919250488,1.00971698760986,0.854759097099304,0.865802884101868,0.717705845832825,0.730718195438385,0.842269003391266,0.868849992752075,0.92512446641922,7.83591167525425,12.4532997338381,0,2918,417,447,459,482,512,443,475,432,517,396,0.833,1.43,38.6
0.421704083681107,0.403103351593018,1.07930481433868,0.997482419013977,1.07804775238037,1.0257031917572,0.851232051849365,0.862288117408752,0.710186541080475,0.738390266895294,0.821446537971497,0.851965129375458,0.937088191509247,19.4650658009095,20.9694759370558,0,2920,416,446,458,481,512,443,476,430,517,395,0.838,1.01,29.7
0.420322716236115,0.403055131435394,1.0678083896637,0.995191097259522,1.06768620014191,1.03406965732574,0.864010274410248,0.865100085735321,0.689536154270172,0.729877233505249,0.822222232818604,0.869266986846924,0.927247107028961,30.4650280728551,37.5927219384913,0,2922,415,446,458,482,511,442,476,429,516,396,0.993,0.904,25.8
0.418829828500748,0.40367516875267,1.06931006908417,0.988164365291595,1.07106351852417,1.03611612319946,0.858660519123077,0.876977741718292,0.709892511367798,0.732350170612335,0.833946883678436,0.870599091053009,0.953244686126709,14.184732439136,15.167447576103,0,2924,416,446,458,481,512,442,476,429,517,395,1.33,1.7,18.1
0.42329078912735,0.396940648555756,1.05868196487427,0.9955153465271,1.07455122470856,1.03596210479736,0.845996916294098,0.877143740653992,0.686284959316254,0.727079212665558,0.842514991760254,0.870437741279602,0.915736198425293,39.425874174852,46.2736695632215,0,2926,416,446,459,481,512,442,475,429,517,396,0.465,0.732,14.3
0.416052103042603,0.395502299070358,1.07920336723328,0.990801632404327,1.06311058998108,1.04907882213593,0.84540730714798,0.877328395843506,0.710091769695282,0.725652873516083,0.818073749542236,0.862822592258453,0.918656051158905,-3.62783862253011,6.20702208932502,0,2928,417,447,459,482,512,442,477,430,519,396,2.45,5.41,10.4
0.414265125989914,0.395617485046387,1.06390905380249,0.985074639320374,1.068683385849,1.02122163772583,0.85082870721817,0.827638566493988,0.723384559154511,0.744160294532776,0.845529496669769,0.866855502128601,0.93152391910553,41.4150112007755,48.8943927791956,0,2930,417,447,459,482,512,443,477,430,518,397,0.198,1.2,7.91
0.410254418849945,0.398951798677444,1.07211852073669,0.983935058116913,1.07331132888794,1.0463559627533,0.848814606666565,0.844411611557007,0.711571872234345,0.731366157531738,0.838642001152039,0.85822057723999,0.938444554805756,-35.7756786662878,43.076750664927,0,2932,417,446,459,481,512,442,477,429,518,395,0.273,2.66,4.05
0.412674993276596,0.387557089328766,1.0716540813446,0.998635947704315,1.06619656085968,1.02149081230164,0.828441381454468,0.867972016334534,0.703575372695923,0.740147292613983,0.827300906181335,0.858389854431152,0.950866460800171,-1.13024116536637,4.92354693177519,0,2935,418,447,461,482,514,443,478,430,519,396,1.47,2.25,3.05
0.412391304969788,0.386736452579498,1.05813372135162,0.984616458415985,1.07794213294983,1.03661251068115,0.869413673877716,0.860362350940704,0.700641393661499,0.727807879447937,0.833180963993073,0.860805511474609,0.945151805877686,20.033565714192,20.8975118582944,0,2937,418,447,460,482,513,442,479,430,519,396,3.54,3.07,2.87
0.408839732408524,0.389299929141998,1.05904793739319,1.00470542907715,1.06123542785645,1.02790594100952,0.864335656166077,0.865156948566437,0.697135269641876,0.735356748104095,0.866609930992126,0.862055778503418,0.947595655918121,39.7515339525051,45.2915804875372,0,2939,418,447,461,482,515,443,478,430,519,396,1.15,1.94,1.57
0.410270661115646,0.392427116632462,1.07826817035675,0.978615462779999,1.0718594789505,1.0281720161438,0.839892268180847,0.860699892044067,0.703239142894745,0.736360430717468,0.825242698192596,0.863190591335297,0.908679068088532,12.7258384175584,13.1845983790742,0,2941,418,447,460,482,514,443,477,430,519,396,0.958,3.08,3.75
0.405004531145096,0.37910982966423,1.05240833759308,0.975841820240021,1.06285536289215,1.02868556976318,0.859268605709076,0.875704884529114,0.682955920696259,0.737590253353119,0.840535581111908,0.871389925479889,0.916026294231415,39.7495986978241,47.6297899265948,0,2943,418,447,460,482,513,442,478,429,518,397,0.491,1.59,3.55
0.405783355236053,0.382251709699631,1.06233620643616,0.980495154857636,1.05896508693695,1.0291748046875,0.846166431903839,0.852190494537354,0.692379534244537,0.738546192646027,0.82809329032898,0.855793416500092,0.914573967456818,21.2848560870613,22.6782219255951,0,2945,418,446,460,482,513,442,478,430,519,396,2.41,6.4,4.24
0.404813468456268,0.381599187850952,1.05275237560272,0.982861697673798,1.07749557495117,1.01593959331512,0.830072522163391,0.844145596027374,0.689374983310699,0.74178558588028,0.84120237827301,0.863148927688599,0.935143887996674,33.4255359853045,39.9693546596222,0,2947,418,447,460,482,513,443,479,431,518,397,0.679,2.86,6.79
0.405835121870041,0.375965505838394,1.0562618970871,0.983758211135864,1.06872880458832,1.03981268405914,0.864344835281372,0.850383996963501,0.697705984115601,0.721600890159607,0.834192216396332,0.861881256103516,0.937865853309631,-31.3641392980178,36.4833064385087,0,2949,417,447,459,482,512,443,477,430,518,396,1.6,1.5,5.15
0.40289917588234,0.382038414478302,1.06148600578308,0.990321516990662,1.07382488250732,1.01902365684509,0.847977042198181,0.842508912086487,0.687251269817352,0.732292652130127,0.84034126996994,0.853822112083435,0.925916433334351,20.9824594535136,23.205290938391,0,2951,418,446,460,481,515,442,479,429,519,396,1.12,3.03,2.63
0.404127240180969,0.376446843147278,1.07262814044952,0.98757803440094,1.0688841342926,1.01466870307922,0.874148488044739,0.851438641548157,0.698988318443298,0.735328495502472,0.845603108406067,0.857732534408569,0.944351136684418,-35.3413423418791,41.242809438106,0,2953,418,447,460,482,514,442,478,430,519,396,1.4,0.916,5.1
0.407176196575165,0.377307444810867,1.06129503250122,1.01199221611023,1.08013606071472,1.03940415382385,0.833333313465118,0.866832792758942,0.682028234004974,0.745217561721802,0.851406097412109,0.863037645816803,0.940479636192322,18.4682913201323,23.3802597096222,0,2955,418,447,460,482,513,443,478,430,519,397,0.236,6.52,1.78
0.408456742763519,0.383748412132263,1.07832157611847,0.998359680175781,1.09523570537567,1.0195015668869,0.857904970645905,0.848564743995667,0.701928853988647,0.737661242485046,0.846953570842743,0.861486494541168,0.908781290054321,19.5125873795555,20.3010094544282,0,2958,418,447,460,483,514,444,479,430,520,396,0.95,1.78,5.29
0.401995837688446,0.378664284944534,1.06573593616486,0.989889025688171,1.08746576309204,1.02617728710175,0.882839918136597,0.875545859336853,0.699248135089874,0.736999154090881,0.8619704246521,0.858122766017914,0.958243191242218,25.2321849616983,26.8715678696535,0,2960,419,447,461,482,513,443,477,430,519,396,0.639,1.2,3.28
0.409904599189758,0.385901272296906,1.07889878749847,0.993001282215118,1.05544829368591,1.03285992145538,0.826705276966095,0.846294045448303,0.68030446767807,0.73197340965271,0.823175847530365,0.845558404922485,0.963262140750885,13.7265056441394,14.3891050350328,0,2962,418,447,460,482,514,443,478,431,519,396,0.753,3.03,5.04
0.409167259931564,0.375493705272675,1.04933536052704,0.978942096233368,1.07335579395294,1.01647591590881,0.829292178153992,0.861142218112946,0.687951803207397,0.73139625787735,0.833431541919708,0.850766777992249,0.913857698440552,31.1164551470993,38.0854690295756,0,2964,419,447,460,482,512,443,478,430,518,397,2.02,1.42,3.73
0.410049438476563,0.3824642598629,1.06200814247131,1.00007677078247,1.07929539680481,1.03396081924438,0.856785595417023,0.859494745731354,0.681034505367279,0.730681836605072,0.821745157241821,0.854208111763001,0.940958559513092,45.5665796276669,48.5448450957127,0,2966,418,446,460,481,514,443,479,429,519,395,0.679,4.19,4.92
0.403587311506271,0.378511071205139,1.06498003005981,1.00380313396454,1.07547163963318,1.00785231590271,0.868332386016846,0.847358107566834,0.693286299705505,0.721883475780487,0.84673398733139,0.846904695034027,0.938001155853272,38.454373432906,43.901100600149,0,2968,418,447,460,482,515,443,478,430,519,396,2.65,3.09,1.4
0.40921351313591,0.382040441036224,1.05291092395782,0.983084738254547,1.07035088539124,1.00080835819244,0.869357883930206,0.860497653484345,0.702016055583954,0.737320065498352,0.839803159236908,0.850481688976288,0.9470574259758,18.9169193546527,19.971909125636,0,2970,419,447,461,482,515,442,478,430,520,396,3.96,3.34,4.41
0.401071220636368,0.378417134284973,1.06046283245087,1.00610911846161,1.0775682926178,0.998960733413696,0.864600300788879,0.867961168289185,0.671634376049042,0.736971199512482,0.847872912883759,0.853562295436859,0.921534419059753,19.6629234865698,24.0858550696768,0,2972,418,447,460,482,514,443,478,431,519,396,0.828,1.32,1.75
0.403415888547897,0.382115930318832,1.06163048744202,0.994280695915222,1.07813382148743,1.00131618976593,0.854875266551971,0.85638552904129,0.680452644824982,0.734227776527405,0.840247988700867,0.865952789783478,0.939065515995026,-25.1139001768024,27.798588988506,0,2974,418,447,460,482,513,443,478,430,519,397,3.12,1.1,2.84
0.404626667499542,0.379140824079514,1.0584477186203,1.00204765796661,1.07919454574585,1.02674794197083,0.836025595664978,0.891052961349487,0.686535120010376,0.74720823764801,0.834216713905335,0.858979046344757,0.953591585159302,21.2546130558121,28.095602824303,0,2976,418,447,460,482,513,443,477,430,519,396,1.05,8.33,1.62
0.402809232473373,0.380128026008606,1.0800404548645,0.992456078529358,1.06866109371185,1.02103209495544,0.848443388938904,0.847067058086395,0.694499552249908,0.727244794368744,0.83591616153717,0.853863298892975,0.921871304512024,9.10241177666712,9.62075257286315,0,2979,418,447,460,482,513,443,479,430,519,397,1.4,1.03,4.92
0.403704553842545,0.381198346614838,1.06760156154633,1,1.07782793045044,1.0192174911499,0.837656736373901,0.839694678783417,0.698345482349396,0.730829536914825,0.826123952865601,0.855226933956146,0.910120189189911,12.6399002903235,15.4174629289365,0,2981,418,446,460,481,513,442,478,428,519,396,1.22,2.13,0.545
0.403185814619064,0.378055334091187,1.06596672534943,0.991399765014648,1.08075821399689,1.04073262214661,0.861341714859009,0.829777777194977,0.705132186412811,0.732859194278717,0.822236597537994,0.862759530544281,0.918325483798981,-1.66023281690394,7.70856490605694,0,2983,418,447,459,482,514,443,478,429,519,396,2.17,2.87,5.47
0.403624802827835,0.371907293796539,1.05546307563782,0.991085767745972,1.06830322742462,1.04149115085602,0.840536177158356,0.870763123035431,0.681105375289917,0.734941840171814,0.80778831243515,0.859064519405365,0.932755470275879,22.6162372215965,26.331962839447,0,2985,418,447,461,482,514,442,478,429,520,396,1.62,2.7,0.413
0.402318239212036,0.377895414829254,1.08050513267517,0.989113867282867,1.07201635837555,1.05308711528778,0.840938746929169,0.83670574426651,0.706150949001312,0.724220991134644,0.833716452121735,0.852505743503571,0.932441353797913,-17.2762561892775,21.2228796641242,0,2987,418,447,460,482,514,443,478,430,519,396,0.144,4.82,0.522
0.402405023574829,0.372851461172104,1.07604587078094,1.00248157978058,1.08299624919891,1.04468953609467,0.853376865386963,0.835020005702972,0.700275421142578,0.719838798046112,0.844522953033447,0.84496009349823,0.906355261802673,35.8541629665166,41.7656087091696,0,2989,419,447,461,482,514,442,479,430,520,397,1.09,1.85,3.95
0.400530874729157,0.378373742103577,1.07800126075745,1.00539648532867,1.08037745952606,1.03460085391998,0.851363718509674,0.834285736083984,0.727056443691254,0.740020990371704,0.843284666538239,0.857418835163116,0.940129816532135,-22.4380822267868,29.6936639403133,0,2991,419,447,461,482,513,442,479,430,520,396,0.897,3.12,7.08
0.398563355207443,0.369129866361618,1.06446862220764,1.00266456604004,1.07145857810974,1.03610479831696,0.851896286010742,0.831409931182861,0.710230827331543,0.733896315097809,0.827828407287598,0.862905621528626,0.945877909660339,23.4245611603675,27.3769683206184,0,2993,419,447,461,482,515,444,478,429,520,397,1.1,3.51,8.45
0.396142065525055,0.375224262475967,1.06982970237732,0.979809880256653,1.07618999481201,1.05398333072662,0.866321444511414,0.834825277328491,0.69556599855423,0.724781632423401,0.838508367538452,0.850624859333038,0.901912808418274,-33.0981039756509,40.2854312562591,0,2995,419,447,461,482,515,444,479,429,520,396,0.893,0.273,11.7
0.39602592587471,0.370808631181717,1.05967390537262,0.98446136713028,1.08274602890015,1.03063058853149,0.81407767534256,0.842650651931763,0.707056224346161,0.737282156944275,0.823369562625885,0.846843004226685,0.926318883895874,5.65438000795503,13.099844093936,0,2997,419,447,461,482,514,443,479,430,520,396,3.33,0.936,9.66
0.39602991938591,0.370176136493683,1.08561396598816,0.990517854690552,1.07831215858459,1.03286218643188,0.854748606681824,0.815555572509766,0.708150267601013,0.731095910072327,0.845878124237061,0.850570321083069,0.907619059085846,2.38161475869204,2.92216435867281,0,3000,419,447,461,482,516,443,479,430,520,396,1.99,3.63,6.93
0.396685391664505,0.37019294500351,1.09007680416107,0.993107855319977,1.08772790431976,1.01151299476624,0.825629770755768,0.849904656410217,0.696630775928497,0.74054616689682,0.819652736186981,0.857026875019074,0.93221652507782,42.5346359148527,46.2646048922761,0,3002,419,447,462,482,514,442,479,430,520,397,1.24,1.71,8.68
0.399647146463394,0.37735915184021,1.05226564407349,0.985686361789703,1.07804143428803,1.02254831790924,0.830181539058685,0.86636883020401,0.71329802274704,0.722721219062805,0.835616409778595,0.852683842182159,0.920598149299622,-2.55387799815578,7.82970678263616,0,3004,420,447,461,482,514,442,481,429,521,395,1.94,4.08,6.75
0.398994147777557,0.364827781915665,1.04360055923462,0.979675471782684,1.09397971630096,1.03372097015381,0.83257132768631,0.856224298477173,0.700810194015503,0.734324097633362,0.836198568344116,0.863008797168732,0.918781697750092,36.288037088243,42.8683138427935,0,3006,419,447,461,482,514,442,479,431,520,396,1.79,1.59,6.52
0.399636059999466,0.371743887662888,1.06297373771667,0.966566622257233,1.08037221431732,1.01522374153137,0.86577320098877,0.849029958248138,0.723099887371063,0.73178094625473,0.834295511245728,0.85853773355484,0.929988980293274,31.2854932800223,33.1112687343734,0,3008,419,447,461,482,515,443,480,430,521,396,1.05,1.79,5.02
0.401710748672485,0.368473410606384,1.04880475997925,0.990100502967835,1.09137403964996,1.04023385047913,0.840703666210175,0.861682891845703,0.701940298080444,0.735948741436005,0.841584146022797,0.858431875705719,0.919005632400513,36.3665478980191,41.9789353698941,0,3010,419,447,461,482,515,443,480,430,520,396,0.865,2.87,3.82
0.398643642663956,0.374128967523575,1.10067582130432,0.989951133728027,1.0684472322464,1.01510727405548,0.854075908660889,0.844751119613647,0.721573114395142,0.728331804275513,0.847319006919861,0.856126666069031,0.916098594665527,-33.4390786033921,40.1037852711928,0,3012,419,447,461,482,515,443,479,429,521,396,2.23,1.84,5.46
0.40037214756012,0.36799356341362,1.06679439544678,0.983115315437317,1.09621691703796,1.01464605331421,0.862054705619812,0.870612859725952,0.706253588199616,0.738316297531128,0.849734604358673,0.851905226707459,0.929120004177094,22.6032514165387,28.1916033784538,0,3014,420,448,463,483,516,443,480,432,522,396,0.443,2.54,5.02
0.395188242197037,0.369554281234741,1.05313944816589,0.985463380813599,1.05921721458435,1.02776753902435,0.863164186477661,0.862462282180786,0.716455340385437,0.739184379577637,0.836926758289337,0.861743032932282,0.928085327148438,-21.8061587543857,27.892883900378,0,3016,421,448,463,483,517,444,481,430,523,397,3.81,2.41,3.25
0.393870264291763,0.36180180311203,1.06143605709076,0.973614752292633,1.0718834400177,1.03166270256042,0.838579893112183,0.892018795013428,0.718228816986084,0.726465046405792,0.843884527683258,0.857437908649445,0.915032684803009,21.3225421835152,26.6228800582849,0,3018,421,448,462,483,515,443,479,430,521,397,1.42,6.5,3.17
0.396209448575974,0.370484232902527,1.07154762744904,0.991041719913483,1.08163666725159,1.04428160190582,0.862695634365082,0.841312766075134,0.695174813270569,0.737115025520325,0.829140067100525,0.85857218503952,0.90951007604599,-1.09015630990528,1.13155589419828,0,3021,420,448,462,483,515,443,481,431,522,397,1.65,2.51,5.3
0.391245573759079,0.367632687091827,1.05946981906891,0.980669140815735,1.07323598861694,1.00824296474457,0.838862538337708,0.868274569511414,0.676520168781281,0.735614836215973,0.850268959999085,0.860231995582581,0.917468070983887,22.4996951945929,26.492687672011,0,3023,420,447,462,482,516,443,481,431,521,397,0.601,2.19,1.33
0.391559064388275,0.376646488904953,1.0773628950119,0.998518228530884,1.08416187763214,1.01487100124359,0.842761278152466,0.865861237049103,0.713248372077942,0.726544976234436,0.823474049568176,0.860814392566681,0.932501256465912,5.7164061735239,8.15867418825926,0,3025,420,448,462,483,516,443,480,430,521,397,3.51,2.16,1.24
0.392135798931122,0.365726321935654,1.05623233318329,0.988543212413788,1.09001708030701,1.0318968296051,0.849638044834137,0.856819629669189,0.705627679824829,0.728151559829712,0.832771420478821,0.869932532310486,0.93025141954422,34.8182553306164,40.7696924981917,0,3027,419,448,462,483,515,444,479,431,521,398,1.42,0.558,1.2
0.390080571174622,0.37005415558815,1.06901323795319,0.986847937107086,1.06301748752594,1.01089870929718,0.875500500202179,0.868352949619293,0.698099076747894,0.729928731918335,0.823545157909393,0.86746209859848,0.924342811107636,-0.993266084949346,7.92090779300793,0,3029,421,448,462,483,515,443,480,431,522,397,0.852,1.92,5.29
0.388098478317261,0.367447257041931,1.05533337593079,0.994455993175507,1.07333552837372,1.01654016971588,0.842995703220367,0.882560193538666,0.693181812763214,0.734951138496399,0.832639038562775,0.858853936195374,0.914762198925018,39.9147921914581,44.8381036938908,0,3031,420,447,462,482,516,443,480,430,522,396,0.0891,2.35,6.01
0.388783305883408,0.369626641273499,1.06183755397797,0.985717236995697,1.07328593730927,1.02521705627441,0.849245190620422,0.856894552707672,0.709036588668823,0.729926586151123,0.832632601261139,0.860856115818024,0.91945606470108,-22.6554842662039,28.5160847654802,0,3033,419,447,461,482,514,442,479,429,520,396,1.13,3.02,7.29
0.39155039191246,0.361110389232635,1.05597484111786,0.982626497745514,1.06555581092834,0.996376276016235,0.831935107707977,0.878501534461975,0.712482035160065,0.73000305891037,0.829850316047668,0.856257915496826,0.941612601280212,20.458439541308,23.5300464919923,0,3035,420,448,462,483,515,444,481,431,522,397,1.34,2.87,6.09
0.389349788427353,0.362273126840591,1.03557741641998,0.965897440910339,1.07020056247711,1.00763893127441,0.849239587783814,0.849269568920136,0.723007142543793,0.726337194442749,0.817536473274231,0.86808443069458,0.933160305023193,-20.7735512750131,24.0975996091946,0,3037,420,447,461,482,514,443,480,430,522,396,0.855,0.509,9.05
0.388802170753479,0.364023000001907,1.03764367103577,0.973833322525024,1.08493852615356,1.0161749124527,0.846219003200531,0.867909848690033,0.687449157238007,0.736370742321014,0.842078983783722,0.857653617858887,0.908598005771637,21.8600495077078,25.5181045995571,0,3039,420,448,462,483,514,444,482,431,522,398,0.216,1.56,5.44
0.390731453895569,0.362249106168747,1.07808697223663,0.992230772972107,1.07109332084656,0.996591210365295,0.830246269702911,0.849493503570557,0.709849953651428,0.735464572906494,0.832726776599884,0.857441365718842,0.932763934135437,4.07557617623232,4.83185438748581,0,3042,420,447,461,482,516,443,480,429,521,396,1.25,2,3.41
0.388640701770782,0.367294639348984,1.04857969284058,0.984739124774933,1.08322751522064,1.02450442314148,0.846451938152313,0.872619390487671,0.706529378890991,0.742659509181976,0.83084100484848,0.853661775588989,0.931946396827698,48.2155945080418,53.2160479385886,0,3044,419,447,461,482,514,443,480,429,520,397,1.32,1.78,6.6
0.388504892587662,0.369243204593658,1.07477211952209,0.985539078712463,1.06655049324036,1.01816511154175,0.855839788913727,0.823675096035004,0.700287342071533,0.717476427555084,0.812207877635956,0.860388576984406,0.919568836688995,20.4949266517149,21.3514155755034,0,3046,419,447,461,482,515,442,479,429,521,396,1.02,4.34,5.06
0.390121132135391,0.366151988506317,1.03284418582916,0.987658381462097,1.07832288742065,1.03861153125763,0.843063235282898,0.853821754455566,0.691474080085754,0.73929351568222,0.822472214698792,0.857956290245056,0.928173363208771,37.8736829500601,44.9603130411994,0,3048,419,447,461,482,513,443,479,430,520,397,1.09,3.03,1.82
0.394312590360641,0.368942201137543,1.0647885799408,0.980694353580475,1.05308485031128,1.00377178192139,0.860120236873627,0.836289942264557,0.701402008533478,0.728691041469574,0.845363974571228,0.868948996067047,0.933882296085358,-8.29176977556009,13.3602620596461,0,3050,419,446,461,481,514,443,479,429,520,396,2.01,5.11,1.46
0.388514906167984,0.370328038930893,1.06125926971436,1.00820207595825,1.07954740524292,1.01328408718109,0.831897675991058,0.881375014781952,0.717206120491028,0.740033626556397,0.821528077125549,0.856007039546967,0.916071116924286,-41.4988266756481,47.9241589609872,0,3052,419,447,461,482,515,444,479,431,520,396,18.2,9.8,5.13
0.401344984769821,0.36925932765007,1.07328522205353,0.975071251392365,1.08149027824402,1.02577829360962,0.852295398712158,0.847967028617859,0.704924404621124,0.748470783233643,0.853745222091675,0.857199847698212,0.941035389900208,-7.0870922117018,9.9804713475551,0,3054,412,442,460,484,515,443,480,432,520,397,11.5,6.16,2.03
0.428226500749588,0.370597571134567,1.07907629013062,0.988399088382721,1.06784212589264,1.02734959125519,0.819960415363312,0.861613035202026,0.687070369720459,0.711190938949585,0.828965306282043,0.858173668384552,0.928229689598084,-6.45839345547621,10.1687189064914,0,3056,321,348,350,392,409,364,377,346,421,322,4.38,14.7,9.9
0.417708188295364,0.376715749502182,1.0714693069458,0.977823734283447,1.09524357318878,1.0197035074234,0.861069858074188,0.852605044841766,0.699962258338928,0.713746845722199,0.802754878997803,0.848473370075226,0.930805861949921,13.0829829226289,15.4690452755593,0,3058,305,366,345,405,405,377,373,356,414,330,2.26,12.1,13.6
0.433471322059631,0.370147466659546,1.08304703235626,1.01394200325012,1.06077814102173,1.02405691146851,0.847912311553955,0.837778985500336,0.681450486183167,0.712409675121307,0.81862473487854,0.859315991401672,0.906940281391144,-19.2756217577405,21.3273497927911,0,3060,297,372,315,422,375,392,338,374,379,349,4.19,12.4,29.2
0.411731898784637,0.375899404287338,1.0886367559433,0.99138867855072,1.06525087356567,1.04019105434418,0.882848262786865,0.863204777240753,0.710563361644745,0.703043103218079,0.828025460243225,0.855346262454987,0.910472273826599,-82.0719626391022,87.836113101672,0,3063,266,408,300,441,359,411,325,393,368,365,4.47,3.64,47.7
0.411315888166428,0.372939705848694,1.06647539138794,0.99486631155014,1.06857717037201,1.04451322555542,0.87231308221817,0.859585285186768,0.704790711402893,0.717140436172485,0.848417937755585,0.870730936527252,0.918429493904114,22.0570562078229,27.2103222908056,0,3065,264,413,296,450,355,420,319,402,362,376,0.467,9.35,56.4
0.418783843517303,0.376580625772476,1.06939840316772,0.989428460597992,1.0889185667038,1.00752830505371,0.866703391075134,0.839031338691711,0.698499739170074,0.732697427272797,0.845683395862579,0.858450770378113,0.914664626121521,2.91306263000526,4.54478032268127,0,3067,261,420,294,456,354,424,318,407,362,378,1.23,5.07,69.3
0.424587577581406,0.36980539560318,1.0709615945816,0.996107459068298,1.06610536575317,1.03411519527435,0.894035518169403,0.837424576282501,0.698573112487793,0.736899673938751,0.846991658210754,0.860494256019592,0.911548256874085,11.4964624161194,38.6238190761491,0,3069,261,422,295,459,352,429,317,410,360,384,23.1,12.7,78.6
0,0,0,0,0,0,0,0,0,0,0,0,0,-81.108552912253,84.5809915687209,0,3071,0,0,0,0,0,0,0,0,0,0,17.3,23.5,84.4
0.402196943759918,0.37152773141861,1.07562220096588,0.977814912796021,1.08877909183502,1.10484850406647,0.886860430240631,0.878716945648193,0.725902616977692,0.758830189704895,0.821598410606384,0.841980338096619,0.916770160198212,-2.87265241227577,4.22231817423385,0,3073,417,430,450,473,508,440,472,425,504,399,11.3,27.4,95.1
0.416267544031143,0.387194067239761,1.10068297386169,0.986095368862152,1.0763555765152,1.08608531951904,0.858287274837494,0.899174630641937,0.690669238567352,0.750643789768219,0.854270696640015,0.863445639610291,0.931562006473541,5.32137742600956,14.6813484262738,0,3075,204,435,250,474,307,441,274,424,321,397,7.96,28.8,98.6
0.433999389410019,0.395293563604355,1.09057772159576,1.02537739276886,1.06552851200104,1.08925545215607,0.882923007011414,0.866216659545898,0.678188323974609,0.776912927627564,0.853250801563263,0.855798363685608,0.940317273139954,-9.15309457993438,13.8690201226373,0,3077,178,429,218,468,275,434,241,419,284,390,8.87,12,101
0.42148432135582,0.385217487812042,1.0789577960968,0.998849630355835,1.04876065254211,1.09824705123901,0.896644711494446,0.868055582046509,0.684742212295532,0.783429324626923,0.850657284259796,0.855537712574005,0.932092547416687,-2.91013482089035,13.6972064466547,0,3079,176,435,214,471,271,437,237,421,282,392,2.54,0.864,107
0.41798660159111,0.392495483160019,1.07396984100342,0.990557670593262,1.08514177799225,1.08873379230499,0.883265495300293,0.898231565952301,0.726829290390015,0.809073090553284,0.8592649102211,0.861231446266174,0.91900759935379,-3.83565826462514,13.3612786273232,0,3081,169,433,205,467,262,432,228,417,272,388,3.28,5.55,119
0.417838960886002,0.385806173086166,1.08791959285736,0.99523937702179,1.0658860206604,1.10893177986145,0.934140563011169,0.876972615718842,0.721622049808502,0.80388343334198,0.865351617336273,0.859992325305939,0.927668690681458,-1.98737096981329,29.1550467149663,0,3083,167,432,206,469,262,435,228,418,271,390,12.1,6.35,129
0,0,0,0,0,0,0,0,0,0,0,0,0,3.92577452162939,7.54470274031158,0,3086,0,0,0,0,0,0,0,0,0,0,13.3,15.3,147
0.410634815692902,0.376507490873337,1.11263275146484,0.999474763870239,1.08247303962708,1.15754210948944,0.913086116313934,0.91796875,0.69805121421814,0.85337632894516,0.848046123981476,0.88254314661026,0.921522676944733,-5.19084279977214,12.2297507092217,0,3088,481,516,533,532,571,479,534,477,559,434,2.32,14.2,150
0.412854462862015,0.384828865528107,1.12231504917145,0.985746562480927,1.0735194683075,1.19231915473938,0.927466571331024,0.913346230983734,0.704143464565277,0.865562438964844,0.872528493404388,0.893262207508087,0.913026034832001,111.983732651025,112.847406332999,0,3090,475,524,531,546,566,491,533,491,559,447,6.67,15.1,164
0.419436156749725,0.387430250644684,1.13676869869232,0.996219456195831,1.0684906244278,1.15668606758118,0.939610242843628,0.905457317829132,0.731518030166626,0.858660876750946,0.900965690612793,0.88316684961319,0.918971240520477,-0.965021761369609,5.63277863304577,0,3092,375,533,429,551,465,495,428,497,455,451,8.84,11.8,168
0.428715467453003,0.392515122890472,1.11102855205536,1.00056993961334,1.06904149055481,1.19016253948212,0.937625765800476,0.893712937831879,0.706099629402161,0.875006914138794,0.891974806785584,0.894411683082581,0.897095024585724,107.988079189818,110.018102104162,0,3094,643,533,700,545,719,481,684,492,699,443,13.4,0.872,160
0,0,0,0,0,0,0,0,0,0,0,0,0,5.39911169426776,7.18952025433699,0,3096,0,0,0,0,0,0,0,0,0,0,24.6,23.9,166
0.409625262022018,0.394386023283005,1.14463996887207,1.0072363615036,1.06420385837555,1.16926848888397,0.932946801185608,0.953006446361542,0.724084258079529,0.911783337593079,0.913176715373993,0.894546568393707,0.903832972049713,-3.92011848015571,7.91651539064654,0,3098,455,550,517,553,533,488,498,501,510,450,23.1,31.9,164
0.414671301841736,0.389834314584732,1.1331170797348,1.00420641899109,1.07942605018616,1.22254621982574,0.926492273807526,0.888868153095245,0.707330822944641,0.893398284912109,0.886830449104309,0.895368099212647,0.932452261447907,3.75525353642884,13.0215627404942,0,3100,456,553,517,556,532,491,498,503,510,452,1.33,18.7,149
0.415582209825516,0.403503865003586,1.12240600585938,0.994578897953033,1.09433376789093,1.19434630870819,0.915467321872711,0.933074831962585,0.722506701946259,0.892382979393005,0.917919397354126,0.900010228157043,0.903137803077698,-4.22013368162783,12.8950356036384,0,3102,456,554,518,557,532,492,499,503,511,452,0.93,28.9,144
0.411172360181809,0.396101444959641,1.15467274188995,0.997849345207214,1.08576571941376,1.16561770439148,0.932823419570923,0.883700847625732,0.695942580699921,0.884300827980042,0.881830811500549,0.896281778812408,0.932351768016815,0.278901923318048,5.02661202749318,0,3104,457,553,518,555,532,490,499,503,511,450,2.6,2.26,144
0.416685342788696,0.395994424819946,1.11301672458649,1.00384283065796,1.07408964633942,1.15464210510254,0.918251395225525,0.919282495975494,0.695443630218506,0.885939061641693,0.890031099319458,0.902772665023804,0.94211083650589,-10.3690909776186,10.6017263138495,0,3107,457,554,518,556,533,491,500,503,512,451,21.2,12.5,139
0.397447526454926,0.363536417484283,1.11419236660004,1.06244599819183,0,1.16346085071564,0.960406363010407,0.918340623378754,0.68029648065567,0.8620365858078,0.930818974971771,0.89034515619278,0.92412793636322,30.0329155872206,33.759396672627,0,3109,460,515,537,494,556,422,528,434,0,0,22,18.7,124
0.403898119926453,0.381062239408493,1.09702301025391,1.00238800048828,1.09059000015259,1.41730928421021,0.916896164417267,0.9012211561203,0.715391457080841,0.86109733581543,0.894700646400452,0.913985669612885,0.888785898685455,-103.826325616005,128.908113457327,0,3111,476,498,520,516,536,450,503,465,515,415,14,15.1,126
0,0,0,0,0,0,0,0,0,0,0,0,0,-29.0769980640013,31.5404955608042,0,3113,0,0,0,0,0,0,0,0,0,0,31.4,27.4,127
0,0,0,0,0,0,0,0,0,0,0,0,0,-1.43056999017251,3.65076703103721,0,3115,0,0,0,0,0,0,0,0,0,0,12.7,14.1,99.8
0.46577775478363,0.399774879217148,1.13982582092285,1.01187515258789,1.10429930686951,1.61425614356995,0.944530844688416,0.862903237342835,0.72208434343338,0.820121705532074,0.882496535778046,0.882301151752472,0,20.2059088358531,29.5495855718124,0,3117,131,182,195,250,250,213,215,201,256,174,17.5,30.6,83.6
0,0,0,0,0,0,0,0,0,0,0,0,0,10.6250292578091,10.6569068031011,0,3119,0,0,0,0,0,0,0,0,0,0,32.7,28,54.7
0.420839130878449,0.376511633396149,1.32986462116241,1.01337158679962,1.07881116867065,1.44777882099152,0.899892330169678,0,0.636893510818481,0.850013017654419,0.879919946193695,0.916292130947113,0.903954803943634,-18.6442297173047,27.8909657565758,0,3121,465,372,569,386,576,323,546,339,560,297,4.89,21.1,19.3
0,0,0,0,0,0,0,0,0,0,0,0,0,9.89179864793241,19.8748228755235,0,3123,0,0,0,0,0,0,0,0,0,0,8.3,35.7,37.7
0.498924314975739,0.422020763158798,1.41969442367554,1.06710076332092,1.07088017463684,1.29900789260864,0.914738118648529,0,0.787607431411743,0.80737966299057,0.868674695491791,0.879203200340271,0.911727607250214,-19.7077819874794,47.4379512277856,0,3125,184,22.3,190,102,245,56.8,202,46.7,225,25.8,19.6,21.5,94.8
0,0,0,0,0,0,0,0,0,0,0,0,0,51.7325966783809,55.8799352234766,0,3128,0,0,0,0,0,0,0,0,0,0,14.6,31.9,177
0.464889228343964,0.427654534578323,1.54142129421234,0.965137958526611,0,1.3079229593277,0,0.730923712253571,0.880492091178894,0.753799021244049,0.806034505367279,0.871246993541718,0.936135828495026,64.8602146641313,69.1510132038964,0,3130,272,121,320,80.7,365,59.7,317,33.3,0,0,14.7,21.8,220
0,0,0,0,0,0,0,0,0,0,0,0,0,-87.8826935366234,88.7703843827048,0,3132,0,0,0,0,0,0,0,0,0,0,24,6.67,270
0,0,0,0,0,0,0,0,0,0,0,0,0,56.4295912406085,68.3326703602242,0,3134,0,0,0,0,0,0,0,0,0,0,3.93,8.76,312
0.381892174482346,0.403665959835053,1.5930587053299,1.06293630599976,1.10816919803619,1.1685985326767,0.898879408836365,0.905118584632874,0.794425904750824,0.825425982475281,0.909193098545074,0.853693246841431,0.911382496356964,2.39700176920153,3.8773925412511,0,3136,301,437,313,459,342,409,297,398,307,365,5.59,20.8,322
0.389965295791626,0.407651513814926,1.64613592624664,1.04252934455872,1.10283815860748,1.24244475364685,0.900785148143768,0.937685489654541,0.737263798713684,0.82247132062912,0.919208943843842,0.867215394973755,0.929296970367432,-41.6113071050905,50.4411119047319,0,3138,366,444,372,466,406,418,363,406,370,375,6.26,8.11,322
0.402514487504959,0.395946025848389,1.59900283813477,1.04100441932678,1.11935114860535,1.24138200283051,0.831681132316589,0.923435091972351,0.725261747837067,0.827929377555847,0.881623148918152,0.871559858322144,0.908498644828796,12.9649509209943,21.0576483344228,0,3140,267,418,291,416,327,373,284,358,299,321,8.81,12.5,348
0.402086108922958,0.406947493553162,1.70208930969238,1.04327988624573,1.0949010848999,1.01876282691956,0.898048937320709,0.937455058097839,0.811068713665009,0.823719263076782,0.898845911026001,0.8886838555336,0.897772431373596,-41.9986361680851,48.9772026090347,0,3142,274,299,283,343,326,300,283,284,298,254,12.2,3.13,313
0.413200527429581,0.41948077082634,1.62690794467926,0.99700939655304,1.09100902080536,1.12364435195923,0.939141571521759,0.912858247756958,0.836873590946198,0.844814777374268,0.923307418823242,0.872671723365784,0.930412709712982,7.16097715082401,17.5968413576811,0,3144,253,252,259,273,305,236,262,211,280,182,13.3,28.2,296
0.406026363372803,0.410702705383301,1.785688996315,1.02708029747009,1.10722517967224,1.18036890029907,0.918028771877289,0.933901906013489,0.786539137363434,0.845698714256287,0.928291916847229,0.873617112636566,0.904103934764862,-80.9214327562945,88.4441227312827,0,3146,270,287,290,292,334,253,290,231,309,197,5.56,17.5,285
0.423644185066223,0.385277539491653,1.77567553520203,0.985342144966126,1.10595381259918,1.16676771640778,0.887138426303864,0.894222974777222,0.734811007976532,0.85961252450943,0.880454659461975,0.879066705703735,0.924192488193512,46.2727263772541,49.390592412888,0,3149,259,308,317,345,355,300,313,286,336,254,1.32,19,241
0.421514123678207,0.40914323925972,1.79179346561432,1.01208972930908,1.09502506256104,1.16670513153076,0.931662857532501,0.889391660690308,0.781239986419678,0.849349796772003,0.93827748298645,0.891176700592041,0.926825225353241,23.5147919646709,25.0152170259163,0,3151,258,323,284,335,328,293,286,275,308,240,4.68,18.6,203
0.418819010257721,0.397092342376709,1.83656704425812,0.998681366443634,1.09306466579437,1.11032700538635,0.919864237308502,0.944323122501373,0.738782823085785,0.835230231285095,0.874017179012299,0.879966616630554,0.911055445671082,55.9624578494399,59.7290572182869,0,3153,258,313,286,339,330,293,289,278,309,246,1.92,3.89,178
0.423615664243698,0.394090980291367,1.85120356082916,0.991972148418427,1.09728026390076,1.12110388278961,0.967385292053223,0.948827266693115,0.75749796628952,0.827032268047333,0.883658289909363,0.880048155784607,0.892013490200043,-25.5503031522395,29.5596868519858,0,3155,249,318,284,333,329,288,286,273,309,240,4.71,4.36,177
0.425667822360992,0.375951409339905,1.83901000022888,1.00816917419434,1.09980988502502,1.170902967453,0.940182030200958,0.857270300388336,0.786772549152374,0.847049117088318,0.886371731758118,0.876117050647736,0.901395618915558,69.8680504690696,72.8266843457432,0,3157,243,341,277,367,321,319,279,309,304,272,3.01,1.97,155
0.441170126199722,0.383994102478027,1.7936452627182,0.985476911067963,1.08879709243774,1.1525365114212,0.933536171913147,0.883076131343842,0.715773582458496,0.823081314563751,0.883272707462311,0.901973068714142,0.912440896034241,-58.5669353182615,60.4001297092441,0,3159,244,367,278,383,322,335,280,325,306,285,5.4,2.44,141
0.437297940254211,0.378676801919937,1.83160161972046,1.00580585002899,1.1187983751297,1.14978992938995,0.925710320472717,0.918459236621857,0.718241035938263,0.831192314624786,0.875388085842133,0.886025190353394,0.923390090465546,62.0757828336576,64.1833065637874,0,3161,256,382,294,404,336,352,293,347,316,303,1.69,17.4,162
0.440989673137665,0.38505831360817,1.85785067081451,1.03047275543213,1.11240220069885,1.1493968963623,0.937889397144318,0.777506113052368,0.72507232427597,0.804315447807312,0.89355742931366,0.881347000598908,0.905015170574188,-75.1126482219007,81.307112061323,0,3163,239,384,273,400,316,349,274,342,298,296,7.71,2.14,147
0.448858469724655,0.387918829917908,1.8919130563736,1.00264179706573,1.08970677852631,1.11550939083099,0.938596487045288,0.891870558261871,0.712762594223022,0.828069150447845,0.845419824123383,0.898124635219574,0.911027550697327,63.7541616560452,66.2846034436957,0,3165,230,383,252,366,299,321,258,310,290,265,17.9,4.04,134
0.433038681745529,0.373215168714523,1.8853485584259,1.0105756521225,1.12431991100311,1.10280978679657,0.944194436073303,0.871616423130035,0.752578794956207,0.811865746974945,0.876296639442444,0.881507158279419,0.919165015220642,-65.6668409214949,69.6426381663345,0,3167,219,312,254,340,305,295,264,284,294,249,11.4,12.6,142
0.438702970743179,0.398373991250992,1.86917304992676,0.984443426132202,1.09092032909393,1.11060905456543,0.895344018936157,0.902761101722717,0.689465403556824,0.819470465183258,0.876371324062347,0.860964596271515,0.920069515705109,9.65007846960803,14.9699875851015,0,3170,229,325,282,324,328,288,292,266,321,226,13.5,13.4,127
0.425683498382568,0.374995738267899,1.86096584796906,0.997650861740112,1.10520362854004,1.10208570957184,0.908035099506378,0.835902392864227,0.692745625972748,0.829869091510773,0.86072963476181,0.876185715198517,0.917535364627838,1.68950061449648,9.91705340928469,0,3172,228,280,269,303,319,264,282,248,314,215,17.6,5.2,108
0.427176117897034,0.384007811546326,1.95089113712311,0.99040025472641,1.12305998802185,1.10270547866821,0.926140010356903,0.877049207687378,0.69831520318985,0.813260138034821,0.874401390552521,0.872709095478058,0.931363642215729,53.7377756190104,57.2552179388432,0,3174,232,255,278,261,328,225,291,207,325,170,5.58,16.6,84.5
0.423806697130203,0.371474623680115,1.98016095161438,0.969701290130615,1.11683654785156,1.12509799003601,0.944525539875031,0.890527963638306,0.726867735385895,0.8290656208992,0.868761539459229,0.877084195613861,0.924403786659241,2.32721103481822,9.50306777273648,0,3176,246,281,281,287,331,245,291,228,324,188,6.57,20.1,74.8
0.447638273239136,0.367279171943665,2.02149653434753,0.991658389568329,1.10449922084808,1.14383614063263,0.893657207489014,0.88065230846405,0.768983662128449,0.824405431747437,0.860558748245239,0.870698750019074,0.908368766307831,5.36815821991028,10.2213306603193,0,3178,304,336,359,363,397,309,360,306,385,265,0.683,18.4,63.3
0.456978380680084,0.375708431005478,2.02271413803101,0.987213551998138,1.11861836910248,1.14917719364166,0.913368761539459,0.892258048057556,0.731939136981964,0.820381879806519,0.850362122058868,0.89363306760788,0.894857168197632,-2.42609248162545,8.23142468702464,0,3180,322,363,367,377,404,322,366,321,390,274,1.65,5.1,41.6
0.452063590288162,0.372766852378845,1.90834641456604,0.993545830249786,1.11349487304688,1.11200857162476,0.846484184265137,0.892143785953522,0.701968967914581,0.833049952983856,0.858570218086243,0.870670020580292,0.90215539932251,-125.092033731613,125.88668688565,0,3182,337,374,390,393,422,334,383,337,404,289,22.9,9.99,30.9
0.45797324180603,0.368269145488739,1.94932150840759,1.00213420391083,1.15218544006348,1.13461482524872,0.93248176574707,0.860814273357391,0.717111349105835,0.816358149051666,0.849803984165192,0.881567239761353,0.924942910671234,102.81244455747,104.517704242953,0,3184,346,384,396,399,427,340,388,342,408,293,3.55,4.36,45.6
0.442857712507248,0.378925293684006,1.93750739097595,0.999924302101135,1.11134111881256,1.11319994926453,0.862198293209076,0.862614512443543,0.68923431634903,0.82952755689621,0.844197154045105,0.884905219078064,0.911921322345734,-2.9683573134328,3.07402687081755,0,3186,338,385,387,402,419,344,377,346,396,296,20.1,16,33.2
0.433332949876785,0.384619444608688,1.89967107772827,1.00854027271271,1.12076246738434,1.11513721942902,0.891070485115051,0.891857922077179,0.688210010528564,0.79847514629364,0.835252344608307,0.886221468448639,0.90588903427124,-75.3225182975524,82.8664025555553,0,3188,250,340,322,375,362,322,325,320,357,279,28.3,18.6,29.3
0.419038832187653,0.393699645996094,2.00425124168396,0.979776680469513,1.0763453245163,1.1065856218338,0.898775994777679,0.853510916233063,0.721397519111633,0.787423431873322,0.844060122966766,0.868634760379791,0.916109204292297,19.9770811706474,25.7536535018033,0,3191,247,278,289,307,339,264,302,254,335,216,23.8,5.21,35
0.452688902616501,0.375284314155579,2.04371523857117,0.985170364379883,1.04670238494873,1.10981106758118,0.833333313465118,0.862820863723755,0.895172417163849,0.786285877227783,0.841981112957001,0.87622594833374,0.919444441795349,1.90904553502767,9.49976368664072,0,3193,273,169,314,173,366,148,332,121,367,87.6,23.8,8.28,43.5
0.461802124977112,0.3706194460392,2.05389714241028,1.00154709815979,1.08713150024414,1.10826861858368,0.86890310049057,0.911330044269562,0.681713819503784,0.814390778541565,0.817045629024506,0.881787955760956,0.920243084430695,25.8145876753344,27.3902003790794,0,3195,273,302,319,356,368,314,331,303,366,269,18.5,20.8,30.4
0.434873729944229,0.363286733627319,1.97312498092651,0.981375217437744,1.10812187194824,1.10602796077728,0.875684559345245,0.892619490623474,0.722739219665527,0.77780020236969,0.847079455852509,0.884692966938019,0.888468444347382,-4.58334621279221,4.6199368533062,0,3197,315,381,346,388,396,344,350,331,380,290,11.1,20.7,16
0,0,0,0,0,0,0,0,0,0,0,0,0,76.9072848470165,80.0802196099813,0,3199,0,0,0,0,0,0,0,0,0,0,25.6,21.3,29
0.451875656843185,0.359838455915451,2.00126910209656,1.00628411769867,1.09502804279327,1.20243430137634,0.880423545837402,0.859163761138916,0.72086775302887,0.801120281219482,0.864598035812378,0.874221086502075,0.886534214019775,-64.049360661745,68.3358936251838,0,3201,240,263,307,300,354,264,321,248,353,219,10.2,18,11.4
0.470850884914398,0.355476349592209,2.0159764289856,1.03468942642212,1.07464683055878,1.27078831195831,0.881042540073395,0.868442952632904,0.718033909797668,0.813397228717804,0.816941738128662,0.903436541557312,0.894802749156952,13.1530849157093,15.6930572346857,0,3203,378,359,447,392,489,349,448,337,463,308,17.8,24.5,10.1
0,0,0,0,0,0,0,0,0,0,0,0,0,-13.531280656306,20.3305552739671,0,3205,0,0,0,0,0,0,0,0,0,0,6.9,22.2,17.9
0.51350462436676,0.374602973461151,2.0130774974823,1.1802716255188,1.11455142498016,1.27776277065277,0.906836032867432,0,0.742893099784851,0.836938440799713,0.911676645278931,0.92920994758606,0.876664340496063,-13.5207197838214,22.4491358122032,0,3207,211,522,237,615,281,577,243,557,270,532,33.5,41.9,24.4
0,0,0,0,0,0,0,0,0,0,0,0,0,-54.6278255955506,89.8289694795884,0,3209,0,0,0,0,0,0,0,0,0,0,82,70.9,56
0,0,0,0,0,0,0,0,0,0,0,0,0,11.7008678059049,76.4263590379003,0,3212,0,0,0,0,0,0,0,0,0,0,66.2,129,115
0,0,0,0,0,0,0,0,0,0,0,0,0,-6.20059866577343,104.674493060566,0,3214,0,0,0,0,0,0,0,0,0,0,31.6,131,159
0,0,0,0,0,0,0,0,0,0,0,0,0,34.2610396947114,59.7373631507223,0,3216,0,0,0,0,0,0,0,0,0,0,24.3,129,270
0,0,0,0,0,0,0,0,0,0,0,0,0,-15.6628714090756,36.5060464512112,0,3218,0,0,0,0,0,0,0,0,0,0,31.8,86,391
0,0,0,0,0,0,0,0,0,0,0,0,0,-28.8436834313221,58.236624787408,0,3220,0,0,0,0,0,0,0,0,0,0,36.2,72.1,505
0,0,0,0,0,0,0,0,0,0,0,0,0,16.9350788468553,39.3641091194528,0,3222,0,0,0,0,0,0,0,0,0,0,25.8,45.8,648
0,0,0,0,0,0,0,0,0,0,0,0,0,-126.358098768553,221.88075114153,0,3224,0,0,0,0,0,0,0,0,0,0,11.3,40.9,799
0,0,0,0,0,0,0,0,0,0,0,0,0,-32.6174648385056,50.6980213418862,0,3226,0,0,0,0,0,0,0,0,0,0,37.3,35.1,899
0,0,0,0,0,0,0,0,0,0,0,0,0,5.51127206081497,13.8912438542283,1,3228,0,0,0,0,0,0,0,0,0,0,40.5,31.9,989
0,0,0,0,0,0,0,0,0,0,0,0,0,3.16271294676425,11.8949697194187,1,3230,0,0,0,0,0,0,0,0,0,0,3.59,43.4,1040
0,0,0,0,0,0,0,0,0,0,0,0,0,13.2909793685313,87.946946068413,1,3232,0,0,0,0,0,0,0,0,0,0,16.9,53.5,1040
0,0,0,0,0,0,0,0,0,0,0,0,0,55.5655412113339,95.7608965038939,1,3235,0,0,0,0,0,0,0,0,0,0,25.8,51,928
0,0,0,0,0,0,0,0,0,0,0,0,0,14.7242775026769,16.3012635343288,1,3237,0,0,0,0,0,0,0,0,0,0,29.5,45.5,817
0,0,0,0,0,0,0,0,0,0,0,0,0,-39.6086124063506,62.548117193961,1,3239,0,0,0,0,0,0,0,0,0,0,32.8,64,654
0,0,0,0,0,0,0,0,0,0,0,0,0,13.7448503134733,16.7768048251444,1,3241,0,0,0,0,0,0,0,0,0,0,9.63,57.6,466
0,0,0,0,0,0,0,0,0,0,0,0,0,9.13309098154665,12.9697405764374,1,3243,0,0,0,0,0,0,0,0,0,0,21.7,37.4,285
0,0,0,0,0,0,0,0,0,0,0,0,0,-9.72686681719697,15.4669608319953,1,3245,0,0,0,0,0,0,0,0,0,0,21.4,8.25,135
0,0,0,0,0,0,0,0,0,0,0,0,0,-14.1475206221204,29.5473680848926,1,3247,0,0,0,0,0,0,0,0,0,0,27.4,39,160
0,0,0,0,0,0,0,0,0,0,0,0,0,6.00093891635191,24.9507041760152,1,3249,0,0,0,0,0,0,0,0,0,0,9.6,40.6,268
0,0,0,0,0,0,0,0,0,0,0,0,0,-6.12069750251955,55.9166684037979,1,3251,0,0,0,0,0,0,0,0,0,0,7.87,34.7,335
0,0,0,0,0,0,0,0,0,0,0,0,0,1.81666523700753,14.5069752017329,1,3253,0,0,0,0,0,0,0,0,0,0,22.2,22.2,390
0,0,0,0,0,0,0,0,0,0,0,0,0,25.5120789454146,73.9419774835261,1,3256,0,0,0,0,0,0,0,0,0,0,23.4,29.2,381
0.463955283164978,0.419279247522354,1.85972368717194,1.96099293231964,1.35497570037842,2.15583515167236,0.949041247367859,0.953612148761749,0.819108486175537,0.857840716838837,0.878934323787689,0.905437707901001,0.927631556987762,-15.4099424412895,40.5347177201567,1,3258,348,604,328,609,346,663,377,630,395,644,10,30.2,328
0.425428867340088,0.399292200803757,1.74462842941284,2.60202574729919,1.35375201702118,2.29669189453125,0.976149201393127,0.944564759731293,0.759547591209412,0.846873760223389,0.914928495883942,0.89577704668045,0.945374846458435,7.15389902843771,24.621173728628,1,3260,275,418,260,430,288,485,314,448,344,476,17,50.4,234
0.468245804309845,0.385844588279724,1.74598586559296,2.80016779899597,1.4072881937027,1.98044085502625,0.97840678691864,0.938515901565552,0.801548719406128,0.819533288478851,0.892691195011139,0.919856131076813,0.926005363464356,-5.13096830841015,45.9587939546588,1,3262,323,447,288,427,312,479,338,447,367,473,5.52,26.8,148
0,0,0,0,0,0,0,0,0,0,0,0,0,-6.08711113145046,48.6518751408769,1,3264,0,0,0,0,0,0,0,0,0,0,3.23,28.2,39.6
0.464305907487869,0.411958664655685,1.6709543466568,2.68364810943604,1.39164221286774,1.89727437496185,0.934682607650757,0,0.822770714759827,0.867436766624451,0.887916386127472,0.900269269943237,0.916276335716248,-2.78566866176653,10.4913483856108,1,3266,170,362,161,392,200,438,215,396,253,417,2.45,14.4,69
0.473168671131134,0.427466243505478,1.6981805562973,2.61195945739746,1.4082658290863,2.07622122764587,0.951006472110748,0.949084639549255,0.798988282680512,0.874248504638672,0.901573240756989,0.909750461578369,0.903321027755737,9.67649217387809,26.9517966337199,1,3268,190,363,184,380,226,421,238,377,275,402,5.31,1.51,159
0.485030025243759,0.394453644752502,1.67869901657105,2.15981006622314,1.42298901081085,2.20402646064758,0.885183155536652,1.01585149765015,0.778555333614349,0.860009908676147,0.908828616142273,0.913364112377167,0,-12.5077208455571,31.460138309472,1,3270,342,355,322,372,370,407,375,362,420,378,3.65,7.56,240
0.510085821151733,0.383639484643936,1.68673884868622,2.7633855342865,1.43272233009338,2.12653565406799,0.982534110546112,0.889454543590546,0.765239119529724,0.868360579013824,0.874080359935761,0.921836316585541,0.915936946868897,-4.60246839904517,14.3698085014855,1,3272,298,359,305,369,359,399,362,356,408,368,6.62,4.77,299
0.53482061624527,0.36630442738533,1.60821771621704,1.85770797729492,1.16616308689117,2.42744708061218,1.1264306306839,0.893697082996368,0.83381587266922,0.83133065700531,0.902498841285706,0.908275246620178,0.863144934177399,-1.81224856005508,12.804595784526,1,3274,355,371,397,426,429,467,449,424,477,448,8.62,1.96,333
0.511587142944336,0.370336145162582,1.6793497800827,2.30988788604736,1.40465772151947,2.37674379348755,1.19419503211975,0.903093993663788,0.841833412647247,0.812216758728027,0.903588533401489,0.903640151023865,0.916201114654541,-5.7241207172136,14.3636829525267,1,3277,394,367,398,421,426,462,447,420,484,450,6.59,7.12,345
0.49311238527298,0.390307992696762,1.70111846923828,2.81529474258423,1.48406803607941,2.11011934280395,1.20664203166962,0.915412187576294,0.753982901573181,0.844167292118073,0.82654994726181,0.917093396186829,0.946478843688965,-9.64925957521976,22.5075973336225,1,3279,290,347,298,361,347,389,354,349,398,358,19.9,7.07,333
0.497901380062103,0.380707979202271,1.59596538543701,2.55145478248596,1.44054734706879,2.42393684387207,0.887263834476471,0.912491679191589,0.783213019371033,0.867099046707153,0.868303120136261,0.919973194599152,0.930648744106293,-13.8698278913347,31.0760350013114,1,3281,256,349,250,359,315,385,328,352,368,358,6.25,9.5,305
0,0,0,0,0,0,0,0,0,0,0,0,0,6.99980484300962,20.5001268552881,1,3283,0,0,0,0,0,0,0,0,0,0,4.79,28.8,276
0.380878776311874,0.362949341535568,1.58940327167511,2.16833448410034,1.52679693698883,2.81512594223022,0.931660890579224,0.930705368518829,0.759541511535645,0.816159248352051,0.871470272541046,0.89228767156601,0.974778056144714,1.01134230161343,7.47438298506202,1,3285,473,422,455,423,486,465,515,430,542,456,14.8,7.93,234
0.463288694620132,0.418469220399857,1.63897800445557,2.69947338104248,1.51073551177979,2.01743268966675,1.13508701324463,1.01813960075378,0.764984786510468,0.83312338590622,0.889461278915405,0.895760118961334,0.937956809997559,-11.7103204943903,22.7631229770403,1,3287,407,358,390,357,430,391,446,349,483,365,8.67,7.47,201
0.501380741596222,0.398838490247726,1.58619165420532,2.1349732875824,1.43079686164856,2.08304452896118,0.947314202785492,0,0.785259604454041,0.844290673732758,0.926542580127716,0.932808041572571,0.977473855018616,8.94683536630363,19.8594749906418,0,3289,288,347,334,362,381,391,394,345,431,357,11.6,23.3,179
0.509513020515442,0.382030308246613,1.56699132919312,2.00724983215332,1.40469932556152,2.33933138847351,0.910543560981751,0.903746068477631,0.816317200660706,0.850501716136932,0.901403367519379,0.91372549533844,0.924882650375366,-8.96827445825834,24.6172296251765,0,3291,275,346,240,360,303,380,316,348,351,349,18.3,2.97,148
0,0,0,0,0,0,0,0,0,0,0,0,0,-3.22034544425177,15.3569888428838,0,3293,0,0,0,0,0,0,0,0,0,0,22.2,13.8,129
0.436321586370468,0.389282524585724,1.44443190097809,2.07153010368347,0,2.18688249588013,0.88288152217865,0.915221571922302,0.893725991249085,0.845247447490692,0.803821444511414,0.921820759773254,0.915570199489594,4.16969011807576,18.1775865192426,0,3295,443,401,482,465,505,505,541,488,0,0,39.6,20.6,119
0,0,0,0,0,0,0,0,0,0,0,0,0,-26.6194794042088,62.2180158172533,0,3298,0,0,0,0,0,0,0,0,0,0,14.5,42.2,108
0,0,0,0,0,0,0,0,0,0,0,0,0,-2.47696420607417,19.5176367923429,0,3300,0,0,0,0,0,0,0,0,0,0,15,44.2,78.2
0.454571098089218,0.408411681652069,1.44921910762787,2.10873699188232,1.42145264148712,2.09077548980713,0,0.930033028125763,0.912019848823547,0.882805287837982,0.830335140228272,0.910922169685364,0.945374429225922,-3.96752306595665,35.7091157538961,0,3302,486,648,476,703,478,750,519,748,525,778,22.4,50.1,42.7
0.458380192518234,0.417865872383118,1.54439032077789,2.26399111747742,1.51119267940521,1.91202807426453,0.87208479642868,0.952358722686768,0.813201308250427,0.85676783323288,0.87825870513916,0.917972445487976,0.974934041500092,7.63082489722961,24.7396658382584,0,3304,543,552,537,549,508,602,552,605,553,645,22.8,43.5,21.2
0,0,0,0,0,0,0,0,0,0,0,0,0,-35.5168675674505,69.0496017383912,0,3306,0,0,0,0,0,0,0,0,0,0,0.5,30.5,41.2
0,0,0,0,0,0,0,0,0,0,0,0,0,-3.92183183915587,16.3488223426667,0,3308,0,0,0,0,0,0,0,0,0,0,5.68,40.3,109
0,0,0,0,0,0,0,0,0,0,0,0,0,34.878310225285,42.0281406955909,0,3310,0,0,0,0,0,0,0,0,0,0,19.5,28,171
0,0,0,0,0,0,0,0,0,0,0,0,0,12.7852289488103,81.8010308555599,0,3312,0,0,0,0,0,0,0,0,0,0,21.2,25.8,240
0,0,0,0,0,0,0,0,0,0,0,0,0,57.1540482771034,60.6744748687625,0,3314,0,0,0,0,0,0,0,0,0,0,27.7,46.3,315
0,0,0,0,0,0,0,0,0,0,0,0,0,-61.6184770345647,62.2366742410738,0,3316,0,0,0,0,0,0,0,0,0,0,12.2,36.8,375
0,0,0,0,0,0,0,0,0,0,0,0,0,-75.5972616753117,76.9344211755724,0,3319,0,0,0,0,0,0,0,0,0,0,15.1,24.2,446
0,0,0,0,0,0,0,0,0,0,0,0,0,-60.7403896917999,104.417029364927,0,3321,0,0,0,0,0,0,0,0,0,0,24.7,8.72,480
0,0,0,0,0,0,0,0,0,0,0,0,0,-7.25606636730399,33.2704353427523,0,3323,0,0,0,0,0,0,0,0,0,0,2.4,3.72,508
0,0,0,0,0,0,0,0,0,0,0,0,0,0.037582463360589,0.570478234790819,0,3325,0,0,0,0,0,0,0,0,0,0,35.4,15.9,501
0,0,0,0,0,0,0,0,0,0,0,0,0,-53.7150637012635,111.258583693925,0,3327,0,0,0,0,0,0,0,0,0,0,36.8,24.3,459
0,0,0,0,0,0,0,0,0,0,0,0,0,-14.3553475804604,16.1264684346685,0,3329,0,0,0,0,0,0,0,0,0,0,24.4,35.5,444
0,0,0,0,0,0,0,0,0,0,0,0,0,-13.9079713683213,33.8217792741731,0,3331,0,0,0,0,0,0,0,0,0,0,45,26.6,394
0,0,0,0,0,0,0,0,0,0,0,0,0,-22.107422071099,29.424166840813,0,3333,0,0,0,0,0,0,0,0,0,0,13.2,38.6,306
0,0,0,0,0,0,0,0,0,0,0,0,0,25.7723396682299,27.3528492294391,0,3335,0,0,0,0,0,0,0,0,0,0,13.5,17.5,253
0.471121042966843,0.398006111383438,1.73409163951874,1.73902702331543,1.31409454345703,1.56547772884369,1.00759315490723,0.929700970649719,0.85474044084549,0.842626214027405,0.918445110321045,0.917742550373077,1.12038040161133,-3.23714094729499,7.49214246820638,0,3337,407,523,442,468,429,418,389,438,372,394,13.1,14.4,208
0,0,0,0,0,0,0,0,0,0,0,0,0,53.5197874112282,55.0879611053282,0,3340,0,0,0,0,0,0,0,0,0,0,13,8.66,159
0.498440206050873,0.452500730752945,1.71730840206146,1.78915309906006,1.30519783496857,1.32204341888428,0.994530379772186,0.956873297691345,0.898663699626923,0.857991397380829,0.895207762718201,0.922528266906738,1.11745798587799,-41.4137913534257,41.9511770719611,0,3342,109,507,125,528,167,487,135,467,163,436,13.6,12.8,142
0,0,0,0,0,0,0,0,0,0,0,0,0,-46.2239848595828,46.7974643423107,0,3344,0,0,0,0,0,0,0,0,0,0,20.2,7.01,165
0.464876174926758,0.42470383644104,1.8572199344635,1.63595485687256,1.33249866962433,1.34089958667755,0.915151536464691,0.888925194740295,0.814599215984345,0.880996346473694,0.880712151527405,0.892902314662933,1.06707632541657,74.1392333787562,74.5723335905759,0,3346,495,429,571,392,565,344,516,358,502,318,11,10.1,180
0.508699297904968,0.394607245922089,1.78535223007202,1.55340385437012,1.27510452270508,1.25741708278656,0.890881359577179,0.901284635066986,0.794374406337738,0.862677931785584,0.872957646846771,0.885879576206207,0,-8.31649843903664,8.51190799056205,0,3348,454,451,522,419,522,372,480,377,474,339,21.4,4.6,212
0.465135276317596,0.416598260402679,1.98641848564148,1.69509589672089,1.36262392997742,1.29113149642944,0.930799901485443,0.928587377071381,0.773462295532227,0.885048747062683,0.869891166687012,0.920740365982056,1.14600682258606,0.460609915081451,9.81102064473887,0,3350,442,487,485,462,473,408,434,435,423,396,3.87,17.5,205
0.447016328573227,0.39807191491127,2.07304787635803,1.76047468185425,1.32927918434143,1.34337389469147,0.915200889110565,0.915558516979218,0.735165953636169,0.82966285943985,0.85370546579361,0.885762274265289,1.17772424221039,-4.4500707411869,12.0607656087898,0,3352,486,510,502,464,486,415,446,440,430,402,1.21,12.6,192
0.453496336936951,0.405495166778564,2.1105592250824,1.68969368934631,1.34324955940247,1.36141645908356,0.966971695423126,0.853743851184845,0.788215517997742,0.896836698055267,0.890519201755524,0.891744077205658,1.1115974187851,0.334456653565929,6.98383964852451,0,3354,504,520,553,492,525,439,496,472,474,439,2.8,6.07,180
0.518517374992371,0.438920646905899,2.04188895225525,1.75840795040131,1.3661972284317,1.3213005065918,0.953674137592316,1.16923081874847,0.814826190471649,0.899276554584503,0.900506556034088,0.904161930084229,1.10915911197662,3.77846679591206,4.08569948417282,0,3356,537,558,569,521,543,469,513,503,490,465,5.97,4.77,140
0.503333032131195,0.429354280233383,1.89913260936737,1.8562980890274,1.36618983745575,1.14352524280548,0.991226971149445,0.87111109495163,0.761587679386139,0.890114963054657,0.90315979719162,0.895245492458344,1.20886385440826,-5.63674793558805,5.93160268189312,0,3358,513,574,534,537,501,487,477,522,443,485,7.41,9.36,96.4
0,0,0,0,0,0,0,0,0,0,0,0,0,0.390348894129099,13.61363426616,0,3360,0,0,0,0,0,0,0,0,0,0,9.38,11.4,83.1
0.489411622285843,0.416076630353928,2.06729459762573,1.79538059234619,1.36294877529144,1.30548977851868,0.955762088298798,0.878170073032379,0.791577219963074,0.878505766391754,0.881252348423004,0.893646538257599,1.17468106746674,-1.37714765297492,7.12973634419862,0,3363,414,542,454,509,420,458,399,495,372,462,3.44,15.1,45.7
0.48155277967453,0.403847962617874,2.02086901664734,1.89927172660828,1.37173664569855,1.27554249763489,0.961574137210846,0.923076927661896,0.805583536624908,0.818384170532227,0.902400195598602,0.889503657817841,1.13287615776062,10.3866881803575,17.6276249390778,0,3365,449,551,445,501,412,455,387,490,362,459,1.55,14.4,27.8
0.501513361930847,0.470772653818131,1.92802560329437,1.87023496627808,1.40191054344177,1.17794728279114,0.969065427780151,0.916480243206024,0.780242443084717,0.908090233802795,0.895084738731384,0.890919923782349,1.15368711948395,-3.78648358110734,13.0984240734257,0,3367,489,573,511,542,473,491,456,533,424,499,2.27,7.2,18.6
0.528696775436401,0.429179280996323,1.85451471805573,1.73974084854126,1.40376889705658,1.21270847320557,0.963522970676422,0.872413814067841,0.847144722938538,0.886355817317963,0.931080281734467,0.897255480289459,1.09090912342072,15.7154999745516,16.149902293628,0,3369,483,565,506,522,474,474,459,516,431,484,4.41,2.65,9.94
0.518723905086517,0.466118037700653,1.78596341609955,1.65725231170654,1.34937739372253,1.29133856296539,1.1365133523941,0.935588479042053,0.791608393192291,0.993237257003784,0.916510999202728,0.889566421508789,1.06479609012604,1.6541897470737,2.72078867321566,0,3371,527,577,536,548,499,494,479,537,439,499,7.23,3.89,21.9
0.44684049487114,0.401711374521256,1.77049326896668,1.69282102584839,1.32663893699646,1.15152633190155,0.860264241695404,0.92619925737381,0.818748533725739,0.872868597507477,0.976080775260925,0.902028262615204,1.09038901329041,25.3649789936121,28.2015805381949,0,3373,296,465,360,451,335,398,308,430,300,407,13.2,14.5,43.1
0,0,0,0,0,0,0,0,0,0,0,0,0,-35.9165058108433,36.297589461761,0,3375,0,0,0,0,0,0,0,0,0,0,8.39,6.8,40
0.487196147441864,0.438057392835617,1.86063754558563,1.663698554039,1.27377927303314,1.12006413936615,0.944299578666687,0.917321503162384,1.01070261001587,0.860734641551971,0.903249323368073,0.888332366943359,1.03232324123383,2.40514202733937,2.48607340609063,0,3377,51.5,437,91.5,467,125,417,85.5,402,108,370,10.8,9.72,51.9
0,0,0,0,0,0,0,0,0,0,0,0,0,-40.3684381764761,41.9416180496583,0,3379,0,0,0,0,0,0,0,0,0,0,18.5,8.5,56.4
0.467130094766617,0.457048714160919,1.94239819049835,1.55879735946655,1.24037504196167,1.14719378948212,0.917352855205536,0.965725779533386,0.841698825359345,0.901767492294312,0.937085270881653,0.904906272888184,1.10350286960602,100.137147646887,101.026909020582,0,3381,83.4,459,167,455,181,402,138,391,154,353,4.64,14.1,57
0.434423893690109,0.449437201023102,2.04822659492493,1.6071742773056,1.26013231277466,1.08428120613098,0.877766609191895,0.910456717014313,0.857478022575378,0.917724251747131,0.871101081371307,0.886584341526032,1.12362909317017,2.96966120926209,9.06077249205514,0,3384,199,437,267,413,275,358,227,363,223,324,29.9,3.18,47.4
0.435663312673569,0.460147500038147,2.06508898735046,1.62209033966064,1.25354707241058,1.06564259529114,0.869794428348541,0.900844991207123,1.09594023227692,0.871589601039887,0.907746195793152,0.890334844589233,1.17724752426147,-5.41634475534668,10.4326669652485,0,3386,237,420,276,435,282,373,234,382,232,342,18.9,16.1,45.2
0,0,0,0,0,0,0,0,0,0,0,0,0,49.2167730071495,53.4161752939245,0,3388,0,0,0,0,0,0,0,0,0,0,19,15.8,21.7
0,0,0,0,0,0,0,0,0,0,0,0,0,48.0075990601381,48.779799601956,0,3390,0,0,0,0,0,0,0,0,0,0,14.9,16.3,5.45
0.481439709663391,0.387245208024979,2.19742393493652,1.47296226024628,1.28742647171021,1.16843795776367,0.84010660648346,0.893434107303619,0.824990153312683,0.842620432376862,0.926004230976105,0.886100292205811,1.14502918720245,41.233076517494,45.2877045246973,0,3392,448,412,496,371,501,321,456,326,448,286,31.4,24.8,14.6
0,0,0,0,0,0,0,0,0,0,0,0,0,-22.1887030106633,33.9556683199299,0,3394,0,0,0,0,0,0,0,0,0,0,26.7,32.2,36.3
0,0,0,0,0,0,0,0,0,0,0,0,0,92.7500049650797,94.0659323373043,0,3396,0,0,0,0,0,0,0,0,0,0,65.9,91.7,88
0,0,0,0,0,0,0,0,0,0,0,0,0,51.7913509552195,52.2920634913051,0,3398,0,0,0,0,0,0,0,0,0,0,75.8,109,130
0,0,0,0,0,0,0,0,0,0,0,0,0,17.0732174861443,27.2472217329632,0,3400,0,0,0,0,0,0,0,0,0,0,44.9,125,191
0,0,0,0,0,0,0,0,0,0,0,0,0,-29.1588546443741,30.4900158320732,0,3402,0,0,0,0,0,0,0,0,0,0,39.2,137,271
0,0,0,0,0,0,0,0,0,0,0,0,0,-25.5881457362767,27.4767728656216,0,3405,0,0,0,0,0,0,0,0,0,0,21.9,116,431
0,0,0,0,0,0,0,0,0,0,0,0,0,13.4918109775614,15.7300823907414,0,3407,0,0,0,0,0,0,0,0,0,0,46.5,90.6,558
0,0,0,0,0,0,0,0,0,0,0,0,0,37.7475655120072,78.7766535172048,1,3409,0,0,0,0,0,0,0,0,0,0,37.1,85.2,696
0,0,0,0,0,0,0,0,0,0,0,0,0,31.5869922854015,41.8661172012372,1,3411,0,0,0,0,0,0,0,0,0,0,24.1,69.2,846
0,0,0,0,0,0,0,0,0,0,0,0,0,12.4394190589857,16.6371498799035,1,3413,0,0,0,0,0,0,0,0,0,0,8.77,61.8,987
0,0,0,0,0,0,0,0,0,0,0,0,0,86.0518609153175,215.006338922217,1,3415,0,0,0,0,0,0,0,0,0,0,54.5,24.1,1080
0,0,0,0,0,0,0,0,0,0,0,0,0,-9.10725522483178,26.7883587559541,1,3417,0,0,0,0,0,0,0,0,0,0,33.3,21.9,1180
0,0,0,0,0,0,0,0,0,0,0,0,0,-6.48306404628574,23.0543088012708,1,3419,0,0,0,0,0,0,0,0,0,0,70,47.8,1230
0,0,0,0,0,0,0,0,0,0,0,0,0,0.842420704714252,36.370447860698,1,3421,0,0,0,0,0,0,0,0,0,0,14.3,30.9,1220
0.461674451828003,0.455435901880264,2.48283863067627,1.57429575920105,1.30419361591339,1.53467547893524,0.876432061195374,0.876233875751495,1.00680267810822,0.799096882343292,0.909905850887299,0.889177203178406,0.884308516979218,5.24777163037518,75.1485168539568,1,3423,229,86.7,245,104,205,168,253,160,246,192,16.6,38.5,1180
0,0,0,0,0,0,0,0,0,0,0,0,0,20.0584141651538,35.6103266127442,1,3426,0,0,0,0,0,0,0,0,0,0,12.3,49.2,1050
0,0,0,0,0,0,0,0,0,0,0,0,0,50.7470416090424,78.5358055189622,1,3428,0,0,0,0,0,0,0,0,0,0,10.4,6.9,906
0,0,0,0,0,0,0,0,0,0,0,0,0,-29.744316915154,54.0424349289506,1,3430,0,0,0,0,0,0,0,0,0,0,32,9.71,734
0,0,0,0,0,0,0,0,0,0,0,0,0,-0.594430851891151,8.23202553085497,1,3432,0,0,0,0,0,0,0,0,0,0,6.65,8.89,594
0.451850324869156,0.417392432689667,2.563152551651,1.72949600219727,1.22819972038269,2.10063743591309,0,0,0.742920100688934,0.804591178894043,0.898392081260681,0.792445838451386,0.893333315849304,-5.8686034862537,34.1395696690632,1,3434,501,264,490,269,526,311,549,273,582,291,19.4,3.09,461
0.445166766643524,0.405602067708969,2.58656907081604,1.80645155906677,1.29279375076294,2.26024055480957,0.900322616100311,0.91997629404068,0.761278629302979,0.840858221054077,0.871086537837982,0.889315187931061,1.13904201984406,-8.23171926277906,15.8268317023831,1,3436,432,206,414,244,459,279,473,234,513,255,21.4,12.1,300
0.483149856328964,0.434742569923401,2.30139255523682,1.93389904499054,1.28312075138092,2.46981430053711,0.964622616767883,0,0.79477059841156,0.850735187530518,0.882246375083923,0.904416739940643,1.13431835174561,0.004881208524951,14.7919500072884,1,3438,364,195,364,219,416,237,415,193,456,197,12,11.4,214
0.492749273777008,0.435430884361267,2.25476670265198,2.14030766487122,1.27032220363617,2.3291609287262,0.996062994003296,0.895161271095276,0.826989591121674,0.844147086143494,0.896648049354553,0.893794119358063,1.08975052833557,-2.67241188211209,12.0254914687373,1,3440,336,206,339,220,397,239,394,196,444,193,4.85,27.8,153
0.507008969783783,0.434762626886368,2.29347276687622,1.93378913402557,1.31113243103027,2.42182469367981,1.02286720275879,0.914654672145844,0.811775207519531,0.838835835456848,0.890628457069397,0.906651675701141,1.08347034454346,-7.24441073921265,22.964787642739,1,3442,332,198,355,215,407,231,402,187,443,193,5.42,19,78.2
0.506049931049347,0.452185153961182,2.21975636482239,2.119948387146,1.31298625469208,2.24270606040955,0.934791386127472,1.03846156597137,0.829743027687073,0.836002171039581,0.881749451160431,0.89627480506897,1.03916549682617,-46.0177418389722,68.0925432530999,1,3444,293,203,293,226,350,241,343,198,392,191,15.1,20.8,81.3
0,0,0,0,0,0,0,0,0,0,0,0,0,7.62194086339162,12.8714780398924,1,3447,0,0,0,0,0,0,0,0,0,0,7.42,13.8,109
0.515243709087372,0.456068962812424,2.1432409286499,1.683917760849,0.94638067483902,2.17368817329407,0,0,0,0.859874844551086,0,0.911751449108124,0,-6.12945731727116,14.1137966845469,1,3449,202,198,229,222,256,228,276,189,236,287,14.8,11.7,113
0.533807516098022,0.463401615619659,1.94397246837616,1.96259391307831,1.29074728488922,2.04454016685486,0.972344160079956,0,0.822533130645752,0.857827842235565,0.888455808162689,0.893741548061371,0,-4.74113020403308,27.3821200334307,1,3451,202,190,188,216,249,215,236,171,292,138,5.56,6.48,114
0.500895023345947,0.439528077840805,2.19244575500488,2.30733203887939,1.24663782119751,1.3816409111023,0.833147764205933,0,0.782972812652588,0.848155021667481,0.880475521087647,0.894013524055481,0.994712293148041,-4.20915217625246,12.8795060852028,1,3453,318,89,324,119,374,97.6,359,68.5,395,40,7.91,9.63,119
0,0,0,0,0,0,0,0,0,0,0,0,0,-5.66613660427034,13.5294566207676,1,3455,0,0,0,0,0,0,0,0,0,0,3.71,6.7,128
0,0,0,0,0,0,0,0,0,0,0,0,0,4.97097384300282,17.5348416887741,1,3457,0,0,0,0,0,0,0,0,0,0,5.85,8.24,153
0,0,0,0,0,0,0,0,0,0,0,0,0,40.652991245524,73.9229997365529,1,3459,0,0,0,0,0,0,0,0,0,0,8.54,10.5,139
0.493296712636948,0.420673102140427,2.05274176597595,1.94647610187531,1.28387653827667,2.40053081512451,0.857654571533203,0.900136828422546,0.773592531681061,0.83323734998703,0.859189212322235,0.895415246486664,1.02375733852386,-0.093343288543367,11.6185503709277,1,3461,331,401,336,413,398,412,383,375,431,356,10.8,9.82,140
0.50095409154892,0.41161972284317,1.98669230937958,2.11625504493713,1.32088387012482,2.12604451179504,0.920157492160797,0.911408841609955,0.838030159473419,0.844046533107758,0.874479949474335,0.892645597457886,0.973161578178406,12.6342679613489,18.1225909005693,1,3463,317,401,303,421,368,421,349,389,399,370,5.51,10.3,144
0.502568900585175,0.395525246858597,2.05177211761475,1.93173575401306,1.32606327533722,2.70232915878296,0.855255484580994,0.924450576305389,0.798755526542664,0.8487908244133,0.897126495838165,0.88697361946106,0,-12.4406646285964,20.5758661251054,1,3465,271,419,265,430,336,434,325,403,377,382,5.26,7.55,111
0,0,0,0,0,0,0,0,0,0,0,0,0,6.93395638352648,10.2681041789519,1,3468,0,0,0,0,0,0,0,0,0,0,9.44,7.11,71.2
0,0,0,0,0,0,0,0,0,0,0,0,0,-18.9008372898309,86.4339170029414,0,3470,0,0,0,0,0,0,0,0,0,0,18.8,18.2,49.5
0,0,0,0,0,0,0,0,0,0,0,0,0,38.4574444257376,45.5726471678858,0,3472,0,0,0,0,0,0,0,0,0,0,12.8,8.33,31.1
0,0,0,0,0,0,0,0,0,0,0,0,0,46.2359032511174,85.7938846365273,0,3474,0,0,0,0,0,0,0,0,0,0,4.98,19,20.8
0,0,0,0,0,0,0,0,0,0,0,0,0,0.260280119423497,34.1292171425933,0,3476,0,0,0,0,0,0,0,0,0,0,21.2,15.2,40.2
0,0,0,0,0,0,0,0,0,0,0,0,0,-87.4346897816366,100.547550216078,0,3478,0,0,0,0,0,0,0,0,0,0,29.8,20.4,61.7
0,0,0,0,0,0,0,0,0,0,0,0,0,-121.218277672368,184.08275029626,0,3480,0,0,0,0,0,0,0,0,0,0,40.5,32.5,83.6
0,0,0,0,0,0,0,0,0,0,0,0,0,-17.9039910165525,25.4943830299807,0,3482,0,0,0,0,0,0,0,0,0,0,47.4,26.8,100
0,0,0,0,0,0,0,0,0,0,0,0,0,-16.9650976496419,47.9863540450162,0,3484,0,0,0,0,0,0,0,0,0,0,20.8,38.2,118
0,0,0,0,0,0,0,0,0,0,0,0,0,2.22169905657533,24.1663262692328,0,3486,0,0,0,0,0,0,0,0,0,0,23,55.5,145
0,0,0,0,0,0,0,0,0,0,0,0,0,-63.9319761259659,127.209622766551,0,3489,0,0,0,0,0,0,0,0,0,0,6.77,43.6,170
0,0,0,0,0,0,0,0,0,0,0,0,0,4.07029605178107,46.2422856027901,0,3491,0,0,0,0,0,0,0,0,0,0,19,3.6,195
0,0,0,0,0,0,0,0,0,0,0,0,0,17.5870204769629,59.9600993010198,0,3493,0,0,0,0,0,0,0,0,0,0,31.3,18.5,217
0,0,0,0,0,0,0,0,0,0,0,0,0,2.87956804432394,77.1826630243637,0,3495,0,0,0,0,0,0,0,0,0,0,28.7,44.1,258
0,0,0,0,0,0,0,0,0,0,0,0,0,30.7630660885422,178.748586156456,0,3497,0,0,0,0,0,0,0,0,0,0,52,51.9,259
0,0,0,0,0,0,0,0,0,0,0,0,0,-1.91224691759781,33.0901097725611,0,3499,0,0,0,0,0,0,0,0,0,0,25.8,22.9,286
0,0,0,0,0,0,0,0,0,0,0,0,0,12.1792918942972,78.0702250145893,0,3501,0,0,0,0,0,0,0,0,0,0,56.2,39,297
0,0,0,0,0,0,0,0,0,0,0,0,0,-33.7685945474508,223.363566559318,0,3503,0,0,0,0,0,0,0,0,0,0,47.6,25.2,295
0,0,0,0,0,0,0,0,0,0,0,0,0,7.05629487258635,120.105794455731,0,3505,0,0,0,0,0,0,0,0,0,0,60.7,43.8,255
0,0,0,0,0,0,0,0,0,0,0,0,0,1.26526345295992,71.4184754941987,0,3507,0,0,0,0,0,0,0,0,0,0,26.6,37,264
0,0,0,0,0,0,0,0,0,0,0,0,0,8.98097770585146,85.3734279428364,0,3509,0,0,0,0,0,0,0,0,0,0,16.8,42.6,225
0,0,0,0,0,0,0,0,0,0,0,0,0,-21.2618661528012,89.7321991437019,0,3512,0,0,0,0,0,0,0,0,0,0,9.09,59.1,216
0,0,0,0,0,0,0,0,0,0,0,0,0,-0.717745961575338,20.7138565202746,0,3514,0,0,0,0,0,0,0,0,0,0,25.8,68.6,162
0,0,0,0,0,0,0,0,0,0,0,0,0,-0.210477707480473,18.446765368004,0,3516,0,0,0,0,0,0,0,0,0,0,32.8,30.3,175
0,0,0,0,0,0,0,0,0,0,0,0,0,3.76591372778431,24.9707303233138,0,3518,0,0,0,0,0,0,0,0,0,0,5.07,37.8,125
0,0,0,0,0,0,0,0,0,0,0,0,0,2.28545208036587,5.68881037511239,0,3520,0,0,0,0,0,0,0,0,0,0,12.4,28.5,63.5
0,0,0,0,0,0,0,0,0,0,0,0,0,-12.4079406474889,58.5823724094398,0,3522,0,0,0,0,0,0,0,0,0,0,35.2,16.7,49.8
0,0,0,0,0,0,0,0,0,0,0,0,0,-4.63631368723478,56.8964631890078,0,3524,0,0,0,0,0,0,0,0,0,0,48.1,42.2,57.1
0,0,0,0,0,0,0,0,0,0,0,0,0,-32.8646702986576,50.3356647704324,0,3526,0,0,0,0,0,0,0,0,0,0,36.9,67.9,150
0,0,0,0,0,0,0,0,0,0,0,0,0,-2.72832721737101,108.61810485941,0,3528,0,0,0,0,0,0,0,0,0,0,25.2,78.6,193
0,0,0,0,0,0,0,0,0,0,0,0,0,-66.5842855326717,124.688354954075,0,3530,0,0,0,0,0,0,0,0,0,0,37.6,74.3,258
0,0,0,0,0,0,0,0,0,0,0,0,0,-12.2894705991491,25.9574355837897,0,3533,0,0,0,0,0,0,0,0,0,0,7.31,67.9,377
0,0,0,0,0,0,0,0,0,0,0,0,0,-5.68088498967369,74.3741668783752,0,3535,0,0,0,0,0,0,0,0,0,0,19.7,44.7,460
0,0,0,0,0,0,0,0,0,0,0,0,0,17.5853954804889,74.5192462826023,0,3537,0,0,0,0,0,0,0,0,0,0,24.1,9.72,500
0,0,0,0,0,0,0,0,0,0,0,0,0,6.55750258152581,38.4178480476469,0,3539,0,0,0,0,0,0,0,0,0,0,14.5,10.7,551
0,0,0,0,0,0,0,0,0,0,0,0,0,34.6396514780094,90.8033184618886,0,3541,0,0,0,0,0,0,0,0,0,0,66,28.7,621
0,0,0,0,0,0,0,0,0,0,0,0,0,6.7421132652804,14.8980429192924,0,3543,0,0,0,0,0,0,0,0,0,0,15.7,24.7,631
0,0,0,0,0,0,0,0,0,0,0,0,0,6.26706505764837,44.7853447856838,0,3545,0,0,0,0,0,0,0,0,0,0,14.9,42.8,646
0,0,0,0,0,0,0,0,0,0,0,0,0,-27.3446773433939,54.8909500222788,0,3547,0,0,0,0,0,0,0,0,0,0,34.1,23.2,673
0,0,0,0,0,0,0,0,0,0,0,0,0,57.5260670824049,112.539025226953,0,3549,0,0,0,0,0,0,0,0,0,0,19.1,14.1,656
0,0,0,0,0,0,0,0,0,0,0,0,0,-5.91223540662861,20.4788321185685,0,3551,0,0,0,0,0,0,0,0,0,0,13.1,16,621
0,0,0,0,0,0,0,0,0,0,0,0,0,9.1571210683261,20.7294291029683,0,3554,0,0,0,0,0,0,0,0,0,0,5.2,11.1,569
0,0,0,0,0,0,0,0,0,0,0,0,0,-6.44951058517564,68.7827651858333,0,3556,0,0,0,0,0,0,0,0,0,0,5.47,14.3,516
0,0,0,0,0,0,0,0,0,0,0,0,0,1.46075195170294,61.1559839470031,0,3558,0,0,0,0,0,0,0,0,0,0,3.71,10.2,447
0,0,0,0,0,0,0,0,0,0,0,0,0,33.2197509248573,67.0409077740027,0,3560,0,0,0,0,0,0,0,0,0,0,24.9,22.4,382
0,0,0,0,0,0,0,0,0,0,0,0,0,18.3011179168992,53.7196174584126,0,3562,0,0,0,0,0,0,0,0,0,0,8.47,6.94,317
0,0,0,0,0,0,0,0,0,0,0,0,0,16.9827122104321,23.5108015727632,0,3564,0,0,0,0,0,0,0,0,0,0,27.3,8.83,251
0,0,0,0,0,0,0,0,0,0,0,0,0,32.8182472130608,55.3001874183752,0,3566,0,0,0,0,0,0,0,0,0,0,6.01,11.4,201
0,0,0,0,0,0,0,0,0,0,0,0,0,65.902090186279,75.2313078501645,0,3568,0,0,0,0,0,0,0,0,0,0,9.56,18.1,171
0,0,0,0,0,0,0,0,0,0,0,0,0,-21.5609856767679,23.7695836135943,0,3570,0,0,0,0,0,0,0,0,0,0,6.1,10.4,119
0,0,0,0,0,0,0,0,0,0,0,0,0,20.6268650283843,25.1827136237669,0,3572,0,0,0,0,0,0,0,0,0,0,16.3,28.4,74.6
0,0,0,0,0,0,0,0,0,0,0,0,0,4.2948998925595,5.47587828525389,0,3575,0,0,0,0,0,0,0,0,0,0,21.3,35.5,45.4
0.427495688199997,0.432771116495132,2.14710092544556,2.03881883621216,1.16405200958252,0.992487728595734,0.931327044963837,0.916026890277863,0.871819019317627,0.899448812007904,0.907012939453125,0.887180805206299,1.10583662986755,38.0548150639691,38.7406234523392,0,3577,392,195,397,172,344,212,387,232,367,265,19,41.5,47.5
0.45012354850769,0.419733703136444,2.09503889083862,1.95810878276825,1.15558230876923,1.04307639598846,0,0.938441693782806,1.10083413124084,0.898165702819824,0.861797988414764,0.886716187000275,1.12941181659698,4.64534855571254,21.033107343858,0,3579,428,218,430,253,371,271,401,306,374,329,10.7,28.3,59.3
0.428900957107544,0.443913042545319,2.11582016944885,1.8556067943573,1.16379106044769,1.20539772510529,0,0.89844685792923,0.789894163608551,0.872334122657776,0.915492951869965,0.880293965339661,1.07524573802948,12.3545289687137,25.660242854207,0,3581,420,297,416,332,352,334,374,379,340,403,10.3,39.6,106
0.455622494220734,0.418119758367538,2.03845810890198,1.97454607486725,1.15376019477844,1.04313886165619,0.930136561393738,0.92476487159729,0.940147340297699,0.876349866390228,0.912468671798706,0.867532670497894,1.0660947561264,-48.6270314156473,50.300062684334,0,3583,432,376,427,356,364,358,385,398,348,408,10.3,23.5,139
0,0,0,0,0,0,0,0,0,0,0,0,0,-1.4576274224121,15.9375872644554,0,3585,0,0,0,0,0,0,0,0,0,0,11.4,17.4,181
0,0,0,0,0,0,0,0,0,0,0,0,0,-31.5635604201522,31.6363849309602,0,3587,0,0,0,0,0,0,0,0,0,0,31.2,15,221
0.4309461414814,0.44528865814209,2.04798865318298,1.76632905006409,1.1358870267868,1.01837742328644,0.848550736904144,0.866310179233551,0.841277778148651,0.902109444141388,0.913572609424591,1.01510751247406,0.889662027359009,7.47270593771817,12.0233616314917,1,3589,251,296,296,236,289,303,331,293,341,333,18.8,15.4,267
0.434281706809998,0.445545256137848,2.00905871391296,1.82397961616516,1.17269861698151,0.986528158187866,0.89121401309967,0.92471843957901,1.05301201343536,0.87849497795105,0.921966254711151,0.876248896121979,1.11936342716217,-10.0369366743749,12.2586790237853,1,3591,334,170,315,171,299,239,343,230,347,274,3.82,36.4,275
0.514720678329468,0.426617950201035,1.9310382604599,1.77710700035095,1.15019762516022,1.20354723930359,0.889072835445404,0.836007118225098,0.881706953048706,0.868735611438751,0.896772861480713,0.866278171539307,1.07521522045136,33.8863201243517,34.1493843377103,1,3593,364,340,363,393,327,450,370,454,371,486,17.5,17.7,284
0.437127709388733,0.43865105509758,2.03083038330078,1.87064242362976,0.868367910385132,1.4236968755722,0.865318417549133,0.928571403026581,0.968375682830811,0.881023049354553,0.890197813510895,0.875054836273193,1.06205034255981,12.7661811284372,17.0975920470511,1,3596,313,313,330,321,309,388,352,381,234,387,6.64,10.7,262
0.431018620729446,0.42993175983429,1.99479007720947,1.80769228935242,1.15842854976654,1.31368267536163,0.904887557029724,0.9200519323349,0.874881982803345,0.874070167541504,0.89908766746521,0.8714879155159,1.05066561698914,50.7442699757551,52.5753845155631,1,3598,301,187,292,173,285,242,328,230,335,272,13,35.7,265
0.476440697908402,0.457604795694351,1.85674643516541,1.77102553844452,1.07011425495148,1.31555438041687,0.941637635231018,0.950469672679901,0.907857537269592,0.93573385477066,0.848773181438446,0.892440319061279,0.878950178623199,-16.0258028158134,40.8778258177781,1,3600,248,97.7,287,128,279,190,321,179,334,218,12,17.2,209
0,0,0,0,0,0,0,0,0,0,0,0,0,33.0159922211248,34.0773403515686,1,3602,0,0,0,0,0,0,0,0,0,0,9.44,30.1,175
0,0,0,0,0,0,0,0,0,0,0,0,0,-17.0441747754061,31.0745371675414,1,3604,0,0,0,0,0,0,0,0,0,0,25.3,24.5,158
0,0,0,0,0,0,0,0,0,0,0,0,0,-50.3254755824949,51.7888800335012,1,3606,0,0,0,0,0,0,0,0,0,0,19.4,37.9,131
0,0,0,0,0,0,0,0,0,0,0,0,0,211.564083565412,214.633877931093,1,3608,0,0,0,0,0,0,0,0,0,0,83.3,95.1,131
0,0,0,0,0,0,0,0,0,0,0,0,0,-13.3636115889881,14.8363110521564,1,3610,0,0,0,0,0,0,0,0,0,0,13,30.9,133
0,0,0,0,0,0,0,0,0,0,0,0,0,103.507843533711,109.823777223848,1,3612,0,0,0,0,0,0,0,0,0,0,20.2,53.8,161
0,0,0,0,0,0,0,0,0,0,0,0,0,17.0135615101779,29.2066186196453,1,3614,0,0,0,0,0,0,0,0,0,0,68.5,52.9,214
0,0,0,0,0,0,0,0,0,0,0,0,0,72.6523774489608,73.1925076673609,1,3617,0,0,0,0,0,0,0,0,0,0,49.2,94.9,338
0,0,0,0,0,0,0,0,0,0,0,0,0,-23.7854841572891,24.764904817205,1,3619,0,0,0,0,0,0,0,0,0,0,24.2,38.4,400
0.489939510822296,0.454738587141037,1.70295858383179,2.06378889083862,1.16072404384613,1.85564148426056,0.909495532512665,0.873873889446259,0.83905690908432,0.911163508892059,0.888000011444092,0.894785463809967,1.04220581054688,3.68577865577429,25.385381660917,1,3621,306,223,340,234,331,296,370,288,387,330,14.6,104,490
0,0,0,0,0,0,0,0,0,0,0,0,0,23.4467068196737,37.3849053095813,1,3623,0,0,0,0,0,0,0,0,0,0,57.2,70.8,599
0,0,0,0,0,0,0,0,0,0,0,0,0,29.3999286098325,41.3925744254058,1,3625,0,0,0,0,0,0,0,0,0,0,31.2,71.8,665
0.439338892698288,0.457276701927185,1.71673989295959,1.98794674873352,1.22016942501068,1.81392168998718,0,0,0.937695384025574,0.985415935516357,0,0.914732396602631,0,-4.22790292670309,16.5758614271202,1,3627,292,299,212,277,232,336,265,312,291,337,21.8,60.9,732
0,0,0,0,0,0,0,0,0,0,0,0,0,81.7391212707495,83.1200164716936,1,3629,0,0,0,0,0,0,0,0,0,0,31.1,60.2,836
0,0,0,0,0,0,0,0,0,0,0,0,0,2.85153876708775,27.152369978096,1,3631,0,0,0,0,0,0,0,0,0,0,47.3,45.3,874
0,0,0,0,0,0,0,0,0,0,0,0,0,-50.3252427685505,55.441197755631,1,3633,0,0,0,0,0,0,0,0,0,0,15.6,54.2,914
0,0,0,0,0,0,0,0,0,0,0,0,0,105.763700129046,108.173635377645,1,3635,0,0,0,0,0,0,0,0,0,0,33.8,91.4,1010
0,0,0,0,0,0,0,0,0,0,0,0,0,41.5922447913288,43.3129367313796,1,3637,0,0,0,0,0,0,0,0,0,0,54.9,72.9,1010
0.447300940752029,0.448969930410385,1.57091224193573,2.07462358474731,1.32562005519867,1.91892611980438,0,0.875483632087708,0.957575738430023,0.933523654937744,0.944845676422119,0.881738901138306,1.09457147121429,-73.6673357632156,74.8922047294637,1,3640,388,159,398,109,371,177,416,179,419,202,25.5,66.8,1030
0,0,0,0,0,0,0,0,0,0,0,0,0,77.497658409693,119.357729054967,1,3642,0,0,0,0,0,0,0,0,0,0,32.9,85.9,1040
0,0,0,0,0,0,0,0,0,0,0,0,0,-57.7285014308846,88.2705557589301,1,3644,0,0,0,0,0,0,0,0,0,0,22,78.2,1090
0,0,0,0,0,0,0,0,0,0,0,0,0,-62.2327671716426,67.9394674824912,1,3646,0,0,0,0,0,0,0,0,0,0,16.2,37.5,1070
0,0,0,0,0,0,0,0,0,0,0,0,0,-27.6705419858346,37.1939931008975,0,3648,0,0,0,0,0,0,0,0,0,0,27.8,51,1060
0,0,0,0,0,0,0,0,0,0,0,0,0,13.7179942030736,14.1812418346196,0,3650,0,0,0,0,0,0,0,0,0,0,25.2,5.63,1100
0.42704051733017,0.431039959192276,1.42650318145752,2.27974081039429,1.34808361530304,1.60871648788452,0.832987129688263,0.893681466579437,0.861722648143768,0.946427404880524,0.909608721733093,0.880487263202667,1.07743275165558,-18.916723099371,21.2165167190483,0,3652,529,331,541,305,510,361,551,365,560,407,10,8.13,1060
0.443043321371079,0.410905301570892,1.47198021411896,2.21241116523743,1.34003365039825,1.58605456352234,0,0.87740558385849,0.797517359256744,1.08067119121552,0.893131971359253,0.882398128509522,1.02958881855011,-50.9682104362541,51.4404096904979,0,3654,457,352,498,366,488,433,522,424,535,466,13.6,20.2,983
0.432031035423279,0.429531157016754,1.49871397018433,2.25331282615662,1.36098349094391,1.72112834453583,0.936279952526093,0.915422856807709,0.781399548053741,0.989288628101349,0.895652174949646,0.910050213336945,1.08753311634064,-17.7453856465079,19.8887227563915,0,3656,479,196,501,217,483,277,521,273,535,314,12,24.3,997
0.464452892541885,0.440829455852509,1.46147799491882,0.96724396944046,0.805489718914032,1.93704724311829,1.02422904968262,0.931818187236786,0.786640822887421,0.847657740116119,0.891096830368042,0.872489213943481,0.836683392524719,10.3761799897697,16.9664646951223,0,3658,394,240,451,305,431,357,462,244,459,235,1.99,19.9,894
0,0,0,0,0,0,0,0,0,0,0,0,0,21.6389245808341,23.9700526049612,0,3661,0,0,0,0,0,0,0,0,0,0,20.3,2.89,774
0.493903696537018,0.440365999937058,1.44158494472504,2.05435371398926,0.715189874172211,1.52077972888947,0.971199989318848,0.934850037097931,0.854614675045013,0.861490607261658,0.970698475837708,0.898654401302338,0.959437251091003,-4.62587074390243,17.1427134879403,0,3663,482,96.9,527,156,485,205,526,220,416,154,10.1,24.5,675
0.462420463562012,0.454503804445267,1.42107820510864,2.11725974082947,1.28283298015594,1.51023733615875,0.798742115497589,0.939929306507111,0.837717115879059,0.948336601257324,0.924114048480988,0.902207016944885,1.0713267326355,-4.67071444990224,4.67483854970134,0,3665,341,68.3,346,89.8,306,135,346,150,340,189,5.58,31.4,616
0.463963985443115,0.446153461933136,1.470747590065,1.9623087644577,1.23731029033661,1.61816394329071,0.899029135704041,0.907261252403259,0.839400410652161,0.92564594745636,0.905803024768829,0.898124277591705,1.06463193893433,9.30284092087183,19.9950520719991,0,3667,253,303,237,280,230,334,278,335,286,367,1.62,25,490
0.424493461847305,0.457875728607178,1.49038863182068,1.90629124641418,1.20554268360138,1.51557409763336,0.917134821414948,0.855333089828491,0.859989643096924,0.90625411272049,0.915124893188477,0.904962360858917,1.19203746318817,10.8137198354508,23.2029896814241,0,3669,321,336,322,371,285,416,331,432,318,471,4.3,16.5,388
0.444526880979538,0.444395214319229,1.53143417835236,1.98970854282379,1.22518193721771,1.48531007766724,0.870780169963837,0.909240901470184,0.780697047710419,0.908802509307861,0.91701465845108,0.881580710411072,1.15732371807098,7.11040101729944,27.7683796447249,0,3671,292,393,290,368,278,417,321,423,326,461,1.13,2.04,336
0.448470950126648,0.437516778707504,1.50423574447632,1.74156630039215,1.23060178756714,1.31374979019165,0.879900932312012,0.902510106563568,0.804843306541443,0.958754777908325,0.914485275745392,0.891564130783081,1.21126759052277,-19.1885800448286,25.0747897352595,0,3673,308,358,329,353,293,397,332,420,323,457,4.81,9.08,246
0.458855986595154,0.450874716043472,1.55993366241455,1.71659409999847,1.26025342941284,1.42972385883331,0.895650029182434,0.89384126663208,1.14375329017639,0.926108777523041,0.905698895454407,0.875014305114746,1.06054508686066,-21.5158708734005,26.7615776579727,0,3675,316,343,313,349,271,390,310,415,292,450,4.57,3.12,205
0,0,0,0,0,0,0,0,0,0,0,0,0,24.7989024756679,28.0595308962906,0,3677,0,0,0,0,0,0,0,0,0,0,8.62,9.62,179
0,0,0,0,0,0,0,0,0,0,0,0,0,7.89588451150033,10.2794723742652,0,3679,0,0,0,0,0,0,0,0,0,0,12.6,14,147
0,0,0,0,0,0,0,0,0,0,0,0,0,-11.5479363970185,26.8095407673014,0,3682,0,0,0,0,0,0,0,0,0,0,20.6,30.2,108
0,0,0,0,0,0,0,0,0,0,0,0,0,-73.9702300656979,74.7509576662045,0,3684,0,0,0,0,0,0,0,0,0,0,37.2,45.2,81.8
0,0,0,0,0,0,0,0,0,0,0,0,0,-57.173528983462,66.9820385791389,0,3686,0,0,0,0,0,0,0,0,0,0,50.3,66.7,52.2
0,0,0,0,0,0,0,0,0,0,0,0,0,-147.479858078143,150.098485642909,0,3688,0,0,0,0,0,0,0,0,0,0,81,107,32.2
0,0,0,0,0,0,0,0,0,0,0,0,0,-23.1837712654768,29.5756432888271,0,3690,0,0,0,0,0,0,0,0,0,0,63.9,122,102
0.432167738676071,0,1.78078675270081,1.58892345428467,0.499169081449509,1.21146404743195,1.10399997234344,0.864401757717133,0.853506505489349,0.858189940452576,0.897317588329315,0.887828826904297,1.09768211841583,-14.6047697723505,18.073338872549,0,3692,361,426,0,0,334,489,373,500,369,480,23.8,132,197
0.429056197404861,0.437728732824326,1.63584017753601,1.60927641391754,1.20993375778198,1.09457874298096,0.834165453910828,0.91845977306366,0.849196791648865,0.835245311260223,0.882318913936615,0.86560982465744,1.09516799449921,-8.07808020818003,28.4927114792904,0,3694,332,427,331,411,288,455,329,473,321,509,28.2,128,332
0,0,0,0,0,0,0,0,0,0,0,0,0,67.567014175131,119.962761820336,0,3696,0,0,0,0,0,0,0,0,0,0,13.9,72,462
0,0,0,0,0,0,0,0,0,0,0,0,0,-99.9478823937291,154.31321098289,0,3698,0,0,0,0,0,0,0,0,0,0,21.7,50.2,602
0,0,0,0,0,0,0,0,0,0,0,0,0,-60.3745841587616,69.2656231107704,0,3700,0,0,0,0,0,0,0,0,0,0,17.3,4.72,741
0,0,0,0,0,0,0,0,0,0,0,0,0,-93.9164033556408,95.3503095040892,0,3703,0,0,0,0,0,0,0,0,0,0,38.9,14,921
0,0,0,0,0,0,0,0,0,0,0,0,0,5.6420502282154,9.58596281922906,0,3705,0,0,0,0,0,0,0,0,0,0,38.6,18.2,991
0,0,0,0,0,0,0,0,0,0,0,0,0,-78.3131816943061,78.4075982183811,0,3707,0,0,0,0,0,0,0,0,0,0,88.5,90.4,1060
0,0,0,0,0,0,0,0,0,0,0,0,0,15.8860758891385,76.8080228818055,0,3709,0,0,0,0,0,0,0,0,0,0,89.3,128,1100
0,0,0,0,0,0,0,0,0,0,0,0,0,88.8731017466971,107.002711036414,0,3711,0,0,0,0,0,0,0,0,0,0,54.7,149,1100
0,0,0,0,0,0,0,0,0,0,0,0,0,10.589884127092,13.7593327707167,0,3713,0,0,0,0,0,0,0,0,0,0,89.2,211,1120
0,0,0,0,0,0,0,0,0,0,0,0,0,128.438744121754,231.271672491687,0,3715,0,0,0,0,0,0,0,0,0,0,19.7,132,1120
0,0,0,0,0,0,0,0,0,0,0,0,0,24.2566598768492,39.7380491958848,0,3717,0,0,0,0,0,0,0,0,0,0,21.9,108,1120
0,0,0,0,0,0,0,0,0,0,0,0,0,13.3180605890923,25.5573362618792,0,3719,0,0,0,0,0,0,0,0,0,0,34.2,67.8,1160
0,0,0,0,0,0,0,0,0,0,0,0,0,8.53910319089295,12.4209536860146,0,3721,0,0,0,0,0,0,0,0,0,0,13.1,18.2,1200
0,0,0,0,0,0,0,0,0,0,0,0,0,-13.6622785602595,61.5789255402151,0,3724,0,0,0,0,0,0,0,0,0,0,35.3,55.4,1250
0,0,0,0,0,0,0,0,0,0,0,0,0,60.1621071367015,136.77010777812,0,3726,0,0,0,0,0,0,0,0,0,0,22.3,48.1,1260
0,0,0,0,0,0,0,0,0,0,0,0,0,3.47101673883771,76.3543154277379,0,3728,0,0,0,0,0,0,0,0,0,0,32.1,73.4,1280
0,0,0,0,0,0,0,0,0,0,0,0,0,-3.97843231633184,20.318599142945,0,3730,0,0,0,0,0,0,0,0,0,0,66.7,73.1,1220
0.565537512302399,0.428191483020783,1.78429472446442,1.62618958950043,1.20772457122803,1.11740231513977,0.922138035297394,0,0.785377383232117,0.845939576625824,0.873753190040588,0.918553590774536,0,-62.4531749792016,109.39292713787,0,3732,365,477,329,468,324,528,366,512,379,556,2.84,72.9,1120
0,0,0,0,0,0,0,0,0,0,0,0,0,7.96837747856787,44.9972292504431,0,3734,0,0,0,0,0,0,0,0,0,0,45.1,45.1,1000
0,0,0,0,0,0,0,0,0,0,0,0,0,-38.6837621194479,58.7843870314987,0,3736,0,0,0,0,0,0,0,0,0,0,28.2,27.5,837
0,0,0,0,0,0,0,0,0,0,0,0,0,15.5030008426363,89.5290397288361,0,3738,0,0,0,0,0,0,0,0,0,0,58.5,65.9,639
0,0,0,0,0,0,0,0,0,0,0,0,0,13.8792763209809,78.0428599542637,0,3740,0,0,0,0,0,0,0,0,0,0,20.1,73.2,486
0,0,0,0,0,0,0,0,0,0,0,0,0,25.7482487017633,123.161653528429,0,3742,0,0,0,0,0,0,0,0,0,0,53.9,53.1,337
0,0,0,0,0,0,0,0,0,0,0,0,0,-23.2771304292931,42.8044428054806,0,3745,0,0,0,0,0,0,0,0,0,0,20,17.3,272
0,0,0,0,0,0,0,0,0,0,0,0,0,-11.342706280606,14.9613539301015,0,3747,0,0,0,0,0,0,0,0,0,0,48.2,21.3,292
0,0,0,0,0,0,0,0,0,0,0,0,0,-12.9783012167734,15.1029062881354,0,3749,0,0,0,0,0,0,0,0,0,0,13.3,11.5,277
0,0,0,0,0,0,0,0,0,0,0,0,0,-46.8619712499691,58.5492140486838,0,3751,0,0,0,0,0,0,0,0,0,0,5.71,28.4,238
0,0,0,0,0,0,0,0,0,0,0,0,0,93.3830178995763,180.371999178547,0,3753,0,0,0,0,0,0,0,0,0,0,9.98,25.4,217
0,0,0,0,0,0,0,0,0,0,0,0,0,-33.2030237266821,48.3564578940271,0,3755,0,0,0,0,0,0,0,0,0,0,14.7,21.1,160
0,0,0,0,0,0,0,0,0,0,0,0,0,-160.702864048257,245.993763594783,0,3757,0,0,0,0,0,0,0,0,0,0,29.4,25.9,111
0,0,0,0,0,0,0,0,0,0,0,0,0,32.2397556697886,46.5748630308958,0,3759,0,0,0,0,0,0,0,0,0,0,19.7,23.7,103
0,0,0,0,0,0,0,0,0,0,0,0,0,-79.1727858695691,156.910283841169,0,3761,0,0,0,0,0,0,0,0,0,0,19.7,24.3,142
0,0,0,0,0,0,0,0,0,0,0,0,0,-111.923303940617,230.72902692918,0,3763,0,0,0,0,0,0,0,0,0,0,34,41.1,125
0,0,0,0,0,0,0,0,0,0,0,0,0,39.8650320235934,41.2266597408862,0,3766,0,0,0,0,0,0,0,0,0,0,75.1,25.5,165
0,0,0,0,0,0,0,0,0,0,0,0,0,-38.4237238176684,46.4758883174769,1,3768,0,0,0,0,0,0,0,0,0,0,9.65,46.2,160
0,0,0,0,0,0,0,0,0,0,0,0,0,-2.0844527875479,12.5550889657473,1,3770,0,0,0,0,0,0,0,0,0,0,26.4,47,139
0,0,0,0,0,0,0,0,0,0,0,0,0,-25.9956369965218,30.9937490726715,1,3772,0,0,0,0,0,0,0,0,0,0,10.2,17.4,157
0,0,0,0,0,0,0,0,0,0,0,0,0,-78.9244909864947,90.5963559458648,1,3774,0,0,0,0,0,0,0,0,0,0,29.2,20.4,139
0,0,0,0,0,0,0,0,0,0,0,0,0,50.6811614620967,85.069598672037,1,3776,0,0,0,0,0,0,0,0,0,0,6.24,15.5,142
0,0,0,0,0,0,0,0,0,0,0,0,0,-52.290493476245,60.1714296569867,1,3778,0,0,0,0,0,0,0,0,0,0,46.2,78.6,163
0,0,0,0,0,0,0,0,0,0,0,0,0,-51.6859477526298,101.58250651685,1,3780,0,0,0,0,0,0,0,0,0,0,74.8,77.3,182
0,0,0,0,0,0,0,0,0,0,0,0,0,56.5622702156827,67.8290433308148,1,3782,0,0,0,0,0,0,0,0,0,0,8.57,59.4,183
0,0,0,0,0,0,0,0,0,0,0,0,0,-105.00103975638,126.306729670529,1,3784,0,0,0,0,0,0,0,0,0,0,35.5,84.4,227
0,0,0,0,0,0,0,0,0,0,0,0,0,30.0622460808038,46.1309398681614,1,3786,0,0,0,0,0,0,0,0,0,0,14.9,5.29,230
0.437116086483002,0.409479141235352,1.43849468231201,1.80139851570129,1.07650482654572,1.90902101993561,0,0.911171674728394,0.968426108360291,0.782055079936981,0.904624283313751,0.872769951820374,1.02470529079437,22.2304299467431,31.3400995329676,1,3789,294,266,364,301,422,304,408,258,439,241,15.5,4.72,286
0.487955540418625,0.428547143936157,1.42480039596558,1.75057351589203,1.20485353469849,1.64759266376495,0.980778694152832,0,0.794375538825989,0.815938055515289,0.904747843742371,0.88498729467392,1.0081387758255,-0.595687241888018,30.3912038717164,1,3791,161,339,113,354,164,382,164,339,200,341,8.81,11.1,311
0,0,0,0,0,0,0,0,0,0,0,0,0,-14.7651374242312,28.5760131221274,1,3793,0,0,0,0,0,0,0,0,0,0,19.2,30.9,411
0.479180455207825,0.392994523048401,1.45758414268494,1.70254623889923,1.25073289871216,1.95455038547516,0.925365746021271,0.94065123796463,0.813564479351044,0.799379825592041,0.863712847232819,0.865985333919525,1.0087548494339,-4.85117117215692,6.34259920214034,1,3795,306,340,284,362,337,392,337,346,380,353,22.1,15.2,423
0.497536897659302,0.405128568410873,1.45360767841339,1.67954075336456,1.21846973896027,2.21150588989258,0.93034964799881,0.941247701644897,0.832041680812836,0.785319328308106,0.881526112556458,0.869258463382721,1.05397474765778,1.7874909712864,5.65913290225133,1,3797,278,344,305,373,352,401,357,356,396,367,1.28,24.7,433
0.494482696056366,0.394920170307159,1.43381536006928,1.80761206150055,1.24905955791473,1.99487161636353,0.948218524456024,0.929633855819702,0.839674174785614,0.836130201816559,0.884989976882935,0.884848296642303,0,-1.19196057470257,1.70287895076954,1,3799,248,340,251,354,299,378,302,335,331,342,1.46,23.9,483
0.514108896255493,0.391445904970169,1.38928151130676,1.90394246578217,1.23336207866669,2.16964960098267,0.926165819168091,0.955378949642181,0.784323275089264,0.86108785867691,0.876216769218445,0.898547351360321,0,-14.7157721797945,32.2585763150595,1,3801,212,341,199,355,260,383,257,346,308,349,5.97,11.9,472
0.515258848667145,0.38321515917778,1.36356580257416,1.95760726928711,1.19303894042969,2.37581729888916,0.874197006225586,0.943548381328583,0.795100569725037,0.840920090675354,0.857195734977722,0.919401943683624,0,14.315544017017,27.4984051225554,1,3803,258,340,249,353,320,373,309,343,365,345,3.26,11.5,426
0.515040636062622,0.40359953045845,1.40702831745148,1.90944528579712,1.20428133010864,1.97747337818146,0.936181724071503,0.96426796913147,0.80399876832962,0.865953683853149,0.827612936496735,0.918816685676575,0.973273932933807,-12.4352436985545,30.1797557131727,1,3805,337,339,300,352,359,374,352,338,393,341,2.5,6.68,431
0.491879761219025,0.389038860797882,1.36578643321991,2.21643447875977,1.17814755439758,1.65081632137299,0.901756525039673,0.947069525718689,0.787871778011322,0.846291542053223,0.902361512184143,0.910218894481659,1.03096234798431,10.8805526672899,17.435821637114,1,3807,358,337,341,353,401,380,409,359,448,347,0.805,4.91,398
0.528699159622192,0.375591248273849,1.40029609203339,1.77342176437378,1.25216066837311,2.31973218917847,0.892672538757324,0.707474231719971,0.781102955341339,0.794484257698059,0.872202694416046,0.910775244235992,1.03314125537872,-41.9621279430445,60.9432919390751,1,3810,438,357,423,367,462,398,472,351,501,364,9.39,4.91,341
0.438647866249085,0.419871717691422,1.31895470619202,1.72331953048706,1.15877401828766,1.62581205368042,0.872715830802918,0.931983411312103,0.84449827671051,0.781979501247406,0.907087385654449,0.86812424659729,1.15096354484558,3.10043434785336,4.27275669905711,1,3812,592,327,547,345,595,369,600,325,621,333,12.8,15,265
0,0,0,0,0,0,0,0,0,0,0,0,0,-12.614442699311,23.8345021877648,1,3814,0,0,0,0,0,0,0,0,0,0,6.33,4.48,248
0.48604416847229,0.382067799568176,1.27153158187866,2.09247779846191,1.19051313400269,1.40955412387848,0,0,0,0.891104280948639,0.888506233692169,0.92574280500412,0,-8.23783629871594,12.8888546152681,1,3816,346,343,351,354,398,379,402,338,437,338,2.2,4.09,217
0.48294073343277,0.378276348114014,1.35820722579956,1.92451655864716,1.25490319728851,2.13831424713135,0.882086157798767,0.901856780052185,0.76843386888504,0.826193511486053,0.824679732322693,0.904098629951477,0.948289573192596,-9.81300293388442,14.184987688152,1,3818,339,344,356,352,401,373,404,329,442,330,3.28,3.91,159
0.500899732112885,0.421901315450668,1.25426876544952,1.81272733211517,1.19798624515533,2.01352715492249,1.2336311340332,0.908222615718842,1.15580177307129,0.851352870464325,0.861848592758179,0.890433549880981,0.986526966094971,33.3118902257078,47.9420489420074,1,3820,338,338,339,364,390,406,400,368,456,380,21.7,4.52,147
0.415442287921906,0.424490749835968,1.26323711872101,1.96115553379059,1.2661007642746,2.1404275894165,0.84994637966156,0.909584999084473,1.02798736095428,0.797957122325897,0.841074705123901,0.87419855594635,1.06294202804565,-42.6979478654585,95.4572911192468,1,3822,644,318,649,336,703,355,707,300,746,301,5.17,15.3,120
0,0,0,0,0,0,0,0,0,0,0,0,0,-7.03844038663154,10.1809910895839,1,3824,0,0,0,0,0,0,0,0,0,0,14.8,19.9,70.1
0.500399649143219,0.393434315919876,1.27448129653931,1.8815084695816,1.25864434242249,2.1239914894104,0.923673391342163,0.887966811656952,0.802212536334991,0.796930432319641,0.874312102794647,0.890155494213104,1.02628755569458,56.3437753168922,80.3563666971815,1,3826,186,334,202,367,244,396,255,352,291,363,21,20.9,25.8
0,0,0,0,0,0,0,0,0,0,0,0,0,62.0573355871112,64.2942345488186,0,3828,0,0,0,0,0,0,0,0,0,0,27.3,14.2,9.08
0,0,0,0,0,0,0,0,0,0,0,0,0,-112.888964155851,113.166123551737,0,3831,0,0,0,0,0,0,0,0,0,0,7.23,18.2,45.1
0,0,0,0,0,0,0,0,0,0,0,0,0,-56.4535222463832,78.7625471482978,0,3833,0,0,0,0,0,0,0,0,0,0,21.9,31.5,87.8
0,0,0,0,0,0,0,0,0,0,0,0,0,-165.109912675657,192.968274608065,0,3835,0,0,0,0,0,0,0,0,0,0,49.3,32.3,114
0,0,0,0,0,0,0,0,0,0,0,0,0,-13.738990407885,44.368027908979,0,3837,0,0,0,0,0,0,0,0,0,0,66.9,56.9,114
0,0,0,0,0,0,0,0,0,0,0,0,0,-33.8050636701701,270.206426368572,0,3839,0,0,0,0,0,0,0,0,0,0,108,121,118
0,0,0,0,0,0,0,0,0,0,0,0,0,92.1870505646642,168.97340165713,0,3841,0,0,0,0,0,0,0,0,0,0,43.4,68.4,164
0,0,0,0,0,0,0,0,0,0,0,0,0,62.268488467791,68.191011432443,0,3843,0,0,0,0,0,0,0,0,0,0,101,66.5,168
0,0,0,0,0,0,0,0,0,0,0,0,0,30.0558338453633,93.6730676396581,0,3845,0,0,0,0,0,0,0,0,0,0,62.8,69.6,210
0,0,0,0,0,0,0,0,0,0,0,0,0,-0.818915474141181,23.5599439584895,0,3847,0,0,0,0,0,0,0,0,0,0,15.2,81.2,267
0,0,0,0,0,0,0,0,0,0,0,0,0,-122.224555562912,171.317234116696,0,3849,0,0,0,0,0,0,0,0,0,0,46.7,76.8,347
0,0,0,0,0,0,0,0,0,0,0,0,0,79.3068762821386,87.4607475347443,0,3852,0,0,0,0,0,0,0,0,0,0,28.5,61.7,466
0,0,0,0,0,0,0,0,0,0,0,0,0,-54.030167438536,89.458052137332,0,3854,0,0,0,0,0,0,0,0,0,0,14.1,56.7,568
0,0,0,0,0,0,0,0,0,0,0,0,0,36.9446093141474,60.2076042979996,0,3856,0,0,0,0,0,0,0,0,0,0,26.2,8.6,614
0,0,0,0,0,0,0,0,0,0,0,0,0,24.2839004767509,36.908019186281,0,3858,0,0,0,0,0,0,0,0,0,0,61.6,18.2,667
0,0,0,0,0,0,0,0,0,0,0,0,0,26.8607653331302,48.399964534057,0,3860,0,0,0,0,0,0,0,0,0,0,20.8,50.7,703
0,0,0,0,0,0,0,0,0,0,0,0,0,4.57290313946258,18.4312568673616,0,3862,0,0,0,0,0,0,0,0,0,0,6.81,74,669
0,0,0,0,0,0,0,0,0,0,0,0,0,-7.39277859147671,30.2159883519679,0,3864,0,0,0,0,0,0,0,0,0,0,16.4,22.9,627
0.48337796330452,0.439708828926086,1.35016930103302,1.84881770610809,0,1.5303248167038,0,0,0,0.516602396965027,0.918767511844635,0,0,-0.259646934072114,18.5244190101032,0,3866,723,225,679,219,629,188,624,230,0,0,10.5,9.43,576
0.503399550914764,0.446668237447739,1.25859010219574,1.96149778366089,1.27787959575653,1.21164047718048,1.19361937046051,1.00454127788544,0.926463127136231,0.863647997379303,0.889379024505615,0.876911342144012,1.14627254009247,13.8742712947098,39.8719510796302,0,3868,711,237,681,228,633,196,627,241,580,231,7.32,15,454
0.507757604122162,0.423048079013824,1.28257143497467,1.98637783527374,1.31796276569366,1.28458893299103,0.897852182388306,1.03593003749847,0.828975379467011,0.859285712242126,0.888910055160522,0.894005060195923,1.11920273303986,10.8274426639824,29.047264194089,0,3870,514,240,507,236,456,210,457,255,417,253,1.09,12.4,343
0.547687530517578,0.421171963214874,1.25879633426666,1.98384642601013,1.28555679321289,1.32978665828705,0.886158287525177,0.964122653007507,0.808144271373749,0.952906966209412,0.879787504673004,0.910933136940002,1.07028365135193,-17.1958418547311,43.7947529465663,0,3873,554,241,548,236,478,218,487,253,431,257,7.17,7.06,184
0.540941298007965,0.382931679487228,1.29539251327515,2.15252208709717,1.2596538066864,1.27051520347595,0.885415136814117,1.01465201377869,0.756772518157959,0.907384097576141,0.881554841995239,0.934713125228882,1.10890674591064,0.969950514795856,5.17561351097636,0,3875,570,240,609,236,529,226,542,250,481,258,10.8,13.8,94.4
0.534692645072937,0.414586365222931,1.27843284606934,2.01881241798401,1.30505585670471,1.28124010562897,0.763709247112274,0.96370655298233,0.769049048423767,0.892087340354919,0.792140126228333,0.890989601612091,0,28.8845372304961,57.4965228095853,0,3877,464,254,532,237,476,222,485,257,443,266,26.2,17.2,11.8
0.52566134929657,0.460608065128326,1.18145906925201,1.7043377161026,0,1.18309855461121,0.957566440105438,0.946988821029663,0.923184335231781,0.82258415222168,0.877137780189514,0.897679209709168,0,-13.5224395813878,27.8304133116811,0,3879,297,273,217,241,180,216,161,261,0,0,33.6,23.7,81.5
0,0,0,0,0,0,0,0,0,0,0,0,0,-66.2606841469707,98.7204922145301,0,3881,0,0,0,0,0,0,0,0,0,0,51.4,6.59,107
0,0,0,0,0,0,0,0,0,0,0,0,0,-94.5742847716403,96.8190338947744,0,3883,0,0,0,0,0,0,0,0,0,0,95.6,31.3,146
0,0,0,0,0,0,0,0,0,0,0,0,0,-58.1323821505647,92.8615231287887,0,3885,0,0,0,0,0,0,0,0,0,0,58,72.2,151
0.519417881965637,0.504436671733856,1.24113631248474,1.68177354335785,1.27733433246613,1.10484445095062,0.948765873908997,0.94351464509964,0,0.861003994941711,0.931193292140961,0.915660083293915,0,18.9375702986968,34.6023575432077,0,3887,114,561,75.4,581,136,612,129,569,166,574,36.1,106,103
0,0,0,0,0,0,0,0,0,0,0,0,0,-49.3225173924177,58.6806895801002,0,3889,0,0,0,0,0,0,0,0,0,0,15,106,58.4
0,0,0,0,0,0,0,0,0,0,0,0,0,9.19090977173685,10.4428568017314,0,3891,0,0,0,0,0,0,0,0,0,0,24.2,76.9,22.8
0,0,0,0,0,0,0,0,0,0,0,0,0,-17.6283152812106,42.5367737184318,0,3894,0,0,0,0,0,0,0,0,0,0,31.6,48.7,147
0,0,0,0,0,0,0,0,0,0,0,0,0,-4.09541699548994,37.9202456152895,0,3896,0,0,0,0,0,0,0,0,0,0,37.8,17.4,251
0.497641235589981,0.47872394323349,1.23246228694916,1.77541565895081,1.22325479984283,1.22320365905762,0,0,0.817351579666138,0.879795372486115,1.01660585403442,0.892383873462677,0,-13.7096433112158,57.5889033878742,0,3898,168,94.7,208,117,210,181,247,156,262,198,8.18,36.7,350
0.558352589607239,0.452304542064667,1.23504340648651,1.79270017147064,1.2057580947876,1.09218454360962,0.874429225921631,0.967871487140656,0.868194818496704,0.858989179134369,0.903035819530487,0.900642812252045,0,7.13742474442888,60.6003050260023,0,3900,124,478,122,471,173,516,182,469,213,476,16.2,23.8,416
0.423476040363312,0.455725878477097,1.21200907230377,1.68302941322327,1.1645644903183,1.20328521728516,0,0.856544256210327,1.32980132102966,0.619467198848724,0.873476266860962,0.855047702789307,0,1.76870649924478,90.6222868088249,0,3902,345,133,333,207,380,243,394,200,431,229,8.24,29.5,519
0,0,0,0,0,0,0,0,0,0,0,0,0,1.02895347311708,11.0010550556183,0,3904,0,0,0,0,0,0,0,0,0,0,2.78,6.79,574
0,0,0,0,0,0,0,0,0,0,0,0,0,0.033871766975938,28.7779903223395,0,3906,0,0,0,0,0,0,0,0,0,0,12.6,7.4,608
0,0,0,0,0,0,0,0,0,0,0,0,0,-27.7464905052955,90.1937541549416,0,3908,0,0,0,0,0,0,0,0,0,0,5.77,5.28,620
0,0,0,0,0,0,0,0,0,0,0,0,0,-0.068915738812294,16.7742270580237,0,3910,0,0,0,0,0,0,0,0,0,0,19,20.9,601
0,0,0,0,0,0,0,0,0,0,0,0,0,-0.463051886824567,5.48002001792237,0,3912,0,0,0,0,0,0,0,0,0,0,4.13,6.8,554
0,0,0,0,0,0,0,0,0,0,0,0,0,-4.47977855217489,50.8096901226538,0,3914,0,0,0,0,0,0,0,0,0,0,10.1,6.88,492
0.444312036037445,0.46891376376152,1.20177662372589,1.85473990440369,1.21387732028961,1.04503440856934,0.915119349956512,0.898349583148956,0.785992205142975,0.855875611305237,0.8960280418396,0.875300586223602,1.10631966590881,-2.4774554244909,40.3257799545126,0,3917,206,283,181,285,229,322,241,277,277,289,4.99,2.5,372
0.444216370582581,0.465393304824829,1.20641136169434,1.75734257698059,1.24699413776398,1.17770910263062,0.983554720878601,0.906129717826843,0.861386120319366,0.861378371715546,0.899683833122253,0.886387825012207,0,1.50733122922701,22.6591045255878,0,3919,219,265,143,284,198,315,205,269,244,276,4.33,18.9,295
0.478499621152878,0.441861003637314,1.1875331401825,1.75419282913208,1.26107656955719,1.20410680770874,0.93512487411499,0.972875237464905,0.758082509040833,0.824032545089722,0.884133994579315,0.879031300544739,1.06734001636505,-1.89052573674625,14.896760822896,0,3921,268,268,277,280,318,307,328,262,365,269,23.1,26.3,227
0.449720174074173,0.43247452378273,1.23438453674316,1.87914657592773,1.31650948524475,1.08128452301025,0.924534618854523,0.919415473937988,0.790645897388458,0.833470940589905,0.89705103635788,0.87655907869339,1.13176333904266,1.49464880765833,25.0988293842474,0,3923,340,262,320,276,371,305,377,258,412,264,6.43,22.8,170
0.494372367858887,0.441055148839951,1.16370940208435,1.82845401763916,1.31025123596191,1.04751801490784,0.965179562568665,0,0.858044147491455,0.810549020767212,0.907223343849182,0.883464872837067,1.12254595756531,-3.29175340287006,69.3332012033909,0,3925,263,268,260,264,309,289,311,242,350,244,23.7,7.83,115
0,0,0,0,0,0,0,0,0,0,0,0,0,7.22401838208975,72.2800530853376,0,3927,0,0,0,0,0,0,0,0,0,0,26.6,9.94,85.3
0,0,0,0,0,0,0,0,0,0,0,0,0,42.7375662503549,98.5302677481542,0,3929,0,0,0,0,0,0,0,0,0,0,19.2,31,68.8
0,0,0,0,0,0,0,0,0,0,0,0,0,29.6932783615249,32.8028602450372,0,3931,0,0,0,0,0,0,0,0,0,0,31.3,48.6,47.2
0,0,0,0,0,0,0,0,0,0,0,0,0,-46.065932570378,62.6041055885544,0,3933,0,0,0,0,0,0,0,0,0,0,22.8,45.5,38.2
0,0,0,0,0,0,0,0,0,0,0,0,0,-6.32393272519176,7.72169148147657,0,3935,0,0,0,0,0,0,0,0,0,0,35.6,48.8,24.3
0,0,0,0,0,0,0,0,0,0,0,0,0,-41.3339928870783,45.2656829096667,0,3938,0,0,0,0,0,0,0,0,0,0,25.3,32.4,44.2
0,0,0,0,0,0,0,0,0,0,0,0,0,3.76331998546906,11.8306204531978,0,3940,0,0,0,0,0,0,0,0,0,0,32,43,75.4
0,0,0,0,0,0,0,0,0,0,0,0,0,23.6107108066856,172.029157824881,0,3942,0,0,0,0,0,0,0,0,0,0,43.5,45.8,103
0,0,0,0,0,0,0,0,0,0,0,0,0,-83.1300684489247,94.729040153074,0,3944,0,0,0,0,0,0,0,0,0,0,43.3,74.5,126
0,0,0,0,0,0,0,0,0,0,0,0,0,30.0256653556868,50.1727514544274,0,3946,0,0,0,0,0,0,0,0,0,0,78.9,52.1,160
0,0,0,0,0,0,0,0,0,0,0,0,0,55.9537367531412,222.331143404971,1,3948,0,0,0,0,0,0,0,0,0,0,68.2,77.7,161
0,0,0,0,0,0,0,0,0,0,0,0,0,19.5684458386996,38.1268723572393,1,3950,0,0,0,0,0,0,0,0,0,0,66.1,97.5,140
0,0,0,0,0,0,0,0,0,0,0,0,0,121.5043746036,131.934372712867,1,3952,0,0,0,0,0,0,0,0,0,0,78,36.8,154
0,0,0,0,0,0,0,0,0,0,0,0,0,-21.6604172609742,28.2523524451106,1,3954,0,0,0,0,0,0,0,0,0,0,84.6,17.6,189
0,0,0,0,0,0,0,0,0,0,0,0,0,33.8093216781846,74.4261370654363,1,3956,0,0,0,0,0,0,0,0,0,0,157,151,223
0,0,0,0,0,0,0,0,0,0,0,0,0,-81.2383836829073,82.968586670628,1,3959,0,0,0,0,0,0,0,0,0,0,46.6,236,250
0,0,0,0,0,0,0,0,0,0,0,0,0,7.69964516763304,11.5799657532513,1,3961,0,0,0,0,0,0,0,0,0,0,84.1,138,254
0,0,0,0,0,0,0,0,0,0,0,0,0,56.3018142055038,146.461591008754,1,3963,0,0,0,0,0,0,0,0,0,0,33.1,70.3,195
0,0,0,0,0,0,0,0,0,0,0,0,0,-1.98590808287081,21.4408917022114,1,3965,0,0,0,0,0,0,0,0,0,0,6.02,36.4,110
0,0,0,0,0,0,0,0,0,0,0,0,0,47.711567283063,74.481269944566,1,3967,0,0,0,0,0,0,0,0,0,0,10.3,43.8,92.4
0,0,0,0,0,0,0,0,0,0,0,0,0,33.9525201466172,62.1745901636214,1,3969,0,0,0,0,0,0,0,0,0,0,12.3,38.3,210
0,0,0,0,0,0,0,0,0,0,0,0,0,33.1942170591912,63.5166355563558,1,3971,0,0,0,0,0,0,0,0,0,0,9.29,4.52,380
0,0,0,0,0,0,0,0,0,0,0,0,0,151.162529633071,201.811999711454,1,3973,0,0,0,0,0,0,0,0,0,0,58.1,34.1,533
0,0,0,0,0,0,0,0,0,0,0,0,0,-0.051983602694299,10.138782752452,1,3975,0,0,0,0,0,0,0,0,0,0,41.8,44.3,640
0,0,0,0,0,0,0,0,0,0,0,0,0,10.2572954187375,11.3261785712884,1,3977,0,0,0,0,0,0,0,0,0,0,42,85.7,708
0,0,0,0,0,0,0,0,0,0,0,0,0,-340.18675149615,380.884739846479,1,3980,0,0,0,0,0,0,0,0,0,0,33.2,82.3,764
0,0,0,0,0,0,0,0,0,0,0,0,0,40.5074113335994,60.651469065585,1,3982,0,0,0,0,0,0,0,0,0,0,35.3,62,738
0,0,0,0,0,0,0,0,0,0,0,0,0,53.7594755476555,71.7791955805685,1,3984,0,0,0,0,0,0,0,0,0,0,58.7,40.9,740
0,0,0,0,0,0,0,0,0,0,0,0,0,-95.5919041517668,95.8477978932089,1,3986,0,0,0,0,0,0,0,0,0,0,50.1,43.2,707
0,0,0,0,0,0,0,0,0,0,0,0,0,-37.0381770178216,52.073467787945,1,3988,0,0,0,0,0,0,0,0,0,0,32.7,78,694
0,0,0,0,0,0,0,0,0,0,0,0,0,-1.36427279166547,7.5223354180215,1,3990,0,0,0,0,0,0,0,0,0,0,78.5,111,717
0,0,0,0,0,0,0,0,0,0,0,0,0,148.718163397011,148.934730395126,1,3992,0,0,0,0,0,0,0,0,0,0,77.8,143,751
0,0,0,0,0,0,0,0,0,0,0,0,0,15.2233386766338,30.4741844471738,1,3994,0,0,0,0,0,0,0,0,0,0,40.3,114,796
0,0,0,0,0,0,0,0,0,0,0,0,0,-63.1829441868252,103.891532165447,1,3996,0,0,0,0,0,0,0,0,0,0,26.1,94.8,858
0,0,0,0,0,0,0,0,0,0,0,0,0,26.0791951411634,100.270270277754,1,3998,0,0,0,0,0,0,0,0,0,0,62.1,88.1,980
0,0,0,0,0,0,0,0,0,0,0,0,0,-55.6942459483799,172.51511984594,1,4001,0,0,0,0,0,0,0,0,0,0,59,85.6,1120
0,0,0,0,0,0,0,0,0,0,0,0,0,-198.461204340383,294.683603533757,1,4003,0,0,0,0,0,0,0,0,0,0,33.3,68.3,1150
0,0,0,0,0,0,0,0,0,0,0,0,0,-78.4540134512919,82.7585583607989,1,4005,0,0,0,0,0,0,0,0,0,0,105,98.9,1220
0,0,0,0,0,0,0,0,0,0,0,0,0,-4.0733780785814,137.494490369241,1,4007,0,0,0,0,0,0,0,0,0,0,67.8,119,1270
0,0,0,0,0,0,0,0,0,0,0,0,0,8.24572202631478,39.3631668047252,0,4009,0,0,0,0,0,0,0,0,0,0,32.8,138,1220
0,0,0,0,0,0,0,0,0,0,0,0,0,-94.6323504458089,145.717540213622,0,4011,0,0,0,0,0,0,0,0,0,0,54.4,100,1190
0,0,0,0,0,0,0,0,0,0,0,0,0,-94.4722644992676,109.254833098534,0,4013,0,0,0,0,0,0,0,0,0,0,32.8,52.3,1170
0,0,0,0,0,0,0,0,0,0,0,0,0,41.9020758389076,60.4338541005306,0,4015,0,0,0,0,0,0,0,0,0,0,5.9,46.1,1080
0,0,0,0,0,0,0,0,0,0,0,0,0,-56.5505901333125,86.4247116418469,0,4017,0,0,0,0,0,0,0,0,0,0,12,62.2,992
0,0,0,0,0,0,0,0,0,0,0,0,0,-78.5740959096569,154.115039334078,0,4019,0,0,0,0,0,0,0,0,0,0,22.7,3.35,957
0,0,0,0,0,0,0,0,0,0,0,0,0,7.61316663755138,20.4707815495066,0,4022,0,0,0,0,0,0,0,0,0,0,42,13.4,834
0.517882108688355,0.42068549990654,1.25488007068634,2.2303147315979,1.51537251472473,1.90944910049438,0.864224135875702,1.02308034896851,0.812636733055115,0.848536312580109,0.898270606994629,0.929820358753204,0.832061052322388,8.72074673732533,14.379931286712,0,4024,310,481,223,477,274,513,271,473,313,482,6.47,45.3,744
0.456056207418442,0.422182887792587,1.14739096164703,1.78383874893188,1.09540116786957,1.84975266456604,0.906947910785675,0,0.832098782062531,0.768484055995941,1.07438015937805,0.911100089550018,0.866927564144135,1.80473854354497,3.0226752919927,0,4026,398,466,416,516,454,535,479,510,510,510,3.89,38.6,673
0.433048516511917,0.403763502836227,1.18484318256378,2.04446315765381,1.4348521232605,1.83515584468842,0.978652000427246,0.893816471099854,0.795597493648529,0.82555365562439,0.879248321056366,0.892024576663971,1.0707426071167,-10.6884437681781,15.7278591816745,0,4028,466,512,463,512,508,543,521,493,558,497,4.48,12.7,624
0.48006609082222,0.407889783382416,1.19803321361542,2.21133637428284,1.46195447444916,1.95175635814667,0.91797012090683,1.11346483230591,0.850737810134888,0.842932164669037,0.877800703048706,0.913850665092468,1.05087208747864,-2.48470925250752,3.4605912234886,0,4030,322,472,292,482,339,518,344,479,385,495,5.97,19.9,553
0.512865483760834,0.412601500749588,1.22290563583374,2.17238354682922,1.50792479515076,1.98552966117859,0.90198290348053,0.981209874153137,0.84764289855957,0.837007761001587,0.868377923965454,0.925774455070496,1.02498817443848,45.3375010651503,62.3992676627765,0,4032,331,479,297,484,340,519,346,477,382,485,19,9.23,522
0,0,0,0,0,0,0,0,0,0,0,0,0,-2.31967498551213,8.01008139228024,0,4034,0,0,0,0,0,0,0,0,0,0,18.5,10.1,479
0,0,0,0,0,0,0,0,0,0,0,0,0,-5.07939811292004,12.9865039022863,0,4036,0,0,0,0,0,0,0,0,0,0,12.5,13.7,440
0,0,0,0,0,0,0,0,0,0,0,0,0,14.091124433497,20.0458009450163,0,4038,0,0,0,0,0,0,0,0,0,0,17.6,8.18,438
0.427000731229782,0.405176907777786,1.1791387796402,2.09909677505493,1.46637344360352,1.72983777523041,0.887434542179108,0.843638241291046,0,0.803105652332306,0,0.90865683555603,0.87180757522583,-6.50222438211596,20.2559207691199,0,4040,584,209,555,193,516,234,555,251,535,286,1.75,8.35,386
0,0,0,0,0,0,0,0,0,0,0,0,0,-7.2703940291596,7.83228707069387,0,4043,0,0,0,0,0,0,0,0,0,0,6.56,5,324
0.45979630947113,0.427443742752075,1.23525404930115,1.87445855140686,0,1.57184016704559,0,0.910430192947388,0,0.742388308048248,0,0.881525218486786,0,-17.4051316310574,26.3110357581807,0,4045,536,442,578,450,628,470,630,424,0,0,10.8,1.77,269
0,0,0,0,0,0,0,0,0,0,0,0,0,13.8622693263709,23.0760524524092,0,4047,0,0,0,0,0,0,0,0,0,0,8.7,0.783,241
0,0,0,0,0,0,0,0,0,0,0,0,0,30.0502589586738,41.6492971653418,0,4049,0,0,0,0,0,0,0,0,0,0,10,1.67,184
0,0,0,0,0,0,0,0,0,0,0,0,0,30.7484537454668,51.0715820896321,0,4051,0,0,0,0,0,0,0,0,0,0,22.6,7.37,129
0,0,0,0,0,0,0,0,0,0,0,0,0,-5.87829105000901,6.11620592753586,0,4053,0,0,0,0,0,0,0,0,0,0,11.7,17.6,101
0,0,0,0,0,0,0,0,0,0,0,0,0,-35.7820074322089,46.4571112101758,0,4055,0,0,0,0,0,0,0,0,0,0,25.8,15.3,71.8
0,0,0,0,0,0,0,0,0,0,0,0,0,14.2183921518891,58.4545792175329,0,4057,0,0,0,0,0,0,0,0,0,0,75.8,36.7,50.3
0,0,0,0,0,0,0,0,0,0,0,0,0,-116.57005463315,165.500386668227,0,4059,0,0,0,0,0,0,0,0,0,0,53,58.9,55.5
0,0,0,0,0,0,0,0,0,0,0,0,0,1.21108539903621,15.2256930834786,0,4061,0,0,0,0,0,0,0,0,0,0,50.2,75.7,64.9
0,0,0,0,0,0,0,0,0,0,0,0,0,-61.8870197116642,119.543295645619,0,4063,0,0,0,0,0,0,0,0,0,0,28.4,85.6,87.9
0,0,0,0,0,0,0,0,0,0,0,0,0,74.6675069301953,130.911670447279,0,4066,0,0,0,0,0,0,0,0,0,0,57,59.8,150
0,0,0,0,0,0,0,0,0,0,0,0,0,103.502960856234,121.050317594178,0,4068,0,0,0,0,0,0,0,0,0,0,74.5,43,195
0,0,0,0,0,0,0,0,0,0,0,0,0,27.6500757521484,42.4636583421464,0,4070,0,0,0,0,0,0,0,0,0,0,40.7,78.9,249
0,0,0,0,0,0,0,0,0,0,0,0,0,-57.7050546835793,70.9891797373449,0,4072,0,0,0,0,0,0,0,0,0,0,12.8,77.8,299
0,0,0,0,0,0,0,0,0,0,0,0,0,5.33571494161249,62.0610327745554,0,4074,0,0,0,0,0,0,0,0,0,0,27.6,52.4,326
0,0,0,0,0,0,0,0,0,0,0,0,0,-39.2731595093125,60.7434292917627,0,4076,0,0,0,0,0,0,0,0,0,0,22.6,10.8,328
0,0,0,0,0,0,0,0,0,0,0,0,0,-5.61031313799508,8.27256982049882,0,4078,0,0,0,0,0,0,0,0,0,0,32.9,41.4,341
0,0,0,0,0,0,0,0,0,0,0,0,0,25.9717397811809,36.3055416810845,0,4080,0,0,0,0,0,0,0,0,0,0,23.4,59.8,319
0,0,0,0,0,0,0,0,0,0,0,0,0,-89.0061147698751,108.959363066598,0,4082,0,0,0,0,0,0,0,0,0,0,56.4,87.9,300
0,0,0,0,0,0,0,0,0,0,0,0,0,-1.78589017290486,56.7524020182981,0,4084,0,0,0,0,0,0,0,0,0,0,30.1,68.4,264
0,0,0,0,0,0,0,0,0,0,0,0,0,13.9320075950656,30.8465084717051,0,4087,0,0,0,0,0,0,0,0,0,0,18.5,63.9,235
0,0,0,0,0,0,0,0,0,0,0,0,0,40.9874458619216,55.2577340686574,0,4089,0,0,0,0,0,0,0,0,0,0,53.8,38.3,208
0,0,0,0,0,0,0,0,0,0,0,0,0,22.3219915518476,30.451798611879,0,4091,0,0,0,0,0,0,0,0,0,0,16,44.7,237
0.457043677568436,0.465261846780777,1.15815258026123,0.783049285411835,0,0.9297234416008,0.906103312969208,0.876800000667572,0.747300624847412,0.78036642074585,0.905072808265686,0.861576974391937,0.857096672058106,31.0320292770321,56.4297887949886,0,4093,245,550,222,476,258,435,211,440,0,0,18.2,9.9,249
0,0,0,0,0,0,0,0,0,0,0,0,0,23.626212861837,37.7531716171466,0,4095,0,0,0,0,0,0,0,0,0,0,54.3,29.2,285
0,0,0,0,0,0,0,0,0,0,0,0,0,19.1179304651735,32.7492896939153,0,4097,0,0,0,0,0,0,0,0,0,0,13.7,28.9,345
0,0,0,0,0,0,0,0,0,0,0,0,0,3.74188481317686,9.25971475868198,0,4099,0,0,0,0,0,0,0,0,0,0,25.6,38.6,398
0,0,0,0,0,0,0,0,0,0,0,0,0,-1.49578123610368,12.7636550026438,0,4101,0,0,0,0,0,0,0,0,0,0,12.1,15,416
0,0,0,0,0,0,0,0,0,0,0,0,0,8.92682037874044,24.7478718679083,0,4103,0,0,0,0,0,0,0,0,0,0,2.11,15,417
0,0,0,0,0,0,0,0,0,0,0,0,0,-0.381920020575004,2.67686815332033,0,4105,0,0,0,0,0,0,0,0,0,0,3.49,20.5,418
0,0,0,0,0,0,0,0,0,0,0,0,0,-0.639012445710062,7.98666632442213,0,4108,0,0,0,0,0,0,0,0,0,0,8.13,12.7,350
0,0,0,0,0,0,0,0,0,0,0,0,0,3.6398531003262,9.40045737942316,0,4110,0,0,0,0,0,0,0,0,0,0,25.9,15,268
0,0,0,0,0,0,0,0,0,0,0,0,0,-5.52989896368564,45.4050532772604,0,4112,0,0,0,0,0,0,0,0,0,0,52.1,22.3,195
0,0,0,0,0,0,0,0,0,0,0,0,0,-116.136277214647,190.570829939121,0,4114,0,0,0,0,0,0,0,0,0,0,60.7,32.2,124
0,0,0,0,0,0,0,0,0,0,0,0,0,27.014225948759,78.1752441506803,0,4116,0,0,0,0,0,0,0,0,0,0,13.2,60.3,70.7
0,0,0,0,0,0,0,0,0,0,0,0,0,-36.500925514202,70.3158500250114,0,4118,0,0,0,0,0,0,0,0,0,0,58.6,28.6,45.2
0,0,0,0,0,0,0,0,0,0,0,0,0,-117.891266662573,134.799030743739,0,4120,0,0,0,0,0,0,0,0,0,0,99.3,68.5,31.5
0.481724262237549,0.42765399813652,1.22897553443909,1.61347472667694,1.48294031620026,0.942094266414642,0,0.722972989082336,0,0.711111128330231,0,0.872400164604187,0.844221115112305,8.81240763668427,11.0047843440758,0,4122,364,576,310,598,379,618,362,576,398,574,42.5,93,72.1
0,0,0,0,0,0,0,0,0,0,0,0,0,-12.1386766222713,13.7298645495567,0,4124,0,0,0,0,0,0,0,0,0,0,9.9,140,41.1
0,0,0,0,0,0,0,0,0,0,0,0,0,18.4774127995142,37.4985805904715,0,4126,0,0,0,0,0,0,0,0,0,0,16.7,92.8,37.2
0,0,0,0,0,0,0,0,0,0,0,0,0,112.764284197854,142.142223760717,1,4129,0,0,0,0,0,0,0,0,0,0,36.1,22,92.7
0,0,0,0,0,0,0,0,0,0,0,0,0,-30.9620317571808,119.348789916449,1,4131,0,0,0,0,0,0,0,0,0,0,53.1,31.6,190
0,0,0,0,0,0,0,0,0,0,0,0,0,106.838682699592,111.949980901445,1,4133,0,0,0,0,0,0,0,0,0,0,4.05,30.2,254
0,0,0,0,0,0,0,0,0,0,0,0,0,71.1839344507418,97.8164094739851,1,4135,0,0,0,0,0,0,0,0,0,0,84.7,36.2,350
0,0,0,0,0,0,0,0,0,0,0,0,0,104.22812525108,154.150895053742,1,4137,0,0,0,0,0,0,0,0,0,0,49.2,44.5,410
0,0,0,0,0,0,0,0,0,0,0,0,0,8.21604146314704,19.1967708651915,1,4139,0,0,0,0,0,0,0,0,0,0,52.7,129,428
0,0,0,0,0,0,0,0,0,0,0,0,0,92.2839028685783,96.0219764781759,1,4141,0,0,0,0,0,0,0,0,0,0,90.3,144,408
0,0,0,0,0,0,0,0,0,0,0,0,0,112.675841785961,132.359657000761,1,4143,0,0,0,0,0,0,0,0,0,0,78.3,156,358
0,0,0,0,0,0,0,0,0,0,0,0,0,55.7114732589301,57.527538800866,1,4145,0,0,0,0,0,0,0,0,0,0,27.1,146,248
0,0,0,0,0,0,0,0,0,0,0,0,0,-48.0691285693117,66.593207169662,1,4147,0,0,0,0,0,0,0,0,0,0,3.94,111,95.7
0,0,0,0,0,0,0,0,0,0,0,0,0,32.8514949827793,122.64325391985,1,4150,0,0,0,0,0,0,0,0,0,0,25,66.5,280
0,0,0,0,0,0,0,0,0,0,0,0,0,24.6466406277525,55.2537993429285,1,4152,0,0,0,0,0,0,0,0,0,0,24,43.9,486
0,0,0,0,0,0,0,0,0,0,0,0,0,55.5511273568258,86.6012998334336,1,4154,0,0,0,0,0,0,0,0,0,0,11.7,27.4,708
0,0,0,0,0,0,0,0,0,0,0,0,0,-48.2799248169798,58.8939979766008,1,4156,0,0,0,0,0,0,0,0,0,0,13.8,21.3,933
0,0,0,0,0,0,0,0,0,0,0,0,0,143.3554393504,220.704836176956,1,4158,0,0,0,0,0,0,0,0,0,0,10.3,22.9,1050
0,0,0,0,0,0,0,0,0,0,0,0,0,31.9833663767177,36.3381618885339,1,4160,0,0,0,0,0,0,0,0,0,0,9.3,7.92,1160
0,0,0,0,0,0,0,0,0,0,0,0,0,-2.00999382772973,19.2844095674512,1,4162,0,0,0,0,0,0,0,0,0,0,10.1,9.16,1190
0,0,0,0,0,0,0,0,0,0,0,0,0,178.921160130457,181.220142949387,1,4164,0,0,0,0,0,0,0,0,0,0,24,21.9,1170
0,0,0,0,0,0,0,0,0,0,0,0,0,13.3566344242434,23.3807727550142,1,4166,0,0,0,0,0,0,0,0,0,0,42.8,23.6,1100
0,0,0,0,0,0,0,0,0,0,0,0,0,12.8302208405953,29.0986685221976,1,4168,0,0,0,0,0,0,0,0,0,0,26.1,58.2,1020
0,0,0,0,0,0,0,0,0,0,0,0,0,-200.150920420974,201.106055760278,1,4171,0,0,0,0,0,0,0,0,0,0,7.4,52.6,842
0,0,0,0,0,0,0,0,0,0,0,0,0,-51.6579263092557,62.7627576805303,1,4173,0,0,0,0,0,0,0,0,0,0,77.3,26.5,733
0,0,0,0,0,0,0,0,0,0,0,0,0,324.209119155274,349.001908049273,1,4175,0,0,0,0,0,0,0,0,0,0,17.4,0.523,630
0,0,0,0,0,0,0,0,0,0,0,0,0,30.2275524961675,44.2370971074529,1,4177,0,0,0,0,0,0,0,0,0,0,126,26.8,550
0,0,0,0,0,0,0,0,0,0,0,0,0,49.4772749052592,83.2711756144851,1,4179,0,0,0,0,0,0,0,0,0,0,61.4,72.7,514
0,0,0,0,0,0,0,0,0,0,0,0,0,83.882308696612,106.629611432361,1,4181,0,0,0,0,0,0,0,0,0,0,63.8,122,486
0,0,0,0,0,0,0,0,0,0,0,0,0,32.1925389828355,48.9159880875134,1,4183,0,0,0,0,0,0,0,0,0,0,88.2,143,490
0,0,0,0,0,0,0,0,0,0,0,0,0,-119.184662696409,162.723129474263,1,4185,0,0,0,0,0,0,0,0,0,0,14.5,168,553
0,0,0,0,0,0,0,0,0,0,0,0,0,156.521706018397,281.575056504051,0,4187,0,0,0,0,0,0,0,0,0,0,46,145,611
0,0,0,0,0,0,0,0,0,0,0,0,0,-14.6708074673244,23.6545114772589,0,4189,0,0,0,0,0,0,0,0,0,0,99.9,91,643
0,0,0,0,0,0,0,0,0,0,0,0,0,38.5091278453846,92.666147435324,0,4191,0,0,0,0,0,0,0,0,0,0,27.3,140,800
0,0,0,0,0,0,0,0,0,0,0,0,0,-67.5066056777178,145.682625115909,0,4194,0,0,0,0,0,0,0,0,0,0,57.8,146,986
0,0,0,0,0,0,0,0,0,0,0,0,0,-21.1933938992076,37.9951140546159,0,4196,0,0,0,0,0,0,0,0,0,0,31.1,149,1180
0,0,0,0,0,0,0,0,0,0,0,0,0,-26.3488177691232,122.323565949643,0,4198,0,0,0,0,0,0,0,0,0,0,26.6,95.3,1300
0,0,0,0,0,0,0,0,0,0,0,0,0,45.2594712070591,146.809521553779,0,4200,0,0,0,0,0,0,0,0,0,0,40.4,61.9,1440
0,0,0,0,0,0,0,0,0,0,0,0,0,3.3040442294427,76.909068166884,0,4202,0,0,0,0,0,0,0,0,0,0,72.8,74.8,1620
0,0,0,0,0,0,0,0,0,0,0,0,0,-51.0825313016746,98.2630626051392,0,4204,0,0,0,0,0,0,0,0,0,0,20.5,38.7,1650
0,0,0,0,0,0,0,0,0,0,0,0,0,7.57070391154936,21.178424633198,0,4206,0,0,0,0,0,0,0,0,0,0,27.2,56.8,1710
0,0,0,0,0,0,0,0,0,0,0,0,0,303.726177453392,320.195771812006,0,4208,0,0,0,0,0,0,0,0,0,0,28.7,43.1,1750
0,0,0,0,0,0,0,0,0,0,0,0,0,-30.7879884746758,59.4972338939046,0,4210,0,0,0,0,0,0,0,0,0,0,34.5,15.5,1670
0,0,0,0,0,0,0,0,0,0,0,0,0,-1.31912109734834,13.7996034652357,0,4212,0,0,0,0,0,0,0,0,0,0,25.4,47.1,1590
0,0,0,0,0,0,0,0,0,0,0,0,0,-8.66450560684747,47.5448993518949,0,4215,0,0,0,0,0,0,0,0,0,0,14.3,50.9,1380
0,0,0,0,0,0,0,0,0,0,0,0,0,7.88772696393044,13.2134698896797,0,4217,0,0,0,0,0,0,0,0,0,0,31.6,45.8,1280
0,0,0,0,0,0,0,0,0,0,0,0,0,25.9357270279452,41.1955016617802,0,4219,0,0,0,0,0,0,0,0,0,0,62.8,54,1070
0,0,0,0,0,0,0,0,0,0,0,0,0,28.0717359391431,36.4619374198954,0,4221,0,0,0,0,0,0,0,0,0,0,51.9,77.2,898
0,0,0,0,0,0,0,0,0,0,0,0,0,-40.1286533653237,121.197781679358,0,4223,0,0,0,0,0,0,0,0,0,0,34.1,68.1,808
0.440019696950913,0.491095393896103,1.21306610107422,1.51915395259857,1.42986834049225,1.55325257778168,0.850393712520599,0,0.923233687877655,0.878041207790375,0,0.911629498004913,0,-12.2102522131502,15.2814357106075,0,4225,217,237,190,235,147,271,189,291,168,327,84.3,28.5,654
0.452707022428513,0.457696527242661,1.23630881309509,1.80187058448792,1.51734220981598,1.1543173789978,0.888115108013153,0.943952202796936,0.779801309108734,0.888298749923706,0.908019840717316,0.928086340427399,1.13258755207062,-26.4889680669382,44.1935833385567,0,4227,225,143,226,142,178,178,221,192,209,230,62.7,66.9,554
0,0,0,0,0,0,0,0,0,0,0,0,0,20.4862092348314,32.566138453431,0,4229,0,0,0,0,0,0,0,0,0,0,17.4,77.4,519
0,0,0,0,0,0,0,0,0,0,0,0,0,-33.4563690220891,44.3246888252112,0,4231,0,0,0,0,0,0,0,0,0,0,20.9,100,445
0.498916238546371,0.429557681083679,1.205482006073,1.69882106781006,1.46053194999695,1.42527294158936,0,0,0,0.672956347465515,0,0.940268993377686,0,-22.375333960852,29.0617660177298,0,4233,427,264,396,261,347,269,369,310,334,335,12.7,66.4,391
0,0,0,0,0,0,0,0,0,0,0,0,0,-23.4183685660183,29.6540197200902,0,4236,0,0,0,0,0,0,0,0,0,0,19.7,19.5,314
0,0,0,0,0,0,0,0,0,0,0,0,0,-21.6670403557047,50.8870695187786,0,4238,0,0,0,0,0,0,0,0,0,0,6.23,15.1,289
0,0,0,0,0,0,0,0,0,0,0,0,0,-44.229956758938,73.2352177072641,0,4240,0,0,0,0,0,0,0,0,0,0,41.8,47.3,204
0,0,0,0,0,0,0,0,0,0,0,0,0,-27.2826601196709,39.4497542672552,0,4242,0,0,0,0,0,0,0,0,0,0,70.4,56.2,191
0,0,0,0,0,0,0,0,0,0,0,0,0,-7.85479763886881,9.26442433818608,0,4244,0,0,0,0,0,0,0,0,0,0,13.6,67.1,221
0,0,0,0,0,0,0,0,0,0,0,0,0,50.7507736952357,84.5725159147991,0,4246,0,0,0,0,0,0,0,0,0,0,34.1,56.1,312
0,0,0,0,0,0,0,0,0,0,0,0,0,-27.7195109222223,41.4521569165278,0,4248,0,0,0,0,0,0,0,0,0,0,39.1,6.88,408
0,0,0,0,0,0,0,0,0,0,0,0,0,63.5816057033742,126.708178693112,0,4250,0,0,0,0,0,0,0,0,0,0,15,19.8,472
0,0,0,0,0,0,0,0,0,0,0,0,0,-18.5016874965463,26.2451849627283,0,4252,0,0,0,0,0,0,0,0,0,0,49.7,36.6,528
0,0,0,0,0,0,0,0,0,0,0,0,0,-39.7031126686249,99.5447037845775,0,4254,0,0,0,0,0,0,0,0,0,0,19.8,14.3,578
0,0,0,0,0,0,0,0,0,0,0,0,0,7.06715916325376,18.5790169894542,0,4257,0,0,0,0,0,0,0,0,0,0,15.7,33.7,565
0,0,0,0,0,0,0,0,0,0,0,0,0,18.5358846896183,64.2251704781915,0,4259,0,0,0,0,0,0,0,0,0,0,10.8,41.8,525
0,0,0,0,0,0,0,0,0,0,0,0,0,-40.3178503757816,67.0326815403492,0,4261,0,0,0,0,0,0,0,0,0,0,31.4,22.7,452
0,0,0,0,0,0,0,0,0,0,0,0,0,19.7240584228693,38.991318817635,0,4263,0,0,0,0,0,0,0,0,0,0,29.2,46.7,405
0,0,0,0,0,0,0,0,0,0,0,0,0,-33.6107607178028,62.4842340169266,0,4265,0,0,0,0,0,0,0,0,0,0,12.8,48.7,319
0,0,0,0,0,0,0,0,0,0,0,0,0,-13.5440276265442,161.815354804078,0,4267,0,0,0,0,0,0,0,0,0,0,76.5,21.1,249
0,0,0,0,0,0,0,0,0,0,0,0,0,-3.12958908652004,52.4620725290515,0,4269,0,0,0,0,0,0,0,0,0,0,89,43,219
0,0,0,0,0,0,0,0,0,0,0,0,0,133.539539601789,135.339540516336,0,4271,0,0,0,0,0,0,0,0,0,0,35.9,66.1,164
0,0,0,0,0,0,0,0,0,0,0,0,0,94.2056822924303,123.659677801967,0,4273,0,0,0,0,0,0,0,0,0,0,106,39.2,146
0,0,0,0,0,0,0,0,0,0,0,0,0,46.960479458581,92.9246069650928,0,4275,0,0,0,0,0,0,0,0,0,0,59.1,27.2,165
0,0,0,0,0,0,0,0,0,0,0,0,0,75.6346185453647,136.723246643302,0,4278,0,0,0,0,0,0,0,0,0,0,110,169,161
0,0,0,0,0,0,0,0,0,0,0,0,0,-61.688928059982,108.023990737959,0,4280,0,0,0,0,0,0,0,0,0,0,36.6,143,166
0,0,0,0,0,0,0,0,0,0,0,0,0,48.7031655199351,61.1688807501368,0,4282,0,0,0,0,0,0,0,0,0,0,28.9,134,187
0.437504291534424,0.438435941934586,1.22628450393677,1.87637114524841,1.39701151847839,1.05145788192749,0.832134306430817,0.853203892707825,0.881776869297028,0.845543265342712,0.828125,0.887591421604157,0.984561383724213,23.9499371838589,54.1406379465517,0,4284,584,508,592,529,577,597,621,590,627,626,40.3,74.6,215
0,0,0,0,0,0,0,0,0,0,0,0,0,0.771676252546959,18.7789454441141,0,4286,0,0,0,0,0,0,0,0,0,0,28.1,52.2,291
0,0,0,0,0,0,0,0,0,0,0,0,0,-40.139618709268,46.5571869952158,0,4288,0,0,0,0,0,0,0,0,0,0,16.6,43.6,396
0,0,0,0,0,0,0,0,0,0,0,0,0,55.0671203736119,62.4507132245263,0,4290,0,0,0,0,0,0,0,0,0,0,14.2,25.5,490
0.486652940511704,0.418530076742172,1.20470476150513,1.8820481300354,1.48062121868134,1.01097750663757,0,0.817339539527893,0.917357802391052,0.827741503715515,0.874634623527527,0.890109300613403,1.0137711763382,-35.8073290829503,42.9710122667232,0,4292,645,542,610,580,561,626,605,642,589,672,43.4,42.3,626
0.48723566532135,0.403980106115341,1.09604644775391,1.84169137477875,1.49452829360962,1.06539392471313,0,0,0.702348709106445,0.812454402446747,0,0.873598992824554,0,-14.4373046258117,15.7882439475538,0,4294,781,358,751,329,695,345,711,377,673,403,20.2,21.7,739
0,0,0,0,0,0,0,0,0,0,0,0,0,76.3863566482426,106.965439193162,0,4296,0,0,0,0,0,0,0,0,0,0,23.4,32,836
0,0,0,0,0,0,0,0,0,0,0,0,0,-8.55634901628112,20.2628019342298,0,4299,0,0,0,0,0,0,0,0,0,0,20.8,30.5,933
0,0,0,0,0,0,0,0,0,0,0,0,0,30.6178537444788,67.37278346429,0,4301,0,0,0,0,0,0,0,0,0,0,13.4,33.5,914
0,0,0,0,0,0,0,0,0,0,0,0,0,30.1241322463497,39.2342252265316,0,4303,0,0,0,0,0,0,0,0,0,0,30.8,26.1,854
0,0,0,0,0,0,0,0,0,0,0,0,0,142.267396669119,150.252911236448,0,4305,0,0,0,0,0,0,0,0,0,0,59.4,41.1,819
0,0,0,0,0,0,0,0,0,0,0,0,0,88.0426091443342,130.176469028402,1,4307,0,0,0,0,0,0,0,0,0,0,50.6,57.1,715
0,0,0,0,0,0,0,0,0,0,0,0,0,-4.48417844812519,28.7512973964768,1,4309,0,0,0,0,0,0,0,0,0,0,20.6,70.7,589
0,0,0,0,0,0,0,0,0,0,0,0,0,107.998536716091,160.025045091074,1,4311,0,0,0,0,0,0,0,0,0,0,85.8,146,531
0,0,0,0,0,0,0,0,0,0,0,0,0,-29.3940469623671,66.6053618966496,1,4313,0,0,0,0,0,0,0,0,0,0,58.7,102,466
0,0,0,0,0,0,0,0,0,0,0,0,0,-46.9489234261958,74.781243022776,1,4315,0,0,0,0,0,0,0,0,0,0,72.8,86.5,380
0,0,0,0,0,0,0,0,0,0,0,0,0,-141.10371753532,210.127536007739,1,4317,0,0,0,0,0,0,0,0,0,0,147,37.9,380
0,0,0,0,0,0,0,0,0,0,0,0,0,-15.6706883393008,55.1443915879448,1,4320,0,0,0,0,0,0,0,0,0,0,112,182,398
0,0,0,0,0,0,0,0,0,0,0,0,0,-40.4719985315405,113.056569153161,1,4322,0,0,0,0,0,0,0,0,0,0,33.8,234,405
0,0,0,0,0,0,0,0,0,0,0,0,0,-25.4463461947384,47.2962870340648,1,4324,0,0,0,0,0,0,0,0,0,0,30.6,200,380
0,0,0,0,0,0,0,0,0,0,0,0,0,-9.15845713957912,15.1703972234721,1,4326,0,0,0,0,0,0,0,0,0,0,18.3,117,385
0,0,0,0,0,0,0,0,0,0,0,0,0,6.6088062113325,13.5612224900061,1,4328,0,0,0,0,0,0,0,0,0,0,25.7,39.5,376
0,0,0,0,0,0,0,0,0,0,0,0,0,-8.96496485111586,10.7960854817701,1,4330,0,0,0,0,0,0,0,0,0,0,18.8,24.3,407
0,0,0,0,0,0,0,0,0,0,0,0,0,-51.8436775177838,94.439781122481,1,4332,0,0,0,0,0,0,0,0,0,0,19.4,23.9,484
0,0,0,0,0,0,0,0,0,0,0,0,0,8.66872080849377,14.2493931441287,1,4334,0,0,0,0,0,0,0,0,0,0,23.8,17.5,612
0,0,0,0,0,0,0,0,0,0,0,0,0,65.5359103816707,87.5315488043346,1,4336,0,0,0,0,0,0,0,0,0,0,22.2,54.6,815
0,0,0,0,0,0,0,0,0,0,0,0,0,36.8530984732905,92.7880046983365,1,4338,0,0,0,0,0,0,0,0,0,0,32.5,43.8,954
0,0,0,0,0,0,0,0,0,0,0,0,0,18.5910950180611,31.078203796046,1,4340,0,0,0,0,0,0,0,0,0,0,21.8,15,1050
0,0,0,0,0,0,0,0,0,0,0,0,0,75.1781369380278,91.4843749990449,1,4343,0,0,0,0,0,0,0,0,0,0,69,55.3,1120
0.427475064992905,0.412390261888504,1.34281945228577,2.05248260498047,1.84964227676392,2.1895546913147,0.881662130355835,0.884615361690521,0.892307698726654,0.837273836135864,0.868708252906799,0.873816192150116,0.999173998832703,-0.965135062017686,13.2977306587261,1,4345,341,270,340,289,371,345,401,315,438,346,66.5,87,1100
0,0,0,0,0,0,0,0,0,0,0,0,0,-6.96134440129361,22.261403092515,1,4347,0,0,0,0,0,0,0,0,0,0,26.5,103,999
0,0,0,0,0,0,0,0,0,0,0,0,0,13.0513276766367,27.3495634517388,1,4349,0,0,0,0,0,0,0,0,0,0,36.8,117,815
0,0,0,0,0,0,0,0,0,0,0,0,0,79.1212805294462,119.253864317154,1,4351,0,0,0,0,0,0,0,0,0,0,46.2,101,631
0,0,0,0,0,0,0,0,0,0,0,0,0,72.0129381318043,115.890764739517,1,4353,0,0,0,0,0,0,0,0,0,0,50.3,85.2,422
0.511576175689697,0.391827940940857,1.27545154094696,1.50906300544739,1.93369007110596,2.03522992134094,0.951547801494598,0.996518731117249,0.834300696849823,0.854452431201935,0.842825829982758,0.898851215839386,0.9865642786026,4.76570685295768,18.8775705623642,1,4355,587,186,596,159,538,140,545,181,498,182,18.1,82.4,170
0.505057573318481,0.407310456037521,1.21681344509125,2.19691014289856,1.93850660324097,1.80780327320099,0.872679054737091,1.10490918159485,0.856161117553711,0.842159271240234,0.824474632740021,0.894061863422394,0.951479315757751,15.8760080923927,25.9857223908853,1,4357,479,206,498,205,448,171,449,223,401,220,4.74,70,154
0.483789771795273,0.382145434617996,1.28983926773071,2.16467952728271,1.97587251663208,2.14860153198242,0.927050471305847,0.941448390483856,0.748337507247925,0.851465702056885,0.791001796722412,0.908283114433289,0.980433642864227,-3.01057400455107,8.83729537585097,1,4359,529,405,495,395,449,366,445,408,405,404,18.5,56,352
0.465692162513733,0.366438269615173,1.29872739315033,1.86195039749146,2.05642867088318,2.06686997413635,0.863319396972656,1.02871990203857,0.737695515155792,0.848194479942322,0.843330264091492,0.908261060714722,0.949777781963348,6.08697891704382,9.15424858447706,1,4361,534,411,579,401,514,372,521,411,466,404,14.6,50.1,582
0.477224320173264,0.352557063102722,1.29056167602539,2.26162791252136,2.03059267997742,2.1771183013916,0.833718240261078,0.991024136543274,0.699724495410919,0.889013409614563,0.836089432239533,0.9125856757164,0.98701822757721,-7.42175324625324,9.36379962510786,1,4364,585,413,596,402,528,375,533,414,481,407,5.83,20.9,824
0.50994873046875,0.35965895652771,1.31397712230682,1.81287550926209,2.01537466049194,2.54216909408569,0.81867903470993,0.882893204689026,0.754818379878998,0.961443424224854,0.852480411529541,0.889769673347473,0.966115057468414,2.59921960093673,4.11469142641545,1,4366,638,411,665,401,587,385,597,414,537,406,4.92,17.3,940
0.542177975177765,0.357892245054245,1.28378462791443,2.29484534263611,2.07342100143433,2.37155151367187,0.841650426387787,0.95708155632019,0.748163402080536,0.928743064403534,0.850857496261597,0.922789931297302,0.949220716953278,-4.69419787206923,6.87562086003636,0,4368,640,411,681,402,600,387,613,413,545,406,3.82,11.9,987
0.441754937171936,0.379387587308884,1.20285308361053,1.53051900863647,2.0767982006073,1.90349364280701,0.888332486152649,1.02389466762543,0.767846763134003,0.797170460224152,0.845446288585663,0.881133496761322,0.958482444286346,0.030268118020018,10.6364826417869,0,4370,488,397,497,378,453,339,449,386,421,373,6.23,3.82,1030
0.502272725105286,0.381224632263184,1.19323468208313,1.42232763767242,2.13366961479187,1.36057341098785,0.903940916061401,0.833333313465118,0.801434636116028,0.805986523628235,0.859604895114899,0.888051927089691,0.886842131614685,26.4395408113214,34.5811907573485,0,4372,408,357,468,362,415,329,418,372,412,365,8.52,4.21,1020
0.450513362884522,0.427437156438828,1.22568142414093,1.36624097824097,1.84587109088898,1.60665190219879,0.837790131568909,0.914226293563843,0.7987220287323,0.795055329799652,0.871987044811249,0.883640885353088,0.944188177585602,12.5798130311004,17.8592035888047,0,4374,348,383,376,389,333,357,329,402,297,398,2.76,6.76,953
0.479419887065887,0.38115319609642,1.23665606975555,1.85436153411865,1.88904535770416,1.82877111434937,0.813667237758637,0.998037457466126,0.759672164916992,0.863359212875366,0.86004364490509,0.898666322231293,0.980912446975708,-8.6856944406871,10.8974319312949,0,4376,541,415,532,393,488,357,483,401,439,386,2.03,3.41,884
0.51315575838089,0.35163351893425,1.27659738063812,1.78474855422974,2.04433155059814,2.25832223892212,0.838106632232666,0.947945177555084,0.739627718925476,0.978293120861053,0.869560778141022,0.895585119724274,0.958840608596802,-5.78120013717227,8.61252009001049,0,4378,636,412,695,400,615,388,629,411,562,409,8.05,9.8,785
0.471638977527618,0.390271753072739,1.13343644142151,1.66801452636719,2.01166462898254,1.84260702133179,0.823618471622467,0.903571426868439,0.895951569080353,0.820789813995361,0.992363333702087,0.886419773101807,0,-18.1733790562783,23.8104002228103,0,4380,465,373,521,376,473,331,473,376,467,360,9.23,5.99,660
0,0,0,0,0,0,0,0,0,0,0,0,0,-11.2737992988288,48.7182863788871,0,4382,0,0,0,0,0,0,0,0,0,0,24.5,7.62,536
0.44247904419899,0.362917184829712,1.25038933753967,1.6186009645462,1.73198246955872,1.81453287601471,0,0.897798717021942,0.734519302845001,0.80467963218689,0,0.892846882343292,0.956536591053009,1.65538019470739,34.2112337669204,0,4385,311,413,270,341,219,348,218,377,180,390,10.3,21.3,364
0.444830030202866,0.372354865074158,1.1497358083725,1.60895228385925,1.86948931217194,1.754065990448,0.859964072704315,0.897763550281525,0.790051877498627,0.78961169719696,0.858256995677948,0.890476047992706,0.988072276115418,10.6341477430831,12.9764382129003,0,4387,455,402,462,370,423,342,413,382,381,368,17.5,4.85,286
0.437318533658981,0.37880751490593,1.16019868850708,1.59957075119019,1.80004394054413,1.77593541145325,0.874383568763733,0.975733757019043,0.786533296108246,0.756603717803955,0.854042768478394,0.877795159816742,0.980470836162567,-12.3419965366822,17.5140904057302,0,4389,448,388,463,364,427,323,411,367,382,349,11.4,7.71,196
0.507487952709198,0.372645407915115,1.20189559459686,1.69212329387665,1.93862533569336,1.70747089385986,0.84974330663681,1.1188952922821,0.85502153635025,0.905534625053406,0.840564846992493,0.906319379806519,1.0268657207489,-4.23853041296339,13.7535645023743,0,4391,512,407,525,385,488,343,476,386,440,348,8.03,12,129
0.467222034931183,0.42354154586792,1.20395874977112,1.51392912864685,1.7476578950882,1.4694846868515,0.880864679813385,0.882352948188782,1.14051353931427,0.851454317569733,0.874340653419495,0.871800065040588,1.01453959941864,-20.8630745191155,23.6440551009899,0,4393,246,288,255,210,206,171,196,215,163,204,24.1,5.66,91.6
0.458870381116867,0.411806672811508,1.23447728157043,1.50095880031586,1.81233859062195,1.34616875648499,0.750192165374756,0.889063715934753,0.82618510723114,0.801684975624085,0.865466594696045,0.867089331150055,1.02473294734955,16.2419084816253,23.7413115922793,0,4395,272,404,322,394,271,375,281,415,246,429,9.9,12.3,53.9
0.480878800153732,0.379697471857071,1.24198544025421,1.52796065807343,1.8596738576889,1.4108704328537,0.870305359363556,0.917290270328522,0.773315489292145,0.783838033676147,0.862488389015198,0.871175169944763,0.995624244213104,4.16635818596678,26.6117327652027,0,4397,385,415,397,396,343,386,351,429,318,435,12.4,19.7,20.9
0.476529479026794,0.369441151618958,1.20473432540894,1.52791380882263,1.91442501544952,1.4499249458313,0.87583464384079,0.937269389629364,0.77528303861618,0.799967885017395,0.858501553535461,0.874610781669617,0.975353956222534,12.9089832512251,16.0592034115392,0,4399,426,389,464,365,423,331,413,372,383,362,8.27,11.4,11.8
0,0,0,0,0,0,0,0,0,0,0,0,0,-17.7267931678394,20.1682637592837,0,4401,0,0,0,0,0,0,0,0,0,0,9.74,5.78,23.5
0,0,0,0,0,0,0,0,0,0,0,0,0,18.2777578788371,18.6302275345864,0,4403,0,0,0,0,0,0,0,0,0,0,6.8,10.4,33
0.461931586265564,0.388264298439026,1.18907010555267,1.57290852069855,0,1.32660317420959,0,0.898412704467773,0.807359278202057,0.817631721496582,0.940461337566376,0.883696734905243,0,-33.5939735606417,43.2035438516183,0,4406,385,304,378,243,341,203,325,235,0,0,15.9,17.5,38.6
0.465433269739151,0.369646698236465,1.14129626750946,1.46924805641174,1.66243302822113,1.3123584985733,0.866240084171295,0.888180255889893,0.757824540138245,0.791622459888458,0.871951222419739,0.899953007698059,0,-22.8323199548633,33.4752487489969,0,4408,387,322,412,279,382,237,361,265,339,237,19.6,9.1,40.3
0,0,0,0,0,0,0,0,0,0,0,0,0,-93.6758503940565,99.8451740709755,0,4410,0,0,0,0,0,0,0,0,0,0,39.2,8.63,35.7
0,0,0,0,0,0,0,0,0,0,0,0,0,33.3542474453882,36.0365507222018,0,4412,0,0,0,0,0,0,0,0,0,0,13.9,18.2,33.7
0,0,0,0,0,0,0,0,0,0,0,0,0,33.3210675734874,75.3451373962656,0,4414,0,0,0,0,0,0,0,0,0,0,48.5,15.9,26.8
0,0,0,0,0,0,0,0,0,0,0,0,0,30.1735640536756,70.0418955234303,0,4416,0,0,0,0,0,0,0,0,0,0,71.3,38.7,22.8
0,0,0,0,0,0,0,0,0,0,0,0,0,24.1714046216793,66.2725362748174,0,4418,0,0,0,0,0,0,0,0,0,0,41.4,76.7,27.1
0,0,0,0,0,0,0,0,0,0,0,0,0,-0.36755869590204,25.8485092898874,0,4420,0,0,0,0,0,0,0,0,0,0,1.51,76.9,48.8
0,0,0,0,0,0,0,0,0,0,0,0,0,-0.49479207511982,5.72648198675038,0,4422,0,0,0,0,0,0,0,0,0,0,17.3,82.7,91.3
0,0,0,0,0,0,0,0,0,0,0,0,0,0.135782214168686,4.97946813740627,0,4424,0,0,0,0,0,0,0,0,0,0,1.45,32.3,133
0,0,0,0,0,0,0,0,0,0,0,0,0,-18.5102804402019,45.5902028579043,0,4427,0,0,0,0,0,0,0,0,0,0,9.84,0.722,218
0,0,0,0,0,0,0,0,0,0,0,0,0,-41.7204034810025,116.385097332123,0,4429,0,0,0,0,0,0,0,0,0,0,37.4,16.4,274
0,0,0,0,0,0,0,0,0,0,0,0,0,8.04096012155631,25.2706593310496,0,4431,0,0,0,0,0,0,0,0,0,0,26.7,33,345
0,0,0,0,0,0,0,0,0,0,0,0,0,11.3911442422399,17.2876727999389,0,4433,0,0,0,0,0,0,0,0,0,0,47.4,41.6,402
0,0,0,0,0,0,0,0,0,0,0,0,0,-2.17558364682107,9.29843359284046,0,4435,0,0,0,0,0,0,0,0,0,0,12.2,46.2,444
0,0,0,0,0,0,0,0,0,0,0,0,0,-0.662396546315375,65.4795934313364,0,4437,0,0,0,0,0,0,0,0,0,0,23.9,46,482
0,0,0,0,0,0,0,0,0,0,0,0,0,-46.2643790933106,58.2767906928991,0,4439,0,0,0,0,0,0,0,0,0,0,36.3,45.7,503
0,0,0,0,0,0,0,0,0,0,0,0,0,-84.255761261237,120.698490640489,0,4441,0,0,0,0,0,0,0,0,0,0,67.4,33.2,490
0,0,0,0,0,0,0,0,0,0,0,0,0,-12.7677298305676,77.5760830770238,0,4443,0,0,0,0,0,0,0,0,0,0,20,63.8,484
0,0,0,0,0,0,0,0,0,0,0,0,0,33.9879043178085,41.9430881257388,0,4445,0,0,0,0,0,0,0,0,0,0,70.1,33,431
0,0,0,0,0,0,0,0,0,0,0,0,0,-7.36337947665573,75.3257924891689,0,4448,0,0,0,0,0,0,0,0,0,0,32.5,62.6,369
0,0,0,0,0,0,0,0,0,0,0,0,0,146.995339595667,170.487802403075,0,4450,0,0,0,0,0,0,0,0,0,0,39.7,55.8,307
0,0,0,0,0,0,0,0,0,0,0,0,0,3192.40901696436,3326.363549463,0,4452,0,0,0,0,0,0,0,0,0,0,377,262,364
0,0,0,0,0,0,0,0,0,0,0,0,0,216.172972159672,812.582485451443,0,4454,0,0,0,0,0,0,0,0,0,0,293,132,264
0,0,0,0,0,0,0,0,0,0,0,0,0,-841.098915490572,1293.77659425509,0,4456,0,0,0,0,0,0,0,0,0,0,359,227,267
0,0,0,0,0,0,0,0,0,0,0,0,0,-32.2913042450583,153.665741131993,0,4458,0,0,0,0,0,0,0,0,0,0,281,164,372
0,0,0,0,0,0,0,0,0,0,0,0,0,-21.6052794896145,38.0411562001484,0,4460,0,0,0,0,0,0,0,0,0,0,115,263,451
0,0,0,0,0,0,0,0,0,0,0,0,0,-1.38059464880149,153.564498832401,0,4462,0,0,0,0,0,0,0,0,0,0,13.3,146,564
0,0,0,0,0,0,0,0,0,0,0,0,0,4.07386334764228,6.43275180076956,0,4464,0,0,0,0,0,0,0,0,0,0,5.38,218,632
0,0,0,0,0,0,0,0,0,0,0,0,0,9.91750492680255,19.885660685229,0,4466,0,0,0,0,0,0,0,0,0,0,14.4,185,639
0,0,0,0,0,0,0,0,0,0,0,0,0,-85.4087974848277,93.2386564607577,0,4468,0,0,0,0,0,0,0,0,0,0,28.2,41.7,657
0,0,0,0,0,0,0,0,0,0,0,0,0,15.1275697251109,51.9765715663291,0,4471,0,0,0,0,0,0,0,0,0,0,65.5,63.9,527
0,0,0,0,0,0,0,0,0,0,0,0,0,-274.231383618393,290.486500691793,0,4473,0,0,0,0,0,0,0,0,0,0,17.3,65.2,440
0,0,0,0,0,0,0,0,0,0,0,0,0,-40.9491682599982,80.3682839735046,0,4475,0,0,0,0,0,0,0,0,0,0,14.9,32.2,376
0,0,0,0,0,0,0,0,0,0,0,0,0,19.9672789603718,21.4130240509451,0,4477,0,0,0,0,0,0,0,0,0,0,11.9,36.1,429
0,0,0,0,0,0,0,0,0,0,0,0,0,55.7338465748901,57.5054903941047,0,4479,0,0,0,0,0,0,0,0,0,0,18.4,19.2,431
0,0,0,0,0,0,0,0,0,0,0,0,0,1.39141640358894,7.46205042051586,0,4481,0,0,0,0,0,0,0,0,0,0,13,14.4,668
0,0,0,0,0,0,0,0,0,0,0,0,0,-39.7407695478532,49.015225131761,0,4483,0,0,0,0,0,0,0,0,0,0,4.39,33.7,893
0,0,0,0,0,0,0,0,0,0,0,0,0,-37.8368516693811,50.2008508586271,0,4485,0,0,0,0,0,0,0,0,0,0,12,20.8,883
0,0,0,0,0,0,0,0,0,0,0,0,0,-16.7731621287766,56.6046076684147,1,4487,0,0,0,0,0,0,0,0,0,0,23.5,10.4,929
0,0,0,0,0,0,0,0,0,0,0,0,0,-3.06506463354666,9.89028754844692,1,4489,0,0,0,0,0,0,0,0,0,0,28.6,26.2,990
0,0,0,0,0,0,0,0,0,0,0,0,0,0.550794364524156,21.8546748524036,1,4492,0,0,0,0,0,0,0,0,0,0,5.95,47.3,842
0,0,0,0,0,0,0,0,0,0,0,0,0,-4.23340368713586,35.2403714636339,1,4494,0,0,0,0,0,0,0,0,0,0,15,53.5,645
0,0,0,0,0,0,0,0,0,0,0,0,0,38.1800969796899,145.143783331002,1,4496,0,0,0,0,0,0,0,0,0,0,36,30,562
0,0,0,0,0,0,0,0,0,0,0,0,0,-61.0408161089409,244.366982516057,1,4498,0,0,0,0,0,0,0,0,0,0,77.3,41.1,610
0,0,0,0,0,0,0,0,0,0,0,0,0,42.0426972017475,130.780877851323,1,4500,0,0,0,0,0,0,0,0,0,0,56.5,52.5,448
0,0,0,0,0,0,0,0,0,0,0,0,0,10.8721631480547,21.2694621925378,1,4502,0,0,0,0,0,0,0,0,0,0,87.2,77.4,343
0,0,0,0,0,0,0,0,0,0,0,0,0,53.0186208737864,76.2732691590066,1,4504,0,0,0,0,0,0,0,0,0,0,38.1,80.7,308
0,0,0,0,0,0,0,0,0,0,0,0,0,-45.2959548711637,109.948089860385,1,4506,0,0,0,0,0,0,0,0,0,0,12,90.5,238
0,0,0,0,0,0,0,0,0,0,0,0,0,-4.54387103552734,16.1066696743947,1,4508,0,0,0,0,0,0,0,0,0,0,39.8,52,152
0,0,0,0,0,0,0,0,0,0,0,0,0,53.4228542519698,69.0736513762619,1,4510,0,0,0,0,0,0,0,0,0,0,28.3,52.6,90.1
0,0,0,0,0,0,0,0,0,0,0,0,0,-17.6271132995267,26.4291296106219,1,4513,0,0,0,0,0,0,0,0,0,0,2.8,37.2,79.3
0,0,0,0,0,0,0,0,0,0,0,0,0,73.3652809406124,103.36046127297,1,4515,0,0,0,0,0,0,0,0,0,0,23.4,21.4,154
0.479318112134934,0.380822449922562,1.53061783313751,1.55456960201263,1.94374239444733,1.81223213672638,0.823253273963928,0.842598497867584,1.07632184028625,0.853141307830811,0.845890164375305,0.842948734760284,0,-3.25368915932803,19.9497920687344,1,4517,399,306,408,348,366,306,341,346,303,325,19.3,29,277
0.519924998283386,0.37900772690773,1.51099896430969,1.67962968349457,0,1.98051643371582,0.796811401844025,0.809285700321198,0.900778234004974,0.788553476333618,0.840681970119476,0.877551794052124,1.09169328212738,-1.96941261497016,12.9421460005325,1,4519,598,390,513,363,464,337,458,380,0,0,6.31,24.1,364
0,0,0,0,0,0,0,0,0,0,0,0,0,-8.0371766315846,23.6876775399702,1,4521,0,0,0,0,0,0,0,0,0,0,14.8,21.8,430
0,0,0,0,0,0,0,0,0,0,0,0,0,-5.60512168535027,35.2904852132826,1,4523,0,0,0,0,0,0,0,0,0,0,27.4,14.1,487
0,0,0,0,0,0,0,0,0,0,0,0,0,1.76441961490426,74.1253664403076,1,4525,0,0,0,0,0,0,0,0,0,0,27.5,16.6,520
0,0,0,0,0,0,0,0,0,0,0,0,0,-7.60624922859735,43.8676961567679,1,4527,0,0,0,0,0,0,0,0,0,0,20.9,35.4,511
0,0,0,0,0,0,0,0,0,0,0,0,0,63.1172643764182,141.700889517095,1,4529,0,0,0,0,0,0,0,0,0,0,23.3,19.9,484
0,0,0,0,0,0,0,0,0,0,0,0,0,-22.3255851578587,41.2192073067602,1,4531,0,0,0,0,0,0,0,0,0,0,26.3,27.7,432
0.534965217113495,0.402074068784714,1.3532258272171,1.609614610672,2.01311802864075,1.58304822444916,0.939895987510681,0.951629877090454,0.818635284900665,0.810690820217133,0.893653929233551,0.851074993610382,0.870379269123077,29.0164566273646,65.678105462047,1,4534,234,74.3,292,40.1,226,51.1,254,85.8,223,105,20.4,6.52,346
0.536066889762878,0.383829325437546,1.29326963424683,1.64326286315918,1.97533297538757,2.30955410003662,0.992886424064636,0.946560561656952,0.724380433559418,0.85845559835434,0.895737826824188,0.893470764160156,1.01241326332092,-22.207749880373,47.548727909402,1,4536,365,299,355,277,294,280,307,316,266,326,16.5,28.8,263
0.527691006660461,0.364318132400513,1.31964504718781,1.86261022090912,2.18748688697815,2.04813146591187,0.900801420211792,0.898674964904785,0.827890872955322,0.836642324924469,0.839542329311371,0.887264728546143,1.02309691905975,-1.08551836932533,3.95026545816561,1,4538,373,297,414,272,355,265,372,304,329,322,21.9,37.6,222
0.491282671689987,0.355544686317444,1.32819843292236,1.86626017093658,2.1076021194458,2.36403346061707,0.888751864433289,0.952028214931488,0.844773054122925,0.864077270030975,0.870565295219421,0.897318422794342,1.02490043640137,-18.4812523788116,43.4294601675248,1,4540,446,276,452,259,390,245,401,279,350,288,4.57,20.8,193
0.506162643432617,0.348808705806732,1.30842351913452,1.97042715549469,2.28061556816101,2.44265413284302,0.880706787109375,0.910416007041931,0.784118175506592,0.857981145381928,0.870698213577271,0.894481182098389,0.988726794719696,3.75068686958243,20.680651478325,1,4542,474,276,473,262,405,246,420,278,370,281,4.67,26.1,166
0.578454315662384,0.354561060667038,1.35130894184113,2.07463812828064,2.16791582107544,2.36595606803894,0.903585076332092,0.893729388713837,0.712425351142883,0.920346736907959,0.876170516014099,0.920280039310455,0,-16.0630936206413,35.284971648833,1,4544,515,273,518,264,443,246,457,279,399,285,1.1,12.2,161
0.553695261478424,0.350615918636322,1.35118699073792,1.96960639953613,2.3479208946228,2.42204070091248,0.859810650348663,0.917779326438904,0.784347832202911,0.889181017875671,0.856525778770447,0.915479600429535,0,-4.25693564333284,8.08831591322861,1,4546,510,271,536,263,467,253,477,282,429,292,2.87,4.21,162
0.534173965454102,0.352383077144623,1.3005622625351,2.35166811943054,2.18441462516785,2.1285252571106,0.83130270242691,0.988835752010345,0.736317455768585,0.964944541454315,0.888833820819855,0.911053538322449,0.904632151126862,-0.192761522281917,2.19962566106549,0,4548,545,269,551,264,469,248,481,279,424,284,3.62,4.59,160
0.546606540679932,0.349579125642776,1.31789302825928,2.33878779411316,2.13287925720215,2.50868511199951,0.863515675067902,0.922151923179626,0.792309999465942,0.957097887992859,0.875022768974304,0.840832769870758,0.93149334192276,-3.95411493185102,6.39918301776501,0,4550,557,270,548,262,474,255,483,281,429,299,4.89,6.49,152
0.569975137710571,0.353374779224396,1.2937638759613,2.35722303390503,2.10219955444336,2.3058590888977,0.856446385383606,0.901005804538727,0.750283002853394,0.930297613143921,0.879230201244354,0.941403746604919,0.995744705200195,-6.39402772944199,12.3681392298867,0,4552,536,266,536,261,463,250,474,281,424,294,1.36,8.46,153
0.560814201831818,0.364837974309921,1.26273918151855,1.80550062656403,1.29895102977753,2.19415140151978,0.879814326763153,0.762237787246704,0.770379900932312,0.976426303386688,0.901561617851257,0.919368624687195,0.984200358390808,4.61158723307447,16.7240330800874,0,4555,587,268,558,263,475,249,489,276,446,265,8.03,0.105,126
0,0,0,0,0,0,0,0,0,0,0,0,0,44.9140799098449,71.6443612114158,0,4557,0,0,0,0,0,0,0,0,0,0,26.1,14.9,135
0,0,0,0,0,0,0,0,0,0,0,0,0,-32.8843427671122,176.535414433112,0,4559,0,0,0,0,0,0,0,0,0,0,7.58,8.19,138
0,0,0,0,0,0,0,0,0,0,0,0,0,44.6623039259375,86.116174667796,0,4561,0,0,0,0,0,0,0,0,0,0,23.5,32.1,115
0,0,0,0,0,0,0,0,0,0,0,0,0,9.52776237473124,31.5142140203797,0,4563,0,0,0,0,0,0,0,0,0,0,28,20.3,86.6
0,0,0,0,0,0,0,0,0,0,0,0,0,38.6607809315545,57.6477265348729,0,4565,0,0,0,0,0,0,0,0,0,0,23.2,34.2,85.1
0,0,0,0,0,0,0,0,0,0,0,0,0,-5.4348336049492,14.8357233807124,0,4567,0,0,0,0,0,0,0,0,0,0,41.3,29.3,60.1
0,0,0,0,0,0,0,0,0,0,0,0,0,-19.3254819664416,32.0764257739297,0,4569,0,0,0,0,0,0,0,0,0,0,28.5,18.8,39.2
0,0,0,0,0,0,0,0,0,0,0,0,0,-22.3490382063158,79.1344085610655,0,4571,0,0,0,0,0,0,0,0,0,0,27.2,34.5,23.8
0.450429707765579,0.399371296167374,1.35997748374939,1.79764258861542,1.82084393501282,1.62456142902374,0.84423965215683,0.865042805671692,0.758500695228577,0.859295070171356,0.836424469947815,0.896223902702332,1.05008518695831,-0.060981102035253,14.0396749983744,0,4573,601,625,573,656,560,711,606,705,610,743,35.8,52.7,56.5
0.466896653175354,0.411487877368927,1.30911660194397,1.69753897190094,1.76463997364044,1.55497753620148,0.847044229507446,0.885651886463165,0.878217816352844,0.808672547340393,0.86741715669632,0.886069059371948,0,1.87677318967053,14.7776070430651,0,4576,546,248,517,167,507,231,556,213,566,250,9.71,35.2,55.1
0,0,0,0,0,0,0,0,0,0,0,0,0,98.318790687481,100.966452385833,0,4578,0,0,0,0,0,0,0,0,0,0,11.2,29.2,53.3
0,0,0,0,0,0,0,0,0,0,0,0,0,89.0350442426085,103.586229441028,0,4580,0,0,0,0,0,0,0,0,0,0,24.7,6,21.7
0,0,0,0,0,0,0,0,0,0,0,0,0,168.841189817737,176.080519457939,0,4582,0,0,0,0,0,0,0,0,0,0,45.5,41.6,56.3
0.42248660326004,0.372141748666763,1.32239031791687,1.91088652610779,1.93963587284088,1.41264581680298,0.869123578071594,0.914699137210846,0.809559941291809,0.818428754806519,0.840064764022827,0.864956557750702,1.08109164237976,-12.0486855986527,17.8773609787558,0,4584,527,546,545,519,486,528,503,566,468,578,26.6,38.6,67.9
0.506531596183777,0.444545030593872,1.41284811496735,1.68913638591766,1.30791091918945,1.38964414596558,0.797623515129089,0.901651084423065,0.911612570285797,0.839749455451965,0.895551979541779,0.870661675930023,1.05938565731049,12.8918075864447,16.2425358027233,0,4586,382,722,364,713,327,747,353,774,340,799,7.95,54.3,91.1
0,0,0,0,0,0,0,0,0,0,0,0,0,-19.2998905025867,33.9278004682632,0,4588,0,0,0,0,0,0,0,0,0,0,28.9,36.6,136
0,0,0,0,0,0,0,0,0,0,0,0,0,107.413022886532,137.506385339953,0,4590,0,0,0,0,0,0,0,0,0,0,33.8,42.1,184
0,0,0,0,0,0,0,0,0,0,0,0,0,-45.3403220365805,122.280809756838,0,4592,0,0,0,0,0,0,0,0,0,0,38.6,26.8,198
0,0,0,0,0,0,0,0,0,0,0,0,0,13.4801228174782,124.305700732632,0,4594,0,0,0,0,0,0,0,0,0,0,24.1,17.8,245
0,0,0,0,0,0,0,0,0,0,0,0,0,5.82464948413371,10.4365670616898,0,4596,0,0,0,0,0,0,0,0,0,0,30.7,25.8,282
0,0,0,0,0,0,0,0,0,0,0,0,0,-14.5026372012141,15.4926718499471,0,4599,0,0,0,0,0,0,0,0,0,0,17.7,2.77,305
0.500348031520844,0.376602381467819,1.30006098747253,1.96295607089996,1.9114511013031,1.27201128005981,0.903030276298523,0,0.802002847194672,0.78716105222702,0.876209318637848,0.867094278335571,1.13168501853943,34.1943984377841,46.529291292375,0,4601,729,570,719,546,657,539,672,578,630,590,7,49.9,307
0.52079164981842,0.399665474891663,1.20189595222473,1.79295015335083,1.8625203371048,1.14323437213898,1.06341862678528,0.951298713684082,0.755228519439697,0.816369593143463,0.838667094707489,0.871768355369568,1.09292161464691,-14.5964723133153,17.3845292831538,0,4603,639,570,627,552,573,542,582,584,540,590,5.98,33.6,331
0,0,0,0,0,0,0,0,0,0,0,0,0,82.3613746041743,88.6225749272246,0,4605,0,0,0,0,0,0,0,0,0,0,14.6,7.56,323
0,0,0,0,0,0,0,0,0,0,0,0,0,-245.606355862732,247.215464758947,0,4607,0,0,0,0,0,0,0,0,0,0,24.3,25.3,273
0,0,0,0,0,0,0,0,0,0,0,0,0,-21.9567833808005,79.8866433682896,0,4609,0,0,0,0,0,0,0,0,0,0,55.6,34.3,263
0,0,0,0,0,0,0,0,0,0,0,0,0,-22.8733447536829,28.6805904356266,0,4611,0,0,0,0,0,0,0,0,0,0,32.5,48.8,211
0,0,0,0,0,0,0,0,0,0,0,0,0,37.383062255078,76.1838022630899,0,4613,0,0,0,0,0,0,0,0,0,0,2.04,68.6,135
0,0,0,0,0,0,0,0,0,0,0,0,0,-33.4583935904314,39.63654216936,0,4615,0,0,0,0,0,0,0,0,0,0,23.1,52.4,103
0,0,0,0,0,0,0,0,0,0,0,0,0,58.9161433645716,60.851388455281,0,4617,0,0,0,0,0,0,0,0,0,0,41,47.4,84.7
0,0,0,0,0,0,0,0,0,0,0,0,0,38.3747612152223,52.5042910586019,0,4620,0,0,0,0,0,0,0,0,0,0,19.8,23.4,161
0,0,0,0,0,0,0,0,0,0,0,0,0,-24.1033178527636,38.859297318666,0,4622,0,0,0,0,0,0,0,0,0,0,28.4,10.9,250
0,0,0,0,0,0,0,0,0,0,0,0,0,27.0544144686045,82.7153567197378,0,4624,0,0,0,0,0,0,0,0,0,0,38,31.8,295
0,0,0,0,0,0,0,0,0,0,0,0,0,19.2260523946476,72.0968197510509,0,4626,0,0,0,0,0,0,0,0,0,0,54,71.2,329
0,0,0,0,0,0,0,0,0,0,0,0,0,12.8611669143886,15.3689524967782,0,4628,0,0,0,0,0,0,0,0,0,0,25.3,66.1,366
0,0,0,0,0,0,0,0,0,0,0,0,0,149.417289580601,210.276338354607,0,4630,0,0,0,0,0,0,0,0,0,0,41,92.4,348
0,0,0,0,0,0,0,0,0,0,0,0,0,-21.3980694361089,26.3893535484066,0,4632,0,0,0,0,0,0,0,0,0,0,90.2,73.8,311
0,0,0,0,0,0,0,0,0,0,0,0,0,97.347164673632,162.075110401601,0,4634,0,0,0,0,0,0,0,0,0,0,42,87.4,267
0,0,0,0,0,0,0,0,0,0,0,0,0,-2.69477277643269,15.0374667565097,0,4636,0,0,0,0,0,0,0,0,0,0,127,124,217
0.444186568260193,0.422023415565491,1.06823253631592,1.85827732086182,2.0106315612793,1.12817549705505,0.908002197742462,0.894324064254761,0.921892166137695,0.825928211212158,0.956981301307678,0.88748574256897,1.23719882965088,-4.75897240069841,7.10192358141001,0,4638,428,173,462,99.1,424,156,459,163,445,198,79.7,147,258
0.4642473757267,0.419220983982086,1.50204789638519,1.65437352657318,1.87427031993866,1.20892000198364,0,0.948437511920929,0.773578941822052,0.817078053951263,0.873298108577728,0.867805063724518,1.22355616092682,6.53350222257793,18.8506695552619,0,4641,464,425,457,351,418,413,463,424,457,457,19.1,110,451
0,0,0,0,0,0,0,0,0,0,0,0,0,22.2440289877798,30.1299614581811,0,4643,0,0,0,0,0,0,0,0,0,0,12,56.2,609
0.543198168277741,0.434006571769714,1.30775237083435,1.7825847864151,1.90745580196381,1.04341721534729,0,0,0.629482090473175,0.771686494350433,0.748895883560181,0.843942046165466,0.794962465763092,-8.21177928648304,16.1291816187474,0,4645,406,218,390,45,341,78,381,109,361,138,6.4,29.4,784
0.47052600979805,0.410778373479843,1.36163413524628,1.61280047893524,1.83001780509949,1.20441436767578,0,0.91529643535614,0.76694917678833,0.839717209339142,0.891683757305145,0.865766406059265,1.0350193977356,70.8060591014695,80.9614421000719,0,4647,428,406,468,414,427,470,473,488,465,517,38,24.5,949
0,0,0,0,0,0,0,0,0,0,0,0,0,-22.0076441471687,41.2813921649317,0,4649,0,0,0,0,0,0,0,0,0,0,37.3,30.2,1070
0,0,0,0,0,0,0,0,0,0,0,0,0,17.5844768646172,21.3003539197472,0,4651,0,0,0,0,0,0,0,0,0,0,21.5,62.5,1170
0,0,0,0,0,0,0,0,0,0,0,0,0,10.7490565144962,46.2906596100518,0,4653,0,0,0,0,0,0,0,0,0,0,19.1,60.6,1250
0,0,0,0,0,0,0,0,0,0,0,0,0,31.0495612771286,42.1647688434497,0,4655,0,0,0,0,0,0,0,0,0,0,26.8,57.5,1260
0,0,0,0,0,0,0,0,0,0,0,0,0,159.908203044117,162.270595886258,0,4657,0,0,0,0,0,0,0,0,0,0,45.9,70,1250
0,0,0,0,0,0,0,0,0,0,0,0,0,63.954929014955,67.0988686446843,0,4659,0,0,0,0,0,0,0,0,0,0,35.2,58.2,1210
0.449894070625305,0.420171648263931,1.2712117433548,1.55543231964111,1.70371210575104,0.996937453746796,0.931086122989655,0.870517194271088,1.0335156917572,0.565567851066589,0,0.858436226844788,0,28.9648358745159,30.4233449787298,0,4662,526,56.7,547,48,475,66.7,503,105,489,122,53.5,82.5,1140
0,0,0,0,0,0,0,0,0,0,0,0,0,53.2121432391501,55.7050352838343,0,4664,0,0,0,0,0,0,0,0,0,0,21.9,104,1080
0.414430141448975,0.343337655067444,1.25412786006928,1.86243259906769,1.9078860282898,0.976484656333923,0.832837283611298,0.897727251052856,0.708875179290772,0.807511448860168,0.854668080806732,0.881965100765228,1.12120604515076,10.2711100690728,11.9413494720875,0,4666,593,335,566,327,507,325,525,369,489,382,38.2,94.4,1050
0.405072897672653,0.345060706138611,1.22673618793488,1.94367146492004,1.92838430404663,0.991796970367432,0.827776253223419,0.901452124118805,0.713338196277618,0.823832333087921,0.826312959194183,0.873845160007477,1.1513158082962,7.0148141571545,27.1596493349364,0,4668,482,318,469,310,410,300,425,346,387,356,13.3,61.5,1020
0.415468543767929,0.357801973819733,1.23431134223938,1.87077677249908,2.06904411315918,1.00088751316071,0.888679265975952,0.945354163646698,0.850091576576233,0.812675714492798,0.85434901714325,0.878715395927429,1.1023588180542,-1.92298156551651,4.70406867649983,0,4670,466,342,466,316,401,308,419,356,393,364,12,58.9,1010
0.385772734880447,0.343562334775925,1.18541169166565,1.87838804721832,1.89534950256348,0.993791401386261,0,0.908252358436585,0.937597513198853,0.774301648139954,0.896260023117065,0.868832468986511,1.11774742603302,-41.1611118349161,51.5660498853923,0,4672,489,291,446,252,397,249,395,287,353,293,38.4,9,1000
0,0,0,0,0,0,0,0,0,0,0,0,0,13.3439810992432,36.3477164858181,0,4674,0,0,0,0,0,0,0,0,0,0,46.7,19.9,1010
0.562922477722168,0.487792760133743,1.11078143119812,1.43479299545288,1.69980275630951,1.0010712146759,0,0,0,0.44842728972435,0.908428728580475,0.912149548530579,0.92555958032608,-27.4108146418147,27.965943169104,0,4676,55.9,445,76,325,75.5,376,117,366,131,408,23.6,65.4,983
0,0,0,0,0,0,0,0,0,0,0,0,0,32.3735445309953,33.2437209487085,0,4678,0,0,0,0,0,0,0,0,0,0,13.2,56.8,972
0,0,0,0,0,0,0,0,0,0,0,0,0,-2.4521524362727,12.3987905480108,0,4680,0,0,0,0,0,0,0,0,0,0,45.2,27.4,930
0,0,0,0,0,0,0,0,0,0,0,0,0,-9.91169499926114,20.391806972139,0,4683,0,0,0,0,0,0,0,0,0,0,46.9,49.6,799
0,0,0,0,0,0,0,0,0,0,0,0,0,95.803770769848,154.316932908359,0,4685,0,0,0,0,0,0,0,0,0,0,34.3,86.6,704
0,0,0,0,0,0,0,0,0,0,0,0,0,37.168651333724,56.9163576996649,0,4687,0,0,0,0,0,0,0,0,0,0,73.2,104,623
0,0,0,0,0,0,0,0,0,0,0,0,0,-65.8959773600346,100.255237549211,0,4689,0,0,0,0,0,0,0,0,0,0,71.7,105,533
0,0,0,0,0,0,0,0,0,0,0,0,0,73.3016015587932,127.514942718444,0,4691,0,0,0,0,0,0,0,0,0,0,3.21,100,455
0,0,0,0,0,0,0,0,0,0,0,0,0,-43.2220442437479,119.778109944502,0,4693,0,0,0,0,0,0,0,0,0,0,25.1,69.4,427
0,0,0,0,0,0,0,0,0,0,0,0,0,-7.53500841869369,19.9422247892349,0,4695,0,0,0,0,0,0,0,0,0,0,7.2,71.2,454
0.485552787780762,0.363515019416809,1.17499756813049,1.83864343166351,1.76327764987946,1.01005852222443,0.920930206775665,0,0.800110459327698,0.809802889823914,0.888936400413513,0.879546940326691,1.10606598854065,39.2925383474698,82.5901033400011,0,4697,177,186,152,222,205,236,196,189,230,191,10,13.6,471
0.429712682962418,0.336185127496719,1.17301964759827,2.01579546928406,1.33299660682678,1.00203156471252,0.88617479801178,0.915442109107971,0.91212010383606,0.774933159351349,0.857075333595276,0.872074723243713,1.1047477722168,25.4251376974363,65.2977875125295,0,4699,366,223,355,235,414,253,406,208,446,208,29.8,16.4,542
0.465020328760147,0.338099360466003,1.12984478473663,1.99525880813599,1.86076974868774,1.0408992767334,0.859356880187988,0.932835817337036,0.775176763534546,0.805845975875855,0.841555714607239,0.880712568759918,1.05867969989777,3.14754371453957,8.06567873892128,0,4701,344,217,316,233,381,243,370,205,419,195,16.4,33.4,634
0.451238602399826,0.345014363527298,1.19954895973206,1.78669214248657,1.87513208389282,0.969246208667755,0.871764123439789,0.931221008300781,0.762790679931641,0.774672746658325,0.886881053447723,0.881817221641541,1.07973861694336,-12.3671500694341,39.7064724773963,0,4704,514,171,460,211,508,224,511,185,545,183,23.8,7.4,732
0,0,0,0,0,0,0,0,0,0,0,0,0,-7.20131187319323,59.0780930126807,0,4706,0,0,0,0,0,0,0,0,0,0,30.4,8.31,768
0,0,0,0,0,0,0,0,0,0,0,0,0,-52.7081620125154,96.882487846991,0,4708,0,0,0,0,0,0,0,0,0,0,19.5,23.7,777
0,0,0,0,0,0,0,0,0,0,0,0,0,103.005434733261,122.827410320035,0,4710,0,0,0,0,0,0,0,0,0,0,43.6,33.5,794
0,0,0,0,0,0,0,0,0,0,0,0,0,-119.018134633815,123.31688288756,0,4712,0,0,0,0,0,0,0,0,0,0,68.6,34.3,722
0,0,0,0,0,0,0,0,0,0,0,0,0,14.6254790770184,50.6197123496098,0,4714,0,0,0,0,0,0,0,0,0,0,27.4,60.6,654
0,0,0,0,0,0,0,0,0,0,0,0,0,68.6868703507266,148.927649873701,0,4716,0,0,0,0,0,0,0,0,0,0,23.9,82.4,599
0,0,0,0,0,0,0,0,0,0,0,0,0,-2.17190277723203,146.04943492465,0,4718,0,0,0,0,0,0,0,0,0,0,39.3,52.7,488
0,0,0,0,0,0,0,0,0,0,0,0,0,15.6483787864977,38.6056477143904,0,4720,0,0,0,0,0,0,0,0,0,0,42.4,82.9,438
0.445025891065598,0.382773339748383,1.17900454998016,2.0208911895752,1.83674836158752,1.08674287796021,0.874364972114563,0.872914016246796,0,0.798625349998474,0.796116530895233,0.873675644397736,0.851272702217102,-29.0444973633182,36.8110099868333,0,4722,671,316,677,276,627,317,668,336,646,375,16,61.3,426
0.433165311813355,0.394326537847519,1.25528466701508,1.79525196552277,1.78678750991821,1.02044987678528,0.868297576904297,0.971974551677704,0.824519217014313,0.852594971656799,0.869947254657745,0.873267948627472,0,17.7486605776652,49.7631680482385,0,4725,596,706,600,622,550,662,589,684,568,713,6.75,52.4,453
0,0,0,0,0,0,0,0,0,0,0,0,0,-3.69030894945434,21.7098418378206,0,4727,0,0,0,0,0,0,0,0,0,0,8,27.3,453
0,0,0,0,0,0,0,0,0,0,0,0,0,-59.1356002705861,79.5443801949379,0,4729,0,0,0,0,0,0,0,0,0,0,22,7.88,488
0,0,0,0,0,0,0,0,0,0,0,0,0,6.04800890753365,32.6922617376172,0,4731,0,0,0,0,0,0,0,0,0,0,41.1,37.8,562
0,0,0,0,0,0,0,0,0,0,0,0,0,-15.8563849371687,57.4424656241771,0,4733,0,0,0,0,0,0,0,0,0,0,38.7,56.6,579
0,0,0,0,0,0,0,0,0,0,0,0,0,-2.0967595439399,18.1671912542754,0,4735,0,0,0,0,0,0,0,0,0,0,30.7,41.9,587
0,0,0,0,0,0,0,0,0,0,0,0,0,69.2269202069434,131.163636528184,0,4737,0,0,0,0,0,0,0,0,0,0,54.2,17.4,620
0,0,0,0,0,0,0,0,0,0,0,0,0,-36.3322752368085,64.0911250902166,0,4739,0,0,0,0,0,0,0,0,0,0,3.61,28,545
0,0,0,0,0,0,0,0,0,0,0,0,0,-54.9135324044308,98.7845022399094,0,4741,0,0,0,0,0,0,0,0,0,0,78.2,31.4,488
0,0,0,0,0,0,0,0,0,0,0,0,0,-8.37474062082816,48.2211050950617,0,4743,0,0,0,0,0,0,0,0,0,0,105,81.4,386
0,0,0,0,0,0,0,0,0,0,0,0,0,36.3277730998807,65.7560144136203,0,4745,0,0,0,0,0,0,0,0,0,0,69.8,138,252
0,0,0,0,0,0,0,0,0,0,0,0,0,39.1959104708532,67.9513573748922,0,4748,0,0,0,0,0,0,0,0,0,0,18.9,139,131
0,0,0,0,0,0,0,0,0,0,0,0,0,-15.960361981836,65.1188695563925,0,4750,0,0,0,0,0,0,0,0,0,0,15.1,106,244
0,0,0,0,0,0,0,0,0,0,0,0,0,3.77875248994365,117.285013694305,0,4752,0,0,0,0,0,0,0,0,0,0,47.8,61.1,387
0,0,0,0,0,0,0,0,0,0,0,0,0,-3.33729175183877,116.94424151209,0,4754,0,0,0,0,0,0,0,0,0,0,108,34.2,508
0,0,0,0,0,0,0,0,0,0,0,0,0,-20.7558193678665,153.042704277378,0,4756,0,0,0,0,0,0,0,0,0,0,119,68.4,661
0,0,0,0,0,0,0,0,0,0,0,0,0,36.2375095599115,52.3438347681096,0,4758,0,0,0,0,0,0,0,0,0,0,11.9,134,736
0,0,0,0,0,0,0,0,0,0,0,0,0,-3.86577328204015,36.1599160393972,0,4760,0,0,0,0,0,0,0,0,0,0,39.9,149,768
0,0,0,0,0,0,0,0,0,0,0,0,0,-69.3334601091015,71.9881695254169,0,4762,0,0,0,0,0,0,0,0,0,0,17.3,91,740
0,0,0,0,0,0,0,0,0,0,0,0,0,-32.2452920735603,36.3680283019021,0,4764,0,0,0,0,0,0,0,0,0,0,46.6,53,671
0,0,0,0,0,0,0,0,0,0,0,0,0,6.94781444851927,23.9901545337502,0,4766,0,0,0,0,0,0,0,0,0,0,18.5,38.2,560
0,0,0,0,0,0,0,0,0,0,0,0,0,27.3142622538738,29.698794197073,0,4769,0,0,0,0,0,0,0,0,0,0,3.07,39.5,321
0,0,0,0,0,0,0,0,0,0,0,0,0,14.9164777937538,56.4202223258607,0,4771,0,0,0,0,0,0,0,0,0,0,8.69,40.4,219
0,0,0,0,0,0,0,0,0,0,0,0,0,32.9934879143103,50.424605303221,0,4773,0,0,0,0,0,0,0,0,0,0,15.1,31.1,228
0,0,0,0,0,0,0,0,0,0,0,0,0,11.5710803116309,16.7957925911855,0,4775,0,0,0,0,0,0,0,0,0,0,6.11,19.1,348
0,0,0,0,0,0,0,0,0,0,0,0,0,-16.6887453875139,27.4468055467164,0,4777,0,0,0,0,0,0,0,0,0,0,3.57,24.6,443
0,0,0,0,0,0,0,0,0,0,0,0,0,-45.3295155304312,70.79159857085,0,4779,0,0,0,0,0,0,0,0,0,0,11.3,14.5,492
0,0,0,0,0,0,0,0,0,0,0,0,0,60.3053910166077,69.7241611607921,0,4781,0,0,0,0,0,0,0,0,0,0,12.8,13.7,534
0,0,0,0,0,0,0,0,0,0,0,0,0,-8.3137148919949,31.6048549235918,0,4783,0,0,0,0,0,0,0,0,0,0,18.8,9.8,513
0,0,0,0,0,0,0,0,0,0,0,0,0,37.8996364083814,41.8019002781309,0,4785,0,0,0,0,0,0,0,0,0,0,17,22.8,451
0,0,0,0,0,0,0,0,0,0,0,0,0,-47.4297298575628,48.1807811316966,0,4787,0,0,0,0,0,0,0,0,0,0,5.97,22.4,405
0,0,0,0,0,0,0,0,0,0,0,0,0,15.8230010591163,17.4543685165521,0,4790,0,0,0,0,0,0,0,0,0,0,13.6,23.6,343
0,0,0,0,0,0,0,0,0,0,0,0,0,66.1320866439373,68.3415621621604,0,4792,0,0,0,0,0,0,0,0,0,0,19.3,20.1,288
0,0,0,0,0,0,0,0,0,0,0,0,0,-7.14974980688693,82.5929217798893,0,4794,0,0,0,0,0,0,0,0,0,0,6.02,7.9,250
0,0,0,0,0,0,0,0,0,0,0,0,0,-71.4339759385076,97.5059104268409,0,4796,0,0,0,0,0,0,0,0,0,0,17,9.7,208
0,0,0,0,0,0,0,0,0,0,0,0,0,-184.591429769467,194.203006753384,0,4798,0,0,0,0,0,0,0,0,0,0,90.5,48.4,172
0,0,0,0,0,0,0,0,0,0,0,0,0,37.6403508625708,45.8582863526042,0,4800,0,0,0,0,0,0,0,0,0,0,87.2,68.6,127
0,0,0,0,0,0,0,0,0,0,0,0,0,-240.637897730373,289.462639535718,0,4802,0,0,0,0,0,0,0,0,0,0,80,156,80.4
0,0,0,0,0,0,0,0,0,0,0,0,0,50.7674427029376,219.224609379997,0,4804,0,0,0,0,0,0,0,0,0,0,104,159,56.5
0,0,0,0,0,0,0,0,0,0,0,0,0,133.30978246895,185.757992973261,0,4806,0,0,0,0,0,0,0,0,0,0,39.8,145,86.8
0,0,0,0,0,0,0,0,0,0,0,0,0,63.8462099322239,80.0170262773839,0,4808,0,0,0,0,0,0,0,0,0,0,92.5,116,187
0,0,0,0,0,0,0,0,0,0,0,0,0,-19.3435140985228,33.6463724802484,0,4811,0,0,0,0,0,0,0,0,0,0,39.3,20.8,384
0,0,0,0,0,0,0,0,0,0,0,0,0,-78.5975364702133,85.5513730693199,0,4813,0,0,0,0,0,0,0,0,0,0,113,24.4,542
0,0,0,0,0,0,0,0,0,0,0,0,0,-68.3173240698088,82.8880142476445,0,4815,0,0,0,0,0,0,0,0,0,0,108,99.8,685
0,0,0,0,0,0,0,0,0,0,0,0,0,-14.3283005086955,31.6696691299833,0,4817,0,0,0,0,0,0,0,0,0,0,73.3,174,879
0,0,0,0,0,0,0,0,0,0,0,0,0,-43.0603664908614,45.7355928057183,0,4819,0,0,0,0,0,0,0,0,0,0,89.7,241,1040
0,0,0,0,0,0,0,0,0,0,0,0,0,305.759306610076,309.239919263503,0,4821,0,0,0,0,0,0,0,0,0,0,29.9,152,1150
0,0,0,0,0,0,0,0,0,0,0,0,0,17.2958882343321,109.0483655996,0,4823,0,0,0,0,0,0,0,0,0,0,87,113,1290
0,0,0,0,0,0,0,0,0,0,0,0,0,-110.930334896141,149.100621148766,0,4825,0,0,0,0,0,0,0,0,0,0,117,87,1420
0,0,0,0,0,0,0,0,0,0,0,0,0,-35.9337335029022,44.2231497936966,0,4827,0,0,0,0,0,0,0,0,0,0,129,64.2,1480
0,0,0,0,0,0,0,0,0,0,0,0,0,8.82868974440155,53.8461841743804,0,4829,0,0,0,0,0,0,0,0,0,0,10.7,113,1550
0,0,0,0,0,0,0,0,0,0,0,0,0,-62.4090483542247,134.887608466407,0,4832,0,0,0,0,0,0,0,0,0,0,59.8,120,1640
0,0,0,0,0,0,0,0,0,0,0,0,0,-68.482537290704,127.443162033507,0,4834,0,0,0,0,0,0,0,0,0,0,21.5,109,1680
0,0,0,0,0,0,0,0,0,0,0,0,0,-31.3608438065697,79.2110318567498,0,4836,0,0,0,0,0,0,0,0,0,0,114,47.7,1650
0,0,0,0,0,0,0,0,0,0,0,0,0,-4.48377536626285,24.9998440848757,0,4838,0,0,0,0,0,0,0,0,0,0,77.8,105,1700
0,0,0,0,0,0,0,0,0,0,0,0,0,0.053568038323388,5.21867299307601,0,4840,0,0,0,0,0,0,0,0,0,0,36.7,130,1700
0,0,0,0,0,0,0,0,0,0,0,0,0,-0.725555896613991,38.2966593370198,0,4842,0,0,0,0,0,0,0,0,0,0,37.6,115,1650
0,0,0,0,0,0,0,0,0,0,0,0,0,-4.19553257756788,75.0024007995935,0,4844,0,0,0,0,0,0,0,0,0,0,14.2,78,1600
0,0,0,0,0,0,0,0,0,0,0,0,0,1.01902591261909,105.745844216346,0,4846,0,0,0,0,0,0,0,0,0,0,36.2,53.5,1560
0,0,0,0,0,0,0,0,0,0,0,0,0,-1.24712858942229,59.5272273014409,0,4848,0,0,0,0,0,0,0,0,0,0,30.5,36.5,1490
0,0,0,0,0,0,0,0,0,0,0,0,0,0.000333144880886,4.84955372005835,0,4850,0,0,0,0,0,0,0,0,0,0,65.8,41.1,1420
0,0,0,0,0,0,0,0,0,0,0,0,0,13.2722652988306,140.951471605683,0,4853,0,0,0,0,0,0,0,0,0,0,10.5,49.6,1320
0,0,0,0,0,0,0,0,0,0,0,0,0,-15.3706049961163,169.905975470124,0,4855,0,0,0,0,0,0,0,0,0,0,30.6,55.4,1240
0,0,0,0,0,0,0,0,0,0,0,0,0,42.8154197820494,227.256087206316,0,4857,0,0,0,0,0,0,0,0,0,0,39.6,68.3,1150
0,0,0,0,0,0,0,0,0,0,0,0,0,-1.8874868210568,11.679244649099,0,4859,0,0,0,0,0,0,0,0,0,0,87.7,14.1,1080
0,0,0,0,0,0,0,0,0,0,0,0,0,-5.41273481977519,34.2706684932884,0,4861,0,0,0,0,0,0,0,0,0,0,1.25,46.7,998
0,0,0,0,0,0,0,0,0,0,0,0,0,3.59355048700553,52.4045589561096,0,4863,0,0,0,0,0,0,0,0,0,0,12.4,102,914
0,0,0,0,0,0,0,0,0,0,0,0,0,-1.24491780593273,58.8055194982863,0,4865,0,0,0,0,0,0,0,0,0,0,43.2,24.9,820
0,0,0,0,0,0,0,0,0,0,0,0,0,-0.36442003651525,51.1862110078109,0,4867,0,0,0,0,0,0,0,0,0,0,20.4,33.9,721
0,0,0,0,0,0,0,0,0,0,0,0,0,-1.59628816951827,126.737709942247,0,4869,0,0,0,0,0,0,0,0,0,0,53.1,15.2,652
0,0,0,0,0,0,0,0,0,0,0,0,0,-0.757686471189822,4.92784426950288,0,4871,0,0,0,0,0,0,0,0,0,0,51.8,38.1,559
0,0,0,0,0,0,0,0,0,0,0,0,0,0.964559081682712,24.4403035835522,0,4873,0,0,0,0,0,0,0,0,0,0,20.9,79.1,468
0.465520113706589,0.3278828561306,1.13280820846558,2.23947167396545,1.67955803871155,1.15947878360748,0,0,0,0.811188817024231,1.80672264099121,0.904979586601257,0,0.62103971207654,6.63736644118408,0,4876,427,131,431,138,509,149,497,125,546,122,15.8,80.8,403
0.460417240858078,0.31489172577858,1.11830079555511,2.59552979469299,2.16130089759827,1.03547239303589,0.843590140342712,0.952980697154999,0.735617101192474,0.826588690280914,0.844210803508759,0.874172210693359,1.03512704372406,3.38719967379031,92.5604014064005,0,4878,397,226,355,236,437,242,423,223,490,216,19.8,14.4,402
0.46053546667099,0.317573577165604,1.14577233791351,2.31868433952332,2.03181791305542,1.02260005474091,0.826267957687378,0.883009731769562,0.738128840923309,0.827714204788208,0.870846331119537,0.92048192024231,1.04968154430389,0.727027368653132,9.08267839164705,0,4880,370,231,329,238,414,242,399,225,467,219,20.1,19.1,370
0.438105463981628,0.320627748966217,1.12325644493103,1.98255097866058,1.63479816913605,1.0028338432312,0.897942364215851,0.890460669994354,0.699520885944366,0.788804054260254,0,1.54929578304291,0,-0.536468891108847,6.58934938068689,0,4882,641,197,672,210,714,237,719,186,750,185,20,25.8,339
0.42058938741684,0.349189102649689,1.10179078578949,1.98638999462128,1.69258952140808,1.03881299495697,0.849247992038727,0.912069439888001,0,0.833474636077881,0.876640439033508,0.882262766361237,1.02182912826538,-2.68863953687772,25.8898310841341,0,4884,544,208,555,218,598,242,596,189,635,188,6.43,30.1,342
0,0,0,0,0,0,0,0,0,0,0,0,0,1.10677388197992,54.8780230693407,0,4886,0,0,0,0,0,0,0,0,0,0,19.2,27.9,304
0,0,0,0,0,0,0,0,0,0,0,0,0,1.00473391058649,36.0004474350396,0,4888,0,0,0,0,0,0,0,0,0,0,17.5,33.1,283
0,0,0,0,0,0,0,0,0,0,0,0,0,-1.36264172039555,15.075021391439,0,4890,0,0,0,0,0,0,0,0,0,0,5.49,27.8,268
0,0,0,0,0,0,0,0,0,0,0,0,0,-4.75745625469945,19.4526423020118,0,4892,0,0,0,0,0,0,0,0,0,0,3.09,21.7,247
0,0,0,0,0,0,0,0,0,0,0,0,0,7.99540968632738,17.4790389442387,0,4894,0,0,0,0,0,0,0,0,0,0,19.8,2.98,235
0,0,0,0,0,0,0,0,0,0,0,0,0,26.3424834083566,37.8110690098918,0,4897,0,0,0,0,0,0,0,0,0,0,23.4,27.2,210
0,0,0,0,0,0,0,0,0,0,0,0,0,-2.81026868522063,6.22954497121076,0,4899,0,0,0,0,0,0,0,0,0,0,7.82,31.1,174
0,0,0,0,0,0,0,0,0,0,0,0,0,15.1705994046158,25.1333560777791,0,4901,0,0,0,0,0,0,0,0,0,0,17.8,12.1,152
0,0,0,0,0,0,0,0,0,0,0,0,0,-2.51013599475623,28.6197015544658,0,4903,0,0,0,0,0,0,0,0,0,0,16.9,15.9,157
0.435785502195358,0.322500258684158,1.12504780292511,2.20476770401001,1.75779342651367,1.05990123748779,0.897470951080322,0.950564622879028,0.758530795574188,0.818891584873199,0.85518741607666,0.886106371879578,0.999168992042542,46.5606192486997,95.6707931453192,0,4905,456,498,452,514,509,537,504,495,546,495,33.7,27.4,117
0.435200363397598,0.329043239355087,1.1127405166626,2.38609385490417,1.84417498111725,1.08137965202332,0.86910492181778,0.907208263874054,0.753117740154266,0.820012807846069,0.839395344257355,0.89693558216095,0.991727650165558,0.750697120531019,1.37670132305527,0,4907,445,500,417,515,483,535,475,501,522,503,31.7,26.4,143
0.467412769794464,0.319104731082916,1.14849555492401,2.33048343658447,1.95289027690887,1.07582581043243,0.854978680610657,0.867824792861939,0.72301185131073,0.860249519348145,0.848992466926575,0.850935816764832,0.994403004646301,1.47635536228352,5.5405261059415,0,4909,361,504,370,517,447,532,433,504,493,503,4.91,38.4,134
0.474446535110474,0.315562784671783,1.17351043224335,2.41455340385437,1.89092814922333,1.0721447467804,0.859299421310425,0.943131625652313,0.729427576065064,0.85730654001236,0.849932432174683,0.847227215766907,0.962139427661896,-6.54820170191892,12.3590225185672,0,4911,364,503,356,517,432,529,422,503,478,501,1.12,37.2,131
0.445875108242035,0.310293108224869,1.13140630722046,2.39574193954468,1.87871778011322,1.0417845249176,0.836641371250153,0.922199845314026,0.748230695724487,0.817341506481171,0.814487636089325,0.852483332157135,1.02044332027435,10.2495543248111,32.998946803069,0,4913,367,504,355,515,433,527,425,501,481,499,5.57,11.5,160
0.478163659572601,0.319710612297058,1.14078414440155,2.63984799385071,2.03459191322327,1.01757788658142,0.853645741939545,0.915836095809937,0.765365779399872,0.845357298851013,0.863570392131805,0.902861416339874,1.00050818920136,0.347189133294354,6.82765918494134,0,4915,344,507,314,518,393,527,380,506,442,502,3.58,17.4,172
0.469135314226151,0.31894713640213,1.10958588123322,2.3780357837677,1.89520645141602,1.25461065769196,0.823345482349396,0.979201316833496,0.744912385940552,0.866876721382141,0.832322835922241,0.874377012252808,0.996095657348633,0.210474881057959,2.11613756475485,0,4918,308,508,316,517,395,527,382,507,446,502,0.388,5.74,214
0,0,0,0,0,0,0,0,0,0,0,0,0,3.14241864259589,25.8060036588813,0,4920,0,0,0,0,0,0,0,0,0,0,8.3,2.27,254
0,0,0,0,0,0,0,0,0,0,0,0,0,-6.32429471547552,48.5204802261644,0,4922,0,0,0,0,0,0,0,0,0,0,16.9,7.72,260
0,0,0,0,0,0,0,0,0,0,0,0,0,22.9206325447554,50.890083402695,0,4924,0,0,0,0,0,0,0,0,0,0,18.5,9.71,250
0,0,0,0,0,0,0,0,0,0,0,0,0,55.4886217065411,57.0439418665866,0,4926,0,0,0,0,0,0,0,0,0,0,20.3,9.03,262
0,0,0,0,0,0,0,0,0,0,0,0,0,125.406216229976,126.212216377536,0,4928,0,0,0,0,0,0,0,0,0,0,34.2,25.2,242
0,0,0,0,0,0,0,0,0,0,0,0,0,8.45612400949808,11.3853498730205,0,4930,0,0,0,0,0,0,0,0,0,0,39.6,21.9,216
0.397059470415115,0.370994508266449,1.17737698554993,1.86419129371643,1.59256851673126,0.938718020915985,0.80215460062027,0.874324321746826,0.709698975086212,0.808080494403839,0.841571629047394,0.886765658855438,1.0607430934906,72.9971858669957,87.2917776233501,0,4932,630,152,616,128,551,143,587,187,556,200,41.2,72.5,206
0,0,0,0,0,0,0,0,0,0,0,0,0,10.9071825830483,19.8593921412789,0,4934,0,0,0,0,0,0,0,0,0,0,49.8,84.1,193
0,0,0,0,0,0,0,0,0,0,0,0,0,81.8636708469502,129.71407383662,0,4936,0,0,0,0,0,0,0,0,0,0,27.6,78.7,183
0,0,0,0,0,0,0,0,0,0,0,0,0,4.1381401532975,30.8782161621955,0,4939,0,0,0,0,0,0,0,0,0,0,53.7,71.8,240
0,0,0,0,0,0,0,0,0,0,0,0,0,125.623992658761,168.165717509394,0,4941,0,0,0,0,0,0,0,0,0,0,57.9,79,311
0,0,0,0,0,0,0,0,0,0,0,0,0,-58.4057709750621,81.1186420582754,0,4943,0,0,0,0,0,0,0,0,0,0,29,54.4,394
0,0,0,0,0,0,0,0,0,0,0,0,0,-64.201472127564,115.170520037281,0,4945,0,0,0,0,0,0,0,0,0,0,22.8,63.9,472
0,0,0,0,0,0,0,0,0,0,0,0,0,4.4208420898219,18.7167000169786,0,4947,0,0,0,0,0,0,0,0,0,0,9.65,55.4,589
0,0,0,0,0,0,0,0,0,0,0,0,0,11.990397034362,30.8744945910053,0,4949,0,0,0,0,0,0,0,0,0,0,18.6,8.03,668
0,0,0,0,0,0,0,0,0,0,0,0,0,17.0546893160288,23.4794206073101,0,4951,0,0,0,0,0,0,0,0,0,0,7.57,12.5,741
0,0,0,0,0,0,0,0,0,0,0,0,0,-34.431277258099,48.0756288094278,0,4953,0,0,0,0,0,0,0,0,0,0,30.3,54.1,782
0,0,0,0,0,0,0,0,0,0,0,0,0,30.3226708821191,37.0049550765575,0,4955,0,0,0,0,0,0,0,0,0,0,55.9,75.9,777
0,0,0,0,0,0,0,0,0,0,0,0,0,-12.4345504632944,13.4399677480996,0,4957,0,0,0,0,0,0,0,0,0,0,38.8,76.5,735
0.408687055110931,0.383740603923798,1.16447842121124,1.59944307804108,1.44629871845245,1.14549481868744,0.870013475418091,0.88568377494812,0.87488329410553,0.783504664897919,0.878221094608307,0.876950740814209,1.06339287757874,-30.9140377173547,44.0453330701115,0,4960,549,383,534,433,486,372,479,427,436,432,14.6,73.8,604
0.41203898191452,0.333693832159042,1.18710219860077,1.89956521987915,1.61017191410065,1.02768838405609,0.868914544582367,0.906051695346832,0,0.80908340215683,0.854282200336456,0.881434619426727,1.05007064342499,16.089585777204,34.8298424885895,0,4962,634,365,645,365,592,323,584,373,545,360,7.65,47,490
0.403810888528824,0.348331063985825,1.21021950244904,1.66541397571564,1.59793269634247,0.985636234283447,0.908814609050751,0.90628057718277,0.763502478599548,0.826399028301239,0.86021614074707,0.882284939289093,1.07845556735992,22.5358871294315,41.0851461419527,0,4964,576,458,591,440,541,389,530,436,497,414,10.7,30.5,327
0,0,0,0,0,0,0,0,0,0,0,0,0,16.3809193378686,19.0376686231284,0,4966,0,0,0,0,0,0,0,0,0,0,8.26,20.3,138
0,0,0,0,0,0,0,0,0,0,0,0,0,-15.028214138021,76.0622481396842,0,4968,0,0,0,0,0,0,0,0,0,0,23.8,2.47,11.9
0.419977724552155,0.343048453330994,1.23151385784149,1.63966906070709,1.51547861099243,1.00664222240448,1.34166669845581,0,0,0.731108903884888,0.835923552513123,0.863647162914276,0,-2.88133840078448,5.68753497701128,0,4970,516,272,522,250,462,271,493,307,461,327,27,5.22,190
0.483186423778534,0.3302221596241,1.22259342670441,1.72267270088196,1.52724730968475,0.99761688709259,0,0.861580610275269,0.754188477993012,0.830994606018066,0.873696386814117,0.879965007305145,0.828044295310974,-6.17441657011625,8.81057452580609,0,4972,632,179,572,194,520,219,553,253,525,278,13.8,32.4,318
0,0,0,0,0,0,0,0,0,0,0,0,0,79.2116602830169,96.121585731132,0,4974,0,0,0,0,0,0,0,0,0,0,28.8,48.7,386
0,0,0,0,0,0,0,0,0,0,0,0,0,40.1691754738647,53.8202412621279,0,4976,0,0,0,0,0,0,0,0,0,0,30.9,43,443
0,0,0,0,0,0,0,0,0,0,0,0,0,8.47739484466539,10.8069274355479,0,4978,0,0,0,0,0,0,0,0,0,0,36.9,55.8,438
0,0,0,0,0,0,0,0,0,0,0,0,0,40.6565919387042,103.526298513404,0,4981,0,0,0,0,0,0,0,0,0,0,35.3,89.7,344
0,0,0,0,0,0,0,0,0,0,0,0,0,17.903400214026,98.52498250006,0,4983,0,0,0,0,0,0,0,0,0,0,17.3,78.5,226
0,0,0,0,0,0,0,0,0,0,0,0,0,-53.750891556584,117.361473138756,0,4985,0,0,0,0,0,0,0,0,0,0,32.3,46.3,110
0.397727310657501,0.359059572219849,1.1797456741333,1.53846156597137,0,1.07689619064331,0,0,1.05155026912689,0.79560649394989,0.931825041770935,0.877428233623505,0,-6.65193454203162,9.53988329125253,0,4987,538,299,535,329,506,393,552,395,0,0,25,26.3,76.4
0.419728398323059,0.363356024026871,1.21373534202576,1.56608629226685,1.61472654342651,0.995807468891144,0.869334757328033,0.883779287338257,0.950169324874878,0.833590030670166,0.864728569984436,0.85664302110672,1.12119007110596,20.9546282924961,30.4826540390624,0,4989,536,551,529,525,492,583,534,594,522,636,8.96,15.7,222
0.4304119348526,0.354442000389099,1.39344453811646,1.5117928981781,1.5454044342041,1.11954414844513,0.791934311389923,0.931336581707001,0.820308029651642,0.835668087005615,0.853452563285828,0.843620002269745,1.04343175888062,-30.6578330700617,56.5405919152971,0,4991,464,477,490,491,446,542,490,560,477,596,20.3,26.3,343
0,0,0,0,0,0,0,0,0,0,0,0,0,12.174847299127,18.2291837130513,0,4993,0,0,0,0,0,0,0,0,0,0,28,32.2,430
0,0,0,0,0,0,0,0,0,0,0,0,0,-38.530979719828,91.8136888137164,0,4995,0,0,0,0,0,0,0,0,0,0,28.9,49.9,499
0.428786754608154,0.35850328207016,1.24690878391266,1.42223727703094,1.46053814888001,0.998123526573181,0.852945327758789,0.884168922901154,0.854113101959229,0.830655515193939,0.859109222888947,0.871638298034668,1.11062204837799,3.25942185462878,4.94849873124655,0,4997,631,249,610,233,554,263,590,296,559,333,28.1,40.9,519
0,0,0,0,0,0,0,0,0,0,0,0,0,-16.7939200149248,26.6452035101986,0,4999,0,0,0,0,0,0,0,0,0,0,10.4,55.3,485
0,0,0,0,0,0,0,0,0,0,0,0,0,-27.5419102727198,78.7801811511292,0,5002,0,0,0,0,0,0,0,0,0,0,14.7,53.6,372
0,0,0,0,0,0,0,0,0,0,0,0,0,-54.5815751593951,90.9056356231954,0,5004,0,0,0,0,0,0,0,0,0,0,22.4,42.6,265
0.493379384279251,0.378439962863922,1.25343871116638,1.40856790542603,1.36573255062103,0.971400380134583,0,0,0.785643041133881,0.820471286773682,0.901432931423187,0.892728805541992,0,5.15289516135685,23.3290622396723,0,5006,129,251,214,262,160,220,153,265,121,250,23.6,27.2,142
0,0,0,0,0,0,0,0,0,0,0,0,0,62.8410384368245,66.0316804995157,0,5008,0,0,0,0,0,0,0,0,0,0,20.7,40.5,58
0,0,0,0,0,0,0,0,0,0,0,0,0,-20.0203345643447,38.5674827858104,0,5010,0,0,0,0,0,0,0,0,0,0,21.4,19.4,174
0,0,0,0,0,0,0,0,0,0,0,0,0,-53.3916568680755,142.390214551379,0,5012,0,0,0,0,0,0,0,0,0,0,16.7,16.6,275
0,0,0,0,0,0,0,0,0,0,0,0,0,15.6255614996958,27.0905848783905,0,5014,0,0,0,0,0,0,0,0,0,0,43.2,22,398
0,0,0,0,0,0,0,0,0,0,0,0,0,-125.258163675132,135.631270044797,0,5016,0,0,0,0,0,0,0,0,0,0,36.1,27,468
0.466276615858078,0.350708693265915,1.41065812110901,1.31630969047546,1.16666662693024,1.0570205450058,0,0.895615875720978,0.860411882400513,0.810930669307709,0.837586998939514,0.857679665088654,1.05523014068604,58.3342450071112,58.4573215995316,0,5018,431,77.1,442,138,458,192,498,164,521,195,54.7,54.9,524
0,0,0,0,0,0,0,0,0,0,0,0,0,58.8955289790263,59.038958642554,0,5020,0,0,0,0,0,0,0,0,0,0,30.7,81.2,566
0,0,0,0,0,0,0,0,0,0,0,0,0,16.1830560220265,19.5854384734228,0,5022,0,0,0,0,0,0,0,0,0,0,55.3,51,583
0,0,0,0,0,0,0,0,0,0,0,0,0,70.734088494789,118.230566891508,0,5025,0,0,0,0,0,0,0,0,0,0,24.7,39.1,566
0.446068108081818,0.326323717832565,1.26340281963348,1.45163035392761,1.44640111923218,1.01268172264099,0.879461109638214,0.884176194667816,0.741081058979034,0.807932078838348,0.84278678894043,0.860092580318451,0.981341600418091,-20.6940923266817,27.3399491198224,0,5027,423,414,433,435,491,453,487,409,537,411,30.7,46.6,538
0.468400031328201,0.330570697784424,1.24742877483368,1.51462864875793,1.48502814769745,1.00025010108948,0.900317192077637,0.88365650177002,0.786113619804382,0.862389326095581,0.870992541313171,0.894246101379395,0.986178874969482,-13.3796122771198,52.1333773067511,0,5029,391,413,384,438,448,456,438,416,485,417,2.62,47.5,501
0.454102456569672,0.315764933824539,1.26169276237488,1.44468414783478,1.47932493686676,1.07949197292328,0.886767506599426,0.874108076095581,0.696752190589905,0.867684602737427,0.862479090690613,0.909240126609802,0.997735857963562,-9.4063542325677,11.358159727776,0,5031,364,418,364,439,433,456,421,419,475,416,8.82,55.4,475
0.463844448328018,0.316882789134979,1.29819691181183,1.43594551086426,1.4635945558548,1.12591481208801,0.845740497112274,0.910216689109802,0.664193868637085,0.891359448432922,0.876178681850433,0,0,-39.1123000475167,67.2557567446271,0,5033,328,422,312,440,390,453,380,423,438,417,5.87,14.6,413
0.510019898414612,0.322614967823029,1.42470109462738,1.35844314098358,0,0.987143218517303,0,0,0,0.511014044284821,0,0.87541276216507,0.904986500740051,-31.9419672204375,38.6658103482179,0,5035,466,353,370,441,457,405,408,419,0,0,8.25,34.4,372
0,0,0,0,0,0,0,0,0,0,0,0,0,-58.5757986927029,65.9762571622591,0,5037,0,0,0,0,0,0,0,0,0,0,12.7,7.29,316
0,0,0,0,0,0,0,0,0,0,0,0,0,-95.408091866171,100.81597986524,0,5039,0,0,0,0,0,0,0,0,0,0,23.4,26,244
0,0,0,0,0,0,0,0,0,0,0,0,0,29.6745606900579,42.2870041776603,0,5041,0,0,0,0,0,0,0,0,0,0,12.4,20,207
0,0,0,0,0,0,0,0,0,0,0,0,0,81.4727535952512,87.0171177419812,0,5043,0,0,0,0,0,0,0,0,0,0,27,26.9,191
0.393932044506073,0.366151332855225,1.2985532283783,1.32121217250824,1.4092732667923,1.03285682201386,0.854379951953888,0,0.846914231777191,0.797334015369415,0.875810742378235,0.858675062656403,0.975524485111237,-1.46075969244184,1.54018780089531,0,5046,428,281,497,279,422,254,447,302,418,307,41.6,29.3,154
0.400666385889053,0.325108647346497,1.3107293844223,1.43253529071808,1.3962037563324,1.05462372303009,0,0.883070290088654,0.872648358345032,0.791300654411316,0.865739166736603,0.878934144973755,1.01311266422272,-21.5401847316362,28.4312988372513,0,5048,607,319,563,286,508,258,509,307,467,304,13.2,49.5,155
0.395620673894882,0.34039568901062,1.30527782440186,1.41244614124298,1.38139593601227,0.990567624568939,0,0.862258970737457,0.726213574409485,0.800207853317261,0.820086240768433,0.869333267211914,0.851243793964386,16.8322198128017,24.3251059813434,0,5050,703,386,763,375,711,329,708,376,677,356,35.2,49,146
0.387504309415817,0.331682950258255,1.29842388629913,1.4304301738739,1.35886168479919,0.970141291618347,0.836891889572144,0.868166446685791,0.974913895130158,0.795133292675018,0.85342401266098,0.877149403095245,0.978249847888947,-2.25227173245008,48.047574689135,0,5052,669,325,686,295,628,264,630,312,588,308,8.59,25.7,133
0.404943853616715,0.344983547925949,1.28071892261505,1.41915702819824,1.35698926448822,0.963510692119598,0.802441298961639,0.90233314037323,0.822641491889954,0.800378262996674,0.864030122756958,0.870986700057983,0.997956156730652,33.394522761759,64.3194870694261,0,5054,313,430,321,426,284,373,266,419,230,397,25.3,21.7,136
0.464457750320435,0.335359811782837,1.31095683574677,1.41479873657227,1.35938608646393,1.00373983383179,0.862000346183777,0.879214107990265,0.875268816947937,0.768374979496002,0.852038979530335,0.859182715415955,1.01827549934387,-2.55997169921563,5.15844328444285,0,5056,285,378,285,406,237,365,223,409,190,393,29.4,9.48,162
0,0,0,0,0,0,0,0,0,0,0,0,0,29.9222132358091,37.3508629019044,0,5058,0,0,0,0,0,0,0,0,0,0,9.15,17.9,182
0.420237541198731,0.367384761571884,1.26376795768738,1.37522542476654,1.29870128631592,1.02998924255371,0.81355482339859,0.819444417953491,0.915749371051788,0.817004680633545,0.863052785396576,0.879948735237122,1.040891289711,73.2511097166768,118.910055453278,0,5060,342,105,313,158,280,207,323,220,330,215,62,44,237
0,0,0,0,0,0,0,0,0,0,0,0,0,29.1882514607898,37.2738512448059,0,5062,0,0,0,0,0,0,0,0,0,0,64.6,55.7,271
0.395642876625061,0.337805986404419,1.31567668914795,1.475257396698,1.36677157878876,0.986776232719421,0.870375275611877,0.891056299209595,0.837849676609039,0.81943279504776,0.839316666126251,0.866199791431427,1.0712149143219,-6.62951492393977,14.3658611750321,0,5064,638,467,616,468,591,532,636,528,632,578,61.7,109,324
0,0,0,0,0,0,0,0,0,0,0,0,0,15.1081243074366,29.5663355154187,0,5067,0,0,0,0,0,0,0,0,0,0,6.21,129,395
0,0,0,0,0,0,0,0,0,0,0,0,0,-19.0539520405359,29.1314306268884,0,5069,0,0,0,0,0,0,0,0,0,0,14.4,84.5,464
0.453135907649994,0.368247896432877,1.24250388145447,1.49993753433228,1.32019114494324,1.1123880147934,0.868421077728272,0.886178851127625,0.812297761440277,0.70492148399353,0.876208007335663,0.754326522350311,1.05989909172058,30.1726626414969,37.1915764119266,0,5071,608,128,629,105,580,152,622,166,586,197,4.71,26.1,533
0.407917946577072,0.366419821977615,1.23060059547424,1.44595992565155,1.29289472103119,1.0039587020874,0.919282495975494,0.88167941570282,0.914040088653564,0.826008498668671,0.881969153881073,0.886715173721314,1.06923544406891,24.0372105360762,36.1044919144745,0,5073,646,173,604,177,552,213,590,238,568,278,32.9,28.9,609
0,0,0,0,0,0,0,0,0,0,0,0,0,39.6135751928292,48.4926790667401,0,5075,0,0,0,0,0,0,0,0,0,0,28.8,13.6,681
0,0,0,0,0,0,0,0,0,0,0,0,0,2.87251630955333,17.3871863376656,0,5077,0,0,0,0,0,0,0,0,0,0,25.1,46.6,760
0,0,0,0,0,0,0,0,0,0,0,0,0,23.7137540897381,28.8867319803453,0,5079,0,0,0,0,0,0,0,0,0,0,27.1,53.8,821
0,0,0,0,0,0,0,0,0,0,0,0,0,-0.59065741631186,68.3559989408337,0,5081,0,0,0,0,0,0,0,0,0,0,33.5,64.7,887
0,0,0,0,0,0,0,0,0,0,0,0,0,58.7458928005978,59.7969981764683,0,5083,0,0,0,0,0,0,0,0,0,0,14,63.5,919
0,0,0,0,0,0,0,0,0,0,0,0,0,180.498264871234,202.224004971109,0,5085,0,0,0,0,0,0,0,0,0,0,77.7,86.3,957
0,0,0,0,0,0,0,0,0,0,0,0,0,27.8582794064275,44.8946029998268,0,5088,0,0,0,0,0,0,0,0,0,0,69.8,128,974
0,0,0,0,0,0,0,0,0,0,0,0,0,84.5913455591003,106.705464307565,0,5090,0,0,0,0,0,0,0,0,0,0,84.3,156,1000
0.412421256303787,0.34996086359024,1.20102286338806,1.5215220451355,0.791999995708466,1.01663994789124,0,0.892265200614929,0.938053071498871,0.793173372745514,0.793379962444305,0.894709289073944,0.840090811252594,52.4764718047035,76.9461713780381,0,5092,416,130,435,196,408,250,455,249,465,115,37.6,121,998
0.418108731508255,0.324566900730133,1.16567027568817,1.40274107456207,0,1.02819621562958,0,0.84356290102005,0,0.776410758495331,0.912812948226929,0,1.12393891811371,41.7213077314715,54.1983811528846,0,5094,477,331,481,365,463,426,507,422,0,0,26.6,148,1050
0.409435361623764,0.336645931005478,1.19063413143158,1.49394381046295,1.27735269069672,1.00264716148376,0.90703946352005,0.891844987869263,0.861341059207916,0.810657203197479,0.899664044380188,0.878564536571503,1.03068518638611,15.6952273454346,56.6249371972172,0,5096,429,318,390,295,400,361,440,340,451,369,51.7,97.7,1100
0.385414123535156,0.3460433781147,1.23755550384521,1.45350480079651,1.31680381298065,1.02113711833954,0.940528035163879,0,0.724296808242798,0.869677603244782,0.884513199329376,0.89923882484436,1.08298051357269,-4.79784899703351,5.35260223987868,0,5098,459,227,397,206,391,275,437,258,440,303,21.8,84.2,1160
0.48458269238472,0.323158085346222,1.21070075035095,1.47173380851746,1.40068972110748,0.994142234325409,0.828892588615418,0,0.845435678958893,0.824123382568359,0.862955033779144,0.86696320772171,1.01271748542786,49.8043326911776,52.7527778505044,0,5100,491,405,484,444,444,499,490,504,479,543,16.6,92.5,1240
0.425609350204468,0.329939961433411,1.18002450466156,1.54622805118561,1.35227000713348,1.02126169204712,0.906602740287781,0.896334111690521,0.87191104888916,0.882554650306702,0.863703370094299,0.888419985771179,0.993368446826935,-40.1372224803495,46.9459508079617,0,5102,518,433,492,417,442,459,485,479,464,514,34.4,69.2,1350
0.40959969162941,0.335056602954864,1.19221079349518,1.49578058719635,1.31162190437317,0.980410873889923,0.92654025554657,0.89266574382782,0.738277494907379,0.830249488353729,0.864583313465118,0.883443117141724,0.986988842487335,-52.2188550054078,55.3765669584874,0,5104,581,358,554,354,496,396,539,414,507,456,18.3,63.1,1400
0.407598286867142,0.348835617303848,1.18241357803345,1.42517936229706,1.3020498752594,1.00364100933075,0.904944777488709,0.941853046417236,0.676963150501251,0.847094058990479,0.890200078487396,0.883375346660614,1.04409408569336,27.5711262166281,56.4382080483869,0,5106,451,649,433,615,385,668,428,677,405,716,13.3,62.2,1480
0,0,0,0,0,0,0,0,0,0,0,0,0,-45.9118291151151,50.3587679257493,0,5109,0,0,0,0,0,0,0,0,0,0,9.77,23.5,1520
0,0,0,0,0,0,0,0,0,0,0,0,0,69.5744535773365,74.6112161888129,0,5111,0,0,0,0,0,0,0,0,0,0,21.2,18.7,1530
0,0,0,0,0,0,0,0,0,0,0,0,0,93.1125810215524,105.384117406247,0,5113,0,0,0,0,0,0,0,0,0,0,28.9,8.46,1460
0,0,0,0,0,0,0,0,0,0,0,0,0,-63.2312402174818,66.6161800397457,0,5115,0,0,0,0,0,0,0,0,0,0,40.3,8.58,1400
0.508809447288513,0.35211580991745,1.09534049034119,1.50389170646667,0,1.08220481872559,0.795725464820862,0,0.718211650848389,0.828642666339874,0.84984028339386,0.88320803642273,1.04670214653015,72.7445689746383,74.7997025042876,0,5117,382,313,360,375,333,431,378,436,0,0,49.5,69.1,1300
0.392525285482407,0.345831215381622,1.17514359951019,1.48109030723572,1.30704617500305,1.01381933689117,0.891480982303619,0.893735408782959,0.799961388111115,0.823659598827362,0.834670603275299,0.876803457736969,1.00980663299561,-28.0730670543472,29.2497477730055,0,5119,448,321,428,321,400,386,447,381,444,427,45.5,76.7,1170
0,0,0,0,0,0,0,0,0,0,0,0,0,-5.65278970485839,5.94714062026469,0,5121,0,0,0,0,0,0,0,0,0,0,3.33,104,1070
0.388704419136047,0.345134913921356,1.13581502437592,1.54285264015198,1.34579634666443,1.01108086109161,0.860280275344849,0.891534388065338,0.746785938739777,0.847304463386536,0.878868401050568,0.881574332714081,1.01274812221527,24.7042540116458,25.7608176547052,0,5123,478,629,472,611,457,680,500,669,504,715,7.5,77.1,979
0.406675070524216,0.381462156772614,1.21644246578217,1.33657824993134,1.22866773605347,1.05800318717957,0,0.953676879405975,0.880323052406311,0.845516562461853,0.895699918270111,0.873922109603882,1.05172419548035,25.8292975236528,31.3702937369696,0,5125,434,639,415,558,392,625,440,622,442,635,16.6,15.8,848
0,0,0,0,0,0,0,0,0,0,0,0,0,-43.3924582377859,43.6572966675843,0,5127,0,0,0,0,0,0,0,0,0,0,37,15.7,756
0,0,0,0,0,0,0,0,0,0,0,0,0,84.6566613387259,92.3636559306835,0,5130,0,0,0,0,0,0,0,0,0,0,33.5,35.7,667
0,0,0,0,0,0,0,0,0,0,0,0,0,4.11714186501884,5.14510865078404,0,5132,0,0,0,0,0,0,0,0,0,0,24.3,35.9,641
0.412165105342865,0.351164400577545,1.18348848819733,1.3883683681488,1.30312848091125,1.01419866085053,0,0,0,0.806727468967438,0.894913971424103,0.877532184123993,0,17.7870595876107,20.1426657310972,0,5134,372,140,384,173,328,213,371,234,352,271,37.4,8.75,586
0.402097642421722,0.368340671062469,1.13747084140778,1.38652038574219,1.36252522468567,1.0283842086792,0.880790174007416,0.900713980197907,0.715049684047699,0.81490570306778,0.840511441230774,0.867045760154724,0.959442019462585,26.0213696238536,26.221361709465,0,5136,478,217,462,166,411,213,453,223,430,252,31.8,30.4,546
0,0,0,0,0,0,0,0,0,0,0,0,0,-3.86550838456105,11.2083300944507,0,5138,0,0,0,0,0,0,0,0,0,0,7.66,59.2,521
0.400119721889496,0.338048756122589,1.15869379043579,1.4270738363266,1.40825378894806,1.01030194759369,0.821081161499023,0.930813133716583,0.6889927983284,0.789330363273621,0.831828534603119,0.870264887809753,0.981311202049255,4.34820600040204,4.38289778152493,0,5140,482,302,468,272,432,333,474,333,462,382,9.18,58.2,479
0.394501864910126,0.337196975946426,1.1443966627121,1.33607935905457,1.30870306491852,0.99180281162262,0.870016813278198,0.893599331378937,0.745880424976349,0.787100672721863,0.79086434841156,0.870019555091858,0.953449964523315,5.5310745478181,7.95467660856904,0,5142,463,341,447,329,417,391,462,389,455,436,9.64,26.7,424
0.397842854261398,0.332965642213821,1.1747453212738,1.37404191493988,1.35560286045074,1.02552044391632,0.853976726531982,0.882736146450043,0.689593315124512,0.820649147033691,0.829825341701508,0.852706015110016,0.958346664905548,-0.869170922000198,7.44171894656494,0,5144,475,325,462,318,428,381,473,378,462,428,0.804,5.7,386
0.402021169662476,0.34792560338974,1.16301131248474,1.33493101596832,1.32250142097473,0.989228546619415,0.833915293216705,0.898863613605499,0.681063711643219,0.817627727985382,0.805289328098297,0.866767048835754,0.951690793037415,-13.1891334245263,16.7668995424821,0,5146,472,329,456,332,425,396,467,391,458,444,1.37,3.34,344
0.397346049547195,0.344788759946823,1.15533745288849,1.34749412536621,1.34239220619202,1.03091859817505,0.840869903564453,0.89611828327179,0.652440071105957,0.799883484840393,0.813309550285339,0.862752437591553,0.969417929649353,-36.4342749734382,38.5901915817929,0,5148,462,355,449,343,417,407,462,402,455,452,3.14,5.66,304
0.400552839040756,0.346922248601913,1.11979234218597,1.28061747550964,1.29227268695831,1.01962411403656,0.871300458908081,0.928005278110504,0.645505607128143,0.814122021198273,0.828024029731751,0.852824330329895,0.942040205001831,-2.11281342310307,13.4152125215428,0,5150,468,357,456,344,422,407,466,403,457,452,6.81,4.54,280
0.399635791778564,0.34930545091629,1.1753888130188,1.36577570438385,1.30130517482758,1.03185272216797,0.869345188140869,0.916482150554657,0.655863165855408,0.796934366226196,0.812330007553101,0.862886130809784,0.972227871417999,28.6285380904886,29.9611443705461,0,5153,462,346,453,338,421,402,465,398,457,448,2.6,9.62,256
0.398366451263428,0.343838959932327,1.10472249984741,1.26939821243286,1.27086746692657,1.00047719478607,0.850187957286835,0.901543736457825,0.654793679714203,0.798946022987366,0.825119614601135,0.854224920272827,0.932985723018646,8.2196634781031,11.9145155267877,0,5155,461,345,449,336,420,400,464,395,456,446,5.79,1.62,241
0.400913327932358,0.340612202882767,1.166184425354,1.29712402820587,1.29399156570435,0.994630098342896,0.8525750041008,0.878220140933991,0.657331109046936,0.795279920101166,0.803695499897003,0.860971510410309,0.962138414382935,0.393642990676936,6.30914031937241,0,5157,447,343,445,335,415,401,459,394,453,446,1.66,4.77,216
0.40896686911583,0.332499593496323,1.12804925441742,1.22087180614471,1.28288614749908,1.0113959312439,0.881403625011444,0,0.729308784008026,0.803977072238922,0.828777194023132,0.869521260261536,0.933527410030365,13.0683538723124,13.4175422229669,0,5159,402,342,352,317,333,384,376,373,367,416,11.4,13.2,226
0.378478765487671,0.353814214468002,1.15086257457733,1.23865389823914,1.26584196090698,0.991561830043793,0.794364809989929,0.899599075317383,0.694910645484924,0.800728619098663,0.839503228664398,0.864014685153961,0.919243693351746,15.262800589686,17.1358802928755,0,5161,310,270,286,287,270,349,317,340,322,384,20.6,14,216
0.394543945789337,0.35483729839325,1.11617374420166,1.22969377040863,1.26736092567444,1.08571910858154,0.785249471664429,0.885782599449158,0.701281547546387,0.796171307563782,0.894219398498535,0.876053690910339,0.931623935699463,11.0727111603966,11.1282086273092,0,5163,419,212,463,191,432,254,477,249,470,299,7.53,15.1,191
0.402920484542847,0.324176639318466,1.16968476772308,1.21645951271057,1.30257737636566,0.99719911813736,0.873447179794312,0.89752322435379,0.717258274555206,0.787336826324463,0.821583986282349,0.854830801486969,0.919672131538391,-7.96389031201926,12.1202986304496,0,5165,495,266,479,256,444,317,491,316,480,360,1.92,20.6,173
0.403150141239166,0.358014285564423,0.970805466175079,1.05402636528015,0.987433314323425,1.14176380634308,0.95463639497757,0.989212512969971,0.943582952022553,1.00422847270966,0.974499106407166,1.04196894168854,0.983450353145599,32.9312629647693,33.3754363656899,0,5167,479,275,479,262,476,329,516,310,527,356,14,12.2,162
0.386968493461609,0.339367866516113,1.15372431278229,1.2110298871994,1.28235685825348,0.98142009973526,0.853776633739471,0.883295774459839,0.704351127147675,0.792598724365234,0.811986863613129,0.86464536190033,0.919410049915314,-42.7795268061127,45.4877634045441,0,5169,473,361,464,350,436,414,480,408,473,438,4.51,3.32,136
0.385533332824707,0.331391334533691,1.11111116409302,1.17563462257385,1.26613020896912,1.01650071144104,0.807129919528961,0.898929834365845,0.68184369802475,0.797274053096771,0.823728382587433,0.854473531246185,0.949249088764191,6.1449623952029,7.27339973148464,0,5171,466,372,456,374,429,438,472,432,468,482,3.63,20.5,124
0.380709767341614,0.341764032840729,1.19156312942505,1.15846168994904,1.28166282176971,1.018230676651,0.78114265203476,0.910573542118073,0.706130087375641,0.790680229663849,0.850700914859772,0.843174576759338,0.926787853240967,20.138479736366,22.77853970025,0,5174,435,390,434,382,410,446,457,440,453,486,3.41,20.3,122
0.378364473581314,0.349415063858032,1.13331961631775,1.13296246528625,1.23122143745422,1.04328417778015,0.842398881912231,0.935146450996399,0.796823382377625,0.794149518013001,0.844159841537476,0.853440701961517,0.924782633781433,8.107488557547,8.16847218434095,0,5176,451,384,442,362,415,425,460,419,458,461,11.7,7.2,130
0.44160395860672,1.06059491634369,0,0.975486636161804,0.982905983924866,0.978768646717072,0,0,0.965822756290436,0.991860032081604,0,0.986511945724487,0.909090936183929,-1.79511721602954,2.00118334713637,0,5178,423,255,457,225,0,0,495,176,531,153,14.7,14.5,126
0,0,0,0,0,0,0,0,0,0,0,0,0,-4.74413946276679,4.74887582610217,0,5180,0,0,0,0,0,0,0,0,0,0,13.2,31.9,160
0,0,0,0,0,0,0,0,0,0,0,0,0,-2.38573863570621,4.16393913903965,0,5182,0,0,0,0,0,0,0,0,0,0,6.1,22.9,174
0,0,0,0,0,0,0,0,0,0,0,0,0,19.1943824138618,20.8942098637336,0,5184,0,0,0,0,0,0,0,0,0,0,9.23,17.2,182
0,0,0,0,0,0,0,0,0,0,0,0,0,-15.322486035167,15.4372756246706,0,5186,0,0,0,0,0,0,0,0,0,0,9.95,10.7,210
0.395845204591751,0.358443260192871,1.1157705783844,1.13210701942444,1.23669791221619,0.987876713275909,0.857351362705231,0.930341005325317,0.764934062957764,0.815358221530914,0.811171233654022,0.851153492927551,0.961941361427307,-21.3791941330283,21.6660103582626,0,5188,322,343,305,337,289,405,332,392,331,446,10.9,13.1,226
0.398943901062012,0.373063415288925,1.10822200775146,1.13882529735565,1.20007824897766,1.02477622032166,0.831320703029633,0.903523981571198,0.672696232795715,0.790347874164581,0.860240697860718,0.856306135654449,0.907085299491882,-11.8637440531516,11.8850982146516,0,5190,318,342,302,339,285,406,328,394,330,446,12.7,22,228
0.397534400224686,0.361657708883286,1.10364270210266,1.12014651298523,1.2225569486618,0.990577757358551,0.855521321296692,0.934261023998261,0.755008697509766,0.783110082149506,0.834886789321899,0.857955753803253,0.914310574531555,10.4072307858167,16.37025454844,0,5192,313,342,297,337,281,405,323,392,323,444,0.972,19.4,243
0.400987982749939,0.326592236757278,0.9742551445961,1.04485416412354,1.41846346855164,1.03717148303986,0.966216206550598,0.96988183259964,0.968857049942017,0.97435849905014,0.853248059749603,0.977437853813171,0.988156914710999,13.1358621186433,13.2351385402935,0,5195,319,341,302,327,256,380,300,389,277,436,2.59,5.18,251
0.402421742677689,0.363309264183044,1.10770809650421,1.08936679363251,1.22295439243317,0.990382552146912,0.857629597187042,0.910377383232117,0.738461554050446,0.783792674541473,0.818828284740448,0.856640517711639,0.924149572849274,-5.04597450829855,14.6464317502317,0,5197,319,341,303,336,286,404,330,391,330,443,5.79,4.3,253
0.402283042669296,0.383129835128784,1.11815845966339,1.08928000926971,1.2011626958847,0.97936087846756,0.811133623123169,0.90153968334198,0.659868657588959,0.794336557388306,0.864802777767181,0.854389607906342,0.904737889766693,12.5408435954799,13.4201576707184,0,5199,318,340,301,335,285,402,328,391,329,442,6.63,6.69,237
0.397992879152298,0.363209813833237,1.09705829620361,1.09766292572021,1.2052971124649,1.00285220146179,0.836794197559357,0.90690690279007,0.75322836637497,0.785868465900421,0.824868321418762,0.863429427146912,0.917674720287323,-3.74246818941409,6.54957712774875,0,5201,310,340,299,322,282,388,325,377,326,425,1.95,8.48,236
0,0,0,0,0,0,0,0,0,0,0,0,0,22.3038014462249,22.6075652872258,0,5203,0,0,0,0,0,0,0,0,0,0,10.3,5.96,223
0,0,0,0,0,0,0,0,0,0,0,0,0,1.32058970552455,6.23145486270684,0,5205,0,0,0,0,0,0,0,0,0,0,15,13.1,189
0,0,0,0,0,0,0,0,0,0,0,0,0,-3.07425534057451,7.13365758056857,0,5207,0,0,0,0,0,0,0,0,0,0,13.4,25.5,161
0,0,0,0,0,0,0,0,0,0,0,0,0,5.35100477064602,11.4921010541783,0,5209,0,0,0,0,0,0,0,0,0,0,12.7,32.6,124
0,0,0,0,0,0,0,0,0,0,0,0,0,-6.36272211472196,23.8135250602621,0,5211,0,0,0,0,0,0,0,0,0,0,19,34.2,74.6
0.3686164021492,0.370301187038422,1.14035987854004,1.09388148784637,1.15307080745697,1.04319715499878,0.825905859470367,0.872662782669067,0.782352924346924,0.762155890464783,0.827950716018677,0.869852483272553,0.915757596492767,3.78132340846414,31.1510524560587,0,5213,413,476,427,509,431,568,474,548,489,591,30.2,34,31.1
0,0,0,0,0,0,0,0,0,0,0,0,0,-38.9310631226214,42.0906512947868,0,5216,0,0,0,0,0,0,0,0,0,0,13.5,29.8,41.3
0.374982416629791,0.418018251657486,0,1.10896944999695,1.0722451210022,1.07160317897797,0.831202030181885,0.876936316490173,0.661932945251465,0.790525674819946,0.926844418048859,0.847393095493317,0.916468918323517,36.1397480396287,36.2658451360495,0,5218,275,222,270,318,0,0,327,333,347,361,19.6,23.2,84.9
0,0,0,0,0,0,0,0,0,0,0,0,0,144.75067435096,150.423152698364,0,5220,0,0,0,0,0,0,0,0,0,0,26,27,123
0.419087827205658,0.389762043952942,1.17773056030273,1.20528924465179,1.1873881816864,0.992329776287079,0,0,0,0.818877398967743,0,0.876437664031982,0,18.853473446981,19.2217068856112,0,5222,571,61.9,543,29.1,522,88,563,81.2,554,125,8.15,41.4,156
0,0,0,0,0,0,0,0,0,0,0,0,0,74.4731954221647,84.6489362354312,0,5224,0,0,0,0,0,0,0,0,0,0,26.8,55,164
0.434767663478851,0.391688853502274,1.13831448554993,3.47208046913147,1.17653787136078,1.01106631755829,0.920492351055145,0.909090936183929,0.762711882591248,0.830862760543823,0.90519255399704,0.874974548816681,0.939614534378052,-33.9215653100684,34.0512854901547,0,5226,378,70.4,355,52.3,333,116,396,112,371,142,25.3,27.8,182
0,0,0,0,0,0,0,0,0,0,0,0,0,-8.5742196053116,8.83188560456096,0,5228,0,0,0,0,0,0,0,0,0,0,19.1,56,163
0.514220476150513,0.379512399435043,1.08561706542969,1.28542053699493,0,1.01398241519928,0.913361549377441,0,0.704225361347199,0.811582505702972,0.797483444213867,0.856947422027588,0.920250535011292,25.1021390317721,29.4650173883571,0,5230,371,286,351,352,331,405,375,410,0,0,41.7,65.1,151
0.410099714994431,0.405192196369171,1.1354101896286,1.28836464881897,1.17134499549866,1.02111852169037,0.872201144695282,0.884751081466675,0.728195190429688,0.807170391082764,0.880260467529297,0.861746251583099,0.927196145057678,-9.13532012345111,23.2320859357757,0,5232,367,300,347,325,325,383,372,383,372,426,21.5,55.4,153
0.388959854841232,0.354464769363403,1.10775351524353,1.34717535972595,1.173100233078,1.0232138633728,0.907162725925446,0.886012315750122,0.711205899715424,0.80214923620224,0.883193671703339,0.872359991073608,0.939017832279205,-31.1499028243039,33.1752614561314,0,5234,357,264,351,281,327,345,373,340,369,392,5.66,69.4,190
0.429899722337723,0.395599633455276,1.12370193004608,1.35191380977631,1.14636695384979,1.02678394317627,0.88943088054657,0.891927063465118,0.723354935646057,0.843394815921783,0,0.884471237659454,0.894044876098633,-4.51115842511814,11.715550616917,0,5237,329,234,331,272,306,331,353,328,345,378,10.9,35.6,285
0.45209264755249,0.390842974185944,1.09211659431458,1.42563331127167,1.16241192817688,1.0198380947113,0.887182891368866,0,0.728068709373474,0.824067890644074,0.873356699943543,0.8694087266922,0.930064082145691,22.8683388276304,24.7830182243141,0,5239,355,122,342,161,310,213,360,221,350,254,15.9,32.3,385
0,0,0,0,0,0,0,0,0,0,0,0,0,26.3633898631632,26.996810848573,0,5241,0,0,0,0,0,0,0,0,0,0,50.7,37.8,466
0,0,0,0,0,0,0,0,0,0,0,0,0,5.18016682614313,5.37706228086019,0,5243,0,0,0,0,0,0,0,0,0,0,8.2,29.7,531
0,0,0,0,0,0,0,0,0,0,0,0,0,-30.7275385590383,31.0523227950548,0,5245,0,0,0,0,0,0,0,0,0,0,42,35.8,613
0.410430520772934,0.377144664525986,1.09253692626953,1.71605896949768,1.20484638214111,0.98787271976471,0.901662051677704,0.907198309898376,0.754457652568817,0.851633846759796,0.862504065036774,0.877918899059296,0.935203731060028,3.07153654286394,5.54351644980318,0,5247,369,204,342,242,317,296,366,298,363,338,11,20.7,647
0.416039705276489,0.410748779773712,1.11019062995911,1.61974596977234,1.25639879703522,1.03449475765228,0.848058342933655,0.895454525947571,0.709016382694244,0.851546406745911,0.862226128578186,0.860483229160309,0.916358649730682,0.523412477921572,1.05363114918659,0,5249,366,254,344,264,318,318,366,320,356,364,35.4,13.6,665
0.386522978544235,0.449276596307755,1.10138761997223,1.64652240276337,1.25792372226715,0.984965920448303,0.888676345348358,0.883657038211823,0.739863097667694,0.849656462669373,0.922998547554016,0.866940796375275,0.94861513376236,8.99204940417364,10.2536861986475,0,5251,373,211,361,207,335,262,383,265,378,307,5.3,18.3,674
0.414718449115753,0.405036091804504,1.11795687675476,1.6892853975296,1.29003894329071,1.02358520030975,0.838767468929291,0.932119190692902,0.876485586166382,0.830826640129089,0.867524266242981,0.872345328330994,0.882828295230866,4.84461639131204,5.48816374931808,0,5253,329,326,332,261,306,308,350,318,348,349,4.48,15.4,646
0.391845554113388,0.337636381387711,1.11127126216888,1.88242042064667,1.26861643791199,1.01538097858429,0.807181894779205,0.868473887443543,0.844944417476654,0.835818231105804,0.841451764106751,0.882575511932373,0.92806202173233,-32.9617598548974,34.4461646422089,0,5255,306,385,298,428,262,470,314,485,305,521,10.3,8.05,611
0.434918105602264,0.39739003777504,1.12470090389252,1.80516850948334,1.32768559455872,1.00885832309723,0.822463750839233,0.925174832344055,0.70958548784256,0.840204179286957,0.869806110858917,0.880251467227936,0.922509253025055,-4.6368228471568,5.38807413198692,0,5258,352,401,311,399,284,448,327,459,318,494,5.35,3.32,545
0.381867289543152,0.406497716903687,1.11530911922455,1.87390351295471,1.32490491867065,1.00873053073883,0.857142865657806,0,0.867924511432648,0.825987875461578,0.866666674613953,0.885889172554016,0.891561508178711,5.54692538870121,11.2811906338471,0,5260,335,389,341,321,312,374,356,380,357,410,2.76,1.39,509
0.397091895341873,0.428011953830719,1.13581943511963,1.7602219581604,1.33816933631897,1.03865623474121,0.801407873630524,1.16857147216797,0.842305362224579,0.821722209453583,0.868267178535461,0.881175816059113,0.942112863063812,-95.6575675001349,95.6601632844458,0,5262,352,371,351,305,320,357,369,368,361,404,26.7,26.4,441
0,0,0,0,0,0,0,0,0,0,0,0,0,-66.1106528698533,68.9258389694336,0,5264,0,0,0,0,0,0,0,0,0,0,34.9,21.7,373
0,0,0,0,0,0,0,0,0,0,0,0,0,-12.0089764201736,12.2784173710011,0,5266,0,0,0,0,0,0,0,0,0,0,5.24,30.3,320
0,0,0,0,0,0,0,0,0,0,0,0,0,-24.1819390928251,24.3907013434144,0,5268,0,0,0,0,0,0,0,0,0,0,16.8,47.6,247
0,0,0,0,0,0,0,0,0,0,0,0,0,-2.851943784956,11.726460652168,0,5270,0,0,0,0,0,0,0,0,0,0,44.2,59.5,153
0.380089551210403,0.477890402078629,1.25019752979279,1.53008842468262,1.29266333580017,1.0469206571579,0.830475270748138,0.812419950962067,0.543249905109406,0.574625194072723,0.866059839725494,0.948859691619873,1.01127970218658,-95.1659036290225,95.7367437814692,0,5272,607,542,604,530,634,461,682,457,681,502,74.8,108,64.5
0.440793514251709,0.375243037939072,1.27033078670502,1.55161285400391,1.21400773525238,1.01235473155975,0,0.862310409545898,0.743884921073914,0.810995995998383,0.918745994567871,0.84092777967453,0.899193525314331,-58.1578835624739,63.7278180155956,0,5274,608,665,613,582,583,639,631,642,618,682,88.8,130,56.4
0,0,0,0,0,0,0,0,0,0,0,0,0,4.41183882779131,14.8302070036505,0,5276,0,0,0,0,0,0,0,0,0,0,26.5,139,169
0,0,0,0,0,0,0,0,0,0,0,0,0,35.0333240521767,39.622549045413,0,5279,0,0,0,0,0,0,0,0,0,0,24,102,378
0,0,0,0,0,0,0,0,0,0,0,0,0,74.5770448226493,136.460877677573,0,5281,0,0,0,0,0,0,0,0,0,0,26.6,80.2,526
0,0,0,0,0,0,0,0,0,0,0,0,0,-5.13349410499241,20.9239858406149,0,5283,0,0,0,0,0,0,0,0,0,0,39.8,31.8,670
0,0,0,0,0,0,0,0,0,0,0,0,0,22.3275576277738,30.8393102743708,0,5285,0,0,0,0,0,0,0,0,0,0,18.7,40.5,810
0.422476381063461,0.323485851287842,1.35519683361053,1.71298623085022,1.25588309764862,1.06458449363709,0.862706243991852,0.879694163799286,0.712035536766052,0.771039605140686,0.80621874332428,0.874199092388153,1.00324857234955,14.1185465523586,55.8600370794655,0,5287,575,442,575,375,531,324,513,361,472,339,34.7,48.5,925
0.431170284748077,0.395574957132339,1.311039686203,1.52865731716156,1.26475036144257,1.17413055896759,0.87077534198761,0,0.909245431423187,0.717477798461914,0.84597909450531,0,0.862340807914734,3.17826030731703,16.4366919760319,0,5289,618,636,513,631,512,556,470,591,436,567,39.4,63.3,995
0,0,0,0,0,0,0,0,0,0,0,0,0,-28.1931940232605,61.372754104906,0,5291,0,0,0,0,0,0,0,0,0,0,23.6,75.8,1000
0,0,0,0,0,0,0,0,0,0,0,0,0,-2.71622593726458,8.20798684650969,0,5293,0,0,0,0,0,0,0,0,0,0,7.78,51.2,989
0.453758180141449,0.34823352098465,1.26305282115936,1.53153157234192,1.26591873168945,1.07702720165253,0.901467144489288,0.897614598274231,0.752321004867554,0.787524580955505,0.927308440208435,0.888455152511597,0.931077718734741,-40.5920052559834,56.6564119787556,0,5295,474,206,522,166,509,108,468,142,473,93.8,41.4,12.8,924
0.349597185850143,0.364646464586258,1.22968411445618,1.62788236141205,1.28786504268646,1.06341469287872,0.856665074825287,0.877624690532684,0.71105307340622,0.836774170398712,0.872611463069916,0.84947282075882,0.756450772285461,20.4948758913279,26.5281797430423,0,5297,487,152,429,144,423,85.8,385,128,355,96.9,31.4,13.3,804
0,0,0,0,0,0,0,0,0,0,0,0,0,-20.6965138215709,36.4771710103123,0,5299,0,0,0,0,0,0,0,0,0,0,19,40.4,676
0,0,0,0,0,0,0,0,0,0,0,0,0,1.96953187886533,28.0559321641212,0,5302,0,0,0,0,0,0,0,0,0,0,21.6,27.9,471
0,0,0,0,0,0,0,0,0,0,0,0,0,17.6003295778538,49.7320261522482,0,5304,0,0,0,0,0,0,0,0,0,0,0.858,12,361
0.439514875411987,0.348455846309662,1.25576817989349,1.67335414886475,1.38920998573303,1.05372595787048,0.878915190696716,0.889292180538178,0.745858669281006,0.830673277378082,0.86126583814621,0.887477695941925,1.00455844402313,15.4703649628664,28.7958314165242,0,5306,618,165,620,169,654,106,609,105,620,62.2,39.6,24.2,279
0,0,0,0,0,0,0,0,0,0,0,0,0,22.0668228460027,39.752948030787,0,5308,0,0,0,0,0,0,0,0,0,0,42,36.9,270
0,0,0,0,0,0,0,0,0,0,0,0,0,-5.42616098445989,21.7153209212804,0,5310,0,0,0,0,0,0,0,0,0,0,21.6,53.4,248
0,0,0,0,0,0,0,0,0,0,0,0,0,22.5073255698142,51.3002052136778,0,5312,0,0,0,0,0,0,0,0,0,0,13.9,48.1,244
0,0,0,0,0,0,0,0,0,0,0,0,0,18.4930955216675,61.7101638189945,0,5314,0,0,0,0,0,0,0,0,0,0,21.5,28.5,212
0.439393758773804,0.329993396997452,1.27878713607788,1.54296576976776,1.40610635280609,0.972736299037933,0.866372168064117,0.919297397136688,0.746540904045105,0.812234997749329,0.8394935131073,0.88316535949707,0.943063378334045,1.05591583513425,106.605395178833,0,5316,229,548,234,563,283,515,237,507,256,468,58.3,27.9,166
0.424668669700623,0.303926855325699,1.17112648487091,1.59820938110352,1.37375676631928,1.0115602016449,0.838477969169617,0.946327686309814,0.698164403438568,0.829456806182861,0.80158144235611,0.846305429935455,0.96541303396225,-1.55541115638073,80.4113355473994,0,5318,276,461,388,436,389,375,353,385,353,343,30.6,33.9,134
0.451773375272751,0.357630997896194,1.28187775611877,1.57758402824402,0,1.02232682704926,0.842975199222565,0,0.717940509319305,0.78662121295929,0.868451237678528,0.870636641979218,0.919275104999542,-8.80910540836933,21.5096257104902,0,5320,473,525,430,464,440,399,396,415,0,0,15.4,64.2,115
0.479398369789124,0.289259284734726,1.18421745300293,1.52147126197815,0,1.02468729019165,0,0.885350346565247,0.835571050643921,0.79439640045166,0.82694935798645,0.880023181438446,0.88834422826767,-10.9693101554769,31.9946399460823,0,5323,533,566,558,493,571,435,534,438,0,0,4.47,45.3,141
0.429104626178741,0.307905673980713,1.26956129074097,1.55787229537964,1.44626665115356,0.992475509643555,0.871090948581696,0.868868410587311,0.722102344036102,0.782677114009857,0.800966203212738,0.876665532588959,0.939010620117188,-17.687454684099,53.5447974764118,0,5325,495,363,548,357,566,290,524,302,529,267,14.7,20.3,165
0.468004316091538,0.340185344219208,1.33544194698334,1.55861449241638,1.3826904296875,1.05734276771545,0.868828654289246,0.827974259853363,0.784054815769196,0.819993257522583,0.852984547615051,0.881687641143799,0,-6.25766511848394,9.5227991671005,0,5327,489,533,529,587,543,521,501,532,504,491,14.1,17.7,205
0.481133818626404,0.330358564853668,0,1.50191068649292,0,1.04885840415955,0,0.84902948141098,0.734141409397125,0.806591629981995,0.833699643611908,0.888708531856537,0.947900176048279,-28.8396222379423,42.7856382567662,0,5329,526,568,534,491,0,0,500,437,0,0,12.8,20.3,220
0.412846267223358,0.36576572060585,1.3345695734024,1.53142023086548,1.42884302139282,0.977598309516907,0.87345677614212,0.886859059333801,0.855727791786194,0.796615302562714,0.877237856388092,0.873935759067535,0.959272742271423,-8.64941138076123,19.3161058454985,0,5331,577,650,561,615,550,552,513,572,496,530,13.4,17.8,241
0,0,0,0,0,0,0,0,0,0,0,0,0,-13.6857576294881,16.9938999517375,0,5333,0,0,0,0,0,0,0,0,0,0,2.51,17.4,257
0,0,0,0,0,0,0,0,0,0,0,0,0,27.153525892435,32.5675489105924,0,5335,0,0,0,0,0,0,0,0,0,0,14.9,10.7,266
0.412656754255295,0.363412201404572,1.23552000522614,1.46902287006378,1.37135279178619,1.10965001583099,0,0,0.734447538852692,0.874960780143738,0,0.866648018360138,0,-43.3440165866807,49.1361303845483,0,5337,640,467,734,439,698,386,675,428,641,388,22.3,16.3,270
0,0,0,0,0,0,0,0,0,0,0,0,0,7.5226581920532,27.8511323912006,0,5339,0,0,0,0,0,0,0,0,0,0,35.2,26,264
0.404722720384598,0.334896355867386,1.23292374610901,1.50427854061127,0.853337526321411,1.12650167942047,0,0,0,0.766927421092987,0,0.789570868015289,0,-11.0355447013566,31.8534791170121,0,5341,431,493,426,478,380,429,375,480,426,386,19.1,34.8,269
0.419915288686752,0.302967935800552,1.22981548309326,1.48059976100922,1.30732190608978,1.06834602355957,0.817726016044617,0.958649039268494,0.786903440952301,0.818033635616303,0.855767369270325,0.874026894569397,0.911036014556885,-9.67237904081446,12.7279024155383,0,5344,468,505,474,494,420,451,415,498,365,470,3.09,35.7,251
0.41422164440155,0.307861745357513,1.23397397994995,1.50805807113647,1.3096878528595,1.01568126678467,0.895364999771118,0.954108417034149,0.717171728610992,0.832076549530029,0.858116149902344,0.883463740348816,0.926346123218536,1.50673098006034,10.2935459883849,0,5346,474,505,478,492,427,451,419,496,373,470,1.47,29.4,253
0.427143573760986,0.304638147354126,1.18811821937561,1.45672249794006,1.27586364746094,1.01837360858917,0.856900215148926,0.945408821105957,0.797243654727936,0.833042800426483,0.857972681522369,0.891011416912079,0.912641108036041,1.34222109251497,3.05768977743725,0,5348,466,507,481,493,430,454,423,501,376,475,3.18,12.2,241
0.417068421840668,0.296759516000748,1.2241268157959,1.48180496692657,1.2983900308609,1.01055479049683,0.820761978626251,0.963057100772858,0.727976560592651,0.82927793264389,0.83412504196167,0.886015474796295,0.921532869338989,-2.27916902897515,2.72463241956699,0,5350,502,507,489,498,431,465,429,512,377,491,0.96,14,251
0.427840262651444,0.284782946109772,1.17234039306641,1.6230628490448,1.35552728176117,1.07207131385803,0.842041015625,0.979726850986481,0.656260788440704,0.843262314796448,0.882702350616455,0.895772755146027,0.930940747261047,-0.022172681850855,4.52354214804881,0,5352,520,507,549,500,477,480,485,515,426,511,3.11,1.14,266
0.452885359525681,0.301317363977432,1.20932388305664,1.53498685359955,1.30537927150726,1.04504299163818,0.782317876815796,0.964092671871185,0.707592129707336,0.840949296951294,0.85401326417923,0.907506167888641,0.92497318983078,4.2186119706268,7.83458878796262,0,5354,540,508,550,501,481,477,486,515,431,502,2.05,3.25,279
0.443703413009644,0.332680255174637,1.21436262130737,1.48613595962524,1.27405738830566,1.04662072658539,0.655818104743958,0.852316081523895,0.852899074554443,0.789500534534454,0.838783025741577,0.880983531475067,0.900296747684479,2.3219663533059,6.43694296191555,0,5356,460,524,404,494,360,453,344,494,352,499,2.42,1.62,287
0.36191114783287,0.333108216524124,1.17373418807983,1.43033957481384,1.26368188858032,1.05717325210571,0.926784992218018,1.01769495010376,1.13102281093597,0.77500855922699,0.883165836334229,0.885746538639069,0.911803305149078,-2.58837438957499,10.5777277734491,0,5358,427,501,418,492,375,452,370,497,317,471,3.36,2.45,291
0,0,0,0,0,0,0,0,0,0,0,0,0,39.4464568562018,52.1325931600009,0,5360,0,0,0,0,0,0,0,0,0,0,12.1,9.6,275
0,0,0,0,0,0,0,0,0,0,0,0,0,-7.86624081908822,11.1016083265256,0,5362,0,0,0,0,0,0,0,0,0,0,5.04,5.59,265
0.419240146875382,0.341956853866577,1.17116689682007,1.44474649429321,1.2049515247345,0.972054600715637,0.874777853488922,0,0.856087565422058,0.822866261005402,0.85786384344101,0.886716365814209,0.858964145183563,-6.2506845329301,9.82315475919764,0,5365,28.2,482,94.8,502,102,440,65,451,61.1,409,24.5,11.1,216
0.39076042175293,0.382173359394073,1.22108769416809,1.42934107780457,1.19338643550873,1.00955617427826,0.819843351840973,0.837449193000793,0.809952020645142,0.784892737865448,0.841695070266724,0.864338099956512,0.945114612579346,9.62028466213874,48.353833745039,0,5367,126,480,171,487,212,442,166,431,183,395,10.3,20.4,187
0,0,0,0,0,0,0,0,0,0,0,0,0,-9.11465654719751,24.9642595858136,0,5369,0,0,0,0,0,0,0,0,0,0,18.6,23.3,131
0.411765903234482,0.350330114364624,0,1.54335904121399,1.16588318347931,1.03791391849518,0.816848993301392,0.853794634342194,0.813953459262848,0.790738463401794,0.906662166118622,0.86611533164978,0.953912377357483,18.3129670799856,18.6786593211192,0,5371,390,614,492,591,0,0,469,540,477,496,24.5,24.7,85
0.36540076136589,0.338315337896347,1.22197663784027,1.54667317867279,1.2266058921814,1.01525604724884,0.780127882957459,0.83119660615921,0.839384377002716,0.744306206703186,0.824459075927734,0.856430470943451,0.987005710601807,-30.6131132091862,30.7894344360952,0,5373,279,469,293,458,339,424,293,406,321,365,15,39.7,39.6
0.376605957746506,0.368370205163956,1.26300013065338,1.59272694587708,1.24211835861206,1.00336170196533,0.767630040645599,0.837259113788605,0.782529592514038,0.74717515707016,0.890453815460205,0.855270743370056,1.01695668697357,20.8029567742218,25.7703050500717,0,5375,248,421,297,409,351,374,306,355,327,318,17,23.5,29.2
0,0,0,0,0,0,0,0,0,0,0,0,0,-19.0379704380505,21.1659863260561,0,5377,0,0,0,0,0,0,0,0,0,0,4.92,24.2,76.3
0,0,0,0,0,0,0,0,0,0,0,0,0,16.3577817664876,17.5561048453467,0,5379,0,0,0,0,0,0,0,0,0,0,6.63,12.8,122
0,0,0,0,0,0,0,0,0,0,0,0,0,-56.2721014691257,58.5685322167049,0,5381,0,0,0,0,0,0,0,0,0,0,26.7,21.7,168
0,0,0,0,0,0,0,0,0,0,0,0,0,49.1856828653047,56.3932656404489,0,5383,0,0,0,0,0,0,0,0,0,0,45.4,38,199
0,0,0,0,0,0,0,0,0,0,0,0,0,19.0704825406512,59.2248274305518,0,5386,0,0,0,0,0,0,0,0,0,0,17,42.7,238
0,0,0,0,0,0,0,0,0,0,0,0,0,9.66542420039299,20.8921540028337,0,5388,0,0,0,0,0,0,0,0,0,0,22.7,41.1,256
0,0,0,0,0,0,0,0,0,0,0,0,0,-4.78758422702543,180.390203199429,0,5390,0,0,0,0,0,0,0,0,0,0,27.6,33.4,275
0,0,0,0,0,0,0,0,0,0,0,0,0,-14.8470284443112,23.6368969958128,0,5392,0,0,0,0,0,0,0,0,0,0,25.3,35.6,283
0,0,0,0,0,0,0,0,0,0,0,0,0,21.5312557479131,26.5585635630277,0,5394,0,0,0,0,0,0,0,0,0,0,17.6,27.3,307
0,0,0,0,0,0,0,0,0,0,0,0,0,13.3048976588855,32.4111021465899,0,5396,0,0,0,0,0,0,0,0,0,0,53.8,45.2,306
0,0,0,0,0,0,0,0,0,0,0,0,0,-71.8183544997964,91.5103788999737,0,5398,0,0,0,0,0,0,0,0,0,0,19.8,11.8,327
0,0,0,0,0,0,0,0,0,0,0,0,0,-27.5530894011175,98.5977678124319,0,5400,0,0,0,0,0,0,0,0,0,0,69.1,20.9,326
0,0,0,0,0,0,0,0,0,0,0,0,0,-29.1540138091555,70.6930725926565,0,5402,0,0,0,0,0,0,0,0,0,0,24.6,24,325
0,0,0,0,0,0,0,0,0,0,0,0,0,-4.10930874798921,12.6280813882567,0,5404,0,0,0,0,0,0,0,0,0,0,53.3,57.8,318
0,0,0,0,0,0,0,0,0,0,0,0,0,-42.0425829677087,131.628916331693,0,5407,0,0,0,0,0,0,0,0,0,0,37.1,42.8,313
0,0,0,0,0,0,0,0,0,0,0,0,0,-0.281194153615854,162.883059692239,0,5409,0,0,0,0,0,0,0,0,0,0,66.3,23.9,293
0,0,0,0,0,0,0,0,0,0,0,0,0,11.826573483768,137.994894583426,0,5411,0,0,0,0,0,0,0,0,0,0,44.4,14.7,283
0,0,0,0,0,0,0,0,0,0,0,0,0,-22.7589006265797,23.3789572718482,0,5413,0,0,0,0,0,0,0,0,0,0,24.5,46.8,260
0,0,0,0,0,0,0,0,0,0,0,0,0,-16.1024893461504,24.9677159744973,0,5415,0,0,0,0,0,0,0,0,0,0,22.3,59,247
0,0,0,0,0,0,0,0,0,0,0,0,0,-37.7391177008728,54.3227308521189,0,5417,0,0,0,0,0,0,0,0,0,0,36.3,62.4,229
0,0,0,0,0,0,0,0,0,0,0,0,0,150.893075862703,154.129040682666,0,5419,0,0,0,0,0,0,0,0,0,0,74.3,43.1,210
0,0,0,0,0,0,0,0,0,0,0,0,0,44.8845683481555,104.993531193103,0,5421,0,0,0,0,0,0,0,0,0,0,89.6,48.5,207
0,0,0,0,0,0,0,0,0,0,0,0,0,114.322067909326,123.223026132088,0,5423,0,0,0,0,0,0,0,0,0,0,49,102,204
0,0,0,0,0,0,0,0,0,0,0,0,0,-91.2401847512725,105.717835553565,0,5425,0,0,0,0,0,0,0,0,0,0,56.4,104,191
0,0,0,0,0,0,0,0,0,0,0,0,0,11.7721277391571,65.5738671781441,0,5427,0,0,0,0,0,0,0,0,0,0,65.6,73.1,186
0,0,0,0,0,0,0,0,0,0,0,0,0,53.0473627395688,70.8355985384523,0,5430,0,0,0,0,0,0,0,0,0,0,72.2,83.2,187
0,0,0,0,0,0,0,0,0,0,0,0,0,-59.3778131245172,81.3132733471525,0,5432,0,0,0,0,0,0,0,0,0,0,30.7,82.9,224
0,0,0,0,0,0,0,0,0,0,0,0,0,-29.002098430497,39.6737941481857,0,5434,0,0,0,0,0,0,0,0,0,0,73.4,56.5,322
0,0,0,0,0,0,0,0,0,0,0,0,0,-75.6624480144005,265.708236822404,0,5436,0,0,0,0,0,0,0,0,0,0,133,72.8,398
0,0,0,0,0,0,0,0,0,0,0,0,0,-114.946565256655,138.431720124565,0,5438,0,0,0,0,0,0,0,0,0,0,105,126,472
0,0,0,0,0,0,0,0,0,0,0,0,0,-164.328053162628,179.959668244427,0,5440,0,0,0,0,0,0,0,0,0,0,86.3,204,544
0,0,0,0,0,0,0,0,0,0,0,0,0,131.783501441215,174.932761459202,0,5442,0,0,0,0,0,0,0,0,0,0,11.5,162,553
0,0,0,0,0,0,0,0,0,0,0,0,0,-120.608462774856,155.311767017243,0,5444,0,0,0,0,0,0,0,0,0,0,72.5,169,503
0,0,0,0,0,0,0,0,0,0,0,0,0,196.968144010143,232.738650491784,0,5446,0,0,0,0,0,0,0,0,0,0,102,152,447
0,0,0,0,0,0,0,0,0,0,0,0,0,-216.176082745228,303.842752673327,0,5448,0,0,0,0,0,0,0,0,0,0,20.3,158,425
0,0,0,0,0,0,0,0,0,0,0,0,0,60.6878514134897,73.350516522598,0,5451,0,0,0,0,0,0,0,0,0,0,14.9,68,605
0,0,0,0,0,0,0,0,0,0,0,0,0,-132.818844760294,145.859599927094,0,5453,0,0,0,0,0,0,0,0,0,0,86.6,107,866
0,0,0,0,0,0,0,0,0,0,0,0,0,13.9251869474874,21.8703649799097,0,5455,0,0,0,0,0,0,0,0,0,0,66.9,82.9,1090
0,0,0,0,0,0,0,0,0,0,0,0,0,-191.039822517708,224.339287508365,0,5457,0,0,0,0,0,0,0,0,0,0,88.1,143,1370
0,0,0,0,0,0,0,0,0,0,0,0,0,-10.8892531604421,25.0478947078755,0,5459,0,0,0,0,0,0,0,0,0,0,123,136,1570
0,0,0,0,0,0,0,0,0,0,0,0,0,-25.1554935546289,45.0630971303939,0,5461,0,0,0,0,0,0,0,0,0,0,7.61,148,1750
0,0,0,0,0,0,0,0,0,0,0,0,0,-37.543590252929,49.531234246919,0,5463,0,0,0,0,0,0,0,0,0,0,24.2,144,1880
0,0,0,0,0,0,0,0,0,0,0,0,0,-39.9480540072551,42.631616310153,0,5465,0,0,0,0,0,0,0,0,0,0,53.9,95.1,1930
0,0,0,0,0,0,0,0,0,0,0,0,0,-181.708768750958,183.37806866285,0,5467,0,0,0,0,0,0,0,0,0,0,36,118,2000
0,0,0,0,0,0,0,0,0,0,0,0,0,-18.3080465339224,78.7595565702556,0,5469,0,0,0,0,0,0,0,0,0,0,58.6,81.3,1980
0,0,0,0,0,0,0,0,0,0,0,0,0,-7.19609585242348,85.6501345008254,0,5472,0,0,0,0,0,0,0,0,0,0,40.7,118,1950
0,0,0,0,0,0,0,0,0,0,0,0,0,172.289569240599,220.794439782893,0,5474,0,0,0,0,0,0,0,0,0,0,24.3,149,1940
0,0,0,0,0,0,0,0,0,0,0,0,0,-20.5904909284944,74.1283285284255,0,5476,0,0,0,0,0,0,0,0,0,0,89.5,114,1910
0,0,0,0,0,0,0,0,0,0,0,0,0,8.04021268834181,32.9293172914736,0,5478,0,0,0,0,0,0,0,0,0,0,76.7,122,1920
0.375067085027695,0.331876814365387,1.36161959171295,2.42649412155151,1.72265625,1.05501401424408,0.915231168270111,0.93151593208313,0.750208020210266,0.812711000442505,0.891603052616119,0.893557906150818,1.0661084651947,-12.2077037724362,39.2958329696822,0,5480,457,323,446,333,506,357,505,310,542,310,102,139,1910
0.402754694223404,0.290110051631927,1.33507215976715,2.59440088272095,1.76380968093872,1.02169692516327,0.935510337352753,0.893636643886566,0.740708470344543,0.79062020778656,0.888677835464478,0.872103273868561,1.01034808158875,1.3237422667043,6.2334667225676,0,5482,385,341,345,347,400,375,398,331,433,337,52.8,115,1890
0.434366852045059,0.304516911506653,1.32796764373779,2.36029505729675,1.66494500637054,1.04305279254913,1.00819790363312,0.966295838356018,0.795344948768616,0.811442732810974,0.865471661090851,0.882736682891846,1.03366947174072,8.26571159911857,45.2896894231029,0,5484,273,327,271,345,326,378,328,333,383,343,13.7,123,1890
0.406665235757828,0.294527262449265,1.36568534374237,2.46306133270264,1.88713526725769,1.05891358852386,0.967914998531342,0.914369106292725,0.786932170391083,0.796750843524933,0.844786584377289,0.869226634502411,1.04784095287323,-5.5726716277556,23.5781046649198,0,5486,485,318,447,334,505,362,499,318,551,322,1.36,105,1870
0.423909544944763,0.300160765647888,1.33854806423187,2.29871845245361,1.81308913230896,1.03268790245056,0.856940150260925,0.956871569156647,0.775245070457459,0.806757211685181,0.829720735549927,0.888544499874115,1.01679956912994,4.14772908021104,18.0646236163783,0,5488,441,309,433,335,489,362,489,319,539,327,10.5,25.8,1870
0.433513849973679,0.297281444072723,1.33464980125427,2.51017999649048,1.89651489257813,1.06684648990631,0.878036320209503,0.957615256309509,0.755319178104401,0.810975849628449,0.85936164855957,0.877918362617493,1.02906107902527,-1.09544499959478,5.07856065825083,0,5490,407,312,398,328,461,350,453,307,501,311,10.9,19.2,1780
0.448807209730148,0.28578770160675,1.36268520355225,2.46744680404663,1.92902803421021,1.04939925670624,0.851657032966614,0.940866649150848,0.726147890090942,0.81430047750473,0.902251243591309,0.893369257450104,0.975000023841858,-20.2695774866484,64.8719230781422,0,5493,395,312,391,326,454,349,449,306,505,311,7.83,19.1,1690
0.410390168428421,0.332891285419464,1.27555477619171,2.13908338546753,1.76840376853943,1.07298910617828,0.909114360809326,0.910124361515045,0.932203412055969,0.806699931621552,0.874568223953247,0.878152251243591,0.944029867649078,14.8525064392956,39.0627552286793,0,5495,423,304,425,315,491,328,483,285,544,283,30.8,17.9,1570
0,0,0,0,0,0,0,0,0,0,0,0,0,9.06741130813221,26.4873253430801,0,5497,0,0,0,0,0,0,0,0,0,0,42.2,25.4,1480
0,0,0,0,0,0,0,0,0,0,0,0,0,-72.6687227927798,103.838655824557,0,5499,0,0,0,0,0,0,0,0,0,0,11.6,31.3,1300
0,0,0,0,0,0,0,0,0,0,0,0,0,44.058129280584,53.7578933971986,0,5501,0,0,0,0,0,0,0,0,0,0,16.2,37.5,1150
0,0,0,0,0,0,0,0,0,0,0,0,0,-99.0287491223034,125.617117751589,0,5503,0,0,0,0,0,0,0,0,0,0,44.3,31.1,972
0,0,0,0,0,0,0,0,0,0,0,0,0,-56.5287495879517,80.783457959615,0,5505,0,0,0,0,0,0,0,0,0,0,69.9,57,808
0,0,0,0,0,0,0,0,0,0,0,0,0,-53.3308449061433,80.7599447162055,0,5507,0,0,0,0,0,0,0,0,0,0,61.3,100,671
0,0,0,0,0,0,0,0,0,0,0,0,0,2.3751981481679,4.14716697771766,0,5509,0,0,0,0,0,0,0,0,0,0,34.6,120,537
0,0,0,0,0,0,0,0,0,0,0,0,0,-23.4617920499711,38.8994318119892,0,5511,0,0,0,0,0,0,0,0,0,0,31.5,90.4,441
0,0,0,0,0,0,0,0,0,0,0,0,0,-35.7059937202978,40.8652673110062,0,5514,0,0,0,0,0,0,0,0,0,0,83.9,83.8,409
0,0,0,0,0,0,0,0,0,0,0,0,0,43.6782680425838,94.5122122808027,0,5516,0,0,0,0,0,0,0,0,0,0,68,101,410
0,0,0,0,0,0,0,0,0,0,0,0,0,4.93118778140824,171.843640262156,0,5518,0,0,0,0,0,0,0,0,0,0,132,66.8,470
0,0,0,0,0,0,0,0,0,0,0,0,0,-32.8425678071094,115.048335091095,0,5520,0,0,0,0,0,0,0,0,0,0,86.7,86.2,534
0,0,0,0,0,0,0,0,0,0,0,0,0,12.4870944061108,41.101357022628,0,5522,0,0,0,0,0,0,0,0,0,0,90.7,117,623
0,0,0,0,0,0,0,0,0,0,0,0,0,-45.9334954021397,50.8964580439585,0,5524,0,0,0,0,0,0,0,0,0,0,56.6,82.6,695
0,0,0,0,0,0,0,0,0,0,0,0,0,73.429721173518,78.4077772931553,0,5526,0,0,0,0,0,0,0,0,0,0,21.2,46.6,746
0,0,0,0,0,0,0,0,0,0,0,0,0,7.8033576225644,49.4485940862783,0,5528,0,0,0,0,0,0,0,0,0,0,29,47.9,773
0,0,0,0,0,0,0,0,0,0,0,0,0,-28.1414252232793,37.0052930584742,0,5530,0,0,0,0,0,0,0,0,0,0,41.4,72.3,784
0,0,0,0,0,0,0,0,0,0,0,0,0,-15.7133309238187,18.0174425928922,0,5532,0,0,0,0,0,0,0,0,0,0,55.7,60.2,738
0,0,0,0,0,0,0,0,0,0,0,0,0,2.90936556129352,21.3535550684243,0,5535,0,0,0,0,0,0,0,0,0,0,22.7,73.3,642
0,0,0,0,0,0,0,0,0,0,0,0,0,8.68579095981807,12.5035598349822,0,5537,0,0,0,0,0,0,0,0,0,0,26.2,63.3,566
0,0,0,0,0,0,0,0,0,0,0,0,0,-38.0859628678591,47.4003547022952,0,5539,0,0,0,0,0,0,0,0,0,0,34,83.6,538
0,0,0,0,0,0,0,0,0,0,0,0,0,7.56776899440844,17.0857576257284,0,5541,0,0,0,0,0,0,0,0,0,0,68.5,84,497
0,0,0,0,0,0,0,0,0,0,0,0,0,8.49801812442226,14.391889304358,0,5543,0,0,0,0,0,0,0,0,0,0,80.4,134,519
0,0,0,0,0,0,0,0,0,0,0,0,0,35.5689979225826,61.5690502491113,0,5545,0,0,0,0,0,0,0,0,0,0,19.9,102,553
0,0,0,0,0,0,0,0,0,0,0,0,0,-119.488246037379,158.283946394814,0,5547,0,0,0,0,0,0,0,0,0,0,51,117,631
0,0,0,0,0,0,0,0,0,0,0,0,0,-17.6808909999078,37.271259355806,0,5549,0,0,0,0,0,0,0,0,0,0,103,100,732
0,0,0,0,0,0,0,0,0,0,0,0,0,-25.89303303661,27.8111268883167,0,5551,0,0,0,0,0,0,0,0,0,0,17.8,77.8,855
0,0,0,0,0,0,0,0,0,0,0,0,0,-25.6101972652155,31.1707144580562,0,5553,0,0,0,0,0,0,0,0,0,0,32.1,99.6,956
0,0,0,0,0,0,0,0,0,0,0,0,0,-107.117119486418,152.378248976327,0,5556,0,0,0,0,0,0,0,0,0,0,56.7,115,1170
0,0,0,0,0,0,0,0,0,0,0,0,0,-35.9902089759863,54.3990301363716,0,5558,0,0,0,0,0,0,0,0,0,0,101,76.6,1280
0,0,0,0,0,0,0,0,0,0,0,0,0,-26.3511782082295,32.4008889100884,0,5560,0,0,0,0,0,0,0,0,0,0,61.3,99.4,1360
0,0,0,0,0,0,0,0,0,0,0,0,0,24.4002403773832,25.1762919199614,0,5562,0,0,0,0,0,0,0,0,0,0,41.8,94.8,1420
0,0,0,0,0,0,0,0,0,0,0,0,0,-1.43170216633303,1.48316228174615,0,5564,0,0,0,0,0,0,0,0,0,0,17,92,1460
0,0,0,0,0,0,0,0,0,0,0,0,0,-35.2306954766705,52.8893633808245,1,5566,0,0,0,0,0,0,0,0,0,0,50.3,84.8,1500
0,0,0,0,0,0,0,0,0,0,0,0,0,-0.749966527995904,52.6463789951446,1,5568,0,0,0,0,0,0,0,0,0,0,46.8,83.9,1500
0.387446284294128,0.275391131639481,1.18461191654205,2.22098183631897,1.69606280326843,1.2169075012207,0.932631313800812,0.868932068347931,0.73365592956543,0.795247256755829,0.839578986167908,0.88084203004837,1.09925699234009,-27.8024442425331,73.2854390609519,1,5570,496,459,473,496,535,517,534,488,578,497,8.84,61.1,1500
0.404540956020355,0.299431473016739,1.15650582313538,1.91869151592255,1.55821549892426,1.48285901546478,0.971992611885071,0.871279776096344,0.763132750988007,0.771486759185791,0.843076944351196,0.878418743610382,1.06394422054291,30.6618549984523,39.087767347716,1,5572,491,323,487,401,552,395,540,366,583,370,45.9,34,1460
0.415005505084991,0.346029579639435,1.21769547462463,1.78427541255951,1.54581034183502,1.32545101642609,0.862485289573669,0.92348438501358,0.753968238830566,0.767198920249939,0.839273631572723,0.879778206348419,1.0559149980545,-1.90688533514616,5.64595800535005,1,5574,514,242,515,262,572,249,548,207,578,182,15.5,14.6,1430
0,0,0,0,0,0,0,0,0,0,0,0,0,-11.07150321015,20.241916962444,1,5576,0,0,0,0,0,0,0,0,0,0,13.7,32.7,1380
0,0,0,0,0,0,0,0,0,0,0,0,0,27.069426089835,33.6802647819957,1,5579,0,0,0,0,0,0,0,0,0,0,8.61,40.8,1220
0,0,0,0,0,0,0,0,0,0,0,0,0,-12.1270966217848,13.5665238864547,1,5581,0,0,0,0,0,0,0,0,0,0,18.6,32.1,1120
0.439983695745468,0.316117227077484,1.26768589019775,1.74020767211914,1.48939275741577,2.1588408946991,0.850390434265137,0.859708189964294,0.921993970870972,0.800824642181397,0.872618913650513,0.889894783496857,1.11391949653625,4.37608268288881,6.11971065356789,1,5583,407,98.9,401,140,413,83.5,367,81.1,366,39.8,5.27,19.1,987
0.371709406375885,0.319175958633423,1.3166036605835,1.95995652675629,1.63400220870972,2.22127318382263,0.869487881660461,0.856958091259003,0.84321928024292,0.813291788101196,0.819794952869415,0.884525954723358,1.01466274261475,-17.2289332188954,21.454465756011,1,5585,395,193,402,216,415,154,370,157,365,114,6.58,27,846
0.385382175445557,0.323997050523758,1.30914926528931,1.96866273880005,1.71665036678314,2.23791027069092,0.878896355628967,0.859196722507477,0.815023481845856,0.750564754009247,0.866040110588074,0.865526974201202,1.11181128025055,13.3291500981738,22.4554375247555,1,5587,336,230,338,222,376,171,335,155,342,118,5.89,11.5,687
0.397482007741928,0.319607853889465,1.31407523155212,1.97235691547394,1.70659422874451,2.34609317779541,0.903350234031677,0.865024387836456,0.820622980594635,0.761516213417053,0.852643430233002,0.857660830020905,1.10764539241791,3.37674297200807,60.260192059418,1,5589,343,225,343,226,382,175,342,163,351,117,6.8,10.9,522
0.391337037086487,0.31068742275238,1.30700957775116,2.41163921356201,1.63391649723053,1.98550605773926,0.859939754009247,0.896455883979797,0.811432003974915,0.7925164103508,0.848011195659637,0.851108253002167,1.07652354240417,1.39187978281035,33.1563909673682,1,5591,324,257,311,331,359,275,321,271,335,227,4.82,5.24,378
0.404378175735474,0.315992116928101,1.28232574462891,2.3644232749939,1.64083397388458,2.58737349510193,0.900052607059479,0.891029179096222,0.826314151287079,0.774918675422668,0.846807599067688,0.849665224552155,1.05005264282227,23.9549138363895,32.6366249552012,1,5593,323,321,328,319,368,267,329,257,340,212,7,9.87,222
0.389442950487137,0.308236062526703,1.32424783706665,1.93890058994293,1.6098335981369,2.61603403091431,0.870975077152252,0.877304494380951,0.784147202968597,0.771363079547882,0.802999377250671,0.852798402309418,1.07348358631134,-27.7942484980249,35.0901862123573,1,5595,353,380,401,381,414,314,371,323,370,269,5.29,5.93,102
0.383525341749191,0.288286656141281,1.40968060493469,1.99099791049957,1.59276831150055,2.56985974311829,0.868640720844269,0.873001456260681,0.77271580696106,0.796341001987457,0.783043920993805,0.849719882011414,1.00493216514587,6.15033727301315,11.9123560530231,1,5597,419,340,416,343,425,284,382,288,374,244,8.79,8.32,22.6
0.392825812101364,0.278375446796417,1.43019807338715,1.73777747154236,1.56322598457336,2.45243620872498,0.859305560588837,0.868556678295136,0.881989717483521,0.785582482814789,0.792533457279205,0.850261747837067,1.02851891517639,10.3197984137104,11.7861502977294,1,5600,421,314,433,318,438,264,393,266,386,224,3.38,2.38,112
0.434057056903839,0.285188615322113,1.46926665306091,1.55809009075165,1.54620826244354,2.45815253257751,0.835510194301605,0.868334650993347,0.866385698318481,0.739460468292236,0.772153496742249,0.840983390808106,1.078240275383,-25.85683113395,35.7225383134901,1,5602,442,287,431,278,440,229,394,226,393,185,1.93,3.38,146
0.400130897760391,0.33281022310257,1.58277034759521,2.34461307525635,1.673708319664,2.77468967437744,0.815330982208252,0.807390213012695,0.852902948856354,0.706385910511017,0.842903196811676,0.841482818126678,1.09770500659943,26.0389304919025,38.6517985002392,1,5604,378,265,374,251,404,206,365,190,369,150,4.42,3.25,160
0.368338495492935,0.322255402803421,1.51593291759491,2.19267702102661,1.64827811717987,2.24125337600708,0.845571994781494,0.86503928899765,0.90764331817627,0.721816062927246,0.826432704925537,0.846883475780487,1.06620573997498,-20.6385391232376,29.5887340115096,1,5606,429,380,424,353,436,291,400,299,386,250,6.91,2.49,155
0.371593803167343,0.311724096536636,1.56789195537567,2.28906536102295,1.74925136566162,1.72206938266754,0.798110365867615,0.886102378368378,0.809447765350342,0.725080192089081,0.817006587982178,0.83924400806427,1.04749846458435,2.70702740417655,2.95079267863835,1,5608,435,366,461,388,459,319,422,335,404,287,14.1,6.86,138
0.379098683595657,0.318458765745163,1.53460872173309,2.04015207290649,1.79340815544128,2.12795495986938,0.829077661037445,0.896547436714172,0.859691083431244,0.763850569725037,0.829593539237976,0.843980014324188,1.0709103345871,7.56140858155241,8.33986499363538,1,5610,465,378,461,375,458,307,418,319,403,275,3.78,6.67,116
0.38884437084198,0.306466311216354,1.62040662765503,2.32366800308228,1.72103989124298,1.67495477199554,0.785805761814117,0.881434381008148,0.804454863071442,0.820826411247253,0.794627785682678,0.829030215740204,0.989451467990875,1.22145289298209,5.79973204543394,1,5612,462,351,507,377,493,305,461,328,433,280,2.6,13.2,89.3
0.409784942865372,0.302342385053635,1.53496265411377,1.94590651988983,1.74107182025909,2.06863260269165,0.812849164009094,0.867199182510376,0.75052410364151,0.793084025382996,0.822104394435883,0.841895520687103,1.03002238273621,-0.230664699997774,11.0559615132953,1,5614,489,344,496,364,489,296,451,314,430,269,2.3,4.26,65
0.383661508560181,0.310514032840729,1.56302928924561,1.92420327663422,1.68195414543152,1.84050762653351,0,0.897402048110962,0.900239408016205,0.783077359199524,0.853516638278961,0.852130115032196,1.06213021278381,16.1578547086535,28.0022313895654,1,5616,523,365,500,340,496,278,457,296,438,251,1.43,2.58,51.8
0.419156193733215,0.276868134737015,1.59398317337036,1.63609063625336,1.58140361309052,1.88068675994873,0.854375720024109,0.845518231391907,0.801045119762421,0.783971071243286,0.811002671718597,0.837659955024719,1.03425669670105,15.8332335971574,17.0429311825554,1,5618,453,298,471,310,472,251,431,260,420,219,2.34,8.32,35.3
0.426049560308456,0.282889842987061,1.68227899074554,1.52174460887909,1.6439516544342,2.18059587478638,0.767190396785736,0.879939794540405,0.766892790794373,0.788286685943604,0.817443370819092,0.844492673873901,1.05492329597473,-19.5092345315222,26.7710313195677,1,5621,447,292,459,299,464,246,420,250,413,207,4.72,4.26,25.4
0.359330624341965,0.320469319820404,1.72994613647461,1.64732813835144,1.64505505561829,1.9986275434494,0.763041973114014,0.819076120853424,0.795168697834015,0.754156470298767,0.880589544773102,0.830486953258514,1.05226480960846,-13.6977196383776,20.9233725621228,1,5623,375,281,380,280,411,234,370,215,374,180,3.87,4.74,28
0.409855484962463,0.320030272006989,1.81841194629669,1.84364819526672,1.61170375347137,2.13900828361511,0.80262690782547,0.874912619590759,0.885994613170624,0.766495823860168,0.862524509429932,0.830244660377502,1.08102345466614,-1.22963188296571,33.0739895326069,1,5625,386,262,390,273,418,227,381,210,383,171,2.94,4.85,28.8
0.377610176801682,0.304800480604172,1.75272238254547,1.55635464191437,1.72021889686584,2.27052927017212,0.846444070339203,0.870172023773193,0.708787202835083,0.775413513183594,0.805655717849731,0.839588522911072,1.03516519069672,7.34916767470418,9.30831076002212,0,5627,353,318,360,321,401,273,361,259,373,216,5.75,5.65,19.8
0.364095360040665,0.325948297977447,1.78548967838287,1.77336049079895,1.61057960987091,2.08019042015076,0.785714268684387,0.857809364795685,0.833231627941132,0.73521101474762,0.832956314086914,0.839665710926056,1.06191372871399,-0.163985812004514,10.8210375978154,0,5629,386,248,388,255,422,208,382,189,388,151,0.573,3.71,17.9
0.410088896751404,0.336100518703461,1.65804529190063,1.37226021289825,0,1.95309567451477,0.79030305147171,0.874485611915588,0,0.75423938035965,0.735618114471436,0.86751526594162,0.883495151996613,-1.095364900025,8.072610013884,0,5631,390,546,415,503,476,477,452,443,0,0,9.39,4.53,11.9
0.452830582857132,0.319750040769577,1.64690053462982,1.57703268527985,1.73729050159454,2.18268179893494,0.825416386127472,0.859168231487274,0,0.793378174304962,0.859147310256958,0.853956997394562,0.899159669876099,-30.7336865079498,77.3565047749547,0,5633,422,718,455,793,525,786,502,758,546,738,31.6,22.4,10.1
0.410981297492981,0.30351996421814,1.27794635295868,1.50868380069733,1.52073836326599,2.10035729408264,0,0,0,0.605156660079956,0,1.61160147190094,0,-8.01836992598205,10.4606141163759,0,5635,314,644,356,658,374,645,415,634,470,633,29.2,31.4,8.4
0.422242552042007,0.316704452037811,1.58180665969849,1.55949199199677,1.69753432273865,1.55582094192505,0.859074711799622,0.755734384059906,0.796327769756317,0.742540717124939,0.859105408191681,0.863422870635986,1.01963043212891,-3.4035684119522,18.3110052344486,0,5637,202,616,168,592,224,628,227,597,268,607,28.3,54.3,18.8
0.415316909551621,0.314722955226898,1.46349132061005,1.44917011260986,1.64969527721405,1.97888612747192,0.845126152038574,0.88943487405777,0.780606627464294,0.772563576698303,0.843756079673767,0.87193900346756,1.02762699127197,3.6833405950602,6.48012009616956,0,5639,250,537,244,563,300,593,302,558,341,572,16.5,61.7,38.8
0.493674457073212,0.31298103928566,1.56697332859039,1.52524256706238,1.68184685707092,1.92998468875885,0,0,0.872452139854431,0.742564022541046,0.82335764169693,0.854642271995544,0.996862411499023,-4.99144699011068,13.5366433146226,0,5642,293,522,318,536,371,568,364,525,396,536,14.3,49.1,90.8
0.417160630226135,0.335791379213333,1.55575633049011,1.49123680591583,1.57396340370178,1.82350027561188,1.03700017929077,0.908562362194061,0.759773135185242,0.756594181060791,0.833189129829407,0.869944632053375,0.956682503223419,-0.172231366226574,1.14928062495827,0,5644,228,510,228,532,282,572,282,529,335,546,6.91,28.5,135
0.425904214382172,0.325181514024734,1.58013939857483,1.49977684020996,1.46995520591736,1.76997232437134,0.857944488525391,0.94439023733139,0.85359114408493,0.757294178009033,0.838754296302795,0.883644044399262,1.00774788856506,1.20797776121413,9.43753488562738,0,5646,194,496,185,512,242,553,243,507,304,525,6.96,32.8,194
0.397460848093033,0.335087835788727,1.60386776924133,1.53847563266754,1.51705420017242,1.69720637798309,0,0.718954265117645,0,0,0.897727251052856,0.837446331977844,1.02188897132874,-7.03295597919604,10.4076343902117,0,5648,365,493,259,511,311,552,303,507,337,525,4.61,9.52,254
0.400518387556076,0.31326612830162,1.67318415641785,1.58674383163452,1.56703114509583,1.95231640338898,0.92384535074234,0.903459370136261,0.740469217300415,0.756029784679413,0.834508121013641,0.875914633274078,0,7.81239595188422,11.6654637824274,0,5650,381,500,354,512,413,550,416,510,466,525,7.87,12,316
0.401563674211502,0.30238938331604,1.66336095333099,1.60443222522736,1.62311863899231,1.7495219707489,0.916491687297821,0.909315764904022,0.759372770786285,0.766594171524048,0.825957536697388,0.850155889987946,1.02259659767151,18.9083719149684,30.0271261598908,0,5652,472,519,439,532,493,562,491,521,532,532,12.8,10.9,366
0.38597571849823,0.288330882787704,0,1.4840589761734,1.6840728521347,1.60334825515747,1.68214285373688,0.841471791267395,0,0.595532894134522,0,1.29729723930359,0,14.1489048465001,31.0819010468143,0,5654,640,583,698,639,0,0,750,614,757,653,26.1,24.2,404
0.386109828948975,0.330218881368637,1.69230270385742,1.51880240440369,1.54063761234283,1.33129048347473,0.845509886741638,0.871617376804352,0.892835080623627,0.824720025062561,0.857918798923492,0.860975980758667,1.02111971378326,45.1285777791734,71.0750399605619,0,5656,699,634,667,691,736,669,704,638,737,617,25.2,32.4,415
0.435870260000229,0.503453254699707,1.6646842956543,1.44768452644348,1.42358660697937,1.48202884197235,0.833898305892944,0.881944417953491,0.669785499572754,0.780291795730591,0.8370201587677,0.660455465316772,0.929786324501038,-9.56632641813112,32.1867570899348,0,5658,592,608,569,605,513,613,479,579,511,553,3.9,31.9,421
0.409567892551422,0.319002866744995,1.75220060348511,1.37325870990753,1.42046296596527,1.46108198165894,0,0,0,0.785047233104706,0.875373423099518,0.828422129154205,0,57.912401658048,62.5344100442256,0,5660,647,329,636,409,666,361,626,342,633,311,30.6,52.3,380
0,0,0,0,0,0,0,0,0,0,0,0,0,36.9218720381171,43.2300828295308,0,5663,0,0,0,0,0,0,0,0,0,0,44.1,74.2,278
0,0,0,0,0,0,0,0,0,0,0,0,0,12.6617047309916,35.9039156251865,0,5665,0,0,0,0,0,0,0,0,0,0,33.7,82.4,167
0,0,0,0,0,0,0,0,0,0,0,0,0,0.197470571425318,45.63032438816,0,5667,0,0,0,0,0,0,0,0,0,0,20.4,80.8,77.5
0,0,0,0,0,0,0,0,0,0,0,0,0,-49.8114380423104,61.2403093439897,0,5669,0,0,0,0,0,0,0,0,0,0,7.99,68.4,103
0,0,0,0,0,0,0,0,0,0,0,0,0,7.9109656289559,90.4367877938028,0,5671,0,0,0,0,0,0,0,0,0,0,25.6,79.4,245
0,0,0,0,0,0,0,0,0,0,0,0,0,11.5816261702061,60.7184801157789,0,5673,0,0,0,0,0,0,0,0,0,0,23.9,42.3,379
0,0,0,0,0,0,0,0,0,0,0,0,0,-11.6692783852007,36.3105551132845,0,5675,0,0,0,0,0,0,0,0,0,0,8.61,39.5,499
0,0,0,0,0,0,0,0,0,0,0,0,0,-39.6761501172097,98.2066994575091,0,5677,0,0,0,0,0,0,0,0,0,0,42.9,15,611
0,0,0,0,0,0,0,0,0,0,0,0,0,-4.15817202097785,38.5841227563701,0,5679,0,0,0,0,0,0,0,0,0,0,51.9,43,687
0,0,0,0,0,0,0,0,0,0,0,0,0,9.98462736985546,119.45841588387,0,5681,0,0,0,0,0,0,0,0,0,0,50,9.41,749
0,0,0,0,0,0,0,0,0,0,0,0,0,34.7193840707032,56.0053627683051,0,5684,0,0,0,0,0,0,0,0,0,0,20.4,7.26,746
0,0,0,0,0,0,0,0,0,0,0,0,0,2.69804213598685,54.8286882803233,0,5686,0,0,0,0,0,0,0,0,0,0,11.5,7.13,729
0,0,0,0,0,0,0,0,0,0,0,0,0,61.989243425121,83.9935289998892,0,5688,0,0,0,0,0,0,0,0,0,0,66.5,53.6,686
0,0,0,0,0,0,0,0,0,0,0,0,0,-10.322959500254,10.8649781431379,0,5690,0,0,0,0,0,0,0,0,0,0,32,66.3,623
0.477131366729736,0,0.601439476013184,0.678160905838013,0,0.94329434633255,0,0,0.821730673313141,0.624196290969849,0.878169894218445,0.688781201839447,0,-39.0465810087135,44.962736887373,0,5692,291,32.7,0,0,301,17.3,273,58,0,0,39.2,37,524
0.420340776443481,0.321115434169769,1.91137850284576,1.48004138469696,1.49011182785034,1.12508094310761,0.882945239543915,0.840168535709381,0.823141515254974,0.773492157459259,0.830882370471954,0.867066085338593,1.04338943958282,68.6699308699056,76.1049828847009,0,5694,279,292,289,238,289,313,330,284,357,308,20.3,57.9,474
0.396580129861832,0.316444486379623,1.83090090751648,1.72257697582245,1.45036828517914,1.13204753398895,0.941998481750488,0.882307112216949,1.03251194953918,0.783375024795532,0.850956678390503,0.874288022518158,0.98516321182251,-29.2063667032556,30.130402494263,0,5696,281,146,264,103,254,177,295,157,301,193,39.9,28,417
0,0,0,0,0,0,0,0,0,0,0,0,0,24.4589052608697,35.431498284607,0,5698,0,0,0,0,0,0,0,0,0,0,8.81,32.4,360
0,0,0,0,0,0,0,0,0,0,0,0,0,52.6614663333081,54.6493340314084,0,5700,0,0,0,0,0,0,0,0,0,0,40.8,63.4,338
0.412107825279236,0.281272977590561,1.88137710094452,1.73730742931366,1.30474138259888,1.15996861457825,0.783251225948334,0.842857122421265,0.674726366996765,0.800840556621552,0.907363414764404,0.850977003574371,1.10019433498383,141.590137619426,141.922575436162,0,5702,610,368,621,406,605,473,648,467,649,507,74,84,375
0.404535055160522,0.282228797674179,1.76713156700134,1.73913431167603,1.4662960767746,1.49066209793091,0.83238285779953,0.891364932060242,0.697598278522491,0.810433328151703,0.854630470275879,0.847472250461578,1.1080756187439,7.69065853654671,9.38421363796947,0,5704,529,300,482,245,490,313,528,295,547,331,39.4,76.3,378
0.365245550870895,0.291370540857315,1.83621954917908,1.52763628959656,1.5203298330307,1.36611974239349,0.900565505027771,0.897171080112457,0.829192519187927,0.809399962425232,0.86657702922821,0.853070437908173,1.05850338935852,5.86879893896536,6.36473238101339,0,5707,520,375,509,328,505,392,546,376,561,406,4.36,73.4,470
0.371542811393738,0.278776735067368,1.83817780017853,1.68957853317261,1.42817711830139,1.05042493343353,0.865873217582703,0.892505705356598,0.807629227638245,0.78678423166275,0.844342052936554,0.858601629734039,1.06849312782288,34.8746654953703,35.3858995652496,0,5709,594,371,608,372,586,440,629,433,631,489,15.9,72.1,560
0.392768681049347,0.301179647445679,1.72211849689484,1.49002993106842,1.40027296543121,1.21439158916473,0.855605900287628,0.927835047245026,0.896944284439087,0.802291214466095,0.865398406982422,0.831699728965759,0,8.21836710882379,22.4215645813767,0,5711,368,468,432,453,404,513,445,516,474,554,11.7,34.8,641
0.421640366315842,0.2955721616745,1.68119049072266,1.48148679733276,1.18260872364044,0.997563481330872,0.910997211933136,0.902746498584747,0.862418115139008,0.796227693557739,0.825227975845337,0.854415714740753,1.13590264320374,-25.6581441814591,32.4504478448555,0,5713,378,594,349,630,303,681,345,695,327,734,8.27,15.2,675
0.404659152030945,0.305112391710281,1.63002383708954,1.52590751647949,1.34926009178162,1.21754741668701,0.874521553516388,0.899518430233002,0.834297895431519,0.788562715053558,0.846166670322418,0.856420397758484,1.09236645698547,-7.36487268702397,25.2795620526,0,5715,270,502,286,513,236,558,278,574,264,628,14.8,13.9,753
0.464809119701386,0.330774039030075,1.67334020137787,1.37569534778595,0,1.04008340835571,0,0,0.859732806682587,0.91220086812973,0.81398618221283,0.8785719871521,0.875320255756378,-54.3699828085091,55.2286600352722,0,5717,151,574,152,642,107,688,150,701,0,0,48.3,28.9,794
0.386657506227493,0.256438016891479,1.85809028148651,1.51799929141998,1.4349205493927,1.14505851268768,0.862809538841248,0.916855990886688,0.678514122962952,0.865269780158997,0.824766337871552,0.847300291061401,0,68.7251050515018,107.37068364559,0,5719,453,482,493,496,462,552,506,558,491,599,26,33.8,760
0.460742175579071,0.315400868654251,1.71629989147186,1.41043305397034,1.36732923984528,1.05991470813751,0,0,0.741652011871338,0.787776112556458,0.880605697631836,0.881641507148743,0,32.1158702413702,33.367146470012,0,5721,266,96,240,58.9,250,124,288,98.9,313,129,22.1,45.6,743
0,0,0,0,0,0,0,0,0,0,0,0,0,-23.7584432764166,24.0935308889574,0,5723,0,0,0,0,0,0,0,0,0,0,43.1,71.2,715
0.528822839260101,0.299412965774536,1.80508124828339,1.42324542999268,0.870445370674133,1.26552188396454,0.900115489959717,0,0.758126735687256,0.784428954124451,0.896525681018829,0.86215728521347,1.02248573303223,32.8360426812821,35.3697232161252,0,5725,401,15.2,361,122,374,192,412,166,338,25.7,14.4,36.7,611
0.351014852523804,0.32824632525444,1.62600696086884,1.33754467964172,1.31073915958405,1.26701641082764,0.904347836971283,0.899224817752838,0,0.787606418132782,0.880829036235809,0.863482356071472,0,36.3214118639282,36.9420316013298,0,5728,250,276,266,199,282,273,318,239,345,256,19.8,21.1,440
0.435522347688675,0.304013431072235,1.64324843883514,1.4322007894516,0,1.12795984745026,0.87860643863678,0,0.729911625385284,0.814583003520966,0.903074502944946,0.873388767242432,0.890806138515472,17.3141400617974,18.1929221525426,0,5730,234,293,312,323,303,394,343,364,0,0,34.6,30.1,347
0.372245043516159,0.292995244264603,1.60324156284332,1.48481047153473,1.32062458992004,1.10719525814056,0.656092286109924,0,0.660348773002625,0.825681924819946,0.887979865074158,0.749859392642975,0.889992892742157,8.60047027752508,13.4214869310093,0,5732,492,333,430,244,400,303,436,304,407,355,44.8,56.5,238
0.383603781461716,0.261301010847092,1.76887845993042,1.5765129327774,1.40268361568451,1.11529326438904,0.872394025325775,0.898901104927063,0.709811687469482,0.778349816799164,0.853199124336243,0.875022649765015,1.00508379936218,39.1841780474671,39.1849653840556,0,5734,451,506,471,489,424,540,468,550,446,601,53,99.4,148
0.406299918889999,0.261505037546158,1.69687438011169,1.58475363254547,1.4390287399292,1.03585779666901,0.97474879026413,0.97169429063797,0.751532673835754,0.804453730583191,0.844625234603882,0.874588191509247,1.04520702362061,-14.557024782044,27.8258043560999,0,5736,528,453,470,457,428,514,468,521,442,565,39.7,90.5,106
0.403984904289246,0.268499761819839,1.66360032558441,1.45012521743774,1.37906670570374,1.09253466129303,0.932669639587402,0.888268172740936,0.727099239826202,0.942894399166107,0.86997777223587,0.88040041923523,0.967576801776886,-4.80024946282177,13.1722371003358,0,5738,532,460,460,460,427,517,464,526,437,566,5.58,85.1,97.8
0.399565041065216,0.295345336198807,1.59786808490753,1.43704700469971,1.30102920532227,1.07149589061737,0.931073784828186,0.891610205173492,0.761617124080658,0.893728792667389,0.862303614616394,0.893980979919434,1.02630496025085,-10.3146786855796,10.3155140334569,0,5740,403,571,356,549,318,598,356,611,331,651,2.81,59,104
0.42681485414505,0.275254547595978,1.63241684436798,1.41089797019959,1.40316379070282,1.16210436820984,0.874086081981659,0.970264315605164,0.824430465698242,0.841366708278656,0.867370903491974,0.873668491840363,1.05931437015533,11.2853025205801,12.0078424151952,0,5742,415,566,430,495,384,547,428,556,417,588,2.24,28.4,153
0.397839039564133,0.282535195350647,1.71057796478271,1.49738252162933,1.33498895168304,1.00966811180115,0.88796079158783,0.931468546390533,0.738273084163666,0.805558979511261,0.868133962154388,0.866973757743835,1.03661012649536,-0.328082957369458,17.5308671451686,0,5744,526,381,484,381,439,431,480,446,457,486,6.11,12,213
0.363974243402481,0.280467092990875,1.67190361022949,1.46216797828674,1.33582139015198,1.0118715763092,0.912745118141174,0.910218954086304,0.854846894741058,0.795647621154785,0.894336819648743,0.859326720237732,1.05875730514526,98.8188676005351,99.5360424521648,1,5746,546,300,533,255,503,317,545,318,538,354,20.6,14.4,306
0,0,0,0,0,0,0,0,0,0,0,0,0,18.455341554222,19.1232914771345,1,5749,0,0,0,0,0,0,0,0,0,0,19,27.5,461
0,0,0,0,0,0,0,0,0,0,0,0,0,-1.16841542847203,14.4018461165474,1,5751,0,0,0,0,0,0,0,0,0,0,0.66,21.9,550
0,0,0,0,0,0,0,0,0,0,0,0,0,-7.7648148632207,8.53153194536774,1,5753,0,0,0,0,0,0,0,0,0,0,4.85,20.4,605
0.365687817335129,0.29854753613472,1.58551263809204,1.47062337398529,1.39911699295044,1.29838991165161,0.955631375312805,0.886221647262573,0.788999974727631,0.802244424819946,0.889556109905243,0.868059039115906,1.06516933441162,42.3879345356249,43.9974012645177,1,5755,461,269,439,302,442,368,485,352,489,395,8.13,12.8,647
0.345580160617828,0.294128090143204,1.51797783374786,1.49306893348694,1.43340849876404,1.51071488857269,0.720812201499939,0.895053267478943,0.768679022789001,0.843904256820679,0,0.875197947025299,0.857396423816681,-9.40951563040547,13.5929956655485,1,5757,451,345,353,344,373,404,410,380,433,411,8.5,2.58,650
0.361610949039459,0.295554101467133,1.57801055908203,1.54025995731354,1.30216467380524,1.53934717178345,0.837731242179871,0.907214939594269,0.77858704328537,0.837478816509247,0.863562524318695,0.846512079238892,1.06512892246246,-10.2764240400155,11.2067409871848,1,5759,477,321,477,315,464,376,506,378,508,422,5.85,11.7,615
0.357602208852768,0.312837779521942,1.59918248653412,1.54376375675201,1.30747866630554,1.60221183300018,0.816330969333649,0.893352627754211,0.801528751850128,0.815977156162262,0.854291439056397,0.849128067493439,1.04127824306488,18.2308212272703,25.5289134407093,1,5761,431,394,434,377,411,429,450,445,443,485,2.83,7.67,577
0.341408222913742,0.311190903186798,1.61546802520752,1.6972234249115,1.25393271446228,1.5762482881546,0.800291001796722,0.859085440635681,0.777018666267395,0.803472697734833,0.846144080162048,0.856570839881897,1.04809415340424,11.1767569025363,17.335176423541,1,5763,428,404,428,407,401,455,443,471,435,512,0.657,5.59,520
0.372276425361633,0.307655841112137,1.70544147491455,1.71923053264618,1.27142775058746,1.65345454216003,0.809398412704468,0.851749360561371,0.846393167972565,0.796921670436859,0.841437041759491,0.858048379421234,1.03818809986115,6.63351030371293,17.3876112879361,1,5765,428,391,425,389,401,440,436,456,431,497,2.73,5.56,439
0.362561970949173,0.298718184232712,1.61834394931793,1.581463098526,1.34431838989258,1.62242019176483,0.85387134552002,0.860113024711609,0.843465626239777,0.781634747982025,0.859554588794708,0.86193573474884,1.03814136981964,7.09655359740609,14.923259299159,1,5767,433,386,434,362,405,415,443,430,437,470,0.486,2.07,378
0.377278983592987,0.299523144960403,1.67429530620575,1.63575828075409,1.30979120731354,1.68210864067078,0.799383342266083,0.873774230480194,0.774929642677307,0.779160499572754,0.844434380531311,0.859787344932556,1.00968635082245,-5.55060525179194,8.68222603322392,1,5770,433,399,435,376,404,426,441,444,433,483,1.31,1.84,286
0.333930611610413,0.307853907346725,1.54271352291107,1.80948150157928,1.27852141857147,1.61854588985443,0.789308190345764,0.861536204814911,0.856350898742676,0.767112135887146,0.852323591709137,0.857541978359222,1.02762317657471,1.16809986543334,1.57699545472962,1,5772,424,437,426,431,393,476,432,496,423,535,1.67,1.31,223
0.350577294826508,0.324428349733353,1.65980625152588,1.88151824474335,1.25821232795715,1.75070405006409,0.791094124317169,0.869009613990784,0.81253969669342,0.766752660274506,0.812806308269501,0.838429570198059,1.03321492671967,-1.75262615975046,4.33163113312176,1,5774,425,426,427,413,395,458,432,480,423,520,0.886,2.19,181
0.334536761045456,0.308940410614014,1.61286199092865,1.95374226570129,1.24905574321747,1.7332022190094,0.817934274673462,0.849543511867523,0.828198671340942,0.734631717205048,0.836729347705841,0.845236539840698,1.0236382484436,-4.68527900259466,7.59412477306441,1,5776,421,440,424,438,391,479,430,502,420,543,1.02,3.6,151
0.353021532297134,0.316679447889328,1.83606290817261,1.85787606239319,1.2117862701416,1.9179505109787,0.824236989021301,0.859516203403473,0.846542179584503,0.72773289680481,0.835823655128479,0.828815996646881,1.05649054050446,-22.89050780537,24.6865021078397,1,5778,419,443,422,435,391,477,429,502,418,542,2.64,1.71,115
0.354266166687012,0.320651441812515,1.87581396102905,1.66865646839142,1.23688983917236,1.82077014446259,0.823584020137787,0.896226406097412,0.875483155250549,0.740746974945068,0.841386675834656,0.83979868888855,0.991693437099457,-7.65640735039063,8.80837971899599,1,5780,421,436,420,429,390,472,428,494,417,534,1.5,5.48,83
0.345184832811356,0.316758424043655,1.95982587337494,1.75421488285065,1.2288122177124,1.76745116710663,0.791151881217957,0.836192131042481,1.07793962955475,0.721901118755341,0.850293099880219,0.842558920383453,1.01176476478577,11.0502297911211,14.1090451366363,1,5782,420,440,424,417,393,461,429,485,420,523,0.564,2.59,70.1
0.384679555892944,0.319052368402481,1.84335112571716,1.58795630931854,1.20485985279083,1.75071740150452,0.780639827251434,0.83786541223526,0.801439344882965,0.719203054904938,0.828490912914276,0.824792504310608,1.05428791046143,-0.035391403450243,14.5289543087131,1,5784,415,453,416,441,389,483,423,505,413,546,2.17,0.958,44.6
0.379184454679489,0.320920586585999,2.10083746910095,1.81773555278778,1.20180034637451,1.89039075374603,0.790854454040527,0.842326819896698,0.827431619167328,0.731130599975586,0.82611358165741,0.833011209964752,1.04179739952087,-11.5069201944634,15.6184512833743,1,5786,417,442,415,434,385,474,420,499,412,539,3.31,1.57,28
0.351335734128952,0.317824333906174,2.12064576148987,1.52097344398499,1.25574481487274,1.7222672700882,0.801481783390045,0.845416605472565,0.844403684139252,0.736574113368988,0.833061575889587,0.835161864757538,1.02027797698975,7.8500003216665,16.1633666504339,1,5788,421,426,423,415,390,459,429,483,419,521,0.785,6.14,19.9
0.369293212890625,0.316533237695694,2.21906471252441,1.63846659660339,1.1767590045929,1.74101400375366,0.776024639606476,0.869772970676422,0.871057868003845,0.720747530460358,0.814449608325958,0.831856071949005,1.00768387317657,0.608250373266765,3.39959736715849,1,5791,421,440,416,437,386,478,421,503,411,544,1.98,1.85,8.62
0.352292776107788,0.322560250759125,2.26917910575867,1.4896332025528,1.23344445228577,1.78049433231354,0.816275179386139,0.841750860214233,0.86039263010025,0.732889175415039,0.858489334583283,0.833107829093933,1.02222228050232,-4.76892454385256,4.77764887068797,1,5793,419,435,424,427,389,469,429,494,418,533,2.31,3.47,7.76
0.35649049282074,0.322581350803375,2.37383365631104,1.49184131622314,1.22270178794861,1.73557209968567,0.797029674053192,0.873712599277496,0.846681237220764,0.726240873336792,0.846703588962555,0.818906545639038,1.03374540805817,2.69163767662919,6.18167132204622,1,5795,420,442,422,424,389,465,426,491,415,531,0.55,1.3,8.84
0.36092871427536,0.331325531005859,2.42852163314819,1.40540981292725,1.21359407901764,1.54114854335785,0.78501969575882,0.860938131809235,0.830120027065277,0.727871716022491,0.820639312267303,0.826057970523834,1.04224300384521,1.30466257273121,4.76242131375353,1,5797,419,437,421,422,390,465,426,488,416,529,1.28,2.22,6.92
0.4088194668293,0.318163156509399,2.45328974723816,1.53503727912903,1.19235360622406,1.80718457698822,0.777626514434814,0.878931164741516,0.839795291423798,0.736610651016235,0.812805235385895,0.824267446994782,1.0665830373764,4.44787435246221,9.33758397439347,1,5799,416,443,417,433,386,473,422,499,414,539,6.02,4.06,4.55
0.402748495340347,0.318120837211609,2.56034827232361,1.42100596427917,1.23258066177368,1.4431666135788,0.816567242145538,0.911823391914368,0.843630075454712,0.765202403068543,0.867039740085602,0.826758921146393,1.01749312877655,-3.27705202769736,10.3967778699118,1,5801,418,415,418,408,391,451,426,475,424,512,6.32,6.41,9.85
0.419751316308975,0.320083886384964,2.69624757766724,1.51363170146942,1.20152533054352,1.74509167671204,0.794950067996979,0.907635271549225,0.840644061565399,0.739938378334045,0.844068288803101,0.829100370407105,1.0134105682373,-17.8221492308754,18.2983372793001,1,5803,414,434,413,438,384,475,420,501,415,539,0.268,8.42,12
0.390801995992661,0.318879425525665,2.60386276245117,1.46916174888611,1.23653638362885,1.52764165401459,0.782593488693237,0.861647248268127,0.839090764522553,0.730938911437988,0.835205316543579,0.840828597545624,1.01252949237823,-4.09039595097754,14.6838211378656,1,5805,424,412,423,413,390,455,428,480,420,518,2.08,11.4,19.9
0.359995245933533,0.328010827302933,2.69008922576904,1.38748955726624,1.23077714443207,1.53053820133209,0.819725453853607,0.898952186107636,0.793786466121674,0.727103531360626,0.830520749092102,0.816268920898438,1.02843189239502,-6.61757452164751,17.6314978181029,0,5807,418,445,426,419,390,460,428,488,417,525,2.21,5.21,23.2
0.420263975858688,0.32174676656723,2.74739289283752,1.22606551647186,1.18538355827332,1.54654896259308,0.800478875637054,0.852841794490814,0.856739282608032,0.717417895793915,0.853155136108398,0.843721210956574,1.02539992332459,10.7162004027498,31.6455772272978,0,5809,487,431,470,423,425,448,454,484,435,516,13.2,13.4,36.1
0,0,0,0,0,0,0,0,0,0,0,0,0,-19.0160146938796,24.7621297161653,0,5812,0,0,0,0,0,0,0,0,0,0,19.1,3.57,40
0.456338137388229,0.414466977119446,2.2031877040863,1.06290531158447,0,1.54320681095123,0.834466695785522,0.887975871562958,0.801228165626526,0.779940485954285,0.856854856014252,0.846034228801727,1.01098906993866,23.3174664480813,39.3567886178394,0,5814,41.5,473,56.7,475,39.9,533,82.4,540,0,0,5.52,5.39,56.8
0.41933473944664,0.336874395608902,2.81070756912231,1.12496566772461,1.25242328643799,1.19796907901764,0.855032682418823,0.892461180686951,1.36456871032715,0.750191688537598,0.869199514389038,0.846313953399658,1.01226997375488,-85.4057477117357,90.4361516094656,0,5816,553,431,476,433,494,479,533,459,546,480,8.75,14.3,54.1
0,0,0,0,0,0,0,0,0,0,0,0,0,-77.3981665531983,77.8456022184634,0,5818,0,0,0,0,0,0,0,0,0,0,48.8,21.9,50.4
0,0,0,0,0,0,0,0,0,0,0,0,0,-72.4741829894667,92.7950615180861,0,5820,0,0,0,0,0,0,0,0,0,0,45.9,42.7,44.9
0,0,0,0,0,0,0,0,0,0,0,0,0,-53.668498019376,59.5132738430987,0,5822,0,0,0,0,0,0,0,0,0,0,24,64.9,17.3
0,0,0,0,0,0,0,0,0,0,0,0,0,-94.0660326654671,94.1016705372694,0,5824,0,0,0,0,0,0,0,0,0,0,73.3,97.9,29.4
0.434514671564102,0.325990557670593,2.52798199653625,0,0,1.4994980096817,0.830184102058411,0.914132356643677,1.72181713581085,0.76322466135025,0.852876603603363,0.855047643184662,1.09904217720032,-13.5829501346152,21.2531758230612,0,5826,401,788,380,749,340,786,0,0,0,0,55.5,104,84.8
0,0,0,0,0,0,0,0,0,0,0,0,0,-33.5847753905783,35.133420359195,0,5828,0,0,0,0,0,0,0,0,0,0,11.8,116,169
0,0,0,0,0,0,0,0,0,0,0,0,0,-71.6511102723979,116.528164800823,0,5830,0,0,0,0,0,0,0,0,0,0,50.3,96.6,267
0,0,0,0,0,0,0,0,0,0,0,0,0,92.5616348407502,217.210591300816,0,5832,0,0,0,0,0,0,0,0,0,0,11.9,57.1,380
0.41659414768219,0.292033016681671,2.71892666816711,1.12187170982361,1.28717112541199,1.37515211105347,0.843762755393982,0.860337853431702,1.36817276477814,0.751944482326508,0.816223621368408,0.869706511497498,1.05650341510773,-13.0085959583574,47.1525707191519,0,5835,537,539,565,569,574,503,532,511,525,472,66.4,30.4,553
0.55559366941452,0.298542320728302,2.66019010543823,1.12026000022888,1.28498327732086,1.2911092042923,0.825157701969147,0,0.910774409770966,0.747089862823486,0.827497601509094,0.864939570426941,1.03138899803162,4.16613748821982,26.8840400840748,0,5837,553,482,571,549,596,488,552,488,554,440,12.1,25.8,667
0.436923146247864,0.31303995847702,2.29454898834229,1.09555888175964,1.2530483007431,1.36661434173584,0.874493956565857,0.88942563533783,0.820253193378449,0.713884711265564,0.938095211982727,0.854525744915009,1.03379809856415,-2.88649612546509,87.023905462543,0,5839,600,125,649,210,678,134,631,149,642,111,14.8,48.1,786
0,0,0,0,0,0,0,0,0,0,0,0,0,-21.384485851852,44.2215643370295,0,5841,0,0,0,0,0,0,0,0,0,0,16.5,49.5,836
0.442909687757492,0.32350367307663,2.43237996101379,1.18795990943909,1.30279886722565,1.15056669712067,0.90006560087204,0.859227657318115,1.2465705871582,0,0.899669229984283,0.730577349662781,0,9.83698232323992,12.5430883370198,0,5843,755,646,761,657,759,590,720,604,707,563,32.5,14.4,880
0.444696098566055,0.31138351559639,2.44548344612122,1.15776944160461,1.26289844512939,1.3101806640625,0.889189183712006,0.895316779613495,0.841105341911316,0.78205019235611,0.84096759557724,0.899790465831757,1.03985512256622,-30.9906078654996,40.7936759841688,0,5845,578,705,596,666,617,607,574,606,574,562,21.1,7.11,896
0,0,0,0,0,0,0,0,0,0,0,0,0,106.152453908163,119.382333422826,0,5847,0,0,0,0,0,0,0,0,0,0,46.1,52.2,845
0.421760112047195,0.34155085682869,2.44606161117554,1.2283878326416,0,1.21645390987396,0.88095235824585,0.901189863681793,0.753383755683899,0.738337576389313,0.83881276845932,0.864226400852203,1.06192195415497,-116.85454885156,122.904140342811,0,5849,522,449,534,390,546,328,504,335,0,0,16.7,30.8,779
0.4022037088871,0.320842206478119,2.29751563072205,1.25132012367249,1.11759901046753,1.08781015872955,0,0.912143528461456,0.928037405014038,0.793468773365021,0.888640403747559,0.882012128829956,1.04433906078339,8.18050746402826,11.2076419608687,0,5851,536,540,527,504,542,443,498,447,488,400,45.8,37.8,687
0,0,0,0,0,0,0,0,0,0,0,0,0,-42.4381404613143,44.5731233994964,0,5853,0,0,0,0,0,0,0,0,0,0,7.83,27.5,573
0.468788176774979,0.30559891462326,2.39584612846375,1.27501511573792,1.25181436538696,0.999432504177094,0.830210089683533,0.963202357292175,1.48735022544861,0.793309986591339,0.854371726512909,0.881728827953339,1.07664561271667,-11.3967327475789,16.113363034384,0,5856,574,590,579,583,565,531,528,546,507,515,16,18.9,420
0,0,0,0,0,0,0,0,0,0,0,0,0,-29.7696390126063,37.904372186397,0,5858,0,0,0,0,0,0,0,0,0,0,5.3,40.9,360
0,0,0,0,0,0,0,0,0,0,0,0,0,-50.8970550109411,51.0686651880607,0,5860,0,0,0,0,0,0,0,0,0,0,6.03,16.4,318
0,0,0,0,0,0,0,0,0,0,0,0,0,32.4639819327867,34.9622259221253,0,5862,0,0,0,0,0,0,0,0,0,0,19.4,12.8,329
0,0,0,0,0,0,0,0,0,0,0,0,0,-24.8600324039921,80.6171793280231,0,5864,0,0,0,0,0,0,0,0,0,0,78.2,68.4,326
0.394588023424149,0.311045259237289,2.2073187828064,1.3827395439148,1.30454814434052,1.09333074092865,0.916599214076996,0.888950765132904,0.729125440120697,0.762442290782928,0.83437967300415,0.852008640766144,1.01330375671387,-43.7726705174078,69.4990742379286,0,5866,361,284,385,291,447,270,419,239,456,217,42.6,42.3,292
0.396850556135178,0.331936985254288,2.23652720451355,1.28546214103699,1.27570569515228,1.49550592899323,0,0.893877565860748,0.821705400943756,0.786629199981689,0.82618910074234,0.858945488929749,0.988847613334656,3.23123158138881,10.6267767137483,0,5868,226,314,151,295,218,290,195,249,234,229,68.1,62.2,304
0.390431821346283,0.298165112733841,2.34904336929321,1.42177867889404,1.25298070907593,1.21001815795898,0.899279117584229,0.878273189067841,0.95072466135025,0.755854964256287,0.845685482025147,0.870276153087616,1.02456092834473,-2.03096259508355,4.81043154265406,0,5870,466,322,479,355,544,376,538,329,580,313,37.1,72.4,311
0.405254423618317,0.307726413011551,2.26413297653198,1.40471971035004,1.28435349464417,1.04458510875702,0.937153875827789,0.902626872062683,0.775939404964447,0.785919308662415,0.887197136878967,0.850324749946594,0.960072576999664,-0.093024918338999,16.1052397636034,0,5872,417,211,403,217,465,244,466,201,508,211,13.2,56.9,311
0,0,0,0,0,0,0,0,0,0,0,0,0,18.6154849969957,48.4334739199991,0,5874,0,0,0,0,0,0,0,0,0,0,27.9,54.8,309
0.383361995220184,0.340219229459763,2.25197982788086,1.38123214244843,0,1.05122780799866,0,0.8373983502388,0,0.566446244716644,0,0.846702337265015,1,11.066615209203,56.3211896703435,0,5877,362,400,372,549,428,566,429,522,0,0,6.24,21.1,382
0.413090735673904,0.290998518466949,2.27435827255249,1.36581528186798,1.28327977657318,1.02640080451965,0.920154333114624,0.885370492935181,0.894699335098267,0.794257164001465,0.886457860469818,0.862200617790222,1.00673985481262,-8.25442579498788,20.1620718475322,0,5879,609,375,577,401,636,437,642,394,681,410,17.9,2.89,450
0,0,0,0,0,0,0,0,0,0,0,0,0,-3.42797093998377,17.3786605755227,0,5881,0,0,0,0,0,0,0,0,0,0,17.2,30.1,470
0,0,0,0,0,0,0,0,0,0,0,0,0,13.605222219315,69.401181085621,0,5883,0,0,0,0,0,0,0,0,0,0,4.46,19.4,478
0,0,0,0,0,0,0,0,0,0,0,0,0,-10.2209419342647,82.7842761910473,0,5885,0,0,0,0,0,0,0,0,0,0,42.6,43.2,492
0,0,0,0,0,0,0,0,0,0,0,0,0,-35.0732447266912,77.7894843869023,0,5887,0,0,0,0,0,0,0,0,0,0,38.3,27.7,474
0,0,0,0,0,0,0,0,0,0,0,0,0,-4.16787882338855,5.49806756068224,0,5889,0,0,0,0,0,0,0,0,0,0,103,39.5,424
0,0,0,0,0,0,0,0,0,0,0,0,0,4.49155999352454,15.729523072903,0,5891,0,0,0,0,0,0,0,0,0,0,45.1,17.2,375
0,0,0,0,0,0,0,0,0,0,0,0,0,31.282124607124,33.6352143441584,0,5893,0,0,0,0,0,0,0,0,0,0,86,48.4,299
0,0,0,0,0,0,0,0,0,0,0,0,0,-73.06408092874,93.8277117625309,0,5895,0,0,0,0,0,0,0,0,0,0,15.1,19.9,222
0.441575020551682,0.305068254470825,2.22068810462952,1.3461606502533,1.22135281562805,1.00751411914825,0.908905863761902,0.862390756607056,0.995051205158234,0.812387645244598,0.861260831356049,0.886437237262726,0.998068690299988,87.5789771573051,115.974140775667,0,5898,420,653,439,674,452,609,409,614,406,572,36.5,71.1,102
0.418647110462189,0.304402232170105,0,1.30952155590057,0,1.04100346565247,0.911810755729675,0.756637156009674,0.872569084167481,0.847439050674439,0.872919380664825,0.83501535654068,0.99895578622818,-42.5420439989207,43.0130517394075,0,5900,81.8,412,185,408,0,0,177,342,0,0,21.9,19.8,79.3
0,0,0,0,0,0,0,0,0,0,0,0,0,-39.2788375938308,40.6481609576249,0,5902,0,0,0,0,0,0,0,0,0,0,53.2,58.5,55.5
0,0,0,0,0,0,0,0,0,0,0,0,0,-23.8421139905435,35.6630381343809,0,5904,0,0,0,0,0,0,0,0,0,0,13.1,54.3,92.6
0,0,0,0,0,0,0,0,0,0,0,0,0,17.9231197323822,21.9951965973053,0,5906,0,0,0,0,0,0,0,0,0,0,30.7,68.1,101
0,0,0,0,0,0,0,0,0,0,0,0,0,27.3421985183476,38.0801578645119,0,5908,0,0,0,0,0,0,0,0,0,0,19.4,38.7,129
0,0,0,0,0,0,0,0,0,0,0,0,0,-248.37483295002,315.32437078354,0,5910,0,0,0,0,0,0,0,0,0,0,79.9,45.1,106
0,0,0,0,0,0,0,0,0,0,0,0,0,20.0414587704978,186.505727136792,0,5912,0,0,0,0,0,0,0,0,0,0,79.6,20.9,106
0,0,0,0,0,0,0,0,0,0,0,0,0,-85.9830361100702,86.8961415415665,0,5914,0,0,0,0,0,0,0,0,0,0,78.7,78.7,121
0,0,0,0,0,0,0,0,0,0,0,0,0,30.8660076155793,34.4434430431931,0,5916,0,0,0,0,0,0,0,0,0,0,12.1,62.4,162
0,0,0,0,0,0,0,0,0,0,0,0,0,57.3492777093504,150.794725774871,0,5919,0,0,0,0,0,0,0,0,0,0,21.5,62,249
0,0,0,0,0,0,0,0,0,0,0,0,0,-27.0406922629278,34.3459966116294,0,5921,0,0,0,0,0,0,0,0,0,0,61.4,25.7,293
0,0,0,0,0,0,0,0,0,0,0,0,0,-83.4632581215018,136.950764974205,0,5923,0,0,0,0,0,0,0,0,0,0,28,7.97,368
0,0,0,0,0,0,0,0,0,0,0,0,0,-19.8064592750825,32.5161188589176,0,5925,0,0,0,0,0,0,0,0,0,0,40,29.6,441
0,0,0,0,0,0,0,0,0,0,0,0,0,-9.16583991107414,50.1876898701864,1,5927,0,0,0,0,0,0,0,0,0,0,33.2,25.7,453
0,0,0,0,0,0,0,0,0,0,0,0,0,6.74692267810448,27.0460841762909,1,5929,0,0,0,0,0,0,0,0,0,0,22.4,6.35,498
0,0,0,0,0,0,0,0,0,0,0,0,0,113.424967163344,118.948411886371,1,5931,0,0,0,0,0,0,0,0,0,0,35.6,26.4,499
0.441142231225967,0.318445086479187,0.671109318733215,1.04135000705719,0,1.33639192581177,0,0.858868420124054,0.846233248710632,0.7738156914711,0.862941920757294,0.824729144573212,1.05856835842133,-71.2981238405815,73.8378618248091,1,5933,446,492,497,451,542,471,473,417,0,0,24.8,35.5,476
0,0,0,0,0,0,0,0,0,0,0,0,0,4.38421641887936,59.3577319539481,1,5935,0,0,0,0,0,0,0,0,0,0,29,37.3,443
0,0,0,0,0,0,0,0,0,0,0,0,0,-55.5010951665291,80.6252402076396,1,5937,0,0,0,0,0,0,0,0,0,0,17.3,14,388
0.403067052364349,0.354173213243484,1.74087595939636,1.47797060012817,0,1.46931707859039,0,0.87306147813797,0.838685572147369,0.797248005867004,0.890396654605866,0.87603896856308,0.983829259872437,67.4245885981688,69.1015755467649,1,5940,419,651,415,584,430,518,387,525,0,0,11.4,10.7,264
0,0,0,0,0,0,0,0,0,0,0,0,0,10.5047273561274,13.8507226477826,1,5942,0,0,0,0,0,0,0,0,0,0,40.8,25,172
0.42543289065361,0.32893967628479,1.71166908740997,1.40453207492828,1.18957102298737,1.6801609992981,0.938127875328064,0.920708537101746,0.747619032859802,0.769113957881928,0.864587724208832,0.875347495079041,0.972554266452789,-48.3695522828003,101.889376317152,1,5944,436,532,517,529,546,476,499,469,519,426,22.1,31.4,89.1
0,0,0,0,0,0,0,0,0,0,0,0,0,6.44530736578512,34.7049645984569,1,5946,0,0,0,0,0,0,0,0,0,0,12.2,28.3,32.6
0,0,0,0,0,0,0,0,0,0,0,0,0,-17.3342153052301,26.471287822821,1,5948,0,0,0,0,0,0,0,0,0,0,28.9,38.5,55.6
0.397346049547195,0.309414952993393,1.63429439067841,1.4994695186615,1.27169895172119,1.8091561794281,0.877314805984497,0.891198456287384,0.75646698474884,0.795971512794495,0.873076617717743,0.862862050533295,0.99039489030838,25.422553694712,37.2482639126193,1,5950,330,319,320,334,386,312,356,282,395,251,11,21,64.1
0.395572900772095,0.303590923547745,1.68616020679474,1.44836962223053,1.22375655174255,1.78629291057587,0.870208621025085,0.900815546512604,0.785603404045105,0.792310535907745,0.859906077384949,0.860501766204834,0.959838330745697,-9.20303240090166,39.3019512739807,1,5952,329,327,329,325,394,308,367,275,404,250,45.1,27.4,86.7
0.375901609659195,0.324768364429474,1.72598826885223,1.6104484796524,1.22187197208405,1.72334969043732,0.861142039299011,0.897846162319183,1.03060591220856,0.781518042087555,0.877481341362,0.860462069511414,0.99784654378891,46.1980107822225,65.5843642488203,1,5954,416,242,381,286,441,281,421,239,458,225,9.91,34.5,78.1
0,0,0,0,0,0,0,0,0,0,0,0,0,-15.2563644302005,15.3339748417482,1,5956,0,0,0,0,0,0,0,0,0,0,5.39,35.7,47.4
0,0,0,0,0,0,0,0,0,0,0,0,0,21.650197811276,25.5982552503658,1,5958,0,0,0,0,0,0,0,0,0,0,17.5,38.5,18.9
0.387832373380661,0.276355534791946,1.62302017211914,1.3048779964447,1.20524120330811,1.98115241527557,0.810263633728027,0.858088254928589,0.761680066585541,0.804953098297119,0.840623080730438,0.867878079414368,0.926629662513733,-8.25621536668915,83.6611821515131,1,5961,597,345,555,365,600,320,556,299,580,266,26.8,11.3,35.5
0.424000233411789,0.30102077126503,1.61731028556824,1.34396123886108,1.23233640193939,1.89585816860199,0.967717111110687,0.981199622154236,0.752273678779602,0.785305678844452,0.858275711536408,0.877010524272919,0.962937474250793,25.0875978743182,28.545246081874,1,5963,580,435,577,427,613,374,565,364,575,319,38,14.7,86.9
0.437974005937576,0.307623982429504,1.6907160282135,1.40895068645477,1.26944613456726,1.86104834079742,0.916950047016144,0.934867560863495,0.801609933376312,0.816723883152008,0.84100878238678,0.898560643196106,0.916203498840332,-43.2227489104351,44.9139114333264,1,5965,661,482,696,489,691,422,654,443,645,399,15.5,42.3,127
0.38638773560524,0.297413647174835,1.71516096591949,1.3888988494873,1.25646710395813,1.90543866157532,0.881819725036621,0.86530613899231,0.829000592231751,0.803289473056793,0.842177271842957,0.869205713272095,0.94236433506012,11.7913088487256,13.5752398436965,1,5967,598,495,626,493,639,432,594,436,591,391,8.72,33.4,144
0.428595513105392,0.304944068193436,1.57314693927765,1.28487122058868,1.28882646560669,1.51625502109528,0.895824611186981,0.899999976158142,0.810145914554596,0.811664581298828,0.891461193561554,0.877521872520447,0.94894289970398,-2.3747170029925,2.75838815089073,1,5969,607,540,622,557,636,491,595,498,593,452,2.8,40,160
0.398557662963867,0.317827463150024,1.65742552280426,1.28330731391907,1.27080118656158,1.76641523838043,0.878006041049957,0.810475051403046,1.01780319213867,0.798746347427368,0.829750895500183,0.863965451717377,0.977420270442963,28.9211582498903,30.38498542695,1,5971,601,484,609,529,615,468,572,476,566,438,9.92,24.8,176
0.429586917161942,0.327050030231476,1.49092757701874,1.31667232513428,1.14669549465179,1.50007772445679,0.840236663818359,0.862039625644684,0.834987998008728,0.792633414268494,0.840937256813049,0.87685889005661,1.01168835163116,25.9047295243356,41.08403625259,1,5973,457,409,433,412,425,358,387,377,357,347,13.4,7.66,179
0.506700158119202,0.373369187116623,1.50089120864868,1.20603334903717,1.10074150562286,1.62972724437714,0.828474223613739,0.909638583660126,0.85664027929306,0.769890427589417,0.841111719608307,0.831477642059326,0.954694092273712,13.4902255161444,25.2719812783236,1,5975,154,331,146,403,196,364,160,340,172,306,12.5,13.9,163
0.471892893314362,0.326303005218506,1.60432088375092,1.2026401758194,1.17566442489624,1.69460785388947,0.822800517082214,0.885191321372986,0.89626556634903,0.78419417142868,0.843292534351349,0.870741605758667,0,-9.90360750257911,14.2884835412916,1,5977,191,242,196,284,248,258,222,228,260,205,10.5,3.49,187
0.412373542785645,0.308397680521011,1.71089625358582,1.30910265445709,1.2070437669754,1.90268731117249,0.89322555065155,0.843787670135498,1.08685600757599,0.746837675571442,0.814809620380402,0.833831131458283,0.961638391017914,-36.8596906590591,39.1109248073419,1,5979,431,310,403,314,439,270,400,249,406,211,7.63,8.26,153
0.430038899183273,0.29326593875885,1.72533786296844,1.23009276390076,1.23649990558624,1.61084842681885,0.895863056182861,0.941966533660889,0.77550595998764,0.772278487682343,0.853227913379669,0.868387401103973,0.989590764045715,15.7309611702573,21.024016051858,1,5981,537,410,560,420,558,357,518,373,506,335,4.57,13.3,146
0,0,0,0,0,0,0,0,0,0,0,0,0,14.1292202158636,19.5760293052408,1,5984,0,0,0,0,0,0,0,0,0,0,16.2,2.24,163
0.394583076238632,0.318865120410919,1.63652551174164,1.26297426223755,1.18592405319214,1.65139329433441,0.798822402954102,0.840474605560303,0.894485294818878,0.777535259723663,0.831708192825317,0.871972620487213,0.992020070552826,14.436353530719,14.7444103751779,0,5986,356,421,380,400,369,343,329,357,310,320,9.18,12.8,182
0.511590778827667,0.320061653852463,1.59391689300537,1.14321303367615,1.17013812065125,1.51712942123413,0.833387434482574,0.860117673873901,0.94541871547699,0.785560131072998,0.825406789779663,0.87886106967926,1.03112995624542,-46.985041189122,48.6608009530259,0,5988,250,367,317,361,302,310,263,330,244,301,18.3,10.5,161
0,0,0,0,0,0,0,0,0,0,0,0,0,6.11209823355764,9.82239224878237,0,5990,0,0,0,0,0,0,0,0,0,0,21.9,7.45,147
0,0,0,0,0,0,0,0,0,0,0,0,0,10.0589124707703,38.7249786913365,0,5992,0,0,0,0,0,0,0,0,0,0,21.2,23.6,149
0,0,0,0,0,0,0,0,0,0,0,0,0,-2.86495933011535,85.8321715972057,0,5994,0,0,0,0,0,0,0,0,0,0,18.8,15.5,97.6
0,0,0,0,0,0,0,0,0,0,0,0,0,-19.9286348925542,33.6804318927558,0,5996,0,0,0,0,0,0,0,0,0,0,22.2,21.9,83.4
0.347850233316421,0.330042451620102,1.77324748039246,1.21227264404297,1.25021684169769,1.16773533821106,0.798420250415802,0.843818843364716,0.767516374588013,0.751497328281403,0.821050703525543,0.839693188667297,1.05087792873383,30.1021617519958,34.5420415815313,0,5998,523,516,537,557,519,494,479,527,456,498,10.6,13.3,60.5
0.388772159814835,0.343579560518265,1.8061990737915,1.29697370529175,1.26014578342438,0.944563150405884,0.814771413803101,0.879120886325836,0.786146223545074,0.751634955406189,0.774099946022034,0.848658382892609,1.09636616706848,-3.15002299825873,8.75611728579127,0,6000,565,541,590,514,561,460,531,484,494,467,4.25,14.5,44.4
0.392912834882736,0.315180957317352,1.64628732204437,1.31503212451935,1.25286662578583,1.35260188579559,0,0,0.774136602878571,0.74379312992096,0.938690185546875,0.864160180091858,0,-20.8602819650483,21.8646825288535,0,6002,616,671,634,676,611,623,575,656,540,626,17.3,5.59,38.5
0.461433857679367,0.311152964830399,1.72331559658051,1.20097744464874,1.2689700126648,1.49495208263397,0.893847644329071,0,0.766479194164276,0.771813154220581,0.819878399372101,0.875182390213013,1.11763846874237,-4.03963114187332,7.19197616638612,0,6005,573,731,567,701,543,652,513,683,482,653,7.36,14.1,54.1
0,0,0,0,0,0,0,0,0,0,0,0,0,-3.31037201642727,8.60367713048045,0,6007,0,0,0,0,0,0,0,0,0,0,9.73,17.3,49.6
0.435467094182968,0.355571359395981,1.6127245426178,1.32894539833069,1.24495327472687,1.33149349689484,0.860089898109436,0.89789742231369,0.808487474918366,0.786547124385834,0.840939521789551,0.881102979183197,1.13939738273621,-4.79073532175001,16.4894368452439,0,6009,640,626,626,600,585,555,568,597,531,570,15.4,23.7,34.8
0,0,0,0,0,0,0,0,0,0,0,0,0,8.4000040900279,11.4988786473164,0,6011,0,0,0,0,0,0,0,0,0,0,11.5,21.5,35.8
0,0,0,0,0,0,0,0,0,0,0,0,0,-3.80827881500258,9.48945303353488,0,6013,0,0,0,0,0,0,0,0,0,0,5.91,24,20.2
0,0,0,0,0,0,0,0,0,0,0,0,0,-7.34443690501476,26.3704678880901,0,6015,0,0,0,0,0,0,0,0,0,0,6.14,16.5,24.4
0,0,0,0,0,0,0,0,0,0,0,0,0,-17.4879326148864,36.5957479487051,0,6017,0,0,0,0,0,0,0,0,0,0,10.9,22.6,52.7
0,0,0,0,0,0,0,0,0,0,0,0,0,-25.7582993414026,29.7593544690677,0,6019,0,0,0,0,0,0,0,0,0,0,9.36,14.2,82.6
0.449451625347137,0.306088894605637,1.62032353878021,1.41375601291657,1.43610417842865,1.05354583263397,0.845019578933716,0.921037435531616,0.726334452629089,0.861702799797058,0.851150572299957,0.891607999801636,1.03383457660675,-4.33094190371635,26.5512424276543,0,6021,427,577,446,556,397,511,390,557,348,534,9.84,6.12,118
0.426167368888855,0.326863825321197,1.57657909393311,1.45479071140289,1.43584549427032,1.30860126018524,0.891406655311585,0.939199507236481,0.71513158082962,0.906684398651123,0.840878069400787,0.896186828613281,1.05448722839355,-9.49850161207633,13.4466067483602,0,6023,458,582,444,558,393,513,389,558,342,530,10.7,9.47,140
0.435847938060761,0.327649623155594,1.565678358078,1.45858895778656,1.39947938919067,1.13170123100281,0.785186529159546,0.896337389945984,0.68155574798584,0.855293452739716,0.824722349643707,0.892862617969513,1.06839680671692,10.5245853918903,14.5763703880871,0,6026,450,574,434,551,388,498,379,544,337,514,2.33,12,182
0.427898317575455,0.31728795170784,1.55791485309601,1.52307093143463,1.40737092494965,1.17975580692291,0.861391007900238,0.976593613624573,0.699987471103668,0.89861786365509,0.859281420707703,0.895369529724121,1.09880244731903,-1.69737157574536,22.2936222585519,0,6028,454,578,463,557,410,506,404,550,360,516,3.82,5.81,191
0.414676487445831,0.32708802819252,1.53286027908325,1.53700232505798,1.33164477348328,1.18245875835419,0.812994420528412,0,0.67603611946106,0.835446536540985,0.852894246578217,0.885442316532135,1.05333983898163,3.0447615443369,11.8060817326388,0,6030,407,556,419,542,378,488,365,533,330,503,5.63,9.65,202
0.441947549581528,0.353574335575104,1.46912050247192,1.51705074310303,1.33877062797546,1.09807777404785,0.951504409313202,0.974418580532074,0.736579596996307,0.883594930171967,0.845980286598206,0.899090349674225,1.04902815818787,15.9008350511541,19.0136003961543,0,6032,399,561,412,544,371,497,356,541,317,515,12.7,9.62,192
0.333327025175095,0.312103420495987,1.46792817115784,1.40203356742859,1.32972621917725,1.04150414466858,0.834654450416565,0.850963413715363,0.778599798679352,0.762035429477692,0.84635454416275,0.866244673728943,1.10553503036499,-3.28414977219662,3.45798360734832,0,6034,247,496,282,515,245,468,221,511,191,488,7.74,9.1,173
0.348139077425003,0.294342488050461,1.33465993404388,1.17790544033051,1.29328417778015,1.00352191925049,0,0.911684274673462,0,0.823664247989655,0.903811275959015,0.867565751075745,0,-31.2169730614659,33.1445350596708,0,6036,197,514,300,503,248,459,225,496,206,470,8.26,12.3,154
0,0,0,0,0,0,0,0,0,0,0,0,0,21.3242180918813,33.3183358890374,0,6038,0,0,0,0,0,0,0,0,0,0,8.81,9.71,118
0,0,0,0,0,0,0,0,0,0,0,0,0,-0.152643531008843,2.85122005417877,0,6040,0,0,0,0,0,0,0,0,0,0,11,2.56,96.8
0.404853969812393,0.308151066303253,1.45035147666931,1.5292831659317,1.33607840538025,1.05757474899292,0.92872416973114,0.963626325130463,0.72236841917038,0.76723712682724,0.84146124124527,0.865228176116943,1.06280553340912,-6.67713546321327,14.7000773705503,0,6042,506,516,506,489,463,450,448,492,404,471,6.54,7.9,64.9
0.415589064359665,0.303875386714935,1.46580517292023,1.52780556678772,1.27587258815765,1.06127071380615,0.792126297950745,0.974636435508728,0.835141003131866,0.848132193088532,0.847705602645874,0.87726354598999,1.07458567619324,8.16287026002421,12.7278800760008,0,6044,568,520,571,490,522,456,517,499,466,482,12.1,15.4,53.2
0.341052293777466,0.324970006942749,1.40795767307282,1.56889915466309,1.28621137142181,0.969299912452698,0.858950853347778,0.882786512374878,0.801176011562347,0.78814172744751,0.838624060153961,0.864281356334686,1.0521023273468,17.8096237033742,18.7122750715217,0,6047,414,470,431,469,381,436,366,480,333,466,3.11,12.3,44.8
0.353279083967209,0.28382283449173,1.44153773784637,1.68063926696777,1.34902381896973,1.06929206848145,0.836866497993469,0.92680811882019,0.738373100757599,0.765329360961914,0.86144495010376,0.86697906255722,1.03837358951569,3.9154508298912,4.20265308187064,0,6049,465,471,516,473,468,440,460,484,428,471,2.23,12.9,38.4
0.376774042844772,0.292587578296661,1.47923219203949,1.63080108165741,1.35027718544006,1.00131928920746,0.873688280582428,1.01932990550995,0.73661595582962,0.770352184772491,0.855912864208221,0.865971505641937,1.07801115512848,-26.4967160650292,30.6434680400228,0,6051,569,490,568,477,522,441,514,487,475,470,9.04,9.65,33.5
0.403223276138306,0.277311503887177,1.42928540706635,1.66909658908844,1.3285117149353,1.03582441806793,0.838135957717896,1.00461995601654,0.771550416946411,0.847541630268097,0.828041315078735,0.864993095397949,1.059605717659,-8.44870902772679,11.8257444860373,0,6053,601,500,635,489,571,457,571,498,519,481,2.39,7.3,27.2
0.433788359165192,0.298840463161469,1.4387538433075,1.58124470710754,1.32963383197784,0.98175311088562,0,0,0.685882329940796,0.793664693832397,0.805830061435699,0.866801083087921,0,-21.7190974564469,24.162792854174,0,6055,493,508,601,491,547,466,548,510,500,498,8.43,7.91,9.05
0,0,0,0,0,0,0,0,0,0,0,0,0,-4.77944164825578,10.0313953655834,0,6057,0,0,0,0,0,0,0,0,0,0,1.2,4.26,19.1
0,0,0,0,0,0,0,0,0,0,0,0,0,-16.3000867910362,34.4409479845663,0,6059,0,0,0,0,0,0,0,0,0,0,31,9.03,35.3
0.34926763176918,0.333628803491592,1.36861729621887,1.52994811534882,0,0.994578957557678,0.876712322235107,0.824628472328186,0.825419485569,0.707139492034912,0.721537709236145,0.848048269748688,0,-6.90315583865118,30.084806636041,0,6061,137,342,138,319,107,275,73.6,316,0,0,19,23.7,60.7
0.33531653881073,0.323990851640701,1.45553493499756,1.61661016941071,1.26917994022369,0.936593413352966,0.772218585014343,0.82968544960022,0.835042715072632,0.789214253425598,0.786136209964752,0.834890484809876,1.12023842334747,18.8583409899068,24.111490656038,0,6063,333,323,313,325,291,275,254,310,228,281,12.7,21.1,69.8
0.349866986274719,0.304200440645218,1.38587629795074,1.65960896015167,1.27286648750305,0.953906536102295,0.807448506355286,0.838615655899048,0.779368221759796,0.786726474761963,0.838311970233917,0.864188551902771,1.15138041973114,-42.0175354693588,55.9066517448584,0,6065,311,383,337,400,293,356,269,393,239,369,7.73,7.76,77.2
0.412637740373611,0.31741663813591,1.39002752304077,1.67913746833801,1.28823530673981,0.950355350971222,0.820050656795502,0.837295472621918,0.88775509595871,0.749258279800415,0.837256073951721,0.867759466171265,1.15171205997467,-3.58469749669009,3.82265763985542,0,6068,374,605,377,590,324,564,314,605,271,594,17.2,8.67,68.3
0,0,0,0,0,0,0,0,0,0,0,0,0,26.6031331028072,34.4607044556359,0,6070,0,0,0,0,0,0,0,0,0,0,10,24,67.8
0,0,0,0,0,0,0,0,0,0,0,0,0,9.41218911248036,15.675631590729,0,6072,0,0,0,0,0,0,0,0,0,0,25.1,38.7,56.8
0,0,0,0,0,0,0,0,0,0,0,0,0,17.233090899393,21.4090690858103,0,6074,0,0,0,0,0,0,0,0,0,0,25.1,47,61.1
0,0,0,0,0,0,0,0,0,0,0,0,0,-10.6545644937408,12.5967521856956,0,6076,0,0,0,0,0,0,0,0,0,0,16.5,50,56.5
0.378159403800964,0.291249632835388,1.34772038459778,1.97578895092011,0,1.03473114967346,0.866135358810425,0.823278188705444,0.990561485290527,0.782866835594177,0.826553583145142,0.857345581054688,1.15636432170868,28.9627441757625,34.3403270576676,0,6078,408,361,381,367,406,429,441,398,0,0,14.7,38.5,66.6
0,0,0,0,0,0,0,0,0,0,0,0,0,-16.3056231333376,17.3234731415824,0,6080,0,0,0,0,0,0,0,0,0,0,5.92,26.9,88.5
0,0,0,0,0,0,0,0,0,0,0,0,0,52.9586900929447,64.268017983626,0,6082,0,0,0,0,0,0,0,0,0,0,8.92,4.65,106
0.438224792480469,0.702247202396393,1.62820434570313,1.14367043972015,1.30700469017029,0.970162749290466,0,0.991769552230835,0.786860227584839,0.618059575557709,0.847986400127411,0.854797184467316,0.919421494007111,12.3730527423596,29.0873050180251,0,6084,273,187,279,180,232,110,184,131,217,145,34,25.5,159
0.390302866697311,0.28098401427269,1.28648853302002,1.73576045036316,1.31881129741669,0.993471324443817,0.82127571105957,0.924731194972992,0.788321197032928,0.855915069580078,0.822010099887848,0.864414691925049,1.05898153781891,50.9368780994974,62.3647615671496,0,6086,330,326,308,313,263,356,311,373,287,406,21.8,12.3,197
0.327322036027908,0.27427726984024,1.28989493846893,1.8370852470398,1.39321136474609,1.00965881347656,0.906633496284485,0.890664935112,0.740914583206177,0.789798557758331,0.812786519527435,0.862014532089233,1.0964058637619,3.0823766844268,7.29861828283147,0,6089,375,279,342,268,301,312,339,331,318,362,28.8,4.41,263
0.351268172264099,0.296248227357864,1.23953700065613,1.74281513690949,1.36955511569977,1.00414252281189,0.888997077941895,0.851744174957275,0.771000027656555,0.771826326847076,0.832555532455444,0.880954802036285,1.07594585418701,26.4302253740166,72.5613359982035,0,6091,367,302,324,300,286,350,329,362,310,396,11.2,5.99,292
0.342539638280869,0.278290748596191,1.23299527168274,1.93955659866333,1.39307904243469,1.04305493831635,0.826771676540375,0.886660635471344,0.725082635879517,0.762917935848236,0.854106307029724,0.874040007591248,1.09583735466003,-33.3487024609107,54.2640753384099,0,6093,340,357,292,360,261,404,295,424,276,459,15.1,9.54,321
0.34230649471283,0.2729332447052,1.22263407707214,1.79595112800598,1.33954846858978,1.02613973617554,0.889267027378082,0.863399386405945,0.777836561203003,0.777789354324341,0.834415972232819,0.87470942735672,1.08113968372345,4.88675414353234,8.91943489617422,0,6095,295,334,271,305,243,356,281,365,264,401,14.2,27.9,316
0.348702400922775,0.288904637098312,1.21890008449554,1.76047205924988,1.410160779953,1.01895952224731,0.93770956993103,0.850083351135254,0.775083899497986,0.793110907077789,0.836616277694702,0.877717256546021,1.11265623569489,19.2440041475468,63.6807923745747,0,6097,278,312,253,320,218,367,263,382,247,419,2.27,6.28,295
0.351371288299561,0.286052316427231,1.22934293746948,1.8301854133606,1.42400133609772,0.999727249145508,0.902227699756622,0.87180632352829,0.770231187343597,0.779156863689423,0.870934963226318,0.88525801897049,1.14600551128387,-35.703614579419,44.6861868916311,0,6099,320,287,262,251,239,310,278,312,264,351,9.07,1.33,292
0.410940289497376,0.322471857070923,1.22940993309021,1.76158940792084,1.38485109806061,0.979393482208252,0.850084245204926,0.855222940444946,0.84025377035141,0.794476807117462,0.820358097553253,0.894952714443207,1.0896977186203,9.28396395402866,22.6230104169419,0,6101,269,167,237,183,208,235,257,245,247,283,8.59,1.96,245
0,0,0,0,0,0,0,0,0,0,0,0,0,105.861196116929,176.597123041244,0,6103,0,0,0,0,0,0,0,0,0,0,13.8,20,194
0,0,0,0,0,0,0,0,0,0,0,0,0,-21.9882455375638,26.3221878248523,1,6105,0,0,0,0,0,0,0,0,0,0,8.37,11.6,177
0,0,0,0,0,0,0,0,0,0,0,0,0,-153.615983024699,156.9451279493,1,6107,0,0,0,0,0,0,0,0,0,0,7.14,16,134
0,0,0,0,0,0,0,0,0,0,0,0,0,-53.3496728074608,74.4532361147023,1,6109,0,0,0,0,0,0,0,0,0,0,30.3,26.9,101
0.371087908744812,0.296808868646622,1.2384524345398,1.94131302833557,1.56676959991455,1.11958658695221,0.782262325286865,0.833822906017303,1.05093383789063,0.762672364711762,0.828467130661011,0.868741154670715,1.10640728473663,-203.322530915305,214.50966355238,1,6112,293,492,301,488,254,534,301,549,276,587,10.4,24,72.6
0.350393265485764,0.301538705825806,1.2097076177597,1.73720240592957,1.40095603466034,1.087158203125,0.746575355529785,0.855103015899658,0.859799742698669,0.769964218139648,0.850247919559479,0.862188041210175,1.13535273075104,36.615592955333,41.1461091314391,1,6114,363,455,318,461,269,489,316,520,290,551,31.3,8.17,83.2
0.41504317522049,0.326921582221985,1.24284791946411,1.71545302867889,1.45807886123657,1.16054224967957,0.882337093353272,1.01187980175018,0.845881283283234,0.820614099502564,0.862551212310791,0.887341201305389,0,20.4217558953407,41.9535599216393,1,6116,372,182,327,119,307,181,355,184,348,222,16.6,19.6,69.5
0,0,0,0,0,0,0,0,0,0,0,0,0,15.5453436690354,18.344468030219,1,6118,0,0,0,0,0,0,0,0,0,0,2.24,32.7,76.9
0,0,0,0,0,0,0,0,0,0,0,0,0,-130.203064683765,135.974214901622,1,6120,0,0,0,0,0,0,0,0,0,0,36.7,40,96.1
0,0,0,0,0,0,0,0,0,0,0,0,0,-142.316157365253,167.35448872343,1,6122,0,0,0,0,0,0,0,0,0,0,27.3,63.5,45.4
0,0,0,0,0,0,0,0,0,0,0,0,0,16.8659231107838,17.3927182875136,1,6124,0,0,0,0,0,0,0,0,0,0,86.2,26.1,59.7
0,0,0,0,0,0,0,0,0,0,0,0,0,-15.6495766565674,70.7822719310929,1,6126,0,0,0,0,0,0,0,0,0,0,51.3,7.69,51.6
0.403935581445694,0.320772796869278,1.19927656650543,1.94323086738586,1.47816586494446,1.48817503452301,0.856553733348846,0.853699386119843,0.834333717823029,0.792086482048035,0.858202874660492,0.884015202522278,0.90554416179657,1.11651804077021,117.964645898683,1,6128,666,270,618,273,590,332,635,332,636,373,42.6,19.6,18.3
0.421893835067749,0.306862652301788,1.20535504817963,1.81512224674225,1.52697503566742,1.77399504184723,0.844538986682892,0.884832322597504,0.814453125,0.809203326702118,0.840931475162506,0.864663481712341,1.02934968471527,22.9234682727495,34.8903395929067,1,6130,702,239,673,244,644,304,693,305,685,349,43.4,46.6,35.4
0.417246162891388,0.324364632368088,1.18118846416473,1.67958438396454,1.45454919338226,1.76013565063477,0.976303339004517,0.874811470508575,0,0.855044066905975,0.885542154312134,0.858916640281677,1.05447578430176,7.15202940709993,12.4524071551808,1,6133,692,217,625,227,604,291,658,284,645,331,4.58,33.5,93.7
0.358423322439194,0.299501776695251,1.19077706336975,1.92666292190552,1.49171376228333,1.67088961601257,0.828951954841614,0.924697041511536,0.868231058120728,0.802800893783569,0.849093973636627,0.858809232711792,1.04328048229218,-6.58313981144557,11.4923967455248,1,6135,563,240,545,242,517,301,564,302,565,341,4.26,11,101
0.406280994415283,0.304752379655838,1.18312609195709,1.92141211032867,1.52358150482178,1.76929438114166,0.833644449710846,0.908114910125732,0.85526317358017,0.783829689025879,0.863709270954132,0.853242695331574,1.04788053035736,-11.2561518070345,11.2795741001576,1,6137,547,227,546,232,511,285,560,292,552,332,7.3,23,153
0,0,0,0,0,0,0,0,0,0,0,0,0,28.3313191470427,28.4983910674663,1,6139,0,0,0,0,0,0,0,0,0,0,11.7,11.1,151
0.411216884851456,0.325897991657257,1.16997134685516,1.71922314167023,1.51230895519257,1.7108291387558,0.888715028762817,0.868051409721375,0.791497051715851,0.809365630149841,0.861506044864655,0.864711225032806,1.00492382049561,-48.1034952916656,50.1856495149569,1,6141,461,185,448,186,430,253,474,245,481,294,3.09,6.42,114
0,0,0,0,0,0,0,0,0,0,0,0,0,38.4462063607254,43.1985538652711,1,6143,0,0,0,0,0,0,0,0,0,0,13.3,6.98,130
0.382761269807816,0.300606727600098,1.17076969146729,1.83796167373657,1.50564646720886,1.64996111392975,0.854074537754059,0.89979100227356,0.901086986064911,0.797711610794067,0.854799091815949,0.848494470119476,1.01944851875305,43.1111584575609,43.3870512347635,1,6145,374,408,372,412,345,472,390,471,389,514,7.92,5.14,86.5
0.358632296323776,0.320137441158295,1.24113476276398,1.81244611740112,1.50938379764557,1.86928904056549,0.843641757965088,0.882602989673615,0.929089903831482,0.793526232242584,0.829340875148773,0.854370057582855,1.04152846336365,-42.511945609706,42.6736744772694,1,6147,467,459,443,427,412,487,462,491,452,530,4.95,10.7,40.3
0,0,0,0,0,0,0,0,0,0,0,0,0,62.42315350897,86.7090727840211,1,6149,0,0,0,0,0,0,0,0,0,0,7.85,13,55.3
0,0,0,0,0,0,0,0,0,0,0,0,0,19.9178517211715,29.7718590862459,1,6151,0,0,0,0,0,0,0,0,0,0,8.77,18.7,32.1
0,0,0,0,0,0,0,0,0,0,0,0,0,-26.4722926738476,38.5012846181102,1,6154,0,0,0,0,0,0,0,0,0,0,22.2,7.26,16.9
0,0,0,0,0,0,0,0,0,0,0,0,0,-42.1859094815803,46.1688399854173,1,6156,0,0,0,0,0,0,0,0,0,0,40.9,21.1,18
0,0,0,0,0,0,0,0,0,0,0,0,0,-23.8055526372128,45.879088273106,1,6158,0,0,0,0,0,0,0,0,0,0,62,32.6,18.5
0.370253205299377,0.330761671066284,1.10121119022369,1.85016071796417,1.36128997802734,1.64133620262146,0.800855994224548,0.886190235614777,0.860089659690857,0.817236423492432,0.881064772605896,0.862831234931946,0.990013718605042,91.1073407794763,119.64336765011,1,6160,190,355,180,349,148,406,197,412,190,448,32.4,32.3,32
0.428665786981583,0.314101606607437,1.13544917106628,1.75040972232819,1.33204019069672,1.6106264591217,0.813235282897949,0.871127068996429,0.89296954870224,0.765990972518921,0,1.4100227355957,0,2.52951830552941,25.1068761466809,1,6162,383,338,374,362,359,415,402,416,403,459,51.2,18.8,26
0.394128412008286,0.33236163854599,1.12653172016144,1.76080870628357,1.31253051757813,1.3800938129425,0.804166674613953,0.898698568344116,0.863853514194489,0.763836681842804,0.867480933666229,0.860433757305145,1.01731467247009,-3.03897608086113,11.3342124740942,1,6164,302,495,293,467,266,515,314,524,305,563,5.76,12,37.2
0.359052777290344,0.319631725549698,1.20867872238159,2.03335237503052,1.3545583486557,1.1371990442276,0,0,0.709987461566925,0.777594864368439,0.936533749103546,0.855552494525909,0,-39.8354837284811,46.244341585433,0,6166,273,490,280,409,234,456,289,471,275,509,15,26.2,44.9
0.382531523704529,0.323096185922623,1.16157746315002,2.06887865066528,1.40664315223694,1.40364909172058,0.826996505260468,0.85205614566803,0.774266362190247,0.748309075832367,0.877247214317322,0.841091573238373,1.03598868846893,-53.9041828800512,59.4068869055267,0,6168,270,418,229,407,180,448,227,470,213,503,10.4,16.9,2.44
0,0,0,0,0,0,0,0,0,0,0,0,0,8.52631934503831,22.5307452224941,0,6170,0,0,0,0,0,0,0,0,0,0,7.61,5.9,24.3
0.371520757675171,0.336913615465164,1.13972163200378,1.75926434993744,1.40608537197113,1.788902759552,0,0.864556968212128,0.809955716133118,0.772450745105743,0.88400000333786,0.853027582168579,0.889952182769775,14.0189966615493,15.0635625750319,0,6172,230,249,154,240,187,298,221,265,245,301,3.03,13.4,44.8
0.404413610696793,0.295839071273804,1.13202011585236,1.77091336250305,1.37789726257324,1.66279280185699,0.855313718318939,0.884266912937164,0.742185533046722,0.762397229671478,0.902818977832794,0.856584310531616,0.847058832645416,14.8158994495569,20.814736469122,0,6175,247,240,260,242,289,295,317,265,342,294,8.36,6.33,28.4
0.419376850128174,0.309240788221359,1.15830326080322,1.69384014606476,1.46026492118835,1.65549421310425,0.903858959674835,0,0.842920362949371,0.758474171161652,0.862372875213623,0.840963423252106,0.860091745853424,-36.0569648088901,40.8600426927184,0,6177,218,245,213,262,248,311,273,277,310,309,16.3,10.4,53.8
0.409517347812653,0.304433107376099,1.13053321838379,1.75604856014252,1.35499739646912,1.58751177787781,0.90158599615097,0.893989980220795,0.761874377727509,0.791040599346161,0.842377781867981,0,0.858188986778259,17.5809670590283,20.3454977938842,0,6179,185,220,196,223,234,272,259,230,289,249,4.58,12.3,38.9
0,0,0,0,0,0,0,0,0,0,0,0,0,-13.6222827924816,59.0947927547463,0,6181,0,0,0,0,0,0,0,0,0,0,15.7,6.85,29.9
0,0,0,0,0,0,0,0,0,0,0,0,0,-7.63615406876619,23.2639937052936,0,6183,0,0,0,0,0,0,0,0,0,0,30,24.2,34.5
0,0,0,0,0,0,0,0,0,0,0,0,0,25.5660016294344,152.33010733061,0,6185,0,0,0,0,0,0,0,0,0,0,63,47.9,17.8
0,0,0,0,0,0,0,0,0,0,0,0,0,-0.458665863746587,102.105907412664,0,6187,0,0,0,0,0,0,0,0,0,0,54.4,12.6,5.62
0,0,0,0,0,0,0,0,0,0,0,0,0,-6.73864103385661,69.8326781578462,0,6189,0,0,0,0,0,0,0,0,0,0,41.9,44.3,21.4
0.5135338306427,0.279205083847046,1.12890517711639,2.13307571411133,0,1.42288243770599,0.734469473361969,0,0.915032684803009,0.726579785346985,0.99221670627594,0.846649348735809,0.917786538600922,-42.9499226175727,120.807753339082,0,6191,437,550,380,506,378,443,339,452,0,0,36.2,61.8,59.2
0,0,0,0,0,0,0,0,0,0,0,0,0,-9.24377112800378,130.839436209498,0,6193,0,0,0,0,0,0,0,0,0,0,44.5,24.2,83
0,0,0,0,0,0,0,0,0,0,0,0,0,-22.1288560887583,33.2210263822043,0,6196,0,0,0,0,0,0,0,0,0,0,60,67.7,158
0,0,0,0,0,0,0,0,0,0,0,0,0,-161.720781844529,174.558467571677,0,6198,0,0,0,0,0,0,0,0,0,0,56.3,74.9,194
0.379795610904694,0.291640430688858,1.07957172393799,2.06299734115601,1.4008868932724,1.27916097640991,0.904191613197327,0.869542479515076,0.773960590362549,0.784869909286499,0.826197564601898,0.844845831394196,1.02084255218506,-40.0104407571289,90.1833708810314,0,6200,397,385,346,404,402,441,403,403,435,415,145,55.6,296
0.411364644765854,0.292123585939407,1.13287830352783,1.98816084861755,1.3775372505188,1.31254816055298,0.89411336183548,0.874091386795044,0.761904776096344,0.772695779800415,0.832669317722321,0.840229451656342,1.0819149017334,-7.30619242469636,10.3101684563463,0,6202,285,358,274,378,309,418,328,376,363,388,47.5,95.2,326
0.417943239212036,0.294695824384689,1.08272171020508,2.01611375808716,1.07634902000427,1.07899630069733,0.760517776012421,0.855660080909729,0.923232316970825,2.08050847053528,1.02620089054108,0.823050856590271,0,1.03498975528216,6.10639593310953,0,6204,310,332,342,366,377,395,400,350,429,358,5.11,126,379
0.363338500261307,0.292484879493713,1.12183880805969,2.15615844726562,1.39726126194,1.28792357444763,0.835332036018372,0.858141362667084,0.731919646263123,0.732092142105103,0.818195223808289,0.82756370306015,1.04207766056061,-3.71749713945905,5.95279377428055,0,6206,390,331,387,358,430,394,449,341,487,354,6.48,98.5,457
0.338028222322464,0.286959677934647,1.06924200057983,2.05972385406494,1.43731427192688,1.21082031726837,0.754202902317047,0.828566551208496,0.731488287448883,0.723050773143768,0.833941340446472,0.826366662979126,1.06547904014587,12.7629366476129,17.0172659647999,0,6208,410,368,396,375,448,417,462,362,501,372,2.27,49.6,482
0.358343809843063,0.284587383270264,1.10386037826538,2.02501034736633,1.40404343605042,1.30038344860077,0.893590569496155,0.78885543346405,0.688811898231506,0.741633653640747,0.756117105484009,0.832482933998108,1.11780440807343,-1.05338610211958,6.77844086241225,0,6210,398,328,405,392,450,424,468,370,505,381,3.45,11,511
0.408534407615662,0.283007174730301,1.10022950172424,1.97767269611359,1.3567898273468,1.18724513053894,0.813446998596191,0.889196157455444,0.802716672420502,0.751934707164764,0.836215853691101,0.829243719577789,1.02645981311798,-13.2871902069507,21.8824145352413,0,6212,363,315,342,332,373,365,396,321,434,327,2.78,2.22,551
0.412105351686478,0.295740127563477,1.11199140548706,1.92419147491455,0,1.1506587266922,0.77625572681427,1.06741106510162,0,0.717502295970917,0,0.837748348712921,0.789954364299774,12.7878090420901,17.2798217090284,0,6214,430,321,467,354,511,380,523,333,0,0,7.06,7.59,568
0.392744868993759,0.289808750152588,1.1354284286499,1.96252942085266,1.46200895309448,1.24106502532959,0.76161789894104,0.756266117095947,0.743695735931397,0.70159637928009,0.838811635971069,0.844072639942169,1.08231484889984,2.60237655997528,6.55555581883836,0,6217,530,341,504,320,557,355,567,297,609,301,2.81,9.85,569
0.379293620586395,0.272698193788528,1.10441291332245,2.0146541595459,0,1.09711003303528,0,0.824618220329285,0,0.777596712112427,1.27350425720215,0,0,-13.5974597346925,18.6938509646735,0,6219,420,296,466,348,511,368,525,321,0,0,6.9,6.61,584
0.424196511507034,0.298989146947861,1.11988234519959,1.94610142707825,1.4179824590683,1.07505345344543,0.833644568920136,0.933754742145538,0.808686435222626,0.761319279670715,0.832105100154877,0.859442412853241,1.10571646690369,5.31510488963357,7.28139545732597,0,6221,320,305,293,334,332,367,346,318,381,322,11.9,4.08,597
0.421945631504059,0.298970580101013,1.12959098815918,1.14173936843872,1.45475518703461,1.06834304332733,0.794285714626312,0,0.883909285068512,0.75303041934967,0,0,0.829828381538391,-7.1299861862288,10.6611868597164,0,6223,221,313,240,340,283,366,302,329,334,324,6.19,7.47,558
0.44533035159111,0.292233258485794,1.07716369628906,2.03587222099304,1.5501925945282,1.12269937992096,0.854532778263092,0.912738859653473,0.790937006473541,0.835073292255402,0.849925458431244,0.899712324142456,0.990201413631439,-1.8534431173837,8.09204806606698,0,6225,178,321,130,345,199,364,193,327,241,329,9.99,19.8,519
0.520853400230408,0.306734323501587,1.08466649055481,1.91731631755829,1.56734800338745,1.10320937633514,0.982142865657806,0.846743285655975,0.779666781425476,0.823146820068359,0.849038660526276,0.892541110515595,0,24.7209510150971,45.1391015654359,0,6227,103,333,92.1,345,168,362,159,327,217,332,10.4,16.7,486
0,0,0,0,0,0,0,0,0,0,0,0,0,17.2820179000622,32.0488913125225,0,6229,0,0,0,0,0,0,0,0,0,0,10.9,11.7,420
0.461794078350067,0.274206846952438,1.05361151695251,2.06763696670532,1.63185966014862,1.13349103927612,0.791780829429626,0.981931090354919,0.763647735118866,0.858794748783112,0.822218120098114,0.855161130428314,0.93061226606369,-7.95687977713536,29.085999679034,0,6231,394,330,342,344,414,361,404,332,459,338,6.13,9.78,339
0.339117020368576,0.274088770151138,1.04862725734711,2.03635835647583,1.51959133148193,1.06617963314056,0.694006323814392,0.782217383384705,0.690495133399963,0.713893055915833,0.797552406787872,0.8693687915802,1.07851886749268,-6.2723533297483,9.20661372884493,0,6233,627,365,625,376,679,404,680,346,719,351,9.14,6.68,291
0.382852107286453,0.276587784290314,1.05074226856232,1.99817442893982,1.61165046691895,1.03595972061157,0.797488749027252,0.868309855461121,0.741629958152771,0.731483936309814,0.821286022663116,0.853261828422546,1.04057145118713,11.812185984462,16.6559595229946,0,6235,619,338,630,359,679,381,681,335,722,339,13.2,13.7,217
0.387839198112488,0.299147427082062,1.09534347057343,2.19065093994141,1.49206352233887,1.02617180347443,0.832813560962677,0.899947047233582,0.80256062746048,0.735640287399292,0.819279909133911,0.85257226228714,1.04463136196136,2.93484593679949,5.11328986711086,0,6238,525,318,496,341,543,366,545,319,581,325,8.83,4.14,135
0.398499101400375,0.290933549404144,1.08364939689636,2.18008303642273,1.59146559238434,1.06600105762482,0.880163013935089,0.90646493434906,0.764748215675354,0.72853034734726,0.781691253185272,0.846960186958313,1.04527187347412,31.2045291178666,54.0563602755235,0,6240,490,348,480,360,522,389,530,345,568,356,6.07,4.59,97.6
0.406078517436981,0.311994224786758,1.09494876861572,1.89332962036133,1.41553950309753,0.990422487258911,0.763736248016357,0.893363177776337,0.84899914264679,0.746101200580597,0.841940224170685,0.836365282535553,1.01326894760132,4.66281253973718,5.18350074713636,0,6242,663,333,697,327,746,340,751,302,791,297,17,5.46,90.5
0,0,0,0,0,0,0,0,0,0,0,0,0,-6.35309538110295,10.0295607187142,0,6244,0,0,0,0,0,0,0,0,0,0,10.9,16.1,48.6
0.420217394828796,0.291104763746262,1.0851743221283,1.80104804039001,1.46485602855682,0.912164688110352,0,0,0,0.735077977180481,0.817562878131866,0.812726974487305,0.783689677715302,-24.9131917086584,37.4671673683778,0,6246,675,274,618,318,667,341,673,290,710,295,11.4,8.23,42.8
0.4009750187397,0.2890704870224,1.07227826118469,1.93439400196075,1.31791603565216,1.00299787521362,0,0.889863967895508,0,0,0,0,0,-11.6095926940139,17.1444659838181,0,6248,526,327,566,342,604,372,616,318,647,322,26.2,2.76,30.6
0,0,0,0,0,0,0,0,0,0,0,0,0,21.0141087291635,28.1328058045119,0,6250,0,0,0,0,0,0,0,0,0,0,8.2,6.49,7.31
0,0,0,0,0,0,0,0,0,0,0,0,0,29.9838596669446,42.3199473716124,0,6252,0,0,0,0,0,0,0,0,0,0,31.8,7.21,9.34
0,0,0,0,0,0,0,0,0,0,0,0,0,-37.503649871376,39.6612888392738,0,6254,0,0,0,0,0,0,0,0,0,0,22.5,14.1,21.1
0,0,0,0,0,0,0,0,0,0,0,0,0,-21.5729716453341,90.237908263225,0,6256,0,0,0,0,0,0,0,0,0,0,13.2,29.5,46.8
0,0,0,0,0,0,0,0,0,0,0,0,0,-31.4117128250586,42.0688160131066,0,6258,0,0,0,0,0,0,0,0,0,0,23.9,25.9,58.2
0,0,0,0,0,0,0,0,0,0,0,0,0,23.4804786718516,88.3635336194012,0,6261,0,0,0,0,0,0,0,0,0,0,39.7,41.8,63.3
0,0,0,0,0,0,0,0,0,0,0,0,0,27.4693950870172,267.229656836275,0,6263,0,0,0,0,0,0,0,0,0,0,60.7,62.4,60.4
0,0,0,0,0,0,0,0,0,0,0,0,0,-14.1109736141992,82.1972655326895,0,6265,0,0,0,0,0,0,0,0,0,0,9.34,58.9,83
0,0,0,0,0,0,0,0,0,0,0,0,0,0.842969886349421,4.1346433302153,0,6267,0,0,0,0,0,0,0,0,0,0,18.8,71.1,79.6
0,0,0,0,0,0,0,0,0,0,0,0,0,-3.51549474042991,48.6356390165544,0,6269,0,0,0,0,0,0,0,0,0,0,33.9,59.7,117
0,0,0,0,0,0,0,0,0,0,0,0,0,12.2186978868775,41.3796134686017,0,6271,0,0,0,0,0,0,0,0,0,0,50.9,44.2,163
0,0,0,0,0,0,0,0,0,0,0,0,0,-4.26550909217606,17.8659897843413,0,6273,0,0,0,0,0,0,0,0,0,0,17.1,41,224
0,0,0,0,0,0,0,0,0,0,0,0,0,8.26021570212388,35.2986873186362,0,6275,0,0,0,0,0,0,0,0,0,0,12.8,46.4,304
0,0,0,0,0,0,0,0,0,0,0,0,0,12.1792778773801,88.2488477303932,0,6277,0,0,0,0,0,0,0,0,0,0,8.27,28.7,354
0,0,0,0,0,0,0,0,0,0,0,0,0,-11.7052477602225,55.8076146272192,0,6279,0,0,0,0,0,0,0,0,0,0,29.8,12.1,406
0,0,0,0,0,0,0,0,0,0,0,0,0,4.94060186440225,53.0994318801549,0,6282,0,0,0,0,0,0,0,0,0,0,19.1,4.74,473
0,0,0,0,0,0,0,0,0,0,0,0,0,-11.6941912576907,72.075217353758,0,6284,0,0,0,0,0,0,0,0,0,0,23.3,24.5,508
0,0,0,0,0,0,0,0,0,0,0,0,0,0.2509019130772,20.2062481179849,1,6286,0,0,0,0,0,0,0,0,0,0,18.5,16.2,481
0,0,0,0,0,0,0,0,0,0,0,0,0,-6.87854532184701,29.9215404514684,1,6288,0,0,0,0,0,0,0,0,0,0,22.8,11.1,459
0,0,0,0,0,0,0,0,0,0,0,0,0,1.95348707927874,25.6682415081461,1,6290,0,0,0,0,0,0,0,0,0,0,21.1,16.5,440
0,0,0,0,0,0,0,0,0,0,0,0,0,39.9422757494141,228.193977158827,1,6292,0,0,0,0,0,0,0,0,0,0,79.3,52.4,386
0,0,0,0,0,0,0,0,0,0,0,0,0,-9.39916964852289,254.502361542111,1,6294,0,0,0,0,0,0,0,0,0,0,26.5,35.6,307
0,0,0,0,0,0,0,0,0,0,0,0,0,6.10371645630493,57.3027125736776,1,6296,0,0,0,0,0,0,0,0,0,0,79.4,44.6,296
0,0,0,0,0,0,0,0,0,0,0,0,0,-2.22117843549942,13.1805456177208,1,6298,0,0,0,0,0,0,0,0,0,0,41.3,20.6,246
0,0,0,0,0,0,0,0,0,0,0,0,0,30.6395887394007,99.0578074467106,1,6300,0,0,0,0,0,0,0,0,0,0,18.2,45.6,196
0,0,0,0,0,0,0,0,0,0,0,0,0,-3.86169937282683,26.6837939840666,1,6303,0,0,0,0,0,0,0,0,0,0,24.3,26.8,156
0.389762461185455,0.332131624221802,1.08340740203857,1.79600477218628,1.52677714824677,1.35365045070648,0.832707643508911,0.879268884658814,0.885357558727264,0.798208951950073,0.858787655830383,0.86056512594223,1.06177842617035,7.17743575388209,22.9345721763916,1,6305,319,285,310,292,245,299,281,336,245,354,18.8,32.3,174
0.390080749988556,0.340711146593094,1.09693229198456,1.83630347251892,1.46310806274414,1.45185005664825,0.816475987434387,0.907172441482544,0.835212051868439,0.794254124164581,0.841931760311127,0.867467224597931,1.08300495147705,5.42679215986308,8.45039479656255,1,6307,322,295,307,297,244,304,277,341,243,360,17.8,40.3,218
0.377179741859436,0.333167970180511,1.0848308801651,1.75295698642731,1.50358164310455,1.43734860420227,0.859602630138397,0.915240228176117,1.07407402992249,0.791466176509857,0.826766967773438,0.865334272384644,1.07333493232727,-8.81962883328918,13.7764746380779,1,6309,335,309,329,306,264,315,300,352,266,372,0.492,33.2,203
0.387615919113159,0.335145860910416,1.10856676101685,1.74650168418884,1.44131004810333,1.73694145679474,0.869307816028595,0.905183136463165,0.789847731590271,0.761612594127655,0.813530206680298,0.864918410778046,1.05939853191376,10.5503511854368,15.0977121818821,1,6311,355,311,338,306,275,318,310,354,279,376,2.28,19,200
0.379042893648148,0.355711251497269,1.10354816913605,1.73652112483978,1.41841566562653,1.47989082336426,0,0.899294674396515,0.84116542339325,0.758101105690002,0.828111171722412,0.860995233058929,1.07933843135834,-8.47986798753301,14.2589250326278,1,6313,330,307,276,323,218,337,258,369,224,397,5.14,4.86,234
0.387752801179886,0.362578958272934,1.05720269680023,1.52898645401001,1.2467098236084,1.75489985942841,0.946251749992371,0.843977689743042,0.91298246383667,0.772537052631378,0.850170254707336,0.865076959133148,1.06726944446564,-17.9711321489108,37.1483066357896,1,6315,291,434,193,426,162,464,200,483,176,512,5.87,2.67,249
0.388556391000748,0.33086159825325,1.07603871822357,1.54026937484741,1.45326483249664,1.63651633262634,0.855767071247101,0.82841968536377,0.835502505302429,0.805254817008972,0.825412154197693,0.866312265396118,1.04926419258118,6.69538922971084,21.9652433414641,1,6317,324,429,264,407,235,464,282,469,270,507,3.03,7.16,231
0.408711165189743,0.33353853225708,1.07658135890961,1.70542144775391,0,1.67039465904236,0.88267058134079,0.888208270072937,0.759600400924683,0.778797268867493,0.840026915073395,0.869548678398132,0.847213506698608,5.23581687410951,7.12294918889284,1,6319,150,426,226,448,211,506,260,500,0,0,0.467,5.63,242
0.416447192430496,0.37493023276329,1.09835684299469,1.50086176395416,1.39285290241241,1.60051679611206,0.886757254600525,0.847911238670349,0.932703197002411,0.815239369869232,0.859108448028564,0.88107693195343,1.01506674289703,-4.65835922898862,12.7039261178724,1,6321,164,388,150,383,146,451,187,435,201,479,2.46,4.74,234
0.401415675878525,0.378685414791107,1.11580955982208,1.46375370025635,1.41249775886536,1.67622172832489,0.887614011764526,0.893574774265289,0.848214268684387,0.783760488033295,0.83951461315155,0.88850212097168,1.00312173366547,-0.260353129378502,4.22130679262219,1,6324,226,354,159,363,146,432,191,416,190,464,1.53,4.58,200
0.407905757427216,0.347787976264954,1.06743609905243,1.571129322052,1.45420897006989,1.68266952037811,0.907381176948547,0.924210965633392,0.690466165542603,0.801692247390747,0.846088290214539,0.874578058719635,1.02117264270782,-0.082684982201442,1.8963334181665,1,6326,241,350,216,347,198,416,243,404,244,451,2.33,2.38,170
0.411721885204315,0.349433183670044,1.08533036708832,1.53604292869568,1.39336049556732,1.73856937885284,0.893559515476227,0.918143272399902,0,0.798874139785767,0.857810795307159,0.878600597381592,1.00513696670532,4.22806454644294,20.9662032377059,1,6328,243,348,218,346,200,415,243,403,245,449,2.65,3.73,172
0.412931054830551,0.345946162939072,1.08566272258759,1.54979562759399,1.43712759017944,1.51467478275299,0.894985675811768,0.916554510593414,0.661336600780487,0.805735647678375,0.838974833488464,0.878852188587189,0.965217411518097,-2.45374186479233,5.35827849911944,1,6330,248,347,235,342,217,413,260,398,262,445,1.02,1.97,137
0.400167346000671,0.332094639539719,1.10599076747894,1.60108697414398,1.43858885765076,1.81844556331635,0.900191247463226,0.907132863998413,0.722758591175079,0.786940455436707,0.823529422283173,0.869808614253998,0.988901793956757,-1.79116586689235,16.9891228564281,1,6332,594,382,569,379,552,448,594,435,597,482,14.9,11.9,117
0.404831051826477,0.323970586061478,1.09854876995087,1.54745137691498,1.47511470317841,1.7213808298111,0.88844496011734,0.911903381347656,0.752285599708557,0.794362425804138,0.823826789855957,0.857188582420349,0.986928105354309,-0.332718046202726,11.1107083340468,1,6334,579,384,545,380,529,450,571,435,571,484,11,7.49,108
0.417015731334686,0.325318455696106,1.12125945091248,1.45660853385925,1.45670330524445,1.94466996192932,0.893685162067413,0.863833487033844,0.737353086471558,0.719660878181458,0.82956075668335,0.85439944267273,0.954449415206909,11.1642456609497,14.6120714555876,1,6336,539,386,540,382,524,451,568,435,569,485,23.5,10.5,79.8
0.39838719367981,0.343997716903687,0,1.46278655529022,1.38091099262238,1.86749696731567,0.85317999124527,0.821917831897736,0.728702485561371,0.994329869747162,0.79054993391037,0.828358232975006,0,-16.9966913467041,20.9066580842101,1,6338,447,391,320,385,0,0,345,443,350,489,6.27,13.5,61.5
0.397641211748123,0.3292475938797,1.08205604553223,1.52956116199493,1.44501066207886,1.80506253242493,0.873902142047882,0.860777378082275,0.74476569890976,0.759999990463257,0.817830324172974,0.86356908082962,0.946322500705719,10.6433368369625,27.2305431546724,1,6340,325,397,300,395,288,465,330,448,336,495,10.4,13.4,67.2
0.399859517812729,0.33042174577713,1.07701575756073,1.4057400226593,1.38395237922668,1.58900725841522,0.88463568687439,0.894797146320343,0.69864696264267,0.753287255764008,0.835445821285248,0.854329466819763,0.943178594112396,0.240213727166908,10.0332514485947,1,6342,316,399,288,401,278,471,319,453,326,501,12.1,10.3,42
0.401072919368744,0.340374350547791,1.10807716846466,1.42701685428619,1.37593555450439,1.64055740833282,0.832774341106415,0.868537664413452,0.76572173833847,0.757737159729004,0.808982610702515,0.849745750427246,0.945939183235168,-1.31672568620177,1.88674784785503,1,6345,285,410,263,409,257,480,295,460,307,506,1.54,11.8,27.9
0.403731286525726,0.334450244903564,1.05178964138031,1.4276328086853,1.46607983112335,1.51415300369263,0.870637655258179,0.863729119300842,0.763922870159149,0.754974782466888,0.8301060795784,0.855251371860504,0.950167715549469,-8.58768583099423,12.5422329109285,0,6347,269,416,243,419,241,489,277,467,287,517,2.01,6.84,18.5
0.404432862997055,0.341725528240204,1.11395657062531,1.35377442836761,1.36904394626617,1.75846910476685,0.879201829433441,0.892934799194336,0.783715784549713,0.737635254859924,0.82373172044754,0.859370768070221,0.935535132884979,7.54951601996593,11.6881352209877,0,6349,287,422,250,425,245,494,284,476,292,521,4.46,8.74,17.8
0.397196263074875,0.309975326061249,1.07975125312805,1.38748264312744,1.42624735832214,1.57778990268707,0.822991490364075,0.904216766357422,0.730632901191711,0.722761809825897,0.78431648015976,0.842004895210266,0.953947365283966,-7.44556416718686,18.3661339925106,0,6351,411,425,400,423,387,490,431,475,439,521,3.11,3.79,12.7
0.395560920238495,0.324021875858307,1.15182781219482,1.37831902503967,1.39389157295227,1.6567131280899,0.826219499111176,0.885071992874146,0.740037441253662,0.755103290081024,0.816599607467651,0.846829831600189,0.961786329746246,0.981438406364034,9.75901294173162,0,6353,474,402,440,402,425,470,466,458,463,507,7.69,6.1,11.9
0.397534996271133,0.317362040281296,1.05892992019653,1.31661665439606,1.36849296092987,1.53722393512726,0.843384683132172,0.865613698959351,0.713354110717773,0.750751852989197,0.823294520378113,0.839073359966278,0.929824590682983,0.452484822154792,9.7262433691808,0,6355,485,399,461,396,442,463,483,452,482,502,3.25,6.89,11.3
0.397433310747147,0.316874504089355,1.12910521030426,1.33168911933899,1.42096734046936,1.48410415649414,0.817867159843445,0.884175062179565,0.717707455158234,0.74457985162735,0.790836870670319,0.839286863803864,0.933545649051666,3.07096461409313,9.71777155488159,0,6357,495,408,469,402,447,470,489,459,486,510,1.69,8.33,18.1
0.39851701259613,0.316983103752136,1.0769305229187,1.31132805347443,1.4315482378006,1.52954387664795,0.812348663806915,0.896147429943085,0.690704345703125,0.751267552375793,0.825438380241394,0.836719334125519,0.927376449108124,-15.9744398871987,19.3907264853307,0,6359,498,410,474,405,452,472,494,462,491,513,0.463,6.96,14.1
0.403108268976212,0.304854989051819,1.10473680496216,1.30363893508911,1.4023722410202,1.55244040489197,0.819562315940857,0.841729819774628,0.70462566614151,0.742592513561249,0.772053301334381,0.836646497249603,0.919637441635132,9.12171079903023,11.8374997005778,0,6361,502,417,478,410,456,477,498,467,493,518,1.44,5.19,11.4
0.407556742429733,0.307855010032654,1.0491738319397,1.22973906993866,1.3831250667572,1.42719256877899,0.806205272674561,0.909558832645416,0.693520128726959,0.742040991783142,0.816729009151459,0.83502060174942,0.942239046096802,-0.511332637586767,11.3635090800421,0,6363,503,418,479,414,456,480,499,471,496,521,0.178,1.83,17.4
0.401381462812424,0.306455135345459,1.09353649616241,1.27110993862152,1.36456155776978,1.44520568847656,0.840296626091003,0.852576911449432,0.712000012397766,0.719571888446808,0.786397159099579,0.831881999969482,0.89846259355545,-13.3874504745855,24.4601580905687,0,6366,506,426,482,416,461,482,502,474,498,525,0.546,0.692,15.5
0.391122847795486,0.31075656414032,1.08418011665344,1.27045023441315,1.38897120952606,1.41108572483063,0.790226221084595,0.940374791622162,0.672947287559509,0.748734474182129,0.799627780914307,0.834663689136505,0.913282930850983,7.70190453059129,12.384334039926,0,6368,515,438,485,430,461,496,503,487,499,538,0.378,1.3,22.5
0.379321485757828,0.305192291736603,1.09481275081635,1.2476452589035,1.35908877849579,1.43830764293671,0.821751773357391,0.846629977226257,0.701639354228973,0.728642404079437,0.769129753112793,0.83275705575943,0.901028275489807,2.65709280511219,7.00724101830599,0,6370,509,449,484,440,462,506,503,498,499,545,1.32,1.15,23.4
0.378643572330475,0.298232644796371,1.10263180732727,1.23999416828156,1.36661183834076,1.34832119941711,0.792789041996002,0.867814779281616,0.696042239665985,0.726325392723084,0.807954847812653,0.835878610610962,0.889286756515503,-3.627469329382,4.63782767661219,0,6372,509,453,486,447,462,513,504,504,500,556,1.1,1.87,32.1
0.388771504163742,0.292259752750397,1.11563229560852,1.18339514732361,1.35245907306671,1.3483555316925,0.863013684749603,0.869040071964264,0.723662197589874,0.704465448856354,0.781623423099518,0.845152914524078,0.884721994400024,-4.50157159189558,21.5040490866999,0,6374,509,475,486,459,464,525,503,517,500,567,1.21,2.07,36.3
0.382417619228363,0.298723489046097,1.11293804645538,1.19262027740479,1.30244767665863,1.38430762290955,0.791666686534882,0.881024122238159,0.691380560398102,0.72060227394104,0.788988828659058,0.842556536197662,0.90796160697937,13.8887816572667,29.4898916173228,0,6376,507,478,484,478,461,545,502,536,498,589,3.8,2.05,38.8
0.391939580440521,0.30158069729805,1.07742559909821,1.21438908576965,1.32777619361877,1.21998465061188,0.851626038551331,0.867041170597076,0.708956658840179,0.700575947761536,0.78170120716095,0.840371906757355,0.892305314540863,-12.2172190227363,29.226594735514,0,6378,505,512,483,500,459,565,501,556,498,605,0.892,0.169,45.7
0.402717292308807,0.308549046516418,1.10925018787384,1.15528476238251,1.32455003261566,1.34793555736542,0.805450439453125,0.878696978092194,0.670147657394409,0.736429870128632,0.768488109111786,0.84318071603775,0.90262645483017,11.2995624651419,29.9768694273508,0,6380,503,533,483,534,461,601,502,591,497,645,0.845,1.78,42.8
0.402683198451996,0.310360699892044,1.07483947277069,1.13271856307983,1.3203866481781,1.12353646755219,0.846292972564697,0.88788628578186,0.752678394317627,0.743359982967377,0.795821487903595,0.853962182998657,0.895128011703491,-0.429867756849108,17.9541042881735,0,6382,505,572,483,558,461,623,502,614,498,663,1.03,0.844,41.8
0.391692310571671,0.317141503095627,1.05394196510315,1.15124201774597,1.33472752571106,1.18445181846619,0.802215933799744,0.882399082183838,0.724887430667877,0.735289692878723,0.829654693603516,0.855894327163696,0.943864226341248,2.40271347046406,19.4295429391949,0,6384,504,589,483,586,460,652,501,644,498,697,1.4,1.77,37.3
0.401518225669861,0.308076411485672,1.07563650608063,1.13056540489197,1.29105627536774,1.22247242927551,0.837389707565308,0.905196607112885,0.710802853107452,0.74531763792038,0.801217019557953,0.851361274719238,0.90879100561142,7.55709630585413,13.8174602466624,0,6386,503,610,483,599,460,664,501,655,497,707,0.86,2.94,36.8
0.403147399425507,0.324662297964096,1.08471930027008,1.11906158924103,1.27668356895447,1.25906121730804,0.848280668258667,0.876726865768433,0.763543426990509,0.741339385509491,0.818740665912628,0.854690372943878,0.920988440513611,-0.155606314517387,2.82668528265771,0,6389,503,619,482,574,459,637,500,625,497,674,0.512,0.873,29.1
0.395193785429001,0.312221854925156,1.06636333465576,1.0964195728302,1.24279725551605,1.12086057662964,0.817150056362152,0.853396117687225,0.806866943836212,0.725965440273285,0.814771413803101,0.849340796470642,0.943413436412811,-8.98428357818149,26.7268320251045,0,6391,496,556,477,580,456,645,496,638,495,689,2.27,2.18,24.9
0.386370062828064,0.323302716016769,0.726791024208069,1.09385871887207,1.29344534873962,1.25548613071442,0.830894291400909,0.805370450019836,0.750545620918274,0.774632334709168,0.819522857666016,0.849404692649841,0.907128632068634,-6.30401642586651,10.7434311398358,0,6393,493,578,431,564,406,603,445,619,420,666,6.23,4.98,20.7
0,0,0,0,0,0,0,0,0,0,0,0,0,-3.24878040320223,16.0634617018198,0,6395,0,0,0,0,0,0,0,0,0,0,3.05,4.91,19.6
0.391484528779984,0.299409151077271,1.07773208618164,1.04032754898071,1.27352702617645,1.13117098808289,0.839475333690643,0.864940524101257,0.721093535423279,0.73677122592926,0.790522694587708,0.838973045349121,0.897124230861664,-3.173836380494,24.422199218665,0,6397,325,448,301,448,279,512,322,504,318,556,5.9,9.1,14.9
0.377459615468979,0.304352909326553,1.07654452323914,1.05249321460724,1.30322265625,1.16328608989716,0.860914647579193,0.895271122455597,0.729546308517456,0.731013655662537,0.806368470191956,0.839917898178101,0.903330981731415,-6.16901274737125,14.9975270139091,0,6399,326,482,300,470,279,535,319,526,315,575,11,9.19,12
0.387944757938385,0.30293196439743,1.0978935956955,1.02323615550995,1.24479687213898,1.11749804019928,0.83467161655426,0.889070689678192,0.724953770637512,0.746488153934479,0.81713342666626,0.857337355613709,0.901305079460144,-7.17706728182047,13.3906765455044,0,6401,325,499,297,495,274,560,316,551,310,602,3.71,12.1,8.64
0.382578581571579,0.304898500442505,1.091099858284,1.05880773067474,1.24333548545837,1.09819555282593,0.80339926481247,0.89126181602478,0.687771677970886,0.741954505443573,0.806802034378052,0.852838933467865,0.89552241563797,3.14452663088944,10.7809000885456,0,6403,326,505,298,497,276,563,316,553,310,604,0.92,11.7,12.5
0.390281915664673,0.311501026153564,1.10289108753204,1.02853012084961,1.26365494728088,1.13423478603363,0.82636970281601,0.899272203445435,0.727487087249756,0.7479487657547,0.81792277097702,0.853270709514618,0.918123126029968,-2.63420101537552,7.81767604159998,0,6405,327,515,298,510,273,574,316,569,310,615,0.634,7.88,23.8
0.379901736974716,0.291152209043503,1.08862161636353,1.02180826663971,1.20110583305359,1.0782128572464,0.806305468082428,0.86664479970932,0.674964010715485,0.727045834064484,0.772136330604553,0.855224668979645,0.884858548641205,8.19462203060794,14.8494354340357,0,6407,389,515,351,507,328,572,366,563,346,613,0.537,5.75,37
0.382905095815659,0.295203417539597,1.0942804813385,1.01427757740021,1.25306177139282,1.08556497097015,0.837209284305573,0.894904434680939,0.70679646730423,0.741006076335907,0.792401015758514,0.85964035987854,0.90543931722641,0.295517397114722,0.782357190907088,0,6410,390,515,362,508,339,573,380,566,374,617,5.01,3.94,53.5
0.3813816010952,0.287703394889832,1.13117957115173,1.03743755817413,1.24041295051575,1.06868779659271,0.818199932575226,0.876352727413178,0.654896855354309,0.71940940618515,0.809553980827332,0.85050505399704,0.905446708202362,-4.80935091032104,16.5105220625785,0,6412,392,519,363,511,342,576,381,569,374,619,3.7,5.36,64.3
0.383518517017364,0.292956441640854,1.11305201053619,1.00156784057617,1.25279462337494,1.10151517391205,0.783949077129364,0.921403884887695,0.637238919734955,0.718810379505158,0.816591203212738,0.856052935123444,0.929753363132477,-0.307836224398653,9.05061168681131,0,6414,392,519,364,511,341,577,382,568,375,620,1.46,5.24,72.7
0.382734328508377,0.28490337729454,1.10017812252045,1.02081406116486,1.20917046070099,1.03818130493164,0.828845381736755,0.889787137508392,0.655553638935089,0.736486375331879,0.799642205238342,0.850257158279419,0.886195778846741,-6.15577170349221,19.5619103082941,0,6416,393,528,364,513,341,576,382,570,376,619,0.394,4.6,75.1
0.386925458908081,0.29463267326355,1.10525727272034,1.00698137283325,1.21298539638519,1.10607266426086,0.824933230876923,0.864677011966705,0.657022714614868,0.726910054683685,0.803719222545624,0.850648701190949,0.906391620635986,4.47223349014511,15.7264753389561,0,6418,393,525,364,516,341,580,382,573,376,621,1.41,2.8,73.9
0.382856905460358,0.288237541913986,1.07736456394196,0.987005531787872,1.20459532737732,1.0483455657959,0.816719591617584,0.886341452598572,0.673380613327026,0.732025384902954,0.788422465324402,0.849743247032166,0.888550758361816,-8.20276797494414,26.5084733189728,0,6420,392,520,364,512,340,578,382,570,374,621,0.696,0.769,72.1
0.386402279138565,0.292770475149155,1.09539401531219,1.00683915615082,1.23114681243896,1.02228009700775,0.813375532627106,0.879202961921692,0.657365560531616,0.72729367017746,0.810298383235931,0.849715530872345,0.91304349899292,-2.71891546860807,12.0361380589998,0,6422,393,520,364,513,342,578,382,571,375,622,0.72,0.614,63.2
0.384019821882248,0.290807694196701,1.06486451625824,0.988734304904938,1.17734169960022,1.07073628902435,0.813365161418915,0.8482346534729,0.649045526981354,0.736497104167938,0.79110985994339,0.839025020599365,0.89121675491333,-1.30271005565549,19.075087683306,0,6424,393,520,365,512,342,577,382,569,376,621,1.23,1.48,49.9
0.379084140062332,0.292610287666321,1.10044240951538,0.988377571105957,1.19301354885101,1.0198085308075,0.805718123912811,0.907701015472412,0.649608671665192,0.72228991985321,0.819962799549103,0.84590494632721,0.909857511520386,-1.68792068157196,11.4799318347574,0,6426,394,521,365,514,343,578,384,571,377,623,1.06,0.853,37.8
0.38196673989296,0.287720292806625,1.06114387512207,0.990852236747742,1.20562756061554,1.01931011676788,0.809028506278992,0.869056046009064,0.633195042610168,0.715155601501465,0.7874795794487,0.852496206760407,0.909778833389282,1.78098961751127,12.460624370508,0,6428,394,520,366,511,344,575,384,569,377,621,0.329,1.58,25.8
0.383454769849777,0.292102426290512,1.09831500053406,0.971688032150269,1.22231316566467,1.03184258937836,0.82586282491684,0.916588544845581,0.647082209587097,0.71882289648056,0.813072562217712,0.851383686065674,0.931931078433991,-0.504659629425011,7.46329875256496,0,6431,393,520,365,513,342,578,384,570,376,623,1.23,1.41,11.4
0.382187694311142,0.290150016546249,1.10392189025879,0.982271254062653,1.20030200481415,0.983895421028137,0.806412994861603,0.872696816921234,0.642193734645844,0.730021893978119,0.786461591720581,0.84197610616684,0.918024957180023,-6.01382002597568,17.5459670454979,0,6433,394,520,366,512,343,578,384,569,377,621,2.02,1.06,9.46
0.383669942617416,0.295618921518326,1.07847762107849,0.987594783306122,1.24235951900482,1.00717496871948,0.785626411437988,0.901540517807007,0.63044661283493,0.728532433509827,0.797777056694031,0.839340448379517,0.90339607000351,1.3366806709612,6.28940588033566,0,6435,393,521,366,514,343,578,384,570,376,623,0.421,0.893,13.6
0.375775784254074,0.288417726755142,1.1011244058609,0.990561306476593,1.19975507259369,1.02460730075836,0.821775317192078,0.865546226501465,0.653634250164032,0.714648544788361,0.789317488670349,0.839024186134338,0.893646419048309,-3.12461298059423,18.9556684189384,0,6437,394,526,367,517,344,582,384,575,377,627,0.483,1.24,14.8
0.3738853931427,0.291009366512299,1.08585774898529,0.975983858108521,1.1839165687561,0.999347984790802,0.796326756477356,0.954347848892212,0.62828516960144,0.713227808475494,0.812031865119934,0.841283142566681,0.881921529769897,1.51241731960228,13.84026330405,0,6439,394,526,366,518,343,582,384,576,377,629,0.919,0.895,16.8
0.377389371395111,0.293034076690674,1.07780230045319,0.973885357379913,1.18026089668274,1.01597023010254,0.811789274215698,0.867549657821655,0.664268255233765,0.725484609603882,0.812509119510651,0.846340119838715,0.921638488769531,-0.145729506037791,12.4014782504628,0,6441,394,529,366,520,344,584,384,577,377,629,0.526,1.23,12.5
0.376387357711792,0.294270426034927,1.10405480861664,0.966209352016449,1.19836103916168,0.998008131980896,0.786452651023865,0.897139966487885,0.650612533092499,0.703925490379334,0.792771100997925,0.853446066379547,0.909711122512817,0.555242948150668,9.02039352936635,0,6443,395,530,367,523,343,588,386,580,378,632,0.656,0.87,10.9
0.380576074123383,0.29191455245018,1.06273925304413,0.977785587310791,1.1409900188446,0.968987703323364,0.815341591835022,0.855594396591187,0.657568991184235,0.727478206157684,0.78861677646637,0.843891263008118,0.900110363960266,5.56009510742494,13.1479680300441,0,6445,395,534,367,527,343,591,386,585,378,633,0.883,2.18,8.57
0.375291913747787,0.291102528572083,1.09293830394745,0.971603035926819,1.17863917350769,0.99359929561615,0.792252659797668,0.885490477085114,0.650898277759552,0.716841042041779,0.793576061725616,0.838574349880219,0.893164873123169,0.073374932182993,17.4631572340424,0,6447,395,534,367,526,345,590,387,583,378,635,0.754,1.14,4.29
0.37913104891777,0.295654863119125,1.06526732444763,0.968012630939484,1.14934039115906,0.99142849445343,0.822087824344635,0.830540716648102,0.652567982673645,0.727014720439911,0.795401513576508,0.842328011989594,0.892441868782043,0.341728810265393,16.7867651366601,0,6449,395,540,366,533,342,596,385,591,378,639,1.1,0.907,2.32
0.385708391666412,0.303943306207657,1.07459473609924,0.981115162372589,1.16606438159943,0.966739058494568,0.793201148509979,0.898317456245422,0.686955034732819,0.727528870105743,0.796310186386108,0.848776400089264,0.886746287345886,-5.86612111260304,9.78143160200529,0,6452,396,543,366,545,343,610,385,602,376,656,1.96,1.53,0.18
0.395543694496155,0.311064273118973,1.04630386829376,0.972418665885925,1.15410363674164,0.976190447807312,0.831305921077728,0.884034931659699,0.687127351760864,0.751718759536743,0.829053580760956,0.84637975692749,0.897755086421967,1.99898731118157,5.00849207532119,0,6454,393,576,364,567,340,631,382,623,373,675,5.09,0.839,1.62
0.393348664045334,0.296756893396378,1.09993064403534,0.979278564453125,1.18695044517517,0.979585409164429,0.786427676677704,0.846637666225433,0.71703040599823,0.726387083530426,0.793516457080841,0.849348723888397,0.898853540420532,-0.343595812680842,11.1935598964469,0,6456,460,570,433,563,408,628,450,620,442,672,5.29,1.42,2.13
0.380055338144302,0.275595605373383,1.04060792922974,0.98458868265152,1.16398024559021,1.00851774215698,0.806725442409515,0.877681791782379,0.652554988861084,0.713062167167664,0.801261246204376,0.850788950920105,0.885319948196411,-10.542231185165,25.8830033429188,0,6458,464,510,434,505,410,569,452,567,444,625,6.27,5.9,0.107
0.373763620853424,0.270353078842163,1.0937625169754,0.981970191001892,1.16947317123413,0.986798405647278,0.828343331813812,0.881871342658997,0.64941143989563,0.722962558269501,0.797680556774139,0.851292908191681,0.894509971141815,6.37904820054608,22.9787889603449,0,6460,465,506,437,496,411,562,454,553,446,605,7.31,2.68,1.2
0.373556643724442,0.264884054660797,1.09518432617188,0.981235265731812,1.17251312732697,1.00084364414215,0.843861758708954,0.854583442211151,0.660450875759125,0.709048688411713,0.804304242134094,0.849748253822327,0.912758529186249,-5.57928672505531,16.864966811939,0,6462,466,503,437,494,412,558,454,551,446,603,5.02,4.21,2.46
0.379793405532837,0.268284261226654,1.09827089309692,0.974449574947357,1.16802930831909,0.976565837860107,0.811878859996796,0.875883758068085,0.648547828197479,0.73026317358017,0.805119752883911,0.854933321475983,0.897959172725678,11.4581045196613,45.3822321258161,0,6464,466,504,437,494,412,559,454,551,446,602,1.23,7.58,3.25
0.377657175064087,0.266044616699219,1.11634588241577,0.978831887245178,1.14241003990173,0.967963099479675,0.846364200115204,0.852090060710907,0.6561239361763,0.71429705619812,0.812451064586639,0.861112117767334,0.900205552577972,-23.12678869962,48.2444058677405,1,6466,466,502,438,494,414,559,454,552,446,604,1.38,6.29,6.89
0.377196580171585,0.26840215921402,1.10081696510315,0.976056694984436,1.16217982769012,0.985135674476624,0.791250944137573,0.900906026363373,0.64853698015213,0.72898405790329,0.804605901241303,0.846548974514008,0.863843619823456,9.75341001374689,44.5956178003732,1,6468,466,502,437,493,414,556,455,549,447,603,1.56,3.95,6.86
0.383567750453949,0.264311701059341,1.05211460590363,0.97207522392273,1.15012764930725,1.00093042850494,0.846611201763153,0.876649081707001,0.661201477050781,0.728047788143158,0.793695688247681,0.865450143814087,0.91218638420105,-8.35707892598422,30.2285330706216,1,6470,466,500,437,490,412,554,455,548,446,599,0.476,1.97,10.7
0.380732506513596,0.265868961811066,1.09017133712769,1.00603771209717,1.13171124458313,1.09750962257385,0.823373198509216,0.842471063137054,0.647589445114136,0.725792348384857,0.778149366378784,0.847803592681885,0.905488312244415,3.21320830741084,7.40148513992126,1,6473,465,501,436,491,411,555,454,548,446,596,0.563,1.35,16.4
0.371409386396408,0.277872025966644,1.09572899341583,1.00374352931976,1.1439516544342,1.13507187366486,0.865081965923309,0.862058401107788,0.674789667129517,0.706304728984833,0.80422168970108,0.858841300010681,0.940567433834076,-32.3082613038268,57.8259790964466,1,6475,465,476,436,469,412,532,455,526,447,577,1.4,0.54,19.9
0.372657895088196,0.278612822294235,1.09174144268036,1.02183306217194,1.15279519557953,1.26500964164734,0.824340403079987,0.860912561416626,0.647410690784454,0.723183453083038,0.785281240940094,0.845452904701233,0.878368556499481,0.094272379525805,7.0146793899209,1,6477,465,474,436,467,411,532,454,525,446,578,0.381,1.81,21.8
0.372399091720581,0.284103155136108,1.0853328704834,1.05404317378998,1.15374314785004,1.33789217472076,0.857233226299286,0.902228593826294,0.669788122177124,0.710555374622345,0.798867404460907,0.851459085941315,0.897788763046265,-3.00214335142035,24.4477893658321,1,6479,465,475,436,468,412,532,453,526,446,576,2.41,0.303,23.8
0.371329039335251,0.279655933380127,1.13906013965607,1.04462552070618,1.17591392993927,1.37160992622375,0.818712115287781,0.867588937282562,0.643531382083893,0.719060361385345,0.810417950153351,0.858499884605408,0.894379615783691,12.6333931367634,44.0399133452973,1,6481,465,476,437,468,413,533,455,524,447,577,2.53,1.15,25
0.374443024396896,0.283889174461365,1.09341609477997,1.05745577812195,1.14099228382111,1.47200512886047,0.853286623954773,0.874773144721985,0.669420301914215,0.71729451417923,0.809667646884918,0.853057682514191,0.910419702529907,-10.2131349796883,29.4643908488601,1,6483,465,476,436,468,413,532,454,525,446,578,3.11,2.09,23.8
0.374585151672363,0.280105710029602,1.109947681427,1.08725261688232,1.17793118953705,1.44358706474304,0.852309346199036,0.859684586524963,0.676350295543671,0.718637108802795,0.806721687316895,0.859014689922333,0.914050042629242,-0.305869931727408,17.0794178368904,1,6485,465,477,437,469,413,534,454,528,446,579,1.59,1.52,23.6
0.370674312114716,0.283099472522736,1.0617835521698,1.05907917022705,1.14716601371765,1.58494889736176,0.858635425567627,0.877343118190765,0.672124028205872,0.70335578918457,0.809274196624756,0.850804030895233,0.897938370704651,-20.0264508911585,46.9906669931776,1,6487,465,477,437,470,413,534,454,527,447,578,0.24,2.59,22.9
0.375370621681213,0.280444711446762,1.08089697360992,1.10863482952118,1.14488899707794,1.57675909996033,0.774539113044739,0.882110476493835,0.663073539733887,0.716300547122955,0.801065325737,0.861054122447968,0.90191000699997,10.8464217363687,45.8455176713903,1,6489,465,477,437,469,413,533,456,526,447,579,1.59,3.29,18
0.37405264377594,0.281651586294174,1.07961988449097,1.08696019649506,1.11976146697998,1.59010338783264,0.837282776832581,0,0.666438221931458,0.715002536773682,0.818016290664673,0.856361567974091,0.919083952903748,-12.2264022658844,34.4030222137577,1,6491,466,476,438,468,414,533,455,526,449,578,0.827,0.49,15
0.372835069894791,0.278430670499802,1.07492303848267,1.12519931793213,1.15558505058289,1.74602913856506,0.779994964599609,0.877736449241638,0.639334917068481,0.717046976089478,0.810418844223022,0.859555900096893,0.907243669033051,1.15938679763594,2.75649055784009,1,6494,466,477,438,468,412,532,456,525,448,579,0.586,0.179,11.9
0.375104367733002,0.281445324420929,1.08233439922333,1.13109588623047,1.12867820262909,1.68980443477631,0.85346531867981,0.83766496181488,0.668167650699616,0.714374661445618,0.811648368835449,0.854387521743774,0.925435245037079,-12.9058099146837,34.7013340187868,1,6496,465,477,437,469,413,534,455,528,447,579,0.825,1.27,5.83
0.374721884727478,0.282648533582687,1.10099995136261,1.1625759601593,1.1217246055603,1.808464884758,0.817915201187134,0.888297855854034,0.655324518680573,0.72219043970108,0.802338480949402,0.858419418334961,0.925747990608215,-0.44807999968834,14.97392022922,1,6498,466,477,438,469,414,534,455,526,447,579,1.52,1.44,2.84
0.373205453157425,0.279834002256393,1.08352899551392,1.09515941143036,1.08710968494415,1.72911298274994,0.812753021717072,0.837505280971527,0.646879971027374,0.701428890228272,0.812525689601898,0.845319509506226,0.912557005882263,-15.4793817967725,38.245491745662,1,6500,467,483,438,474,413,536,456,531,447,582,1.99,1.61,0.831
0.371339589357376,0.278894901275635,1.11442959308624,1.27707755565643,1.13471162319183,1.68299460411072,0.78594321012497,0.897928416728973,0.652485370635986,0.710699737071991,0.773118734359741,0.854348599910736,0.896853446960449,4.99168969562042,24.0479633281768,1,6502,466,478,438,470,414,534,455,527,448,580,0.737,1.61,1.25
0.37124702334404,0.277127683162689,1.08948171138763,1.1443258523941,1.1111763715744,1.6710512638092,0.842896401882172,0.87533712387085,0.656960010528564,0.700241982936859,0.802996098995209,0.84548419713974,0.906985878944397,-13.6817922145557,35.2423197009051,1,6504,466,477,439,469,414,533,456,526,448,580,1.54,1.22,2.99
0.375930577516556,0.274350702762604,1.08161282539368,1.14239454269409,1.12206161022186,1.87734758853912,0.81878787279129,0.877184689044952,0.631090819835663,0.712768733501434,0.812975347042084,0.857041954994202,0.895142912864685,4.76165615444122,28.1138456947907,1,6506,467,476,439,468,415,534,457,525,448,580,1.81,2.55,1.68
0.367460608482361,0.279431641101837,1.05744314193726,1.1396210193634,1.09254395961761,1.53807365894318,0.800771474838257,0.851966321468353,0.664704203605652,0.705582439899445,0.790369212627411,0.850553214550018,0.89401763677597,-4.1594900792533,16.8026670912549,1,6508,468,497,438,484,414,544,458,540,451,583,0.915,0.295,1.99
0.369574278593063,0.274926513433456,1.09160375595093,1.13662481307983,1.10142731666565,1.88372957706451,0.781677842140198,0.882720112800598,0.635281562805176,0.716831922531128,0.81053763628006,0.851969540119171,0.901751279830933,5.73304586461864,27.619283484621,1,6510,468,480,439,470,415,534,457,527,449,580,0.216,1.57,2.17
0.368499904870987,0.279169261455536,1.06202411651611,1.12587356567383,1.08407175540924,1.76054203510284,0.826771676540375,0.865873038768768,0.669044435024262,0.710688173770905,0.806513845920563,0.854126870632172,0.899730801582336,1.81174194728645,4.60188178098794,1,6512,467,481,439,473,414,536,456,530,448,581,2.49,0.81,1.86
0.365469843149185,0.273056954145432,1.08018434047699,1.17341315746307,1.13058137893677,1.84622776508331,0.839588940143585,0.882748544216156,0.63101601600647,0.718706488609314,0.79836231470108,0.850108146667481,0.900569558143616,-4.61303146901686,7.8212345351956,1,6515,467,479,439,470,415,534,458,527,450,579,2.58,1,3.28
0.371286481618881,0.276297956705093,1.10002958774567,1.10706746578217,1.09524047374725,1.7631950378418,0.832700312137604,0.858956277370453,0.626422345638275,0.718221008777618,0.819317221641541,0.852104902267456,0.90410715341568,-7.74272117796797,21.5304427981644,1,6517,467,476,440,468,415,532,456,526,450,579,1,2.35,2.37
0.374577403068542,0.278215795755386,1.1038726568222,1.18292784690857,1.10498690605164,1.76928091049194,0.823184490203857,0.905197501182556,0.633013725280762,0.718030869960785,0.816636502742767,0.852674782276154,0.911360561847687,8.22790932634532,33.959043931375,1,6519,468,477,440,469,414,533,458,526,449,581,2.13,0.47,4.17
0.378335326910019,0.285946011543274,1.0700649023056,1.08114969730377,1.08047568798065,1.77036011219025,0.856132864952087,0.892772495746613,0.659792423248291,0.719308137893677,0.826628684997559,0.861280679702759,0.898816585540772,-10.1626782528147,26.9002190164442,1,6521,468,479,439,472,415,535,457,529,449,581,0.28,1.23,3.65
0.376364648342133,0.283721536397934,1.11560475826263,1.18169152736664,1.09675097465515,1.83383631706238,0.807287871837616,0.893982827663422,0.645925939083099,0.736323535442352,0.792652368545532,0.859448313713074,0.884161472320557,-5.7953857084053,11.065492550152,1,6523,468,478,440,469,415,534,459,527,450,580,1.54,0.47,2.7
0.378541439771652,0.286321759223938,1.08109652996063,1.1205176115036,1.07769775390625,1.80225419998169,0.847054362297058,0.876552820205689,0.665632665157318,0.736096203327179,0.810362458229065,0.852116942405701,0.901417255401611,-0.174962199056127,14.3014521075127,0,6525,467,477,439,468,416,533,457,526,449,580,0.591,1.19,2.23
0.383789926767349,0.280177414417267,1.09397923946381,1.26559495925903,1.09922003746033,1.80801856517792,0.813673794269562,0.860750615596771,0.662387132644653,0.734688818454742,0.813249528408051,0.862002611160278,0.917487263679504,-4.95913327992731,11.2341563584467,0,6527,468,476,440,468,416,533,457,525,449,580,4.71,3.06,4.58
0.380172342061996,0.283035755157471,1.07877004146576,1.15253508090973,1.08398258686066,1.82341706752777,0.845697343349457,0.918454945087433,0.64384526014328,0.715521514415741,0.82313472032547,0.862431228160858,0.8995600938797,-4.22668283594342,21.9884399514712,0,6529,468,476,441,468,417,532,458,525,450,579,2.35,2.27,1.04
0.370259493589401,0.28137594461441,1.07760059833527,1.16869103908539,1.07473647594452,1.64955961704254,0.792914628982544,0.892440795898438,0.633604109287262,0.712513387203217,0.800048291683197,0.852703750133514,0.899594008922577,7.92467400269044,37.316957252993,0,6531,468,483,440,472,416,536,458,529,451,581,3.43,2.94,0.703
0.372911214828491,0.285778552293777,1.07211911678314,1.06367516517639,1.07684004306793,1.65731036663055,0.837552309036255,0.837935149669647,0.666979193687439,0.703231573104858,0.80250346660614,0.852720618247986,0.884150505065918,-29.2472808583473,55.4525593586268,0,6533,468,482,441,473,416,536,460,530,451,580,1.64,1.43,2.22
0.36774680018425,0.280719727277756,1.10589730739594,1.10060465335846,1.0828173160553,1.69311702251434,0.786401927471161,0.869868516921997,0.642083287239075,0.714109539985657,0.794224739074707,0.851424634456635,0.913644909858704,8.42669855094295,44.2480163980788,0,6535,469,480,441,470,418,532,460,528,452,577,1.58,3.81,2.77
0.372331738471985,0.285975992679596,1.06705224514008,1.09028601646423,1.0832542181015,1.65250372886658,0.848298192024231,0.860076427459717,0.644116222858429,0.718764662742615,0.807139396667481,0.856818079948425,0.90603119134903,-24.3976279944391,53.2852973048621,0,6538,469,478,442,469,419,532,460,526,452,579,0.793,2.61,2.34
0.374517023563385,0.282933086156845,1.1144585609436,1.21230411529541,1.095463514328,1.57860887050629,0.828100025653839,0.890990376472473,0.656870782375336,0.730171978473663,0.809868156909943,0.85555624961853,0.898451745510101,-1.90767850762945,8.36731033091273,0,6540,470,480,441,471,417,535,458,528,452,580,0.935,0.959,3.74
0.377993673086166,0.289826512336731,1.071457862854,1.11727285385132,1.08843278884888,1.47603845596313,0.859561741352081,0.891356527805328,0.693840086460114,0.732214570045471,0.807870984077454,0.856570065021515,0.888064026832581,-21.9031372389663,46.6592162957582,0,6542,469,475,442,467,420,531,459,525,452,578,1.15,2.54,2.93
0.377387017011642,0.285073637962341,1.11185252666473,1.08817887306213,1.09861993789673,1.62306320667267,0.847266137599945,0.886278867721558,0.660589039325714,0.748017549514771,0.785745441913605,0.867811381816864,0.90144544839859,11.4446091720058,38.1022297877667,0,6544,470,475,442,467,419,531,461,525,452,576,1.99,1.31,6.19
0.378694981336594,0.288362294435501,1.08848583698273,1.12255501747131,1.09285151958466,1.51808416843414,0.830660581588745,0.867704272270203,0.681165516376495,0.727117300033569,0.817083716392517,0.853466689586639,0.901709377765656,-4.78423505693915,11.1336343176171,0,6546,470,473,442,466,421,530,459,523,452,578,1.56,1.26,7.72
0.382474452257156,0.28393492102623,1.11331474781036,1.1517528295517,1.08513033390045,1.517533659935,0.821286559104919,0.87105917930603,0.663431346416473,0.738412916660309,0.806846916675568,0.860056579113007,0.865468084812164,6.44501189784772,33.6239568167665,0,6548,470,473,442,465,420,530,459,523,452,576,2.03,1.34,4.91
0.382618814706802,0.289195984601974,1.07390320301056,1.05331301689148,1.04948890209198,1.35346806049347,0.848260223865509,0.890797555446625,0.672606110572815,0.723025739192963,0.805947482585907,0.857712268829346,0.891688406467438,-6.5051053255287,21.0437516243036,0,6550,469,473,442,469,419,533,461,526,452,579,2.67,2.1,7.47
0.379878133535385,0.286630362272263,1.1070384979248,1.1141083240509,1.09675991535187,1.44860410690308,0.812243044376373,0.873844742774963,0.652858436107636,0.726928770542145,0.810520887374878,0.860167920589447,0.888521373271942,10.0959092972664,42.6483420302632,0,6552,470,473,443,466,420,531,460,524,454,579,1.49,2.43,8.44
0.372598201036453,0.289369940757751,1.10109579563141,1.03742253780365,1.0607613325119,1.3002222776413,0.846579730510712,0.851454138755798,0.689690172672272,0.728911936283112,0.823422789573669,0.854050815105438,0.909525334835053,-30.4710746439885,58.9678537576171,0,6554,470,473,443,465,420,530,460,523,454,575,0.908,1.34,4.2
0.373449921607971,0.284111201763153,1.09997236728668,1.08132231235504,1.07529938220978,1.30434930324554,0.840651214122772,0.902763307094574,0.641674220561981,0.73015034198761,0.808957517147064,0.863213300704956,0.905306696891785,8.44688755458512,38.0322496728206,0,6556,470,476,442,467,420,531,461,526,453,575,1.19,1.98,5.52
0.370417505502701,0.286464720964432,1.07195591926575,1.02067840099335,1.02593863010407,1.21013927459717,0.847202062606812,0.901694893836975,0.666537821292877,0.710319936275482,0.819142520427704,0.867584884166718,0.89332902431488,-7.44309234763263,23.5630886260169,0,6559,471,477,443,472,419,535,462,530,455,576,1.11,1.91,5.83
0.376894652843475,0.276831656694412,1.09035265445709,1.09805834293365,1.06701302528381,1.29701638221741,0.838627398014069,0.933638453483582,0.667705237865448,0.725253224372864,0.813254535198212,0.863832533359528,0.915073931217194,0.82788896815537,3.73195238871546,0,6561,470,473,443,464,421,528,461,522,454,574,1.64,1.68,4.15
0.374231785535812,0.282466053962708,1.06929159164429,1.01457333564758,1.0623015165329,1.24104928970337,0.856310367584229,0.877264976501465,0.698510468006134,0.714879095554352,0.824949264526367,0.857652246952057,0.902427315711975,-19.9922116939623,46.6993610965436,0,6563,470,471,443,463,422,527,462,520,454,574,0.329,1.37,0.983
0.379873484373093,0.27636244893074,1.08728384971619,1.04954433441162,1.06946802139282,1.23702871799469,0.844827592372894,0.860719859600067,0.668246448040009,0.720169961452484,0.790528237819672,0.858057677745819,0.911598145961762,2.19221411660022,10.9760909342695,0,6565,471,473,443,464,421,528,461,520,454,575,1.06,2.66,2.48
0.372753113508224,0.280871510505676,1.07319843769073,1.0276962518692,1.06127297878265,1.24864292144775,0.837196350097656,0.883817434310913,0.666171252727509,0.712328553199768,0.809056401252747,0.856691718101501,0.905445754528046,-8.37733100420992,22.622435126313,0,6567,469,476,442,466,421,531,461,523,454,575,0.67,0.426,1.33
0.377835333347321,0.279048204421997,1.11077547073364,1.00033557415009,1.07998728752136,1.11095893383026,0.819008111953735,0.897204160690308,0.624843180179596,0.721657872200012,0.801854372024536,0.854593634605408,0.913222551345825,-1.39607106807534,16.7003550527911,0,6569,470,485,442,481,421,546,460,537,453,593,1.56,0.695,3.41
0.372533053159714,0.27594792842865,1.11552548408508,1.01222288608551,1.05768847465515,1.12903678417206,0.830921292304993,0.867237687110901,0.620753109455109,0.705621063709259,0.812406897544861,0.862602591514587,0.880036652088165,-10.416298400433,31.3494648927262,0,6571,470,504,441,490,422,555,460,547,454,598,2.06,1.66,1.16
0.375988572835922,0.285778284072876,1.09449136257172,1.02043306827545,1.05035793781281,1.18842363357544,0.805629074573517,0.860197901725769,0.631882309913635,0.71457850933075,0.784753382205963,0.848427414894104,0.89105349779129,9.25684182471078,38.0037438810327,0,6573,470,513,442,505,423,570,462,561,456,616,2.96,1.35,1.62
0.374245703220367,0.278195023536682,1.09076416492462,1.00805592536926,1.04799568653107,1.11698961257935,0.799404382705689,0.87351781129837,0.628713667392731,0.713140428066254,0.801527678966522,0.853366196155548,0.902049005031586,-6.37717463084036,22.4216514914927,0,6575,471,511,443,503,425,567,463,559,456,613,1.57,1.78,2.06
0.378214627504349,0.277679443359375,1.08519375324249,0.991791784763336,1.05268180370331,1.07485103607178,0.796074151992798,0.885890126228333,0.61474347114563,0.713438451290131,0.809216976165772,0.860724806785584,0.904341161251068,15.1712602872952,46.1896992156341,0,6577,471,511,443,504,423,569,463,560,456,615,1.42,2.13,2.42
0.374051064252853,0.280648678541183,1.07189834117889,1.00755941867828,1.03720188140869,1.11837935447693,0.83611398935318,0.88072669506073,0.639308869838715,0.701761662960053,0.811642408370972,0.857372403144836,0.899193525314331,-10.3698625189303,27.7179527494079,0,6580,472,514,444,507,423,571,464,564,457,615,1.03,2.54,3.13
0.370651990175247,0.287864983081818,1.10141444206238,1.01206171512604,1.04217672348022,1.05938863754272,0.791262149810791,0.862488329410553,0.657309830188751,0.722639381885529,0.785907089710236,0.863356411457062,0.898176789283752,-8.86881312284382,14.675627640543,0,6582,471,516,443,509,421,572,463,566,458,614,1.38,0.859,4.21
0.35953950881958,0.269865065813065,1.07810282707214,0.986412107944489,1.04193580150604,1.0256484746933,0.797893822193146,0.864549577236176,0.626926362514496,0.708535969257355,0.772093713283539,0.848928272724152,0.903273522853851,-9.45887914096276,25.0298993963132,0,6584,470,496,442,496,420,560,463,555,456,605,0.422,0.735,4.32
0.359950125217438,0.271841406822205,1.08862388134003,1.00087678432465,1.05238044261932,1.04625856876373,0.792064309120178,0.876397132873535,0.65482497215271,0.726918280124664,0.820839762687683,0.852303743362427,0.916854500770569,7.70836005353906,31.4867709587335,0,6586,470,489,443,482,422,547,463,539,457,592,1.83,1.14,5.71
0.36989688873291,0.273302406072617,1.07658982276917,1.01324284076691,1.06868922710419,1.04371917247772,0.827751219272614,0.873828232288361,0.629685819149017,0.724419593811035,0.79172271490097,0.855624556541443,0.896781742572784,-51.9211140828369,96.3112116662152,0,6588,471,478,444,473,424,537,464,530,459,582,0.504,0.769,8.24
0.368785440921783,0.279910326004028,1.0754371881485,1.00666606426239,1.06434667110443,1.03486776351929,0.787346661090851,0.894947469234467,0.645173966884613,0.730124354362488,0.81471574306488,0.850915491580963,0.91810953617096,4.59233399277723,19.4332761021833,0,6590,471,477,444,471,424,535,464,528,458,582,1.19,5.66,2.89
0.373785227537155,0.282042652368546,1.08999276161194,1.01346337795258,1.05465447902679,1.04797267913818,0.850233674049377,0.860600173473358,0.664198994636536,0.728730380535126,0.825867354869843,0.849826037883759,0.874234676361084,0.591776371535219,16.6008177144714,0,6592,471,477,444,470,423,536,464,528,458,580,1.66,1.05,3.99
0.369648635387421,0.282469362020493,1.07612276077271,0.991206705570221,1.05928611755371,1.06541132926941,0.84291285276413,0.877160012722015,0.649496555328369,0.721675217151642,0.809620499610901,0.858280777931213,0.889342129230499,-3.69692620979397,13.2634522641987,0,6594,471,476,444,470,425,534,463,526,459,579,0.568,1.11,3.49
0.373774439096451,0.286076903343201,1.06066286563873,1.0105893611908,1.05155694484711,1.06236147880554,0.854504406452179,0.856719970703125,0.645595490932465,0.724882423877716,0.804200947284699,0.857499837875366,0.901671409606934,-14.7879195592891,36.9946862135842,0,6596,471,473,444,467,424,531,464,523,459,577,3.44,0.366,1.85
0.371745765209198,0.281596630811691,1.08115673065186,1.00385117530823,1.05565643310547,1.01327240467072,0.86544269323349,0.849351525306702,0.653477072715759,0.728537678718567,0.824388384819031,0.858606576919556,0.929444849491119,5.37651546754275,22.3912624051227,0,6598,471,473,444,467,425,532,465,524,460,577,1.31,6.53,3.82
0.371196240186691,0.282562285661697,1.05599641799927,0.988061726093292,1.04809212684631,1.01262414455414,0.851690530776978,0.862027585506439,0.662619531154633,0.728959500789642,0.814143538475037,0.851205706596375,0.879820287227631,-18.496820056013,39.5898211548325,0,6601,471,473,444,466,424,531,466,523,459,576,0.706,0.569,4.25
0.370789140462875,0.290181756019592,1.07978284358978,1.00583517551422,1.06668162345886,1.00220358371735,0.818722546100616,0.864970624446869,0.663349688053131,0.734265744686127,0.825257897377014,0.86444753408432,0.903257250785828,-11.9745314014585,18.5654240825506,0,6603,472,473,444,466,424,532,464,523,459,577,1.16,0.803,2.16
0.369706839323044,0.288209527730942,1.08659088611603,0.990984320640564,1.05997848510742,1.01686835289001,0.848830699920654,0.882470548152924,0.658921539783478,0.731044471263886,0.812366425991058,0.84032815694809,0.889935374259949,-29.1900428964839,54.9982375517603,0,6605,471,471,444,465,425,530,464,521,460,574,0.506,1.53,4.84
0.368060171604156,0.28416034579277,1.07582449913025,1.00339949131012,1.05393004417419,0.997286319732666,0.829693257808685,0.885666966438293,0.653800368309021,0.732373595237732,0.814122140407562,0.851513922214508,0.901574790477753,1.58935958674269,18.0098165503741,0,6607,472,472,444,466,426,530,465,522,460,576,1.06,2,5.66
0.372032105922699,0.288301050662994,1.0731794834137,1.00024569034576,1.0429093837738,1.00140821933746,0.834016978740692,0.854918599128723,0.664862215518951,0.71651017665863,0.813712537288666,0.853233098983765,0.909180343151093,-15.6780008286315,40.0372621979379,0,6609,471,471,444,465,426,529,465,521,460,575,0.096,1.09,3.82
0.373239040374756,0.281929314136505,1.07040238380432,1.00860917568207,1.0464278459549,1.00526547431946,0.824056148529053,0.876118361949921,0.653514564037323,0.721370220184326,0.818796992301941,0.847271382808685,0.88864529132843,13.394453996698,51.098609214901,0,6611,472,472,446,464,427,528,466,519,462,573,0.884,0.675,3.37
0.370225369930267,0.284242153167725,1.06315565109253,1.00529611110687,1.05605149269104,1.00822901725769,0.856108605861664,0.863188147544861,0.657661974430084,0.713348805904388,0.810993254184723,0.842013776302338,0.898556590080261,-22.1651842434115,49.4454172774334,0,6613,471,469,445,463,426,527,465,519,461,573,1.5,0.91,6.46
0.368624091148376,0.280367016792297,1.09300541877747,0.981142461299896,1.06762874126434,1.0082505941391,0.809982478618622,0.889206171035767,0.654916524887085,0.711694121360779,0.781527757644653,0.844780921936035,0.905324697494507,2.94899723297259,22.5265450442675,0,6615,472,470,445,463,427,528,465,519,461,574,1.2,0.572,8.91
0.366867393255234,0.275422930717468,1.08063459396362,0.998734354972839,1.04878962039948,1.01185262203217,0.824120581150055,0.868627429008484,0.67036360502243,0.702195763587952,0.810645699501038,0.852462351322174,0.901354610919952,-5.18263103369717,18.7571976130871,0,6617,471,469,445,462,426,527,465,519,461,572,0.719,0.151,5.21
0.372877955436707,0.275693833827972,1.06329417228699,1.01818692684174,1.04429805278778,0.998007714748383,0.837055206298828,0.885126173496246,0.647094786167145,0.713241994380951,0.806905388832092,0.854407072067261,0.900067985057831,3.08664745905121,23.6789420686364,0,6619,472,470,446,463,426,528,466,519,461,574,0.62,0.998,9.41
0.367187261581421,0.278024464845657,1.06838119029999,1.00742483139038,1.04792618751526,1.00163590908051,0.819551944732666,0.867287933826447,0.643290400505066,0.698910355567932,0.798677802085876,0.847735524177551,0.888065993785858,-4.28012500165761,14.0566348740237,0,6622,473,474,445,465,426,531,467,522,460,576,0.286,0.273,7.96
0.362939745187759,0.275169849395752,1.09526085853577,0.986717998981476,1.05596232414246,0.979558348655701,0.801543235778809,0.889200568199158,0.620557606220245,0.702450215816498,0.803116321563721,0.8469398021698,0.915981590747833,1.78338017716469,14.1810780734474,0,6624,473,471,446,464,426,529,467,520,462,574,1.89,1.14,9.06
0.366959244012833,0.272634327411652,1.0866025686264,0.996280908584595,1.05270516872406,0.966710209846497,0.840161800384522,0.854692578315735,0.689567029476166,0.69688755273819,0.797310709953308,0.842257857322693,0.897827446460724,-17.5903146261438,42.278976606438,0,6626,472,470,446,463,426,528,466,521,462,573,1.06,0.958,5.77
0.36275452375412,0.270735532045364,1.05413556098938,0.990841746330261,1.07265555858612,0.978686332702637,0.796291708946228,0.894486665725708,0.638274490833283,0.709769308567047,0.811172723770142,0.8396075963974,0.903829276561737,-4.22402919951018,10.8401824812569,0,6628,472,469,446,462,427,526,466,518,463,572,1.17,0.407,5.84
0.3607397377491,0.276256680488586,1.07366573810577,0.988731861114502,1.06277918815613,0.969463109970093,0.840568721294403,0.90430623292923,0.654215395450592,0.701530873775482,0.798455119132996,0.847577095031738,0.898027420043945,-21.1840369477995,47.4756018471931,0,6630,470,469,445,466,425,529,466,523,462,572,0.924,0.911,4.31
0.364964753389359,0.302366584539413,1.08135426044464,0.977123975753784,1.04874408245087,0.977929592132568,0.86141175031662,0.865707457065582,0.703024744987488,0.72412633895874,0.833459556102753,0.859437525272369,0.92877733707428,-2.49220028280237,12.4433326634613,0,6632,468,416,441,385,420,448,461,438,458,482,1.16,1.35,0.682
0.366057693958282,0.30254790186882,1.07459366321564,0.990575969219208,1.04281497001648,0.960682451725006,0.79721200466156,0.879980564117432,0.658645272254944,0.727118790149689,0.780333995819092,0.861980736255646,0.910537660121918,-0.690897254223804,1.09297508342015,0,6634,465,369,439,364,420,430,460,420,457,471,2.75,3.58,1.16
0.368192374706268,0.310313522815704,1.0767160654068,1.00404214859009,1.03658020496368,0.951837956905365,0.830381751060486,0.906896531581879,0.663918852806091,0.750986933708191,0.83355176448822,0.847921788692474,0.911600351333618,-5.05455970913804,20.8314136164513,0,6636,465,368,440,363,421,429,462,417,458,471,1.14,2.01,2.09
0.370517045259476,0.299373477697372,1.07837200164795,0.979668438434601,1.05678451061249,0.97405606508255,0.867924511432648,0.906241238117218,0.653324604034424,0.741809248924255,0.823954701423645,0.861672937870026,0.886931478977203,9.65282166932557,16.1469347885978,0,6638,465,368,440,362,421,428,462,417,459,470,1.5,4.12,2.41
0.368903309106827,0.305365294218063,1.05085158348084,0.993962168693543,1.02261340618134,0.984776079654694,0.842667639255524,0.891139984130859,0.667851209640503,0.753900945186615,0.83713561296463,0.848339021205902,0.899043083190918,-0.216078385530262,27.4900324214133,0,6640,465,367,440,362,423,427,460,418,458,470,0.236,0.439,4.22
0.369782865047455,0.305074393749237,1.08264803886414,0.99083948135376,1.0545015335083,0.965989649295807,0.83152174949646,0.862490057945251,0.645637214183807,0.754513144493103,0.829106092453003,0.862520456314087,0.89627993106842,-16.5216077404671,32.6763795191063,0,6643,466,367,440,362,422,428,463,417,459,470,1.05,0.549,6.64
0.372154921293259,0.307590544223785,1.05733561515808,0.976293087005615,1.02528703212738,0.967832207679749,0.826021194458008,0.867564022541046,0.662933945655823,0.748617470264435,0.814691781997681,0.856670141220093,0.896389603614807,-6.50446566889809,12.8588099894423,1,6645,465,367,440,362,422,428,462,417,459,471,1.4,0.444,8.5
0.370465636253357,0.304297149181366,1.09448432922363,0.986772000789642,1.04837715625763,0.979281544685364,0.838955760002136,0.852203667163849,0.632279515266418,0.739761114120483,0.808596253395081,0.858923196792603,0.900193631649017,-30.124922477403,57.2932586807934,1,6647,465,369,440,363,422,428,462,418,459,471,1.55,0.884,11.8
0.370217204093933,0.30243381857872,1.06181204319,0.986156940460205,1.02720606327057,0.985599339008331,0.815893709659576,0.892277419567108,0.663728833198547,0.749144017696381,0.841256678104401,0.85599285364151,0.899319112300873,-15.9929664945326,24.0880878195527,1,6649,466,371,440,366,421,432,462,422,459,476,3.02,1.91,12.9
0.368975341320038,0.287149995565414,1.08589243888855,0.985592842102051,1.06828248500824,1.00675451755524,0.826233685016632,0.86527293920517,0.661684155464172,0.738902032375336,0.786478459835053,0.855295360088348,0.891259968280792,-21.4422834466936,48.4165371233291,1,6651,467,411,443,402,424,468,462,458,458,511,2.39,9.73,13.4
0.372609943151474,0.284969449043274,1.05348753929138,0.999764919281006,1.05548858642578,1.09755170345306,0.844319522380829,0.880869865417481,0.641616106033325,0.736067473888397,0.811508238315582,0.861343741416931,0.909792065620422,9.4653678951005,29.7065461166841,1,6653,468,413,443,412,422,477,464,468,458,524,0.61,2.84,13.4
0.365852147340775,0.27804160118103,1.08577835559845,1.04286670684814,1.05337429046631,1.14550757408142,0.840007901191711,0.902659058570862,0.668603658676147,0.699651002883911,0.809899210929871,0.846251130104065,0.91160774230957,-28.0335980628205,50.8704155764855,1,6655,468,465,445,453,424,517,464,509,458,558,2.64,3.84,10.3
0.363335937261581,0.278745323419571,1.09685754776001,1.057448387146,1.06030249595642,1.17740476131439,0.796319782733917,0.911078691482544,0.635979473590851,0.711475133895874,0.807986795902252,0.839281618595123,0.89361983537674,9.63410845626981,43.4841008325476,1,6657,468,466,444,459,422,524,464,517,457,571,2.21,2.85,9.73
0.364161729812622,0.275848805904388,1.10493290424347,1.03562641143799,1.05915057659149,1.18407690525055,0.822607100009918,0.865881025791168,0.635903716087341,0.713056564331055,0.809483051300049,0.842916309833527,0.891937673091888,-7.68432341336835,27.3278064281667,1,6659,468,493,444,476,421,539,463,532,456,584,2.45,6.45,4.58
0,0,0,0,0,0,0,0,0,0,0,0,0,-6.91678565703839,19.2094072240432,1,6661,0,0,0,0,0,0,0,0,0,0,5.24,5.17,2.53
0,0,0,0,0,0,0,0,0,0,0,0,0,-3.50196463677291,24.0214605277603,1,6663,0,0,0,0,0,0,0,0,0,0,11.1,7.62,12.4
0,0,0,0,0,0,0,0,0,0,0,0,0,-1.82509511470582,14.4162763723319,1,6666,0,0,0,0,0,0,0,0,0,0,10,15.3,24.5
0,0,0,0,0,0,0,0,0,0,0,0,0,-0.097101371480876,17.75812655437,1,6668,0,0,0,0,0,0,0,0,0,0,7.21,14.4,31.2
0.355575948953629,0.295015931129456,1.069953083992,1.10753905773163,1.03199744224548,1.48840284347534,0.814584076404572,0.864933431148529,0.713307559490204,0.696961343288422,0.787393391132355,0.829708874225616,0.888346910476685,3.76786097205598,58.7130846124143,1,6670,555,279,526,266,486,318,527,326,504,369,14.4,14.1,42.5
0,0,0,0,0,0,0,0,0,0,0,0,0,-0.605615986975098,11.5841610036924,1,6672,0,0,0,0,0,0,0,0,0,0,16.2,10,50.1
0.376649379730225,0.282947033643723,1.07769346237183,1.18124830722809,1.01114475727081,1.50998389720917,0.795043885707855,0.839604318141937,0.682773888111115,0.717267990112305,0.812194645404816,0.853292763233185,0.900579154491425,0.83259956503236,10.9377282160585,1,6674,534,263,472,254,432,307,474,314,454,360,0.915,19.4,61.3
0.359138697385788,0.283814936876297,1.10550248622894,1.28568720817566,1.04805469512939,1.53882467746735,0.854835867881775,0.851639986038208,0.697833001613617,0.709173202514648,0.80551815032959,0.852426707744598,0.888353228569031,-3.76409130949057,38.2016894549624,1,6676,496,259,472,248,432,303,474,311,453,360,6.57,18,70
0.376626759767532,0.283640265464783,1.10373449325562,1.20338273048401,1.04262173175812,1.70770359039307,0.791399240493774,0.881973266601563,0.659220337867737,0.705805957317352,0.815378963947296,0.854921638965607,0.899186193943024,0.587337847472403,6.98202370378547,1,6678,497,280,472,302,432,356,473,363,454,410,8.84,7.33,82.7
0.36168846487999,0.281305521726608,1.07913219928741,1.16814088821411,1.05414795875549,1.4909383058548,0.84387880563736,0.869276463985443,0.682769298553467,0.724114179611206,0.798066437244415,0.853608071804047,0.886111974716187,0.648962513516867,19.6020178413745,1,6680,492,394,470,383,429,436,471,444,450,488,2.08,7.75,95.7
0.36169707775116,0.283529162406921,1.09466183185577,1.14494919776917,1.02817118167877,1.56787216663361,0.859141945838928,0.887096762657166,0.68062549829483,0.72698050737381,0.815680086612701,0.843370854854584,0.885973274707794,0.530667368745917,14.8535704135761,1,6682,485,393,463,386,422,438,466,449,446,494,6.31,13.9,99.9
0.362052470445633,0.296129763126373,1.10644710063934,1.07405841350555,1.0377950668335,1.54843020439148,0.834204196929932,0.965641975402832,0.676809191703796,0.726909875869751,0.804535269737244,0.83765721321106,0.904139935970306,-1.64749621104783,25.7833183848751,1,6684,496,408,475,398,435,450,476,461,454,503,6.34,8.11,109
0.357411712408066,0.281772166490555,1.07875156402588,1.1547703742981,1.03337287902832,1.52092826366425,0.818791925907135,0.856280863285065,0.657405912876129,0.753584325313568,0.823661923408508,0.860170066356659,0.927077889442444,-0.106771669526123,8.02462008808526,1,6687,490,401,467,387,426,438,466,449,446,494,20,4.54,112
0.362104684114456,0.284748107194901,1.08636522293091,1.15162813663483,1.02963280677795,1.5110696554184,0.893645346164703,0.903214275836945,0.674422204494476,0.762432813644409,0.828924655914307,0.859729111194611,0.882274925708771,-2.53889934594313,27.3572246555354,1,6689,489,396,464,383,423,436,466,445,445,489,3.72,9.91,111
0.360448896884918,0.281555742025375,1.08675527572632,1.2286388874054,1.04975271224976,1.5711395740509,0.807729959487915,0.875954806804657,0.656639158725739,0.755202829837799,0.83706796169281,0.853003561496735,0.889074862003326,-0.827314521427668,22.8743899769579,1,6691,490,393,469,381,427,435,469,444,447,491,3.21,3.78,111
0.363848209381104,0.287781774997711,1.06559228897095,1.11656606197357,1.01452898979187,1.63160836696625,0.851468741893768,0.849490761756897,0.723023951053619,0.753932356834412,0.849621415138245,0.850692391395569,0.893791139125824,0.472832843018756,22.0136333909106,1,6693,489,394,466,385,424,438,468,446,445,490,2.02,2.56,104
0.362742006778717,0.281818211078644,1.07758784294128,1.19452011585236,1.02663767337799,1.57030773162842,0.79647433757782,0.870477795600891,0.636981010437012,0.747945249080658,0.842110335826874,0.86035817861557,0.89016318321228,-0.361376594360346,18.2280668915293,1,6695,490,393,468,381,427,434,469,444,447,491,2.56,2.64,95
0.368060111999512,0.287904888391495,1.08955502510071,1.16250860691071,1.04755616188049,1.5381520986557,0.831733226776123,0.857965052127838,0.666038632392883,0.748021483421326,0.839216470718384,0.855578064918518,0.918364644050598,0.755125851568253,24.9547444450156,1,6697,477,394,462,382,421,434,465,444,445,490,4.48,0.544,91
0,0,0,0,0,0,0,0,0,0,0,0,0,1.11441531263362,12.8441314285366,1,6699,0,0,0,0,0,0,0,0,0,0,3.25,9.73,88.2
0.357994049787521,0.290549397468567,1.05735099315643,1.17592453956604,1.02967011928558,1.35462021827698,0.771942436695099,0.888085603713989,0.69786924123764,0.740846574306488,0.811342477798462,0.850774586200714,0.908021926879883,1.07459751167669,19.4224363310092,1,6701,491,385,468,375,428,426,472,438,453,480,3.82,10.2,76.4
0.362391352653503,0.286145448684692,1.04841554164886,1.23191213607788,1.03260374069214,1.50734889507294,0.783103346824646,0.892842531204224,0.679704785346985,0.742166578769684,0.819102585315704,0.839776158332825,0.899868786334991,0.358594875917338,7.1812507856477,1,6703,495,376,474,362,432,416,475,425,455,470,2.24,8.08,67.7
0.36985370516777,0.289934128522873,1.0878392457962,1.19463336467743,1.02605247497559,1.61682856082916,0.826387584209442,0.846153855323792,0.685644745826721,0.728071689605713,0.797531843185425,0.849497199058533,0.881191611289978,0.909757384938877,18.6119587241836,0,6705,495,374,474,361,434,416,475,425,455,471,2.65,8.83,67.4
0.373021632432938,0.291141748428345,1.09146785736084,1.14723074436188,1.03778100013733,1.58077895641327,0.809896469116211,0.880146384239197,0.661548733711243,0.735976099967957,0.828329503536224,0.850514829158783,0.897846937179565,-1.12265522596328,15.9978770259581,0,6708,494,372,474,358,433,413,476,421,454,469,7.65,2.13,57.6
0.37044084072113,0.27881121635437,1.09763240814209,1.35521554946899,1.04330146312714,1.40749907493591,0.853728175163269,0.848924458026886,0.69121378660202,0.736038029193878,0.809110164642334,0.847126543521881,0.886958777904511,0.660506774694508,8.611419427786,0,6710,473,303,453,307,414,366,455,372,435,424,1.21,11.8,40.3
0.410856753587723,0.312702566385269,1.09181368350983,1.12825667858124,1.0435711145401,1.52989792823792,0.860726475715637,0.864150941371918,0.722536027431488,0.726467549800873,0.861769020557404,0.865595281124115,0.893073320388794,-4.49947547753713,21.2246941069493,0,6712,442,174,420,121,386,176,429,180,412,222,5.8,6.93,36.8
0,0,0,0,0,0,0,0,0,0,0,0,0,7.54162684985051,46.1447211171192,0,6714,0,0,0,0,0,0,0,0,0,0,6.35,9.49,36.8
0,0,0,0,0,0,0,0,0,0,0,0,0,-3.37047227404286,12.9380971873533,0,6716,0,0,0,0,0,0,0,0,0,0,10.3,3.86,23
0.412792861461639,0.310145884752274,1.06880629062653,1.16319489479065,1.09690165519714,1.05031716823578,0.869064092636108,0.973451316356659,0.766862154006958,0.747847676277161,0.862877786159515,0.862578749656677,0.871308028697968,-2.73626028116416,32.6179062068568,0,6718,509,229,464,141,423,191,465,190,444,217,23.9,12,19.3
0.367578744888306,0.274369239807129,1.0480535030365,1.2269115447998,1.07618451118469,1.30660736560822,0.818417310714722,0.828333854675293,0.691328167915344,0.713962197303772,0.818636894226074,0.844152390956879,0.895470917224884,19.2691446920115,59.1431137894794,0,6720,525,324,506,295,467,351,512,353,499,390,5.83,12.8,26.9
0.374833583831787,0.323918551206589,0.993731439113617,1.24856781959534,1.04350137710571,1.36041355133057,0,0.860362946987152,0.869158864021301,0.709918320178986,0.797259151935577,0.849728047847748,0.843054950237274,7.71669281868464,11.6756387037515,0,6722,475,130,488,163,444,201,496,222,490,270,37.8,8.99,24.6
0,0,0,0,0,0,0,0,0,0,0,0,0,-9.49722408209286,14.2833976977248,0,6724,0,0,0,0,0,0,0,0,0,0,12.8,18.4,35.7
0.384331673383713,0.276864349842072,1.06891393661499,1.1825236082077,1.03533267974854,1.2281779050827,0.810298085212708,0.889129519462585,0.84481143951416,0.728849530220032,0.861378788948059,0.850910127162933,0.907560288906097,30.9985171491314,47.38158862798,0,6726,605,178,592,213,553,261,594,276,581,321,13.4,25.9,47.1
0.380273431539536,0.28504478931427,1.07714939117432,1.2700719833374,1.07133543491364,1.25689232349396,0,0,0.712583899497986,0.73065310716629,0.817912757396698,0.851759970188141,0.915770947933197,15.7410146890893,22.2798715004388,0,6729,590,101,563,77.2,535,137,578,138,569,181,12.4,14,66.5
0,0,0,0,0,0,0,0,0,0,0,0,0,10.108542129762,15.4023861649722,0,6731,0,0,0,0,0,0,0,0,0,0,9.78,10.7,77.8
0,0,0,0,0,0,0,0,0,0,0,0,0,-11.7627425911416,12.7450953808813,0,6733,0,0,0,0,0,0,0,0,0,0,16.9,26.9,89.6
0,0,0,0,0,0,0,0,0,0,0,0,0,54.5226360926465,59.8391151243314,0,6735,0,0,0,0,0,0,0,0,0,0,23.8,30,108
0.380974411964417,0.291639357805252,1.09303021430969,1.45294296741486,1.07328224182129,1.16002464294434,0.858171761035919,0.885949432849884,0.686240971088409,0.741371810436249,0.845446705818176,0.841033041477203,0.899909019470215,15.5223185565592,17.9826023777222,0,6737,447,90.9,473,87.1,420,127,464,144,442,190,24.4,18.3,123
0.379304051399231,0.293436348438263,1.09322512149811,1.4788533449173,1.04887497425079,1.12528371810913,0,0.952158093452454,0,0.769066154956818,0.80382376909256,0.857350826263428,0,-68.0929922590669,73.7878437155615,0,6739,527,296,514,197,465,249,507,254,486,274,19.8,17,128
0.361393481492996,0.279006123542786,1.07195961475372,1.47187530994415,1.08503973484039,1.08186078071594,0.848257839679718,0.899897634983063,0.727217853069305,0.726791381835938,0.825794637203217,0.827877461910248,0.904656767845154,43.5233217159886,46.2360077290195,0,6741,529,450,520,444,479,495,521,502,507,545,1.8,24.3,147
0.352338343858719,0.276036977767944,1.05877149105072,1.4801549911499,1.0478253364563,1.11194241046906,0.739229023456574,0.893178224563599,0.81547087430954,0.711353659629822,0.837606847286224,0.837467610836029,0.920848250389099,0.22830685034368,3.7691246722846,0,6743,542,364,530,406,491,453,536,464,523,504,33.3,34.8,152
0.347546696662903,0.27068230509758,1.068439245224,1.43204998970032,1.0684906244278,1.16809570789337,0.890350878238678,0.914981245994568,0.719379842281342,0.73397296667099,0.867265284061432,0.838075399398804,0.907801389694214,5.70791775394645,10.2941934750913,0,6745,556,272,528,248,498,307,543,308,531,347,24.4,44,162
0.337662369012833,0.279334485530853,1.06338620185852,1.47892045974731,0,1.11837387084961,0,0,0.658318400382996,0.721615135669708,1.06321835517883,0.853368043899536,0,17.142453129376,25.2068638708208,0,6747,503,276,474,317,453,375,503,376,0,0,12.9,27.9,169
0.355077058076859,0.290689170360565,1.06287670135498,1.43155217170715,0,1.02021551132202,0,0.87285715341568,0.755469739437103,0.735791325569153,0.85393750667572,0.832598805427551,0.875119149684906,8.69101093924365,13.0233272352942,0,6750,542,234,546,292,517,342,565,348,0,0,11.4,15.3,182
0.335862010717392,0.27618145942688,1.08807146549225,1.49079239368439,0,1.04005908966064,0,0,0.881355941295624,0.591793060302734,0.864639401435852,0.810168445110321,0.898376405239105,8.77083540073714,8.87460930756562,0,6752,389,256,496,256,476,315,524,314,0,0,7.36,12.2,184
0.341410577297211,0.292209476232529,1.07758069038391,1.55921053886414,1.06553161144257,1.10703265666962,0.830315411090851,0.892215549945831,0.667695462703705,0.806770026683807,0.841791987419128,0.834730088710785,0.901909828186035,5.63903891752522,14.2991820423717,0,6754,367,175,354,167,332,225,382,222,384,262,8.5,11.7,190
0.3585005402565,0.316637933254242,1.06079542636871,1.63128578662872,0,1.04169225692749,0,0,0.732331156730652,0.791454315185547,0.871362388134003,0.847712755203247,0,-8.88776845909218,13.9099982715516,0,6756,276,63.4,292,84.7,271,138,317,136,0,0,11.7,7.64,202
0,0,0,0,0,0,0,0,0,0,0,0,0,-32.246674268077,32.3292541570857,0,6758,0,0,0,0,0,0,0,0,0,0,19.6,8.12,210
0,0,0,0,0,0,0,0,0,0,0,0,0,26.9863572374201,27.0892004092241,0,6760,0,0,0,0,0,0,0,0,0,0,8.88,23.6,225
0,0,0,0,0,0,0,0,0,0,0,0,0,-24.4416161683543,27.2947651644508,0,6762,0,0,0,0,0,0,0,0,0,0,33,13.9,230
0.369577348232269,0.279869645833969,1.09120547771454,1.81145167350769,1.09858214855194,1.12788677215576,0.964285731315613,0.845688343048096,0.694044351577759,0.75580495595932,0.795305192470551,0.83468508720398,0.769927561283112,65.3951661801499,70.5074342470142,0,6764,443,423,463,446,419,491,461,508,445,549,17.7,34,248
0.376961141824722,0.306238442659378,1.11616683006287,1.68433737754822,1.10790026187897,1.06602466106415,0.903100788593292,0.830757915973663,0.7503542304039,0.796287298202515,0.881846368312836,0.832472264766693,0.915098965167999,3.47743345385756,8.90635123143525,0,6766,406,387,410,354,383,414,426,416,428,457,35.4,44.2,263
0.363879710435867,0.300958752632141,1.0536904335022,1.69753730297089,0,0.974623084068298,0.835622906684876,0.871180832386017,0.680148303508759,0.848797261714935,0.978715717792511,0.866105496883392,0.904367446899414,27.0593683420925,27.0628919032961,0,6768,359,228,407,292,379,347,426,349,0,0,30.1,55.6,259
0,0,0,0,0,0,0,0,0,0,0,0,0,19.1661580570835,22.5088150925664,0,6771,0,0,0,0,0,0,0,0,0,0,10.3,58,289
0.376817017793655,0.308893233537674,1.07033789157867,1.81815040111542,1.08538770675659,0.974184632301331,0.784126996994019,0.865162909030914,0.709121704101563,0.759435474872589,0.875439822673798,0.844585657119751,0.800000011920929,33.3013733491827,34.0186252260994,0,6773,228,375,270,413,249,467,290,468,298,507,10.8,39.7,306
0.361440867185593,0.312830090522766,1.06348645687103,1.89284729957581,1.1130588054657,1.00694143772125,0.851795494556427,0.89801949262619,0.702005743980408,0.773924171924591,0.841890215873718,0.846124768257141,0.921249568462372,-8.93680550700151,8.94768514259024,0,6775,309,265,311,248,274,293,319,311,313,346,18.6,37,334
0.381701976060867,0.31118381023407,1.10547983646393,1.80677032470703,1.11135220527649,0.95281457901001,0.886956512928009,0.875510215759277,0.735303401947022,0.778461873531342,0.858314216136932,0.856146037578583,0.906034290790558,3.11677983096631,10.4297137255417,0,6777,434,157,458,180,412,220,450,247,445,284,6.09,26.9,359
0,0,0,0,0,0,0,0,0,0,0,0,0,7.0955024899431,15.0574410262393,0,6779,0,0,0,0,0,0,0,0,0,0,12.8,24.1,392
0.391101807355881,0.30050191283226,1.05798888206482,2.12731671333313,1.16927587985992,1.02747738361359,0.84783285856247,0.894029855728149,0.708302140235901,0.762570738792419,0.876834511756897,0.843212783336639,0.911204218864441,75.714827645341,78.1318252001486,0,6781,546,602,525,597,469,611,495,648,460,672,37.8,41,445
0,0,0,0,0,0,0,0,0,0,0,0,0,4.17717087053722,54.5097563044519,0,6783,0,0,0,0,0,0,0,0,0,0,45.9,48.6,476
0,0,0,0,0,0,0,0,0,0,0,0,0,-27.2846003543832,58.7889803537633,0,6785,0,0,0,0,0,0,0,0,0,0,16.4,52.9,507
0.474209547042847,0.286449283361435,1.01492536067963,1.98885142803192,1.19157111644745,0.976022362709045,0.887912094593048,0.981981992721558,0.756355941295624,0.786479771137238,0.858544826507568,0.860097527503967,0,-20.9515528997326,40.1842085393674,0,6787,405,343,412,325,353,331,372,366,328,387,40.3,46.8,553
0.437224894762039,0.279958784580231,1.00070416927338,2.02901244163513,1.20999372005463,0.996250092983246,0.911157369613647,0.917835652828217,0.748314142227173,0.784860610961914,0.863418221473694,0.871436417102814,0.914026141166687,8.60763629175741,13.5552100462709,0,6789,411,346,417,320,356,328,373,358,330,380,10.2,24.6,574
0.438626408576965,0.27358677983284,1.03444671630859,2.05661416053772,1.21237671375275,0.979840278625488,0.846396863460541,0.966811776161194,0.772009551525116,0.780608057975769,0.88215446472168,0.860731422901154,0.938013434410095,-4.9375896868238,8.61612401554259,0,6792,420,343,440,319,376,325,395,356,347,379,2.08,14.1,586
0.468506187200546,0.279200881719589,1.05536425113678,2.04210066795349,1.24158525466919,1.00505185127258,0.855599045753479,0.895768821239471,0.755279362201691,0.791531085968018,0.882592856884003,0.879895508289337,0,3.94204890613944,12.2814701145279,0,6794,452,328,457,317,386,322,409,354,358,378,0.676,7.35,579
0.443944603204727,0.284775406122208,1.00588476657867,1.90806019306183,1.26188886165619,0.961227774620056,0.897637784481049,0.976539611816406,0.700574696063995,0.773774147033691,0.885524392127991,0.868867695331574,0.929113924503326,-6.01503196051361,12.4224787976997,0,6796,433,332,416,320,356,327,371,359,328,382,2.68,5.76,573
0.406931579113007,0.287704437971115,1.04956638813019,2.02909636497498,1.26405763626099,0.951191425323486,0.871140360832214,0.910935759544373,0.786711752414703,0.810207068920136,0.832626342773438,0.867290139198303,0.930891513824463,-15.6581340743996,19.9969180607779,0,6798,385,340,404,322,346,324,362,362,325,381,2.06,11.6,536
0.44242587685585,0.296996980905533,1.08781945705414,1.91148769855499,1.28747928142548,0.977474689483643,0.825074851512909,0.923872172832489,0.746518909931183,0.813460171222687,0.835971593856812,0.859824955463409,0.928963899612427,-7.35034068542515,9.58677241697117,0,6800,352,362,360,348,313,355,326,399,301,425,4.44,3.97,495
0.390166372060776,0.311854660511017,1.09938180446625,1.85420310497284,1.23022711277008,0.968173146247864,0.805359661579132,0.961141765117645,0.718816876411438,0.780608355998993,0.860374689102173,0.844662427902222,0.900761485099793,-1.99972688709517,19.179558566317,0,6802,323,434,325,396,278,416,303,455,287,476,9.38,8.45,447
0.374190449714661,0.305544555187225,1.06838369369507,1.75129079818726,1.29297757148743,0.968066096305847,0.816619634628296,0.840647876262665,0.706094026565552,0.758519768714905,0.849346816539764,0.846125602722168,0.899065017700195,20.1515345019401,36.2517780418983,0,6804,329,457,307,449,261,479,298,507,276,548,7.58,13.1,399
0,0,0,0,0,0,0,0,0,0,0,0,0,-18.6497498580662,31.4029483666571,0,6806,0,0,0,0,0,0,0,0,0,0,23.1,33.9,314
0,0,0,0,0,0,0,0,0,0,0,0,0,16.3700393562346,20.2461701314473,0,6808,0,0,0,0,0,0,0,0,0,0,23.2,33.4,248
0.339616119861603,0.306443870067596,1.12807202339172,1.77517211437225,1.26604807376862,1.00063598155975,0,0.884578287601471,0.730934143066406,0.811318457126617,0.864467203617096,0.851130187511444,0.942773580551147,3.97796888489095,22.1159642895528,0,6810,232,278,261,270,267,331,307,315,328,355,5.29,40,172
0,0,0,0,0,0,0,0,0,0,0,0,0,36.3303308849811,44.569286363335,0,6812,0,0,0,0,0,0,0,0,0,0,35.3,49.2,77
0,0,0,0,0,0,0,0,0,0,0,0,0,85.8642757490253,146.088227590002,0,6815,0,0,0,0,0,0,0,0,0,0,41.8,32.3,38.5
0,0,0,0,0,0,0,0,0,0,0,0,0,4.09370532094476,5.89657133491616,0,6817,0,0,0,0,0,0,0,0,0,0,45.3,12.1,109
0,0,0,0,0,0,0,0,0,0,0,0,0,-12.382931207416,123.402374665706,0,6819,0,0,0,0,0,0,0,0,0,0,88.3,68.5,161
0,0,0,0,0,0,0,0,0,0,0,0,0,28.022971712358,106.726051887281,0,6821,0,0,0,0,0,0,0,0,0,0,66.5,99.3,208
0,0,0,0,0,0,0,0,0,0,0,0,0,50.7141061180527,113.407427070252,0,6823,0,0,0,0,0,0,0,0,0,0,63.8,105,216
0,0,0,0,0,0,0,0,0,0,0,0,0,81.926254878464,116.634931176996,1,6825,0,0,0,0,0,0,0,0,0,0,77.8,110,181
0,0,0,0,0,0,0,0,0,0,0,0,0,-26.1010253529949,28.8824664040486,1,6827,0,0,0,0,0,0,0,0,0,0,60.8,83.3,129
0,0,0,0,0,0,0,0,0,0,0,0,0,-22.9356005069499,73.0830261098449,1,6829,0,0,0,0,0,0,0,0,0,0,36.6,121,56
0,0,0,0,0,0,0,0,0,0,0,0,0,27.3552727480673,39.3165796014134,1,6831,0,0,0,0,0,0,0,0,0,0,49.4,144,103
0,0,0,0,0,0,0,0,0,0,0,0,0,5.49490155766448,37.9944641974123,1,6833,0,0,0,0,0,0,0,0,0,0,36.8,88,255
0.364425420761108,0.272089302539825,1.08352398872375,1.95416331291199,1.3158974647522,1.03138661384583,0,0.965217411518097,0,0.552641212940216,1.54341733455658,1.22222220897675,0.864631712436676,37.9530025175195,44.1657843725748,1,6836,432,405,420,406,364,432,395,463,362,491,25.6,43.2,507
0.358900189399719,0.285763144493103,1.12555253505707,1.95671725273132,1.31288373470306,1.06387364864349,0.879057466983795,0.938288450241089,0.694739401340485,0.82187432050705,0.87515252828598,0.890974402427673,0.946843862533569,-15.0326056711733,20.5865561745592,1,6838,399,404,369,391,306,420,341,448,307,477,19.5,46,652
0.362056404352188,0.278423637151718,1.12109172344208,1.83604848384857,1.3298956155777,1.33048248291016,0.968421041965485,0.905831336975098,0.688934862613678,0.806675970554352,0.850468158721924,0.86802077293396,1.01998209953308,9.66708945736362,18.7168262842101,1,6840,351,472,338,454,277,477,308,510,275,533,2.7,47.3,830
0,0,0,0,0,0,0,0,0,0,0,0,0,-18.2904302026026,27.5806512764303,1,6842,0,0,0,0,0,0,0,0,0,0,12.3,22.9,931
0,0,0,0,0,0,0,0,0,0,0,0,0,-21.6865565875278,22.985780284239,1,6844,0,0,0,0,0,0,0,0,0,0,8.71,15.3,1000
0,0,0,0,0,0,0,0,0,0,0,0,0,-83.7623677435182,86.8462649448889,1,6846,0,0,0,0,0,0,0,0,0,0,36,16.5,1050
0,0,0,0,0,0,0,0,0,0,0,0,0,49.4348134379693,84.2271186125021,1,6848,0,0,0,0,0,0,0,0,0,0,35.2,20.8,1040
0.399560451507568,0.345339864492416,1.05648243427277,1.80252528190613,1.22780251502991,1.22900688648224,0,0.910186171531677,0.784889161586762,0.802661299705505,0.870764970779419,0.879467070102692,0.939039409160614,13.0121596395723,25.2136383178823,1,6850,130,435,145,409,132,479,187,457,218,495,60.7,38.5,947
0.373658269643784,0.298940479755402,1.09625387191772,1.71938216686249,1.33542048931122,1.57366991043091,0.953919589519501,0.900667786598206,0.714838981628418,0.798768043518066,0.874912738800049,0.860534131526947,0.96737802028656,-0.285402753116583,50.0060156136867,1,6852,380,294,354,303,341,371,383,358,379,402,21.5,46.2,873
0.381609231233597,0.299783736467361,1.00179743766785,1.6614727973938,0,1.77842533588409,0,0.899337351322174,0.724240601062775,0.777356922626495,0.911258816719055,0.869449198246002,0.96935647726059,7.95982035944229,35.8879248694968,1,6854,390,278,368,345,357,411,395,405,0,0,5.4,61.8,732
0.369095951318741,0.300553560256958,1.12278664112091,1.72734475135803,1.33640122413635,1.59775543212891,0.939149141311646,0.887983083724976,0.699265778064728,0.781918227672577,0.877816200256348,0.860373437404633,0.973715901374817,32.3218378177498,52.1813582830194,1,6857,374,369,357,363,345,434,385,418,390,469,13.6,32.2,514
0.370099306106567,0.298908144235611,1.12306678295136,1.69712817668915,1.30738615989685,1.60411942005157,0.932707130908966,0.875715911388397,0.729882538318634,0.770072340965271,0.840165138244629,0.858817338943481,0.956072330474854,20.668890926145,29.5322716019376,1,6859,371,367,352,360,341,431,381,414,387,466,13,29.1,347
0.373722374439239,0.301229536533356,1.14344012737274,1.63179409503937,1.31767213344574,1.68611299991608,0.853535354137421,0.866747677326202,0.678235411643982,0.778919517993927,0.865823328495026,0.861564576625824,0.980990052223206,-3.29872544425957,16.1306075388288,1,6861,364,367,344,362,336,433,375,416,382,465,0.957,15.5,235
0.37544259428978,0.301396697759628,1.10456013679504,1.59565770626068,1.31388258934021,1.49976909160614,0.900411069393158,0.897244453430176,0.72511625289917,0.781255543231964,0.845930755138397,0.85278856754303,0.963177859783173,-3.28153500482385,14.2706352023649,1,6863,363,368,345,363,334,433,376,416,383,463,3.25,20.8,114
0.375919610261917,0.300848603248596,1.11223983764648,1.54686260223389,1.29690432548523,1.45456564426422,0.837081849575043,0.863912761211395,0.684114396572113,0.774019122123718,0.841327965259552,0.85074383020401,0.957978069782257,-7.73009691881176,16.3695774002603,1,6865,363,366,344,361,334,432,375,415,381,462,4.55,8.52,25.4
0.374609768390656,0.300509512424469,1.08728229999542,1.54905414581299,1.29842603206635,1.26484632492065,0.835182845592499,0.874118447303772,0.705426335334778,0.790032982826233,0.84075391292572,0.855323791503906,0.97249311208725,-27.0047195774771,38.9469138972392,1,6867,363,367,344,361,334,431,375,415,381,462,2.87,3.31,71.7
0.380157560110092,0.304780274629593,1.11160171031952,1.50310683250427,1.28363573551178,1.64786303043365,0.856869399547577,0.875922203063965,0.691173553466797,0.760316073894501,0.849250197410584,0.84822553396225,0.960579693317413,-10.3905707382697,19.8057096759049,1,6869,363,366,344,361,334,431,375,414,381,462,4.91,5.37,130
0.376489132642746,0.296941161155701,1.08082497119904,1.50818407535553,1.27065873146057,1.33117830753326,0.868567883968353,0.877763152122498,0.666016101837158,0.759324610233307,0.843146860599518,0.853216230869293,0.944833159446716,2.75073836755547,6.07710890956481,1,6871,363,367,344,360,335,430,375,413,382,463,1.43,1.79,172
0.370244711637497,0.297041416168213,1.10613751411438,1.50793838500977,1.28336703777313,1.5933997631073,0.864114105701447,0.894805192947388,0.658696055412293,0.745631635189056,0.829149484634399,0.85068017244339,0.953216373920441,-4.28454435376124,19.8471454677809,1,6873,367,365,351,360,343,431,382,413,389,463,7.14,2.72,184
0.369202494621277,0.297045111656189,1.10058164596558,1.44380486011505,1.27204012870789,1.50189208984375,0.845990836620331,0.884197235107422,0.684632778167725,0.736006319522858,0.848740696907043,0.842988133430481,0.944510221481323,-32.5492302888624,41.1359951599182,1,6875,368,365,353,360,344,430,385,413,393,465,10.8,7.56,188
0.359206765890121,0.282215684652328,1.13273239135742,1.49694013595581,1.24285638332367,1.42739391326904,0.896816372871399,0.833965122699738,0.710079252719879,0.746360123157501,0.79763263463974,0.847255110740662,0.919010281562805,-16.9918622706757,22.8965466820893,1,6878,479,377,444,363,417,430,460,420,455,470,36.1,17.4,178
0.357230693101883,0.274523824453354,1.10595428943634,1.45739698410034,1.2357189655304,1.40601742267609,0.847024738788605,0.869692802429199,0.670030474662781,0.720762729644775,0.817600250244141,0.847127318382263,0.92926299571991,1.68756596927775,3.68613078522785,1,6880,488,385,488,389,452,450,497,447,489,493,2.93,15.2,152
0.366432249546051,0.27247354388237,1.11353087425232,1.42323362827301,1.2140861749649,1.63015878200531,0.848282992839813,0.870129883289337,0.700211226940155,0.72694319486618,0.77859377861023,0.837630808353424,0.92881965637207,6.23638203489482,13.848463952987,1,6882,509,400,497,394,461,454,505,452,493,497,0.476,28.4,111
0.3672736287117,0.280185461044312,1.09632742404938,1.40438973903656,1.22478091716766,1.5179591178894,0.826192677021027,0.874107003211975,0.589808166027069,0.728888869285584,0.805724620819092,0.834355056285858,0.920603036880493,11.7110878332362,17.1459852489688,1,6884,504,395,497,399,460,459,504,457,493,506,2.13,7.58,97
0.371024906635284,0.285691469907761,1.13663184642792,1.34106123447418,1.28226137161255,1.30364429950714,0.809608161449432,0.864429533481598,0.710688591003418,0.73064512014389,0.786681830883026,0.83331710100174,0.922735571861267,-10.820090674783,16.297261527071,0,6886,460,520,463,490,417,543,464,546,455,578,3.97,7.67,54
0,0,0,0,0,0,0,0,0,0,0,0,0,9.00930293482493,23.5675324718651,0,6888,0,0,0,0,0,0,0,0,0,0,3.89,5.66,14.6
0.406775176525116,0.285981118679047,1.12654674053192,1.26061856746674,1.24581003189087,1.3977952003479,0.798454582691193,0.900584816932678,0.710691809654236,0.751641273498535,0.762650609016418,0.84903484582901,0.970436096191406,-5.27187008897628,19.0751758692109,0,6890,422,646,384,663,361,715,404,716,389,759,3.71,11.3,33.4
0,0,0,0,0,0,0,0,0,0,0,0,0,1.087562107347,11.726780832671,0,6892,0,0,0,0,0,0,0,0,0,0,2.68,3.21,48.4
0.398590087890625,0.281987488269806,1.12146663665771,1.25990962982178,1.04905664920807,1.21595966815948,0,0.88981419801712,0.666470766067505,0.721563458442688,0.824691355228424,0.846013903617859,0.927435398101807,-2.76822709813252,6.843353729418,0,6894,385,217,381,276,369,335,413,326,419,359,7.39,4.14,83.7
0,0,0,0,0,0,0,0,0,0,0,0,0,14.7224289985505,42.5226410277497,0,6896,0,0,0,0,0,0,0,0,0,0,9.57,6.53,115
0,0,0,0,0,0,0,0,0,0,0,0,0,59.6550914619066,71.8924778795337,0,6899,0,0,0,0,0,0,0,0,0,0,30.8,20.1,122
0,0,0,0,0,0,0,0,0,0,0,0,0,11.3559841596415,19.9655128723929,0,6901,0,0,0,0,0,0,0,0,0,0,29.7,35.4,101
0.376375675201416,0.324440062046051,1.09241247177124,1.14021444320679,1.21905159950256,1.28356719017029,0,0.871886134147644,0.700774371623993,0.754962623119354,0.842786073684692,0.859258711338043,0.963404953479767,-2.0876614257154,27.9531154020523,0,6903,276,80.1,259,109,272,189,309,147,332,168,48.8,70.9,77.7
0,0,0,0,0,0,0,0,0,0,0,0,0,15.3326440751468,26.4618798861139,0,6905,0,0,0,0,0,0,0,0,0,0,43.3,74.8,47
0,0,0,0,0,0,0,0,0,0,0,0,0,0.597860918845109,13.1862011300124,0,6907,0,0,0,0,0,0,0,0,0,0,36.9,102,32
0,0,0,0,0,0,0,0,0,0,0,0,0,40.6752056587849,45.1934314349602,0,6909,0,0,0,0,0,0,0,0,0,0,41.6,97.6,117
0.385840624570847,0.318310141563416,1.10574018955231,1.21902740001678,1.23026096820831,1.07552397251129,0.887421846389771,0.890563547611237,0.805591702461243,0.750865042209625,0.846617996692658,0.862015545368195,0.924994349479675,26.7246479306589,28.2804983840884,0,6911,133,227,124,225,171,268,190,230,232,240,26.7,82.7,201
0,0,0,0,0,0,0,0,0,0,0,0,0,-0.536068033044462,72.1249925425959,0,6913,0,0,0,0,0,0,0,0,0,0,42.4,79.6,320
0.383002489805222,0.284955143928528,1.14605617523193,1.22559654712677,1.26134192943573,1.13803827762604,0.882324814796448,0.876092553138733,0.677779972553253,0.743151605129242,0.860018193721771,0.846081674098969,0.963444650173187,28.3751679571325,63.8248442265057,0,6915,563,130,540,141,592,175,607,137,644,152,16.3,63.5,450
0.358624845743179,0.28333568572998,1.11888659000397,1.22807669639587,1.22827935218811,1.12634336948395,0.847984135150909,0.88586300611496,0.72512823343277,0.736320734024048,0.846365451812744,0.853799521923065,0.944202244281769,0.002912080667862,7.11522668646927,0,6917,526,140,522,158,581,192,591,149,639,164,32.2,52.3,564
0,0,0,0,0,0,0,0,0,0,0,0,0,1.21549016797132,11.5465820578065,0,6920,0,0,0,0,0,0,0,0,0,0,9.23,27.1,735
0.400071650743485,0.314694970846176,1.0995876789093,1.3069384098053,1.2477513551712,1.17765128612518,0.833667993545532,0.938322186470032,0.725458920001984,0.729988694190979,0.870628774166107,0.835906326770783,0.966250002384186,14.8254332161348,17.5304465188572,0,6922,332,281,311,305,369,314,362,270,404,267,15.7,30.6,837
0.377337366342545,0.319802910089493,1.12473976612091,1.4014744758606,1.23468816280365,1.14822018146515,0.818209409713745,0.854435205459595,0.655681788921356,0.734964728355408,0.814839124679565,0.844492971897125,0.892063498497009,-0.967182084488497,2.98627111645697,0,6924,258,306,269,322,331,326,323,286,372,276,13.5,21.2,915
0.436646044254303,0.297032922506332,1.09245193004608,1.31221103668213,1.22513687610626,1.14374506473541,0.850990951061249,0.889570534229279,0.758628189563751,0.752937793731689,0.83326643705368,0.87737911939621,0.954062640666962,1.15723563746266,17.2251477529941,0,6926,192,327,194,362,250,368,235,323,276,318,5.39,23,950
0.451958358287811,0.318086951971054,1.10518193244934,1.22223174571991,1.21569919586182,1.0669572353363,0.874327957630158,0.878612697124481,0.749140918254852,0.770503878593445,0.861851751804352,0.870307266712189,0.91427344083786,-1.62485002482242,15.5405954824954,0,6928,131,352,146,373,212,377,195,337,250,326,5.84,22,959
0.442856341600418,0.300788640975952,1.08505606651306,1.29297292232513,1.21500587463379,1.05126869678497,0.833047091960907,0.87077534198761,0.784424185752869,0.770584762096405,0.862818241119385,0.879964232444763,0.906936407089233,3.30194488937705,20.7354829041083,0,6930,122,364,115,389,177,400,164,360,215,354,5.89,17.8,948
0,0,0,0,0,0,0,0,0,0,0,0,0,2.42406436213326,16.1003602175793,0,6932,0,0,0,0,0,0,0,0,0,0,6.53,18.7,899
0.448689103126526,0.290823876857758,1.07390558719635,1.25536775588989,1.2109295129776,1.110307097435,0.822928071022034,0.874338150024414,1.01559019088745,0.792972028255463,0.859575390815735,0.877924203872681,1.00218343734741,3.16708094725569,20.3939272509834,0,6934,194,363,196,395,252,415,252,376,309,376,2.73,12.5,832
0.44119343161583,0.287311404943466,1.12231361865997,1.30638253688812,1.19660115242004,1.09216344356537,0.86733490228653,0.868449807167053,0.686823964118958,0.77961802482605,0.858671307563782,0.876031994819641,0.913793087005615,-11.8318965499632,13.7688175934809,0,6936,210,361,205,396,264,418,253,379,304,380,6.36,9.09,758
0.444871008396149,0.29661750793457,1.09517860412598,1.25362324714661,1.18864417076111,1.03780090808868,0.822684109210968,0.890232563018799,0.692595362663269,0.772870302200317,0.81981098651886,0.864970862865448,0.928231954574585,2.9051571449652,7.21915619019751,0,6938,229,352,237,384,299,393,285,355,342,351,5.89,6.85,669
0.429687112569809,0.285292893648148,1.11372375488281,1.31132292747498,1.21056139469147,1.02009618282318,0.847724616527557,0.914481163024902,0.743762016296387,0.751435399055481,0.85333126783371,0.860211074352264,0.926034510135651,-8.02954889599343,13.5678846073641,0,6940,312,325,281,378,338,386,325,345,361,347,7.52,10.2,573
0,0,0,0,0,0,0,0,0,0,0,0,0,-0.858158771073559,4.6670960748299,0,6943,0,0,0,0,0,0,0,0,0,0,8.69,10.6,448
0,0,0,0,0,0,0,0,0,0,0,0,0,-26.0452006748554,33.609626370669,0,6945,0,0,0,0,0,0,0,0,0,0,28.8,17,377
0,0,0,0,0,0,0,0,0,0,0,0,0,-60.0689802346303,134.94807513829,0,6947,0,0,0,0,0,0,0,0,0,0,20.5,12.7,308
0,0,0,0,0,0,0,0,0,0,0,0,0,19.3429495665749,52.8773213120438,0,6949,0,0,0,0,0,0,0,0,0,0,27.5,14.8,248
0,0,0,0,0,0,0,0,0,0,0,0,0,-10.8153161246657,17.2545980617743,0,6951,0,0,0,0,0,0,0,0,0,0,3.6,26.6,194
0.356848180294037,0.290847152471542,1.08687293529511,1.29448580741882,1.23141539096832,1.08228611946106,0.811578273773193,0,0.689056932926178,0.711858332157135,0.847391545772553,0.842249155044556,0.928853750228882,4.32665789720795,7.41930501496129,0,6953,350,291,359,317,423,321,409,277,454,270,5.46,18.8,141
0.384574323892593,0.271362870931625,1.13159990310669,1.25139856338501,0,1.06691157817841,0,0.876578867435455,0,0.757957339286804,0.816579341888428,1.23120296001434,0.852975487709045,-0.425446688302524,3.1012981167916,0,6955,525,198,568,275,625,294,630,255,0,0,21,5.29,93.3
0,0,0,0,0,0,0,0,0,0,0,0,0,36.0891344663414,38.3206178608396,0,6957,0,0,0,0,0,0,0,0,0,0,8.73,8.8,52.6
0.338290333747864,0.285790234804153,1.12815356254578,1.24702632427216,1.20444762706757,0.997294723987579,0.836112320423126,0.916666686534882,0.702919721603394,0.731551110744476,0.832191050052643,0.846865653991699,0.979501605033875,-26.884855399837,32.1673599949048,0,6959,343,232,312,294,359,327,379,283,414,301,14.4,37.8,47.6
0,0,0,0,0,0,0,0,0,0,0,0,0,15.5561760692885,18.0439938266022,0,6961,0,0,0,0,0,0,0,0,0,0,19.9,8.96,50.6
0.306907594203949,0.266624242067337,1.14675748348236,1.21356749534607,1.2085452079773,1.00755262374878,0.8170126080513,0.898678421974182,0.7030189037323,0.711738526821137,0.834800899028778,0.823895275592804,1.01510512828827,-60.5280163145374,62.8677181281249,0,6964,504,320,466,351,504,401,539,364,568,394,17.2,20.6,75.7
0.400643855333328,0.281223982572556,1.14838540554047,1.20123696327209,1.12834584712982,1.00573801994324,0.866424679756165,0.876080691814423,0.748355805873871,0.733882486820221,0.855399072170258,0.852419316768646,0.977317094802856,52.7636647278263,54.4484882529068,0,6966,241,287,266,351,314,383,329,343,368,357,1.45,31.1,89.3
0.369739592075348,0.286118477582932,1.12645089626312,1.30347895622253,1.22395551204681,1.00467276573181,0.851701974868774,0.878787875175476,0.730941712856293,0.736627757549286,0.823458611965179,0.862037241458893,0.97629851102829,-17.0438920167543,19.8596674912573,0,6968,173,201,161,220,221,240,220,193,264,199,11.3,19.8,100
0,0,0,0,0,0,0,0,0,0,0,0,0,34.245631002636,34.6216080304835,0,6970,0,0,0,0,0,0,0,0,0,0,8.9,24,99.2
0,0,0,0,0,0,0,0,0,0,0,0,0,-0.204161101301782,45.4101141228959,0,6972,0,0,0,0,0,0,0,0,0,0,12.8,10.9,104
0,0,0,0,0,0,0,0,0,0,0,0,0,2.09880107829959,11.7923857193079,0,6974,0,0,0,0,0,0,0,0,0,0,26.1,13.9,101
0,0,0,0,0,0,0,0,0,0,0,0,0,2.67986796733308,10.4522563416482,0,6976,0,0,0,0,0,0,0,0,0,0,13.1,27.9,86.6
0,0,0,0,0,0,0,0,0,0,0,0,0,40.1559596711682,43.771179299631,0,6978,0,0,0,0,0,0,0,0,0,0,4.86,28.3,89.4
0,0,0,0,0,0,0,0,0,0,0,0,0,-44.629903935111,48.0410998659439,0,6980,0,0,0,0,0,0,0,0,0,0,4.13,14.8,75.5
0,0,0,0,0,0,0,0,0,0,0,0,0,-6.24084875478604,18.0281337914748,0,6982,0,0,0,0,0,0,0,0,0,0,1.91,13.6,55.7
0,0,0,0,0,0,0,0,0,0,0,0,0,-3.64613384691578,9.55798040252228,0,6985,0,0,0,0,0,0,0,0,0,0,4.02,7.6,34.3
0,0,0,0,0,0,0,0,0,0,0,0,0,-30.4094148891743,31.4010209310495,0,6987,0,0,0,0,0,0,0,0,0,0,8.26,2.03,30.8
0.427170336246491,0.295006334781647,1.10483872890472,1.28426277637482,1.16762018203735,0.977889597415924,0,0,0,0.902369141578674,0,1.07051587104797,0,4.90194875343744,14.3849713199264,0,6989,294,387,262,430,306,444,308,398,337,397,3.16,1.67,39.5
0,0,0,0,0,0,0,0,0,0,0,0,0,0.456184432711323,13.4252963654101,0,6991,0,0,0,0,0,0,0,0,0,0,7.77,1.55,68
0,0,0,0,0,0,0,0,0,0,0,0,0,4.40730077538063,12.1836757940078,0,6993,0,0,0,0,0,0,0,0,0,0,4.34,6.63,95.4
0.378830134868622,0.286557972431183,1.12968480587006,1.42721688747406,1.21840918064117,1.02044951915741,0.836568832397461,0.878456234931946,0.738474071025848,0.722051858901978,0.866570472717285,0.852066397666931,1.11091077327728,8.65806928389455,9.97900945350339,0,6995,162,395,151,412,200,442,203,400,242,405,1.01,2.59,101
0.396055668592453,0.285193115472794,1.14036154747009,1.45365953445435,1.20599293708801,0.992091119289398,0.816110491752625,0.913840532302856,0.782171428203583,0.754396915435791,0.850155711174011,0.877386331558228,1.01376783847809,-2.2074596717518,17.8447205336565,0,6997,112,385,94,400,158,436,154,393,200,403,4.3,6.09,120
0,0,0,0,0,0,0,0,0,0,0,0,0,1.8929428067626,37.0142190264918,0,6999,0,0,0,0,0,0,0,0,0,0,3.52,5.67,127
0.42589071393013,0.280969202518463,1.08247101306915,1.51270949840546,1.20566606521606,0.949929416179657,0.82564103603363,0.893078505992889,0.768256664276123,0.831860482692719,0.809363603591919,0.892228484153748,0.966426849365234,1.36294588531174,8.08685649876051,0,7001,222,380,236,407,304,412,293,382,345,368,10,2.75,124
0.346320033073425,0.292449712753296,1.19852137565613,1.48895287513733,1.19230079650879,1.05629968643188,0.814193189144135,0.86904764175415,0.757347941398621,0.720869421958923,0.821477055549622,0.850594341754913,0,9.66980337231283,24.4542570554356,0,7003,533,201,475,245,528,252,516,209,558,207,12.7,8.76,123
0,0,0,0,0,0,0,0,0,0,0,0,0,-62.4083722728915,65.1084783874941,0,7006,0,0,0,0,0,0,0,0,0,0,29.6,10.7,94.2
0,0,0,0,0,0,0,0,0,0,0,0,0,-47.0292881737015,60.6040075093708,0,7008,0,0,0,0,0,0,0,0,0,0,26,12.8,89.3
0,0,0,0,0,0,0,0,0,0,0,0,0,-0.719184751112596,11.4404500795915,0,7010,0,0,0,0,0,0,0,0,0,0,15.9,20.4,71.9
0,0,0,0,0,0,0,0,0,0,0,0,0,10.5571378882253,46.4789322607138,0,7012,0,0,0,0,0,0,0,0,0,0,32.5,12.7,59.5
0.316897183656692,0.266358613967895,1.20385408401489,1.51038575172424,1.06693708896637,0.96269029378891,0.841346144676209,0.82051283121109,0.717631340026856,0.676497101783752,0.771897614002228,0.849002838134766,1.18481016159058,82.9651545623444,95.357439566425,0,7014,594,483,627,454,570,417,569,460,557,406,35.5,23.4,45.7
0,0,0,0,0,0,0,0,0,0,0,0,0,29.9430607056172,36.8086307319029,0,7016,0,0,0,0,0,0,0,0,0,0,60,33.7,29.7
0,0,0,0,0,0,0,0,0,0,0,0,0,8.74359507386848,34.6211483685938,0,7018,0,0,0,0,0,0,0,0,0,0,31.4,70,34.5
0,0,0,0,0,0,0,0,0,0,0,0,0,41.2670402772756,50.9891614094544,0,7020,0,0,0,0,0,0,0,0,0,0,15.8,73.9,43
0,0,0,0,0,0,0,0,0,0,0,0,0,-6.20148427567293,14.9370829505423,0,7022,0,0,0,0,0,0,0,0,0,0,13.7,55.3,66.8
0.356890559196472,0.303781121969223,1.24980235099792,1.48652708530426,1.17881870269775,0.967844367027283,0.823954999446869,0.872198581695557,0.869398713111877,0.733682513237,0.837281167507172,0.857944786548615,1.16025292873383,20.1652747695921,25.048521145116,0,7024,739,546,746,523,698,560,743,590,716,616,28.3,70.7,116
0,0,0,0,0,0,0,0,0,0,0,0,0,-50.4876497885645,63.9731176353598,0,7027,0,0,0,0,0,0,0,0,0,0,23.9,61.6,203
0,0,0,0,0,0,0,0,0,0,0,0,0,-18.6486400942299,24.5896204743843,0,7029,0,0,0,0,0,0,0,0,0,0,16.8,50.8,292
0.350741446018219,0.300925105810165,1.20708608627319,1.4856538772583,1.16516351699829,0.985028266906738,0.886547327041626,0.863159894943237,0.879323601722717,0.628108859062195,0.897333323955536,0.847785949707031,0.897076010704041,-6.7075676453771,8.4048033328505,0,7031,218,306,250,283,276,343,314,314,337,342,18.7,49.1,374
0.358845353126526,0.290552288293838,1.17190039157867,1.46141302585602,0,0.987255752086639,1.24324321746826,0.973913013935089,0.859758913516998,1.34421360492706,0,1.54453122615814,0,-3.39845406625348,15.3046451570656,0,7033,381,122,394,172,425,226,456,192,0,0,9.14,35.7,456
0,0,0,0,0,0,0,0,0,0,0,0,0,23.2534585771648,104.439639409297,0,7035,0,0,0,0,0,0,0,0,0,0,39.2,38.9,558
0,0,0,0,0,0,0,0,0,0,0,0,0,-38.8935315703495,88.348692373028,0,7037,0,0,0,0,0,0,0,0,0,0,26.7,26.6,618
0.41925585269928,0.319089382886887,1.1452910900116,1.5575178861618,1.14573895931244,0.960628271102905,0.917098462581635,0.922746777534485,0,0.769112348556519,0.864105939865112,0.883546948432922,1.08584272861481,-87.2300548717068,89.6299584038601,0,7039,257,77.1,246,83.9,269,151,296,113,320,146,29,56.7,688
0,0,0,0,0,0,0,0,0,0,0,0,0,-74.2457528593582,86.352726724604,0,7041,0,0,0,0,0,0,0,0,0,0,40.1,74.5,744
0,0,0,0,0,0,0,0,0,0,0,0,0,17.5530725764919,18.7818425409772,0,7043,0,0,0,0,0,0,0,0,0,0,24.9,64,771
0.398274391889572,0.299293607473373,1.1913640499115,1.70287311077118,1.1900782585144,1.00421786308289,0.829206883907318,0,0.858917057514191,0.744435250759125,0.858966171741486,0.861973285675049,1.16479194164276,58.6346793949852,61.3530822019542,0,7045,356,45.2,338,84,312,144,359,133,361,181,24.6,54,784
0,0,0,0,0,0,0,0,0,0,0,0,0,-122.223354827889,148.182880323645,0,7048,0,0,0,0,0,0,0,0,0,0,19.5,32.4,776
0.418196141719818,0.3073990046978,1.17294788360596,1.50101661682129,1.1630425453186,1.0272696018219,0,0,0.844643831253052,0.746361613273621,0.825280606746674,0.871382415294647,0.785050868988037,15.9638147884966,48.4391277077747,0,7050,168,235,189,288,191,349,235,331,244,374,12.3,62.5,802
0,0,0,0,0,0,0,0,0,0,0,0,0,-53.2942977148023,59.3313756087538,0,7052,0,0,0,0,0,0,0,0,0,0,90.2,59.5,799
0.414987206459045,0.30856391787529,1.20854043960571,1.51148986816406,1.1653333902359,0.980915725231171,0.892234563827515,0.8200803399086,0.841747045516968,0.741861343383789,0.872040688991547,0.841122329235077,1.10637676715851,8.2714603395249,15.3245306291397,0,7054,531,175,532,98.4,496,160,549,159,545,194,56.9,92,785
0.372224062681198,0.314142435789108,1.21807837486267,1.45067822933197,1.16905438899994,1.00390338897705,0.853431344032288,0.921582221984863,0,0.753744184970856,0.837569653987885,0.86421936750412,1.08792757987976,-15.1574368355411,24.4280934168714,0,7056,615,191,581,172,545,225,599,233,586,269,18.6,97.6,812
0,0,0,0,0,0,0,0,0,0,0,0,0,11.158858114691,24.1502648357744,0,7058,0,0,0,0,0,0,0,0,0,0,23,78.6,816
0.405803173780441,0.317866891622543,1.26183593273163,1.49057006835938,1.21654009819031,1.02243661880493,0.909513115882874,0.88871556520462,0.81389331817627,0.771354615688324,0.912489771842957,0.867084562778473,0,55.5392426223556,73.7373826452423,0,7060,424,164,351,170,372,236,408,208,434,233,23.4,60.9,827
0.371987253427505,0.303664743900299,1.19107019901276,1.40761411190033,1.24221074581146,0.976960718631744,0.877734482288361,0.855989217758179,0.758373200893402,0.746678709983826,0.860927164554596,0.855725586414337,1.02523589134216,76.3647814704154,176.441274861544,0,7062,357,111,347,141,369,201,404,174,428,214,36.4,35.4,857
0.372395724058151,0.290441155433655,1.20456445217133,1.47837388515472,1.21682727336884,0.953746795654297,0.869937837123871,0.845550954341888,0.784032762050629,0.768377482891083,0.864558935165405,0.877489030361176,1.08229374885559,-82.5131583274879,124.2267866629,0,7064,546,187,514,189,508,255,553,241,563,285,12.6,29.4,862
0.408229053020477,0.293961971998215,1.19207417964935,1.50485074520111,1.2194687128067,0.983577191829681,0,0.94843465089798,0.875151038169861,0.758701384067535,0.808871686458588,0.857687413692474,1.12267982959747,20.6958776213217,32.2368831923593,0,7066,586,171,559,207,537,271,585,264,583,310,10.8,50.1,891
0,0,0,0,0,0,0,0,0,0,0,0,0,67.4633885176918,101.329631239413,0,7069,0,0,0,0,0,0,0,0,0,0,26,65.5,924
0.385629028081894,0.301687806844711,1.19345676898956,1.59167432785034,1.28423368930817,1.02275943756104,0,0.807442963123322,0.798603475093842,0.731780767440796,0.786551177501678,0.842543363571167,0,86.2120843812409,89.0508397822923,0,7071,564,241,541,279,499,328,545,337,526,382,22.7,47.6,942
0.37925985455513,0.306980162858963,1.20178389549255,1.57938897609711,1.28545355796814,0.985112011432648,0.891642093658447,0.868181824684143,0.7419753074646,0.750221312046051,0.843670129776001,0.865980982780457,0,-36.3482823266661,52.3864212794761,0,7073,523,235,466,215,461,285,504,274,504,308,7.75,26,932
0.359870612621307,0.318014651536942,1.13958585262299,1.52997040748596,1.24838840961456,0.96932464838028,0.967528760433197,0.834744215011597,0.748027622699738,0.777066886425018,0.854476451873779,0.850477397441864,1.04718661308289,18.2121496597837,22.5308879231352,0,7075,328,130,341,134,347,197,393,175,410,212,10.4,41.9,907
0.367117792367935,0.3444904088974,1.30018842220306,1.55595982074738,1.20425689220428,1.10602426528931,0.853864729404449,0.909909904003143,0.861209988594055,0.768786430358887,0.881455421447754,0.865861713886261,1.05667340755463,22.1646884711426,27.4377616282612,0,7077,194,184,190,156,187,227,231,203,251,236,10.1,20.3,890
0,0,0,0,0,0,0,0,0,0,0,0,0,77.5501870018974,118.885389998501,0,7079,0,0,0,0,0,0,0,0,0,0,22.9,24.9,862
0,0,0,0,0,0,0,0,0,0,0,0,0,60.2117763566187,63.4621545971954,0,7081,0,0,0,0,0,0,0,0,0,0,19.7,30.4,831
0,0,0,0,0,0,0,0,0,0,0,0,0,-26.5455678346572,36.1114277318564,0,7083,0,0,0,0,0,0,0,0,0,0,25.5,27.1,789
0.354875028133392,0.284025549888611,1.14659988880157,1.6305673122406,1.1519820690155,0.982726752758026,0,0.859491169452667,0,0.789245367050171,1.40361440181732,0.841184556484222,1.07743358612061,47.292059511986,74.8567820460676,0,7085,374,408,384,394,324,399,345,447,313,463,15.6,32.9,743
0.400798112154007,0.292916774749756,0,1.62149262428284,0,0.993816554546356,0.959845185279846,0,0.834137797355652,0.768795430660248,0.802442252635956,0.843886613845825,0,11.5453093730284,25.0317288310494,0,7087,549,333,464,356,0,0,431,411,0,0,46.3,14.3,710
0,0,0,0,1.31338024139404,0,0,0,0,0,0,0,0,0.094327013092715,1.35169845970128,0,7089,0,0,0,0,0,0,0,0,730,184,34.3,30.6,667
0,0,0,0,0,0,0,0,0,0,0,0,0,67.5714820410447,86.2392291404625,0,7092,0,0,0,0,0,0,0,0,0,0,21.7,32.7,577
0.348839074373245,0.323549419641495,1.29127526283264,1.58242249488831,1.29135847091675,0.9484001994133,0.913173675537109,0.946783185005188,0.867462337017059,0.743963003158569,0.848507106304169,0.837473809719086,1.05932295322418,87.2926809230916,120.585362222879,0,7094,651,431,679,390,627,443,677,457,667,490,58.5,22.6,541
0.421314358711243,0.307670712471008,1.17160081863403,1.74399352073669,1.10181534290314,1.03819382190704,0.882449150085449,0.907443881034851,0.973248422145844,0.815447390079498,0.990708947181702,0.887668251991272,0.830467700958252,-10.3290055936206,15.1449000422631,0,7096,472,202,486,263,440,305,483,324,463,352,66.3,64.8,524
0.360291719436645,0.358214735984802,1.11172437667847,1.56322109699249,1.18314361572266,1.01015472412109,0.892588078975678,0.875896036624908,0.694910407066345,0.784932613372803,0.893886983394623,0.877332746982574,0.892461180686951,35.8566230101698,71.5817467846495,0,7098,393,79.1,416,136,375,163,426,189,422,225,12.9,85.1,496
0,0,0,0,0,0,0,0,0,0,0,0,0,18.5843954614174,24.31483888147,0,7100,0,0,0,0,0,0,0,0,0,0,20.7,78.7,482
0,0,0,0,0,0,0,0,0,0,0,0,0,5.18239690978861,7.89745341335554,0,7102,0,0,0,0,0,0,0,0,0,0,18.2,72.8,504
0.387765973806381,0.305735915899277,1.17620420455933,1.86757576465607,1.31753468513489,0.970291316509247,0.867464005947113,0.880101799964905,0.794389665126801,0.816032409667969,0.817771971225739,0.871245920658112,0.981302499771118,39.2167850570546,50.7514315203149,0,7104,522,285,504,283,451,311,492,348,467,376,20.8,60.1,532
0.417351216077805,0.406461000442505,1.25847947597504,1.7776141166687,1.2228410243988,0.953266441822052,0,0.884773671627045,0,0.773298144340515,0.912823379039764,0.87458747625351,0,4.20714988748068,8.05777480470513,0,7106,669,170,646,79.5,618,113,661,131,615,141,23.5,33,537
0,0,0,0,0,0,0,0,0,0,0,0,0,44.3133310871577,54.998917099809,0,7108,0,0,0,0,0,0,0,0,0,0,34,58.4,592
0,0,0,0,0,0,0,0,0,0,0,0,0,18.0031113905325,21.2547958933995,0,7110,0,0,0,0,0,0,0,0,0,0,26.7,57.3,658
0,0,0,0,0,0,0,0,0,0,0,0,0,27.1815332997157,27.7942890363944,0,7113,0,0,0,0,0,0,0,0,0,0,42.7,70,732
0,0,0,0,0,0,0,0,0,0,0,0,0,20.5418086408731,25.2030940096434,0,7115,0,0,0,0,0,0,0,0,0,0,17.1,77.9,787
0,0,0,0,0,0,0,0,0,0,0,0,0,64.1722762301482,64.6449138686164,0,7117,0,0,0,0,0,0,0,0,0,0,32.5,84.1,850
0,0,0,0,0,0,0,0,0,0,0,0,0,-24.1936913489679,27.0820354181979,0,7119,0,0,0,0,0,0,0,0,0,0,47.4,68.2,891
0.372513204813004,0.383651435375214,1.20789468288422,1.73339259624481,1.25568974018097,1.00776624679565,0.813379466533661,0.823139131069183,0.768172860145569,0.71333247423172,0,0,0,-2.33870999455122,6.65027107291941,0,7121,501,712,476,699,426,739,470,767,456,797,3.38,82.1,937
0.396476984024048,0.340593248605728,1.17851030826569,1.75071537494659,1.25851714611053,1.0470290184021,0.842441856861115,0.787687003612518,0.75772625207901,0.794165968894959,0.873140871524811,0.861289441585541,0,17.201066916212,29.3386692484297,0,7123,390,527,370,433,318,460,350,496,321,522,5.69,57.2,979
0.401725590229034,0.386208653450012,1.26201272010803,1.64194989204407,1.21456360816956,0.976467967033386,0.856829822063446,0.849527955055237,0,0.7360879778862,0.86963015794754,0.851057887077332,1.09220838546753,-13.8686114391872,28.2681565789867,0,7125,352,453,347,422,286,442,314,479,285,503,15.6,42,999
0.375307738780975,0.351837068796158,1.19985234737396,1.83114683628082,1.28033018112183,0.982401072978973,0.805891990661621,0.830489218235016,0.730524897575378,0.734328866004944,0.834149301052094,0.84297639131546,1.10161352157593,-4.36895312531357,14.4842674435394,0,7127,383,408,362,401,305,411,334,449,305,475,10.7,26.6,1010
0.384943574666977,0.354913353919983,1.19433581829071,1.7036988735199,1.23246884346008,1.04629480838776,0.825569331645966,0.876653373241425,0.806905806064606,0.694085359573364,0.917525768280029,0.83678138256073,1.09955215454102,11.1422142486066,22.0400632561894,0,7129,502,570,441,575,389,608,442,634,421,667,10.9,8.09,1010
0,0,0,0,0,0,0,0,0,0,0,0,0,7.7036450744861,13.2975885566447,0,7131,0,0,0,0,0,0,0,0,0,0,2.64,4.81,1010
0,0,0,0,0,0,0,0,0,0,0,0,0,20.2750337459949,21.7753311182977,0,7134,0,0,0,0,0,0,0,0,0,0,32,12.8,951
0,0,0,0,0,0,0,0,0,0,0,0,0,102.977053100124,103.142189199504,0,7136,0,0,0,0,0,0,0,0,0,0,32.3,42.8,908
0.397982120513916,0.337241232395172,1.19133532047272,1.87163162231445,1.25911712646484,0.979641139507294,0.854767858982086,0.896745920181274,0.894200146198273,0.761851251125336,0.865342140197754,0.85314291715622,1.11221432685852,-3.25521131576268,5.96026187589021,0,7138,439,123,402,141,397,209,445,195,451,235,25.9,44.3,850
0,0,0,0,0,0,0,0,0,0,0,0,0,4.85203571874563,15.0554153909276,0,7140,0,0,0,0,0,0,0,0,0,0,27.3,69.8,785
0,0,0,0,0,0,0,0,0,0,0,0,0,3.2643821345656,15.6220563768841,0,7142,0,0,0,0,0,0,0,0,0,0,24.9,76.6,725
0,0,0,0,0,0,0,0,0,0,0,0,0,-13.0531430244764,17.9098277978052,0,7144,0,0,0,0,0,0,0,0,0,0,13,35.2,656
0,0,0,0,0,0,0,0,0,0,0,0,0,3.6587317569461,9.48025321438048,0,7146,0,0,0,0,0,0,0,0,0,0,16.6,41.9,616
0,0,0,0,0,0,0,0,0,0,0,0,0,-2.26903932247149,12.0242408009907,0,7148,0,0,0,0,0,0,0,0,0,0,14.1,7.39,581
0,0,0,0,0,0,0,0,0,0,0,0,0,11.3794132656522,18.6189464887057,0,7150,0,0,0,0,0,0,0,0,0,0,18.1,31.7,526
0,0,0,0,0,0,0,0,0,0,0,0,0,12.9649461753396,14.5875774518039,0,7152,0,0,0,0,0,0,0,0,0,0,14.5,14.7,518
0.378016948699951,0.403072774410248,1.20128440856934,1.53966450691223,1.1995245218277,1.04229927062988,0.904688537120819,0.843821048736572,0.853551924228668,0.793209850788116,0.938202261924744,0.863196074962616,1.10369074344635,47.2908838078079,61.9059635057128,0,7155,226,385,156,337,138,393,196,399,192,434,19.6,24.3,489
0.372435510158539,0.359722763299942,1.24700379371643,1.69023752212524,1.23787224292755,0.967681407928467,0.835415899753571,0.859958529472351,0.739991903305054,0.748047232627869,0.821418464183807,0.844563066959381,1.0934751033783,17.9263721890458,24.7355391925732,0,7157,457,407,445,387,423,446,473,452,472,489,18.8,23.3,484
0.373482882976532,0.34042751789093,1.20868313312531,1.76591789722443,1.2735687494278,0.972377836704254,0.889302849769592,0.860304296016693,0.755958378314972,0.787817180156708,0.812088906764984,0.839990317821503,1.07380747795105,-5.42652935968329,9.49835137067888,0,7159,468,267,445,261,421,320,470,320,470,362,1.44,30.2,446
0.376005232334137,0.347046077251434,1.23645150661469,1.70988845825195,1.23389172554016,1.02898764610291,0.867602646350861,0.871031761169434,0.803508758544922,0.781561851501465,0.874966263771057,0.85030597448349,1.07007527351379,-1.03453550692922,14.6636992528212,0,7161,474,240,479,204,427,244,470,267,453,299,7.8,25.2,424
0,0,0,0,0,0,0,0,0,0,0,0,0,10.4722101449944,12.1891737595636,0,7163,0,0,0,0,0,0,0,0,0,0,1.89,5.79,403
0.445152789354324,0.354079574346542,1.14097654819489,1.78382194042206,1.21996831893921,1.01292955875397,0.841078460216522,0,0.815371751785278,0.734102547168732,0.926863551139832,0,0,7.22589777589796,9.75156216951934,0,7165,535,173,486,211,430,231,465,266,438,298,7.96,7.87,344
0.369768589735031,0.349337846040726,1.19776403903961,1.71740436553955,1.18491792678833,1.02908790111542,0.899103164672852,0.808859050273895,0.789306342601776,0.776697337627411,0.87125164270401,0.858632028102875,1.0724424123764,2.92020243358952,9.26891627863217,0,7167,372,203,409,202,349,225,382,262,359,288,5.59,4.71,321
0.39984068274498,0.374967992305756,1.21116697788239,1.75126767158508,1.19701433181763,0.917792439460754,1.13839280605316,0.933962285518646,0.730112612247467,0.790573239326477,0.881355941295624,0.871110022068024,0.955041766166687,-14.2814179647873,17.5050856871722,0,7169,194,369,216,414,168,458,217,478,207,514,8.42,10.8,296
0.401357710361481,0.295823693275452,1.18400454521179,1.76539540290833,1.19724798202515,1.06779563426971,0.7999427318573,0.934117674827576,0.695145606994629,0.758302927017212,0.816301882266998,0.835873901844025,1.07399523258209,36.6499341985606,38.1077919565403,0,7171,478,433,444,435,408,478,446,502,423,536,5.37,18.3,248
0.386362314224243,0.337530106306076,1.297248005867,1.62378764152527,1.22293472290039,0.978626370429993,0.864559233188629,0.867134809494019,0.75268816947937,0.78071939945221,0.85590672492981,0.854043126106262,1.06860375404358,-6.55911098355103,19.9479997289476,0,7173,272,361,253,346,257,404,303,391,317,424,5.18,5.31,230
0,0,0,0,0,0,0,0,0,0,0,0,0,2.56934077146029,9.88389200560277,0,7176,0,0,0,0,0,0,0,0,0,0,6.64,4.39,202
0,0,0,0,0,0,0,0,0,0,0,0,0,8.97669881912612,31.2030850963873,0,7178,0,0,0,0,0,0,0,0,0,0,2.62,11,200
0,0,0,0,0,0,0,0,0,0,0,0,0,-42.7004932501843,45.9320837947123,0,7180,0,0,0,0,0,0,0,0,0,0,15,13,178
0.379913717508316,0.337815672159195,1.25119090080261,1.70528435707092,1.24239790439606,0.983116507530212,0.900452494621277,0.845789968967438,0.746330082416534,0.768720805644989,0.827739596366882,0.831215858459473,1.13909947872162,20.1462574894311,23.3060432435624,0,7182,299,592,304,568,345,617,370,575,405,595,10.4,16.5,168
0,0,0,0,0,0,0,0,0,0,0,0,0,14.2069530223852,16.0972545119794,0,7184,0,0,0,0,0,0,0,0,0,0,8.38,20,157
0,0,0,0,0,0,0,0,0,0,0,0,0,-45.3246091419292,47.9168849634791,0,7186,0,0,0,0,0,0,0,0,0,0,13.9,6.79,137
0,0,0,0,0,0,0,0,0,0,0,0,0,20.8651167316341,25.7930125875195,0,7188,0,0,0,0,0,0,0,0,0,0,10.2,7.17,111
0,0,0,0,0,0,0,0,0,0,0,0,0,-12.4162788365995,14.9062997222205,0,7190,0,0,0,0,0,0,0,0,0,0,12.7,5.01,93.9
0.410417973995209,0.335396975278854,1.30198407173157,1.70022809505463,1.27016520500183,0.997649550437927,0.820212781429291,0.905257403850555,0.799748659133911,0.758963227272034,0.828679263591766,0.845300912857056,1.1478728055954,-2.55571528349402,3.95470734290335,0,7192,759,300,731,281,738,338,781,327,795,365,24.2,12.6,74.6
0,0,0,0,0,0,0,0,0,0,0,0,0,-54.2983416381501,63.8299912896078,0,7194,0,0,0,0,0,0,0,0,0,0,37.9,41.2,74.4
0,0,0,0,0,0,0,0,0,0,0,0,0,21.9588689588521,50.7332910438751,0,7197,0,0,0,0,0,0,0,0,0,0,46.8,70.2,109
0,0,0,0,0,0,0,0,0,0,0,0,0,-40.8796960137533,43.1728500638284,0,7199,0,0,0,0,0,0,0,0,0,0,28.6,81.7,147
0,0,0,0,0,0,0,0,0,0,0,0,0,-85.082354709302,85.8940169019687,0,7201,0,0,0,0,0,0,0,0,0,0,54.4,99.2,206
0,0,0,0,0,0,0,0,0,0,0,0,0,-27.8726746551653,29.8056555722464,0,7203,0,0,0,0,0,0,0,0,0,0,61.9,99.3,276
0,0,0,0,0,0,0,0,0,0,0,0,0,-0.046339757405234,17.3935878904893,0,7205,0,0,0,0,0,0,0,0,0,0,53.3,121,370
0,0,0,0,0,0,0,0,0,0,0,0,0,-19.9067256886619,25.4486985629389,0,7207,0,0,0,0,0,0,0,0,0,0,48.3,130,474
0,0,0,0,0,0,0,0,0,0,0,0,0,4.89529776812071,6.4133364124374,0,7209,0,0,0,0,0,0,0,0,0,0,17.7,113,608
0,0,0,0,0,0,0,0,0,0,0,0,0,15.3013707462343,40.1300580715066,0,7211,0,0,0,0,0,0,0,0,0,0,31.6,72.5,725
0,0,0,0,0,0,0,0,0,0,0,0,0,40.9570793665397,42.031356272471,0,7213,0,0,0,0,0,0,0,0,0,0,50.2,17.9,850
0,0,0,0,0,0,0,0,0,0,0,0,0,-16.273098167021,40.5827688530784,0,7215,0,0,0,0,0,0,0,0,0,0,36.1,47,958
0,0,0,0,0,0,0,0,0,0,0,0,0,8.95762977174747,9.38313114904195,0,7217,0,0,0,0,0,0,0,0,0,0,21.8,74.5,1030
0,0,0,0,0,0,0,0,0,0,0,0,0,6.85930785354964,8.66286752700454,0,7220,0,0,0,0,0,0,0,0,0,0,56.4,93,1050
0,0,0,0,0,0,0,0,0,0,0,0,0,-59.3417295051468,140.930785470352,0,7222,0,0,0,0,0,0,0,0,0,0,34,58.9,1030
0,0,0,0,0,0,0,0,0,0,0,0,0,-18.9089706284458,33.4665263715116,0,7224,0,0,0,0,0,0,0,0,0,0,63.7,39.6,925
0,0,0,0,0,0,0,0,0,0,0,0,0,22.3462773934708,26.8053528886173,0,7226,0,0,0,0,0,0,0,0,0,0,8.01,26.4,783
0,0,0,0,0,0,0,0,0,0,0,0,0,-11.6165605850595,12.8974280046327,0,7228,0,0,0,0,0,0,0,0,0,0,21,60.6,626
0,0,0,0,0,0,0,0,0,0,0,0,0,9.27494174284461,29.7785562162906,0,7230,0,0,0,0,0,0,0,0,0,0,42.7,61.1,463
0,0,0,0,0,0,0,0,0,0,0,0,0,30.5113753806003,33.1713112215098,0,7232,0,0,0,0,0,0,0,0,0,0,60.5,51.2,281
0,0,0,0,0,0,0,0,0,0,0,0,0,-203.889072390369,228.927588196591,0,7234,0,0,0,0,0,0,0,0,0,0,19.4,37,167
0,0,0,0,0,0,0,0,0,0,0,0,0,10.7017951595215,14.452710818814,0,7236,0,0,0,0,0,0,0,0,0,0,105,22.1,94.8
0.370819061994553,0.304711729288101,1.66014158725739,1.78729212284088,1.27490603923798,1.01179778575897,0.80758535861969,0.88616555929184,0.707163214683533,0.791760861873627,0.881581485271454,0.864803194999695,1.05716145038605,12.3538845340966,63.287223151538,0,7238,346,150,370,170,429,128,389,117,427,80.9,38.5,63.9,89.7
0.39699587225914,0.319614499807358,1.62115263938904,1.79748058319092,1.32363319396973,1.08753550052643,0.869727075099945,0.805667996406555,0.766165912151337,0.763793647289276,0.827456653118134,0.868276834487915,1.03676271438599,-6.86233310402313,16.1152424263635,0,7241,303,202,328,191,384,146,346,140,385,102,44.9,96.2,86.9
0.350499272346497,0.31296581029892,1.5995786190033,1.78475964069366,1.30147361755371,0.976173937320709,0.905128180980682,0.973568260669708,0.678485989570618,0.804947972297668,0.82984858751297,0.840684533119202,1.07311105728149,4.2422976796258,19.4913485364306,0,7243,304,215,355,200,407,148,366,144,399,105,23.3,68.1,22.9
0.376872330904007,0.328360795974731,1.61124551296234,1.8016459941864,1.29235649108887,0.986285030841827,0.894689440727234,0.842626988887787,0.758842468261719,0.79165643453598,0.82102370262146,0.868494093418121,1.05866956710815,-8.97232804564014,20.2662891497485,0,7245,334,212,354,206,407,153,367,149,401,112,2.43,43.2,100
0.377932250499725,0.322604238986969,1.5845091342926,1.87718331813812,1.3023567199707,1.02490186691284,0.893631935119629,0.873595476150513,0.638506293296814,0.772431433200836,0.812692284584045,0.862601578235626,1.05712902545929,1.38603178098019,18.8112995416821,0,7247,324,244,341,221,387,159,351,159,380,118,6.07,32.3,193
0.338867336511612,0.332889020442963,1.56479215621948,1.79214775562286,1.30520439147949,1.03092408180237,0.871964693069458,0.930629670619965,0.77476692199707,0.839630782604218,0.720265924930573,0.853788316249847,1.01451349258423,-3.65035777752329,10.2520598745505,0,7249,329,260,353,275,374,200,345,211,361,167,0.682,13.2,322
0.355686783790588,0.322183787822723,1.5953403711319,1.75469100475311,1.30464732646942,1.23338723182678,0.847003817558289,0.870939016342163,0.680425524711609,0.818493902683258,0.83683168888092,0.837212800979614,1.01479709148407,-0.571219478247093,17.1866585560418,0,7251,351,262,364,263,384,183,357,193,371,149,1.48,5.76,409
0.402820229530335,0.343962758779526,1.60331726074219,1.87622690200806,1.26328253746033,1.19862055778503,0.871370792388916,0.88553112745285,0.929057896137238,0.803182125091553,0.673756003379822,0.946129322052002,1.01575458049774,8.60771832462721,20.3386804405155,0,7253,365,246,380,269,400,200,374,194,391,157,1.49,4.57,473
0,0,0,0,0,0,0,0,0,0,0,0,0,3.40408588265789,12.0708683841248,0,7255,0,0,0,0,0,0,0,0,0,0,8.44,4.25,524
0.347710907459259,0.309473544359207,1.56906235218048,1.45817494392395,1.22421896457672,1.057741522789,0.879056036472321,0.833220779895783,0.819102346897125,0.758817553520203,0.85157835483551,0.863836705684662,1.12799274921417,-4.13312378614585,8.18337903301207,0,7257,474,265,462,237,469,160,449,163,457,121,2.18,0.711,547
0.41013315320015,0.319484561681747,1.54359865188599,1.7321572303772,1.23084723949432,1.24830460548401,0.851516902446747,0.864639639854431,0.881530225276947,0.81938499212265,0.883214890956879,0.886299669742584,1.03121888637543,10.0805597745408,14.9547500978287,0,7259,466,250,485,265,477,193,449,195,456,152,1.15,6.13,524
0,0,0,0,0,0,0,0,0,0,0,0,0,10.1525533606451,63.4627775013054,0,7262,0,0,0,0,0,0,0,0,0,0,5.53,7.28,469
0,0,0,0,0,0,0,0,0,0,0,0,0,6.05517000702619,8.10798156113053,0,7264,0,0,0,0,0,0,0,0,0,0,7.69,5.26,424
0,0,0,0,0,0,0,0,0,0,0,0,0,7.24058929683833,28.974834514559,0,7266,0,0,0,0,0,0,0,0,0,0,47.2,33.6,323
0,0,0,0,0,0,0,0,0,0,0,0,0,37.8095441033985,106.375215805789,0,7268,0,0,0,0,0,0,0,0,0,0,40.2,49.9,245
0,0,0,0,0,0,0,0,0,0,0,0,0,84.1677672031613,113.169779027277,0,7270,0,0,0,0,0,0,0,0,0,0,66.8,86.1,175
0,0,0,0,0,0,0,0,0,0,0,0,0,21.4022569323195,31.7279857672406,0,7272,0,0,0,0,0,0,0,0,0,0,51.9,88.2,94
0,0,0,0,0,0,0,0,0,0,0,0,0,26.888344268545,28.6587954607938,0,7274,0,0,0,0,0,0,0,0,0,0,56.4,121,108
0,0,0,0,0,0,0,0,0,0,0,0,0,-13.4022472987795,14.8725990103226,0,7276,0,0,0,0,0,0,0,0,0,0,62.5,124,193
0,0,0,0,0,0,0,0,0,0,0,0,0,5.40879923722075,8.50301144742077,0,7278,0,0,0,0,0,0,0,0,0,0,17,106,291
0,0,0,0,0,0,0,0,0,0,0,0,0,49.6743968490161,56.0941025885941,0,7280,0,0,0,0,0,0,0,0,0,0,6.1,94.5,430
0,0,0,0,0,0,0,0,0,0,0,0,0,3.76785803427561,10.9890970116247,0,7283,0,0,0,0,0,0,0,0,0,0,9.54,25.1,625
0.386112362146378,0.33643963932991,1.49093663692474,1.76881265640259,1.21180379390717,1.03980624675751,0.85005259513855,0,0.760820031166077,0.834749639034271,0.836866796016693,0.859069764614105,0,35.8707334818896,60.0664686837831,0,7285,464,100,392,74.9,370,137,413,133,411,180,6.09,6.07,750
0.415106564760208,0.322175621986389,1.48175299167633,1.69385731220245,1.20052778720856,0.981287956237793,0.857558131217957,0.875261604785919,0.791887581348419,0.815607309341431,0.845418870449066,0.874398708343506,1.028275847435,-6.90141572296057,24.3758545231641,0,7287,503,139,474,129,431,182,475,189,464,230,14.4,8.17,846
0,0,0,0,0,0,0,0,0,0,0,0,0,-16.5025374059754,29.586726661945,0,7289,0,0,0,0,0,0,0,0,0,0,6.38,11.1,932
0,0,0,0,0,0,0,0,0,0,0,0,0,120.848270119405,127.108062763749,0,7291,0,0,0,0,0,0,0,0,0,0,21.9,28.6,990
0,0,0,0,0,0,0,0,0,0,0,0,0,19.5927930240781,67.9052348062332,0,7293,0,0,0,0,0,0,0,0,0,0,30.9,28.8,993
0,0,0,0,0,0,0,0,0,0,0,0,0,47.0784505844181,48.0792218987836,0,7295,0,0,0,0,0,0,0,0,0,0,26.4,39.5,978
0.354129612445831,0.333312600851059,1.39417338371277,1.5868045091629,1.21746480464935,0.997286438941956,0.883474051952362,0.893091142177582,0.691080629825592,0.8030686378479,0.903160035610199,0.853311359882355,1.02613604068756,-21.9390261264777,25.8268109852065,0,7297,326,325,313,310,288,377,333,370,333,415,20.4,43.3,933
0,0,0,0,0,0,0,0,0,0,0,0,0,-4.01354584670681,11.6238733674997,0,7299,0,0,0,0,0,0,0,0,0,0,20.7,40,852
0,0,0,0,0,0,0,0,0,0,0,0,0,24.0568843960355,25.5030165665452,0,7301,0,0,0,0,0,0,0,0,0,0,20.5,58,783
0,0,0,0,0,0,0,0,0,0,0,0,0,-23.986697038493,40.9176904798579,0,7304,0,0,0,0,0,0,0,0,0,0,5.85,25.8,655
0,0,0,0,0,0,0,0,0,0,0,0,0,-5.67027843943681,44.7668720200597,0,7306,0,0,0,0,0,0,0,0,0,0,14.8,3.3,598
0.391270667314529,0.314719885587692,1.36154162883759,1.59009790420532,1.17240583896637,0.901679992675781,0,0.870546936988831,0,0.697530150413513,1.77232146263123,0.822922050952911,0,-21.9158835122455,23.8993443130944,0,7308,616,276,638,262,570,237,577,281,544,281,3.62,3.93,540
0.376745194196701,0.296090811491013,1.36607360839844,1.68620014190674,1.18228554725647,0.983646750450134,0.854319870471954,0.846282362937927,0.702771604061127,0.770590364933014,0.982536792755127,0.849181473255158,1.02403175830841,32.3099792515855,38.4311501360897,0,7310,505,356,473,317,433,273,413,313,378,296,28.6,22.5,496
0.492191016674042,0.309814751148224,1.4051628112793,1.53280234336853,1.24661207199097,0.99889475107193,0.916917502880096,0,0.708943665027618,0.801884472370148,0.868777275085449,0.86003577709198,1.09954750537872,25.3328031411727,41.3209702262982,0,7312,510,341,487,305,423,274,428,317,390,309,14.7,24,466
0.382306605577469,0.318378388881683,1.37750685214996,1.60200667381287,1.23237919807434,0.97562438249588,0.891029715538025,0.857099115848541,0.843782126903534,0.793862342834473,0.880817234516144,0.868295252323151,0.984647214412689,8.95505909289439,13.9823860916581,0,7314,481,312,492,288,421,258,424,303,400,299,27.9,18.1,434
0.391588121652603,0.299895405769348,1.42290127277374,1.57209646701813,1.23730254173279,0.9268599152565,0.915275990962982,0.859057664871216,0.736930012702942,0.805674910545349,0.862804889678955,0.867139577865601,0.990866482257843,-1.18724008296496,3.00474385622084,0,7316,489,342,528,319,467,283,469,326,431,319,17.9,34.9,405
0.377009481191635,0.301600277423859,1.34655141830444,1.60932159423828,1.19536137580872,0.960540413856506,0.899999976158142,0.885182797908783,0.735980331897736,0.798076450824738,0.874360084533691,0.871250927448273,0.980149686336517,-0.775603107244451,5.52880632270106,0,7318,566,359,583,330,522,299,523,341,476,335,33.5,43.9,370
0.367918819189072,0.327024310827255,1.34076011180878,1.51047790050507,1.19857919216156,0.975863099098206,0.841158866882324,0.865270256996155,0.824443519115448,0.817353844642639,0.886561930179596,0.876969218254089,1.00280821323395,-17.1404775740069,29.2490930190089,0,7320,557,310,555,267,495,235,493,283,455,276,18.5,56.3,332
0,0,0,0,0,0,0,0,0,0,0,0,0,31.4568009994401,44.8463234443207,0,7322,0,0,0,0,0,0,0,0,0,0,13.1,49.7,287
0,0,0,0,0,0,0,0,0,0,0,0,0,4.35673224717437,28.9487931458818,0,7325,0,0,0,0,0,0,0,0,0,0,40.4,18.5,229
0,0,0,0,0,0,0,0,0,0,0,0,0,3.5773755888545,15.9345818922358,0,7327,0,0,0,0,0,0,0,0,0,0,28,34.2,220
0.370697259902954,0.294374644756317,1.2914971113205,1.59160053730011,1.1556099653244,1.02360010147095,0.88443398475647,0.864950656890869,0.775993466377258,0.740703642368317,0.81844562292099,0.857668817043304,1.00708401203156,1.3334421508417,19.9946083304819,0,7329,444,495,435,465,427,410,387,430,370,386,21,31.5,234
0.391839146614075,0.295285761356354,1.30262446403503,1.58897471427917,1.20381641387939,0.972144722938538,0.869485318660736,0.85858952999115,0.858914732933044,0.779105186462402,0.856534719467163,0.869295060634613,0.969567716121674,0.374367438650215,30.5049838892083,0,7331,477,371,476,317,467,257,424,286,395,254,58.2,13,247
0.388389140367508,0.318270713090897,1.30915510654449,1.65724635124207,1.21772372722626,0.983292400836945,0.911506414413452,0.858706712722778,0.814318001270294,0.775401175022125,0.850199818611145,0.8678959608078,0.983802497386932,0.958143224053806,98.0981833315288,0,7333,559,495,597,523,591,463,550,481,541,445,18,30.7,277
0,0,0,0,0,0,0,0,0,0,0,0,0,0.982464773531985,14.148247811061,0,7335,0,0,0,0,0,0,0,0,0,0,9.82,37.8,288
0,0,0,0,0,0,0,0,0,0,0,0,0,15.132540326083,28.7960385062709,0,7337,0,0,0,0,0,0,0,0,0,0,25.5,32.7,298
0,0,0,0,0,0,0,0,0,0,0,0,0,-5.56398688434344,19.4938951803523,0,7339,0,0,0,0,0,0,0,0,0,0,14.5,6.86,285
0.380839079618454,0.279389142990112,1.26046979427338,1.66473913192749,1.25483667850494,0.997554004192352,0.968242108821869,0.883785665035248,0.720850944519043,0.775160491466522,0.846729636192322,0.836536288261414,0.978039860725403,-18.4222300952057,56.5946665005237,0,7341,532,495,555,488,515,445,494,482,468,465,20.9,16.2,272
0,0,0,0,0,0,0,0,0,0,0,0,0,5.58050404784474,12.8098491878191,0,7343,0,0,0,0,0,0,0,0,0,0,23,8.79,241
0.417182356119156,0.295368045568466,1.2169873714447,1.71119475364685,1.34426140785217,0.988618016242981,0.887041926383972,1.01532256603241,0.73850417137146,0.762687027454376,0.863712728023529,0.851632237434387,0.987055003643036,-6.53158568386761,12.0499732769629,0,7345,555,535,573,526,524,488,516,531,474,517,4.27,13.4,195
0,0,0,0,0,0,0,0,0,0,0,0,0,20.5721265585365,28.7242971100528,0,7348,0,0,0,0,0,0,0,0,0,0,12.5,10.1,140
0.406320422887802,0.312669545412064,1.26385116577148,1.75186848640442,1.36765193939209,0.999277651309967,0.85042154788971,0.952830195426941,0.756463289260864,0.776099979877472,0.86384642124176,0.850094854831696,0.974316120147705,-13.82943541768,18.2361248442412,0,7350,578,533,603,525,552,483,548,527,503,507,1.4,8.93,102
0.410207450389862,0.321433126926422,1.28208255767822,1.60302650928497,1.38258528709412,0.994602859020233,0.901021480560303,1.03238952159882,0.85979574918747,0.773620665073395,0.856277525424957,0.840367496013641,0.988844633102417,-0.243209944794253,1.44471204785702,0,7352,620,546,598,528,555,485,542,530,500,512,7.32,17.4,85.7
0,0,0,0,0,0,0,0,0,0,0,0,0,3.10455317437461,10.299760607655,0,7354,0,0,0,0,0,0,0,0,0,0,6.49,13.2,87.4
0.40689691901207,0.317049473524094,1.3209353685379,1.5815851688385,1.44639003276825,1.06966638565063,0,1.00378322601318,0,0.781343460083008,0.833030879497528,0.860492467880249,1.01061570644379,-0.670846847542969,13.4929412474365,0,7356,525,547,624,539,572,500,569,546,519,536,6.34,10.2,94.7
0.43216735124588,0.298432320356369,1.24969029426575,1.76820194721222,1.30741763114929,1.01350033283234,0.834945797920227,0,0.68476277589798,0.846605539321899,0.867530465126038,0.870617389678955,0.949152529239655,0.409508902850832,0.649998901037639,0,7358,475,554,440,546,376,519,379,560,333,554,10.8,10.2,91.6
0.409549623727798,0.291517108678818,1.24306261539459,1.73258376121521,1.36819529533386,1.02260303497314,0.813592851161957,1.02303075790405,0.687574207782745,0.828038275241852,0.859489440917969,0.893558740615845,0.995975852012634,8.60107829564592,17.661531287038,0,7360,451,552,462,546,392,521,397,559,338,552,4.13,7.58,93.7
0.406786739826202,0.286253660917282,1.22697305679321,1.79685211181641,1.41243731975555,1.0092978477478,0.779782116413116,0.946107804775238,0.730819702148438,0.861932277679443,0.8211829662323,0.878299713134766,0.962093234062195,-3.32979732022552,6.44826450970414,0,7362,453,550,456,545,390,524,397,564,346,567,15.4,3.41,68
0.425069063901901,0.278652787208557,1.23946237564087,1.80379295349121,1.40675663948059,1.08496165275574,0.840647280216217,0.882545948028564,0.648610949516296,0.85320246219635,0.834142506122589,0.895704209804535,0.92570036649704,0.764790785380872,4.93741767813672,0,7364,486,546,495,544,420,528,426,560,371,561,9.9,11.8,65.3
0.471372753381729,0.296085298061371,1.2489595413208,1.8643342256546,1.42308974266052,1.04788529872894,0.858988463878632,0.92754340171814,0.660011351108551,0.884099900722504,0.873520135879517,0.86708277463913,0.970731735229492,-6.23329395326795,10.8380235785113,0,7366,511,546,510,543,430,531,442,558,387,571,1.07,13.8,50.5
0.460218161344528,0.290357947349548,1.23542642593384,1.8981294631958,1.3673700094223,1.13978147506714,0.812625408172607,0.880837380886078,0.711170792579651,0.857530474662781,0.866678714752197,0.863455832004547,0.965624988079071,0.690254129401168,2.82266550982928,0,7369,516,547,506,543,426,532,437,559,380,574,2.11,10,61.1
0.422620296478272,0.286247909069061,1.27626216411591,1.83802247047424,1.44262909889221,1.09987020492554,0.792759716510773,0.899312078952789,0.699724316596985,0.84745067358017,0.851282060146332,0.871958673000336,0.924969553947449,-2.35703827814321,18.4511636495349,0,7371,491,548,517,543,437,534,452,560,391,577,1.77,6.84,71
0.403278529644012,0.305846452713013,1.21881079673767,1.6902174949646,1.28889083862305,0.919421911239624,0,0,0.668486177921295,0.831409215927124,0.899063467979431,0.847782015800476,0,12.5862539499994,18.7399777661445,0,7373,317,637,391,555,342,561,364,599,344,616,7.95,1.35,86.3
0,0,0,0,0,0,0,0,0,0,0,0,0,35.5920554822465,68.1900082744692,0,7375,0,0,0,0,0,0,0,0,0,0,10.1,6.42,93.8
0,0,0,0,0,0,0,0,0,0,0,0,0,6.59010144887301,28.8381247030436,0,7377,0,0,0,0,0,0,0,0,0,0,5.81,4.5,94
0,0,0,0,0,0,0,0,0,0,0,0,0,8.67103456977199,31.1955870752834,0,7379,0,0,0,0,0,0,0,0,0,0,9.6,15.5,87.4
0,0,0,0,0,0,0,0,0,0,0,0,0,-99.6369346821528,142.842080216171,0,7381,0,0,0,0,0,0,0,0,0,0,28.8,16.4,77.7
0,0,0,0,0,0,0,0,0,0,0,0,0,-22.7400222451979,27.1855126708001,0,7383,0,0,0,0,0,0,0,0,0,0,15.5,36.6,57
0.329260528087616,0.301064819097519,1.31279730796814,1.52667856216431,1.22626614570618,0.949657917022705,0.801163911819458,0.826109051704407,0.949999988079071,0.741981446743012,0.798152625560761,0.834305763244629,1.06763279438019,-18.6105925209375,25.2255559272002,0,7385,395,444,413,461,469,432,428,406,455,377,8.14,27,38.7
0.337208956480026,0.310729920864105,1.27490270137787,1.51660513877869,1.23253953456879,0.963394820690155,0.787003636360168,0.828845143318176,0.699357867240906,0.77164363861084,0.805459022521973,0.845750868320465,1.01947796344757,19.9986447023949,21.2353442869355,0,7387,468,429,498,456,550,421,506,396,535,369,24.9,12.8,26.3
0.351562321186066,0.320352584123611,1.32520604133606,1.6747270822525,1.24938571453094,0.976623773574829,0.81535929441452,0.792207777500153,0.878504693508148,0.76071834564209,0.82744312286377,0.858281373977661,1.0241003036499,6.65201989604383,15.1982836637962,0,7390,539,442,551,482,605,456,563,428,589,395,31,9.21,52.2
0.348241478204727,0.297021239995956,1.24185824394226,1.59729039669037,1.24336934089661,0.968506336212158,0.807432949542999,0.865548193454742,0.675370931625366,0.754324197769165,0.823018670082092,0.836518347263336,1.03840494155884,48.1322084059547,48.2747885948747,0,7392,436,439,442,458,501,422,456,400,484,368,11.8,16.1,82.2
0,0,0,0,0,0,0,0,0,0,0,0,0,44.170202503876,62.2570024861714,0,7394,0,0,0,0,0,0,0,0,0,0,4.68,25.5,120
0,0,0,0,0,0,0,0,0,0,0,0,0,6.55793149380008,7.00504130640409,0,7396,0,0,0,0,0,0,0,0,0,0,7.51,15.3,147
0,0,0,0,0,0,0,0,0,0,0,0,0,-13.4477263846896,51.4473569525079,0,7398,0,0,0,0,0,0,0,0,0,0,20,5.28,180
0,0,0,0,0,0,0,0,0,0,0,0,0,24.8957019625957,36.3686864458469,0,7400,0,0,0,0,0,0,0,0,0,0,25.4,20.9,191
0.373705208301544,0.297194093465805,1.233962059021,1.7047084569931,1.19221675395966,0.978681564331055,0.862886309623718,0.835562229156494,0.906641900539398,0.765575349330902,0.82928591966629,0.846270263195038,0.980303764343262,44.0953956529562,60.1538230623558,0,7402,482,200,485,232,551,220,519,182,551,167,28.6,48.2,195
0.434577584266663,0.293052196502686,1.27287530899048,1.69610869884491,1.24716258049011,0.962908089160919,0.894169569015503,0.872421383857727,0.678234994411469,0.758253693580627,0.822273135185242,0.841795384883881,1.01761257648468,-11.0763347528689,94.6860922563402,0,7404,384,214,373,266,436,233,398,212,432,181,21.2,29.4,193
0.385805934667587,0.284283250570297,1.27195465564728,1.81154608726501,1.1976420879364,0.970404744148254,0.825164616107941,0.863254010677338,0.871618270874023,0.751484990119934,0.825880110263824,0.833744764328003,1.02700245380402,-1.03144565789104,26.8566955227463,0,7406,393,266,414,275,467,248,433,215,465,187,43.3,15.9,173
0.442014694213867,0.304569661617279,1.28670799732208,1.58719074726105,1.15665340423584,1.03816330432892,0.856043815612793,0.866125762462616,0,0.757634699344635,0.819597661495209,0.844158053398132,1.01060450077057,-53.3418233034724,61.9102352544779,0,7408,408,275,448,295,491,259,452,233,476,201,12.5,24.6,139
0.42846754193306,0.337250083684921,1.28795087337494,1.5443297624588,1.17639112472534,1.14055299758911,0.87168288230896,0.832939207553864,0.814742028713226,0.736679911613464,0.851646602153778,0.84080570936203,1.02529156208038,80.8341280501701,88.998586996893,0,7411,460,199,468,223,519,193,491,162,512,132,10.6,43.4,105
0,0,0,0,0,0,0,0,0,0,0,0,0,0.711931086724378,17.357092335334,0,7413,0,0,0,0,0,0,0,0,0,0,4.53,28.1,85.6
0,0,0,0,0,0,0,0,0,0,0,0,0,14.1020156812129,20.9078908911692,0,7415,0,0,0,0,0,0,0,0,0,0,12.6,9.6,69.3
0,0,0,0,0,0,0,0,0,0,0,0,0,-47.7398944141095,73.8975488090622,0,7417,0,0,0,0,0,0,0,0,0,0,1.65,2.93,69.2
0.357507109642029,0.315661251544952,1.21612751483917,1.60218894481659,1.21102273464203,0.964763879776001,0.903678953647614,0.855593860149384,0.767902374267578,0.792422771453857,0.835024952888489,0.868295907974243,1.07565677165985,-40.8877437499778,58.6822075724558,0,7419,110,427,118,443,96.6,387,58.5,418,33.3,387,14.2,17.4,78.5
0,0,0,0,0,0,0,0,0,0,0,0,0,88.975915675137,97.7317703181343,0,7421,0,0,0,0,0,0,0,0,0,0,55.4,30.9,59.4
0,0,0,0,0,0,0,0,0,0,0,0,0,-64.3622768485318,74.2275869128545,0,7423,0,0,0,0,0,0,0,0,0,0,42.4,71.1,79
0,0,0,0,0,0,0,0,0,0,0,0,0,-40.5432184127382,68.8528677590566,0,7425,0,0,0,0,0,0,0,0,0,0,11.1,66.3,72
0,0,0,0,0,0,0,0,0,0,0,0,0,-47.3580193311501,64.4999533773045,0,7427,0,0,0,0,0,0,0,0,0,0,24,53,59.9
0,0,0,0,0,0,0,0,0,0,0,0,0,132.874544633885,144.831397402502,0,7429,0,0,0,0,0,0,0,0,0,0,21.6,44.6,98.4
0,0,0,0,0,0,0,0,0,0,0,0,0,-32.4109158207592,81.6633942565921,0,7432,0,0,0,0,0,0,0,0,0,0,61.8,27,145
0,0,0,0,0,0,0,0,0,0,0,0,0,-2.08576940416015,25.8650377601029,0,7434,0,0,0,0,0,0,0,0,0,0,85.2,37.3,194
0,0,0,0,0,0,0,0,0,0,0,0,0,0.685511723786702,16.9695965208045,0,7436,0,0,0,0,0,0,0,0,0,0,90.2,78.5,236
0,0,0,0,0,0,0,0,0,0,0,0,0,-8.71591010914187,21.2246641116618,0,7438,0,0,0,0,0,0,0,0,0,0,38.4,83.8,321
0,0,0,0,0,0,0,0,0,0,0,0,0,6.47811813948887,34.9903193883292,0,7440,0,0,0,0,0,0,0,0,0,0,52.5,55,371
0,0,0,0,0,0,0,0,0,0,0,0,0,33.2022625976289,103.814314005916,0,7442,0,0,0,0,0,0,0,0,0,0,6.61,44.5,427
0,0,0,0,0,0,0,0,0,0,0,0,0,-12.6413374271259,19.8688552571544,0,7444,0,0,0,0,0,0,0,0,0,0,72.9,22.3,471
0,0,0,0,0,0,0,0,0,0,0,0,0,-33.5868624946277,45.5908107423468,0,7446,0,0,0,0,0,0,0,0,0,0,16.8,26.4,505
0,0,0,0,0,0,0,0,0,0,0,0,0,56.5641010734417,70.1735913050389,0,7448,0,0,0,0,0,0,0,0,0,0,10.4,49.4,533
0,0,0,0,0,0,0,0,0,0,0,0,0,45.8094130489388,67.1505006930458,0,7450,0,0,0,0,0,0,0,0,0,0,16.5,32.5,566
0,0,0,0,0,0,0,0,0,0,0,0,0,62.4411046975292,99.7308671535717,0,7453,0,0,0,0,0,0,0,0,0,0,48.9,31.1,550
0,0,0,0,0,0,0,0,0,0,0,0,0,32.5706077008583,117.5046984993,0,7455,0,0,0,0,0,0,0,0,0,0,33.5,55.7,532
0,0,0,0,0,0,0,0,0,0,0,0,0,-22.0182513476473,35.2929330459225,0,7457,0,0,0,0,0,0,0,0,0,0,15.5,61.9,496
0,0,0,0,0,0,0,0,0,0,0,0,0,-61.3025528331187,78.1463813544091,0,7459,0,0,0,0,0,0,0,0,0,0,38.3,41.2,449
0,0,0,0,0,0,0,0,0,0,0,0,0,53.740561718007,61.4403709131232,0,7461,0,0,0,0,0,0,0,0,0,0,27.7,34.2,392
0.452150076627731,0.323402106761932,1.18759572505951,1.70589447021484,1.22329092025757,0.994515120983124,0.980990648269653,0,0.774702668190002,0.818579196929932,0.894558668136597,0.876034140586853,0.983824908733368,-16.881299102233,63.4085536931131,0,7463,145,163,99.6,203,130,250,161,218,187,248,13.2,32.9,345
0,0,0,0,0,0,0,0,0,0,0,0,0,34.6053131618692,42.56323341842,0,7465,0,0,0,0,0,0,0,0,0,0,46.5,23.4,297
0.372076451778412,0.325719684362411,1.1813371181488,1.75553822517395,1.29010617733002,0.97649085521698,0.92711067199707,0.877960860729218,0.804809629917145,0.778490960597992,0.906692266464233,0.856257259845734,1.03437495231628,12.5981755236488,14.6515864774115,0,7467,308,146,269,144,312,185,326,143,362,161,37.4,18.8,250
0.425641059875488,0.317232072353363,1.18426966667175,1.70040130615234,1.23810005187988,1.01212418079376,0.972618520259857,0,0.755102038383484,0.791398286819458,0.850392043590546,0.865894794464111,0.965944290161133,14.7910964858227,21.6342412158098,0,7469,283,267,241,293,290,334,296,287,342,302,19.3,37.4,254
0,0,0,0,0,0,0,0,0,0,0,0,0,-138.150219605237,146.987024679304,0,7471,0,0,0,0,0,0,0,0,0,0,8.95,48.2,264
0,0,0,0,0,0,0,0,0,0,0,0,0,0.928184852003172,61.9871555342208,0,7474,0,0,0,0,0,0,0,0,0,0,14,10.5,257
0.381001055240631,0.276225030422211,1.21405780315399,1.67645359039307,0,1.02418839931488,0.84963470697403,0,0,0.494399309158325,0.815943717956543,0.924292862415314,0.872622489929199,49.8339315559554,50.9321019377468,0,7476,265,184,347,265,299,309,345,323,0,0,39,31.7,265
0.393107622861862,0.308683216571808,1.22233164310455,1.64276230335236,1.27399396896362,1.01564729213715,0.915811061859131,0.848029255867004,0.861564457416534,0.774143874645233,0.836986005306244,0.827309250831604,1.0264790058136,13.2630226688512,14.8648185533673,0,7478,646,268,604,266,541,278,566,309,518,323,26.6,9.94,251
0,0,0,0,0,0,0,0,0,0,0,0,0,-49.1791282104033,52.6378696828269,0,7480,0,0,0,0,0,0,0,0,0,0,22.2,8.68,237
0,0,0,0,0,0,0,0,0,0,0,0,0,5.67306443409463,18.76146485845,0,7482,0,0,0,0,0,0,0,0,0,0,24.8,11.7,210
0,0,0,0,0,0,0,0,0,0,0,0,0,34.8662540275868,40.4322446593894,0,7484,0,0,0,0,0,0,0,0,0,0,34,15,183
0,0,0,0,0,0,0,0,0,0,0,0,0,-0.664173284020387,23.2512175790852,0,7486,0,0,0,0,0,0,0,0,0,0,8.97,13.6,159
0,0,0,0,0,0,0,0,0,0,0,0,0,16.9564614678011,17.6528868821788,0,7488,0,0,0,0,0,0,0,0,0,0,33.7,16.4,146
0,0,0,0,0,0,0,0,0,0,0,0,0,51.8868908486515,52.2803057120299,0,7490,0,0,0,0,0,0,0,0,0,0,43.2,32.1,129
0,0,0,0,0,0,0,0,0,0,0,0,0,29.6618081733184,40.1940575341769,0,7492,0,0,0,0,0,0,0,0,0,0,27.4,54.7,120
0,0,0,0,0,0,0,0,0,0,0,0,0,-16.5674439066466,69.7291768464374,0,7494,0,0,0,0,0,0,0,0,0,0,59.7,92.8,146
0.383493930101395,0.326244354248047,0.813333332538605,1.64136183261871,1.12141513824463,1.02937471866608,0,0.869272232055664,0.988240838050842,0.796919882297516,0.989795923233032,0.87194836139679,0.866984307765961,22.1984420196279,24.0097759841338,0,7497,171,472,172,550,190,588,227,564,252,592,22.1,103,196
0,0,0,0,0,0,0,0,0,0,0,0,0,3.16370325868947,37.725670724414,0,7499,0,0,0,0,0,0,0,0,0,0,10.3,82.5,235
0,0,0,0,0,0,0,0,0,0,0,0,0,-60.2463253505642,77.838603756366,0,7501,0,0,0,0,0,0,0,0,0,0,9.53,55.5,300
0,0,0,0,0,0,0,0,0,0,0,0,0,-64.6141361325598,90.1571554632283,0,7503,0,0,0,0,0,0,0,0,0,0,24.9,33.2,387
0,0,0,0,0,0,0,0,0,0,0,0,0,-16.3816699520828,24.9170356467816,0,7505,0,0,0,0,0,0,0,0,0,0,38.6,27.2,455
0.460495889186859,0.30023655295372,1.17656779289246,1.61043977737427,0,1.01136291027069,0.870229005813599,0.846765041351318,0.682679653167725,0.746024906635284,0.858989894390106,0.859317123889923,0.916964948177338,35.065445223427,87.0593091221818,0,7507,368,131,339,164,277,174,297,211,0,0,8.05,35.8,515
0,0,0,0,0,0,0,0,0,0,0,0,0,-3.82639366092089,6.31741624689584,0,7509,0,0,0,0,0,0,0,0,0,0,68.7,45.7,587
0,0,0,0,0,0,0,0,0,0,0,0,0,-9.72803738243845,13.6179936567469,0,7511,0,0,0,0,0,0,0,0,0,0,38.9,53.2,620
0.39928150177002,0.334550708532333,1.20163381099701,1.61007070541382,1.31771099567413,0.985580086708069,0.814904451370239,0.878721833229065,0.754945039749146,0.79196560382843,0.862171173095703,0.84998345375061,1.01238667964935,-58.1423248732047,75.3055165836015,0,7513,337,285,300,293,246,315,273,344,241,376,33.5,73.7,603
0,0,0,0,0,0,0,0,0,0,0,0,0,3.57690347615915,5.62575232093253,0,7515,0,0,0,0,0,0,0,0,0,0,8.18,50.2,605
0.364132106304169,0.334553867578506,1.28469002246857,1.48753833770752,1.3368331193924,1.01101624965668,0.859485507011414,0.786516845226288,0.85767787694931,0.846780478954315,0,0,0.843424022197723,4.89961872941316,15.1556902226795,0,7518,337,518,308,509,267,556,306,572,291,608,23.8,16.6,518
0,0,0,0,0,0,0,0,0,0,0,0,0,66.5427809718992,100.647045935804,0,7520,0,0,0,0,0,0,0,0,0,0,15.5,18.1,439
0,0,0,0,0,0,0,0,0,0,0,0,0,-2.78647815233587,24.4081113118973,0,7522,0,0,0,0,0,0,0,0,0,0,13.8,15.7,348
0,0,0,0,0,0,0,0,0,0,0,0,0,23.8951734922093,41.5220018802567,0,7524,0,0,0,0,0,0,0,0,0,0,22.6,27.2,314
0,0,0,0,0,0,0,0,0,0,0,0,0,30.4039116567118,55.4283536346985,0,7526,0,0,0,0,0,0,0,0,0,0,32.4,30,285
0.351704001426697,0.331306964159012,1.24178183078766,1.52865183353424,1.26699709892273,0.957489430904388,0.779473304748535,0.863541662693024,0.692590236663818,0.809721648693085,0.834958970546722,0.843822181224823,1.05761790275574,15.0082529755526,38.6201476708314,0,7528,519,175,496,171,454,217,501,236,489,273,24.1,47.2,269
0.342360883951187,0.311920940876007,1.24131512641907,1.48986649513245,1.23812699317932,0.956674993038178,0.823245346546173,0.83939391374588,0.874547839164734,0.802200734615326,0.81060117483139,0.845712780952454,1.03191709518433,30.507344997446,31.0300086058321,0,7530,521,284,484,259,444,307,485,328,465,361,39.9,79.9,310
0.363166153430939,0.321903824806213,1.24796521663666,1.49311625957489,1.23251855373383,0.989444553852081,0.823006212711334,0.885059595108032,0.833333313465118,0.76454359292984,0.806671440601349,0.855619966983795,1.0743145942688,1.70021417258548,1.7249217856501,0,7532,476,455,440,430,397,477,437,494,419,526,31.8,75.2,289
0.377195000648499,0.323528081178665,1.2893408536911,1.41436362266541,1.20711505413055,0.973328649997711,0.806430578231812,0.849737048149109,0.672098457813263,0.781676054000855,0.831717669963837,0.846825182437897,1.08868861198425,-1.57787648063733,10.2743176413801,0,7534,468,404,435,383,387,419,427,445,404,478,5.21,59.5,267
0.403581947088242,0.321153372526169,1.24776196479797,1.47844421863556,1.07505142688751,0.991914629936218,0,0.855380833148956,0.812927305698395,0.770155251026154,0.835294127464294,0.836669027805328,1.12077295780182,1.35109403237603,5.49075656482853,0,7536,522,462,509,508,483,554,521,568,512,605,15.3,53.2,268
0.344266086816788,0.303978323936462,1.2413078546524,1.51725292205811,1.24346101284027,0.983923435211182,0.820752918720245,0.809462904930115,0.719952344894409,0.783499300479889,0.815276622772217,0.832250475883484,1.18626809120178,-1.42252192718563,8.45835065370515,0,7539,412,375,401,369,409,431,454,410,471,449,2.1,35.8,306
0,0,0,0,0,0,0,0,0,0,0,0,0,10.2369326457744,12.6445035954166,0,7541,0,0,0,0,0,0,0,0,0,0,1.52,13.9,366
0.34579211473465,0.327823877334595,1.25973618030548,1.48691475391388,1.27770280838013,0.989105224609375,0.794048428535461,0.830638945102692,0.851054847240448,0.754789292812347,0.842060446739197,0.835834741592407,1.18181812763214,17.8431473764117,18.4610463799155,0,7543,506,552,483,543,455,598,499,603,494,645,6.04,10.4,434
0,0,0,0,0,0,0,0,0,0,0,0,0,4.81112459679512,4.90278907202804,0,7545,0,0,0,0,0,0,0,0,0,0,1.8,5.27,511
0.367515712976456,0.36934095621109,1.22639727592468,1.45007729530334,1.22580647468567,1.01214253902435,0,0.854838728904724,0.883706092834473,0.69383043050766,0,0,0.891980350017548,13.8106858670481,15.9531195714727,0,7547,460,366,431,397,386,436,427,455,414,488,6.32,6.57,559
0,0,0,0,0,0,0,0,0,0,0,0,0,-76.4647307704426,78.0975445061452,0,7549,0,0,0,0,0,0,0,0,0,0,30.2,15.8,556
0,0,0,0,0,0,0,0,0,0,0,0,0,38.2672764757164,51.6380669605201,0,7551,0,0,0,0,0,0,0,0,0,0,43.5,29.4,565
0,0,0,0,0,0,0,0,0,0,0,0,0,41.6672132193753,42.1480378352114,0,7553,0,0,0,0,0,0,0,0,0,0,15.5,32.6,546
0.376522660255432,0.376356959342957,1.21941542625427,1.35352003574371,1.19107365608215,1.02190172672272,0.826638460159302,0.821151733398438,0,0.794046640396118,0,0.73883318901062,0,10.6654440261781,11.637800155264,0,7555,105,383,52,382,109,400,118,360,160,361,23.9,26.9,462
0.811134576797485,0,1.22657096385956,0.929864823818207,1.27443134784698,1.01917541027069,0,0.88702929019928,0,0.943786978721619,1.00910007953644,1.04550755023956,0.951353490352631,-61.6372332922046,131.000958212569,0,7557,744,92,0,0,695,178,682,138,747,145,34.7,15.9,387
0,0,0,0,0,0,0,0,0,0,0,0,0,-2.57470649451507,71.5977813760479,0,7560,0,0,0,0,0,0,0,0,0,0,33.2,8.85,266
0,0,0,0,0,0,0,0,0,0,0,0,0,-53.8285301325798,67.2801432288383,0,7562,0,0,0,0,0,0,0,0,0,0,58,20.9,171
0,0,0,0,0,0,0,0,0,0,0,0,0,73.4941089472523,88.2715012007646,0,7564,0,0,0,0,0,0,0,0,0,0,17.1,43.1,73.1
0,0,0,0,0,0,0,0,0,0,0,0,0,48.2399415721897,72.8818498317073,0,7566,0,0,0,0,0,0,0,0,0,0,22.5,55.3,29.6
0,0,0,0,0,0,0,0,0,0,0,0,0,30.822778885683,30.8245684536746,0,7568,0,0,0,0,0,0,0,0,0,0,26.4,24.9,79.3
0,0,0,0,0,0,0,0,0,0,0,0,0,22.7604965343801,24.1082624379033,0,7570,0,0,0,0,0,0,0,0,0,0,65.6,28,121
0,0,0,0,0,0,0,0,0,0,0,0,0,-13.0303705886385,19.9482215248749,0,7572,0,0,0,0,0,0,0,0,0,0,58.6,63.2,152
0.369467407464981,0.333361566066742,1.29341995716095,1.42594170570374,1.27582228183746,1.08836936950684,0.866666674613953,0.862328767776489,0.942952990531921,0.732682764530182,0.944444417953491,0.837474644184113,0,-16.5078206805532,22.3337037067537,0,7574,325,316,342,315,407,336,405,292,452,282,15.5,69.2,155
0,0,0,0,0,0,0,0,0,0,0,0,0,5.49714343166828,22.2531880390366,0,7576,0,0,0,0,0,0,0,0,0,0,21.6,60.9,154
0,0,0,0,0,0,0,0,0,0,0,0,0,-16.0356111552357,22.5362554625631,0,7578,0,0,0,0,0,0,0,0,0,0,44.2,43.8,117
0,0,0,0,0,0,0,0,0,0,0,0,0,17.6741890454527,38.0144196827826,0,7581,0,0,0,0,0,0,0,0,0,0,28.7,54.8,59.8
0,0,0,0,0,0,0,0,0,0,0,0,0,35.1236590977047,64.0671187137575,0,7583,0,0,0,0,0,0,0,0,0,0,11.9,40.3,67.8
0,0,0,0,0,0,0,0,0,0,0,0,0,41.2317616410325,46.5454174653875,0,7585,0,0,0,0,0,0,0,0,0,0,34.2,47.4,144
0,0,0,0,0,0,0,0,0,0,0,0,0,37.1619941466119,92.0116535525838,0,7587,0,0,0,0,0,0,0,0,0,0,42.8,57.2,239
0.391032993793488,0.385833650827408,1.23137009143829,1.57646548748016,1.29493153095245,1.00043916702271,0.884731471538544,0.907697319984436,0.478901147842407,0.854680061340332,0.861820101737976,0.887196123600006,1.22941291332245,49.9065379747834,55.4771793117834,0,7589,246,272,208,219,186,279,234,281,234,319,53.9,71.8,325
0.362792789936066,0.380429655313492,1.25129997730255,1.57071840763092,1.27678787708282,1.01608324050903,0.866795361042023,0.872772812843323,0.836787223815918,0.806511580944061,0.833333313465118,0.878477156162262,1.17297506332397,58.5536377165093,79.5927215805214,0,7591,237,370,226,377,200,432,248,439,235,481,74.1,106,433
0.414907932281494,0.389519274234772,1.2510039806366,1.50197947025299,1.30905508995056,1.08228480815887,0.857477307319641,0.884328365325928,0.807526350021362,0.805578529834747,0.842909097671509,0.871244251728058,1.24192452430725,-25.0824482594155,28.6298670554975,0,7593,405,276,417,252,407,313,456,307,461,347,63.2,122,527
0.37496292591095,0.351607650518417,1.24736189842224,1.58779919147491,1.39011836051941,1.0054851770401,0.892547130584717,0.780375003814697,0.798810839653015,0.822746098041534,0.83592563867569,0.875872373580933,1.18456602096558,-0.057023444380858,1.44022427425404,0,7595,472,175,476,184,447,244,493,247,485,286,39,141,628
0,0,0,0,0,0,0,0,0,0,0,0,0,20.1810008081763,21.0757841243298,0,7597,0,0,0,0,0,0,0,0,0,0,36.6,128,739
0,0,0,0,0,0,0,0,0,0,0,0,0,30.5207671745089,32.3995280164795,0,7599,0,0,0,0,0,0,0,0,0,0,28,78.7,831
0,0,0,0,0,0,0,0,0,0,0,0,0,-68.283007243899,74.0142186977345,0,7602,0,0,0,0,0,0,0,0,0,0,48.8,47.3,971
0,0,0,0,0,0,0,0,0,0,0,0,0,150.318243367577,159.849443025164,0,7604,0,0,0,0,0,0,0,0,0,0,60.3,65.2,1060
0,0,0,0,0,0,0,0,0,0,0,0,0,84.4160292456312,85.9826954479276,0,7606,0,0,0,0,0,0,0,0,0,0,119,72.1,1150
0,0,0,0,0,0,0,0,0,0,0,0,0,-75.8407249835693,76.6159656756683,0,7608,0,0,0,0,0,0,0,0,0,0,26.9,55.9,1180
0,0,0,0,0,0,0,0,0,0,0,0,0,31.1171031271562,33.4297754015312,0,7610,0,0,0,0,0,0,0,0,0,0,37.4,77,1200
0,0,0,0,0,0,0,0,0,0,0,0,0,16.5483127870106,16.800600880238,0,7612,0,0,0,0,0,0,0,0,0,0,26.8,27.8,1230
0,0,0,0,0,0,0,0,0,0,0,0,0,58.6669517089464,60.5876405580664,0,7614,0,0,0,0,0,0,0,0,0,0,14.8,24.3,1210
0.391220390796661,0.352211266756058,1.20009338855743,1.79110097885132,1.39425075054169,0.995042622089386,1.14254677295685,0.827054798603058,0.814619719982147,0.781805098056793,0.848595023155212,0.856797635555267,0,19.4777398988947,20.70287994577,0,7616,445,237,434,281,410,339,453,343,454,376,8.76,28,1150
0.352011889219284,0.371408075094223,1.2025191783905,1.7149133682251,1.56331264972687,0.924608826637268,0.907098591327667,0.856538116931915,0.84315949678421,0.82137256860733,0.854221642017365,0.852877855300903,1.19516730308533,23.6528709112783,23.7401035051381,0,7618,468,175,463,133,441,194,488,199,485,234,53.5,49,1140
0,0,0,0,0,0,0,0,0,0,0,0,0,39.8741861559858,40.4265448938341,0,7620,0,0,0,0,0,0,0,0,0,0,63.3,80.4,1070
0,0,0,0,0,0,0,0,0,0,0,0,0,21.6153430467948,22.9400983357404,0,7622,0,0,0,0,0,0,0,0,0,0,13.7,80.9,1000
0.361935079097748,0.347922444343567,1.15348017215729,1.79173862934113,1.53148925304413,0.991810083389282,0,0.767837345600128,0.824650049209595,0.796879172325134,0.842390239238739,0.875091314315796,0.911051213741303,9.71509381679424,20.9544964821303,0,7625,258,256,263,298,247,353,299,345,306,385,12.6,62.4,918
0,0,0,0,0,0,0,0,0,0,0,0,0,-40.1863174950817,40.6579819721833,0,7627,0,0,0,0,0,0,0,0,0,0,37.1,67.2,911
0.452831834554672,0.352720707654953,1.16811501979828,1.9184981584549,1.58523511886597,0.996273458003998,0.869588732719421,0.893851697444916,0.778228938579559,0.784008145332336,0.804307878017426,0.854140996932983,1.09930813312531,22.3406915124105,57.5149479350857,0,7629,592,269,559,275,533,330,577,338,566,383,25.4,58.7,864
0.363724440336227,0.340157568454742,1.18766343593597,1.77575433254242,1.55051028728485,0.991724967956543,0.908846616744995,0.84067976474762,0.728724479675293,0.784896790981293,0.865037798881531,0.851389765739441,1.13995385169983,-7.75161627690137,33.5183424069557,0,7631,507,242,438,249,433,313,482,306,488,345,34,65.6,862
0.359296560287476,0.370415240526199,1.12320840358734,1.87897944450378,1.5625491142273,0.99322372674942,0.874462008476257,0.864974141120911,0.856425702571869,0.781798183917999,0.863989412784576,0.867276787757874,1.13005721569061,-49.6880509320894,50.3417330082719,0,7633,342,222,361,193,334,255,383,253,398,294,11.9,53.9,875
0.390971511602402,0.343522518873215,1.14595878124237,1.81992590427399,1.10885608196259,0.968227863311768,0.853884100914001,0,0.686852931976318,0.593617498874664,0.887868106365204,0.856219351291657,0.836680054664612,-115.696360752017,116.760608687995,0,7635,467,190,500,239,461,296,509,305,505,333,19.5,43.5,882
0.361265987157822,0.372558891773224,1.14799523353577,1.8731437921524,1.65875232219696,1.00981986522675,0,0.886550188064575,0.657197594642639,0.789544880390167,0.830427348613739,0.864190399646759,1.1381539106369,259.222155264842,264.803438142743,0,7637,478,229,494,212,472,284,516,279,521,301,16.5,25.7,872
0,0,0,0,0,0,0,0,0,0,0,0,0,-7.08602994092599,88.597925640625,0,7639,0,0,0,0,0,0,0,0,0,0,28.1,6.46,905
0.395802557468414,0.34341749548912,1.12422943115234,2.0258777141571,1.54825627803803,1.08215355873108,0.888746798038483,0.894574165344238,0.784103095531464,0.802314758300781,0.83676153421402,0.866015791893005,1.18615365028381,9.4491821203753,10.7872836188066,0,7641,453,358,386,356,356,404,401,415,379,462,8.01,26.9,891
0.423615366220474,0.342926323413849,1.17957377433777,1.86833536624908,1.59776532649994,0.982760727405548,0.821150839328766,0.929090917110443,0.652611374855042,0.830220997333527,0.841037690639496,0.878019571304321,1.04581356048584,54.9927757459708,142.130624337093,0,7643,499,338,441,332,415,387,456,396,457,428,11.7,26.1,859
0,0,0,0,0,0,0,0,0,0,0,0,0,64.3768489193272,113.33881410778,0,7646,0,0,0,0,0,0,0,0,0,0,28.4,39.5,848
0,0,0,0,0,0,0,0,0,0,0,0,0,370.357530003223,394.758285564081,0,7648,0,0,0,0,0,0,0,0,0,0,27.9,31,804
0.379445344209671,0.334060311317444,1.10944664478302,1.99775922298431,0,0.996806502342224,0.7951420545578,0.872127294540405,0,2.55501222610474,1.07462692260742,0.816098392009735,1.24226808547974,-22.0232420630012,22.9207015769779,0,7650,327,370,276,413,262,471,308,462,0,0,17,5.57,709
0.375103443861008,0.377129912376404,1.12683355808258,1.95373916625977,1.58766615390778,0.974344491958618,0.778474032878876,0.902790307998657,0.878275096416473,0.809101819992065,0.832919538021088,0.869855225086212,1.10333681106567,-26.9188724229242,35.6210978638696,0,7652,416,308,410,319,362,375,414,387,410,419,12.9,22.3,677
0.383870422840118,0.329809814691544,1.12077295780182,1.94503390789032,1.58972871303558,1.00840425491333,0.815338015556335,0.881215453147888,0.703908383846283,0.813861727714539,0,0.856549501419067,1.03381645679474,5.12246289313857,10.4029347671926,0,7654,460,317,407,314,375,363,418,375,409,416,14.5,23.4,620
0.379515945911407,0.357374519109726,1.1591295003891,1.93162155151367,1.63728106021881,0.987609207630158,0.962864696979523,0,0.671966254711151,0.857788622379303,0.832025110721588,0.867871284484863,0.941326558589935,11.3382761641614,14.8541976805128,0,7656,504,271,439,238,435,303,481,295,489,335,8.31,13.6,564
0.367310613393784,0.375327795743942,1.13287222385407,1.97592854499817,1.49862813949585,0.957798898220062,0.822651922702789,0.891352534294128,0.854381442070007,0.806903302669525,0.839108884334564,0.845480382442474,1.11194384098053,-2.91715875204118,3.66989236067496,0,7658,389,316,377,286,374,343,419,337,432,374,8.32,43.5,532
0.335719883441925,0.343578517436981,1.09597146511078,1.96437203884125,1.54975509643555,1.00644779205322,0.905392467975616,0.897326231002808,0.738869309425354,0.805043935775757,0.859858930110931,0.870647013187408,1.15343308448792,42.434040635627,52.7661664811031,0,7660,321,334,274,310,269,373,312,359,321,401,6.29,14.1,492
0.358531951904297,0.36147266626358,1.02715051174164,1.99725008010864,1.48964083194733,1.04574167728424,0.849048972129822,0.835561513900757,0.721675634384155,0.817780315876007,0.854119539260864,0.868565797805786,1.06653833389282,-3.61478805141736,8.65528593081782,0,7662,368,237,367,228,327,251,379,289,352,333,18.8,5.98,450
0.39545065164566,0.343454271554947,1.13455283641815,2.15363383293152,1.62101781368256,0.98844575881958,0.874074101448059,0.866034746170044,0.661875605583191,0.793824136257172,0.866967797279358,0.866193175315857,1.13013994693756,47.5574381145008,47.9938276429408,0,7664,473,199,498,176,464,236,508,242,507,282,4.18,2.31,437
0.33681446313858,0.351115703582764,1.12294888496399,2.05362701416016,1.57537162303925,0.949810028076172,0.939130425453186,0.906125783920288,0.579367876052856,0.826053142547607,0.827434301376343,0.866090714931488,1.11150670051575,80.7439946484973,81.0117245877235,0,7667,401,199,456,181,443,250,491,243,499,283,11.9,8.58,389
0.348803222179413,0.38455131649971,1.11384701728821,2.06512713432312,1.49941980838776,0.992201209068298,0.839909315109253,0.886253356933594,0.722375690937042,0.825751185417175,0.867026031017303,0.886828005313873,1.13948202133179,-38.8889327848401,42.2782781748561,0,7669,315,238,273,247,263,307,313,299,319,338,17.2,9.03,349
0.375656992197037,0.342611968517303,1.10600912570953,2.12381076812744,1.65501356124878,0.983014464378357,0.848845362663269,0.892692565917969,0.737001180648804,0.812285363674164,0.832766056060791,0.8887699842453,1.07866048812866,-6.57781874749773,6.73824949008448,0,7671,362,347,319,345,289,401,333,408,325,442,11.6,10.7,303
0.375011891126633,0.351277738809586,1.14166903495789,2.06976747512817,1.44939398765564,1.00864613056183,0.842528760433197,0.895713090896606,0.848484873771668,0.809171974658966,0.856176793575287,0.877831280231476,1.11826157569885,75.7459578789211,75.9851374250653,0,7673,310,403,289,390,273,443,318,443,322,483,15,35.3,315
0.362686842679977,0.340978920459747,1.15529370307922,2.03190135955811,1.50665593147278,0.977747976779938,0.856406033039093,0.941153824329376,0.755729913711548,0.826178848743439,0.901849210262299,0.867157876491547,1.63333332538605,-9.01470043082341,17.3973418953753,0,7675,329,476,276,425,255,485,306,489,306,524,3.52,15.1,262
0,0,0,0,0,0,0,0,0,0,0,0,0,-11.3920981772658,14.1546389054254,0,7677,0,0,0,0,0,0,0,0,0,0,6.67,17.7,206
0,0,0,0,0,0,0,0,0,0,0,0,0,-12.4512031491459,23.5983205728337,0,7679,0,0,0,0,0,0,0,0,0,0,7.36,7.27,195
0,0,0,0,0,0,0,0,0,0,0,0,0,40.2246942546033,47.8174952373546,0,7681,0,0,0,0,0,0,0,0,0,0,41.7,30.7,150
0.372347354888916,0.407164841890335,1.28070712089539,1.76881659030914,0,1.00257217884064,0.922970771789551,0,0.762206137180328,0.779773652553558,0.834728538990021,0.861411988735199,0.900261342525482,-191.593590715165,192.816364892366,0,7683,452,783,458,711,430,755,471,784,0,0,85.4,68.3,79.3
0.392689824104309,0.40286710858345,1.32836437225342,1.72754228115082,0,1.1587975025177,0,0.890109896659851,0.90628707408905,0.716004312038422,0.78631579875946,0.859440088272095,0.827010631561279,-1.30315520433883,172.728825435304,0,7685,511,477,500,552,473,597,523,607,0,0,55.3,79.3,65.8
0,0,0,0,0,0,0,0,0,0,0,0,0,-196.212311400892,196.338201767519,0,7688,0,0,0,0,0,0,0,0,0,0,105,134,59.9
0,0,0,0,0,0,0,0,0,0,0,0,0,-56.8206051741534,57.0648885301429,0,7690,0,0,0,0,0,0,0,0,0,0,72.2,167,145
0,0,0,0,0,0,0,0,0,0,0,0,0,18.9547096784168,19.0621657999658,0,7692,0,0,0,0,0,0,0,0,0,0,54,172,301
0.427939206361771,0.357858300209045,1.57448136806488,1.73401987552643,1.51149499416351,1.05242943763733,0.73444390296936,0.861963212490082,0.714593946933746,0.788545310497284,0.848798811435699,0.836384356021881,1.17026019096375,-17.2273209509184,22.0367885755554,0,7694,371,402,358,381,320,425,373,444,366,480,16.6,138,418
0.439020067453384,0.377769529819489,1.57154858112335,1.81538915634155,1.52984309196472,1.13237321376801,0.871542692184448,0.784297525882721,0.804244458675385,0.796206116676331,0.866296648979187,0.896695792675018,1.11452949047089,-4.98236688364284,8.08219341542888,0,7696,358,329,311,384,297,440,344,446,354,479,5.28,97.8,581
0.406160086393356,0.399202167987823,1.69819164276123,1.55496466159821,1.50500118732452,1.11774265766144,0.825215756893158,0.881250023841858,0.96563982963562,0.766643941402435,0.85792076587677,0.841483116149902,1.17036354541779,-52.0109831460313,55.3980548738615,0,7698,473,218,430,205,393,249,442,271,435,308,31.8,94,798
0.385731160640717,0.388834714889526,1.7221714258194,1.53562045097351,1.49619460105896,1.11862432956696,0.814416348934174,0.923348248004913,0.857312262058258,0.795317828655243,0.854867815971375,0.862341463565826,1.15408205986023,-9.92720351419418,14.9843034647499,0,7700,368,301,355,237,326,287,366,306,365,341,21,52.6,965
0.429152935743332,0.39369148015976,1.64805316925049,1.60710799694061,1.48053920269012,1.0659841299057,0.775114715099335,0.827070713043213,0.793917119503021,0.769518852233887,0.83654510974884,0.874207973480225,1.1541018486023,2.56414778535267,4.98507313123515,0,7702,340,302,339,269,327,327,374,321,384,358,12.5,25.1,1120
0.41898113489151,0.364966303110123,1.89861106872559,1.52078795433044,1.50067734718323,1.14429295063019,0.819367706775665,0.888201713562012,0.718705236911774,0.760227143764496,0.791881203651428,0.846333801746368,1.11290991306305,-6.05614219936398,15.2046303429942,0,7704,516,283,458,257,450,309,500,311,509,350,9.6,42.8,1310
0.409879356622696,0.384766399860382,2.00370860099792,1.63978064060211,1.57088947296143,1.16927850246429,0.73364269733429,0.897747933864594,0.736463129520416,0.749066531658173,0.857749879360199,0.816248834133148,1.24605917930603,8.42656937507924,8.65816219635286,0,7706,508,343,500,333,469,385,520,395,515,434,5.77,11.4,1410
0.360492527484894,0.364768803119659,2.02328419685364,1.61359059810638,1.51982355117798,1.21753132343292,0.803005397319794,0.839436292648315,0.816829264163971,0.726421594619751,0.825646460056305,0.829002201557159,1.19959676265717,-5.61354705603129,8.33108095742695,0,7709,517,322,507,313,478,365,525,378,519,418,4.4,5.99,1480
0,0,0,0,0,0,0,0,0,0,0,0,0,-6.36566674884665,22.1286213692266,0,7711,0,0,0,0,0,0,0,0,0,0,9.71,7.5,1440
0,0,0,0,0,0,0,0,0,0,0,0,0,12.674009561645,13.2392559524578,0,7713,0,0,0,0,0,0,0,0,0,0,24.9,16,1400
0,0,0,0,0,0,0,0,0,0,0,0,0,-6.39785176968617,6.8920403652465,0,7715,0,0,0,0,0,0,0,0,0,0,12.8,14.7,1270
0.333121955394745,0.365553855895996,2.10550928115845,1.49705219268799,1.62532269954681,1.06194019317627,0.775778353214264,0.794595718383789,1.22449707984924,0.737043499946594,0.833827912807465,0.802050888538361,1.3196873664856,17.5093599232229,17.5693756057832,0,7717,377,478,390,457,348,501,397,522,385,559,16.1,24.5,1090
0.424896389245987,0.360730439424515,2.08816123008728,1.55436491966248,1.56188118457794,1.65371298789978,0,0.836583375930786,0.86946165561676,0.74264270067215,0.845883846282959,0.836212813854218,1.24976074695587,10.0404295947112,16.8292207424927,0,7719,331,445,375,442,369,495,404,494,417,530,15,21.3,942
0.401081383228302,0.376575797796249,2.15482497215271,1.44828724861145,1.58850765228271,1.75328719615936,0.818325459957123,0.820247113704681,1.0538969039917,0.729817390441895,0.850586116313934,0.805660605430603,1.304030418396,10.3518641470167,21.8512441659921,0,7721,444,559,442,517,411,563,448,588,445,628,17.1,21.6,753
0.405994892120361,0.367831826210022,2.41961646080017,1.43763995170593,1.57499754428864,1.10090279579163,0.769180953502655,0,0.78346049785614,0.755607008934021,0,0.808646678924561,0,160.354502701118,247.453378635802,0,7723,418,362,362,335,326,381,380,400,376,436,8.66,25.3,540
0.425930172204971,0.373167544603348,2.4860200881958,1.40788424015045,1.51814293861389,1.08206939697266,0.790704309940338,0.943396210670471,1.02512049674988,0.738718807697296,0.853315651416779,0.840456902980804,1.23347210884094,-3.07863420205609,14.4455083278381,0,7725,333,229,323,234,294,284,344,298,344,335,7.93,10.2,398
0.38696825504303,0.382907718420029,2.39385414123535,1.37033414840698,1.54382717609406,1.07279360294342,0.750468194484711,0.824004590511322,0.848532378673553,0.739925622940064,0.824563920497894,0.828772902488709,1.26603353023529,-66.2856969183295,66.8039627925949,0,7727,483,243,468,272,437,323,484,332,478,371,25.9,7.18,243
0.364882498979568,0.357849568128586,2.67806267738342,1.42749583721161,1.55416560173035,1.424635887146,0.768111646175385,0.757116615772247,0.716959953308106,0.730516076087952,0.831465840339661,0.795467019081116,1.29469192028046,3.54063109095032,16.9156245734333,0,7730,479,346,471,323,429,371,481,391,472,429,12.2,24.5,75.8
0.347345858812332,0.356898814439774,2.56661319732666,1.41982471942902,1.5815190076828,1.146320104599,0.735805332660675,0.761686861515045,0.864327788352966,0.740141570568085,0.817592620849609,0.801566004753113,1.29139649868011,19.1865252586477,26.2476327720711,0,7732,447,337,414,329,375,375,431,397,423,433,5.74,32.1,40
0.36632776260376,0.378654688596725,2.73759865760803,1.3344475030899,1.60666441917419,0.993200123310089,0.770072996616364,0.767148017883301,0.829589307308197,0.738353729248047,0.809026122093201,0.801838934421539,1.35964500904083,11.4704482539301,21.1331604081776,0,7734,352,284,359,296,321,346,371,361,366,399,6.71,36.7,64
0.405855119228363,0.370843380689621,2.74188661575317,1.24884188175201,1.59735858440399,1.02088892459869,0.799489617347717,0.809264719486237,0.96607518196106,0.76724648475647,0.837623357772827,0.835314810276032,1.21423161029816,-16.0056393344375,17.9417728883913,0,7736,363,260,338,270,307,319,348,333,343,373,5.5,24.5,72.8
0,0,0,0,0,0,0,0,0,0,0,0,0,-6.5093244958342,17.2189937089222,0,7738,0,0,0,0,0,0,0,0,0,0,5.51,9.27,89.7
0.348637729883194,0.343386590480804,2.57658505439758,1.24253582954407,1.63348412513733,1.30431199073792,0.815830945968628,0.833499610424042,0.931502640247345,0.72467839717865,0.807642698287964,0.816862940788269,1.29709362983704,10.0839214618576,18.8061225164709,0,7740,503,320,511,293,478,344,523,361,516,403,0.292,9.26,53.8
0.34995299577713,0.361020922660828,2.97661066055298,1.31753146648407,1.6425256729126,1.01340699195862,0.724214732646942,0.762067914009094,0.853815495967865,0.732566475868225,0.809116780757904,0.82207989692688,1.23477709293365,6.53672935380509,11.3772476466187,0,7742,494,323,498,311,461,360,512,375,501,414,3.29,2.31,23.2
0.371656984090805,0.357514321804047,3.07494902610779,1.29052758216858,1.64572978019714,1.13785004615784,0.803945004940033,0.782727122306824,0.852727293968201,0.721356451511383,0.846393704414368,0.820871591567993,1.28299605846405,13.9910224187111,14.1240381322055,0,7744,506,300,498,287,469,340,512,352,507,393,5.7,8.72,16.8
0.412327319383621,0.35822269320488,3.00869274139404,1.23592615127563,1.68552660942078,1.13848853111267,0.789944469928741,0.823034822940826,0.859334111213684,0.734209418296814,0.837550699710846,0.824906170368195,1.27097642421722,4.9660121681269,6.92421334526609,0,7746,507,246,493,245,463,290,507,306,500,345,4.12,4.45,62.1
0.435823321342468,0.358016580343246,3.0767879486084,1.20351910591125,1.61273777484894,1.00817084312439,0.793169260025024,0.861805558204651,0.848163843154907,0.761516332626343,0.834205687046051,0.851204931735992,1.21948993206024,26.3192115729545,27.6593887812347,0,7748,496,214,481,200,448,244,489,263,478,301,4.68,2.92,98.4
0.352681517601013,0.377044528722763,2.87208795547485,1.2445113658905,1.63370895385742,1.2895131111145,0.785120248794556,0.833206117153168,1.31302464008331,0.734853565692902,0.843220353126526,0.824719786643982,1.32888662815094,8.04080158263816,18.0861159638611,0,7751,403,198,421,185,378,228,426,251,412,288,1.49,7.62,139
0.425705403089523,0.35507670044899,2.96166372299194,1.19537711143494,1.5603369474411,1.04012167453766,0.865479707717896,0.829949259757996,1.29787230491638,0.773155748844147,0.743541598320007,0.845598459243774,1.15379798412323,3.73047752558285,10.4473399337138,0,7753,393,113,369,114,332,157,374,174,361,214,5.61,13.1,137
0.390908151865005,0.407132178544998,2.77456951141357,1.2255779504776,1.59629225730896,1.26583826541901,0.820633590221405,0.823868989944458,0.834213733673096,0.747042596340179,0.865076541900635,0.843459665775299,1.38348484039307,-1.06767300424647,1.34355712639054,0,7755,335,333,335,327,303,375,344,394,343,432,6.59,6.44,141
0.415985137224197,0.379381269216537,2.75665330886841,1.22849881649017,1.52769410610199,1.02070569992065,0.819873809814453,0.946183979511261,0.833238661289215,0.789367854595184,0.855628132820129,0.83969384431839,1.25479447841644,17.8958269921364,21.6391241477833,0,7757,322,387,310,387,307,441,347,435,363,470,11.1,11.2,125
0.380212694406509,0.404818832874298,3.14418625831604,1.19788229465485,1.54096972942352,1.10264158248901,0.868255972862244,0.844030380249023,0.783777356147766,0.701457440853119,0.809984922409058,0,0,-0.169388754699626,0.586480509658821,0,7759,492,362,445,374,428,428,480,431,489,468,24.1,18,94.2
0.345613926649094,0.333369970321655,3.03854179382324,1.18168926239014,1.64480924606323,1.05046093463898,0.799659490585327,0.882416367530823,0.789200186729431,0.763641774654388,0.796199679374695,0.830594778060913,1.27290368080139,37.8764674437495,43.6357427890318,0,7761,624,318,598,267,583,325,626,328,630,369,8.11,23.4,71.9
0.411444634199142,0.36105689406395,2.80410981178284,1.22037315368652,0,1.0803747177124,0.821818172931671,0.855951249599457,0.874921441078186,0.80046683549881,0.764537632465363,0.826304852962494,0.869369387626648,35.7552148657936,36.859559952026,0,7763,447,197,502,247,502,307,536,296,0,0,39.8,22.8,38.2
0,0,0,0,0,0,0,0,0,0,0,0,0,2.63985500045832,7.11255117274154,0,7765,0,0,0,0,0,0,0,0,0,0,26.5,24.6,21
0,0,0,0,0,0,0,0,0,0,0,0,0,11.0921053046302,32.287631252814,0,7767,0,0,0,0,0,0,0,0,0,0,1.02,42.4,54.8
0,0,0,0,0,0,0,0,0,0,0,0,0,-53.6513140822077,55.2661787538394,0,7769,0,0,0,0,0,0,0,0,0,0,13.1,28.9,76.8
0,0,0,0,0,0,0,0,0,0,0,0,0,40.5033504323591,42.2906717131189,0,7771,0,0,0,0,0,0,0,0,0,0,15.5,18.6,117
0.393940389156342,0.380311876535416,2.9166419506073,1.49534094333649,1.56627869606018,1.03792929649353,0.824242413043976,0.879504323005676,0.859132528305054,0.763030230998993,0.868508756160736,0.834238708019257,1.2629873752594,-0.652330549368084,12.7997301957086,0,7774,417,121,435,94.1,404,145,449,155,449,193,38.6,38.3,172
0,0,0,0,0,0,0,0,0,0,0,0,0,114.306830909158,118.359052762267,0,7776,0,0,0,0,0,0,0,0,0,0,61.6,66.4,210
0.36426055431366,0.315046101808548,3.04201722145081,1.54816496372223,1.56454908847809,0.988954246044159,0.817583322525024,0.889931499958038,0.73528653383255,0.781832575798035,0.853834927082062,0.815813481807709,1.26850032806396,323.088160467287,343.260020623405,0,7778,600,398,566,383,552,447,599,442,603,487,71.7,95,262
0.378932774066925,0.341161489486694,2.82284688949585,1.5367865562439,0,1.29579448699951,0.832402229309082,0.714346587657928,0.803845167160034,0.780386328697205,0.74110072851181,0.836826860904694,1.26601481437683,26.0397772889861,37.2897418020405,0,7780,406,298,456,329,454,393,493,377,0,0,69.3,111,313
0.36380609869957,0.331178218126297,2.66284775733948,1.58150184154511,1.56428515911102,1.09188902378082,0.802043914794922,0.823285222053528,0.911956131458283,0.777889907360077,0.828033864498138,0.834938108921051,0.825885474681854,-24.8386864648453,25.7086429806058,0,7782,531,205,557,227,517,281,562,291,553,335,20.5,122,387
0.414519280195236,0.347353637218475,2.57286262512207,1.69949579238892,1.50613331794739,1.08758985996246,0.899129748344421,0.865035235881805,0.82863187789917,0.78819078207016,0.860871255397797,0.823794305324554,1.24592673778534,25.16758962231,25.5319193839336,0,7784,578,145,602,149,577,210,620,211,619,262,6.59,105,465
0.375033110380173,0.366765767335892,2.67951083183289,1.70719838142395,1.65349364280701,0.973565876483917,0.896686136722565,0.842519700527191,0.79070919752121,0.815780758857727,0.882140636444092,0.858673870563507,1.17114913463593,16.0519292199292,26.1344421803475,0,7786,414,202,376,224,361,292,405,284,414,320,39.9,89.8,561
0,0,0,0,0,0,0,0,0,0,0,0,0,-43.4434742501337,43.712566151044,0,7788,0,0,0,0,0,0,0,0,0,0,3.37,76,680
0.390000730752945,0.345200419425964,2.65422916412354,1.73256027698517,1.53037166595459,1.01466429233551,0.908981859683991,0.884030759334564,0.813048422336578,0.7711381316185,0.85872095823288,0.821304857730866,1.23486709594727,22.207594409003,22.2736332323205,0,7790,605,252,585,240,570,306,617,306,616,345,5.66,46.6,779
0.36765393614769,0.36199414730072,2.35319304466248,1.66381931304932,1.57398021221161,1.08355855941772,0.81038373708725,0.873754739761353,0.898381292819977,0.771256446838379,0.862652897834778,0.82242214679718,1.23169958591461,-106.638638921743,108.621685586709,0,7792,459,293,445,256,436,319,483,311,496,347,34.9,47.2,884
0.341030687093735,0.327217906713486,2.42685270309448,1.77529382705688,1.48801422119141,1.09593272209167,0.903126835823059,0.855632483959198,0.802625417709351,0.799237072467804,0.842389285564423,0.859534680843353,1.20432639122009,-19.2451668552757,24.8496385267717,0,7795,463,313,460,287,433,338,478,348,467,393,6.11,30.8,1010
0.368396490812302,0.335849791765213,2.44920492172241,1.74108755588532,1.57688558101654,1.00697803497314,0.863222360610962,0.868908107280731,0.827619791030884,0.785720229148865,0.859415709972382,0.836838603019714,1.15152812004089,35.2261680391149,36.2896694527686,0,7797,569,276,535,255,498,308,543,322,529,358,11.1,5.96,1080
0.380661427974701,0.314241617918015,2.47064256668091,1.78203988075256,1.52875077724457,1.07299447059631,0.883038401603699,0.92569899559021,0.749179780483246,0.768040776252747,0.845339894294739,0.848043084144592,1.20238995552063,-48.5370791489388,48.9340931863746,0,7799,595,289,574,257,548,310,593,322,582,364,7.86,8.7,1120
0.335980892181396,0.35153591632843,2.36632442474365,1.78041934967041,1.48223769664764,1.11109817028046,0.82839822769165,0.85458242893219,0.708314001560211,0.765146374702454,0.860960721969605,0.833450019359589,1.17770671844482,-0.041565467129757,14.7295952232857,0,7801,468,223,497,221,490,285,528,275,545,319,5.63,7.34,1120
0.353404939174652,0.361161023378372,2.23686790466309,1.82539212703705,1.46173906326294,0.983250856399536,0.842837512493134,0.930672287940979,0.900562047958374,0.796100735664368,0.848365187644959,0.868334352970123,1.17038679122925,-28.2129582378902,55.3008070257409,0,7803,355,237,308,242,299,301,347,296,353,334,11.6,2.41,1090
0.355399459600449,0.33149641752243,2.21032762527466,1.78333127498627,1.52914845943451,1.0314382314682,0.894684374332428,0.890266954898834,0.749148190021515,0.788992881774902,0,0.840309500694275,1.16408979892731,17.2377125947602,18.4758764970399,0,7805,415,246,374,242,338,300,382,309,374,350,1.66,9.53,1010
0.360019594430923,0.335274487733841,2.34677004814148,1.93471944332123,1.54742157459259,1.03191936016083,0.894553184509277,0.862549781799316,0.803696632385254,0.8035649061203,0.850650608539581,0.869595289230347,1.18736219406128,-17.0595030003906,18.785523065522,0,7807,451,270,381,232,348,284,389,297,378,337,8.59,7.99,917
0.329064309597015,0.411693692207336,2.48115801811218,1.78860318660736,1.55305540561676,1.24595105648041,0,0.839690446853638,0,0.793383359909058,0,0.851189732551575,0.825396835803986,21.1611949454152,22.9853692355058,0,7809,404,380,328,324,319,384,381,389,385,422,6.75,5.71,807
0.396293342113495,0.391462385654449,2.27341890335083,1.81863832473755,0,0.941617727279663,0.850767076015472,0.84919285774231,0.933292150497437,0.921829700469971,0.85145890712738,0.843861758708954,0.817580699920654,-60.6342372337162,63.6266097884052,0,7811,463,604,509,677,492,732,541,723,0,0,15.8,16.9,665
0,0,0,0,0,0,0,0,0,0,0,0,0,-15.8423792409189,35.4574170719607,0,7813,0,0,0,0,0,0,0,0,0,0,26.6,33.2,527
0.408587574958801,0.395152509212494,2.42151761054993,1.63837862014771,1.58228242397308,1.04291617870331,0.829383909702301,0.80603814125061,0.884806573390961,0.742128908634186,0.86640590429306,0.849956512451172,1.21417021751404,94.2511903440436,95.7930277168179,0,7816,392,519,351,540,323,587,371,597,371,632,22.1,42.5,344
0,0,0,0,0,0,0,0,0,0,0,0,0,-148.469688022443,149.201304354106,0,7818,0,0,0,0,0,0,0,0,0,0,74.6,106,195
0.442144960165024,0,2.59923672676086,1.72187697887421,1.55635690689087,1.00821912288666,0,0,0.80671226978302,0.848287522792816,0.929223716259003,0.861281037330627,0,17.0266180305734,28.3234733158864,0,7820,507,778,0,0,509,667,555,686,552,726,87.4,118,80.7
0,0,0,0,0,0,0,0,0,0,0,0,0,-135.805708920348,135.872428453495,0,7822,0,0,0,0,0,0,0,0,0,0,74.7,161,99.5
0,0,0,0,0,0,0,0,0,0,0,0,0,30.2790272915824,38.0779340804069,0,7824,0,0,0,0,0,0,0,0,0,0,99.6,193,260
0,0,0,0,0,0,0,0,0,0,0,0,0,47.6389697437373,51.5099719612574,0,7826,0,0,0,0,0,0,0,0,0,0,34.8,165,429
0,0,0,0,0,0,0,0,0,0,0,0,0,-62.1232094042784,68.0220710680909,0,7828,0,0,0,0,0,0,0,0,0,0,54.9,178,616
0,0,0,0,0,0,0,0,0,0,0,0,0,-20.5100096179862,22.998140677411,0,7830,0,0,0,0,0,0,0,0,0,0,60.8,139,824
0,0,0,0,0,0,0,0,0,0,0,0,0,-114.117454890462,214.791331767157,0,7832,0,0,0,0,0,0,0,0,0,0,86.2,149,1060
0.364522784948349,0.338433444499969,2.66884446144104,1.52342438697815,1.51894450187683,1.11927759647369,0.816967785358429,0.827774882316589,0,0.726312160491943,0.838150978088379,0.83319878578186,1.31710934638977,14.2390584879392,22.7301896277299,0,7834,410,191,389,212,365,263,412,269,410,310,77.7,129,1250
0,0,0,0,0,0,0,0,0,0,0,0,0,-14.3636971423054,59.2682734045066,0,7837,0,0,0,0,0,0,0,0,0,0,24.5,157,1600
0,0,0,0,0,0,0,0,0,0,0,0,0,-6.18716622704431,13.9456519437581,0,7839,0,0,0,0,0,0,0,0,0,0,41.7,110,1790
0,0,0,0,0,0,0,0,0,0,0,0,0,17.1465694667148,30.6763645167552,0,7841,0,0,0,0,0,0,0,0,0,0,19.9,73.2,1930
0.375752478837967,0.318526059389114,2.5852313041687,1.47377288341522,1.47160875797272,1.10365426540375,0.912882804870606,0.844236731529236,0.783239483833313,0.732988774776459,0.817912638187408,0.841176629066467,1.16891896724701,-5.90272816522695,24.1720968195498,0,7843,473,502,410,529,419,592,462,576,482,609,36.6,11.7,2000
0.411338925361633,0.321659982204437,2.37814617156982,1.46759736537933,1.47944140434265,1.19690263271332,0.891001284122467,0.902127683162689,0.701150178909302,0.751381993293762,0.865100681781769,0.829732954502106,0.810606062412262,5.03055704652242,30.6639569377854,0,7845,467,327,421,298,435,343,473,336,497,376,16.1,3.71,2070
0.416712194681168,0.326061815023422,2.70230340957642,1.42049026489258,1.42810869216919,1.05018270015717,0.768299698829651,0.724556505680084,0.865117967128754,0.738729953765869,0.822835505008698,0.831431210041046,1.16799509525299,-6.63271357254758,18.6930441559298,0,7847,573,506,542,544,580,593,612,553,646,566,37,18.1,2070
0,0,0,0,0,0,0,0,0,0,0,0,0,16.9002388684686,35.4261372858456,0,7849,0,0,0,0,0,0,0,0,0,0,25.3,26.1,1990
0,0,0,0,0,0,0,0,0,0,0,0,0,-48.1068878978422,84.1029155554799,0,7851,0,0,0,0,0,0,0,0,0,0,22.5,51.9,1880
0.508275032043457,0.326455056667328,2.46444010734558,1.32381868362427,1.40387892723084,1.01277697086334,0.875,0.82318913936615,0.790131032466888,0.76062422990799,0.881089329719543,0.852270305156708,1.16017830371857,-32.6177835769938,83.357997656763,0,7853,290,643,243,648,301,650,285,596,316,574,45,60.6,1760
0,0,0,0,0,0,0,0,0,0,0,0,0,-0.91822232247109,5.90238259759547,0,7855,0,0,0,0,0,0,0,0,0,0,17.3,17.6,1560
0,0,0,0,0,0,0,0,0,0,0,0,0,-4.70978192993956,89.1661630826526,0,7858,0,0,0,0,0,0,0,0,0,0,47,27.2,1280
0.436907559633255,0.352389991283417,2.27761101722717,1.43195581436157,1.35280096530914,1.09708249568939,0.868403017520905,0.921345293521881,0.859826326370239,0.781702399253845,0.922633945941925,0.838784456253052,1.25811564922333,-8.82275528568811,45.3381167650485,0,7860,85.8,579,80,527,69.8,468,26.7,490,13.1,448,19.1,27.9,1100
0.375455588102341,0.324910372495651,2.49320006370544,1.43705141544342,1.50177597999573,1.20199203491211,0.858584046363831,0.880899727344513,0.860728323459625,0.838010907173157,0.88103723526001,0.857863485813141,1.27716815471649,-4.92524018655304,29.4035598800752,0,7862,322,314,350,273,295,233,276,272,239,252,49.8,22.3,948
0.377035409212112,0.317103058099747,2.57563424110413,1.44455456733704,1.39301097393036,1.08697152137756,0.884209156036377,0.878143429756165,1.05048954486847,0.891869604587555,0.875159859657288,0.864951014518738,1.24111914634705,-48.7223274516504,67.404034636696,0,7864,220,315,259,290,209,246,187,284,153,264,40.4,36.6,753
0,0,0,0,0,0,0,0,0,0,0,0,0,16.2759389404545,16.7866936857574,0,7866,0,0,0,0,0,0,0,0,0,0,16.3,46.7,630
0,0,0,0,0,0,0,0,0,0,0,0,0,-17.3584237430069,84.9577744769651,0,7868,0,0,0,0,0,0,0,0,0,0,16,53.4,519
0,0,0,0,0,0,0,0,0,0,0,0,0,89.5252609172249,115.31544497103,0,7870,0,0,0,0,0,0,0,0,0,0,27,42.6,404
0,0,0,0,0,0,0,0,0,0,0,0,0,9.33037003112121,39.1051443598065,0,7872,0,0,0,0,0,0,0,0,0,0,55.2,58.3,326
0,0,0,0,0,0,0,0,0,0,0,0,0,8.90740626420959,9.95504688494426,0,7874,0,0,0,0,0,0,0,0,0,0,26.9,50.3,279
0,0,0,0,0,0,0,0,0,0,0,0,0,-76.49935481712,93.2395662090829,0,7876,0,0,0,0,0,0,0,0,0,0,61.6,42.4,234
0,0,0,0,0,0,0,0,0,0,0,0,0,48.8346558039006,55.5069189847512,0,7879,0,0,0,0,0,0,0,0,0,0,36,32.1,235
0,0,0,0,0,0,0,0,0,0,0,0,0,-16.2888702967163,52.224113081092,0,7881,0,0,0,0,0,0,0,0,0,0,47.9,74.3,234
0,0,0,0,0,0,0,0,0,0,0,0,0,-13.4909486290936,18.2573272345785,0,7883,0,0,0,0,0,0,0,0,0,0,54.8,75.4,236
0,0,0,0,0,0,0,0,0,0,0,0,0,87.1498471086185,106.475809755677,0,7885,0,0,0,0,0,0,0,0,0,0,11.1,68.8,238
0,0,0,0,0,0,0,0,0,0,0,0,0,-29.4049819981873,53.9419408852117,0,7887,0,0,0,0,0,0,0,0,0,0,41.7,55.5,229
0,0,0,0,0,0,0,0,0,0,0,0,0,16.8881322449379,17.6127884135989,0,7889,0,0,0,0,0,0,0,0,0,0,45.1,23.2,208
0,0,0,0,0,0,0,0,0,0,0,0,0,-11.4643934409342,25.5760813737064,0,7891,0,0,0,0,0,0,0,0,0,0,41.9,37.5,195
0,0,0,0,0,0,0,0,0,0,0,0,0,59.6856110987525,101.52109068455,0,7893,0,0,0,0,0,0,0,0,0,0,27.4,39.7,165
0,0,0,0,0,0,0,0,0,0,0,0,0,106.570738383832,139.40691673562,0,7895,0,0,0,0,0,0,0,0,0,0,9.29,43,167
0,0,0,0,0,0,0,0,0,0,0,0,0,-8.17795133967212,32.9762822939766,0,7897,0,0,0,0,0,0,0,0,0,0,43,23.3,189
0,0,0,0,0,0,0,0,0,0,0,0,0,23.7061016309451,93.6585990682063,0,7899,0,0,0,0,0,0,0,0,0,0,34.3,11.8,192
0.413527429103851,0.285643488168716,2.11421489715576,1.44456815719605,0,1.00429260730743,0,0.826931953430176,0.809929370880127,0.748443007469177,0.86418217420578,0.833340466022491,1.04406583309174,4.1233879131287,4.16115161914822,0,7902,191,467,234,427,281,381,242,362,0,0,51.6,38.7,189
0.447887659072876,0.29454517364502,1.87177431583405,1.4366317987442,1.35079252719879,1.03344309329987,0.883113324642181,0.927986919879913,0.808427691459656,0.798382461071014,0.887715041637421,0.874577283859253,1.05138337612152,19.1053111626744,44.0432809548963,1,7904,503,677,587,678,599,611,554,616,556,576,34.2,45.1,183
0,0,0,0,0,0,0,0,0,0,0,0,0,-86.1380771169526,124.701643172523,1,7906,0,0,0,0,0,0,0,0,0,0,39.9,50.7,176
0,0,0,0,0,0,0,0,0,0,0,0,0,-52.9033513657953,63.5787802319266,1,7908,0,0,0,0,0,0,0,0,0,0,28.5,40.5,163
0,0,0,0,0,0,0,0,0,0,0,0,0,71.2833299656188,91.4348155826216,1,7910,0,0,0,0,0,0,0,0,0,0,26.1,37.5,151
0,0,0,0,0,0,0,0,0,0,0,0,0,-29.3237358335322,39.346052552985,1,7912,0,0,0,0,0,0,0,0,0,0,36.9,48.6,160
0,0,0,0,0,0,0,0,0,0,0,0,0,-10.1350786585617,38.649271813309,1,7914,0,0,0,0,0,0,0,0,0,0,27.1,38.4,177
0.345166832208633,0.267686367034912,1.73563420772553,1.59177255630493,1.37673056125641,1.40293729305267,0.980787694454193,0.928151369094849,0.691039621829987,0.78252124786377,0.869246184825897,0.860748112201691,1.00934040546417,-28.516350917275,52.3421119258071,1,7916,492,252,431,244,454,308,480,285,495,333,25.3,48.1,209
0,0,0,0,0,0,0,0,0,0,0,0,0,-68.0077520417706,128.438935105603,1,7918,0,0,0,0,0,0,0,0,0,0,40.2,43.5,254
0.389094889163971,0.309500068426132,1.82381534576416,1.56493961811066,1.43187534809113,1.58583199977875,0.828538537025452,0.897074162960053,0.802636861801147,0.801830649375916,0.868668854236603,0.876256048679352,1.00232815742493,5.87660783898365,39.5212520522384,1,7920,347,682,367,695,416,741,431,694,474,700,34,43.1,299
0.407470941543579,0.287262588739395,0,1.48805940151215,0,1.7141090631485,0,0.850959837436676,0.719117105007172,0.80254191160202,0.928538084030151,0.870547890663147,0.970512330532074,-0.340889399411322,27.1709197031542,1,7923,408,321,414,409,0,0,473,435,0,0,46.7,60.3,379
0,0,0,0,0,0,0,0,0,0,0,0,0,4.11047527984361,79.510950600553,1,7925,0,0,0,0,0,0,0,0,0,0,3.5,33.7,423
0.370641320943832,0.289883673191071,1.91801261901855,1.53011500835419,1.52260506153107,1.89444327354431,0.908980131149292,0.935858249664307,0.707907974720001,0.806237399578095,0.869358658790588,0.882457196712494,0.97538560628891,-13.1248774801329,38.8137159979031,1,7927,265,595,220,608,270,647,284,612,317,632,24.5,37.3,454
0.361219584941864,0.317479282617569,1.80926930904388,1.56118762493134,1.52766096591949,1.70789515972137,0,0.828591048717499,0.85212767124176,0.84569638967514,0.938669443130493,0.878996431827545,0.980443298816681,6.74233438217683,34.6480158447445,1,7929,238,585,226,534,280,584,288,534,328,539,21.2,21.8,444
0,0,0,0,0,0,0,0,0,0,0,0,0,-1.22148926953728,8.84051079904033,1,7931,0,0,0,0,0,0,0,0,0,0,17.5,7.93,458
0,0,0,0,0,0,0,0,0,0,0,0,0,-2.40796961455979,27.9053448079676,1,7933,0,0,0,0,0,0,0,0,0,0,19.5,9.05,463
0.398021906614304,0.30368247628212,1.75771248340607,1.87716603279114,1.56634342670441,2.1840033531189,0.875526428222656,0.886480093002319,0.738590478897095,0.799518346786499,0.845729470252991,0.866330146789551,0.976224184036255,-1.50596151106398,21.1369165793343,1,7935,166,407,165,397,215,435,229,391,272,395,30.1,13,416
0,0,0,0,0,0,0,0,0,0,0,0,0,1.41293223677462,71.7586439373117,1,7937,0,0,0,0,0,0,0,0,0,0,7.46,14.2,394
0.349593460559845,0.280520528554916,1.7148824930191,1.63888502120972,1.29323303699493,2.5416202545166,0.858015239238739,0.874747455120087,0.667747139930725,0.870126128196716,0.827009320259094,0.86480575799942,1.87685585021973,0.874458121443157,57.4822781679714,1,7939,548,498,517,571,561,615,579,579,620,597,5.63,32.5,386
0.394630074501038,0.29516327381134,1.68956303596497,1.60960054397583,1.70770144462585,2.44717192649841,0.870860934257507,0.895582318305969,0.659398376941681,0.797796666622162,0.84733659029007,0.890028655529022,0.969832181930542,1.27427221579044,49.6562942014797,1,7941,474,471,417,531,462,579,480,540,515,565,6.93,20.1,354
0,0,0,0,0,0,0,0,0,0,0,0,0,-0.835391579305448,47.92642992744,1,7944,0,0,0,0,0,0,0,0,0,0,7.37,16.6,288
0,0,0,0,0,0,0,0,0,0,0,0,0,0.92172749124482,19.6960900749587,1,7946,0,0,0,0,0,0,0,0,0,0,21.9,15.8,260
0,0,0,0,0,0,0,0,0,0,0,0,0,2.54506855159071,4.94772925764147,1,7948,0,0,0,0,0,0,0,0,0,0,16.9,14.1,236
0.388035118579864,0.303122639656067,1.64828372001648,1.92119693756104,1.67218267917633,2.06318759918213,0.876425862312317,0.921818792819977,0.740482926368713,0.779375970363617,0.828046441078186,0.859374642372131,0.982273519039154,-24.3137059555992,45.2711294299048,1,7950,259,322,229,334,284,368,294,328,341,340,31.3,30.7,179
0,0,0,0,0,0,0,0,0,0,0,0,0,43.4585039719742,90.9131925736397,1,7952,0,0,0,0,0,0,0,0,0,0,49.8,13.3,144
0,0,0,0,0,0,0,0,0,0,0,0,0,34.3272094457176,48.3695978218609,1,7954,0,0,0,0,0,0,0,0,0,0,73.1,28.1,131
0,0,0,0,0,0,0,0,0,0,0,0,0,10.5052125642618,32.8053786350533,1,7956,0,0,0,0,0,0,0,0,0,0,3.78,43,127
0,0,0,0,0,0,0,0,0,0,0,0,0,-11.7822985690794,48.4532560549921,1,7958,0,0,0,0,0,0,0,0,0,0,43.3,46.3,116
0,0,0,0,0,0,0,0,0,0,0,0,0,21.2476620518202,26.7975033143888,1,7960,0,0,0,0,0,0,0,0,0,0,49.5,6.88,120
0,0,0,0,0,0,0,0,0,0,0,0,0,89.3617597990995,97.2280552622659,1,7962,0,0,0,0,0,0,0,0,0,0,6.86,33.7,121
0,0,0,0,0,0,0,0,0,0,0,0,0,11.1267157969287,13.2753021679243,0,7965,0,0,0,0,0,0,0,0,0,0,49.3,39.2,106
0.366715520620346,0.282310038805008,1.42327213287354,1.72358620166779,1.62977969646454,1.72693991661072,0.870159447193146,0,0.771012365818024,0.997640371322632,0,0.853164851665497,0,37.8570027118182,38.4018138736731,0,7967,500,447,413,388,408,453,449,439,453,474,29.7,40.2,78.5
0,0,0,0,0,0,0,0,0,0,0,0,0,-55.4997610916933,60.9785596930628,0,7969,0,0,0,0,0,0,0,0,0,0,47.6,65.3,70.3
0,0,0,0,0,0,0,0,0,0,0,0,0,-7.93671505853151,91.3787264923436,0,7971,0,0,0,0,0,0,0,0,0,0,59.8,97.3,48.9
0.430594354867935,0.305461645126343,0.895751416683197,1.59848546981812,0,1.67576861381531,0,0.921575844287872,0.840017437934876,0.864561378955841,0.788008570671082,0,0,56.2460362083096,60.6658721666019,0,7973,565,50,515,42.2,457,51.7,465,88.8,0,0,58.4,79.8,82.2
0.46969610452652,0.274939775466919,1.43131041526794,1.636834025383,0.885830342769623,1.89146101474762,0.800000011920929,0.848214268684387,0.71569162607193,0.755623459815979,0.834024310112,0.86391144990921,0.855516612529755,-43.8727878153887,49.4069738231106,0,7975,512,234,458,278,399,275,410,316,507,306,60.1,48.5,118
0.422952234745026,0.284119099378586,1.42294776439667,1.67170345783234,0,1.7264256477356,0.830258309841156,0.819076895713806,0.717751979827881,0.790845453739166,0.830220997333527,0.853875160217285,0.885832190513611,-11.7060198032897,15.2925302895691,0,7977,463,280,398,287,337,279,348,325,0,0,44.7,32.9,164
0,0,0,0,0,0,0,0,0,0,0,0,0,36.1397694362746,39.9802691305075,0,7979,0,0,0,0,0,0,0,0,0,0,14.6,32.9,243
0,0,0,0,0,0,0,0,0,0,0,0,0,-20.5628785067063,25.7356120011376,0,7981,0,0,0,0,0,0,0,0,0,0,5.96,27.5,302
0,0,0,0,0,0,0,0,0,0,0,0,0,-40.9297225533476,43.6470012216479,0,7983,0,0,0,0,0,0,0,0,0,0,24.5,19.7,342
0,0,0,0,0,0,0,0,0,0,0,0,0,29.8538479882403,48.1890774148335,0,7986,0,0,0,0,0,0,0,0,0,0,4.12,14.1,414
0,0,0,0,0,0,0,0,0,0,0,0,0,-15.7630767297554,47.7457761925988,0,7988,0,0,0,0,0,0,0,0,0,0,21.8,11.8,434
0,0,0,0,0,0,0,0,0,0,0,0,0,31.512204687017,33.0268456565107,0,7990,0,0,0,0,0,0,0,0,0,0,6.58,15.5,431
0,0,0,0,0,0,0,0,0,0,0,0,0,77.2534009267008,79.6171090447973,0,7992,0,0,0,0,0,0,0,0,0,0,15.4,17.4,402
0,0,0,0,0,0,0,0,0,0,0,0,0,-26.0614573356419,53.2786007010613,0,7994,0,0,0,0,0,0,0,0,0,0,29.1,30.7,371
0,0,0,0,0,0,0,0,0,0,0,0,0,-92.3976258012406,98.4579379601377,0,7996,0,0,0,0,0,0,0,0,0,0,21,25.6,304
0,0,0,0,0,0,0,0,0,0,0,0,0,-27.071525048022,89.2425348795582,0,7998,0,0,0,0,0,0,0,0,0,0,50.9,6.89,235
0.409694075584412,0.30235892534256,1.45569026470184,1.50031876564026,1.48279917240143,1.41673350334167,0,0,0.724303424358368,0.812238395214081,0.759581863880158,0.86360114812851,0,94.4363079241495,98.339196427222,0,8000,373,618,294,599,308,662,344,642,365,683,57.5,25.5,181
0.373742669820786,0.292674660682678,1.4154599905014,1.50157809257507,1.45634746551514,1.18754827976227,0.899588465690613,0.869028449058533,0.686536252498627,0.830586850643158,0.84467750787735,0.874122738838196,0.963094413280487,11.576805008598,96.5803947029672,0,8002,224,314,246,305,260,367,294,342,322,381,40.7,35.9,110
0,0,0,0,0,0,0,0,0,0,0,0,0,-31.6655192619352,31.9396910586901,0,8004,0,0,0,0,0,0,0,0,0,0,44.2,36.8,53.1
0.387393772602081,0.284837007522583,1.53099918365479,1.3473356962204,0,1.29643678665161,0,0.875,0.963297545909882,0.751472294330597,1.23646724224091,1.25,1.0205579996109,20.6237593188301,26.2102047901065,0,8007,508,301,493,345,498,401,538,388,0,0,25,21.6,22
0.325296550989151,0.278980076313019,1.41196548938751,1.46409714221954,1.48328566551209,0.98149049282074,0,0.89028126001358,0.697324872016907,0.780149877071381,0.844893038272858,0.832757890224457,1.02601158618927,24.8416848552339,25.2582109517164,0,8009,440,263,393,210,411,277,449,249,468,285,18.7,44,39.4
0,0,0,0,0,0,0,0,0,0,0,0,0,1.1731300028551,16.2321364336287,0,8011,0,0,0,0,0,0,0,0,0,0,14.3,45,71.2
0.34285980463028,0.267505973577499,1.52119040489197,1.45201241970062,1.40639877319336,1.20600759983063,0.800617277622223,0.856938481330872,0.907776772975922,0.81402587890625,0.807578921318054,0.828240215778351,1.00758290290833,-46.2174826129869,52.0001056602504,0,8013,589,401,641,372,607,425,647,436,635,475,3.82,30.2,63.9
0,0,0,0,0,0,0,0,0,0,0,0,0,3.07859403503515,32.6747536525372,0,8015,0,0,0,0,0,0,0,0,0,0,2.76,15.9,76.9
0,0,0,0,0,0,0,0,0,0,0,0,0,-33.4739174825143,43.9324727169932,0,8017,0,0,0,0,0,0,0,0,0,0,2.28,9.87,80.4
0,0,0,0,0,0,0,0,0,0,0,0,0,-19.264340447185,213.408824180185,0,8019,0,0,0,0,0,0,0,0,0,0,23.6,19.8,81.6
0.333534598350525,0.270177841186523,1.51684355735779,1.33443212509155,1.38660061359406,1.01098954677582,0,0.862526178359985,0,0.48182138800621,0,0.866891145706177,0,-46.7190362773736,49.2431595990523,0,8021,511,641,537,592,470,601,490,638,462,654,28.9,41.9,83.5
0,0,0,0,0,0,0,0,0,0,0,0,0,-40.5074781171751,96.2607596711863,0,8023,0,0,0,0,0,0,0,0,0,0,37.9,49.4,110
0,0,0,0,0,0,0,0,0,0,0,0,0,9.2053329257569,12.0433605888979,0,8025,0,0,0,0,0,0,0,0,0,0,31.8,49.2,127
0,0,0,0,0,0,0,0,0,0,0,0,0,-28.822614825943,45.0823249727815,0,8028,0,0,0,0,0,0,0,0,0,0,42.7,73.8,167
0,0,0,0,0,0,0,0,0,0,0,0,0,-25.0421006793908,35.3005423531789,0,8030,0,0,0,0,0,0,0,0,0,0,43.6,76.4,191
0,0,0,0,0,0,0,0,0,0,0,0,0,109.177354246667,120.953665261818,0,8032,0,0,0,0,0,0,0,0,0,0,2.65,64.8,257
0,0,0,0,0,0,0,0,0,0,0,0,0,0.678825234565135,35.1242539799074,0,8034,0,0,0,0,0,0,0,0,0,0,49.2,17.8,308
0,0,0,0,0,0,0,0,0,0,0,0,0,-399.229510226887,1249.23205572217,0,8036,0,0,0,0,0,0,0,0,0,0,316,174,332
0,0,0,0,0,0,0,0,0,0,0,0,0,-8117.30958436089,8315.40863599773,0,8038,0,0,0,0,0,0,0,0,0,0,111,61.5,417
0,0,0,0,0,0,0,0,0,0,0,0,0,843.549704257247,1046.71219208875,0,8040,0,0,0,0,0,0,0,0,0,0,829,11500,5290
0,0,0,0,0,0,0,0,0,0,0,0,0,525.99537979264,717.836097017216,0,8042,0,0,0,0,0,0,0,0,0,0,234,333,4910
0,0,0,0,0,0,0,0,0,0,0,0,0,0,0,0,8044,0,0,0,0,0,0,0,0,0,0,9390,5260,2430
0,0,0,0,0,0,0,0,0,0,0,0,0,-8504.14839389205,8951.2138329265,0,8046,0,0,0,0,0,0,0,0,0,0,1380,6080,7710
0,0,0,0,0,0,0,0,0,0,0,0,0,37642.1198529733,66290.5091016525,0,8048,0,0,0,0,0,0,0,0,0,0,8200,11300,2690
0,0,0,0,0,0,0,0,0,0,0,0,0,92.2967180394389,1042.76145394205,0,8051,0,0,0,0,0,0,0,0,0,0,22600,4490,5370
0,0,0,0,0,0,0,0,0,0,0,0,0,-365.790922865426,577.478642100548,0,8053,0,0,0,0,0,0,0,0,0,0,200,206,9270
0,0,0,0,0,0,0,0,0,0,0,0,0,719.484314179228,855.100318711847,0,8055,0,0,0,0,0,0,0,0,0,0,326,17300,7460
0,0,0,0,0,0,0,0,0,0,0,0,0,-167.201568282116,523.716492973325,0,8057,0,0,0,0,0,0,0,0,0,0,427,998,9070
0,0,0,0,0,0,0,0,0,0,0,0,0,11.3855967402128,207.786769267322,0,8059,0,0,0,0,0,0,0,0,0,0,488,414,18800
0,0,0,0,0,0,0,0,0,0,0,0,0,966.084205713111,1424.38169654065,0,8061,0,0,0,0,0,0,0,0,0,0,235,106,18500
0,0,0,0,0,0,0,0,0,0,0,0,0,-43.8136280953711,146.878098739731,0,8063,0,0,0,0,0,0,0,0,0,0,73.4,528,12100
0,0,0,0,0,0,0,0,0,0,0,0,0,-941.898023669644,1013.96537208481,0,8065,0,0,0,0,0,0,0,0,0,0,359,241,22000
0,0,0,0,0,0,0,0,0,0,0,0,0,1328.96562902572,2450.83228360342,0,8067,0,0,0,0,0,0,0,0,0,0,5510,3420,7760
0,0,0,0,0,0,0,0,0,0,0,0,0,1658.42372677148,2316.19632484786,0,8069,0,0,0,0,0,0,0,0,0,0,443,87.8,5400
0,0,0,0,0,0,0,0,0,0,0,0,0,-559.055172045376,2251.36235226974,0,8072,0,0,0,0,0,0,0,0,0,0,146,99,11200
0,0,0,0,0,0,0,0,0,0,0,0,0,545.674524133003,1738.12886144242,0,8074,0,0,0,0,0,0,0,0,0,0,211,498,3430
0,0,0,0,0,0,0,0,0,0,0,0,0,871.515672155097,24786.8012392539,0,8076,0,0,0,0,0,0,0,0,0,0,3140,2080,12800
0,0,0,0,0,0,0,0,0,0,0,0,0,576.266418710338,1558.63903294724,0,8078,0,0,0,0,0,0,0,0,0,0,567,3400,17700
0,0,0,0,0,0,0,0,0,0,0,0,0,-1498.5124708596,13678.8827475605,0,8080,0,0,0,0,0,0,0,0,0,0,2820,332,10700
0,0,0,0,0,0,0,0,0,0,0,0,0,-10478.8496549459,15553.4150713609,0,8082,0,0,0,0,0,0,0,0,0,0,516,1110,13700
0,0,0,0,0,0,0,0,0,0,0,0,0,49.9711006245451,115.042223619157,1,8084,0,0,0,0,0,0,0,0,0,0,5190,3630,19800
0,0,0,0,0,0,0,0,0,0,0,0,0,-222.981258927487,1082.0209072297,1,8086,0,0,0,0,0,0,0,0,0,0,492,116,8090
0,0,0,0,0,0,0,0,0,0,0,0,0,73.2621329492963,631.52794612574,1,8088,0,0,0,0,0,0,0,0,0,0,5050,231,7250
0,0,0,0,0,0,0,0,0,0,0,0,0,-8.1046114342664,917.730095166991,1,8090,0,0,0,0,0,0,0,0,0,0,115,1050,10600
0,0,0,0,0,0,0,0,0,0,0,0,0,28.5817534057925,418.643592000729,1,8093,0,0,0,0,0,0,0,0,0,0,355,199,7460
0,0,0,0,0,0,0,0,0,0,0,0,0,18.7734067669265,226.371335811858,1,8095,0,0,0,0,0,0,0,0,0,0,221,3370,5120
0,0,0,0,0,0,0,0,0,0,0,0,0,908.596323884908,1266.4412533894,1,8097,0,0,0,0,0,0,0,0,0,0,358,123,4090
0,0,0,0,0,0,0,0,0,0,0,0,0,270.611867081256,11383.5910667235,1,8099,0,0,0,0,0,0,0,0,0,0,2440,1540,4470
0,0,0,0,0,0,0,0,0,0,0,0,0,-2727.50558705227,3562.09205115982,1,8101,0,0,0,0,0,0,0,0,0,0,205,364,2940
0,0,0,0,0,0,0,0,0,0,0,0,0,630.344879660118,1295.62446422382,1,8103,0,0,0,0,0,0,0,0,0,0,2480,3890,623
0,0,0,0,0,0,0,0,0,0,0,0,0,-203.603286999563,463.925441536127,1,8105,0,0,0,0,0,0,0,0,0,0,147,379,1650
0,0,0,0,0,0,0,0,0,0,0,0,0,-1208.31502492612,1221.18787424372,1,8107,0,0,0,0,0,0,0,0,0,0,352,1210,3950
0,0,0,0,0,0,0,0,0,0,0,0,0,-241.556505886866,4031.59986319533,1,8109,0,0,0,0,0,0,0,0,0,0,6150,3580,7140
0,0,0,0,0,0,0,0,0,0,0,0,0,-2400.5847082763,3204.90271678451,1,8111,0,0,0,0,0,0,0,0,0,0,22.6,4110,4780
0,0,0,0,0,0,0,0,0,0,0,0,0,345.594531467666,533.764728309368,1,8114,0,0,0,0,0,0,0,0,0,0,129,321,7090
0,0,0,0,0,0,0,0,0,0,0,0,0,5034.41197291564,6413.25962622983,1,8116,0,0,0,0,0,0,0,0,0,0,17100,14100,617
0,0,0,0,0,0,0,0,0,0,0,0,0,-443.987769809196,480.63648163891,1,8118,0,0,0,0,0,0,0,0,0,0,162,2720,5130
0,0,0,0,0,0,0,0,0,0,0,0,0,-476.766901716198,678.262926783247,1,8120,0,0,0,0,0,0,0,0,0,0,15400,4050,1790
0,0,0,0,0,0,0,0,0,0,0,0,0,724.324397797358,752.685386237706,1,8122,0,0,0,0,0,0,0,0,0,0,354,154,5260
0,0,0,0,0,0,0,0,0,0,0,0,0,-2210.65242677259,2479.96907376112,1,8124,0,0,0,0,0,0,0,0,0,0,2120,14300,4790
0,0,0,0,0,0,0,0,0,0,0,0,0,-1093.37770959381,1165.9820566532,1,8126,0,0,0,0,0,0,0,0,0,0,227,2850,6470
0,0,0,0,0,0,0,0,0,0,0,0,0,353.031815046799,2656.6187307265,1,8128,0,0,0,0,0,0,0,0,0,0,368,913,16500
0,0,0,0,0,0,0,0,0,0,0,0,0,494.971126411292,499.999836207343,1,8130,0,0,0,0,0,0,0,0,0,0,287,481,13800
0,0,0,0,0,0,0,0,0,0,0,0,0,-480.126330138047,1331.54774068637,1,8132,0,0,0,0,0,0,0,0,0,0,268,136,7760
0,0,0,0,0,0,0,0,0,0,0,0,0,24.8714871766198,600.519257614312,1,8135,0,0,0,0,0,0,0,0,0,0,92.1,497,4230
0,0,0,0,0,0,0,0,0,0,0,0,0,-784.503221484324,1235.01337393264,1,8137,0,0,0,0,0,0,0,0,0,0,146,195,10200
0,0,0,0,0,0,0,0,0,0,0,0,0,-631.498929049967,1261.55004676866,1,8139,0,0,0,0,0,0,0,0,0,0,756,317,2120
0,0,0,0,0,0,0,0,0,0,0,0,0,1016.95967563037,2430.71465201245,1,8141,0,0,0,0,0,0,0,0,0,0,194,299,8550
0,0,0,0,0,0,0,0,0,0,0,0,0,-3391.47094394757,7861.0845132043,0,8143,0,0,0,0,0,0,0,0,0,0,800,711,5540
0,0,0,0,0,0,0,0,0,0,0,0,0,-842.844238732766,897.424317556515,0,8145,0,0,0,0,0,0,0,0,0,0,216,60.8,9400
0,0,0,0,0,0,0,0,0,0,0,0,0,476.177369335229,625.526961715352,0,8147,0,0,0,0,0,0,0,0,0,0,952,224,15900
0,0,0,0,0,0,0,0,0,0,0,0,0,1159.37819904424,1286.2270572512,0,8149,0,0,0,0,0,0,0,0,0,0,236,109,9040
0,0,0,0,0,0,0,0,0,0,0,0,0,1024.94924941582,1702.6604026471,0,8151,0,0,0,0,0,0,0,0,0,0,549,768,9490
0,0,0,0,0,0,0,0,0,0,0,0,0,-865.656555201389,3729.89055637089,0,8153,0,0,0,0,0,0,0,0,0,0,94.8,392,13900
0,0,0,0,0,0,0,0,0,0,0,0,0,-193.290582290395,291.031815383286,0,8156,0,0,0,0,0,0,0,0,0,0,653,169,8540
0,0,0,0,0,0,0,0,0,0,0,0,0,142.071680588494,225.390862272791,0,8158,0,0,0,0,0,0,0,0,0,0,183,317,1750
0,0,0,0,0,0,0,0,0,0,0,0,0,131.813410871227,220.141843495963,0,8160,0,0,0,0,0,0,0,0,0,0,19.8,504,821
0,0,0,0,0,0,0,0,0,0,0,0,0,-1386.46758256894,1645.80493459334,0,8162,0,0,0,0,0,0,0,0,0,0,103,457,5010
0,0,0,0,0,0,0,0,0,0,0,0,0,502.849166465292,511.915529450971,0,8164,0,0,0,0,0,0,0,0,0,0,42.8,28.6,759
0,0,0,0,0,0,0,0,0,0,0,0,0,160.944419424389,177.253234192989,0,8166,0,0,0,0,0,0,0,0,0,0,99.6,60.8,332
0,0,0,0,0,0,0,0,0,0,0,0,0,-376.898281501379,598.893123487017,0,8168,0,0,0,0,0,0,0,0,0,0,103,117,335
0,0,0,0,0,0,0,0,0,0,0,0,0,474.545967498309,631.111731361263,0,8170,0,0,0,0,0,0,0,0,0,0,175,93.1,438
0,0,0,0,0,0,0,0,0,0,0,0,0,-186.776932222938,500.758592683419,0,8172,0,0,0,0,0,0,0,0,0,0,87.4,219,489
0,0,0,0,0,0,0,0,0,0,0,0,0,-129.530589990106,144.124490586785,0,8174,0,0,0,0,0,0,0,0,0,0,167,19.8,854
0,0,0,0,0,0,0,0,0,0,0,0,0,-73.5841199231697,110.175306695614,0,8176,0,0,0,0,0,0,0,0,0,0,116,72.3,584
0,0,0,0,0,0,0,0,0,0,0,0,0,-117.04552058026,143.50573986943,0,8179,0,0,0,0,0,0,0,0,0,0,139,15.2,636
0,0,0,0,0,0,0,0,0,0,0,0,0,-2333.07443909071,2576.41165042572,0,8181,0,0,0,0,0,0,0,0,0,0,114,228,1210
0,0,0,0,0,0,0,0,0,0,0,0,0,95.7044979121339,202.871431812366,0,8183,0,0,0,0,0,0,0,0,0,0,251,200,1140
0,0,0,0,0,0,0,0,0,0,0,0,0,107.20862226497,889.679785834218,0,8185,0,0,0,0,0,0,0,0,0,0,201,68.6,737
0,0,0,0,0,0,0,0,0,0,0,0,0,418.848775358608,702.470064224988,0,8187,0,0,0,0,0,0,0,0,0,0,257,49.9,1010
0,0,0,0,0,0,0,0,0,0,0,0,0,-364.97184442482,415.555389888255,0,8189,0,0,0,0,0,0,0,0,0,0,175,212,1080
0,0,0,0,0,0,0,0,0,0,0,0,0,-281.858371963072,1115.73646600733,0,8191,0,0,0,0,0,0,0,0,0,0,331,146,553
0,0,0,0,0,0,0,0,0,0,0,0,0,209.296824403507,236.690663658834,0,8193,0,0,0,0,0,0,0,0,0,0,253,65.6,597
0,0,0,0,0,0,0,0,0,0,0,0,0,-53.3295432385291,89.7726602064151,0,8195,0,0,0,0,0,0,0,0,0,0,297,99.8,334
0,0,0,0,0,0,0,0,0,0,0,0,0,214.925349202821,218.722133648338,0,8197,0,0,0,0,0,0,0,0,0,0,251,40.1,90.2
0,0,0,0,0,0,0,0,0,0,0,0,0,99.1397422411274,107.111851374627,0,8200,0,0,0,0,0,0,0,0,0,0,192,123,335
0,0,0,0,0,0,0,0,0,0,0,0,0,199.306246844421,250.371187669934,0,8202,0,0,0,0,0,0,0,0,0,0,175,237,130
0,0,0,0,0,0,0,0,0,0,0,0,0,1177.32801023522,1452.31707113496,0,8204,0,0,0,0,0,0,0,0,0,0,544,320,500
0,0,0,0,0,0,0,0,0,0,0,0,0,1855.97019915598,2516.96714024722,0,8206,0,0,0,0,0,0,0,0,0,0,64.5,128,547
0,0,0,0,0,0,0,0,0,0,0,0,0,-787.964071085532,920.181599228711,0,8208,0,0,0,0,0,0,0,0,0,0,175,88.4,250
0,0,0,0,0,0,0,0,0,0,0,0,0,-55.300956499955,442.083405315173,0,8210,0,0,0,0,0,0,0,0,0,0,125,268,550
0,0,0,0,0,0,0,0,0,0,0,0,0,1.97910761246891,35.17354067875,0,8212,0,0,0,0,0,0,0,0,0,0,76.3,53.8,707
0,0,0,0,0,0,0,0,0,0,0,0,0,-3.7252590708758,15.1955567427209,0,8214,0,0,0,0,0,0,0,0,0,0,11.7,96.5,450
0,0,0,0,0,0,0,0,0,0,0,0,0,-4.46681472783853,35.1188202966762,0,8216,0,0,0,0,0,0,0,0,0,0,13,247,801
0,0,0,0,0,0,0,0,0,0,0,0,0,-10.8490951175792,31.3961058094941,0,8218,0,0,0,0,0,0,0,0,0,0,9.58,72.6,1040
0,0,0,0,0,0,0,0,0,0,0,0,0,40.9129150965456,103.812592392552,0,8221,0,0,0,0,0,0,0,0,0,0,6.98,10.8,971
0,0,0,0,0,0,0,0,0,0,0,0,0,-11.510820342207,46.4478849817168,0,8223,0,0,0,0,0,0,0,0,0,0,14,15.8,735
0,0,0,0,0,0,0,0,0,0,0,0,0,34.250864769325,69.7589563168835,0,8225,0,0,0,0,0,0,0,0,0,0,6.13,3.99,1070
0,0,0,0,0,0,0,0,0,0,0,0,0,0.566851038236736,2.43547447046619,0,8227,0,0,0,0,0,0,0,0,0,0,16.5,7.26,1140
0,0,0,0,0,0,0,0,0,0,0,0,0,-4.88243133328312,13.3063161834447,0,8229,0,0,0,0,0,0,0,0,0,0,3.51,13.1,848
0,0,0,0,0,0,0,0,0,0,0,0,0,85.72080267902,192.513174824494,0,8231,0,0,0,0,0,0,0,0,0,0,11.6,19.7,1030
0,0,0,0,0,0,0,0,0,0,0,0,0,-13.287808850411,17.369447835231,0,8233,0,0,0,0,0,0,0,0,0,0,34.6,12.5,989
0,0,0,0,0,0,0,0,0,0,0,0,0,-106.686786321611,184.349300414529,0,8235,0,0,0,0,0,0,0,0,0,0,48.9,22.2,552
0,0,0,0,0,0,0,0,0,0,0,0,0,107.234381074873,144.241577119796,0,8237,0,0,0,0,0,0,0,0,0,0,37,37.1,634
0,0,0,0,0,0,0,0,0,0,0,0,0,136.9829530261,163.130285851153,0,8239,0,0,0,0,0,0,0,0,0,0,22,43.8,630
0,0,0,0,0,0,0,0,0,0,0,0,0,-49.0390810208857,77.360584402245,0,8242,0,0,0,0,0,0,0,0,0,0,23.7,53.1,376
0,0,0,0,0,0,0,0,0,0,0,0,0,31.318271544094,117.185843660839,0,8244,0,0,0,0,0,0,0,0,0,0,74,72.5,147
0,0,0,0,0,0,0,0,0,0,0,0,0,-5.2761402565253,18.6384453747812,0,8246,0,0,0,0,0,0,0,0,0,0,29.9,54.5,190
0,0,0,0,0,0,0,0,0,0,0,0,0,55.4215243466349,133.778146530956,0,8248,0,0,0,0,0,0,0,0,0,0,119,46.1,161
0,0,0,0,0,0,0,0,0,0,0,0,0,125.483286335584,213.708388614393,0,8250,0,0,0,0,0,0,0,0,0,0,118,84.4,225
0,0,0,0,0,0,0,0,0,0,0,0,0,0.870549382426279,6.34566733988285,0,8252,0,0,0,0,0,0,0,0,0,0,26.1,99.9,115
0,0,0,0,0,0,0,0,0,0,0,0,0,-8.26655356822526,18.3605741153647,0,8254,0,0,0,0,0,0,0,0,0,0,75.9,83.6,110
0,0,0,0,0,0,0,0,0,0,0,0,0,7.87392090409175,48.3835001339187,0,8256,0,0,0,0,0,0,0,0,0,0,57.9,22,111
0,0,0,0,0,0,0,0,0,0,0,0,0,-6.66814491640788,16.5959087030899,0,8258,0,0,0,0,0,0,0,0,0,0,30,65.1,108
0,0,0,0,0,0,0,0,0,0,0,0,0,50.3073352397641,116.283307616768,0,8260,0,0,0,0,0,0,0,0,0,0,29.2,65.9,114
0,0,0,0,0,0,0,0,0,0,0,0,0,-12.9677890360458,41.8905995021909,0,8263,0,0,0,0,0,0,0,0,0,0,41.6,37,150
0,0,0,0,0,0,0,0,0,0,0,0,0,30.234985769838,69.2185454161122,1,8265,0,0,0,0,0,0,0,0,0,0,40.3,44.4,203
0,0,0,0,0,0,0,0,0,0,0,0,0,12.2999555813551,64.8647236692895,1,8267,0,0,0,0,0,0,0,0,0,0,38.6,68.4,202
0,0,0,0,0,0,0,0,0,0,0,0,0,-5.36516279666059,17.6221455680882,1,8269,0,0,0,0,0,0,0,0,0,0,20,79.1,195
0,0,0,0,0,0,0,0,0,0,0,0,0,-1.76781484840934,11.9834989027971,1,8271,0,0,0,0,0,0,0,0,0,0,52.1,62.9,172
0,0,0,0,0,0,0,0,0,0,0,0,0,12.8006099929727,34.1332598537249,1,8273,0,0,0,0,0,0,0,0,0,0,30.5,83.6,131
0,0,0,0,0,0,0,0,0,0,0,0,0,9.40916531024762,44.8025608795276,1,8275,0,0,0,0,0,0,0,0,0,0,2.87,52.7,144
0,0,0,0,0,0,0,0,0,0,0,0,0,-19.7737616221574,71.5345059615745,1,8277,0,0,0,0,0,0,0,0,0,0,43,53.5,161
0,0,0,0,0,0,0,0,0,0,0,0,0,13.9799922519504,92.0679514042056,1,8279,0,0,0,0,0,0,0,0,0,0,41,42.6,268
0,0,0,0,0,0,0,0,0,0,0,0,0,4.31379575971707,80.5517193849354,1,8281,0,0,0,0,0,0,0,0,0,0,45,8.08,364
0,0,0,0,0,0,0,0,0,0,0,0,0,-6.28627700825224,89.6726080406545,1,8284,0,0,0,0,0,0,0,0,0,0,66.9,28.6,508
0,0,0,0,0,0,0,0,0,0,0,0,0,-24.3181195814465,49.7959769295959,1,8286,0,0,0,0,0,0,0,0,0,0,45.6,57.6,534
0,0,0,0,0,0,0,0,0,0,0,0,0,18.0980140873219,154.025221825072,1,8288,0,0,0,0,0,0,0,0,0,0,97.1,103,538
0,0,0,0,0,0,0,0,0,0,0,0,0,-1.42925048667795,114.03860938161,1,8290,0,0,0,0,0,0,0,0,0,0,94.3,95.9,525
0,0,0,0,0,0,0,0,0,0,0,0,0,31.3185477160254,65.6737930919736,1,8292,0,0,0,0,0,0,0,0,0,0,15.1,116,427
0,0,0,0,0,0,0,0,0,0,0,0,0,-16.2096747574066,98.403434754558,1,8294,0,0,0,0,0,0,0,0,0,0,59.3,92.3,314
0,0,0,0,0,0,0,0,0,0,0,0,0,84.1762099761668,171.218833374536,1,8296,0,0,0,0,0,0,0,0,0,0,11.5,52.7,152
0,0,0,0,0,0,0,0,0,0,0,0,0,25.1809368530073,108.80400143511,1,8298,0,0,0,0,0,0,0,0,0,0,80.6,21.6,22.3
0,0,0,0,0,0,0,0,0,0,0,0,0,23.0535698835022,52.1945664535296,1,8300,0,0,0,0,0,0,0,0,0,0,45.9,52.1,174
0,0,0,0,0,0,0,0,0,0,0,0,0,17.8201868842657,32.7856662756539,1,8302,0,0,0,0,0,0,0,0,0,0,44.4,55.3,365
0,0,0,0,0,0,0,0,0,0,0,0,0,50.4939258120224,146.616638148216,1,8305,0,0,0,0,0,0,0,0,0,0,54,54.3,536
0,0,0,0,0,0,0,0,0,0,0,0,0,-130.168761440197,174.754329791823,1,8307,0,0,0,0,0,0,0,0,0,0,117,24.7,580
0,0,0,0,0,0,0,0,0,0,0,0,0,-58.4402203950093,115.208316444901,1,8309,0,0,0,0,0,0,0,0,0,0,96.6,37.3,635
0,0,0,0,0,0,0,0,0,0,0,0,0,-4.26376000468142,20.8091585102461,1,8311,0,0,0,0,0,0,0,0,0,0,42.6,91.7,592
0,0,0,0,0,0,0,0,0,0,0,0,0,31.0481296108812,63.2923973171889,1,8313,0,0,0,0,0,0,0,0,0,0,21.5,90.9,480
0,0,0,0,0,0,0,0,0,0,0,0,0,-32.4452829170745,40.3071505361955,1,8315,0,0,0,0,0,0,0,0,0,0,16.4,92,347
0,0,0,0,0,0,0,0,0,0,0,0,0,-8.61592091495723,17.5249791583059,1,8317,0,0,0,0,0,0,0,0,0,0,103,98.2,225
0.371783375740051,0.296654134988785,1.08668529987335,1.32426393032074,1.3942643404007,2.00741267204285,0.895350396633148,0.921028017997742,0.776537299156189,0.750780165195465,0.817529320716858,0.854698836803436,0.912454605102539,30.5822406428103,66.7185874484883,1,8319,504,425,523,457,529,387,490,403,483,360,11.1,76.1,103
0.402886241674423,0.281029909849167,1.09582793712616,1.28610634803772,1.39760851860046,2.23171162605286,0.877604901790619,0.88301283121109,0.749214351177216,0.767610430717468,0.83187597990036,0.851701140403748,0.918127954006195,-50.1222494739183,77.6454050646392,1,8321,477,495,494,494,504,427,465,438,459,395,28,80.5,220
0,0,0,0,0,0,0,0,0,0,0,0,0,22.4258877868959,27.9987725963241,0,8323,0,0,0,0,0,0,0,0,0,0,17.7,32.5,349
0.371247828006744,0.300802528858185,1.10808563232422,1.54673385620117,1.36427927017212,2.30486297607422,0.891708374023438,0.863237142562866,0.708893418312073,0.764008104801178,0.832611382007599,0.857006967067719,0.942248642444611,27.3257004960005,32.482787151332,0,8325,404,530,409,528,432,462,391,466,392,414,9.74,16.5,506
0.383712470531464,0.2859708070755,1.08194983005524,1.33550763130188,0,2.07717442512512,0,0.894277632236481,0.839427053928375,0.727295458316803,0.827836394309998,0.850377142429352,0.959833264350891,-18.6368976917304,35.4915741045401,0,8328,410,527,424,465,444,398,402,400,0,0,9.44,14.2,681
0.361239820718765,0.280902415513992,1.10620677471161,1.29312646389008,1.3395322561264,2.00839972496033,0.826899111270905,0.882534503936768,0.725602924823761,0.747063279151917,0.831207990646362,0.845512092113495,0.903911948204041,1.77986833885539,4.2856560293543,0,8330,376,482,403,482,426,415,384,420,386,367,5.75,8.44,766
0.393856257200241,0.318036884069443,1.10072660446167,1.34842574596405,1.32278800010681,1.48419463634491,0.856496453285217,0.875923216342926,0.810679614543915,0.770861327648163,0.842932820320129,0.847987532615662,0.931859314441681,-14.2941818750716,28.2385537084059,0,8332,280,537,255,573,291,518,249,510,258,471,33.5,10.3,794
0.381432861089706,0.286306649446487,1.08889663219452,1.31721484661102,1.38510060310364,1.75957930088043,0.880596995353699,0.875,0.712590634822845,0.746387720108032,0.817085981369019,0.858415961265564,0.942775368690491,-14.1650819590098,17.0833473335259,0,8334,315,586,329,598,368,538,328,533,341,486,25.7,21.7,831
0.423417925834656,0.293210744857788,1.06914448738098,1.21089053153992,1.25767314434052,1.79137325286865,0,0,0.775173842906952,0.736075222492218,0.86576908826828,0.844676315784454,0.902784109115601,-2.23196803242372,11.2211423589833,0,8336,309,516,321,475,358,418,317,411,328,371,7.01,40,809
0.384079426527023,0.291085332632065,1.13904798030853,1.20980036258698,1.30932950973511,1.80198621749878,0.857717454433441,0.878675580024719,0.732042670249939,0.7317995429039,0.822280883789063,0.850083291530609,0.91030764579773,10.698832130572,14.1247191327135,0,8338,291,458,308,478,348,420,307,413,324,367,10.4,41.2,767
0.372325360774994,0.300287038087845,1.088627576828,1.12621879577637,1.33621597290039,1.66340935230255,0,0.907914280891418,0.871640145778656,0.745519638061523,0.867415726184845,0.850132465362549,0.908424198627472,-29.3951529908046,34.9405921452997,0,8340,262,455,250,450,295,397,252,385,273,338,10.2,32,695
0.400244355201721,0.291903018951416,1.10046911239624,1.23607361316681,1.30541110038757,1.58011257648468,0.911786317825317,0.908418893814087,0.738116800785065,0.741155505180359,0.847547173500061,0.852518796920776,0.934028923511505,-0.525088496128775,2.10774186963722,0,8342,220,431,231,451,279,396,239,388,263,340,12.5,27,650
0.373872995376587,0.293536692857742,1.07306385040283,1.08151638507843,1.33606553077698,1.67280149459839,0.845222949981689,0.873132586479187,0.727546215057373,0.741113424301147,0.830549240112305,0.855780303478241,0.896345436573029,-2.86571946266141,9.02079055397415,0,8344,219,436,235,438,282,388,241,373,263,333,0.752,15.1,570
0.399134963750839,0.302770972251892,1.13544416427612,1.12693607807159,1.28778445720673,1.557284116745,0.887272715568543,0.850177764892578,0.768010556697845,0.745285034179688,0.846890866756439,0.851055324077606,0.921212136745453,-5.91761264405135,21.5283367820749,0,8346,204,423,214,442,263,391,222,378,247,332,1.27,12.6,500
0.379935622215271,0.296702802181244,1.08626592159271,1.20055103302002,1.33173978328705,1.62874841690063,0.921366930007935,0.832568228244782,0.679581820964813,0.830531358718872,0.834599077701569,0.871559083461762,0.907859086990356,0.996850797728144,17.246742726255,0,8349,202,426,258,441,306,390,265,378,292,327,7.46,6.71,415
0.378739506006241,0.313290536403656,1.08334410190582,1.13993453979492,1.31993198394775,1.41430473327637,0.910954773426056,0.860685288906097,0.708875715732574,0.743245124816895,0.836999118328095,0.856769323348999,0.907025098800659,9.64883528716563,18.160716402288,0,8351,294,259,287,311,333,263,293,258,313,228,2.81,0.644,390
0.381774306297302,0.284168899059296,1.09727227687836,1.16157758235931,1.37485206127167,1.52306640148163,0.875207304954529,0.875613331794739,0.749485373497009,0.736344695091248,0.806499063968658,0.834376692771912,0.897818922996521,0.474808184565324,19.5451322902379,0,8353,316,230,331,239,381,188,340,176,369,131,1.38,3.59,336
0.382914811372757,0.293915718793869,1.10414791107178,1.1104656457901,1.33768701553345,1.53265190124512,0.839105844497681,0.873277723789215,0.733190298080444,0.724960803985596,0.856029093265533,0.845170915126801,0.890120208263397,11.70004538007,18.8409788004551,0,8355,325,220,335,223,385,175,344,161,369,124,3.69,1.21,316
0.378197938203812,0.278179168701172,1.10553240776062,1.1032806634903,1.32047343254089,1.49873900413513,0.876022875308991,0.879083514213562,0.783877670764923,0.741239011287689,0.78526109457016,0.843394339084625,0.904712021350861,-6.50579352979523,12.8588328583426,0,8357,328,222,340,237,390,187,349,176,377,130,1.04,1.19,291
0.392556428909302,0.283539026975632,1.11583411693573,1.07186925411224,1.28936839103699,1.40293323993683,0.851995170116425,0.877749443054199,0.707933604717255,0.722379982471466,0.829636454582214,0.841400980949402,0.895110547542572,-62.2237154222816,74.8214019539204,0,8359,345,215,349,231,397,182,357,169,380,131,12.6,7.1,291
0.400189876556397,0.285714626312256,1.08413255214691,1.09470117092133,1.28758668899536,1.49295699596405,0.872334122657776,0.854100525379181,0.69768089056015,0.72187876701355,0.846172511577606,0.837814569473267,0.904901683330536,13.2218926857558,14.1971104761232,0,8361,328,223,316,247,364,200,325,183,345,148,0.769,1.2,251
0.370414912700653,0.280722498893738,1.07938230037689,1.05718636512756,1.26368761062622,1.39336133003235,0.87633627653122,0.862500011920929,0.738452672958374,0.757163941860199,0.849597930908203,0.834900677204132,0.896207571029663,-3.51241907293744,6.52764540432527,0,8363,298,263,310,274,359,223,319,210,345,166,12.2,1.81,203
0.377550542354584,0.282385915517807,1.09099662303925,1.08843958377838,1.23784911632538,1.33716857433319,0.900584816932678,0.8498774766922,0.757338523864746,0.752185165882111,0.851392030715942,0.846385061740875,0.889232218265533,4.88857353034681,10.9337765465154,0,8365,297,262,308,267,358,215,317,204,351,144,3.22,1.89,186
0,0,0,0,0,0,0,0,0,0,0,0,0,-9.41635481744564,18.0401569347641,0,8367,0,0,0,0,0,0,0,0,0,0,1.35,5.26,151
0.469647467136383,0.300285518169403,0.88869059085846,0.97885400056839,0,1.35680615901947,0.875528693199158,0,0.867943525314331,0.741671919822693,0.985630333423615,0.848857939243317,0,13.0952107704688,15.4316235929049,0,8370,558,45.3,609,83.1,597,21,616,21.7,0,0,15.7,16.4,96
0,0,0,0,0,0,0,0,0,0,0,0,0,-1.43499937872004,2.02965422551769,0,8372,0,0,0,0,0,0,0,0,0,0,32,29.2,55.4
0,0,0,0,0,0,0,0,0,0,0,0,0,-21.4611852282819,51.1502327597896,0,8374,0,0,0,0,0,0,0,0,0,0,40.1,42.3,30
0,0,0,0,0,0,0,0,0,0,0,0,0,27.2177247015909,44.7861298176197,0,8376,0,0,0,0,0,0,0,0,0,0,36.9,80.3,32.9
0,0,0,0,0,0,0,0,0,0,0,0,0,10.9024519798345,34.0275332555449,0,8378,0,0,0,0,0,0,0,0,0,0,12.9,69.6,82.6
0,0,0,0,0,0,0,0,0,0,0,0,0,-3.53222056182065,6.71187169012065,0,8380,0,0,0,0,0,0,0,0,0,0,10.3,69.2,128
0,0,0,0,0,0,0,0,0,0,0,0,0,113.630150105889,196.937532069866,0,8382,0,0,0,0,0,0,0,0,0,0,88.3,97.6,218
0,0,0,0,0,0,0,0,0,0,0,0,0,-29.1953328102633,31.9718258887167,0,8384,0,0,0,0,0,0,0,0,0,0,101,86.4,294
0,0,0,0,0,0,0,0,0,0,0,0,0,-8.93818186651644,13.8592750455078,0,8386,0,0,0,0,0,0,0,0,0,0,36.3,127,384
0,0,0,0,0,0,0,0,0,0,0,0,0,1.78281141043955,19.04336899273,0,8388,0,0,0,0,0,0,0,0,0,0,43.7,75.3,496
0,0,0,0,0,0,0,0,0,0,0,0,0,-33.1905968678798,59.8309363425387,0,8391,0,0,0,0,0,0,0,0,0,0,26.2,20,675
0.387141019105911,0.298164665699005,1.28180718421936,1.04777550697327,0,1.18554246425629,0,0,0,0.53446763753891,1.04804265499115,0,0.956140339374542,-33.6091719145373,58.1500921432614,0,8393,723,191,656,168,599,155,604,201,0,0,47.6,30.8,750
0.415737837553024,0.298100680112839,1.32968842983246,1.06222379207611,1.19849455356598,1.16318106651306,0,0,0,0.784885108470917,0.826086938381195,0.856483817100525,0.910036087036133,34.8328414895769,76.3800209288331,0,8395,740,137,756,89.6,691,105,714,143,686,157,77.6,44.5,820
0,0.283313781023026,1.24675512313843,1.08286249637604,0,1.19614493846893,0,0,0,0.774507164955139,0,0.835682928562164,0,-5.65577775162557,23.6324467062225,0,8397,0,0,725,89.3,666,101,689,142,0,0,46.8,37.2,875
0,0,0,0,0,0,0,0,0,0,0,0,0,-13.7286330766137,35.7511081778852,0,8399,0,0,0,0,0,0,0,0,0,0,42.6,43.4,862
0,0,0,0,0,0,0,0,0,0,0,0,0,7.99072303407762,110.332897911072,0,8401,0,0,0,0,0,0,0,0,0,0,34.4,42.6,817
0.369319528341293,0.295730799436569,1.21271884441376,1.10362362861633,1.06675744056702,1.09617388248444,0.795471131801605,0.879213511943817,0.740701854228973,0.537614703178406,1.22571432590485,0.776479721069336,0,-0.354762610223068,63.0483465134024,0,8403,246,431,250,397,187,398,207,440,171,461,42.2,31.1,756
0.442736387252808,0.309284269809723,1.20617377758026,1.11046779155731,1.13718545436859,1.00354111194611,0.913528263568878,0.920560777187347,0.751895725727081,0.806334257125855,0.848852336406708,0.869403600692749,0.89945113658905,-3.39347803951336,181.167150047202,0,8405,191,518,178,473,118,480,138,519,101,541,51.8,16.1,644
0,0,0,0,0,0,0,0,0,0,0,0,0,-0.033206500446203,13.498373105498,0,8407,0,0,0,0,0,0,0,0,0,0,61,10.3,511
0.372746676206589,0.273628056049347,1.17455625534058,1.11778807640076,0,1.10975313186646,0,0,0.893805325031281,0.698695421218872,0,0.886945903301239,1.16738200187683,-0.128566450729874,19.3712594621999,0,8409,459,317,432,298,371,285,382,330,0,0,8.82,34,381
0.391954809427261,0.276160806417465,1.255699634552,1.1489976644516,1.16925597190857,1.01979970932007,0.860893309116364,0.906104981899262,0.703445374965668,0.764471590518951,0.866876482963562,0.836025774478912,0.87839537858963,-8.74663816560928,84.9458060833499,0,8412,477,316,465,307,411,294,418,342,381,351,6.73,52.4,202
0.382290810346603,0.278376013040543,1.20069026947021,1.11049318313599,1.14437055587769,1.07187712192535,0.897899925708771,0.923223376274109,0.772621810436249,0.772200465202332,0.804063856601715,0.843790471553803,0.915685594081879,0.058543503880608,14.1114297408992,0,8414,506,318,483,291,426,280,433,323,390,330,9.56,26.6,80.5
0.389641344547272,0.28444504737854,1.18887329101563,1.14552652835846,1.1830381155014,1.07437872886658,0.902357935905457,0.908820450305939,0.780418813228607,0.769368946552277,0.861939132213593,0.841552555561066,0.906254053115845,0.019313842582938,0.984983596010077,0,8416,526,317,523,291,462,284,476,327,432,337,4.58,13.3,116
0.397770941257477,0.293488651514053,1.17310285568237,1.14251112937927,1.1751903295517,1.042844414711,0.945273637771606,0.914124608039856,0.718030393123627,0.765239536762238,0.856027543544769,0.86241489648819,0.897484302520752,0.280397444320765,25.0752739917253,0,8418,539,315,535,289,474,280,486,328,440,343,2.48,11.4,115
0,0,0,0,0,0,0,0,0,0,0,0,0,3.46411784488544,30.5586776807299,0,8420,0,0,0,0,0,0,0,0,0,0,5.46,4.26,130
0.452062547206879,0.315279245376587,1.20854818820953,1.08312237262726,1.12422847747803,1.05824518203735,0.891666650772095,0.884965062141418,0.872906804084778,0.810940802097321,0.851254463195801,0.871102213859558,0.952582955360413,-0.423692986436188,19.896043820638,0,8422,203,493,230,479,181,507,212,540,192,578,11.6,6.11,125
0.4290551841259,0.299519538879395,1.24469208717346,1.11777102947235,1.14129745960236,1.03462624549866,0,0.883168339729309,0.748638153076172,0.866853296756744,0.894389450550079,0.857154250144959,0.940145075321198,1.77308639522288,18.8313787472642,0,8424,164,400,120,322,85.8,374,124,391,107,422,21.8,8.49,98.4
0.427892535924912,0.290522783994675,1.18639409542084,1.16961979866028,1.02674508094788,1.11065578460693,0.834050416946411,0.857045590877533,0.918010771274567,0.783683836460114,0.898711681365967,0,0.831501841545105,-5.32125583785039,84.6653676619889,0,8426,264,102,233,128,211,185,253,190,250,231,10.2,5.21,87.2
0,0,0,0,0,0,0,0,0,0,0,0,0,-0.004800390403758,20.9382939988117,0,8428,0,0,0,0,0,0,0,0,0,0,9.08,12.3,79.4
0,0,0,0,0,0,0,0,0,0,0,0,0,-10.2416627247126,21.1258841724318,0,8430,0,0,0,0,0,0,0,0,0,0,27.7,13.4,70
0,0,0,0,0,0,0,0,0,0,0,0,0,11.5108291653262,40.3847826563375,0,8433,0,0,0,0,0,0,0,0,0,0,13.5,25.9,92.9
0,0,0,0,0,0,0,0,0,0,0,0,0,0.387644294279577,36.0777907655717,0,8435,0,0,0,0,0,0,0,0,0,0,21.9,46.7,109
0,0,0,0,0,0,0,0,0,0,0,0,0,64.4681100432955,101.394936142381,0,8437,0,0,0,0,0,0,0,0,0,0,16.1,26.7,55.8
0,0,0,0,0,0,0,0,0,0,0,0,0,91.4791623943795,102.945592926785,0,8439,0,0,0,0,0,0,0,0,0,0,60.6,6.37,31.7
0,0,0,0,0,0,0,0,0,0,0,0,0,-13.8102600271877,26.3623129351538,0,8441,0,0,0,0,0,0,0,0,0,0,13.5,12.9,65.6
0,0,0,0,0,0,0,0,0,0,0,0,0,59.5152397007258,60.6276950031349,1,8443,0,0,0,0,0,0,0,0,0,0,23.5,44.2,46.7
0,0,0,0,0,0,0,0,0,0,0,0,0,15.9478469629013,30.1957983807747,1,8445,0,0,0,0,0,0,0,0,0,0,25.3,34.6,50.1
0,0,0,0,0,0,0,0,0,0,0,0,0,15.1573217293613,15.4906890487421,1,8447,0,0,0,0,0,0,0,0,0,0,2.9,29.3,56.7
0,0,0,0,0,0,0,0,0,0,0,0,0,-9.07965058506639,13.936028973831,1,8449,0,0,0,0,0,0,0,0,0,0,8.6,29.9,59.3
0,0,0,0,0,0,0,0,0,0,0,0,0,-41.179742914932,41.2952565864383,1,8451,0,0,0,0,0,0,0,0,0,0,1.89,18.9,47
0,0,0,0,0,0,0,0,0,0,0,0,0,-9.56052204162152,19.6958867522157,1,8453,0,0,0,0,0,0,0,0,0,0,3.53,15.1,49
0,0,0,0,0,0,0,0,0,0,0,0,0,85.6108739421214,90.3817727781675,1,8456,0,0,0,0,0,0,0,0,0,0,11.1,21.8,62.6
0,0,0,0,0,0,0,0,0,0,0,0,0,-123.481510894826,124.294327324769,1,8458,0,0,0,0,0,0,0,0,0,0,9.53,22.3,98.6
0,0,0,0,0,0,0,0,0,0,0,0,0,-0.448537087287659,10.147329315247,1,8460,0,0,0,0,0,0,0,0,0,0,6.16,18.6,137
0,0,0,0,0,0,0,0,0,0,0,0,0,14.7528679157269,33.4010704547889,1,8462,0,0,0,0,0,0,0,0,0,0,5.25,19.3,167
0.405514717102051,0.344251781702042,1.21559286117554,1.25556659698486,1.10695803165436,1.10868656635284,0.860841453075409,0.880095899105072,0.635627508163452,0.760369300842285,0.587456166744232,0.858542680740356,0,-9.26675086571766,16.2164907308704,1,8464,93.6,425,78,468,134,498,153,450,161,479,9.14,12.1,187
0.328382134437561,0.298303991556168,1.26845026016235,1.47052454948425,1.1378458738327,1.29054248332977,0.881708860397339,0.854116797447205,0.729900419712067,0.75329715013504,0.849786400794983,0.860853314399719,0.969854652881622,-43.6216456073616,56.5716784672653,1,8466,330,477,297,508,351,537,363,490,393,497,22.6,14.1,215
0,0,0,0,0,0,0,0,0,0,0,0,0,-35.632193864141,101.165230627876,1,8468,0,0,0,0,0,0,0,0,0,0,25.9,28.6,197
0,0,0,0,0,0,0,0,0,0,0,0,0,70.0043870602637,114.141674194249,1,8470,0,0,0,0,0,0,0,0,0,0,54.3,60.7,169
0,0,0,0,0,0,0,0,0,0,0,0,0,33.5229178565981,84.1423503661722,1,8472,0,0,0,0,0,0,0,0,0,0,6.32,47.6,158
0,0,0,0,0,0,0,0,0,0,0,0,0,-21.2052716021865,41.9980713051861,1,8474,0,0,0,0,0,0,0,0,0,0,34.3,56.9,103
0,0,0,0,0,0,0,0,0,0,0,0,0,28.6477612381815,39.6323749288962,1,8477,0,0,0,0,0,0,0,0,0,0,54.2,27.1,32.2
0,0,0,0,0,0,0,0,0,0,0,0,0,92.3741130130498,127.022947672053,1,8479,0,0,0,0,0,0,0,0,0,0,72.2,14.2,45.8
0,0,0,0,0,0,0,0,0,0,0,0,0,86.7172981502424,119.990503542877,1,8481,0,0,0,0,0,0,0,0,0,0,63.1,62.9,84.5
0,0,0,0,0,0,0,0,0,0,0,0,0,19.3035199005377,23.2740417302282,1,8483,0,0,0,0,0,0,0,0,0,0,59.1,94.8,140
0.388123989105225,0.292051374912262,1.14489340782166,1.49533760547638,1.14716267585754,1.4363888502121,0.956046581268311,0.856546700000763,0.75617790222168,0.795454204082489,0.842588245868683,0.873408854007721,0.991467595100403,16.0345062674515,30.418332760986,1,8485,285,117,275,165,314,220,341,185,378,217,33.1,110,176
0.361906319856644,0.304744571447372,1.13762712478638,1.53873467445374,1.12593150138855,1.59974324703217,0.913472056388855,0.891891896724701,0.849712669849396,0.760978102684021,0.815965414047241,0.848831832408905,1.00268530845642,124.393053323382,126.581481725484,1,8487,213,237,219,251,269,289,283,246,325,259,59.5,133,134
0.395114600658417,0.28839710354805,1.16481792926788,1.53944134712219,1.13980889320374,1.21990096569061,0.892419457435608,0.917869567871094,0.710109651088715,0.803523182868958,0.844986796379089,0.854088544845581,1.00319278240204,-9.65908876404728,18.6877356015569,1,8489,228,276,206,265,253,307,271,271,317,286,46.5,121,99.6
0,0,0,0,0,0,0,0,0,0,0,0,0,93.3077289858388,95.2706163753889,1,8491,0,0,0,0,0,0,0,0,0,0,13.5,101,64.5
0,0,0,0,0,0,0,0,0,0,0,0,0,-20.0827047808764,21.822329648146,1,8493,0,0,0,0,0,0,0,0,0,0,12.5,67.7,149
0.34999817609787,0.316173017024994,1.16231977939606,1.65510416030884,1.14354681968689,1.18676662445068,0.898786962032318,0.873884439468384,0.782885611057282,0.772170603275299,0.852335512638092,0.857599139213562,1.02036654949188,-10.6940721926914,14.3083084966602,1,8495,323,248,288,280,340,328,365,277,401,298,18.9,41.9,305
0,0,0,0,0,0,0,0,0,0,0,0,0,42.3840087391111,54.8865001431016,1,8498,0,0,0,0,0,0,0,0,0,0,2.19,24.5,555
0,0,0,0,0,0,0,0,0,0,0,0,0,2.01038207742259,27.624061723082,1,8500,0,0,0,0,0,0,0,0,0,0,12.3,4.27,701
0.419529527425766,0.302582561969757,1.13170063495636,1.5273312330246,1.11711549758911,1.14974963665009,0.947741389274597,0.902125298976898,0.675188302993774,0.777294993400574,0.901584625244141,0.877541065216064,0.911423325538635,-16.4611740299517,29.6625678387984,1,8502,212,247,176,267,234,285,223,241,238,240,2.43,5.54,842
0,0,0,0,0,0,0,0,0,0,0,0,0,15.0314979270478,39.1193223908754,0,8504,0,0,0,0,0,0,0,0,0,0,8.23,12.5,934
0.410419404506683,0.266215562820435,1.12623250484467,1.64330494403839,1.13979434967041,1.18804049491882,0.874021053314209,0.914361000061035,0.754574298858643,0.816098511219025,0.876926898956299,0.885829091072083,0.934547543525696,-6.33741122055928,7.49729773599729,0,8506,261,251,245,271,313,291,305,251,364,248,4.82,8.52,980
0.409825295209885,0.267319679260254,1.15650236606598,1.6567143201828,1.15602672100067,1.08255660533905,0.880440294742584,0.862472176551819,0.736821115016937,0.846755385398865,0.858617842197418,0.889206290245056,0.948877811431885,-9.46637293284917,12.5886060740308,0,8508,245,253,227,271,299,287,289,251,344,248,11.6,18.2,976
0.419812709093094,0.262744635343552,1.11874270439148,1.67407596111298,1.13666653633118,1.15829133987427,0.839437246322632,0.84713226556778,0.740651488304138,0.778383255004883,0.892267823219299,0.876525461673737,0.936917543411255,-47.5308388374005,75.0132203221947,0,8510,277,248,273,272,331,291,324,248,369,251,9.63,16.1,935
0,0,0,0,0,0,0,0,0,0,0,0,0,-1.78762405366257,41.5921462381597,0,8512,0,0,0,0,0,0,0,0,0,0,7.08,22.3,853
0,0,0,0,0,0,0,0,0,0,0,0,0,-28.4292817184866,53.9653385525797,0,8514,0,0,0,0,0,0,0,0,0,0,13,19.8,745
0,0,0,0,0,0,0,0,0,0,0,0,0,2.73197997800517,38.9256019666928,0,8516,0,0,0,0,0,0,0,0,0,0,36.4,26.5,631
0,0,0,0,0,0,0,0,0,0,0,0,0,1.65707820676478,70.6639957914287,0,8519,0,0,0,0,0,0,0,0,0,0,35.6,29.7,442
0,0,0,0,0,0,0,0,0,0,0,0,0,16.3941929837506,31.5563925327936,0,8521,0,0,0,0,0,0,0,0,0,0,40.1,28.7,356
0,0,0,0,0,0,0,0,0,0,0,0,0,30.1944601539152,88.7618295233058,0,8523,0,0,0,0,0,0,0,0,0,0,62.9,52.3,270
0.360110372304916,0.270904779434204,1.11994588375092,1.75026488304138,1.09663188457489,1.01855218410492,0.873529434204102,0.893249094486237,0.973697006702423,0.794497072696686,0.864597380161285,0.850578784942627,0.9322709441185,47.1895705407911,70.55322195408,0,8525,574,527,643,569,618,500,592,541,578,509,36.7,42.2,197
0,0,0,0,0,0,0,0,0,0,0,0,0,67.3251963810336,141.093897729899,0,8527,0,0,0,0,0,0,0,0,0,0,58.6,59,169
0,0,0,0,0,0,0,0,0,0,0,0,0,15.5605201557906,87.6462407058388,0,8529,0,0,0,0,0,0,0,0,0,0,54.5,28.9,156
0,0,0,0,0,0,0,0,0,0,0,0,0,-2.8600780666346,88.0331125530795,0,8531,0,0,0,0,0,0,0,0,0,0,22.1,39.6,152
0,0,0,0,0,0,0,0,0,0,0,0,0,29.1584954559297,78.1105026910463,0,8533,0,0,0,0,0,0,0,0,0,0,19.3,54.6,163
0.393324196338654,0.287546962499619,1.10022664070129,1.59665191173553,1.09478068351746,0.986557483673096,0.914115488529205,0.855088829994202,0.792755603790283,0.838237643241882,0.883752107620239,0.874703228473663,0.996731996536255,4.80857051327744,98.5800269579126,0,8535,301,107,331,78.3,283,41.8,268,80.5,233,54.6,14.9,35,179
0.392850190401077,0.321969747543335,1.04987740516663,1.39379978179932,1.06480181217194,1.0139491558075,0,0,0.695689678192139,0.833371758460999,0.870544850826263,0.878302574157715,0.85897433757782,16.3392685303756,74.9005378294454,0,8537,408,146,482,110,440,78.2,423,118,387,115,44.6,55.3,181
0,0,0,0,0,0,0,0,0,0,0,0,0,0.305369619739753,13.7917789924281,0,8540,0,0,0,0,0,0,0,0,0,0,24.7,46.5,203
0.364085346460342,0.27910515666008,1.13521754741669,1.68206930160522,1.07804477214813,1.0234215259552,0.892807722091675,0.879409372806549,0.810646891593933,0.788930296897888,0.871778070926666,0.865940988063812,0.990499794483185,-3.31725397869979,14.667700697562,0,8542,451,684,486,682,487,619,448,636,447,585,41.9,16.1,234
0,0,0,0,0,0,0,0,0,0,0,0,0,-4.26749218981949,81.8946905946548,0,8544,0,0,0,0,0,0,0,0,0,0,29.7,28.6,241
0.38909187912941,0.286241263151169,1.19051992893219,1.72662603855133,1.11874616146088,0.988761723041534,0,0.904081642627716,0.99303138256073,0.799667298793793,0.876720547676086,0.869683265686035,1.06195998191834,-10.1857144616184,54.8740810475512,0,8546,493,750,532,747,502,689,473,720,448,697,20.6,61.9,241
0,0,0,0,0,0,0,0,0,0,0,0,0,6.62629999513017,10.4255904927052,0,8548,0,0,0,0,0,0,0,0,0,0,22.5,68.5,271
0.377787262201309,0.261571526527405,1.03862595558167,1.5924836397171,0,0.958760321140289,0.814285695552826,0,0.679159939289093,0.92373114824295,0.896937787532806,0.873754918575287,0.88928097486496,-15.0621762454406,24.442160831736,0,8550,443,326,367,312,325,276,306,314,0,0,4.86,49.3,277
0.324564874172211,0.275462538003921,1.12476396560669,1.5705384016037,1.0787125825882,0.970827043056488,0.918968677520752,0.856538593769074,0.807570993900299,0.803208231925964,0.869543373584747,0.852577745914459,1.00717759132385,-32.8927941291681,41.3409419502056,0,8552,313,288,351,287,319,235,289,273,270,246,27.8,24.8,269
0.366831034421921,0.279457837343216,1.12128496170044,1.67346727848053,1.08710598945618,0.969500839710236,0.909664332866669,0.898169994354248,0.759907245635986,0.798503756523132,0.879406988620758,0.863981306552887,1.01161599159241,-23.8179754730043,54.8702543687229,0,8554,331,281,339,277,309,230,281,264,252,242,42,18.9,290
0,0,0,0,0,0,0,0,0,0,0,0,0,-5.88093288407105,7.01849896626014,0,8556,0,0,0,0,0,0,0,0,0,0,21.2,36,287
0.3094861805439,0.298822075128555,1.19224774837494,1.49973261356354,1.10649883747101,0.949560761451721,0.847038507461548,0,0.884442806243897,0.812625169754028,0.873486220836639,0.828861236572266,0.81869775056839,-5.26618261935838,19.062456323496,0,8558,291,155,337,227,311,163,273,187,249,162,5.83,46.8,265
0.347610682249069,0.276470005512238,1.16361367702484,1.71261596679688,1.12201690673828,0.992010951042175,0.80683308839798,0.968527913093567,0.832495808601379,0.756115198135376,0.794064283370972,0.845533311367035,1.00417113304138,-13.2942549940175,15.5785361422794,0,8561,493,511,473,499,429,457,413,501,372,479,12,29.9,261
0.385109663009644,0.272799164056778,1.09765481948853,1.63023722171783,1.11217355728149,0.982271134853363,0.890936315059662,0.979230761528015,0.776601374149323,0.802872359752655,0.841370761394501,0.86625337600708,0.994153201580048,18.9213388440395,23.4179916928495,0,8563,533,490,522,461,481,418,470,463,429,436,11,17.1,270
0.348895132541656,0.272410124540329,1.11469197273254,1.7208206653595,1.16093766689301,0.948063015937805,0.956278920173645,1.01845073699951,0.726556479930878,0.776126384735107,0.815802991390228,0.855991542339325,1.03186988830566,-10.5122854826638,12.8029332049166,0,8565,536,482,517,467,475,422,462,467,423,443,18,19.8,248
0.377456873655319,0.25610288977623,1.11826980113983,1.66220021247864,1.17697536945343,0.970887660980225,0.802700400352478,1.00111150741577,0.685295522212982,0.798052847385407,0.849613785743713,0.871107578277588,0.99297422170639,-11.8089964238876,14.5103403822482,0,8567,566,494,568,483,514,450,509,495,464,480,10.9,23.8,233
0,0,0,0,0,0,0,0,0,0,0,0,0,8.89562800314645,20.5987315948118,0,8569,0,0,0,0,0,0,0,0,0,0,12.9,22.6,227
0.376991987228394,0.258156031370163,1.11002564430237,1.64858305454254,1.16135895252228,1.0399112701416,0.787650346755981,0.864957273006439,0.651960790157318,0.846782505512238,0.822162091732025,0.870623767375946,0.981462121009827,0.723011323300234,9.74306078553209,0,8571,511,496,494,489,434,467,435,509,381,501,2.31,18.6,213
0.330085247755051,0.277227014303207,1.19785034656525,1.78928899765015,1.18149220943451,0.948867917060852,0.785482585430145,0.962590336799622,0.742059350013733,0.781288325786591,0.761163413524628,0.848845541477203,0.996017813682556,-6.79999193403275,18.1413603057145,0,8573,430,478,430,480,389,445,376,490,340,479,5.31,9.65,196
0,0,0,0,0,0,0,0,0,0,0,0,0,-7.24923679034118,10.9349365452673,0,8575,0,0,0,0,0,0,0,0,0,0,6.48,8.33,197
0,0,0,0,0,0,0,0,0,0,0,0,0,75.6386778899281,86.2538342106488,0,8577,0,0,0,0,0,0,0,0,0,0,18.5,14.5,185
0,0,0,0,0,0,0,0,0,0,0,0,0,-19.1908879691858,43.7798446725021,0,8579,0,0,0,0,0,0,0,0,0,0,17.4,12.5,180
0,0,0,0,0,0,0,0,0,0,0,0,0,-6.43324009078646,8.57218155274572,0,8582,0,0,0,0,0,0,0,0,0,0,9.46,12.1,163
0,0,0,0,0,0,0,0,0,0,0,0,0,1.88871695746093,15.8620608794408,0,8584,0,0,0,0,0,0,0,0,0,0,20.1,21.4,147
0,0,0,0,0,0,0,0,0,0,0,0,0,17.5524654676355,50.3013840570314,0,8586,0,0,0,0,0,0,0,0,0,0,57.1,40.1,130
0,0,0,0,0,0,0,0,0,0,0,0,0,-88.576673949214,115.903623963667,0,8588,0,0,0,0,0,0,0,0,0,0,84.9,84.6,140
0,0,0,0,0,0,0,0,0,0,0,0,0,-118.999138978025,256.753797625973,0,8590,0,0,0,0,0,0,0,0,0,0,102,44.2,120
0,0,0,0,0,0,0,0,0,0,0,0,0,57.3908837970227,110.60464530427,0,8592,0,0,0,0,0,0,0,0,0,0,128,25.1,122
0,0,0,0,0,0,0,0,0,0,0,0,0,-38.5622413568065,55.7985180447791,0,8594,0,0,0,0,0,0,0,0,0,0,19.8,91,126
0,0,0,0,0,0,0,0,0,0,0,0,0,-76.5823284980681,92.5885660195574,0,8596,0,0,0,0,0,0,0,0,0,0,9.46,127,107
0,0,0,0,0,0,0,0,0,0,0,0,0,-89.882649466372,96.3341489316717,0,8598,0,0,0,0,0,0,0,0,0,0,12.1,81.3,74
0,0,0,0,0,0,0,0,0,0,0,0,0,-124.801719356142,126.630673454779,0,8600,0,0,0,0,0,0,0,0,0,0,61.2,45,55.3
0,0,0,0,0,0,0,0,0,0,0,0,0,-35.0458999020271,79.4299509535579,0,8602,0,0,0,0,0,0,0,0,0,0,94.6,61.6,20.5
0.36956450343132,0.305025011301041,1.15503799915314,1.88537847995758,1.14005029201508,1.00564312934875,0,0.873915553092957,0.929787218570709,0.791874647140503,0.827879309654236,0.876947104930878,1.04727137088776,-7.42737782480516,13.7984244587661,0,8605,532,695,526,660,528,594,483,621,464,575,8.53,117,125
0.40169632434845,0.263407737016678,1.10533845424652,1.82651996612549,1.11439156532288,0.97324812412262,0.806295394897461,0.878871917724609,0.920209944248199,0.785768926143646,0.829104959964752,0.880351781845093,1.01984941959381,17.3664190436493,28.8123910488926,0,8607,411,499,465,475,466,410,430,425,428,380,36.8,91.2,206
0.414954483509064,0.283710598945618,1.08560478687286,1.67468154430389,1.20397388935089,0.983600854873657,0.896043837070465,0.893442630767822,0.67176079750061,0.77895325422287,0.82133948802948,0.876996576786041,1.04612112045288,-56.4980814574588,65.1257980866851,0,8609,404,689,435,715,473,663,430,656,445,619,56.6,95.2,293
0,0,0,0,0,0,0,0,0,0,0,0,0,5.47147311031736,6.4941161169523,0,8611,0,0,0,0,0,0,0,0,0,0,37.4,80.9,403
0,0,0,0,0,0,0,0,0,0,0,0,0,8.70533372106032,25.3280078802652,0,8613,0,0,0,0,0,0,0,0,0,0,12,66.2,503
0,0,0,0,0,0,0,0,0,0,0,0,0,-29.7462100486085,53.1013582043863,0,8615,0,0,0,0,0,0,0,0,0,0,1.57,62.5,589
0,0,0,0,0,0,0,0,0,0,0,0,0,2.28856537257267,35.296245054438,0,8617,0,0,0,0,0,0,0,0,0,0,36.4,35,687
0,0,0,0,0,0,0,0,0,0,0,0,0,-29.1352687329533,38.2203857367495,0,8619,0,0,0,0,0,0,0,0,0,0,47.9,68.2,776
0,0,0,0,0,0,0,0,0,0,0,0,0,-8.66571097323034,11.6457963452151,0,8621,0,0,0,0,0,0,0,0,0,0,8.72,44.5,844
0,0,0,0,0,0,0,0,0,0,0,0,0,5.71773921280878,20.2325408002718,1,8623,0,0,0,0,0,0,0,0,0,0,20.3,42.7,911
0,0,0,0,0,0,0,0,0,0,0,0,0,-4.58746753090272,15.4604164262479,1,8626,0,0,0,0,0,0,0,0,0,0,25.2,46.5,974
0.437678396701813,0.268537849187851,1.12174785137177,1.62478888034821,1.209636926651,0.982801735401154,0,0,0,0.861744940280914,1.0093457698822,0.850969433784485,0.904779672622681,-29.2353320370191,68.1446769333353,1,8628,434,645,543,634,488,601,483,644,448,611,9.78,47.2,1000
0.414227157831192,0.291619569063187,0,1.57264959812164,0,1.13331627845764,0.940537452697754,0.862109839916229,0.759523808956146,0.845807909965515,0.837209284305573,0.841240882873535,1.03147912025452,-4.73330321208743,9.99034213842082,1,8630,414,642,413,531,0,0,354,535,0,0,16.6,32.5,1010
0.430444210767746,0.27003139257431,1.12320613861084,1.65788817405701,1.23573088645935,1.06312024593353,0,0.89315527677536,0.742857158184052,0.801429390907288,0.868369340896606,0.876253604888916,0.877521634101868,-7.11559192732546,19.0420585219852,1,8632,150,312,222,373,202,315,171,336,153,305,6.26,23.9,973
0.357881337404251,0.289449781179428,1.10331010818481,1.52623307704926,1.27180027961731,1.14529287815094,0.808347225189209,0.846384108066559,0.82294374704361,0.755293846130371,0.838191628456116,0.866919219493866,1.03667485713959,-101.836409693832,147.613410872583,1,8634,224,254,241,266,242,203,197,216,186,172,22.6,22.8,948
0.425729304552078,0.307754546403885,0,1.48532736301422,0,1.34492099285126,0.983263611793518,0.915942013263702,0,0.751271069049835,0,0.869106292724609,1.02521312236786,-15.3725874963623,24.9123353433028,1,8636,32.1,355,123,329,0,0,118,270,0,0,3.12,31,900
0.393469929695129,0.292299777269363,1.08747088909149,1.57809066772461,1.34069669246674,1.11675846576691,0.848353743553162,0.801769435405731,0.822022497653961,0.743711352348328,0.840339660644531,0.85373443365097,0.935447990894318,40.1645242684065,41.7158178350752,1,8638,191,418,173,449,227,400,184,389,205,354,11.9,31.4,813
0,0,0,0,0,0,0,0,0,0,0,0,0,-65.6789335076675,79.1200162421968,1,8640,0,0,0,0,0,0,0,0,0,0,5.51,12.9,751
0.417525768280029,0.321784019470215,1.22466146945953,1.36554622650146,1.44077849388123,1.42607927322388,0.904982209205627,0,0.88976377248764,0.74455326795578,0.825338244438171,0.856552600860596,1.04222857952118,-5.49919840304549,42.0043648157125,1,8642,252,570,220,633,264,585,224,564,250,538,11.7,14.1,656
0.426727592945099,0.301396608352661,1.13251650333405,1.48635590076447,1.48905110359192,1.37735056877136,0.799209117889404,0.978540778160095,0.60145491361618,0.724779963493347,0.956140339374542,0.865106761455536,0,40.0382999187639,46.0128741712704,1,8644,420,678,386,667,394,595,357,610,355,575,16.3,16.2,564
0,0,0,0,0,0,0,0,0,0,0,0,0,-77.8026627053888,115.125780209996,1,8647,0,0,0,0,0,0,0,0,0,0,20.7,32.4,426
0,0,0,0,0,0,0,0,0,0,0,0,0,4.97663832017814,8.12224750142536,1,8649,0,0,0,0,0,0,0,0,0,0,6.32,31.7,361
0,0,0,0,0,0,0,0,0,0,0,0,0,73.1861614324634,91.8374411242936,1,8651,0,0,0,0,0,0,0,0,0,0,21.5,14.9,292
0,0,0,0,0,0,0,0,0,0,0,0,0,10.6064849203434,35.1656471304076,1,8653,0,0,0,0,0,0,0,0,0,0,13.3,5.82,206
0,0,0,0,0,0,0,0,0,0,0,0,0,62.6327215290049,74.3968850232864,1,8655,0,0,0,0,0,0,0,0,0,0,41.6,33,156
0.400091916322708,0.280981868505478,1.10725128650665,1.40232241153717,1.57036209106445,1.30967140197754,0.833125770092011,0,0.719898879528046,0.710115373134613,0.858893692493439,0.807057082653046,0.869817316532135,-70.6296328857236,87.5738823679695,1,8657,280,197,281,274,330,221,287,212,307,175,5.49,14.7,112
0,0,0,0,0,0,0,0,0,0,0,0,0,78.8133272855488,96.8890434703099,1,8659,0,0,0,0,0,0,0,0,0,0,35.8,42.1,61.7
0,0,0,0,0,0,0,0,0,0,0,0,0,13.1282785472159,17.6591887623036,1,8661,0,0,0,0,0,0,0,0,0,0,55.9,57.1,61.7
0,0,0,0,0,0,0,0,0,0,0,0,0,143.44519362494,228.878037076406,1,8663,0,0,0,0,0,0,0,0,0,0,14,31.6,92.8
0.44277223944664,0.369574666023254,1.21209681034088,1.28937005996704,1.51990807056427,1.67647063732147,0.823529422283173,0,0.738134860992432,0.811900675296783,0.765861034393311,0.887560427188873,0,-78.2648243097368,107.362027630082,1,8665,147,309,258,347,236,288,206,322,182,292,25.4,72.9,118
0,0,0,0,0,0,0,0,0,0,0,0,0,-63.197824185773,155.214223366896,1,8668,0,0,0,0,0,0,0,0,0,0,25.2,78.9,178
0,0,0,0,0,0,0,0,0,0,0,0,0,25.1408827490681,45.6402834611863,1,8670,0,0,0,0,0,0,0,0,0,0,55.1,58.7,227
0,0,0,0,0,0,0,0,0,0,0,0,0,26.0983242959312,46.5137339547322,1,8672,0,0,0,0,0,0,0,0,0,0,21.5,57.2,278
0,0,0,0,0,0,0,0,0,0,0,0,0,-1.41947513508526,8.97012508377136,1,8674,0,0,0,0,0,0,0,0,0,0,36.4,60.1,353
0,0,0,0,0,0,0,0,0,0,0,0,0,-0.238850658925367,7.75329490287325,1,8676,0,0,0,0,0,0,0,0,0,0,19.5,12.5,430
0,0,0,0,0,0,0,0,0,0,0,0,0,4.57365462662461,51.8076616339839,1,8678,0,0,0,0,0,0,0,0,0,0,23.5,27.3,510
0,0,0,0,0,0,0,0,0,0,0,0,0,-8.94412614803635,69.9420084696275,1,8680,0,0,0,0,0,0,0,0,0,0,25.1,21.4,567
0,0,0,0,0,0,0,0,0,0,0,0,0,-12.7866565271672,98.8557465942702,0,8682,0,0,0,0,0,0,0,0,0,0,24.5,16.5,624
0,0,0,0,0,0,0,0,0,0,0,0,0,-1.62000364920042,24.5578822747229,0,8684,0,0,0,0,0,0,0,0,0,0,43.8,10.2,639
0,0,0,0,0,0,0,0,0,0,0,0,0,24.1571442181502,88.4093454328606,0,8686,0,0,0,0,0,0,0,0,0,0,14.3,19.3,653
0,0,0,0,0,0,0,0,0,0,0,0,0,22.3607382765313,59.7923794334193,0,8689,0,0,0,0,0,0,0,0,0,0,28.1,32.4,586
0.332929730415344,0.273483067750931,1.14024388790131,1.38186836242676,1.95917093753815,1.36273753643036,0.790099024772644,0.890264511108398,0.719081282615662,0.758459329605103,0.857201635837555,0.857582151889801,1.02499580383301,-35.3947214077396,43.5741921315412,0,8691,382,300,390,328,377,388,418,385,428,429,9.71,30.1,519
0.363552004098892,0.308845460414886,1.14017069339752,1.36080062389374,0,1.34063410758972,0,0,0.754901945590973,0.787451505661011,0.713503956794739,0.850720643997192,1.01037085056305,34.579210300819,50.402639892365,0,8693,332,99.9,327,162,291,213,336,226,0,0,6.42,20.4,441
0,0,0,0,0,0,0,0,0,0,0,0,0,80.1582131161583,86.5042001978993,0,8695,0,0,0,0,0,0,0,0,0,0,40.6,42,384
0.325255960226059,0.281296014785767,1.1607129573822,1.35238611698151,1.97339153289795,1.24639999866486,0.797712206840515,0.851666688919067,0.652629733085632,0.765662014484406,0.827928364276886,0.865618228912354,1.08765530586243,49.0409360014564,55.5708251292707,0,8697,314,457,286,427,233,462,278,489,256,522,18.7,35.2,285
0.398255199193954,0.271759003400803,1.14662599563599,1.30055236816406,1.94693088531494,1.26149654388428,0.872040748596191,0.906521201133728,0.866889894008637,0.768278956413269,0.834650635719299,0.850433170795441,1.0626517534256,11.07415488611,13.4075748854568,0,8699,443,309,433,294,383,338,424,356,402,394,8.02,52.2,224
0.370797097682953,0.280966103076935,1.18108260631561,1.25381076335907,1.85986030101776,1.06480658054352,0.875837206840515,0.867699086666107,0.770063102245331,0.767713844776154,0.809300899505615,0.856385767459869,1.0500510931015,3.79643915692441,6.2465973529532,0,8701,474,268,465,256,415,296,452,317,429,354,37.2,57.3,182
0.334749162197113,0.260516822338104,1.11952602863312,1.28854703903198,1.89636373519897,1.14248776435852,0.885776698589325,0.889612674713135,0.806778252124786,0.759578227996826,0.771988809108734,0.854805052280426,1.04579174518585,10.7857673354187,15.5824380227516,0,8703,451,310,437,311,384,350,422,372,393,409,15.3,48.6,151
0,0,0,0,0,0,0,0,0,0,0,0,0,9.17821833049459,12.7294576072258,0,8705,0,0,0,0,0,0,0,0,0,0,4.36,37,135
0,0,0,0,0,0,0,0,0,0,0,0,0,24.167803508645,25.4946359768769,0,8707,0,0,0,0,0,0,0,0,0,0,3.72,30.7,169
0,0,0,0,0,0,0,0,0,0,0,0,0,-2.9314518293646,3.16695098023675,0,8710,0,0,0,0,0,0,0,0,0,0,6.29,10.3,234
0.420589476823807,0.284244388341904,1.17580091953278,1.2424224615097,1.85208058357239,1.14295470714569,0.823911488056183,0.963523149490356,0.694200336933136,0.783824503421783,0.812121212482452,0.860671639442444,0,1.77953966520633,12.6847441996639,0,8712,455,579,405,547,388,605,431,605,428,648,15.3,9.49,266
0,0,0,0,0,0,0,0,0,0,0,0,0,29.0554102604861,39.0989023033459,0,8714,0,0,0,0,0,0,0,0,0,0,14.3,7.29,315
0,0,0,0,0,0,0,0,0,0,0,0,0,-7.10857315916852,23.3630474617895,0,8716,0,0,0,0,0,0,0,0,0,0,26,11.8,372
0,0,0,0,0,0,0,0,0,0,0,0,0,24.0815053415967,36.6293043231345,0,8718,0,0,0,0,0,0,0,0,0,0,16.5,23.8,378
0,0,0,0,0,0,0,0,0,0,0,0,0,-131.051433334456,131.343376530407,0,8720,0,0,0,0,0,0,0,0,0,0,16.7,27.4,375
0,0,0,0,0,0,0,0,0,0,0,0,0,-2.21200181773759,16.4642476082595,0,8722,0,0,0,0,0,0,0,0,0,0,42.3,12.7,384
0,0,0,0,0,0,0,0,0,0,0,0,0,-154.02933331481,193.059204381044,0,8724,0,0,0,0,0,0,0,0,0,0,17.5,25.3,350
0,0,0,0,0,0,0,0,0,0,0,0,0,-99.1733895933564,159.444418077542,0,8726,0,0,0,0,0,0,0,0,0,0,33.9,56.7,284
0,0,0,0,0,0,0,0,0,0,0,0,0,1.18960702855681,50.2044747418332,0,8728,0,0,0,0,0,0,0,0,0,0,27.6,40.9,258
0,0,0,0,0,0,0,0,0,0,0,0,0,12.4903063485311,61.5105300955174,0,8730,0,0,0,0,0,0,0,0,0,0,23.9,38.9,209
0,0,0,0,0,0,0,0,0,0,0,0,0,-5.18137412501285,18.4952275989901,0,8733,0,0,0,0,0,0,0,0,0,0,15,37,169
0,0,0,0,0,0,0,0,0,0,0,0,0,82.2740803387454,201.00209832412,0,8735,0,0,0,0,0,0,0,0,0,0,50.1,12.4,171
0,0,0,0,0,0,0,0,0,0,0,0,0,-14.307460683233,31.5026817732432,0,8737,0,0,0,0,0,0,0,0,0,0,84.6,32.4,198
0,0,0,0,0,0,0,0,0,0,0,0,0,-78.6095054452256,150.401882572845,0,8739,0,0,0,0,0,0,0,0,0,0,49.4,45.6,239
0,0,0,0,0,0,0,0,0,0,0,0,0,-21.689854197,68.401395426888,0,8741,0,0,0,0,0,0,0,0,0,0,77.3,31.7,274
0,0,0,0,0,0,0,0,0,0,0,0,0,-4.14657419631064,61.9392748575555,0,8743,0,0,0,0,0,0,0,0,0,0,23.4,40.8,284
0,0,0,0,0,0,0,0,0,0,0,0,0,18.994517190581,59.0226995503211,0,8745,0,0,0,0,0,0,0,0,0,0,20.2,47.7,272
0,0,0,0,0,0,0,0,0,0,0,0,0,18.4033225762047,152.337472358307,0,8747,0,0,0,0,0,0,0,0,0,0,48.9,55.7,285
0,0,0,0,0,0,0,0,0,0,0,0,0,60.073073399019,98.7078159870046,0,8749,0,0,0,0,0,0,0,0,0,0,114,81.5,266
0,0,0,0,0,0,0,0,0,0,0,0,0,-10.2976393138286,35.3614984919484,0,8751,0,0,0,0,0,0,0,0,0,0,60.8,117,223
0,0,0,0,0,0,0,0,0,0,0,0,0,67.1945616420737,158.717070966729,0,8754,0,0,0,0,0,0,0,0,0,0,32,127,172
0,0,0,0,0,0,0,0,0,0,0,0,0,-112.140660652027,112.313605094067,0,8756,0,0,0,0,0,0,0,0,0,0,57.7,65.2,176
0,0,0,0,0,0,0,0,0,0,0,0,0,-25.2928253102307,48.230601398736,0,8758,0,0,0,0,0,0,0,0,0,0,37.6,79.3,267
0,0,0,0,0,0,0,0,0,0,0,0,0,30.1049087541842,229.807321073311,0,8760,0,0,0,0,0,0,0,0,0,0,68.8,61.8,334
0,0,0,0,0,0,0,0,0,0,0,0,0,-41.3049502336768,54.9766224584972,0,8762,0,0,0,0,0,0,0,0,0,0,177,94.5,443
0,0,0,0,0,0,0,0,0,0,0,0,0,34.7639584343808,37.8748267927438,0,8764,0,0,0,0,0,0,0,0,0,0,29.9,132,531
0,0,0,0,0,0,0,0,0,0,0,0,0,7.93482250527074,97.6558337684276,0,8766,0,0,0,0,0,0,0,0,0,0,196,36.3,626
0,0,0,0,0,0,0,0,0,0,0,0,0,24.4567775275026,29.2811107770612,0,8768,0,0,0,0,0,0,0,0,0,0,111,90.7,659
0,0,0,0,0,0,0,0,0,0,0,0,0,-33.7479323903067,87.6246583164091,0,8770,0,0,0,0,0,0,0,0,0,0,74.4,126,685
0,0,0,0,0,0,0,0,0,0,0,0,0,-33.7861503724648,42.9321887844897,0,8772,0,0,0,0,0,0,0,0,0,0,78.4,115,697
0,0,0,0,0,0,0,0,0,0,0,0,0,0.632749342240074,135.403946240891,0,8775,0,0,0,0,0,0,0,0,0,0,26.2,46.6,663
0,0,0,0,0,0,0,0,0,0,0,0,0,0.642205508381208,8.2578231117536,0,8777,0,0,0,0,0,0,0,0,0,0,55.6,53.7,614
0,0,0,0,0,0,0,0,0,0,0,0,0,0.071843692218873,177.031549760873,0,8779,0,0,0,0,0,0,0,0,0,0,86.9,54.8,548
0,0,0,0,0,0,0,0,0,0,0,0,0,-0.137506550091172,112.059028301016,0,8781,0,0,0,0,0,0,0,0,0,0,118,65.5,493
0,0,0,0,0,0,0,0,0,0,0,0,0,10.8979178369854,27.361843191845,0,8783,0,0,0,0,0,0,0,0,0,0,21.7,116,441
0.390841692686081,0.293729782104492,1.59596955776215,1.36702692508698,1.54033625125885,1.1099089384079,0.879098355770111,0.898305058479309,0.971887528896332,0.766681253910065,0.870378077030182,0.850719034671783,1.04219555854797,25.2616133750104,53.5610513803283,0,8785,537,207,574,177,507,199,542,227,513,241,22.1,87.8,358
0,0,0,0,0,0,0,0,0,0,0,0,0,61.8889472641125,94.9087481593265,0,8787,0,0,0,0,0,0,0,0,0,0,37,36.7,266
0.468716084957123,0.275656998157501,1.54494094848633,1.39067339897156,1.46163201332092,1.12430095672607,0.866991639137268,0,0.738216280937195,0.797364175319672,0.838426351547241,0.887642979621887,1.0280374288559,48.5599122459889,53.1093774749109,0,8789,402,226,363,213,301,181,305,224,263,217,24.5,7.03,168
0.401237487792969,0.278638362884521,1.57402074337006,1.44731163978577,1.47132015228271,1.11651360988617,0.843675911426544,0.954258680343628,0.737460792064667,0.787707924842835,0.787776172161102,0.88606995344162,0.98026317358017,18.3943147271253,45.734023570662,0,8791,391,228,367,214,310,176,309,221,258,207,8.89,54.9,97.4
0,0,0,0,0,0,0,0,0,0,0,0,0,66.8197799542354,125.433801094649,0,8793,0,0,0,0,0,0,0,0,0,0,33.3,38.9,30.8
0,0,0,0,0,0,0,0,0,0,0,0,0,18.8269377183761,32.1164505037319,0,8796,0,0,0,0,0,0,0,0,0,0,32.4,44.1,159
0,0,0,0,0,0,0,0,0,0,0,0,0,-4.37450417603738,6.49717238768039,0,8798,0,0,0,0,0,0,0,0,0,0,1.24,41.5,220
0.381327837705612,0.321804881095886,0,1.23404741287231,1.24057352542877,1.25731110572815,0,0,0,0.764719843864441,0.820960700511932,0.841892898082733,0,3.5793304318027,44.3594338290537,0,8800,222,271,210,191,0,0,166,224,119,230,3.14,38.8,273
0,0,0,0,0,0,0,0,0,0,0,0,0,-44.891427504819,48.9586117025208,0,8802,0,0,0,0,0,0,0,0,0,0,14.2,9.79,290
0,0,0,0,0,0,0,0,0,0,0,0,0,41.8541769561802,58.6179398068178,1,8804,0,0,0,0,0,0,0,0,0,0,17.2,13.7,289
0,0,0,0,0,0,0,0,0,0,0,0,0,82.8827320391818,114.856313599666,1,8806,0,0,0,0,0,0,0,0,0,0,19.1,20.5,272
0,0,0,0,0,0,0,0,0,0,0,0,0,-79.4509723345001,83.3509977651117,1,8808,0,0,0,0,0,0,0,0,0,0,23.6,26.8,236
0,0,0,0,0,0,0,0,0,0,0,0,0,30.291732016616,48.1620678639726,1,8810,0,0,0,0,0,0,0,0,0,0,34.2,11.4,199
0,0,0,0,0,0,0,0,0,0,0,0,0,-4.90974140178355,7.24359903412619,1,8812,0,0,0,0,0,0,0,0,0,0,49.2,47.3,205
0,0,0,0,0,0,0,0,0,0,0,0,0,-26.5822689342288,70.2819119624233,1,8814,0,0,0,0,0,0,0,0,0,0,71,68.3,190
0,0,0,0,0,0,0,0,0,0,0,0,0,-36.8884345742237,162.303698944287,1,8817,0,0,0,0,0,0,0,0,0,0,79.6,19.1,157
0,0,0,0,0,0,0,0,0,0,0,0,0,40.9390293705431,112.977165754842,1,8819,0,0,0,0,0,0,0,0,0,0,50.7,57.5,113
0,0,0,0,0,0,0,0,0,0,0,0,0,5.12752719804652,5.87672394978812,1,8821,0,0,0,0,0,0,0,0,0,0,29.9,65.6,89.2
0,0,0,0,0,0,0,0,0,0,0,0,0,38.6527555822626,79.6780718256422,1,8823,0,0,0,0,0,0,0,0,0,0,12.1,69.8,54.1
0,0,0,0,0,0,0,0,0,0,0,0,0,-4.68581794318511,16.1950556246951,1,8825,0,0,0,0,0,0,0,0,0,0,34.3,65.3,9.12
0,0,0,0,0,0,0,0,0,0,0,0,0,-8.9378680095693,19.3671252759459,1,8827,0,0,0,0,0,0,0,0,0,0,46.2,48.4,2.46
0,0,0,0,0,0,0,0,0,0,0,0,0,34.0526605079441,106.788599844421,1,8829,0,0,0,0,0,0,0,0,0,0,34.5,5.86,41.8
0,0,0,0,0,0,0,0,0,0,0,0,0,25.373028067704,85.3755927898751,1,8831,0,0,0,0,0,0,0,0,0,0,77.9,12.3,85.2
0,0,0,0,0,0,0,0,0,0,0,0,0,-13.6934719681515,36.1809203064547,1,8833,0,0,0,0,0,0,0,0,0,0,51.8,31.5,119
0,0,0,0,0,0,0,0,0,0,0,0,0,-18.509965147645,63.3649097429482,1,8835,0,0,0,0,0,0,0,0,0,0,11.6,69.8,153
0,0,0,0,0,0,0,0,0,0,0,0,0,-3.77181041069479,47.4998990228177,1,8838,0,0,0,0,0,0,0,0,0,0,27.2,41.5,229
0,0,0,0,0,0,0,0,0,0,0,0,0,37.3171580561818,65.3235194015386,1,8840,0,0,0,0,0,0,0,0,0,0,19,17,282
0,0,0,0,0,0,0,0,0,0,0,0,0,-29.6930745337144,52.090476896492,1,8842,0,0,0,0,0,0,0,0,0,0,13.8,39.6,291
0,0,0,0,0,0,0,0,0,0,0,0,0,18.126156911762,22.6562284171386,1,8844,0,0,0,0,0,0,0,0,0,0,3.47,18,292
0,0,0,0,0,0,0,0,0,0,0,0,0,128.764705826083,148.134848598458,1,8846,0,0,0,0,0,0,0,0,0,0,42.5,46.4,319
0,0,0,0,0,0,0,0,0,0,0,0,0,114.142710134164,126.461668127934,1,8848,0,0,0,0,0,0,0,0,0,0,57.5,39.9,301
0,0,0,0,0,0,0,0,0,0,0,0,0,38.0011332623476,38.3053641586717,1,8850,0,0,0,0,0,0,0,0,0,0,92.7,94.8,304
0.375668942928314,0.306094437837601,1.38798296451569,1.65188455581665,1.57914757728577,1.03114378452301,0.879900813102722,0.854187667369843,0.86877828836441,0.847834944725037,0.861211001873016,0.874742686748505,0,97.1934051955881,97.3361520737662,1,8852,442,385,379,360,363,430,407,419,417,461,106,174,350
0,0,0,0,0,0,0,0,0,0,0,0,0,43.692229681037,53.1864031332185,1,8854,0,0,0,0,0,0,0,0,0,0,74.1,177,388
0,0,0,0,0,0,0,0,0,0,0,0,0,-97.020856554391,97.945478425844,1,8856,0,0,0,0,0,0,0,0,0,0,17.3,184,439
0,0,0,0,0,0,0,0,0,0,0,0,0,33.2876889096424,49.7207047902137,1,8858,0,0,0,0,0,0,0,0,0,0,38.7,121,588
0,0,0,0,0,0,0,0,0,0,0,0,0,-30.313222540508,32.5775633720637,1,8861,0,0,0,0,0,0,0,0,0,0,36.1,27.6,768
0,0,0,0,0,0,0,0,0,0,0,0,0,-68.5833006625291,70.0191581957659,0,8863,0,0,0,0,0,0,0,0,0,0,15.4,39.2,890
0.389873951673508,0.386271744966507,1.30139672756195,1.66465306282043,1.34954929351807,1.0064605474472,0,0.850807845592499,1.0288200378418,0.798201680183411,0.859829962253571,0.873194873332977,1.19972717761993,-60.6738545775818,62.9218918521814,0,8865,218,188,215,156,197,216,248,224,250,260,36.5,73.8,983
0,0,0,0,0,0,0,0,0,0,0,0,0,177.49096571091,177.89329202874,0,8867,0,0,0,0,0,0,0,0,0,0,64.6,12.6,1140
0.38790425658226,0.309561371803284,1.39803075790405,1.7402058839798,1.4155580997467,1.05415272712708,0.937326848506928,0.855360865592957,0.734107911586762,0.80067366361618,0.826560735702515,0.866346299648285,1.10748302936554,-17.601761854314,17.9235282178443,0,8869,468,249,439,203,414,263,460,269,447,306,85.9,25.7,1180
0.392175942659378,0.310322493314743,1.31209897994995,1.7453887462616,1.50290465354919,0.974471092224121,0.867386281490326,0.834104955196381,0.747547149658203,0.848869800567627,0.855381309986115,0.876639425754547,1.07488477230072,54.2278932659362,55.3802588547721,0,8871,475,168,423,180,392,238,439,245,433,289,35.7,85.6,1160
0.38062047958374,0.304468125104904,1.27736365795136,1.70323395729065,1.41275465488434,0.959918975830078,0.843253970146179,0.903908789157867,0.88212925195694,0.789564847946167,0.827802360057831,0.854053139686585,1.13774955272675,86.6861954891183,87.2420129396569,0,8873,422,248,399,300,389,358,436,351,445,390,45.3,123,1170
0.390169978141785,0.307797223329544,1.28599190711975,1.88386619091034,1.43576860427856,1.02508282661438,0.757807075977325,0.780155658721924,0.748874187469482,0.787344455718994,0.892512083053589,0.864788949489594,0.860953390598297,47.3567553698127,47.4251708061865,0,8875,282,304,326,335,314,398,359,388,369,420,36,97.1,1120
0,0,0,0,0,0,0,0,0,0,0,0,0,-6.83085973482094,17.6769152164901,0,8877,0,0,0,0,0,0,0,0,0,0,35,109,1010
0.387168407440186,0.298678487539291,1.25646531581879,1.82618165016174,1.55608665943146,0.998637616634369,0.843876600265503,0.856875002384186,0.821995735168457,0.790042161941528,0.868854999542236,0.865971684455872,1.11274361610413,19.1060262204179,27.7105632001516,0,8879,427,148,401,164,368,218,413,227,402,271,43.3,95.7,970
0.387291848659515,0.362556934356689,1.28938949108124,1.78575265407562,1.4573233127594,1.08602595329285,0.896778047084808,0.865003228187561,0.804481983184814,0.816358387470245,0.903122484683991,0.852933168411255,1.05518472194672,76.7923017331898,77.5469395112369,0,8882,436,238,382,199,376,260,435,256,438,295,17.6,91,895
0.317007482051849,0.313426434993744,1.28720152378082,1.95087087154388,1.54409527778626,0.956114649772644,0.776330888271332,0.85716849565506,0,0.793985545635223,0.772752463817596,0.854449331760407,1.13801276683807,-42.6449174247568,43.0964495329585,0,8884,326,476,306,479,295,533,344,522,357,562,7.5,36.7,858
0,0,0,0,0,0,0,0,0,0,0,0,0,-88.4382648933131,92.1650449191409,0,8886,0,0,0,0,0,0,0,0,0,0,10.1,43.1,825
0,0,0,0,0,0,0,0,0,0,0,0,0,-8.73264878289316,41.8387852280728,0,8888,0,0,0,0,0,0,0,0,0,0,27.1,33.4,905
0.432398974895477,0.310362040996552,1.28035891056061,1.95174407958984,1.49093890190125,0.947288274765015,0.832247853279114,0.874000012874603,0.887689828872681,0.785743892192841,0.834518551826477,0.820715367794037,1.08366894721985,-16.3400593557805,16.8491142433822,0,8890,537,269,585,236,548,289,594,303,585,341,58.5,40.2,947
0.390639662742615,0.321544200181961,1.22120261192322,1.92224228382111,1.39079439640045,0.97611403465271,0.87119334936142,0.847661435604095,0.810457527637482,0.730791926383972,0.882581651210785,0.844460248947144,1.14891040325165,27.6264596051895,48.7686433717088,0,8892,588,148,646,170,623,231,667,231,666,269,26.7,76.5,974
0.322641223669052,0.325629532337189,1.24582254886627,1.88302481174469,1.46283602714539,1.02387881278992,0.894803941249847,0.852633953094482,0.973076939582825,0.779805243015289,0.835287690162659,0.870552957057953,0,-31.9673017607177,33.6620842723361,0,8894,509,202,433,187,437,253,490,241,500,278,13.1,46.8,1060
0.409591525793076,0.318025231361389,1.24636590480804,1.92629480361938,1.52817797660828,1.041836977005,0,0,0,0.891640841960907,0.926881730556488,0.959121525287628,0.838251054286957,-14.6266904020394,15.5117950952189,0,8896,428,247,377,152,357,211,404,217,403,252,14.7,55.4,1080
0.386410415172577,0.276019394397736,1.21704494953156,1.88365089893341,1.45834112167358,0.969111621379852,0.816885948181152,0.875937283039093,0.752132177352905,0.780507683753967,0.791748940944672,0.858241140842438,1.08413112163544,12.4774470437586,13.448240617764,0,8898,447,332,448,331,416,385,460,392,449,437,7.17,33.6,1080
0.370177924633026,0.300014317035675,1.21599411964417,1.86351728439331,1.54215633869171,0.977116107940674,0.86221981048584,0.896371185779572,0.757226645946503,0.785700857639313,0.826940536499023,0.853839695453644,1.12266671657562,-0.094431720354754,5.8981478013478,0,8900,499,370,466,357,432,414,477,420,467,458,10.8,6.53,1060
0,0,0,0,0,0,0,0,0,0,0,0,0,-12.2952208715175,18.0281103851659,0,8903,0,0,0,0,0,0,0,0,0,0,21.9,10.4,998
0.38968825340271,0.34340363740921,1.25483679771423,1.89181196689606,1.42555022239685,0.971495032310486,0.840696096420288,0.912884712219238,0.946221709251404,0.755749046802521,0.806680977344513,0.870600819587708,1.17774593830109,3.08889204044419,7.9535500872209,0,8905,376,529,347,494,315,550,366,562,361,598,8.85,17.4,916
0.313467472791672,0.299561113119125,1.24308609962463,1.73031556606293,1.5080828666687,1.00069725513458,0.85552191734314,0,0.829999983310699,0.440028548240662,0.77712208032608,0.492879599332809,0.901880145072937,258.756294340569,260.69212693729,0,8907,429,558,436,464,423,517,471,518,474,558,9.52,25.5,833
0.381536900997162,0.329574584960937,1.20391345024109,2.02576756477356,1.50414276123047,1.05023777484894,0,0.909274220466614,0.82703173160553,0.770845413208008,0.872105836868286,0.857927262783051,1.21791768074036,23.5705814586523,23.7296670435146,0,8909,441,516,394,432,387,488,433,482,445,523,20.7,23.6,736
0.424250781536102,0.294837266206741,1.28150272369385,1.76939976215363,1.48743689060211,0.982057690620422,0.83988630771637,0.87817907333374,0.842205345630646,0.782080829143524,0.835014641284943,0.858327031135559,1.07525241374969,-59.3311258877773,60.4464462866446,0,8911,485,570,474,604,472,659,517,656,526,695,66.5,29.2,640
0,0,0,0,0,0,0,0,0,0,0,0,0,7.24357390252,27.7014689611191,0,8913,0,0,0,0,0,0,0,0,0,0,39.1,60.7,539
0.374632656574249,0.300531446933746,1.24717843532562,1.60369253158569,1.54306411743164,1.00026118755341,0.883682310581207,0.8193439245224,0.731822490692139,0.794039666652679,0.860474050045013,0.896785080432892,1.10262525081635,116.888943006101,122.369401794131,0,8915,332,314,330,261,301,328,348,325,344,363,7.48,78.4,427
0.448460161685944,0.292072027921677,1.21862733364105,1.82504653930664,1.52475118637085,0.995744943618774,0.874280989170074,0,0.767543852329254,0.799063444137573,0.837612450122833,0.869977653026581,1.11391413211823,-27.7223294512252,30.6043223524343,0,8917,322,174,284,183,269,245,313,239,319,284,22.5,64.7,316
0.332992613315582,0.35279381275177,1.21834409236908,1.77527177333832,1.50463509559631,1.0434947013855,0,0.885489761829376,0.822055637836456,0.770184993743897,0.806620597839356,0.893115937709808,0.868641316890717,46.8811570196992,47.0919882926927,0,8919,341,162,425,135,416,195,455,193,466,231,16.5,40.8,215
0.401003926992416,0.340891361236572,1.19966542720795,1.82177650928497,0,1.09432375431061,0,0.858171343803406,0.783124983310699,0.718628823757172,0.821803331375122,0.871777594089508,1.12757289409637,-3.17132370356772,10.4907643790977,0,8921,281,141,314,206,305,268,351,254,0,0,4.85,45.7,74.9
0.386192440986633,0.349199622869492,1.19958806037903,1.8883718252182,1.51866149902344,0.981205761432648,0.844906985759735,0.917869567871094,1.10182046890259,0.788815319538116,0.825686514377594,0.876251816749573,0.926174521446228,41.6106514034736,67.3596956789439,0,8924,340,91.8,315,74.3,285,133,334,139,329,176,16.5,14.7,97.5
0.342783033847809,0.308205962181091,1.21822369098663,1.79957664012909,1.54516792297363,0.991550147533417,0.866913139820099,0.684639513492584,0.804173588752747,0.803343057632446,0.866837739944458,0.864585161209106,1.15590918064117,-25.3739685768693,111.057835239474,0,8926,423,341,379,306,342,367,386,371,374,406,34.1,22.4,222
0.38629075884819,0.31342276930809,1.19867551326752,2.0524640083313,1.59322679042816,0.963650524616241,0.886885583400726,0.898546516895294,0.939143896102905,0.760396778583527,0.848076641559601,0.830548763275147,1.17406177520752,249.080548113203,251.984697797907,0,8928,500,250,484,258,461,322,507,320,507,364,34.4,44.3,275
0.334774792194366,0.317729949951172,1.19216477870941,1.97626221179962,1.50103056430817,1.06526386737823,0.769928991794586,0.850036203861237,0.835997462272644,0.772421300411224,0.850020885467529,0.838729918003082,1.18524551391602,53.2586070860833,53.9315220464562,0,8930,397,340,398,319,389,384,436,377,446,415,65.8,56.6,342
0.348989546298981,0.315472453832626,1.16842579841614,1.98475480079651,1.48429811000824,0.990758240222931,0.883135735988617,0.87572592496872,0.924033164978027,0.817093133926392,0.872061491012573,0.884948015213013,1.13570177555084,34.6694615131039,39.061979924325,0,8932,230,349,207,323,191,389,234,383,240,417,41.8,84.9,375
0,0,0,0,0,0,0,0,0,0,0,0,0,8.63927638948621,8.81863639812356,0,8934,0,0,0,0,0,0,0,0,0,0,6.2,87.1,329
0.378532141447067,0.333919852972031,1.17018437385559,2.0270528793335,1.46532618999481,1.01239550113678,0.76800000667572,0.822086334228516,0.838582694530487,0.795818388462067,0.875240862369537,0.871427536010742,1.07748734951019,10.4305062451155,24.6645198012205,0,8936,255,264,284,252,249,314,295,314,286,352,7.84,71.6,297
0.382115691900253,0.336996525526047,1.20069777965546,1.76651835441589,1.43485295772553,0.967084228992462,0.87391597032547,0.891751229763031,0.830658793449402,0.785092890262604,0.836231887340546,0.866193115711212,1.13514339923859,8.96313431199222,9.79199755692131,0,8938,342,372,297,360,266,422,315,432,301,463,10.7,46.3,189
0.378876119852066,0.304409593343735,1.2369579076767,1.85595548152924,1.36436653137207,1.06142616271973,0.836142003536224,0.848688662052155,0.737100720405579,0.908422291278839,0.8455491065979,0.856486320495606,0.821405529975891,34.8813267600115,42.5097248412851,0,8940,360,355,419,370,394,418,442,434,433,472,10.6,8.33,59.6
0.313863486051559,0.325930058956146,1.25662410259247,1.67612218856812,1.36263680458069,1.08212983608246,0.864684462547302,0.822457373142242,0,0.751187562942505,0.734854757785797,1.15094339847565,0.89976692199707,13.548027756373,38.3036936712778,0,8942,366,431,253,417,229,476,306,464,315,497,23.6,10.8,71.7
0.342362880706787,0.312236189842224,1.28692889213562,1.88467836380005,1.47645890712738,0.977266311645508,0.746829032897949,0.805970132350922,0.715264678001404,0.723414599895477,0.808273673057556,0.827134013175964,0.872796952724457,-18.342557559334,29.5307848812955,0,8945,400,458,345,477,313,530,370,533,366,569,1.86,20.6,267
0.353123247623444,0.311435371637344,1.35319888591766,1.80380630493164,0,1.09850776195526,0,0,0.727228224277496,0.739481508731842,0.783198535442352,0.802810609340668,0.805168986320496,-9.85650059181895,34.3745662005836,0,8947,369,377,437,405,421,458,463,469,0,0,7.64,4.55,374
0.410880655050278,0.297516286373138,1.40653741359711,1.72119557857513,1.41602528095245,1.03095471858978,0.789041101932526,0.857800781726837,0.715282618999481,0.724702119827271,0.821017682552338,0.838410973548889,1.22194051742554,46.4422396862481,46.4624947805329,0,8949,240,463,246,483,247,539,269,536,280,569,1.76,14.5,481
0.349796116352081,0.330818802118301,1.45501816272736,1.60181939601898,1.4301370382309,1.07633030414581,0.785889804363251,0.851451456546783,0.951235175132751,0.771659851074219,0.861414611339569,0.756416738033295,1.18288362026215,-29.1580362478667,30.0072912474666,0,8951,378,378,448,397,419,455,458,448,452,481,7.69,8.74,537
0.397291034460068,0.327103644609451,1.63290596008301,1.67114615440369,1.5260329246521,1.01251935958862,0,0.803500831127167,0.73976480960846,0.721451222896576,0.815549194812775,0.832102775573731,1.25343775749207,-14.6316905426479,14.6390879628085,0,8953,290,416,248,446,219,496,273,504,269,542,14.1,11.7,542
0.382713407278061,0.336237579584122,1.65451812744141,1.66636073589325,1.45394957065582,0.99784517288208,0.792345881462097,0.836665987968445,0.869201242923737,0.749756574630737,0.819583714008331,0.855158925056458,1.16938054561615,-4.87768889540509,4.97987223691891,0,8955,239,406,228,396,212,455,259,454,262,495,4.47,15.4,537
0.34936711192131,0.376454889774322,1.77380239963532,1.48490989208221,1.57939386367798,1.18955218791962,0,0,0.891855835914612,0.781509876251221,0.869354367256165,0,1.26959002017975,3.03315733926761,36.9441615085454,0,8957,397,370,498,316,486,364,523,374,523,413,13,6.53,501
0.344170659780502,0.346269518136978,1.8597217798233,1.56500697135925,1.49703776836395,1.03441143035889,0.769583165645599,0.828550398349762,0.883840560913086,0.724708914756775,0.832976698875427,0.82795375585556,1.244056224823,32.7004002490542,46.4113416323371,0,8959,445,383,452,367,418,416,464,428,453,467,12.1,15.4,422
0.370891511440277,0.305386871099472,1.9331841468811,1.6171441078186,1.57082915306091,1.02302026748657,0.809866368770599,0.79280823469162,0.911745607852936,0.735947608947754,0.80968564748764,0.844522655010223,1.14924454689026,0.843423214305688,51.0173374636815,0,8961,380,414,344,421,312,474,359,485,350,525,32.2,25.7,326
0.36705419421196,0.315930753946304,2.07053422927856,1.54430747032166,0,1.01673710346222,0,0.902438998222351,0,0,0,0.79600602388382,0,-20.0665437624834,31.7250356895205,0,8963,324,415,298,475,279,532,326,539,0,0,4.63,25.7,243
0.37802529335022,0.303928196430206,2.11878180503845,1.51850414276123,1.58480834960938,1.00236034393311,0.739441215991974,0.826442122459412,0.826299011707306,0.727616846561432,0.788119375705719,0.846876978874207,1.1904045343399,-19.3310981705197,56.9286238243917,0,8966,346,424,359,433,349,491,409,483,415,521,0.749,12.5,118
0.384633600711823,0.317552149295807,2.33062028884888,1.45844769477844,1.04734909534454,1.02101230621338,0.705916464328766,0.813483119010925,1.00823044776917,0.742060601711273,0,0,0,-9.39310461508319,9.45058016605542,0,8968,474,389,415,434,408,494,471,483,478,497,4,10.7,40.7
0.368404924869537,0.338507354259491,2.37839770317078,1.41906154155731,1.57389998435974,1.14119470119476,0.742443084716797,0.801507532596588,0.866406083106995,0.717595219612122,0.793045878410339,0.826790392398834,1.21212124824524,-23.3603789557516,97.9505958841393,0,8970,507,403,506,431,471,483,532,490,521,530,4.42,5.38,34.8
0.330853253602982,0.299014955759048,2.28333950042725,1.52093577384949,1.58903026580811,1.1505880355835,0.766961634159088,0.82196319103241,0.815085172653198,0.726026654243469,0.801753699779511,0.819301605224609,1.21194779872894,5.43516383349021,49.5108499487299,0,8972,448,435,466,442,424,488,470,507,454,543,11.3,5.47,83.7
0.434680968523026,0.310575067996979,2.50138139724731,1.44102156162262,1.73035562038422,1.09201097488403,0.803036868572235,0.775371551513672,1.02070260047913,0.707859218120575,0.85130113363266,0.832689225673676,1.21399426460266,-1.89883541891973,14.0597887598988,0,8974,381,469,354,480,319,529,368,541,358,579,9.19,12,123
0,0,0,0,0,0,0,0,0,0,0,0,0,-12.5409482170199,20.3325669798027,0,8976,0,0,0,0,0,0,0,0,0,0,2.31,17,164
0.426284909248352,0.285202443599701,2.62495517730713,1.32802104949951,1.7042829990387,1.03513860702515,0.744336545467377,0.85110878944397,1.14357972145081,0.699231088161469,0.801418423652649,0.832687258720398,1.14019775390625,-3.12831291714112,3.88656513030082,0,8978,520,422,517,462,497,517,540,522,539,563,4.84,10.5,171
0.39671716094017,0.276281476020813,2.71381115913391,1.29245400428772,1.65430307388306,1.13812983036041,0.839737117290497,0.860185205936432,1.58966147899628,0.764054775238037,0.782917201519012,0.830343961715698,1.29018104076386,-54.4900996775959,65.2715209860333,0,8980,545,499,529,518,499,573,544,585,533,627,6.96,11.5,183
0.382148116827011,0.323745340108871,2.61868715286255,1.33138704299927,1.63456952571869,1.03392922878265,0.833865821361542,0.841094195842743,0.840535223484039,0.725249290466309,0.811343133449554,0.836497306823731,1.2386029958725,-14.5067377633955,14.683238747834,1,8982,507,532,491,520,457,572,501,588,489,629,4.02,3,190
0.401144623756409,0.345996111631393,2.41138410568237,1.22895443439484,1.50469255447388,0.987356603145599,0.856227099895477,0.839207053184509,1.29949104785919,0.779047548770905,0.869980871677399,0.868176102638245,1.21365749835968,-28.1621041342677,29.5966727176447,1,8984,139,526,119,540,82.8,596,128,611,117,650,10.2,17.2,183
0.387824267148972,0.332236021757126,2.5872106552124,1.19346761703491,1.33891427516937,1.00657308101654,0.854485034942627,0.851778626441956,1.90851736068726,0.727301239967346,0,0,0,24.5354402894335,31.3671867144312,1,8987,154,465,122,480,81,519,128,536,125,539,45.6,40.3,189
0.409629046916962,0.323321044445038,2.65626740455627,1.20962202548981,1.59538757801056,1.36655557155609,0,0.908550202846527,0,0.772211611270905,1.15392208099365,0.838880896568298,1.49754500389099,-12.3966987320794,40.2833533014145,1,8989,222,710,236,610,196,665,239,682,224,715,33.4,71.9,199
0.480925649404526,0.361460834741592,2.51369833946228,1.23592984676361,1.53892135620117,0.993520081043243,0.891427338123322,0.933113694190979,0.762589931488037,0.77388060092926,0.867044985294342,0.872377991676331,1.1768604516983,47.5472171272254,68.238191916277,1,8991,162,663,141,619,110,673,157,673,152,711,34.5,61.5,199
0.418929696083069,0.360408931970596,2.4491605758667,1.16868841648102,1.56094920635223,1.05277717113495,0.846066117286682,0.894887983798981,0.858310639858246,0.779893636703491,0.854474425315857,0.859168410301209,1.11005938053131,-1.00046976123161,4.88619444735995,1,8993,162,648,119,601,114,657,163,642,176,682,17.1,48.3,226
0.439386039972305,0.382695019245148,2.72525501251221,1.21219146251678,1.54097127914429,1.17238831520081,0,0.904752552509308,1.03464567661285,0.751406192779541,0.874259233474731,0.836500108242035,1.11857533454895,-28.1787814279708,47.4290967605681,1,8995,321,564,297,593,264,643,318,648,305,691,40,57.1,267
0.423059105873108,0.375123083591461,2.83354759216309,1.25146448612213,1.63622713088989,1.25064527988434,0.786120593547821,0,0.859909176826477,0.709751486778259,0.865876495838165,0.848065435886383,1.2406702041626,-24.5996524221521,27.2789100530069,1,8997,269,603,292,630,249,680,300,706,284,741,54.2,34.4,298
0.338122457265854,0.341742426156998,2.71479654312134,1.15833485126495,1.70722365379334,0.989774227142334,0,0.808964014053345,1.35370218753815,0.730997264385223,0.824436902999878,0.841061174869537,1.19275176525116,-40.8336409442825,41.8010795540866,1,8999,260,399,222,420,178,466,230,483,215,519,33.9,71,355
0.427894115447998,0.356826096773148,2.88828730583191,1.15385246276855,1.60290014743805,1.03491985797882,0.870541632175446,0.830258846282959,1.58335912227631,0.73332554101944,0.862329185009003,0.851250469684601,1.23411047458649,-97.3234179905488,101.749079375909,1,9001,246,547,220,510,183,561,246,579,237,617,36.4,85.2,435
0.39059054851532,0.321296393871307,2.79496335983276,1.13993871212006,1.74723970890045,1.88533627986908,0.767785251140595,0.81365692615509,0.853604853153229,0.76119601726532,0.836992800235748,0.87115740776062,1.11038482189178,18.7704490374413,27.3633304515543,1,9003,257,500,279,472,269,535,313,530,329,567,31.9,79.5,509
0.408732891082764,0.302787899971008,3.27516937255859,1.10369324684143,1.69445407390594,1.08851647377014,0.851754248142242,0.859139502048492,1.70053040981293,0.751762390136719,0.818240880966187,0.838397443294525,1.13636362552643,-5.99945229329296,12.3152542394951,1,9005,461,427,441,393,420,452,463,458,458,499,23.8,86.1,583
0.359308809041977,0.29426184296608,2.99165320396423,1.14004063606262,1.83127117156982,1.44995260238647,0.853932559490204,0.838557183742523,0.848237454891205,0.746347725391388,0.835966110229492,0.819375574588776,1.18358755111694,-26.7581449215111,29.8389199592999,1,9007,433,488,438,467,404,521,447,537,438,577,13.1,63.4,664
0.382827520370483,0.287462621927261,3.22015333175659,1.12366807460785,1.67815315723419,1.13313233852386,0.859183073043823,0.86934095621109,1.00115013122559,0.734158098697662,0.850357890129089,0.832982420921326,1.15628349781036,15.4786299787633,16.5773564214059,1,9010,453,447,453,417,420,468,461,483,450,523,14.2,40.7,772
0.367007404565811,0.306394696235657,3.04338455200195,1.12199556827545,1.7473908662796,1.11132502555847,0.785714268684387,0.800857126712799,0.985710203647614,0.729234158992767,0.790312826633453,0.826752543449402,1.20080077648163,4.06657321694205,10.9777431406148,1,9012,370,446,344,443,306,490,356,505,345,544,13.7,30.9,818
0.372691690921783,0.32012203335762,2.87652564048767,1.14148914813995,1.69595098495483,1.04273557662964,0.818277060985565,0.846788287162781,0.793523669242859,0.738274812698364,0.813153147697449,0.826409757137299,1.17533493041992,9.96286160073868,11.6242888926975,1,9014,349,416,353,405,313,454,356,470,344,510,12.2,25.6,860
0.40002715587616,0.322352081537247,2.78723406791687,1.11304342746735,1.6711140871048,0.984146952629089,0.830307006835938,0.783946335315704,1.14302694797516,0.732676446437836,0.847805917263031,0.855538070201874,1.19224417209625,14.5710026435052,14.7918671107305,1,9016,323,419,298,425,264,475,305,486,301,524,11.4,15.3,891
0.405746579170227,0.327600657939911,2.79652190208435,1.11472117900848,1.69295418262482,1.24052238464355,0.831081092357636,0.842859327793121,0.853301644325256,0.759989023208618,0.842337071895599,0.863089025020599,1.21323716640472,7.56391704881761,7.79598130180829,1,9018,268,420,270,429,239,483,286,493,284,532,4.25,8.26,887
0.38278603553772,0.296005755662918,2.98606729507446,1.06879377365112,1.56843435764313,1.40920519828796,0.810381352901459,0.843451321125031,1.72720003128052,0.732226967811585,0.881713569164276,0.837441146373749,1.2018495798111,5.00706709918935,6.55367611938631,1,9020,443,362,461,375,432,433,480,447,472,487,3.26,6.03,874
0.378527909517288,0.320466011762619,3.13713145256042,1.06724202632904,1.61587023735046,1.01391315460205,0.814566373825073,0.850931704044342,1.59994411468506,0.743300914764404,0.803664922714233,0.831495761871338,1.20501387119293,-18.381439304237,19.1653923927157,1,9022,470,439,463,420,432,475,482,488,474,527,2.76,4.99,850
0.371735453605652,0.292317807674408,3.29919171333313,1.06201243400574,1.66949415206909,1.0528484582901,0.797055065631866,0.841411948204041,0.815730333328247,0.744630515575409,0.808249235153198,0.840881168842316,1.15092694759369,17.7651754047327,17.7655099460512,1,9024,473,451,468,433,438,487,484,498,475,539,3.24,2.07,790
0.389301955699921,0.278300195932388,3.08703899383545,1.04418909549713,1.67020964622498,1.16184937953949,0.838147640228272,0.841245114803314,1.74678111076355,0.748321235179901,0.828555703163147,0.846918106079102,1.11171984672546,1.81548733948184,15.390664885482,1,9026,455,412,457,425,419,468,463,488,449,525,2.2,7.62,722
0.394288122653961,0.324822962284088,3.08600735664368,1.04365646839142,1.6785843372345,0.975148737430573,0.845596194267273,0.883887827396393,1.54618990421295,0.744223475456238,0.858225226402283,0.840959846973419,1.16191101074219,20.7207140054898,22.2756972416546,1,9028,352,398,336,377,299,427,343,441,334,479,2.49,0.891,646
0.388817429542542,0.295994848012924,3.21416354179382,1.02254331111908,1.65977025032043,0.985753417015076,0.885608851909637,0.858856320381165,2.05270457267761,0.76302444934845,0.809760391712189,0.844462871551514,1.11020362377167,2.84696429147687,3.85080497776804,1,9031,342,377,341,360,300,412,344,420,332,462,13.4,10.8,509
0.392063528299332,0.292384743690491,3.13456201553345,1.05230677127838,1.69903421401978,1.03792750835419,0.88293319940567,0.839080452919006,1.3718866109848,0.75395667552948,0.845553338527679,0.867568910121918,1.09861087799072,-4.89036250708855,10.6520392150412,1,9033,297,370,251,339,237,403,278,399,283,442,13.4,10.5,402
0.383860915899277,0.294728547334671,3.16688203811645,1.02180373668671,1.74855887889862,1.01985692977905,0.809128642082214,0.88309907913208,1.12178897857666,0.747878909111023,0.853668451309204,0.846250891685486,1.13344073295593,-2.60511317483319,5.72380814728688,1,9035,426,333,385,322,383,386,428,378,437,419,4.77,11.9,322
0.396522879600525,0.289242416620255,3.0723729133606,1.04718971252441,1.79947447776794,1.0289580821991,0.869751274585724,0.859516203403473,1.60718595981598,0.75710940361023,0.80489307641983,0.839146554470062,1.11191368103027,3.83758167135797,14.5905483765818,1,9037,475,369,474,378,446,439,490,444,482,486,1,16.7,246
0.379646271467209,0.2977075278759,3.0231249332428,1.0218677520752,1.64250493049622,1.03447461128235,0.834258794784546,0.859233558177948,1.5558066368103,0.772902965545654,0.822118520736694,0.832430422306061,1.15110146999359,-12.2483425239345,13.38758936298,1,9039,472,411,471,388,439,443,483,455,474,496,13.9,4.85,172
0.353789061307907,0.338339149951935,2.78065848350525,1.02549135684967,1.70676839351654,0.99969357252121,0,0.866329312324524,0,0.748984634876251,0.859490811824799,0.834909915924072,1.16172432899475,-0.146306733589789,0.327717887880367,1,9041,424,416,420,398,376,451,418,469,408,506,15.6,3.98,114
0.384318709373474,0.311464339494705,2.97252941131592,1.02219831943512,1.80422449111938,1.00348722934723,0.830438911914825,0.848797798156738,0.864257395267487,0.75847715139389,0.870548605918884,0.834850192070007,1.16643500328064,-5.79798346063132,12.7661436632383,0,9043,365,402,380,387,335,436,380,451,367,490,3.79,11.4,68.8
0.408594071865082,0.30309334397316,3.02318501472473,1.00999057292938,1.7115513086319,1.0515741109848,0.86004513502121,0.870468854904175,1.58528423309326,0.772660553455353,0.81855982542038,0.84233832359314,1.14357447624207,-65.686187573998,65.7666809147741,0,9045,363,408,341,408,301,456,343,472,330,511,12.5,9.29,39.7
0.405653774738312,0.329704940319061,3.12560057640076,1.00795686244965,1.78692865371704,1.04882538318634,0.774810135364533,0.828546822071075,0.832835793495178,0.760913908481598,0.848454654216766,0.854655623435974,1.18962514400482,4.45566914764468,11.3747989981304,0,9047,300,448,307,445,270,496,316,508,309,546,1.95,0.684,18.4
0.373133778572083,0.310190916061401,3.05716037750244,1.06795465946198,1.77322149276733,1.56428408622742,0,0.843680322170258,0.901818156242371,0.755596816539764,0.835115373134613,0.822905004024506,1.14019846916199,-1.55199601669061,14.59937764296,0,9049,313,376,367,351,362,412,407,408,419,445,11.9,6.76,29
0.38983091711998,0.286760866641998,3.15509295463562,0.997034072875977,1.79189777374268,1.02461218833923,0.850914180278778,0.885848760604858,1.83595895767212,0.748472630977631,0.837850689888001,0.837239563465118,1.18467092514038,1.41393868527406,10.5745727890272,0,9052,484,374,452,360,434,423,479,423,480,465,2.41,9.44,29.5
0.403295487165451,0.282514035701752,3.15677499771118,0.988218605518341,1.74816620349884,1.06913018226624,0.818869590759277,0.866657495498657,0.925034701824188,0.771464645862579,0.810989618301392,0.83641654253006,1.10055673122406,-25.1415513350928,27.3501109668388,0,9054,483,363,473,363,442,424,486,427,480,474,15.4,8.28,24.7
0.345051735639572,0.280812501907349,3.31376481056213,0.987069368362427,1.68000996112824,1.01405155658722,0.807908475399017,0.866933345794678,1.24145150184631,0.778860926628113,0.821613430976868,0.835772335529327,1.12159085273743,9.00669416294662,10.6523647461977,0,9056,461,455,464,444,429,496,474,510,461,549,0.987,6.43,25.7
0.329034030437469,0.316819280385971,3.13235139846802,0.994797587394714,1.75954651832581,1.06497812271118,0.826808214187622,0.867741525173187,1.38969850540161,0.755180299282074,0.807615220546722,0.829660177230835,1.12121558189392,7.05258261336415,7.84349282011731,0,9058,429,446,409,444,365,488,418,510,400,545,13,2.6,28.8
0.377109706401825,0.321043938398361,3.08865642547607,0.987743556499481,1.79169631004334,1.01757550239563,0.844346046447754,0.851666510105133,1.55062651634216,0.763979017734528,0.815080523490906,0.839710891246796,1.13360893726349,6.45064172710713,6.45661452320164,0,9060,339,408,346,412,303,461,350,477,336,514,11.8,7.5,20.6
0.394182085990906,0.303866356611252,3.05444884300232,1,1.74316275119782,1.00343799591064,0.829636633396149,0.880037486553192,1.30767059326172,0.798174381256104,0.843193590641022,0.879481196403503,1.12310361862183,17.6640906037043,18.6251780565638,0,9062,283,397,266,354,252,420,298,413,308,452,1.35,11.9,15.1
0.375518381595612,0.288974791765213,3.2460298538208,0.987828314304352,1.68642747402191,1.05697917938232,0.850548684597015,0.865982890129089,1.28463470935822,0.761430263519287,0.865624308586121,0.844839334487915,1.11257576942444,-3.10748462422109,3.85603381511365,0,9064,438,347,398,342,393,402,439,395,450,434,14.8,1.69,16.1
0.364521652460098,0.298118382692337,3.39757943153381,0.998265027999878,1.75333309173584,0.968260407447815,0.836674869060516,0.856006562709808,1.75707030296326,0.761104345321655,0.8309246301651,0.822422206401825,1.09667587280273,18.6654560221376,18.8047041838044,0,9066,480,419,470,402,443,459,488,466,483,510,0.843,8.94,10.4
0.377467036247253,0.276676893234253,3.07402229309082,0.990281701087952,1.67910134792328,1.28382194042206,0.815647125244141,0.875480771064758,2.05237936973572,0.782910048961639,0.798197567462921,0.822294890880585,1.13694941997528,-4.32132406326938,12.4618926198436,0,9068,474,478,471,453,442,506,487,516,475,555,4.12,1.53,6.48
0.391719877719879,0.293910831212997,3.17757511138916,0.984753906726837,1.74698626995087,0.967415452003479,0.829747974872589,0.88005530834198,0.856119632720947,0.74290406703949,0.806938588619232,0.830242037773132,1.13219976425171,2.52589782013372,17.6287460063611,0,9070,473,444,473,384,448,442,491,450,486,491,3.07,2.01,6.01
0.374451398849487,0.28801029920578,3.18535304069519,0.979337096214294,1.67938566207886,1.152756690979,0.839392066001892,0.860503911972046,0.81345272064209,0.767137348651886,0.807292342185974,0.845457971096039,1.13983869552612,-7.74058638690321,10.4655107847047,0,9073,473,426,476,402,442,453,485,469,475,506,2.38,6.39,17.1
0.366333276033401,0.296646505594254,3.08527278900146,0.97843736410141,1.6907776594162,1.00970387458801,0.831104040145874,0.84948056936264,1.02946782112122,0.733851552009583,0.874961674213409,0.828216254711151,1.13391888141632,21.3554571210752,21.3709712697809,0,9075,467,387,435,396,397,445,443,463,429,500,0.614,1.77,9.94
0.360050231218338,0.307562530040741,3.09307956695557,1.00772762298584,1.77070343494415,1.04217994213104,0.826461553573608,0.884654104709625,0.784879446029663,0.756185293197632,0.838868498802185,0.838307201862335,1.15039134025574,10.8187836309477,13.0304273087316,0,9077,380,367,389,360,350,409,396,422,382,462,4.14,2.94,15.5
0.386762022972107,0.28740468621254,3.05284810066223,0.998165547847748,1.78899323940277,1.06657826900482,0.825575470924377,0.892842888832092,1.00392246246338,0.784634709358215,0.866548717021942,0.841484367847443,1.15456986427307,-1.06738752293428,1.13993708986761,0,9079,393,350,355,345,311,395,357,403,343,442,4.52,1.67,19.7
0.395124465227127,0.310684859752655,3.05523586273193,0.988173842430115,1.71727526187897,0.999436259269714,0.835940480232239,0.882030010223389,1.3527934551239,0.770770847797394,0.853308737277985,0.843276858329773,1.08736765384674,27.1535987324068,27.236362902128,0,9081,308,336,314,345,277,400,323,403,317,444,0.802,5.2,11
0.370898753404617,0.331615895032883,2.81776809692383,1.00826919078827,1.69887065887451,1.76076698303223,0.819444417953491,0.834442615509033,0.840760350227356,0.751538753509522,0.858883261680603,0.844315946102142,1.11357796192169,10.723839667143,10.8146693561769,0,9083,279,389,300,378,295,441,339,433,352,468,7.19,7.3,7.91
0.377390950918198,0.289002120494843,3.1292028427124,0.973527312278748,1.5665774345398,0.959735929965973,0.788397669792175,0.851773321628571,1.07400381565094,0.788739800453186,0.821447610855103,0.839983284473419,1.11513531208038,-22.4898267193125,22.574539402802,0,9085,436,348,415,351,404,407,454,404,459,443,10.3,4.36,11.1
0.369616955518723,0.306011468172073,2.97471857070923,0.992984056472778,1.66618061065674,1.00965785980225,0.849242448806763,0.873584926128387,1.5710186958313,0.765919208526611,0.85314267873764,0.841226637363434,1.08940839767456,13.6072037244917,23.1877721879461,0,9087,452,379,409,384,372,434,424,445,414,484,1.56,5.29,7.14
0.356749594211578,0.311661839485168,2.98098039627075,0.991425156593323,1.61307013034821,1.1306117773056,0.845005512237549,0.874127447605133,2.04622435569763,0.75247061252594,0.830283939838409,0.837724447250366,1.11406540870667,55.2866795381692,55.6620100460343,0,9089,362,368,373,361,334,412,379,426,370,464,1.08,3.18,6.72
0.365990489721298,0.317459970712662,2.97174763679504,0.99746572971344,1.67121505737305,2.33258605003357,0.825408637523651,0.902618885040283,0.986802816390991,0.781226634979248,0.827678799629211,0.838743984699249,1.08960568904877,1.63389314522058,4.34726833518106,0,9091,314,367,363,327,346,384,387,380,399,418,1.01,6.75,13.4
0.388974368572235,0.28881847858429,3.27711749076843,1.02052664756775,1.69477093219757,1.00594174861908,0.813672661781311,0.881027460098267,1.27577936649323,0.760571241378784,0.821503520011902,0.836467623710632,1.09703719615936,-6.92737501316073,14.5272180566548,0,9094,479,304,469,295,439,353,483,357,479,400,12.9,6.99,11.3
0.401686131954193,0.258914709091187,3.02075958251953,0.969182133674622,1.55993437767029,1.00832402706146,0.795813739299774,0.864473402500153,0.796539783477783,0.766817390918732,0.840459108352661,0.836106061935425,1.09099769592285,-6.9659696626155,10.2500125759967,0,9096,472,404,444,440,408,480,450,501,434,536,15.7,9.73,10.3
0,0,0,0,0,0,0,0,0,0,0,0,0,-22.3139943200901,23.1689047594564,0,9098,0,0,0,0,0,0,0,0,0,0,11.2,2.5,8.64
0,0,0,0,0,0,0,0,0,0,0,0,0,-145.070970969722,145.568538754982,0,9100,0,0,0,0,0,0,0,0,0,0,2.4,5.01,13.6
0.376993983983994,0.32828676700592,2.95127153396606,0.962612092494965,1.67380940914154,0.968343555927277,0.887812733650208,0.854889571666718,0.808810949325562,0.765702426433563,0.882352948188782,0.845294833183289,1.14288139343262,-78.3367002873968,78.5592015809057,0,9102,323,225,320,199,283,248,326,264,316,304,31.7,6.68,14.1
0.37052309513092,0.301389962434769,3.0323531627655,0.981780588626862,1.6640248298645,1.12909078598022,0.855414032936096,0.865341246128082,1.57137060165405,0.791265726089478,0.825587153434753,0.877087891101837,1.09985458850861,-5.35323509520839,10.3024770290443,0,9104,289,217,258,200,238,258,284,265,287,302,18.2,8.36,15.9
0.356470733880997,0.304519683122635,3.06516695022583,0.980352818965912,1.60076129436493,1.02603828907013,0.891326248645783,0.864175200462341,1.06019175052643,0.776668071746826,0.833094656467438,0.846137940883637,1.11333703994751,-2.59747604484337,19.7092681521996,0,9106,430,148,371,145,371,201,423,197,432,235,15.5,24.7,17.7
0.343211203813553,0.287692278623581,2.94014191627502,0.992392361164093,1.82618892192841,1.00460851192474,0.836352467536926,0.850976884365082,0.973648488521576,0.77451354265213,0.860086679458618,0.815126061439514,1.18510591983795,13.5687873224247,16.0375999553263,0,9108,476,193,471,172,444,230,485,235,478,277,17.1,9.34,34.4
0.379587739706039,0.290316551923752,3.09039258956909,0.989681720733643,1.71175050735474,0.987553000450134,0.864530563354492,0.873253881931305,1.29311263561249,0.788482010364533,0.856206178665161,0.821956038475037,1.10309529304504,20.9671779050967,21.2900518332818,0,9110,475,174,467,148,435,208,476,213,472,254,5.32,14.5,44
0.370830327272415,0.318405866622925,3.16736388206482,0.985323786735535,1.83501553535461,0.978232681751251,0.832679450511932,0.873749673366547,1.49629127979279,0.760745406150818,0.862089931964874,0.816966116428375,1.16699087619782,74.4469175981634,77.4483494439114,0,9112,455,147,452,111,419,167,463,178,458,215,6.42,7.93,60.7
0,0,0,0,0,0,0,0,0,0,0,0,0,-49.9430050820734,50.0322579249764,0,9115,0,0,0,0,0,0,0,0,0,0,5.95,5.93,76.6
0,0,0,0,0,0,0,0,0,0,0,0,0,30.3237009818417,30.4917936543446,0,9117,0,0,0,0,0,0,0,0,0,0,6.19,6.13,86.5
0,0,0,0,0,0,0,0,0,0,0,0,0,10.2235267139453,13.8129162691751,0,9119,0,0,0,0,0,0,0,0,0,0,22.6,13.6,86.6
0,0,0,0,0,0,0,0,0,0,0,0,0,51.7865186181793,77.0805553320898,0,9121,0,0,0,0,0,0,0,0,0,0,12.4,1.65,111
0,0,0,0,0,0,0,0,0,0,0,0,0,-73.353050683657,76.2307359390262,0,9123,0,0,0,0,0,0,0,0,0,0,20.1,11.2,119
0,0,0,0,0,0,0,0,0,0,0,0,0,26.6366330370063,26.6400388051137,0,9125,0,0,0,0,0,0,0,0,0,0,32.8,24.8,100
0,0,0,0,0,0,0,0,0,0,0,0,0,14.9302017065881,27.9351805298569,0,9127,0,0,0,0,0,0,0,0,0,0,46.1,47.7,84.8
0.365487545728683,0.338245362043381,2.45764970779419,1.30837559700012,1.59201514720917,1.05102777481079,0.910614550113678,0.740886688232422,0.959046304225922,0.770177364349365,0.850086033344269,0.827714145183563,0,51.0652138730906,51.4953002054929,0,9129,222,504,274,446,226,509,272,524,266,559,48,69.7,61.9
0.411548107862473,0.295686811208725,2.6981201171875,1.28913831710815,1.7192394733429,0.996227562427521,0.827241718769074,1.08695650100708,0.924696803092957,0.756571471691132,0.826453864574432,0.829581379890442,1.15387415885925,97.8686668236413,98.8941576353563,0,9131,386,405,371,408,336,462,381,477,367,514,62.7,104,16.7
0.362110912799835,0.28902941942215,2.41362619400024,1.31134188175201,1.59264242649078,0.961856424808502,0.828683197498322,0.863678276538849,0.890223860740662,0.78188169002533,0.821098208427429,0.844790875911713,1.1389148235321,3.00854921438849,31.9209656860405,0,9133,254,323,215,309,206,372,251,365,259,402,52.6,103,69.3
0.359101623296738,0.288686156272888,2.67525720596313,1.39325177669525,1.69513058662415,1.05586791038513,0.855598449707031,0.855129182338715,0.791959226131439,0.769850790500641,0.848148167133331,0.796951293945313,1.18384659290314,-1.17084688094033,36.2971117981621,0,9135,563,266,571,266,537,322,582,329,573,368,12,102,153
0.354387491941452,0.305047303438187,2.5869128704071,1.40868842601776,1.69076728820801,0.982014298439026,0.885308027267456,0.871162295341492,1.25463783740997,0.771134316921234,0.860595107078552,0.815539717674255,1.17517244815826,-1.41601777029753,2.48972733571486,0,9138,529,245,558,174,523,235,565,242,562,282,25.1,83.9,307
0.357952237129211,0.282420247793198,2.56179785728455,1.51238000392914,1.66620814800262,0.981452643871307,0.87263035774231,0.865439116954803,0.78901219367981,0.779081404209137,0.849400877952576,0.841059744358063,1.12579131126404,90.747422066824,107.873935314079,0,9140,539,84.9,536,92,517,154,560,152,560,199,26,69.9,451
0.443222522735596,0.300872892141342,1.79401910305023,1.58553290367126,0,0.993142366409302,0.832537531852722,1.02304148674011,0.881589412689209,0.756615340709686,0.796896457672119,0.851572573184967,1.1803765296936,21.8070812442062,49.0371818028519,0,9142,432,171,383,243,388,297,427,289,0,0,24.6,22.7,561
0.376039177179337,0.297759264707565,2.53601241111755,1.69378328323364,1.62157821655273,1.01104235649109,0.871834397315979,0.920302033424377,1.03270959854126,0.782292783260345,0.844970107078552,0.848392963409424,1.1543710231781,41.9665779235161,64.6128138282983,0,9144,394,375,341,366,332,434,374,422,382,465,11.3,34.7,682
0.361228108406067,0.276044934988022,2.52775025367737,1.66456234455109,1.6423567533493,0.984071552753449,0.844103693962097,0.870082914829254,0.812458276748657,0.735765099525452,0.836832821369171,0.817113935947418,1.19607353210449,202.931228747275,204.771751532226,0,9146,494,421,500,440,469,495,516,499,510,544,52.4,50.6,817
0.371299564838409,0.298669010400772,2.44546055793762,1.60165059566498,1.59907495975494,1.01920890808105,0.884289741516113,0.907293915748596,1.15402007102966,0.771091938018799,0.861238181591034,0.836359262466431,1.11731648445129,57.4830744345712,57.6598430684015,0,9148,487,386,498,368,465,429,507,434,505,478,38.9,18.8,892
0.356199741363525,0.305146157741547,2.41387939453125,1.69570398330688,1.62609076499939,1.20001864433289,0.879743218421936,0.901234567165375,0.966509222984314,0.802383542060852,0.893239498138428,0.871931374073029,1.16193413734436,-11.0372618015563,29.1768634594536,0,9150,442,297,371,310,334,363,381,369,373,413,20.9,75,947
0.3714479804039,0.279960244894028,2.41128730773926,1.73488581180573,1.71476304531097,1.00454962253571,1.13576555252075,0,0.803596913814545,0.760640382766724,0.860050916671753,0.712256789207459,1.15970385074615,15.3462162588129,22.2864018928521,0,9152,376,370,418,321,379,378,424,389,412,427,20,61.1,1010
0.373652786016464,0.38126727938652,2.12509822845459,1.63437855243683,0,1.04603660106659,0,0,0,0.50105893611908,0.835330665111542,0.86167323589325,0,-244.490957510392,245.358636200202,0,9154,331,660,374,708,366,770,402,769,0,0,67.7,21.8,985
0,0,0,0,0,0,0,0,0,0,0,0,0,-208.498508206598,209.251387953963,0,9156,0,0,0,0,0,0,0,0,0,0,67,24.2,956
0,0,0,0,0,0,0,0,0,0,0,0,0,-21.3473405443291,26.5954865776975,0,9159,0,0,0,0,0,0,0,0,0,0,34,78,848
0,0,0,0,0,0,0,0,0,0,0,0,0,-158.70805885889,162.021727293443,0,9161,0,0,0,0,0,0,0,0,0,0,60.8,95.9,773
0,0,0,0,0,0,0,0,0,0,0,0,0,-14.311467014865,34.4320610765411,1,9163,0,0,0,0,0,0,0,0,0,0,57.5,90,612
0.45778700709343,0.285396784543991,2.37040209770203,1.5131162405014,1.53929853439331,0.987244606018066,0.842963457107544,0.885409235954285,0.900514960289001,0.795157253742218,0.83994334936142,0.853972434997559,1.09273982048035,-49.6385320440451,49.9007490621384,1,9165,409,166,329,153,302,202,341,216,333,258,21,78.4,465
0,0,0,0,0,0,0,0,0,0,0,0,0,-42.1347516779662,42.5825622186119,1,9167,0,0,0,0,0,0,0,0,0,0,24.8,68.6,348
0.343367010354996,0.297152519226074,2.4155797958374,1.52885735034943,0.852083325386047,1.20620107650757,0.739500284194946,0,1.40459132194519,0.678159832954407,0.872138202190399,0.811130940914154,1.16465580463409,-50.0531831336473,50.3396064245674,1,9169,342,471,352,500,314,547,362,566,207,487,65.7,100,116
0.364667892456055,0.298508703708649,2.34174919128418,1.44716453552246,1.55344665050507,1.00198686122894,0.826042115688324,0.866543650627136,0.900417566299439,0.744433701038361,0.831099212169647,0.852711260318756,1.13470029830933,-7.11644356459374,11.8558024222648,1,9171,309,449,300,407,267,458,309,473,305,511,57.5,106,91.6
0.370783150196075,0.304992079734802,2.45489287376404,1.45642673969269,1.52783226966858,0.96334308385849,0.811716496944428,0.883717179298401,0.833652019500732,0.760131776332855,0.855318009853363,0.842722952365875,1.09766018390656,18.2636861087064,22.0045997437589,1,9173,304,392,301,371,270,420,309,436,305,473,12.3,81.9,236
0.39727109670639,0.320032954216003,2.35368347167969,1.40102577209473,1.50848996639252,1.01737332344055,0.816616415977478,0.908924460411072,0.892757654190064,0.76029360294342,0.836937189102173,0.848499953746796,1.10878574848175,-4.59776151074557,10.7046420197281,1,9175,318,265,291,262,261,313,305,323,299,367,3.12,77.6,473
0.455117285251617,0.305843651294708,2.46377992630005,1.38708138465881,1.50501072406769,1.0517201423645,0.817303061485291,0.903073310852051,0.849574267864227,0.778434813022614,0.91269838809967,0.868276238441467,0,-76.2653111638567,76.558521206192,1,9177,351,322,269,282,266,339,310,332,320,372,14.8,34.9,663
0.410701423883438,0.270220726728439,2.39990639686584,1.45024371147156,1.45109081268311,1.05785250663757,0.765316724777222,0.854901015758514,0.800398230552673,0.770467460155487,0.843782842159271,0.843062222003937,1.11039412021637,-13.5759089777772,14.0973560970485,1,9180,456,451,427,460,402,507,444,520,435,562,0.14,14.8,864
0.402813971042633,0.299785524606705,2.46121978759766,1.42707824707031,1.52272617816925,1.48615288734436,0.777777791023254,0.840075969696045,0.822214722633362,0.773839473724365,0.843695998191834,0.850541889667511,1.09759473800659,-19.9550870521288,22.1187174929908,1,9182,303,459,294,468,270,521,311,532,312,572,12.8,14.9,921
0.344556301832199,0.276685327291489,1.8980405330658,1.3918936252594,1.5027186870575,1.40255630016327,0.886792480945587,0.812949657440186,0.840636074542999,0.713731229305267,0.85337245464325,0.829703807830811,1.13496768474579,-2.34489218038888,11.0205230306598,1,9184,299,429,316,415,270,473,321,488,313,523,4.71,4.18,1010
0.334322601556778,0.292722970247269,2.3528413772583,1.44756770133972,1.53387534618378,0.994842648506165,0.780435919761658,0.843168675899506,0.828556656837463,0.725756883621216,0,0.832032203674316,1.27183401584625,-6.32050497891102,6.40394814476353,1,9186,323,360,318,400,281,446,328,460,321,497,15.4,14.8,1020
0,0,0,0,0,0,0,0,0,0,0,0,0,11.8262211537699,17.5494856597077,1,9188,0,0,0,0,0,0,0,0,0,0,3.73,12.4,942
0,0,0,0,0,0,0,0,0,0,0,0,0,7.2428929652794,7.97711623785554,1,9190,0,0,0,0,0,0,0,0,0,0,4.09,9.29,902
0.33754089474678,0.36264768242836,2.42875289916992,1.48307251930237,1.56618022918701,1.00767350196838,0,0.845761001110077,0,0.741998076438904,0.889587044715881,0.827930212020874,0,17.0426674581802,17.422637907357,1,9192,513,98.3,525,28.9,502,77.2,543,92.9,539,132,1.56,3.14,805
0,0,0,0,0,0,0,0,0,0,0,0,0,42.764815744658,43.3577855975702,1,9194,0,0,0,0,0,0,0,0,0,0,26.5,16.1,650
0.387434363365173,0.285025954246521,2.2810001373291,1.70794188976288,1.4527108669281,1.00124204158783,0.825918734073639,0.908429622650147,1.27848732471466,0.720691561698914,0.846694767475128,0.818804919719696,1.18757617473602,19.8439344994198,22.2857318994658,1,9196,459,205,451,242,427,303,473,307,474,341,51.1,37.1,532
0.331079930067062,0.290292114019394,2.28945732116699,1.7013373374939,0,1.03487634658813,0,0,0.759441435337067,0.554596722126007,0,1.39061117172241,0,-2.4889914603109,44.5071372794762,1,9198,474,199,385,238,355,289,403,297,0,0,41.5,79.7,381
0,0,0,0,0,0,0,0,0,0,0,0,0,43.2234765202007,44.3535236905484,1,9201,0,0,0,0,0,0,0,0,0,0,54.9,101,155
0,0,0,0,0,0,0,0,0,0,0,0,0,14.3422654737904,14.4704240647038,1,9203,0,0,0,0,0,0,0,0,0,0,35.4,111,94.6
0.377757161855698,0.279583364725113,2.04608488082886,1.82430398464203,0,1.12368285655975,0,0,0.663409888744354,0.740310072898865,0.827781617641449,0.835398375988007,0,191.218214447157,198.388924655404,1,9205,387,319,358,389,332,444,377,449,0,0,26.5,117,201
0.380438894033432,0.294016778469086,2.00467300415039,1.83968865871429,1.50914442539215,0.989121377468109,0.832109451293945,0.868030369281769,1.08631551265717,0.768022894859314,0.837296366691589,0.81942492723465,1.12169241905212,16.2229267179774,20.9518113016332,1,9207,466,346,484,336,458,401,502,401,501,442,23,72.2,342
0.358426481485367,0.331958442926407,2.11792492866516,1.82536470890045,1.44842934608459,1.04184746742249,0,0.84149181842804,0.566181361675262,0.725189685821533,1.0489913225174,0.831881165504456,0,22.7432404249085,23.8358475778047,1,9209,433,352,406,384,404,456,455,451,457,487,52.6,93,501
0,0,0,0,0,0,0,0,0,0,0,0,0,26.3781941766458,28.1039674919987,1,9211,0,0,0,0,0,0,0,0,0,0,12.8,62.8,633
0.435551047325134,0.272676348686218,0,1.78939878940582,0,1.05852591991425,0.849902510643005,0.852140069007874,0.846325993537903,0.766523897647858,0.834618091583252,0.834890007972717,0.838424980640411,-94.4490775492135,95.228119353476,1,9213,444,132,408,203,0,0,426,265,0,0,38.6,31.4,744
0.353775352239609,0.396176099777222,1.87304878234863,1.78259015083313,1.46108555793762,1.00911021232605,0.878787875175476,0.866913139820099,0.923387110233307,0.745973289012909,0.870028674602509,0.811916708946228,0.883720934391022,-7.61847574061958,8.96529757460813,1,9215,255,332,313,263,289,312,331,317,335,346,3.24,39.4,885
0.437341064214706,0.278810918331146,1.95699036121368,1.84941852092743,1.4274640083313,1.04816401004791,0.862521529197693,0.896279573440552,1.25058221817017,0.763672649860382,0.808333337306976,0.834827959537506,1.09871709346771,-3.93678186420468,13.6075110064998,1,9217,448,354,442,370,411,421,459,434,445,475,4.38,7.03,983
0.407523900270462,0.315071761608124,1.98616099357605,1.78342545032501,1.42297458648682,1.14392757415771,0,0.923728823661804,0.840029776096344,0.777427077293396,0,0.85903263092041,0,-5.73660535566917,33.1817727300494,1,9219,270,641,262,554,244,610,287,622,291,661,8.53,19.4,1010
0.52544367313385,0.342438995838165,2.06229710578918,1.45431208610535,1.43634498119354,1.53670859336853,0.900742113590241,0.911036789417267,0.782256424427033,0.733263969421387,0.858034014701843,0.844994068145752,0.944246709346771,-59.4821615898535,63.3073540565413,1,9222,451,660,395,686,359,739,407,740,405,774,53.3,50.7,1020
0.324810713529587,0.363274216651916,1.98151922225952,1.74271154403687,1.52679109573364,1.04292297363281,0,0,0,0.734748303890228,1.18704605102539,0.829889595508575,0.870370388031006,-1.41099746717391,17.9780261765999,0,9224,319,466,302,396,289,465,337,449,346,491,23,55.6,983
0,0,0,0,0,0,0,0,0,0,0,0,0,-84.5948090235932,94.9949554987909,0,9226,0,0,0,0,0,0,0,0,0,0,10.7,58.4,886
0.386108368635178,0.318361610174179,2.2482316493988,1.70878028869629,1.53226053714752,1.39114570617676,0.83026647567749,0.850738644599915,1.13149964809418,0.730336666107178,0.834948778152466,0.831608176231384,1.14080357551575,-142.021732461561,142.589842188427,0,9228,337,462,366,438,335,483,372,510,366,546,80.2,78.3,730
0.409875214099884,0.32015934586525,2.14401888847351,1.49862968921661,1.42316448688507,1.50893950462341,0.829181909561157,0.855403363704681,0.836331963539124,0.766433656215668,0.835108697414398,0.854188680648804,1.12932801246643,-7.29323725005497,7.72936222597218,0,9230,302,556,290,537,282,592,323,595,335,632,50.1,77.3,569
0.349863737821579,0.279358208179474,2.13741707801819,1.57010269165039,1.40723216533661,1.02356970310211,0.814645946025848,0.880873203277588,1.06107270717621,0.764754354953766,0.826030790805817,0.82599949836731,1.05936992168427,-32.0811000992058,33.1285382394345,0,9232,487,352,475,309,450,366,495,372,489,414,31.4,104,375
0.3416348695755,0.306934475898743,2.11130833625793,1.55937969684601,1.4842437505722,1.0399204492569,0.849838197231293,0.854196786880493,1.46200740337372,0.762055218219757,0.800236701965332,0.842873871326447,1.13690626621246,-16.0378563640852,20.7390076033197,0,9234,415,202,375,195,331,241,385,259,373,294,50.8,132,140
0,0,0,0,0,0,0,0,0,0,0,0,0,-50.6453691605273,50.9797627955505,0,9236,0,0,0,0,0,0,0,0,0,0,29.6,106,162
0,0,0,0,0,0,0,0,0,0,0,0,0,-50.6453691605273,50.9797627955505,0,9236,0,0,0,0,0,0,0,0,0,0,29.6,106,162
